# DISTANCE:     AVE_GOFR:        ERROR:
   0.0128248           0           0           0
   0.0384745           0           0           0
   0.0641241           0           0           0
   0.0897737           0           0           0
    0.115423           0           0           0
    0.141073           0           0           0
    0.166723           0           0           0
    0.192372           0           0           0
    0.218022           0           0           0
    0.243672           0           0           0
    0.269321           0           0           0
    0.294971           0           0           0
     0.32062           0           0           0
     0.34627           0           0           0
     0.37192           0           0           0
    0.397569           0           0           0
    0.423219           0           0           0
    0.448869           0           0           0
    0.474518           0           0           0
    0.500168           0           0           0
    0.525818           0           0           0
    0.551467           0           0           0
    0.577117           0           0           0
    0.602767           0           0           0
    0.628416           0           0           0
    0.654066           0           0           0
    0.679715           0           0           0
    0.705365           0           0           0
    0.731015           0           0           0
    0.756664           0           0           0
    0.782314           0           0           0
    0.807964           0           0           0
    0.833613           0           0           0
    0.859263           0           0           0
    0.884913 0.000519663 0.000519663           0
    0.910562   0.0244823   0.0244823           0
    0.936212    0.175333    0.175333           0
    0.961861    0.558736    0.558736           0
    0.987511     1.21956     1.21956           0
     1.01316     1.94205     1.94205           0
     1.03881     2.35875     2.35875           0
     1.06446     2.46954     2.46954           0
     1.09011     2.50846     2.50846           0
     1.11576     2.36469     2.36469           0
     1.14141     2.18388     2.18388           0
     1.16706     1.99011     1.99011           0
     1.19271     1.78933     1.78933           0
     1.21836     1.57984     1.57984           0
     1.24401     1.40977     1.40977           0
     1.26966     1.27357     1.27357           0
     1.29531     1.14195     1.14195           0
     1.32096     1.03176     1.03176           0
     1.34661    0.953646    0.953646           0
     1.37226    0.859918    0.859918           0
     1.39791    0.806736    0.806736           0
     1.42355    0.749896    0.749896           0
      1.4492    0.734084    0.734084           0
     1.47485    0.683495    0.683495           0
      1.5005    0.674245    0.674245           0
     1.52615    0.649912    0.649912           0
      1.5518    0.642393    0.642393           0
     1.57745    0.645252    0.645252           0
      1.6031    0.673877    0.673877           0
     1.62875    0.677798    0.677798           0
      1.6544    0.701496    0.701496           0
     1.68005    0.730762    0.730762           0
      1.7057    0.775967    0.775967           0
     1.73135    0.801285    0.801285           0
       1.757    0.836553    0.836553           0
     1.78265    0.881188    0.881188           0
      1.8083    0.907217    0.907217           0
     1.83395    0.950509    0.950509           0
      1.8596    0.975834    0.975834           0
     1.88525     1.02114     1.02114           0
      1.9109     1.09168     1.09168           0
     1.93655     1.12479     1.12479           0
      1.9622      1.1581      1.1581           0
     1.98785     1.17101     1.17101           0
      2.0135     1.20808     1.20808           0
     2.03915     1.19007     1.19007           0
      2.0648     1.20179     1.20179           0
     2.09045     1.17911     1.17911           0
      2.1161     1.18922     1.18922           0
     2.14174     1.18394     1.18394           0
     2.16739     1.13031     1.13031           0
     2.19304     1.11773     1.11773           0
     2.21869     1.11133     1.11133           0
     2.24434     1.07679     1.07679           0
     2.26999     1.08236     1.08236           0
     2.29564     1.02668     1.02668           0
     2.32129     1.00526     1.00526           0
     2.34694    0.972525    0.972525           0
     2.37259    0.969289    0.969289           0
     2.39824    0.971437    0.971437           0
     2.42389    0.928728    0.928728           0
     2.44954    0.929899    0.929899           0
     2.47519    0.921768    0.921768           0
     2.50084    0.907398    0.907398           0
     2.52649    0.887522    0.887522           0
     2.55214    0.891875    0.891875           0
   0.0128248           0           0           0
   0.0384745           0           0           0
   0.0641241           0           0           0
   0.0897737           0           0           0
    0.115423           0           0           0
    0.141073           0           0           0
    0.166723           0           0           0
    0.192372           0           0           0
    0.218022           0           0           0
    0.243672           0           0           0
    0.269321           0           0           0
    0.294971           0           0           0
     0.32062           0           0           0
     0.34627           0           0           0
     0.37192           0           0           0
    0.397569           0           0           0
    0.423219           0           0           0
    0.448869           0           0           0
    0.474518           0           0           0
    0.500168           0           0           0
    0.525818           0           0           0
    0.551467           0           0           0
    0.577117           0           0           0
    0.602767           0           0           0
    0.628416           0           0           0
    0.654066           0           0           0
    0.679715           0           0           0
    0.705365           0           0           0
    0.731015           0           0           0
    0.756664           0           0           0
    0.782314           0           0           0
    0.807964           0           0           0
    0.833613           0           0           0
    0.859263           0           0           0
    0.884913           0 0.000259831 0.000183729
    0.910562   0.0187659   0.0216241  0.00202105
    0.936212     0.16165    0.168492   0.0048375
    0.961861    0.589163    0.573949   0.0107576
    0.987511     1.26517     1.24236   0.0161249
     1.01316     1.88088     1.91146   0.0216261
     1.03881     2.35382     2.35628  0.00174107
     1.06446     2.58012     2.52483   0.0390942
     1.09011     2.47681     2.49264   0.0111886
     1.11576     2.30885     2.33677   0.0197422
     1.14141     2.12017     2.15202   0.0225223
     1.16706     1.91152     1.95082    0.027788
     1.19271     1.71144     1.75038   0.0275398
     1.21836     1.58507     1.58245   0.0018473
     1.24401     1.41198     1.41087 0.000782048
     1.26966      1.2583     1.26593  0.00539715
     1.29531     1.15295     1.14745  0.00388914
     1.32096     1.04616     1.03896  0.00509281
     1.34661     0.96397    0.958808  0.00364982
     1.37226    0.891749    0.875833   0.0112541
     1.39791    0.847443     0.82709    0.014392
     1.42355    0.801871    0.775884    0.018376
      1.4492    0.743921    0.739003  0.00347775
     1.47485    0.710468    0.696982  0.00953659
      1.5005    0.703282    0.688763   0.0102659
     1.52615    0.679625    0.664769   0.0105051
      1.5518    0.675377    0.658885   0.0116614
     1.57745    0.653025    0.649138   0.0027482
      1.6031    0.639319    0.656598    0.012218
     1.62875    0.663224    0.670511  0.00515243
      1.6544    0.694019    0.697758  0.00264383
     1.68005    0.747589    0.739176  0.00594904
      1.7057    0.770446    0.773206  0.00195194
     1.73135    0.798226    0.799756  0.00108138
       1.757    0.835018    0.835785 0.000542841
     1.78265    0.854838    0.868013  0.00931621
      1.8083    0.881529    0.894373  0.00908227
     1.83395    0.924161    0.937335  0.00931566
      1.8596    0.975564    0.975699 9.54505e-05
     1.88525     1.02336     1.02225 0.000785831
      1.9109     1.06505     1.07836  0.00941725
     1.93655     1.09104     1.10791    0.011934
      1.9622     1.13656     1.14733  0.00761676
     1.98785     1.15852     1.16476  0.00441433
      2.0135     1.18528     1.19668   0.0080603
     2.03915     1.17905     1.18456  0.00389581
      2.0648     1.20523     1.20351  0.00121691
     2.09045     1.21101     1.19506   0.0112778
      2.1161     1.20237     1.19579  0.00465152
     2.14174     1.16746      1.1757   0.0058268
     2.16739     1.15302     1.14167  0.00803189
     2.19304     1.13669     1.12721  0.00670301
     2.21869     1.11072     1.11102 0.000214916
     2.24434     1.06173     1.06926  0.00532473
     2.26999     1.05685      1.0696  0.00901896
     2.29564     1.05832      1.0425    0.011189
     2.32129     1.03213      1.0187  0.00949963
     2.34694     1.02061    0.996569    0.017002
     2.37259    0.999244    0.984267   0.0105908
     2.39824    0.971825    0.971631 0.000136852
     2.42389    0.954389    0.941559  0.00907259
     2.44954    0.926252    0.928075  0.00128923
     2.47519    0.904189    0.912979  0.00621518
     2.50084    0.895547    0.901472  0.00418971
     2.52649    0.901177    0.894349  0.00482771
     2.55214    0.875873    0.883874  0.00565764
   0.0128248           0           0           0
   0.0384745           0           0           0
   0.0641241           0           0           0
   0.0897737           0           0           0
    0.115423           0           0           0
    0.141073           0           0           0
    0.166723           0           0           0
    0.192372           0           0           0
    0.218022           0           0           0
    0.243672           0           0           0
    0.269321           0           0           0
    0.294971           0           0           0
     0.32062           0           0           0
     0.34627           0           0           0
     0.37192           0           0           0
    0.397569           0           0           0
    0.423219           0           0           0
    0.448869           0           0           0
    0.474518           0           0           0
    0.500168           0           0           0
    0.525818           0           0           0
    0.551467           0           0           0
    0.577117           0           0           0
    0.602767           0           0           0
    0.628416           0           0           0
    0.654066           0           0           0
    0.679715           0           0           0
    0.705365           0           0           0
    0.731015           0           0           0
    0.756664           0           0           0
    0.782314           0           0           0
    0.807964           0           0           0
    0.833613           0           0           0
    0.859263           0           0           0
    0.884913 0.000733642 0.000417768 0.000177854
    0.910562   0.0269363   0.0233948  0.00197629
    0.936212    0.195679    0.177554  0.00807176
    0.961861    0.585721    0.577873  0.00785491
    0.987511     1.21026     1.23166   0.0138536
     1.01316     1.87188     1.89827   0.0179982
     1.03881     2.32206     2.34488  0.00938758
     1.06446     2.52056     2.52341   0.0260887
     1.09011     2.54564     2.51031   0.0162413
     1.11576     2.44134     2.37163   0.0313548
     1.14141      2.1788     2.16095   0.0166904
     1.16706     1.97328      1.9583   0.0195079
     1.19271     1.76458     1.75512   0.0187619
     1.21836     1.54549     1.57013   0.0101348
     1.24401     1.39385      1.4052  0.00466228
     1.26966     1.25912     1.26366  0.00404816
     1.29531     1.13764     1.14418  0.00372147
     1.32096     1.00345     1.02712   0.0102421
     1.34661    0.915178    0.944265   0.0121212
     1.37226    0.866401    0.872689  0.00792978
     1.39791    0.831665    0.828615  0.00967515
     1.42355    0.792847    0.781538   0.0130917
      1.4492    0.746691    0.741565  0.00312309
     1.47485     0.70862    0.700861  0.00710305
      1.5005    0.674671    0.684066  0.00784544
     1.52615      0.6587    0.662746  0.00719555
      1.5518    0.658438    0.658736  0.00777525
     1.57745    0.647445    0.648574  0.00188919
      1.6031    0.668521    0.660572  0.00876794
     1.62875    0.682328     0.67445  0.00470552
      1.6544    0.694683    0.696733  0.00195107
     1.68005      0.7406    0.739651  0.00398494
      1.7057    0.768191    0.771534  0.00188581
     1.73135     0.79135    0.796954  0.00239851
       1.757     0.83021    0.833927  0.00156001
     1.78265    0.868133    0.868053  0.00621089
      1.8083    0.918074    0.902273   0.0088471
     1.83395    0.930111    0.934927  0.00651425
      1.8596    0.966862    0.972753  0.00240583
     1.88525     1.01277     1.01909  0.00263368
      1.9109     1.04757      1.0681   0.0104721
     1.93655     1.09529      1.1037  0.00866643
      1.9622     1.12296     1.13921  0.00835176
     1.98785     1.12917      1.1529   0.0101246
      2.0135     1.18874     1.19403  0.00579226
     2.03915     1.19812     1.18908  0.00451238
      2.0648     1.21647     1.20783  0.00361991
     2.09045     1.20311     1.19775  0.00783121
      2.1161     1.22337     1.20499  0.00812097
     2.14174     1.20848     1.18663  0.00973027
     2.16739     1.20464     1.16266   0.0179567
     2.19304     1.17553     1.14332   0.0138891
     2.21869     1.13538     1.11914  0.00663183
     2.24434     1.08902     1.07584  0.00644356
     2.26999     1.06077     1.06666  0.00647551
     2.29564     1.03676     1.04059  0.00762114
     2.32129     1.00114     1.01285  0.00793359
     2.34694    0.972842     0.98866   0.0130452
     2.37259    0.963114    0.977216  0.00911007
     2.39824    0.946257    0.963173  0.00690662
     2.42389    0.930301    0.937806   0.0067802
     2.44954    0.919897    0.925349  0.00238613
     2.47519    0.925242    0.917067  0.00532052
     2.50084     0.89038    0.897775  0.00411289
     2.52649    0.877591    0.888763  0.00558223
     2.55214    0.875031    0.880926  0.00447418
   0.0128248           0           0           0
   0.0384745           0           0           0
   0.0641241           0           0           0
   0.0897737           0           0           0
    0.115423           0           0           0
    0.141073           0           0           0
    0.166723           0           0           0
    0.192372           0           0           0
    0.218022           0           0           0
    0.243672           0           0           0
    0.269321           0           0           0
    0.294971           0           0           0
     0.32062           0           0           0
     0.34627           0           0           0
     0.37192           0           0           0
    0.397569           0           0           0
    0.423219           0           0           0
    0.448869           0           0           0
    0.474518           0           0           0
    0.500168           0           0           0
    0.525818           0           0           0
    0.551467           0           0           0
    0.577117           0           0           0
    0.602767           0           0           0
    0.628416           0           0           0
    0.654066           0           0           0
    0.679715           0           0           0
    0.705365           0           0           0
    0.731015           0           0           0
    0.756664           0           0           0
    0.782314           0           0           0
    0.807964           0           0           0
    0.833613           0           0           0
    0.859263           0           0           0
    0.884913 0.000550231 0.000450884 0.000136439
    0.910562   0.0227212   0.0232264  0.00148937
    0.936212    0.164081    0.174186  0.00671995
    0.961861    0.567403    0.575256  0.00631226
    0.987511     1.27054     1.24138   0.0133725
     1.01316     1.91448     1.90232   0.0139477
     1.03881     2.31385     2.33712  0.00973104
     1.06446      2.5528     2.53076   0.0205754
     1.09011     2.53757     2.51712   0.0135356
     1.11576     2.41922     2.38353   0.0256749
     1.14141     2.13752     2.15509   0.0135068
     1.16706     1.97699     1.96297   0.0151798
     1.19271     1.74548     1.75271   0.0142252
     1.21836     1.52543     1.55896   0.0123064
     1.24401     1.37225     1.39696  0.00794327
     1.26966     1.21782      1.2522   0.0103788
     1.29531     1.10725     1.13495  0.00846848
     1.32096     1.04084     1.03055  0.00823545
     1.34661    0.925964     0.93969  0.00991687
     1.37226    0.900749    0.879704  0.00850169
     1.39791    0.825087    0.827733  0.00729645
     1.42355    0.763185     0.77695   0.0105923
      1.4492    0.737116    0.740453  0.00253264
     1.47485    0.695623    0.699551  0.00544668
      1.5005    0.665942    0.679535  0.00707249
     1.52615    0.668176    0.664103  0.00552324
      1.5518    0.670844    0.661763  0.00639355
     1.57745    0.682222    0.656986  0.00742153
      1.6031    0.697695    0.669853   0.0103846
     1.62875     0.71965     0.68575   0.0104029
      1.6544     0.71026    0.700115  0.00327395
     1.68005    0.752584    0.742884  0.00409555
      1.7057    0.762349    0.769238   0.0024403
     1.73135    0.800039    0.797725   0.0019189
       1.757    0.804907    0.826672  0.00639099
     1.78265    0.851741    0.863975  0.00584551
      1.8083    0.911822     0.90466  0.00694992
     1.83395     0.95236    0.939285  0.00617378
      1.8596    0.963138     0.97035   0.0027549
     1.88525     1.00402     1.01532  0.00381435
      1.9109     1.06962     1.06848    0.007861
     1.93655     1.09042     1.10038  0.00710748
      1.9622     1.11182     1.13236  0.00862563
     1.98785     1.13426     1.14824  0.00859931
      2.0135     1.18379     1.19147  0.00487709
     2.03915     1.21581     1.19576  0.00670413
      2.0648      1.2054     1.20722  0.00276572
     2.09045     1.22899     1.20556  0.00895865
      2.1161     1.21153     1.20662  0.00625358
     2.14174     1.19942     1.18983  0.00780522
     2.16739     1.17162      1.1649   0.0136067
     2.19304     1.15002       1.145   0.0105174
     2.21869     1.12252     1.11999   0.0050272
     2.24434     1.08915     1.07917  0.00562611
     2.26999     1.07271     1.06817  0.00503019
     2.29564     1.03766     1.03985  0.00575098
     2.32129     1.01259     1.01278  0.00595044
     2.34694    0.988292    0.988568  0.00978424
     2.37259    0.949655    0.970325  0.00907142
     2.39824    0.935789    0.956327  0.00787291
     2.42389    0.922078    0.933874  0.00611993
     2.44954    0.923376    0.924856   0.0018399
     2.47519    0.888228    0.909857  0.00741001
     2.50084    0.881194     0.89363  0.00473317
     2.52649    0.884439    0.887682  0.00429007
     2.55214    0.891787    0.883642  0.00409746
   0.0128248           0           0           0
   0.0384745           0           0           0
   0.0641241           0           0           0
   0.0897737           0           0           0
    0.115423           0           0           0
    0.141073           0           0           0
    0.166723           0           0           0
    0.192372           0           0           0
    0.218022           0           0           0
    0.243672           0           0           0
    0.269321           0           0           0
    0.294971           0           0           0
     0.32062           0           0           0
     0.34627           0           0           0
     0.37192           0           0           0
    0.397569           0           0           0
    0.423219           0           0           0
    0.448869           0           0           0
    0.474518           0           0           0
    0.500168           0           0           0
    0.525818           0           0           0
    0.551467           0           0           0
    0.577117           0           0           0
    0.602767           0           0           0
    0.628416           0           0           0
    0.654066           0           0           0
    0.679715           0           0           0
    0.705365           0           0           0
    0.731015           0           0           0
    0.756664           0           0           0
    0.782314           0           0           0
    0.807964           0           0           0
    0.833613           0           0           0
    0.859263           0           0           0
    0.884913   0.0012533 0.000611368 0.000180328
    0.910562   0.0351644    0.025614  0.00244544
    0.936212    0.170799    0.173509  0.00540999
    0.961861    0.605049    0.581214  0.00734199
    0.987511      1.2295     1.23901    0.010907
     1.01316     1.85994     1.89384   0.0134903
     1.03881     2.28439     2.32657   0.0122299
     1.06446     2.50598      2.5258   0.0170463
     1.09011      2.5597     2.52564   0.0132395
     1.11576     2.42522     2.39187   0.0218523
     1.14141     2.23477     2.17103   0.0178862
     1.16706     1.92995     1.95637   0.0135041
     1.19271     1.77227     1.75662   0.0119061
     1.21836     1.54967      1.5571  0.00998437
     1.24401     1.40069     1.39771  0.00638944
     1.26966     1.19941     1.24164   0.0125751
     1.29531     1.11515     1.13099  0.00764418
     1.32096     1.01952     1.02835  0.00687764
     1.34661    0.947666    0.941285   0.0080608
     1.37226     0.85257    0.874277  0.00835577
     1.39791     0.77284    0.816754   0.0114234
     1.42355     0.78068    0.777696  0.00850008
      1.4492    0.720429    0.736448  0.00411527
     1.47485    0.733898    0.706421  0.00753242
      1.5005    0.712298    0.686087  0.00814627
     1.52615    0.698526    0.670988  0.00757901
      1.5518    0.665675    0.662545  0.00516249
     1.57745    0.668052    0.659199  0.00625851
      1.6031    0.660836     0.66805  0.00846283
     1.62875    0.676525    0.683905  0.00848437
      1.6544    0.709893     0.70207  0.00314954
     1.68005    0.739345    0.742176  0.00333703
      1.7057    0.773268    0.770044  0.00208107
     1.73135    0.834027    0.804986  0.00667289
       1.757    0.837158    0.828769  0.00544603
     1.78265    0.860171    0.863214  0.00472567
      1.8083    0.912298    0.906188  0.00572534
     1.83395    0.952317    0.941891  0.00546155
      1.8596     1.00175     0.97663  0.00603421
     1.88525     1.01001     1.01426  0.00319586
      1.9109     1.06174     1.06713  0.00640326
     1.93655     1.09521     1.09935  0.00576081
      1.9622      1.1266     1.13121   0.0069771
     1.98785     1.17406      1.1534  0.00828624
      2.0135     1.17086     1.18735  0.00536806
     2.03915     1.16068     1.18875  0.00825526
      2.0648     1.18489     1.20276  0.00456688
     2.09045     1.18453     1.20135  0.00809392
      2.1161     1.18602      1.2025  0.00621406
     2.14174     1.18441     1.18874  0.00631882
     2.16739     1.17154     1.16623     0.01095
     2.19304     1.13607     1.14321  0.00856422
     2.21869     1.13682     1.12335  0.00502454
     2.24434     1.09501     1.08234  0.00531844
     2.26999     1.03446     1.06143  0.00724969
     2.29564     1.03258      1.0384   0.0047814
     2.32129    0.997503     1.00973  0.00548932
     2.34694    0.982933    0.987441  0.00789203
     2.37259    0.952576    0.966776  0.00792131
     2.39824    0.964158    0.957893  0.00645223
     2.42389    0.921064    0.931312  0.00540569
     2.44954    0.916721    0.923229  0.00206982
     2.47519    0.927837    0.913453  0.00674433
     2.50084    0.907413    0.896386  0.00451853
     2.52649    0.896252    0.889396  0.00375891
     2.55214    0.894007    0.885715  0.00376605
   0.0128248           0           0           0
   0.0384745           0           0           0
   0.0641241           0           0           0
   0.0897737           0           0           0
    0.115423           0           0           0
    0.141073           0           0           0
    0.166723           0           0           0
    0.192372           0           0           0
    0.218022           0           0           0
    0.243672           0           0           0
    0.269321           0           0           0
    0.294971           0           0           0
     0.32062           0           0           0
     0.34627           0           0           0
     0.37192           0           0           0
    0.397569           0           0           0
    0.423219           0           0           0
    0.448869           0           0           0
    0.474518           0           0           0
    0.500168           0           0           0
    0.525818           0           0           0
    0.551467           0           0           0
    0.577117           0           0           0
    0.602767           0           0           0
    0.628416           0           0           0
    0.654066           0           0           0
    0.679715           0           0           0
    0.705365           0           0           0
    0.731015           0           0           0
    0.756664           0           0           0
    0.782314           0           0           0
    0.807964           0           0           0
    0.833613           0           0           0
    0.859263           0           0           0
    0.884913  0.00201751 0.000845726 0.000261441
    0.910562   0.0267053   0.0257959  0.00204462
    0.936212    0.161405    0.171491  0.00486994
    0.961861      0.5599    0.577662  0.00692461
    0.987511      1.1997     1.23246     0.01088
     1.01316     1.87554     1.89079   0.0115818
     1.03881     2.34313     2.32933   0.0104983
     1.06446     2.65858     2.54793   0.0246961
     1.09011     2.56595     2.53236   0.0126231
     1.11576     2.45522     2.40243    0.020604
     1.14141     2.19505     2.17503   0.0153466
     1.16706     1.94625     1.95468   0.0113584
     1.19271     1.72473      1.7513   0.0110444
     1.21836     1.54499     1.55508  0.00852179
     1.24401     1.32429     1.38547   0.0123744
     1.26966     1.18044     1.23144   0.0140182
     1.29531     1.08117     1.12268  0.00990104
     1.32096      1.0054     1.02452   0.0067107
     1.34661    0.928049    0.939079  0.00701267
     1.37226    0.861329    0.872119  0.00723647
     1.39791    0.805768    0.814923   0.0096651
     1.42355     0.80206    0.781756  0.00799475
      1.4492    0.756972    0.739869  0.00463799
     1.47485    0.721892    0.708999  0.00670384
      1.5005    0.664092    0.682421  0.00756861
     1.52615    0.713161    0.678017  0.00900342
      1.5518    0.707416    0.670024  0.00806932
     1.57745    0.694824    0.665137  0.00752193
      1.6031    0.691053    0.671884  0.00787307
     1.62875    0.694771    0.685716  0.00726103
      1.6544    0.700263    0.701769  0.00263897
     1.68005    0.724749    0.739272  0.00384229
      1.7057    0.744799    0.765837  0.00421426
     1.73135    0.806843    0.805295  0.00556792
       1.757    0.833094     0.82949  0.00458582
     1.78265    0.866762    0.863805  0.00397488
      1.8083    0.898937    0.904979  0.00489698
     1.83395    0.944943      0.9424  0.00457492
      1.8596    0.989845    0.978832  0.00541557
     1.88525     1.02905     1.01672  0.00348626
      1.9109     1.05915      1.0658  0.00547242
     1.93655     1.07228     1.09484  0.00632566
      1.9622     1.13091     1.13116  0.00581443
     1.98785      1.1514     1.15307   0.0069119
      2.0135     1.19157     1.18805  0.00451922
     2.03915     1.18584     1.18826  0.00689364
      2.0648     1.19265     1.20107  0.00410465
     2.09045     1.21134     1.20302  0.00691384
      2.1161       1.205     1.20292  0.00519227
     2.14174     1.19443     1.18969  0.00533636
     2.16739     1.16878     1.16665  0.00913321
     2.19304      1.1271     1.14052  0.00754591
     2.21869     1.09993     1.11945  0.00549865
     2.24434     1.05821     1.07832  0.00575484
     2.26999     1.04607     1.05887  0.00647732
     2.29564      1.0356     1.03793  0.00400722
     2.32129     1.01232     1.01016   0.0045914
     2.34694     1.00628    0.990581  0.00717416
     2.37259    0.960006    0.965647  0.00668097
     2.39824    0.937545    0.954502  0.00620441
     2.42389    0.925774    0.930389  0.00458287
     2.44954    0.919637     0.92263  0.00180933
     2.47519    0.905272    0.912089  0.00575646
     2.50084    0.918666      0.9001  0.00506646
     2.52649    0.913901     0.89348  0.00486956
     2.55214    0.901482    0.888343  0.00395025
   0.0128248           0           0           0
   0.0384745           0           0           0
   0.0641241           0           0           0
   0.0897737           0           0           0
    0.115423           0           0           0
    0.141073           0           0           0
    0.166723           0           0           0
    0.192372           0           0           0
    0.218022           0           0           0
    0.243672           0           0           0
    0.269321           0           0           0
    0.294971           0           0           0
     0.32062           0           0           0
     0.34627           0           0           0
     0.37192           0           0           0
    0.397569           0           0           0
    0.423219           0           0           0
    0.448869           0           0           0
    0.474518           0           0           0
    0.500168           0           0           0
    0.525818           0           0           0
    0.551467           0           0           0
    0.577117           0           0           0
    0.602767           0           0           0
    0.628416           0           0           0
    0.654066           0           0           0
    0.679715           0           0           0
    0.705365           0           0           0
    0.731015           0           0           0
    0.756664           0           0           0
    0.782314           0           0           0
    0.807964           0           0           0
    0.833613           0           0           0
    0.859263           0           0           0
    0.884913 0.000641936 0.000816613 0.000225708
    0.910562   0.0243379   0.0255876  0.00176311
    0.936212    0.188305    0.173893  0.00472966
    0.961861     0.57206    0.576862  0.00598144
    0.987511     1.23939     1.23345  0.00937072
     1.01316     1.90222     1.89242   0.0100415
     1.03881     2.30107      2.3253  0.00974392
     1.06446     2.58874     2.55376   0.0218453
     1.09011     2.57975     2.53913   0.0125043
     1.11576     2.41265     2.40389   0.0177122
     1.14141     2.22209     2.18175   0.0145526
     1.16706     2.00326     1.96162   0.0116647
     1.19271     1.70699     1.74497   0.0111338
     1.21836     1.51506     1.54936  0.00902059
     1.24401     1.34605     1.37984   0.0118187
     1.26966     1.23216     1.23155    0.012016
     1.29531     1.09231     1.11834  0.00938934
     1.32096     0.97149     1.01695  0.00907095
     1.34661    0.914426    0.935557  0.00683828
     1.37226    0.870113    0.871833  0.00620836
     1.39791    0.786683    0.810889  0.00908744
     1.42355    0.789539    0.782868  0.00692952
      1.4492    0.760209    0.742775   0.0048001
     1.47485     0.72713    0.711589  0.00622644
      1.5005    0.680912    0.682206  0.00649045
     1.52615    0.693726    0.680261  0.00799202
      1.5518    0.674701    0.670692  0.00694417
     1.57745    0.669081      0.6657  0.00646844
      1.6031    0.691491    0.674685  0.00722948
     1.62875    0.695078    0.687053  0.00634572
      1.6544    0.707278    0.702556  0.00237641
     1.68005    0.724003     0.73709  0.00386324
      1.7057    0.722131    0.759593   0.0068163
     1.73135    0.778301    0.801439  0.00596013
       1.757    0.813569    0.827215  0.00445921
     1.78265    0.857858    0.862956  0.00349666
      1.8083    0.920936    0.907259  0.00469811
     1.83395    0.935691    0.941442  0.00402051
      1.8596    0.986294    0.979898  0.00474565
     1.88525     1.05185     1.02174  0.00552332
      1.9109     1.07833     1.06759   0.0049746
     1.93655     1.12439     1.09906  0.00668435
      1.9622     1.14411     1.13301  0.00527002
     1.98785     1.17116     1.15565  0.00638928
      2.0135     1.20057     1.18984  0.00421275
     2.03915     1.22514     1.19353  0.00766169
      2.0648     1.20233     1.20125  0.00352221
     2.09045     1.20564     1.20339  0.00593633
      2.1161     1.20415     1.20309  0.00445348
     2.14174     1.18804     1.18946   0.0045792
     2.16739     1.17279     1.16753   0.0078704
     2.19304     1.11389     1.13672  0.00736524
     2.21869     1.09732     1.11629  0.00554789
     2.24434     1.08021     1.07859  0.00493907
     2.26999     1.04473     1.05685  0.00585841
     2.29564      1.0261     1.03624  0.00377422
     2.32129    0.981438     1.00606  0.00546969
     2.34694    0.978392     0.98884  0.00635709
     2.37259    0.967231    0.965873  0.00573037
     2.39824    0.929617    0.950947  0.00625417
     2.42389    0.923566    0.929414  0.00403051
     2.44954    0.915879    0.921666  0.00178953
     2.47519    0.906151    0.911241  0.00499623
     2.50084    0.898701      0.8999  0.00434662
     2.52649    0.904271    0.895022  0.00441114
     2.55214    0.922567    0.893232  0.00565283
   0.0128248           0           0           0
   0.0384745           0           0           0
   0.0641241           0           0           0
   0.0897737           0           0           0
    0.115423           0           0           0
    0.141073           0           0           0
    0.166723           0           0           0
    0.192372           0           0           0
    0.218022           0           0           0
    0.243672           0           0           0
    0.269321           0           0           0
    0.294971           0           0           0
     0.32062           0           0           0
     0.34627           0           0           0
     0.37192           0           0           0
    0.397569           0           0           0
    0.423219           0           0           0
    0.448869           0           0           0
    0.474518           0           0           0
    0.500168           0           0           0
    0.525818           0           0           0
    0.551467           0           0           0
    0.577117           0           0           0
    0.602767           0           0           0
    0.628416           0           0           0
    0.654066           0           0           0
    0.679715           0           0           0
    0.705365           0           0           0
    0.731015           0           0           0
    0.756664           0           0           0
    0.782314           0           0           0
    0.807964           0           0           0
    0.833613           0           0           0
    0.859263           0           0           0
    0.884913 0.000825347 0.000817705 0.000197497
    0.910562   0.0272827   0.0257995   0.0015554
    0.936212    0.176316    0.174196  0.00414814
    0.961861    0.605152    0.580398  0.00619151
    0.987511     1.24578     1.23499  0.00832516
     1.01316     1.87488     1.89023  0.00902253
     1.03881     2.31904     2.32451  0.00855725
     1.06446     2.50062     2.54712   0.0200992
     1.09011     2.56156     2.54193   0.0112512
     1.11576     2.39442      2.4027   0.0155377
     1.14141     2.17634     2.18108   0.0127492
     1.16706     1.96695     1.96229   0.0102256
     1.19271     1.80468     1.75244   0.0119851
     1.21836     1.61358     1.55739   0.0108937
     1.24401     1.39764     1.38206   0.0105487
     1.26966     1.20438     1.22815   0.0109833
     1.29531     1.09595     1.11555  0.00862291
     1.32096    0.990724     1.01367  0.00850871
     1.34661    0.938637    0.935942  0.00599432
     1.37226    0.851934    0.869345   0.0059096
     1.39791    0.803086    0.809913  0.00800369
     1.42355    0.771359     0.78143  0.00621086
      1.4492    0.717386    0.739601  0.00514328
     1.47485    0.665623    0.705844  0.00765311
      1.5005    0.652152    0.678449  0.00667845
     1.52615     0.64317    0.675625  0.00822868
      1.5518    0.671182    0.670753  0.00607641
     1.57745    0.675401    0.666913  0.00577243
      1.6031    0.671623    0.674302  0.00633592
     1.62875    0.688184    0.687195  0.00555408
      1.6544    0.708852    0.703343  0.00220583
     1.68005    0.750744    0.738797  0.00373835
      1.7057    0.790431    0.763448  0.00696953
     1.73135    0.800319    0.801299  0.00521676
       1.757    0.846766    0.829659  0.00452213
     1.78265    0.870416    0.863888  0.00318148
      1.8083    0.902766    0.906697  0.00414428
     1.83395    0.938716    0.941101  0.00353236
      1.8596    0.993362    0.981581  0.00444082
     1.88525     1.01756     1.02122  0.00485762
      1.9109     1.08153     1.06934  0.00464804
     1.93655     1.11268     1.10076   0.0060616
      1.9622     1.16776     1.13735  0.00614582
     1.98785     1.18608     1.15946  0.00662692
      2.0135     1.20611     1.19188  0.00414784
     2.03915     1.20626     1.19512  0.00686725
      2.0648     1.21301     1.20272  0.00337493
     2.09045     1.21753     1.20516  0.00545086
      2.1161      1.1871     1.20109   0.0043221
     2.14174     1.18238     1.18857   0.0040914
     2.16739     1.15716     1.16623  0.00699245
     2.19304     1.12869     1.13572  0.00651254
     2.21869     1.10132     1.11442  0.00516014
     2.24434      1.0713     1.07768  0.00440491
     2.26999     1.05956     1.05719  0.00513586
     2.29564     1.03015     1.03548  0.00337836
     2.32129    0.976942     1.00242  0.00587317
     2.34694    0.956922     0.98485  0.00669841
     2.37259    0.935515    0.962079  0.00614342
     2.39824    0.913035    0.946208  0.00704259
     2.42389    0.904428    0.926291  0.00457966
     2.44954    0.896107    0.918471  0.00337391
     2.47519    0.918373    0.912132  0.00445053
     2.50084    0.910299      0.9012  0.00399293
     2.52649    0.896976    0.895266  0.00386651
     2.55214    0.893591    0.893277  0.00494641
   0.0128248           0           0           0
   0.0384745           0           0           0
   0.0641241           0           0           0
   0.0897737           0           0           0
    0.115423           0           0           0
    0.141073           0           0           0
    0.166723           0           0           0
    0.192372           0           0           0
    0.218022           0           0           0
    0.243672           0           0           0
    0.269321           0           0           0
    0.294971           0           0           0
     0.32062           0           0           0
     0.34627           0           0           0
     0.37192           0           0           0
    0.397569           0           0           0
    0.423219           0           0           0
    0.448869           0           0           0
    0.474518           0           0           0
    0.500168           0           0           0
    0.525818           0           0           0
    0.551467           0           0           0
    0.577117           0           0           0
    0.602767           0           0           0
    0.628416           0           0           0
    0.654066           0           0           0
    0.679715           0           0           0
    0.705365           0           0           0
    0.731015           0           0           0
    0.756664           0           0           0
    0.782314           0           0           0
    0.807964           0           0           0
    0.833613           0           0           0
    0.859263           0           0           0
    0.884913  0.00256775  0.00101215 0.000253827
    0.910562   0.0317577   0.0264615  0.00151694
    0.936212    0.189616    0.175909  0.00402555
    0.961861    0.587326    0.581168   0.0055512
    0.987511     1.21296     1.23254  0.00775167
     1.01316     1.82943     1.88348   0.0102413
     1.03881     2.34562     2.32686  0.00792112
     1.06446     2.56484     2.54909   0.0179622
     1.09011     2.54832     2.54264   0.0100235
     1.11576      2.3973      2.4021   0.0138228
     1.14141     2.23558     2.18713   0.0126896
     1.16706     2.00112      1.9666  0.00995799
     1.19271     1.75918     1.75319   0.0106768
     1.21836     1.53098     1.55446   0.0100709
     1.24401     1.37645     1.38144  0.00939507
     1.26966     1.23919     1.22938  0.00983115
     1.29531     1.09409     1.11316  0.00798743
     1.32096      1.0007     1.01223  0.00768439
     1.34661     0.95193    0.937719  0.00558532
     1.37226     0.84704    0.866867  0.00574922
     1.39791     0.79369    0.808111  0.00731457
     1.42355    0.761248    0.779187  0.00591173
      1.4492    0.740217    0.739669  0.00457226
     1.47485    0.725182    0.707992  0.00709801
      1.5005    0.690608      0.6798  0.00607151
     1.52615    0.661855    0.674095  0.00745526
      1.5518     0.66149    0.669724  0.00548774
     1.57745    0.682386    0.668632  0.00538098
      1.6031    0.684449    0.675429  0.00573136
     1.62875    0.700573    0.688681  0.00513203
      1.6544    0.716811    0.704839  0.00241557
     1.68005    0.765933    0.741812    0.004373
      1.7057    0.772832     0.76449  0.00627264
     1.73135    0.786591    0.799665  0.00488639
       1.757    0.826844    0.829346  0.00403047
     1.78265     0.85257    0.862631  0.00306648
      1.8083    0.885855    0.904382  0.00428222
     1.83395    0.935185    0.940444  0.00320044
      1.8596    0.973743     0.98071  0.00403189
     1.88525     1.01155     1.02014  0.00443497
      1.9109     1.06511     1.06887  0.00415521
     1.93655     1.09983     1.10066  0.00538898
      1.9622     1.10447      1.1337  0.00645834
     1.98785     1.14869     1.15826  0.00599753
      2.0135     1.15531     1.18781  0.00531666
     2.03915     1.18926     1.19447  0.00613503
      2.0648     1.20663     1.20316  0.00302775
     2.09045     1.21835     1.20662   0.0050385
      2.1161      1.2248     1.20373  0.00457477
     2.14174     1.19459     1.18924  0.00369103
     2.16739     1.19073     1.16895  0.00672463
     2.19304     1.15974     1.13839  0.00631224
     2.21869     1.11811     1.11483  0.00460307
     2.24434       1.087     1.07871  0.00403549
     2.26999     1.05778     1.05725  0.00456563
     2.29564     1.04723     1.03679  0.00324547
     2.32129     1.02925      1.0054  0.00592902
     2.34694    0.989383    0.985354  0.00597305
     2.37259    0.961132    0.961974  0.00546172
     2.39824    0.936459    0.945125  0.00634284
     2.42389    0.921068    0.925711  0.00410741
     2.44954    0.907345    0.917235  0.00321754
     2.47519    0.902169    0.911025  0.00409139
     2.50084    0.900171    0.901085  0.00355091
     2.52649    0.888827    0.894551  0.00350247
     2.55214    0.884712    0.892325  0.00448742
   0.0128248           0           0           0
   0.0384745           0           0           0
   0.0641241           0           0           0
   0.0897737           0           0           0
    0.115423           0           0           0
    0.141073           0           0           0
    0.166723           0           0           0
    0.192372           0           0           0
    0.218022           0           0           0
    0.243672           0           0           0
    0.269321           0           0           0
    0.294971           0           0           0
     0.32062           0           0           0
     0.34627           0           0           0
     0.37192           0           0           0
    0.397569           0           0           0
    0.423219           0           0           0
    0.448869           0           0           0
    0.474518           0           0           0
    0.500168           0           0           0
    0.525818           0           0           0
    0.551467           0           0           0
    0.577117           0           0           0
    0.602767           0           0           0
    0.628416           0           0           0
    0.654066           0           0           0
    0.679715           0           0           0
    0.705365           0           0           0
    0.731015           0           0           0
    0.756664           0           0           0
    0.782314           0           0           0
    0.807964           0           0           0
    0.833613           0           0           0
    0.859263           0           0           0
    0.884913 0.000427958 0.000953734 0.000235071
    0.910562   0.0258969   0.0264051  0.00136629
    0.936212     0.18257    0.176576  0.00367769
    0.961861    0.561323    0.579183  0.00533903
    0.987511     1.24718       1.234  0.00711332
     1.01316     1.89121     1.88425  0.00924631
     1.03881     2.37365     2.33154  0.00839826
     1.06446     2.53922      2.5481   0.0161931
     1.09011     2.52179     2.54056  0.00923538
     1.11576     2.36273     2.39817   0.0129892
     1.14141     2.18779      2.1872   0.0114208
     1.16706     1.98985     1.96893  0.00922958
     1.19271     1.80456     1.75832   0.0107744
     1.21836     1.55096     1.55411  0.00906986
     1.24401     1.36107      1.3794  0.00867354
     1.26966     1.21152     1.22759  0.00900867
     1.29531     1.10889     1.11273   0.0072001
     1.32096      1.0079     1.01179  0.00692813
     1.34661    0.905106    0.934457  0.00590261
     1.37226    0.844676    0.864648  0.00558618
     1.39791    0.853311    0.812631   0.0078565
     1.42355    0.778081    0.779077  0.00532159
      1.4492    0.747033    0.740406   0.0041739
     1.47485    0.685344    0.705727  0.00673987
      1.5005    0.668759    0.678696  0.00556384
     1.52615     0.68313    0.674998  0.00676426
      1.5518    0.684006    0.671152  0.00512143
     1.57745    0.685002    0.670269   0.0050858
      1.6031     0.67302    0.675188  0.00516329
     1.62875    0.670109    0.686824  0.00494346
      1.6544    0.684984    0.702854  0.00287655
     1.68005     0.70872    0.738503  0.00503443
      1.7057    0.773918    0.765433  0.00571578
     1.73135    0.805254    0.800224   0.0044296
       1.757    0.828861    0.829298  0.00362772
     1.78265    0.870431    0.863411  0.00285731
      1.8083     0.89658    0.903601  0.00392442
     1.83395    0.937627    0.940162  0.00289277
      1.8596    0.968157    0.979455  0.00381913
     1.88525     1.03869       1.022  0.00436208
      1.9109     1.08082     1.07006  0.00390786
     1.93655     1.09648     1.10024  0.00486624
      1.9622     1.15208     1.13554  0.00606851
     1.98785     1.17915     1.16035  0.00574998
      2.0135     1.18908     1.18794   0.0047865
     2.03915      1.1971     1.19473  0.00552714
      2.0648     1.20734     1.20358  0.00275378
     2.09045     1.23886     1.20985  0.00546961
      2.1161     1.20644       1.204  0.00412532
     2.14174     1.18747     1.18906  0.00332617
     2.16739     1.16993     1.16905  0.00605287
     2.19304     1.14782     1.13933  0.00575113
     2.21869     1.11672     1.11502  0.00414663
     2.24434     1.07875     1.07872  0.00363194
     2.26999     1.06045     1.05757  0.00412023
     2.29564     1.02066     1.03517  0.00329723
     2.32129    0.994175     1.00428  0.00544129
     2.34694    0.990982    0.985916   0.0054022
     2.37259     0.95682    0.961458   0.0049398
     2.39824      0.9451    0.945122  0.00570855
     2.42389    0.911016    0.924241  0.00395079
     2.44954    0.914583     0.91697  0.00290669
     2.47519    0.925348    0.912458  0.00392493
     2.50084    0.907493    0.901726  0.00325312
     2.52649     0.89848    0.894944  0.00317419
     2.55214    0.878729    0.890965  0.00423966
   0.0128248           0           0           0
   0.0384745           0           0           0
   0.0641241           0           0           0
   0.0897737           0           0           0
    0.115423           0           0           0
    0.141073           0           0           0
    0.166723           0           0           0
    0.192372           0           0           0
    0.218022           0           0           0
    0.243672           0           0           0
    0.269321           0           0           0
    0.294971           0           0           0
     0.32062           0           0           0
     0.34627           0           0           0
     0.37192           0           0           0
    0.397569           0           0           0
    0.423219           0           0           0
    0.448869           0           0           0
    0.474518           0           0           0
    0.500168           0           0           0
    0.525818           0           0           0
    0.551467           0           0           0
    0.577117           0           0           0
    0.602767           0           0           0
    0.628416           0           0           0
    0.654066           0           0           0
    0.679715           0           0           0
    0.705365           0           0           0
    0.731015           0           0           0
    0.756664           0           0           0
    0.782314           0           0           0
    0.807964           0           0           0
    0.833613           0           0           0
    0.859263           0           0           0
    0.884913  0.00100876 0.000958736 0.000213754
    0.910562   0.0259835   0.0263667  0.00124262
    0.936212    0.176043    0.176527  0.00334367
    0.961861    0.588542    0.580034  0.00492098
    0.987511     1.20638     1.23149  0.00689574
     1.01316     1.87848     1.88373  0.00842062
     1.03881     2.37241     2.33525  0.00841675
     1.06446     2.55521     2.54875   0.0147339
     1.09011     2.55306     2.54169  0.00846544
     1.11576      2.3445     2.39329   0.0126914
     1.14141     2.15093      2.1839    0.010848
     1.16706      1.9582     1.96795  0.00844191
     1.19271     1.77257     1.75962  0.00987248
     1.21836     1.56942      1.5555  0.00835153
     1.24401     1.42022     1.38311  0.00864247
     1.26966     1.26036     1.23057  0.00866839
     1.29531     1.13232     1.11452  0.00676203
     1.32096     1.05142      1.0154  0.00717376
     1.34661    0.941396    0.935088   0.0053996
     1.37226    0.883918      0.8664  0.00534599
     1.39791    0.820101     0.81331  0.00717156
     1.42355    0.771312    0.778371   0.0048844
      1.4492    0.718697    0.738432   0.0042354
     1.47485    0.682031    0.703573  0.00646225
      1.5005    0.698199    0.680469  0.00533307
     1.52615    0.673058    0.674822  0.00615163
      1.5518    0.677206    0.671703  0.00468533
     1.57745    0.675661    0.670759  0.00464702
      1.6031    0.684663     0.67605  0.00476521
     1.62875    0.653876    0.683829  0.00532473
      1.6544     0.69352    0.702005  0.00273733
     1.68005    0.701375    0.735128  0.00559493
      1.7057    0.760852    0.765017  0.00521132
     1.73135    0.784195    0.798766  0.00425984
       1.757    0.826604    0.829053  0.00330618
     1.78265    0.842182    0.861481  0.00318325
      1.8083    0.885453    0.901952  0.00389909
     1.83395    0.933057    0.939516  0.00270093
      1.8596    0.989014    0.980324  0.00356944
     1.88525    0.990022     1.01909  0.00483818
      1.9109     1.06861     1.06993  0.00355483
     1.93655      1.0913     1.09943  0.00449115
      1.9622      1.1609     1.13784  0.00593868
     1.98785      1.1856     1.16265  0.00566694
      2.0135     1.17167     1.18646  0.00457413
     2.03915     1.20103     1.19531  0.00505421
      2.0648     1.22454     1.20548  0.00309357
     2.09045     1.20557     1.20946   0.0049862
      2.1161     1.20616      1.2042  0.00375497
     2.14174     1.19459     1.18957  0.00306149
     2.16739     1.17279     1.16939  0.00551215
     2.19304     1.16543      1.1417  0.00569689
     2.21869     1.14081     1.11736  0.00438283
     2.24434      1.0992     1.08058  0.00374871
     2.26999     1.07576     1.05923  0.00406373
     2.29564     1.05742      1.0372  0.00356412
     2.32129     1.01259     1.00503   0.0049988
     2.34694    0.990126    0.986299  0.00492463
     2.37259    0.949855    0.960403  0.00460198
     2.39824    0.950806    0.945639  0.00521293
     2.42389    0.927277    0.924517  0.00360126
     2.44954    0.923376    0.917552  0.00270016
     2.47519    0.900157    0.911339  0.00372402
     2.50084    0.869489    0.898795  0.00406868
     2.52649    0.880385     0.89362  0.00314949
     2.55214    0.864072    0.888521  0.00450436
   0.0128248           0           0           0
   0.0384745           0           0           0
   0.0641241           0           0           0
   0.0897737           0           0           0
    0.115423           0           0           0
    0.141073           0           0           0
    0.166723           0           0           0
    0.192372           0           0           0
    0.218022           0           0           0
    0.243672           0           0           0
    0.269321           0           0           0
    0.294971           0           0           0
     0.32062           0           0           0
     0.34627           0           0           0
     0.37192           0           0           0
    0.397569           0           0           0
    0.423219           0           0           0
    0.448869           0           0           0
    0.474518           0           0           0
    0.500168           0           0           0
    0.525818           0           0           0
    0.551467           0           0           0
    0.577117           0           0           0
    0.602767           0           0           0
    0.628416           0           0           0
    0.654066           0           0           0
    0.679715           0           0           0
    0.705365           0           0           0
    0.731015           0           0           0
    0.756664           0           0           0
    0.782314           0           0           0
    0.807964           0           0           0
    0.833613           0           0           0
    0.859263           0           0           0
    0.884913  0.00146728  0.00100112 0.000200098
    0.910562   0.0260702    0.026342  0.00113931
    0.936212    0.178747    0.176712  0.00307015
    0.961861    0.580624    0.580083  0.00451114
    0.987511     1.21156     1.22983  0.00651811
     1.01316     1.85742     1.88153  0.00799918
     1.03881     2.31358     2.33345  0.00790671
     1.06446     2.58181      2.5515   0.0137612
     1.09011     2.56464      2.5436  0.00797305
     1.11576      2.3969     2.39359   0.0116374
     1.14141      2.1727     2.18297   0.0099841
     1.16706     1.92494     1.96437  0.00846505
     1.19271     1.72818       1.757  0.00939096
     1.21836     1.62546     1.56133  0.00947458
     1.24401     1.38492     1.38326  0.00792358
     1.26966     1.22064     1.22974  0.00798541
     1.29531     1.12174     1.11512  0.00622531
     1.32096    0.990079     1.01329  0.00687919
     1.34661    0.939429     0.93545  0.00496174
     1.37226    0.864176    0.866214   0.0049037
     1.39791    0.819096    0.813792  0.00659012
     1.42355    0.764355    0.777203  0.00461491
      1.4492    0.722698    0.737121  0.00408037
     1.47485    0.701059    0.703364  0.00592713
      1.5005    0.695552    0.681726  0.00503459
     1.52615    0.675422    0.674872  0.00563919
      1.5518     0.66148    0.670851  0.00437164
     1.57745     0.67721    0.671297  0.00429075
      1.6031    0.706469    0.678585  0.00499708
     1.62875    0.689772    0.684324  0.00490398
      1.6544     0.71535    0.703117  0.00272577
     1.68005    0.731797     0.73485  0.00513557
      1.7057    0.769368    0.765379  0.00478964
     1.73135    0.803218    0.799137  0.00392097
       1.757    0.847564    0.830596  0.00337139
     1.78265    0.895817    0.864342  0.00400244
      1.8083    0.921661    0.903594   0.0039048
     1.83395    0.952773    0.940621  0.00269231
      1.8596     1.00246    0.982169  0.00371812
     1.88525     1.02406     1.01951  0.00445264
      1.9109     1.04986     1.06826  0.00363062
     1.93655     1.10399     1.09981  0.00413298
      1.9622     1.13559     1.13765  0.00544676
     1.98785     1.14561     1.16123  0.00536955
      2.0135     1.15891     1.18416  0.00473437
     2.03915     1.16411     1.19271  0.00525912
      2.0648     1.19205     1.20436  0.00303153
     2.09045     1.18991     1.20783  0.00482945
      2.1161       1.189     1.20293  0.00364946
     2.14174     1.16887     1.18784  0.00325625
     2.16739     1.14586     1.16743  0.00539022
     2.19304      1.1282     1.14058  0.00533208
     2.21869     1.09276     1.11531  0.00447129
     2.24434     1.08226     1.08072  0.00343895
     2.26999     1.05748     1.05908  0.00372771
     2.29564     1.04412     1.03777  0.00331348
     2.32129     1.03239     1.00731  0.00507562
     2.34694    0.998218    0.987292  0.00461332
     2.37259    0.983578    0.962335   0.0046059
     2.39824    0.964857     0.94724   0.0050185
     2.42389    0.949907    0.926633  0.00387315
     2.44954    0.925789    0.918238  0.00256092
     2.47519    0.911727    0.911372  0.00341382
     2.50084    0.902881    0.899136  0.00374384
     2.52649    0.899515    0.894111  0.00292509
     2.55214    0.886186    0.888326   0.0041332
   0.0128248           0           0           0
   0.0384745           0           0           0
   0.0641241           0           0           0
   0.0897737           0           0           0
    0.115423           0           0           0
    0.141073           0           0           0
    0.166723           0           0           0
    0.192372           0           0           0
    0.218022           0           0           0
    0.243672           0           0           0
    0.269321           0           0           0
    0.294971           0           0           0
     0.32062           0           0           0
     0.34627           0           0           0
     0.37192           0           0           0
    0.397569           0           0           0
    0.423219           0           0           0
    0.448869           0           0           0
    0.474518           0           0           0
    0.500168           0           0           0
    0.525818           0           0           0
    0.551467           0           0           0
    0.577117           0           0           0
    0.602767           0           0           0
    0.628416           0           0           0
    0.654066           0           0           0
    0.679715           0           0           0
    0.705365           0           0           0
    0.731015           0           0           0
    0.756664           0           0           0
    0.782314           0           0           0
    0.807964           0           0           0
    0.833613           0           0           0
    0.859263           0           0           0
    0.884913 0.000641936 0.000973486 0.000186604
    0.910562   0.0265321   0.0263566  0.00105177
    0.936212    0.179402    0.176919  0.00284095
    0.961861    0.586808    0.580601  0.00419369
    0.987511     1.29615     1.23493  0.00776023
     1.01316     1.88606     1.88188  0.00739142
     1.03881     2.36139      2.3356  0.00758496
     1.06446      2.4758     2.54568   0.0138803
     1.09011     2.55711     2.54464  0.00742707
     1.11576     2.33966     2.38944   0.0114578
     1.14141     2.18744     2.18331  0.00922201
     1.16706     1.94579     1.96294  0.00793361
     1.19271     1.71637     1.75387  0.00917395
     1.21836      1.5409     1.55976  0.00887518
     1.24401     1.40311     1.38479  0.00745974
     1.26966     1.24018     1.23055  0.00741143
     1.29531      1.1155     1.11515  0.00574651
     1.32096    0.987089     1.01127  0.00663865
     1.34661    0.923865    0.934559  0.00465941
     1.37226    0.859841    0.865724  0.00455093
     1.39791     0.83741    0.815609  0.00632866
     1.42355    0.780384    0.777447   0.0042664
      1.4492    0.763594    0.739157  0.00424434
     1.47485    0.716026    0.704338  0.00555065
      1.5005    0.674373     0.68116  0.00467898
     1.52615    0.680149    0.675278     0.00522
      1.5518    0.679284    0.671499  0.00408321
     1.57745    0.695315    0.673144  0.00434027
      1.6031    0.687048    0.679236  0.00465491
     1.62875    0.714632    0.686655  0.00505063
      1.6544    0.727079    0.704961  0.00307681
     1.68005    0.740176     0.73526  0.00475684
      1.7057    0.748782    0.764103  0.00458822
     1.73135    0.782981    0.797895  0.00381123
       1.757    0.813034    0.829245  0.00337187
     1.78265    0.868593    0.864669  0.00370789
      1.8083    0.898747    0.903221  0.00362219
     1.83395    0.931228    0.939898  0.00258033
      1.8596    0.968288    0.981101  0.00358213
     1.88525     1.00298     1.01823  0.00428774
      1.9109     1.06606     1.06809  0.00335526
     1.93655     1.08108     1.09837  0.00405826
      1.9622     1.12666     1.13681  0.00509303
     1.98785     1.17278     1.16212  0.00502954
      2.0135     1.17792     1.18368  0.00439445
     2.03915     1.18634     1.19222  0.00487735
      2.0648     1.21232     1.20497  0.00285945
     2.09045     1.20389     1.20753  0.00446748
      2.1161      1.1951     1.20233  0.00341806
     2.14174     1.17669     1.18698  0.00311671
     2.16739     1.17848     1.16828  0.00504213
     2.19304     1.15958     1.14204  0.00511845
     2.21869     1.12075     1.11573  0.00414684
     2.24434     1.08518     1.08106  0.00319147
     2.26999     1.04604     1.05808  0.00357343
     2.29564     1.03888     1.03786  0.00305969
     2.32129     1.01387     1.00782  0.00471019
     2.34694    0.984541    0.987081   0.0042633
     2.37259    0.952559    0.961583  0.00431254
     2.39824     0.94741    0.947253  0.00463248
     2.42389    0.926092    0.926591  0.00357544
     2.44954     0.92932    0.919091  0.00250178
     2.47519    0.909609    0.911236  0.00315391
     2.50084    0.917985    0.900586  0.00372604
     2.52649    0.913406    0.895596  0.00305351
     2.55214    0.894554    0.888805  0.00384293
   0.0128248           0           0           0
   0.0384745           0           0           0
   0.0641241           0           0           0
   0.0897737           0           0           0
    0.115423           0           0           0
    0.141073           0           0           0
    0.166723           0           0           0
    0.192372           0           0           0
    0.218022           0           0           0
    0.243672           0           0           0
    0.269321           0           0           0
    0.294971           0           0           0
     0.32062           0           0           0
     0.34627           0           0           0
     0.37192           0           0           0
    0.397569           0           0           0
    0.423219           0           0           0
    0.448869           0           0           0
    0.474518           0           0           0
    0.500168           0           0           0
    0.525818           0           0           0
    0.551467           0           0           0
    0.577117           0           0           0
    0.602767           0           0           0
    0.628416           0           0           0
    0.654066           0           0           0
    0.679715           0           0           0
    0.705365           0           0           0
    0.731015           0           0           0
    0.756664           0           0           0
    0.782314           0           0           0
    0.807964           0           0           0
    0.833613           0           0           0
    0.859263           0           0           0
    0.884913 0.000855915 0.000965088 0.000173464
    0.910562   0.0282355   0.0264908 0.000985167
    0.936212    0.189835    0.177842  0.00278379
    0.961861    0.605929     0.58241  0.00426656
    0.987511     1.23338     1.23482  0.00720672
     1.01316     1.89664     1.88294  0.00693826
     1.03881     2.36081      2.3374  0.00725382
     1.06446     2.46914     2.54021   0.0139239
     1.09011     2.42756     2.53628   0.0106069
     1.11576     2.40088     2.39026   0.0106685
     1.14141     2.18634     2.18353  0.00856583
     1.16706      1.9967     1.96535  0.00772484
     1.19271     1.75002      1.7536   0.0085228
     1.21836     1.59561     1.56232  0.00860283
     1.24401     1.42183     1.38744  0.00738117
     1.26966     1.24623     1.23167  0.00696616
     1.29531      1.1423     1.11709  0.00565398
     1.32096     1.02394     1.01218  0.00622579
     1.34661    0.930769    0.934288  0.00433445
     1.37226    0.878058    0.866605  0.00431029
     1.39791    0.796311    0.814231  0.00602485
     1.42355    0.770391    0.776943  0.00399132
      1.4492    0.743317    0.739454  0.00395156
     1.47485    0.716378    0.705198  0.00522038
      1.5005    0.690672     0.68184  0.00439381
     1.52615    0.643879    0.673035  0.00530711
      1.5518    0.654233    0.670266  0.00397345
     1.57745    0.629706    0.670042  0.00501821
      1.6031    0.671278    0.678667  0.00435698
     1.62875    0.698633    0.687511  0.00476178
      1.6544    0.712805    0.705521  0.00290761
     1.68005     0.73072    0.734936   0.0044281
      1.7057    0.754656    0.763428  0.00430982
     1.73135    0.780721    0.796668  0.00373119
       1.757    0.809738    0.827851  0.00340676
     1.78265    0.866167    0.864776  0.00344458
      1.8083     0.90781    0.903549  0.00337826
     1.83395    0.945399    0.940291  0.00242575
      1.8596    0.978589    0.980921  0.00333075
     1.88525     1.03953     1.01976  0.00424279
      1.9109     1.06401      1.0678  0.00312822
     1.93655     1.08085     1.09712  0.00395662
      1.9622     1.11955     1.13558  0.00487611
     1.98785     1.14814     1.16112  0.00476836
      2.0135     1.18001     1.18342  0.00408839
     2.03915     1.20579     1.19319  0.00462432
      2.0648     1.22385     1.20632  0.00295609
     2.09045     1.22716     1.20893  0.00436296
      2.1161      1.2259     1.20401  0.00356472
     2.14174     1.21261     1.18881  0.00338944
     2.16739     1.19426     1.17014  0.00501183
     2.19304     1.15284     1.14281  0.00481064
     2.21869     1.13987     1.11745  0.00419377
     2.24434     1.10794     1.08298   0.0034936
     2.26999     1.06726     1.05873  0.00337783
     2.29564     1.03848      1.0379  0.00284146
     2.32129     1.01321      1.0082   0.0043895
     2.34694    0.970265     0.98588  0.00412452
     2.37259    0.937059    0.959831  0.00434573
     2.39824    0.916048    0.945024  0.00480802
     2.42389    0.908197    0.925277  0.00355328
     2.44954    0.908606    0.918342  0.00243259
     2.47519    0.903193    0.910661   0.0029805
     2.50084    0.884795    0.899458  0.00362659
     2.52649    0.897393    0.895724   0.0028381
     2.55214    0.899567    0.889574  0.00364451
   0.0128248           0           0           0
   0.0384745           0           0           0
   0.0641241           0           0           0
   0.0897737           0           0           0
    0.115423           0           0           0
    0.141073           0           0           0
    0.166723           0           0           0
    0.192372           0           0           0
    0.218022           0           0           0
    0.243672           0           0           0
    0.269321           0           0           0
    0.294971           0           0           0
     0.32062           0           0           0
     0.34627           0           0           0
     0.37192           0           0           0
    0.397569           0           0           0
    0.423219           0           0           0
    0.448869           0           0           0
    0.474518           0           0           0
    0.500168           0           0           0
    0.525818           0           0           0
    0.551467           0           0           0
    0.577117           0           0           0
    0.602767           0           0           0
    0.628416           0           0           0
    0.654066           0           0           0
    0.679715           0           0           0
    0.705365           0           0           0
    0.731015           0           0           0
    0.756664           0           0           0
    0.782314           0           0           0
    0.807964           0           0           0
    0.833613           0           0           0
    0.859263           0           0           0
    0.884913 0.000947621 0.000963924 0.000161903
    0.910562   0.0249731   0.0263897 0.000924671
    0.936212    0.171728    0.177434  0.00262787
    0.961861     0.57545    0.581946  0.00400727
    0.987511     1.23345     1.23473  0.00672685
     1.01316     1.84158     1.88018  0.00700198
     1.03881     2.35014     2.33825  0.00681979
     1.06446     2.52882     2.53945   0.0130163
     1.09011     2.48928     2.53315   0.0103522
     1.11576     2.37002     2.38891   0.0100422
     1.14141     2.19416     2.18424  0.00802407
     1.16706     1.93892     1.96359  0.00740812
     1.19271     1.76458     1.75433  0.00798598
     1.21836     1.53395     1.56043  0.00823464
     1.24401     1.37341      1.3865  0.00694803
     1.26966     1.25041     1.23292  0.00661294
     1.29531     1.11825     1.11716  0.00527758
     1.32096     1.04089     1.01409    0.006098
     1.34661    0.947745    0.935185   0.0041373
     1.37226    0.879304    0.867452  0.00410524
     1.39791    0.827684    0.815127  0.00568956
     1.42355    0.813637     0.77939  0.00441162
      1.4492    0.764255    0.741108  0.00401916
     1.47485     0.72954    0.706821  0.00511838
      1.5005    0.713999    0.683984  0.00459427
     1.52615    0.663263    0.672383  0.00499313
      1.5518    0.664104    0.669855  0.00372972
     1.57745    0.688841    0.671295  0.00483763
      1.6031    0.688902     0.67935  0.00411959
     1.62875    0.701828    0.688465  0.00453898
      1.6544     0.70001    0.705154  0.00273688
     1.68005    0.722383    0.734099  0.00421123
      1.7057    0.756787    0.762985  0.00404517
     1.73135    0.778349    0.795447  0.00367687
       1.757    0.796951    0.825791  0.00375112
     1.78265    0.844299    0.863411  0.00347494
      1.8083    0.880694    0.902025  0.00347972
     1.83395    0.923285    0.939157  0.00251506
      1.8596    0.966461    0.979957  0.00324522
     1.88525    0.995983     1.01817  0.00424565
      1.9109     1.04615     1.06635  0.00323556
     1.93655     1.09442     1.09694  0.00369693
      1.9622     1.14714     1.13635  0.00461164
     1.98785     1.16694     1.16151  0.00446625
      2.0135     1.16885     1.18245  0.00392957
     2.03915     1.19851     1.19354  0.00432964
      2.0648     1.21109     1.20664  0.00277605
     2.09045     1.23406      1.2106  0.00438194
      2.1161     1.21062     1.20445  0.00335419
     2.14174       1.194     1.18916  0.00318106
     2.16739     1.18191     1.17092  0.00473875
     2.19304     1.15689     1.14375  0.00458054
     2.21869      1.1243     1.11791  0.00393895
     2.24434     1.08869     1.08336  0.00328135
     2.26999     1.06836     1.05937  0.00321304
     2.29564      1.0532     1.03892  0.00282912
     2.32129     1.01462     1.00863  0.00411764
     2.34694    0.979613    0.985462  0.00387065
     2.37259    0.948319    0.959063  0.00412322
     2.39824    0.933321    0.944244  0.00455035
     2.42389    0.937191    0.926072    0.003404
     2.44954    0.920583    0.918491    0.002275
     2.47519     0.91738    0.911109  0.00281526
     2.50084    0.902272    0.899646  0.00338967
     2.52649    0.891501    0.895442  0.00266282
     2.55214    0.888714    0.889517  0.00340199
   0.0128248           0           0           0
   0.0384745           0           0           0
   0.0641241           0           0           0
   0.0897737           0           0           0
    0.115423           0           0           0
    0.141073           0           0           0
    0.166723           0           0           0
    0.192372           0           0           0
    0.218022           0           0           0
    0.243672           0           0           0
    0.269321           0           0           0
    0.294971           0           0           0
     0.32062           0           0           0
     0.34627           0           0           0
     0.37192           0           0           0
    0.397569           0           0           0
    0.423219           0           0           0
    0.448869           0           0           0
    0.474518           0           0           0
    0.500168           0           0           0
    0.525818           0           0           0
    0.551467           0           0           0
    0.577117           0           0           0
    0.602767           0           0           0
    0.628416           0           0           0
    0.654066           0           0           0
    0.679715           0           0           0
    0.705365           0           0           0
    0.731015           0           0           0
    0.756664           0           0           0
    0.782314           0           0           0
    0.807964           0           0           0
    0.833613           0           0           0
    0.859263           0           0           0
    0.884913 0.000550231 0.000938068 0.000153835
    0.910562    0.026561   0.0264004 0.000866941
    0.936212    0.164381    0.176618  0.00258715
    0.961861    0.534415    0.578975  0.00473151
    0.987511     1.21841     1.23371  0.00638332
     1.01316     1.87677     1.87997  0.00656759
     1.03881     2.35149     2.33908  0.00644361
     1.06446     2.54528     2.53982   0.0122079
     1.09011     2.51176     2.53181  0.00979113
     1.11576     2.35885     2.38703  0.00958871
     1.14141     2.18252     2.18413  0.00752328
     1.16706     1.98317     1.96481   0.0070455
     1.19271     1.77281     1.75549  0.00756989
     1.21836     1.53969     1.55913  0.00782134
     1.24401     1.36593     1.38522   0.0066317
     1.26966     1.25062     1.23402  0.00629155
     1.29531     1.13969     1.11857  0.00513213
     1.32096     1.03932     1.01567  0.00591717
     1.34661    0.963996    0.936986  0.00425256
     1.37226    0.887618    0.868712   0.0040375
     1.39791    0.836308    0.816451   0.0054858
     1.42355    0.781306    0.779509  0.00413752
      1.4492    0.751204    0.741739  0.00381718
     1.47485    0.697141    0.706216   0.0048341
      1.5005    0.679614     0.68371  0.00431524
     1.52615    0.703942    0.674356  0.00505565
      1.5518     0.67658    0.670276  0.00352022
     1.57745    0.677143     0.67166  0.00454906
      1.6031    0.690373    0.680039  0.00391931
     1.62875    0.697893    0.689055  0.00429337
      1.6544    0.699634    0.704809  0.00258748
     1.68005    0.716972    0.733028   0.0040818
      1.7057    0.730367    0.760947  0.00427528
     1.73135    0.770627    0.793895  0.00376008
       1.757    0.813941    0.825051  0.00358905
     1.78265    0.852661    0.862739  0.00332208
      1.8083    0.894281    0.901541  0.00329573
     1.83395    0.957847    0.940326   0.0026151
      1.8596    0.969368    0.979296  0.00310914
     1.88525     0.99669     1.01683   0.0041872
      1.9109     1.05574     1.06569  0.00310062
     1.93655     1.10339     1.09734  0.00348779
      1.9622     1.14116     1.13665  0.00433322
     1.98785      1.1673     1.16187  0.00420179
      2.0135     1.19652     1.18333  0.00378114
     2.03915     1.17966     1.19267  0.00414507
      2.0648     1.20941     1.20681  0.00260794
     2.09045     1.20605     1.21032  0.00411731
      2.1161     1.18961     1.20352  0.00327039
     2.14174     1.17955     1.18856  0.00303837
     2.16739     1.16836     1.17076  0.00444529
     2.19304     1.15619     1.14453  0.00435975
     2.21869     1.13822     1.11918  0.00389199
     2.24434     1.10736     1.08486  0.00340173
     2.26999      1.0793     1.06062  0.00324451
     2.29564     1.03841     1.03889  0.00265248
     2.32129     1.01095     1.00877  0.00386285
     2.34694     1.00376    0.986605  0.00379384
     2.37259    0.980609     0.96041   0.0040795
     2.39824    0.940754    0.944026  0.00427118
     2.42389     0.93222    0.926456  0.00321286
     2.44954    0.919629    0.918562  0.00213393
     2.47519    0.900762    0.910463  0.00271256
     2.50084    0.909185    0.900242  0.00322982
     2.52649    0.902302    0.895871  0.00253067
     2.55214     0.91167    0.890901  0.00345968
   0.0128248           0           0           0
   0.0384745           0           0           0
   0.0641241           0           0           0
   0.0897737           0           0           0
    0.115423           0           0           0
    0.141073           0           0           0
    0.166723           0           0           0
    0.192372           0           0           0
    0.218022           0           0           0
    0.243672           0           0           0
    0.269321           0           0           0
    0.294971           0           0           0
     0.32062           0           0           0
     0.34627           0           0           0
     0.37192           0           0           0
    0.397569           0           0           0
    0.423219           0           0           0
    0.448869           0           0           0
    0.474518           0           0           0
    0.500168           0           0           0
    0.525818           0           0           0
    0.551467           0           0           0
    0.577117           0           0           0
    0.602767           0           0           0
    0.628416           0           0           0
    0.654066           0           0           0
    0.679715           0           0           0
    0.705365           0           0           0
    0.731015           0           0           0
    0.756664           0           0           0
    0.782314           0           0           0
    0.807964           0           0           0
    0.833613           0           0           0
    0.859263           0           0           0
    0.884913  0.00293457  0.00105551 0.000184239
    0.910562   0.0209023    0.026077 0.000874191
    0.936212    0.174623    0.176501  0.00243763
    0.961861    0.554984    0.577564  0.00465889
    0.987511     1.16396     1.22961  0.00720674
     1.01316     1.87113     1.87945  0.00620179
     1.03881     2.35262     2.33987  0.00611367
     1.06446     2.60219     2.54349   0.0120286
     1.09011     2.53348     2.53191  0.00921567
     1.11576      2.4254     2.38929  0.00928648
     1.14141     2.20791     2.18553  0.00720959
     1.16706     1.97618     1.96548   0.0066627
     1.19271      1.7458     1.75492  0.00714601
     1.21836     1.54307     1.55819  0.00741808
     1.24401     1.37088     1.38437    0.006295
     1.26966     1.22957     1.23376  0.00592691
     1.29531     1.10338     1.11768   0.0049074
     1.32096      1.0328     1.01667  0.00565426
     1.34661    0.967772    0.938797  0.00437102
     1.37226    0.874054    0.869026  0.00381221
     1.39791    0.801322    0.815561   0.0052348
     1.42355    0.762039    0.778482  0.00401973
      1.4492    0.748571    0.742141  0.00361373
     1.47485    0.717754    0.706894  0.00459714
      1.5005    0.702761    0.684831  0.00420438
     1.52615    0.678012    0.674571  0.00476283
      1.5518    0.639998    0.668494  0.00373664
     1.57745    0.669148    0.671513  0.00428387
      1.6031    0.671967    0.679564   0.0037174
     1.62875    0.686154    0.688884  0.00404421
      1.6544    0.711108    0.705179  0.00246167
     1.68005    0.730152    0.732859   0.0038452
      1.7057    0.741582    0.759807  0.00417278
     1.73135     0.78045    0.793105  0.00362113
       1.757    0.824704     0.82503  0.00337799
     1.78265     0.84402    0.861638  0.00330411
      1.8083    0.909911    0.902034  0.00313842
     1.83395     0.90952    0.938513  0.00302463
      1.8596    0.974076    0.978989  0.00294137
     1.88525     1.02815     1.01749  0.00399351
      1.9109     1.06585      1.0657  0.00291825
     1.93655     1.09255     1.09706  0.00329399
      1.9622      1.1466     1.13723  0.00411772
     1.98785     1.17672     1.16274  0.00404443
      2.0135     1.17452     1.18281  0.00359403
     2.03915     1.20448     1.19337  0.00395902
      2.0648     1.24618     1.20913  0.00332751
     2.09045     1.23968     1.21205   0.0042218
      2.1161     1.21743     1.20434  0.00317861
     2.14174     1.19375     1.18886  0.00287494
     2.16739     1.14792     1.16942  0.00438218
     2.19304     1.14989     1.14484  0.00411468
     2.21869      1.1127      1.1188  0.00368165
     2.24434      1.0869     1.08498  0.00320374
     2.26999       1.066     1.06094  0.00306903
     2.29564     1.03267     1.03853  0.00252155
     2.32129     1.01323     1.00904  0.00364448
     2.34694    0.990478    0.986833  0.00357751
     2.37259    0.966448    0.960765  0.00385496
     2.39824    0.942415    0.943931  0.00402098
     2.42389    0.914133    0.925731  0.00310456
     2.44954    0.893701      0.9171  0.00245899
     2.47519    0.893913    0.909489  0.00272209
     2.50084    0.895325    0.899953  0.00305275
     2.52649    0.879249    0.894893  0.00256376
     2.55214    0.872091    0.889795  0.00342854
   0.0128248           0           0           0
   0.0384745           0           0           0
   0.0641241           0           0           0
   0.0897737           0           0           0
    0.115423           0           0           0
    0.141073           0           0           0
    0.166723           0           0           0
    0.192372           0           0           0
    0.218022           0           0           0
    0.243672           0           0           0
    0.269321           0           0           0
    0.294971           0           0           0
     0.32062           0           0           0
     0.34627           0           0           0
     0.37192           0           0           0
    0.397569           0           0           0
    0.423219           0           0           0
    0.448869           0           0           0
    0.474518           0           0           0
    0.500168           0           0           0
    0.525818           0           0           0
    0.551467           0           0           0
    0.577117           0           0           0
    0.602767           0           0           0
    0.628416           0           0           0
    0.654066           0           0           0
    0.679715           0           0           0
    0.705365           0           0           0
    0.731015           0           0           0
    0.756664           0           0           0
    0.782314           0           0           0
    0.807964           0           0           0
    0.833613           0           0           0
    0.859263 0.000259364 1.44091e-05 1.40031e-05
    0.884913  0.00180354  0.00109707 0.000178629
    0.910562   0.0309204    0.026346 0.000866048
    0.936212    0.181915    0.176802  0.00232069
    0.961861     0.56228    0.576715  0.00447677
    0.987511     1.17736      1.2267  0.00736767
     1.01316     1.89114      1.8801  0.00589117
     1.03881     2.35957     2.34097  0.00587112
     1.06446     2.56744     2.54482   0.0114337
     1.09011     2.50904     2.53064  0.00879081
     1.11576      2.4408     2.39215  0.00920097
     1.14141     2.20925     2.18685  0.00692845
     1.16706     2.00259     1.96754  0.00660385
     1.19271     1.74365     1.75429  0.00677639
     1.21836     1.56489     1.55856  0.00701531
     1.24401      1.3734     1.38376  0.00597473
     1.26966     1.20897     1.23238  0.00575544
     1.29531     1.08338     1.11577  0.00499102
     1.32096    0.959569      1.0135  0.00616628
     1.34661    0.900024    0.936643  0.00462862
     1.37226    0.877016     0.86947  0.00362616
     1.39791    0.818949    0.815749  0.00494736
     1.42355    0.774903    0.778283  0.00380132
      1.4492    0.732717    0.741617  0.00345069
     1.47485    0.729353    0.708142  0.00450789
      1.5005    0.711979    0.686339  0.00423268
     1.52615    0.675422    0.674618  0.00449846
      1.5518    0.666699    0.668395  0.00353038
     1.57745     0.70101    0.673151  0.00434804
      1.6031    0.714331    0.681495  0.00398117
     1.62875    0.716563    0.690422  0.00410148
      1.6544    0.706805    0.705269  0.00232657
     1.68005    0.730618    0.732735  0.00363359
      1.7057    0.771927    0.760481  0.00399491
     1.73135     0.80083    0.793534   0.0034453
       1.757    0.820548    0.824781  0.00319949
     1.78265    0.843161    0.860612  0.00327612
      1.8083    0.908169    0.902374  0.00298251
     1.83395    0.951292    0.939223  0.00293873
      1.8596    0.975675    0.978804  0.00278372
     1.88525      1.0183     1.01754   0.0037719
      1.9109     1.03292     1.06388  0.00327531
     1.93655     1.10858      1.0977  0.00317255
      1.9622      1.1444     1.13763  0.00390814
     1.98785     1.14061     1.16151  0.00400231
      2.0135     1.17451     1.18235  0.00342382
     2.03915     1.19706     1.19357  0.00374439
      2.0648     1.20007     1.20863   0.0031805
     2.09045     1.21429     1.21217   0.0039891
      2.1161     1.20122     1.20417  0.00300674
     2.14174     1.17463     1.18807  0.00282192
     2.16739     1.14146     1.16786  0.00440536
     2.19304     1.14547     1.14488  0.00388624
     2.21869     1.10646     1.11811  0.00354032
     2.24434     1.06868     1.08408  0.00315114
     2.26999     1.01892      1.0586  0.00368065
     2.29564     1.01041     1.03696  0.00282409
     2.32129    0.980483     1.00745  0.00377145
     2.34694    0.971981    0.986008   0.0034726
     2.37259    0.957501    0.960584  0.00364506
     2.39824     0.95128     0.94434  0.00381827
     2.42389    0.954727    0.927342  0.00332385
     2.44954     0.92237    0.917393  0.00233974
     2.47519    0.913403    0.909707  0.00257953
     2.50084    0.915091    0.900794  0.00299677
     2.52649    0.915056    0.896013  0.00265479
     2.55214    0.912699    0.891067  0.00346617
   0.0128248           0           0           0
   0.0384745           0           0           0
   0.0641241           0           0           0
   0.0897737           0           0           0
    0.115423           0           0           0
    0.141073           0           0           0
    0.166723           0           0           0
    0.192372           0           0           0
    0.218022           0           0           0
    0.243672           0           0           0
    0.269321           0           0           0
    0.294971           0           0           0
     0.32062           0           0           0
     0.34627           0           0           0
     0.37192           0           0           0
    0.397569           0           0           0
    0.423219           0           0           0
    0.448869           0           0           0
    0.474518           0           0           0
    0.500168           0           0           0
    0.525818           0           0           0
    0.551467           0           0           0
    0.577117           0           0           0
    0.602767           0           0           0
    0.628416           0           0           0
    0.654066           0           0           0
    0.679715           0           0           0
    0.705365           0           0           0
    0.731015           0           0           0
    0.756664           0           0           0
    0.782314           0           0           0
    0.807964           0           0           0
    0.833613           0           0           0
    0.859263           0 1.36507e-05 1.32866e-05
    0.884913  0.00165069   0.0011262 0.000171588
    0.910562   0.0320464   0.0266461 0.000870884
    0.936212    0.166566    0.176263  0.00226021
    0.961861    0.574881    0.576618  0.00424219
    0.987511      1.2297     1.22686  0.00698158
     1.01316     1.92404     1.88241  0.00601807
     1.03881      2.4105     2.34463   0.0066049
     1.06446     2.61007     2.54825   0.0113361
     1.09011     2.53733     2.53099  0.00833517
     1.11576     2.36329     2.39063  0.00884119
     1.14141     2.14626     2.18471  0.00688517
     1.16706     1.92059     1.96507  0.00670278
     1.19271     1.75332     1.75424  0.00641993
     1.21836     1.54941     1.55808  0.00666259
     1.24401     1.39931     1.38458  0.00571602
     1.26966     1.27207     1.23447  0.00581915
     1.29531     1.14654     1.11739  0.00498413
     1.32096      1.0031     1.01295  0.00586601
     1.34661    0.946307    0.937151  0.00441286
     1.37226    0.841256    0.867985  0.00372698
     1.39791    0.779602    0.813847  0.00503951
     1.42355    0.748089    0.776694  0.00391938
      1.4492    0.713078    0.740115  0.00358111
     1.47485     0.68508    0.706928  0.00443104
      1.5005    0.678243    0.685913   0.0040313
     1.52615    0.689492    0.675401  0.00432928
      1.5518    0.683767    0.669204  0.00343603
     1.57745    0.685127    0.673782  0.00416463
      1.6031    0.676727    0.681244  0.00377954
     1.62875    0.697433    0.690791  0.00390217
      1.6544    0.725679    0.706344  0.00243953
     1.68005    0.757257    0.734025  0.00366441
      1.7057    0.776098    0.761303  0.00386829
     1.73135    0.798849    0.793813   0.0032753
       1.757    0.826379    0.824865   0.0030322
     1.78265    0.872065    0.861214  0.00315867
      1.8083    0.909201    0.902734   0.0028471
     1.83395    0.931527    0.938818  0.00281183
      1.8596    0.967382    0.978203  0.00270135
     1.88525    0.981529     1.01564  0.00402146
      1.9109     1.05493     1.06341   0.0031366
     1.93655        1.08     1.09677  0.00313935
      1.9622     1.14645      1.1381  0.00372993
     1.98785     1.17835      1.1624   0.0038886
      2.0135     1.18181     1.18232  0.00324373
     2.03915     1.20146     1.19399  0.00357025
      2.0648     1.20392     1.20838  0.00302274
     2.09045     1.24012     1.21364  0.00404121
      2.1161     1.21274     1.20462  0.00288216
     2.14174     1.20692     1.18907  0.00284241
     2.16739     1.17867     1.16843  0.00421006
     2.19304     1.14117     1.14468  0.00368658
     2.21869     1.10962     1.11767   0.0033821
     2.24434     1.06546      1.0831  0.00313394
     2.26999     1.02732     1.05696  0.00383754
     2.29564     1.01144     1.03562  0.00297792
     2.32129    0.997885     1.00695  0.00360639
     2.34694    0.986262    0.986021  0.00328986
     2.37259    0.959614    0.960533  0.00345357
     2.39824    0.955284    0.944916   0.0036605
     2.42389    0.937003     0.92785  0.00318757
     2.44954    0.919989    0.917529  0.00222058
     2.47519    0.916595    0.910069  0.00246912
     2.50084    0.916882     0.90164  0.00295626
     2.52649    0.901132    0.896283  0.00252869
     2.55214    0.888406    0.890927  0.00328657
   0.0128248           0           0           0
   0.0384745           0           0           0
   0.0641241           0           0           0
   0.0897737           0           0           0
    0.115423           0           0           0
    0.141073           0           0           0
    0.166723           0           0           0
    0.192372           0           0           0
    0.218022           0           0           0
    0.243672           0           0           0
    0.269321           0           0           0
    0.294971           0           0           0
     0.32062           0           0           0
     0.34627           0           0           0
     0.37192           0           0           0
    0.397569           0           0           0
    0.423219           0           0           0
    0.448869           0           0           0
    0.474518           0           0           0
    0.500168           0           0           0
    0.525818           0           0           0
    0.551467           0           0           0
    0.577117           0           0           0
    0.602767           0           0           0
    0.628416           0           0           0
    0.654066           0           0           0
    0.679715           0           0           0
    0.705365           0           0           0
    0.731015           0           0           0
    0.756664           0           0           0
    0.782314           0           0           0
    0.807964           0           0           0
    0.833613           0           0           0
    0.859263           0 1.29682e-05 1.26398e-05
    0.884913  0.00311798  0.00122579  0.00018972
    0.910562   0.0284375   0.0267356 0.000831933
    0.936212    0.179948    0.176447  0.00215469
    0.961861    0.598115    0.577693  0.00416402
    0.987511     1.20552      1.2258  0.00671356
     1.01316     1.86829      1.8817  0.00575845
     1.03881     2.35081     2.34494  0.00628188
     1.06446     2.54122      2.5479   0.0107747
     1.09011     2.51249     2.53007  0.00796959
     1.11576     2.37277     2.38974  0.00844411
     1.14141     2.18514     2.18473  0.00654095
     1.16706     1.98797     1.96622  0.00646469
     1.19271     1.78105     1.75558  0.00623735
     1.21836     1.57405     1.55888  0.00637716
     1.24401     1.40856     1.38578  0.00555452
     1.26966     1.25888     1.23569  0.00565471
     1.29531     1.12584     1.11781  0.00475278
     1.32096     1.02193      1.0134  0.00558986
     1.34661    0.950531     0.93782  0.00424263
     1.37226    0.881554    0.868664  0.00360185
     1.39791    0.854585    0.815884  0.00518285
     1.42355    0.769812     0.77635  0.00373849
      1.4492    0.735577    0.739888  0.00340924
     1.47485    0.693047    0.706234  0.00426349
      1.5005    0.686408    0.685938  0.00382981
     1.52615    0.666973     0.67498  0.00413327
      1.5518    0.676669    0.669577  0.00328444
     1.57745    0.678422    0.674014  0.00396286
      1.6031    0.684226    0.681393   0.0035935
     1.62875    0.690404    0.690771  0.00370711
      1.6544    0.698068     0.70593  0.00235239
     1.68005    0.706685    0.732658  0.00372747
      1.7057    0.743409    0.760408  0.00377693
     1.73135    0.779132    0.793079  0.00319274
       1.757     0.79181    0.823213  0.00330044
     1.78265     0.82793     0.85955   0.0034111
      1.8083    0.879955    0.901595   0.0029237
     1.83395    0.938815    0.938818  0.00267124
      1.8596    0.977793    0.978183  0.00256636
     1.88525     1.02286     1.01601  0.00383656
      1.9109     1.07874     1.06417  0.00307204
     1.93655      1.1113     1.09749  0.00306536
      1.9622     1.12609      1.1375   0.0035914
     1.98785     1.17186     1.16287  0.00372284
      2.0135     1.18189      1.1823  0.00308162
     2.03915     1.19871     1.19422  0.00339953
      2.0648     1.21664     1.20879  0.00289967
     2.09045     1.21777     1.21385  0.00384441
      2.1161     1.21642     1.20521  0.00279779
     2.14174     1.18686     1.18895  0.00270242
     2.16739     1.18806     1.16941  0.00411233
     2.19304     1.15436     1.14517  0.00353386
     2.21869      1.1315     1.11836  0.00328299
     2.24434     1.10136     1.08401  0.00310749
     2.26999     1.07875     1.05804   0.0037972
     2.29564     1.03835     1.03576  0.00283215
     2.32129     1.03132     1.00816  0.00362615
     2.34694     1.00656    0.987048  0.00328178
     2.37259    0.962646    0.960638  0.00328251
     2.39824    0.924314    0.943886  0.00361951
     2.42389    0.927506    0.927833  0.00302824
     2.44954    0.929883    0.918147  0.00219377
     2.47519    0.892745    0.909203  0.00249298
     2.50084    0.902812    0.901699  0.00280902
     2.52649     0.88655    0.895796  0.00244863
     2.55214    0.895014    0.891131  0.00312859
   0.0128248           0           0           0
   0.0384745           0           0           0
   0.0641241           0           0           0
   0.0897737           0           0           0
    0.115423           0           0           0
    0.141073           0           0           0
    0.166723           0           0           0
    0.192372           0           0           0
    0.218022           0           0           0
    0.243672           0           0           0
    0.269321           0           0           0
    0.294971           0           0           0
     0.32062           0           0           0
     0.34627           0           0           0
     0.37192           0           0           0
    0.397569           0           0           0
    0.423219           0           0           0
    0.448869           0           0           0
    0.474518           0           0           0
    0.500168           0           0           0
    0.525818           0           0           0
    0.551467           0           0           0
    0.577117           0           0           0
    0.602767           0           0           0
    0.628416           0           0           0
    0.654066           0           0           0
    0.679715           0           0           0
    0.705365           0           0           0
    0.731015           0           0           0
    0.756664           0           0           0
    0.782314           0           0           0
    0.807964           0           0           0
    0.833613           0           0           0
    0.859263           0 1.23507e-05  1.2053e-05
    0.884913  0.00269002  0.00129552 0.000193074
    0.910562   0.0226923   0.0265431 0.000814293
    0.936212    0.166785    0.175987  0.00210064
    0.961861    0.577028    0.577661  0.00396585
    0.987511     1.24072     1.22651  0.00643137
     1.01316     1.92041     1.88355  0.00577163
     1.03881     2.34708     2.34504  0.00598357
     1.06446     2.52555     2.54683   0.0103141
     1.09011     2.53265     2.53019  0.00759104
     1.11576     2.35189     2.38793  0.00823211
     1.14141      2.1479     2.18298  0.00646036
     1.16706     1.93957     1.96495  0.00628016
     1.19271     1.77432     1.75647  0.00600385
     1.21836     1.57365     1.55958  0.00611216
     1.24401     1.40152     1.38653  0.00534035
     1.26966     1.22645     1.23525  0.00540254
     1.29531     1.12898     1.11835  0.00455609
     1.32096     1.02471     1.01394  0.00534952
     1.34661    0.940419    0.937944   0.0040424
     1.37226    0.868498    0.868656  0.00343034
     1.39791    0.823335    0.816239  0.00494818
     1.42355     0.79417    0.777198   0.0036555
      1.4492    0.727485    0.739298  0.00329766
     1.47485    0.716136    0.706706  0.00408646
      1.5005    0.680741     0.68569  0.00365543
     1.52615    0.667765    0.674636   0.0039507
      1.5518    0.656658    0.668962  0.00318513
     1.57745    0.655036     0.67311  0.00387583
      1.6031    0.672796    0.680984  0.00344562
     1.62875    0.688391    0.690658  0.00353232
      1.6544    0.701278    0.705708  0.00225077
     1.68005    0.719058    0.732011  0.00360579
      1.7057    0.730688    0.758993   0.0038531
     1.73135    0.785097    0.792699  0.00306325
       1.757    0.836724    0.823856  0.00320537
     1.78265    0.879109    0.860481  0.00337341
      1.8083    0.917818    0.902367  0.00288473
     1.83395    0.957356    0.939701  0.00268595
      1.8596     1.01347    0.979863  0.00294333
     1.88525     1.04335     1.01731  0.00386857
      1.9109     1.09432     1.06561  0.00324381
     1.93655     1.09444     1.09735  0.00292284
      1.9622     1.13428     1.13734  0.00342364
     1.98785     1.17578     1.16349  0.00359596
      2.0135     1.18112     1.18224  0.00293538
     2.03915     1.19623     1.19432  0.00323899
      2.0648     1.19087     1.20794  0.00288444
     2.09045      1.2034     1.21335  0.00369341
      2.1161     1.17651     1.20384  0.00297977
     2.14174     1.15852     1.18751  0.00293681
     2.16739      1.1493     1.16846  0.00402646
     2.19304     1.13772     1.14481  0.00338333
     2.21869      1.1088      1.1179  0.00315804
     2.24434     1.07082     1.08338  0.00302228
     2.26999     1.04535     1.05744  0.00366422
     2.29564     1.02523     1.03526  0.00274131
     2.32129     1.01105      1.0083  0.00345608
     2.34694     1.01398    0.988331   0.0033668
     2.37259    0.974592    0.961303  0.00319274
     2.39824     0.94808    0.944085  0.00345266
     2.42389    0.924939    0.927695  0.00288717
     2.44954    0.916661    0.918076  0.00209045
     2.47519    0.910148    0.909248  0.00237467
     2.50084    0.898644    0.901553  0.00267903
     2.52649    0.886434     0.89535  0.00237227
     2.55214    0.908054    0.891937  0.00308164
   0.0128248           0           0           0
   0.0384745           0           0           0
   0.0641241           0           0           0
   0.0897737           0           0           0
    0.115423           0           0           0
    0.141073           0           0           0
    0.166723           0           0           0
    0.192372           0           0           0
    0.218022           0           0           0
    0.243672           0           0           0
    0.269321           0           0           0
    0.294971           0           0           0
     0.32062           0           0           0
     0.34627           0           0           0
     0.37192           0           0           0
    0.397569           0           0           0
    0.423219           0           0           0
    0.448869           0           0           0
    0.474518           0           0           0
    0.500168           0           0           0
    0.525818           0           0           0
    0.551467           0           0           0
    0.577117           0           0           0
    0.602767           0           0           0
    0.628416           0           0           0
    0.654066           0           0           0
    0.679715           0           0           0
    0.705365           0           0           0
    0.731015           0           0           0
    0.756664           0           0           0
    0.782314           0           0           0
    0.807964           0           0           0
    0.833613           0           0           0
    0.859263           0 1.17893e-05 1.15182e-05
    0.884913 0.000641936  0.00126581 0.000186569
    0.910562   0.0262723   0.0265308 0.000777373
    0.936212    0.173203    0.175861  0.00200897
    0.961861    0.582591    0.577885  0.00379191
    0.987511     1.23836     1.22704  0.00616158
     1.01316     1.96149     1.88709  0.00650657
     1.03881     2.38366     2.34679  0.00596355
     1.06446     2.53917     2.54649  0.00985114
     1.09011     2.48789     2.52827  0.00748549
     1.11576     2.30605     2.38421  0.00865862
     1.14141     2.16427     2.18213  0.00622242
     1.16706     1.90099     1.96204  0.00663353
     1.19271     1.76752     1.75697  0.00575193
     1.21836     1.52248     1.55789  0.00606251
     1.24401     1.38294     1.38637   0.0051001
     1.26966     1.29572       1.238  0.00581427
     1.29531     1.18415     1.12134  0.00523963
     1.32096     1.05865     1.01597   0.0054787
     1.34661    0.941897    0.938124  0.00386265
     1.37226    0.851159     0.86786  0.00336535
     1.39791    0.799264    0.815467  0.00478304
     1.42355    0.744321    0.775704   0.0037825
      1.4492    0.716679     0.73827  0.00330414
     1.47485    0.709159    0.706817  0.00390223
      1.5005    0.691841     0.68597  0.00349995
     1.52615    0.670252    0.674437  0.00377615
      1.5518    0.646936    0.667961  0.00319382
     1.57745    0.673362    0.673121  0.00369967
      1.6031    0.695841    0.681659  0.00335453
     1.62875     0.70412     0.69127  0.00342434
      1.6544    0.731863    0.706897  0.00244234
     1.68005     0.74261    0.732492  0.00347393
      1.7057    0.747778    0.758483  0.00371153
     1.73135    0.765109    0.791445  0.00317036
       1.757    0.825084    0.823912  0.00306016
     1.78265      0.8646    0.860669  0.00322527
      1.8083    0.874435    0.901098  0.00302011
     1.83395    0.945968    0.939986  0.00257892
      1.8596    0.988737    0.980266  0.00283704
     1.88525     1.02671     1.01773  0.00371625
      1.9109     1.07324     1.06596  0.00311486
     1.93655      1.0923     1.09712  0.00279898
      1.9622     1.14882     1.13786  0.00330751
     1.98785      1.1581     1.16324  0.00344082
      2.0135     1.16411     1.18142  0.00291536
     2.03915     1.21366      1.1952  0.00320884
      2.0648     1.19288     1.20725  0.00283337
     2.09045     1.20534     1.21299  0.00354342
      2.1161     1.18934     1.20318  0.00291636
     2.14174     1.19639     1.18791  0.00283098
     2.16739      1.1712     1.16858  0.00384536
     2.19304     1.15033     1.14506  0.00323881
     2.21869     1.12202     1.11809  0.00302003
     2.24434     1.10251     1.08425  0.00300736
     2.26999     1.06726     1.05789  0.00352474
     2.29564     1.07335     1.03699  0.00311587
     2.32129     1.02985     1.00928  0.00343502
     2.34694     0.98568     0.98821  0.00321592
     2.37259    0.943824    0.960508  0.00314491
     2.39824    0.930083    0.943449  0.00335387
     2.42389    0.914732    0.927106  0.00281542
     2.44954    0.905223    0.917492  0.00207547
     2.47519    0.887169    0.908244  0.00246972
     2.50084    0.873003    0.900256  0.00285433
     2.52649    0.892123    0.895204  0.00226897
     2.55214    0.891056    0.891897  0.00294182
   0.0128248           0           0           0
   0.0384745           0           0           0
   0.0641241           0           0           0
   0.0897737           0           0           0
    0.115423           0           0           0
    0.141073           0           0           0
    0.166723           0           0           0
    0.192372           0           0           0
    0.218022           0           0           0
    0.243672           0           0           0
    0.269321           0           0           0
    0.294971           0           0           0
     0.32062           0           0           0
     0.34627           0           0           0
     0.37192           0           0           0
    0.397569           0           0           0
    0.423219           0           0           0
    0.448869           0           0           0
    0.474518           0           0           0
    0.500168           0           0           0
    0.525818           0           0           0
    0.551467           0           0           0
    0.577117           0           0           0
    0.602767           0           0           0
    0.628416           0           0           0
    0.654066           0           0           0
    0.679715           0           0           0
    0.705365           0           0           0
    0.731015           0           0           0
    0.756664           0           0           0
    0.782314           0           0           0
    0.807964           0           0           0
    0.833613           0           0           0
    0.859263           0 1.12767e-05 1.10288e-05
    0.884913 0.000947621  0.00125198  0.00017897
    0.910562   0.0293903   0.0266551  0.00075345
    0.936212     0.16105    0.175217  0.00202219
    0.961861    0.543237    0.576379  0.00391486
    0.987511     1.15935      1.2241  0.00655915
     1.01316     1.85833     1.88584  0.00634269
     1.03881     2.37006      2.3478  0.00578943
     1.06446     2.49743     2.54435  0.00965099
     1.09011     2.55797     2.52956  0.00727062
     1.11576     2.45601     2.38733  0.00882694
     1.14141     2.24629     2.18492  0.00654745
     1.16706      1.9564     1.96179  0.00634964
     1.19271     1.73513     1.75602   0.0055797
     1.21836     1.53754     1.55701  0.00586314
     1.24401     1.38359     1.38625  0.00487978
     1.26966      1.2136     1.23694  0.00565742
     1.29531     1.13349     1.12187  0.00503838
     1.32096     1.07758     1.01865  0.00585873
     1.34661    0.985963    0.940204   0.0042177
     1.37226    0.881211    0.868441   0.0032687
     1.39791    0.836393    0.816377  0.00466081
     1.42355    0.788771    0.776272  0.00366047
      1.4492    0.714651    0.737243  0.00331623
     1.47485    0.704944    0.706736  0.00373342
      1.5005    0.685622    0.685955  0.00334781
     1.52615    0.676223    0.674514  0.00361277
      1.5518    0.661698    0.667688  0.00306654
     1.57745    0.663011    0.672682  0.00356484
      1.6031    0.649593    0.680265  0.00348638
     1.62875    0.672311    0.690446  0.00337321
      1.6544     0.68703    0.706033   0.0024842
     1.68005    0.731152    0.732434  0.00332338
      1.7057    0.744083    0.757857  0.00360258
     1.73135     0.77914     0.79091  0.00307733
       1.757    0.825611    0.823986    0.002928
     1.78265    0.854943     0.86042  0.00309463
      1.8083    0.875416    0.899981  0.00308833
     1.83395    0.933947    0.939723  0.00248012
      1.8596    0.976402    0.980098  0.00271867
     1.88525    0.998583      1.0169  0.00364678
      1.9109     1.05255     1.06537  0.00303352
     1.93655     1.08432     1.09656  0.00273203
      1.9622     1.14118     1.13801  0.00316684
     1.98785     1.16285     1.16322  0.00329126
      2.0135     1.20413     1.18241  0.00295106
     2.03915     1.22521      1.1965  0.00332411
      2.0648     1.21124     1.20743  0.00271548
     2.09045     1.21304     1.21299  0.00338936
      2.1161     1.23527     1.20458  0.00310536
     2.14174     1.19368     1.18816  0.00271899
     2.16739     1.17686     1.16894  0.00369497
     2.19304     1.15857     1.14565  0.00315079
     2.21869     1.15034     1.11949  0.00319774
     2.24434     1.10903     1.08533   0.0030635
     2.26999     1.07656      1.0587  0.00346373
     2.29564     1.05058     1.03758  0.00303593
     2.32129     1.00221     1.00897  0.00329939
     2.34694    0.976866    0.987717  0.00311369
     2.37259    0.954252    0.960236  0.00301992
     2.39824    0.939015    0.943256  0.00321358
     2.42389    0.920966    0.926839  0.00270564
     2.44954    0.905642    0.916977  0.00204818
     2.47519    0.905862    0.908141  0.00236451
     2.50084      0.8782    0.899297  0.00288681
     2.52649    0.893436    0.895127  0.00217162
     2.55214    0.887241    0.891695  0.00282088
   0.0128248           0           0           0
   0.0384745           0           0           0
   0.0641241           0           0           0
   0.0897737           0           0           0
    0.115423           0           0           0
    0.141073           0           0           0
    0.166723           0           0           0
    0.192372           0           0           0
    0.218022           0           0           0
    0.243672           0           0           0
    0.269321           0           0           0
    0.294971           0           0           0
     0.32062           0           0           0
     0.34627           0           0           0
     0.37192           0           0           0
    0.397569           0           0           0
    0.423219           0           0           0
    0.448869           0           0           0
    0.474518           0           0           0
    0.500168           0           0           0
    0.525818           0           0           0
    0.551467           0           0           0
    0.577117           0           0           0
    0.602767           0           0           0
    0.628416           0           0           0
    0.654066           0           0           0
    0.679715           0           0           0
    0.705365           0           0           0
    0.731015           0           0           0
    0.756664           0           0           0
    0.782314           0           0           0
    0.807964           0           0           0
    0.833613           0           0           0
    0.859263           0 1.08068e-05 1.05793e-05
    0.884913  0.00131444  0.00125458 0.000171531
    0.910562   0.0232697    0.026514 0.000735142
    0.936212    0.172766    0.175114  0.00194051
    0.961861    0.589033    0.576906  0.00378708
    0.987511     1.26802     1.22593  0.00653609
     1.01316     1.94268     1.88821  0.00650553
     1.03881     2.37991     2.34914  0.00570066
     1.06446     2.53649     2.54403  0.00925442
     1.09011     2.55477     2.53061  0.00704316
     1.11576     2.34233     2.38546  0.00865603
     1.14141     2.18806     2.18505  0.00627595
     1.16706      1.9527     1.96142  0.00609638
     1.19271     1.74354      1.7555  0.00537139
     1.21836     1.52749     1.55578  0.00574635
     1.24401     1.35479     1.38494  0.00484927
     1.26966      1.2301     1.23665  0.00542886
     1.29531     1.09638      1.1208   0.0049391
     1.32096     1.02247     1.01881  0.00561677
     1.34661    0.888433    0.938047  0.00456034
     1.37226    0.869782    0.868497  0.00313299
     1.39791    0.809566    0.816093  0.00447524
     1.42355     0.78055     0.77645  0.00351228
      1.4492    0.758704    0.738137  0.00329641
     1.47485    0.717985    0.707204  0.00360717
      1.5005    0.689587    0.686106  0.00321173
     1.52615    0.681218    0.674794  0.00347302
      1.5518    0.691004     0.66866  0.00308882
     1.57745    0.704502    0.674008  0.00365455
      1.6031    0.698859     0.68104  0.00342612
     1.62875    0.700303    0.690856  0.00325757
      1.6544    0.716251    0.706459   0.0024169
     1.68005     0.71955    0.731897  0.00322797
      1.7057    0.737707    0.757017  0.00354896
     1.73135    0.777535    0.790353  0.00299914
       1.757    0.829776    0.824227  0.00281592
     1.78265    0.850875    0.860022  0.00299113
      1.8083    0.909384    0.900373   0.0029844
     1.83395     0.93683    0.939603  0.00237971
      1.8596    0.950096    0.978848  0.00287848
     1.88525     1.01391     1.01678  0.00349696
      1.9109     1.05322     1.06487  0.00294909
     1.93655     1.07612     1.09571   0.0027477
      1.9622     1.13299      1.1378  0.00304179
     1.98785     1.15264     1.16278  0.00318354
      2.0135     1.17799     1.18222  0.00283382
     2.03915     1.18572     1.19605  0.00321583
      2.0648     1.18458     1.20647  0.00276414
     2.09045     1.22164     1.21335  0.00326724
      2.1161     1.22409     1.20539  0.00308052
     2.14174     1.19259     1.18834  0.00261196
     2.16739     1.19914      1.1702  0.00374918
     2.19304     1.18054      1.1471  0.00333808
     2.21869     1.14847      1.1207  0.00328447
     2.24434     1.09173      1.0856  0.00294744
     2.26999      1.0602     1.05876  0.00331997
     2.29564     1.03192     1.03734  0.00291857
     2.32129     1.02833     1.00978  0.00325895
     2.34694    0.995285    0.988033  0.00299987
     2.37259    0.970697    0.960672  0.00292537
     2.39824    0.945637    0.943355  0.00308122
     2.42389    0.932155    0.927061  0.00260195
     2.44954    0.905929    0.916517  0.00201391
     2.47519    0.903548    0.907949  0.00227372
     2.50084    0.906705    0.899605  0.00278298
     2.52649    0.879751    0.894486  0.00217358
     2.55214    0.888354    0.891556  0.00270677
   0.0128248           0           0           0
   0.0384745           0           0           0
   0.0641241           0           0           0
   0.0897737           0           0           0
    0.115423           0           0           0
    0.141073           0           0           0
    0.166723           0           0           0
    0.192372           0           0           0
    0.218022           0           0           0
    0.243672           0           0           0
    0.269321           0           0           0
    0.294971           0           0           0
     0.32062           0           0           0
     0.34627           0           0           0
     0.37192           0           0           0
    0.397569           0           0           0
    0.423219           0           0           0
    0.448869           0           0           0
    0.474518           0           0           0
    0.500168           0           0           0
    0.525818           0           0           0
    0.551467           0           0           0
    0.577117           0           0           0
    0.602767           0           0           0
    0.628416           0           0           0
    0.654066           0           0           0
    0.679715           0           0           0
    0.705365           0           0           0
    0.731015           0           0           0
    0.756664           0           0           0
    0.782314           0           0           0
    0.807964           0           0           0
    0.833613           0           0           0
    0.859263           0 1.03746e-05 1.01649e-05
    0.884913 0.000947621   0.0012423 0.000165109
    0.910562    0.019401   0.0262295   0.0007588
    0.936212    0.178583    0.175253  0.00186785
    0.961861     0.53501     0.57523   0.0039892
    0.987511     1.21514      1.2255  0.00628887
     1.01316     1.89678     1.88855  0.00625435
     1.03881     2.36451     2.34976  0.00550569
     1.06446     2.53913     2.54383  0.00888631
     1.09011     2.55282      2.5315  0.00681722
     1.11576      2.3731     2.38496   0.0083239
     1.14141     2.16442     2.18422  0.00607893
     1.16706     1.92756     1.96006  0.00600102
     1.19271     1.75687     1.75556  0.00515681
     1.21836     1.58874      1.5571  0.00566576
     1.24401     1.38523     1.38495  0.00465531
     1.26966     1.23669     1.23666  0.00521171
     1.29531     1.13481     1.12136  0.00477323
     1.32096     1.02864      1.0192  0.00540585
     1.34661    0.940511    0.938145  0.00437899
     1.37226    0.857261    0.868047  0.00303973
     1.39791    0.810362    0.815864   0.0043021
     1.42355    0.787862    0.776907  0.00340132
      1.4492    0.749061    0.738574  0.00319339
     1.47485    0.707321    0.707209  0.00346288
      1.5005    0.706482    0.686921    0.003185
     1.52615    0.696799    0.675674  0.00344383
      1.5518    0.692117    0.669598  0.00310451
     1.57745    0.678518    0.674188  0.00351282
      1.6031    0.679354    0.680973  0.00328973
     1.62875    0.677798    0.690334  0.00316887
      1.6544    0.690625    0.705826  0.00240178
     1.68005    0.722493    0.731521  0.00312069
      1.7057    0.756993    0.757016    0.003407
     1.73135    0.776161    0.789785  0.00293241
       1.757    0.800417    0.823274  0.00285981
     1.78265    0.839207    0.859189  0.00298512
      1.8083    0.889413    0.899934  0.00289704
     1.83395    0.922588    0.938922  0.00237986
      1.8596    0.968468    0.978433  0.00279313
     1.88525     1.02591     1.01714  0.00337612
      1.9109     1.07669     1.06534  0.00286879
     1.93655     1.09384     1.09564  0.00263881
      1.9622     1.10592     1.13652  0.00317622
     1.98785     1.15524     1.16248  0.00307048
      2.0135     1.18624     1.18238  0.00272502
     2.03915     1.19851     1.19615   0.0030887
      2.0648      1.2192     1.20698  0.00270001
     2.09045     1.22098     1.21365  0.00315076
      2.1161     1.22505     1.20618    0.003056
     2.14174     1.21706     1.18949  0.00274846
     2.16739     1.17954     1.17057  0.00361777
     2.19304      1.1564     1.14747  0.00322522
     2.21869     1.12068      1.1207  0.00315309
     2.24434     1.09409     1.08594  0.00284908
     2.26999     1.05401     1.05857   0.0031926
     2.29564     1.02571     1.03688  0.00283865
     2.32129     1.02069     1.01022  0.00315769
     2.34694    0.979643    0.987697  0.00289859
     2.37259    0.963582    0.960789  0.00281067
     2.39824    0.942606    0.943325  0.00295811
     2.42389    0.922804     0.92689  0.00250344
     2.44954    0.902374    0.915951  0.00201123
     2.47519     0.90998    0.908031  0.00218422
     2.50084     0.89059    0.899245  0.00269492
     2.52649    0.888073     0.89423  0.00210172
     2.55214    0.886899    0.891369   0.0026049
   0.0128248           0           0           0
   0.0384745           0           0           0
   0.0641241           0           0           0
   0.0897737           0           0           0
    0.115423           0           0           0
    0.141073           0           0           0
    0.166723           0           0           0
    0.192372           0           0           0
    0.218022           0           0           0
    0.243672           0           0           0
    0.269321           0           0           0
    0.294971           0           0           0
     0.32062           0           0           0
     0.34627           0           0           0
     0.37192           0           0           0
    0.397569           0           0           0
    0.423219           0           0           0
    0.448869           0           0           0
    0.474518           0           0           0
    0.500168           0           0           0
    0.525818           0           0           0
    0.551467           0           0           0
    0.577117           0           0           0
    0.602767           0           0           0
    0.628416           0           0           0
    0.654066           0           0           0
    0.679715           0           0           0
    0.705365           0           0           0
    0.731015           0           0           0
    0.756664           0           0           0
    0.782314           0           0           0
    0.807964           0           0           0
    0.833613           0           0           0
    0.859263           0 9.97553e-06 9.78182e-06
    0.884913 0.000550231  0.00121568  0.00016089
    0.910562   0.0235873   0.0261279 0.000736389
    0.936212    0.180522    0.175456  0.00180696
    0.961861    0.551362    0.574312  0.00393999
    0.987511     1.27077     1.22724  0.00628336
     1.01316      1.9291     1.89011  0.00620524
     1.03881     2.37951      2.3509  0.00541155
     1.06446     2.59034     2.54562  0.00872274
     1.09011     2.53533     2.53164  0.00655661
     1.11576     2.37388     2.38454  0.00801465
     1.14141     2.16649     2.18354  0.00588325
     1.16706     1.96637      1.9603  0.00577511
     1.19271     1.72364     1.75433  0.00510253
     1.21836     1.50845     1.55523   0.0057485
     1.24401     1.36093     1.38402  0.00456698
     1.26966     1.23828     1.23672  0.00501163
     1.29531     1.10487     1.12073  0.00463162
     1.32096    0.999984     1.01847  0.00524824
     1.34661    0.940696    0.938243  0.00421167
     1.37226     0.89377    0.869037  0.00307961
     1.39791    0.822686    0.816126  0.00414463
     1.42355    0.790425    0.777427     0.00331
      1.4492    0.730528    0.738264  0.00308552
     1.47485     0.72297    0.707815  0.00338234
      1.5005    0.714041    0.687964  0.00322879
     1.52615    0.665072    0.675266  0.00333543
      1.5518    0.668061    0.669539  0.00298567
     1.57745    0.673323    0.674155  0.00337787
      1.6031    0.678357    0.680872  0.00316474
     1.62875    0.685766    0.690158  0.00305186
      1.6544    0.686567    0.705085  0.00242093
     1.68005     0.71017      0.7307  0.00310683
      1.7057    0.732186    0.756061  0.00340718
     1.73135    0.749496    0.788236  0.00320299
       1.757    0.819346    0.823123  0.00275381
     1.78265    0.849941    0.858834  0.00289143
      1.8083    0.908696    0.900271  0.00280515
     1.83395    0.946417     0.93921  0.00230572
      1.8596    0.987242    0.978772  0.00270617
     1.88525     1.04906     1.01837  0.00346232
      1.9109     1.06332     1.06526  0.00275951
     1.93655     1.08374     1.09518  0.00257667
      1.9622     1.13726     1.13655  0.00305418
     1.98785     1.16721     1.16266  0.00295776
      2.0135     1.19876     1.18301  0.00269203
     2.03915     1.23352     1.19759  0.00328733
      2.0648     1.23863      1.2082  0.00285739
     2.09045     1.20776     1.21343  0.00303773
      2.1161     1.22449     1.20688  0.00301856
     2.14174     1.23029     1.19106  0.00305802
     2.16739     1.17669     1.17081  0.00348628
     2.19304     1.15201     1.14765  0.00310589
     2.21869     1.11877     1.12063  0.00303269
     2.24434     1.07612     1.08556  0.00276438
     2.26999      1.0487     1.05819  0.00309228
     2.29564     1.00118      1.0355  0.00304343
     2.32129    0.999964     1.00982  0.00306077
     2.34694    0.962233    0.986718  0.00294792
     2.37259    0.936068    0.959838  0.00285887
     2.39824    0.903866    0.941808  0.00321014
     2.42389    0.918847    0.926581  0.00242619
     2.44954    0.909639    0.915708  0.00194847
     2.47519    0.910101     0.90811  0.00210166
     2.50084    0.910272    0.899669  0.00262443
     2.52649    0.895814    0.894291  0.00202177
     2.55214    0.889416    0.891294   0.0025058
   0.0128248           0           0           0
   0.0384745           0           0           0
   0.0641241           0           0           0
   0.0897737           0           0           0
    0.115423           0           0           0
    0.141073           0           0           0
    0.166723           0           0           0
    0.192372           0           0           0
    0.218022           0           0           0
    0.243672           0           0           0
    0.269321           0           0           0
    0.294971           0           0           0
     0.32062           0           0           0
     0.34627           0           0           0
     0.37192           0           0           0
    0.397569           0           0           0
    0.423219           0           0           0
    0.448869           0           0           0
    0.474518           0           0           0
    0.500168           0           0           0
    0.525818           0           0           0
    0.551467           0           0           0
    0.577117           0           0           0
    0.602767           0           0           0
    0.628416           0           0           0
    0.654066           0           0           0
    0.679715           0           0           0
    0.705365           0           0           0
    0.731015           0           0           0
    0.756664           0           0           0
    0.782314           0           0           0
    0.807964           0           0           0
    0.833613           0           0           0
    0.859263           0 9.60607e-06  9.4265e-06
    0.884913 0.000611368   0.0011933  0.00015648
    0.910562   0.0304296   0.0262872 0.000726146
    0.936212    0.178938    0.175585  0.00174464
    0.961861    0.573613    0.574286  0.00379415
    0.987511     1.20672     1.22648  0.00609642
     1.01316      1.8702     1.88937  0.00601908
     1.03881     2.34255     2.35059  0.00521995
     1.06446     2.56231     2.54624  0.00842154
     1.09011     2.55852     2.53264  0.00638887
     1.11576     2.45078     2.38699   0.0080846
     1.14141     2.24344     2.18576  0.00606927
     1.16706     1.96936     1.96064  0.00557094
     1.19271     1.73116     1.75347   0.0049852
     1.21836     1.60568     1.55709  0.00583137
     1.24401     1.38995     1.38424   0.0044031
     1.26966     1.23782     1.23676  0.00482619
     1.29531     1.10427     1.12012  0.00450004
     1.32096     1.01514     1.01834   0.0050553
     1.34661    0.918584    0.937515  0.00411813
     1.37226    0.853409    0.868458  0.00301946
     1.39791    0.803269     0.81565  0.00401839
     1.42355    0.721322    0.775349  0.00378386
      1.4492    0.709761    0.737209  0.00314667
     1.47485    0.677156     0.70668   0.0034424
      1.5005     0.65532    0.686755  0.00332788
     1.52615    0.658659    0.674651  0.00326812
      1.5518    0.668031    0.669483  0.00287561
     1.57745    0.675931    0.674221  0.00325341
      1.6031    0.686284    0.681072  0.00305387
     1.62875    0.709399    0.690871  0.00302088
      1.6544    0.718105    0.705567  0.00237881
     1.68005    0.759988    0.731785  0.00317549
      1.7057     0.75538    0.756036  0.00328109
     1.73135    0.773917    0.787705  0.00312795
       1.757    0.838367    0.823688  0.00270908
     1.78265    0.873037     0.85936  0.00283179
      1.8083    0.899069    0.900227  0.00270161
     1.83395    0.941961    0.939312  0.00222257
      1.8596    0.973079    0.978561  0.00261414
     1.88525      1.0223     1.01852  0.00333715
      1.9109     1.05442     1.06486  0.00268637
     1.93655     1.09526     1.09518  0.00248124
      1.9622     1.13136     1.13636  0.00294712
     1.98785     1.16983     1.16293  0.00286008
      2.0135     1.18699     1.18316  0.00259636
     2.03915      1.1947     1.19748  0.00316732
      2.0648     1.22537     1.20884  0.00282146
     2.09045     1.22894       1.214  0.00297903
      2.1161     1.21412     1.20715  0.00291864
     2.14174     1.20823      1.1917   0.0030101
     2.16739     1.17919     1.17112  0.00337094
     2.19304     1.17758     1.14876  0.00318258
     2.21869     1.14048     1.12136  0.00300817
     2.24434     1.11283     1.08657   0.0028405
     2.26999     1.07155     1.05869  0.00301705
     2.29564     1.01853     1.03488  0.00299492
     2.32129    0.973446     1.00848  0.00323035
     2.34694    0.963289     0.98585  0.00296369
     2.37259    0.955111    0.959663  0.00275834
     2.39824    0.926882    0.941255  0.00313849
     2.42389    0.907634    0.925879   0.0024357
     2.44954    0.893019    0.914868  0.00204952
     2.47519     0.89228    0.907524  0.00210402
     2.50084    0.878641     0.89889  0.00264027
     2.52649    0.889521    0.894114  0.00195459
     2.55214    0.874219    0.890662  0.00249151
   0.0128248           0           0           0
   0.0384745           0           0           0
   0.0641241           0           0           0
   0.0897737           0           0           0
    0.115423           0           0           0
    0.141073           0           0           0
    0.166723           0           0           0
    0.192372           0           0           0
    0.218022           0           0           0
    0.243672           0           0           0
    0.269321           0           0           0
    0.294971           0           0           0
     0.32062           0           0           0
     0.34627           0           0           0
     0.37192           0           0           0
    0.397569           0           0           0
    0.423219           0           0           0
    0.448869           0           0           0
    0.474518           0           0           0
    0.500168           0           0           0
    0.525818           0           0           0
    0.551467           0           0           0
    0.577117           0           0           0
    0.602767           0           0           0
    0.628416           0           0           0
    0.654066           0           0           0
    0.679715           0           0           0
    0.705365           0           0           0
    0.731015           0           0           0
    0.756664           0           0           0
    0.782314           0           0           0
    0.807964           0           0           0
    0.833613           0           0           0
    0.859263           0   9.263e-06 9.09608e-06
    0.884913  0.00137558  0.00119981 0.000151027
    0.910562   0.0243668   0.0262186 0.000703444
    0.936212    0.164463    0.175188  0.00172695
    0.961861    0.592681    0.574943  0.00371509
    0.987511     1.24398     1.22711  0.00591066
     1.01316     1.96427     1.89205  0.00637083
     1.03881     2.38976     2.35199  0.00521757
     1.06446      2.5682     2.54702  0.00815723
     1.09011     2.58148     2.53438  0.00639439
     1.11576     2.35392     2.38581  0.00788164
     1.14141     2.16653     2.18507  0.00589124
     1.16706     1.98275     1.96143  0.00542766
     1.19271     1.68485     1.75102  0.00537595
     1.21836     1.47084     1.55401  0.00638509
     1.24401     1.34964     1.38301  0.00441587
     1.26966     1.18549     1.23493  0.00498907
     1.29531     1.07179     1.11839  0.00465855
     1.32096      1.0263     1.01863  0.00488273
     1.34661    0.952247    0.938041  0.00400453
     1.37226    0.890961    0.869262  0.00301668
     1.39791    0.794033    0.814878  0.00394834
     1.42355    0.762713    0.774897  0.00367554
      1.4492    0.752378     0.73775  0.00308057
     1.47485    0.703579    0.706569  0.00332124
      1.5005    0.694553    0.687034  0.00322066
     1.52615     0.66907    0.674452  0.00315748
      1.5518    0.677624    0.669774  0.00278757
     1.57745    0.676806    0.674313  0.00313852
      1.6031    0.681692    0.681095  0.00294489
     1.62875    0.701738    0.691259  0.00293781
      1.6544    0.721604     0.70614  0.00236179
     1.68005    0.722841    0.731465   0.0030781
      1.7057     0.76741    0.756442  0.00318895
     1.73135    0.814709     0.78867  0.00316142
       1.757    0.839662    0.824259  0.00267172
     1.78265    0.899997    0.860811   0.0030802
      1.8083    0.911741    0.900638  0.00263623
     1.83395    0.957954    0.939978   0.0022407
      1.8596     1.00555    0.979525  0.00269265
     1.88525     1.03924     1.01926  0.00329904
      1.9109     1.06725     1.06495  0.00259178
     1.93655     1.10229     1.09543  0.00240558
      1.9622     1.14012     1.13649  0.00284492
     1.98785      1.1661     1.16304  0.00276018
      2.0135     1.17185     1.18276  0.00253487
     2.03915     1.18582     1.19707  0.00308147
      2.0648     1.19001     1.20816  0.00279966
     2.09045     1.18345     1.21291    0.003066
      2.1161     1.18117     1.20622  0.00295823
     2.14174     1.16157     1.19062  0.00308894
     2.16739     1.15492     1.17054  0.00329982
     2.19304     1.13579     1.14829  0.00310242
     2.21869     1.10617     1.12082  0.00294927
     2.24434     1.07598     1.08619  0.00276411
     2.26999     1.04777      1.0583  0.00293438
     2.29564     1.02318     1.03446  0.00291692
     2.32129    0.997205     1.00807  0.00313996
     2.34694    0.967996    0.985212  0.00292564
     2.37259    0.964934    0.959851  0.00266624
     2.39824    0.953786    0.941702  0.00305814
     2.42389    0.943372    0.926504  0.00242751
     2.44954     0.91807    0.914982  0.00197951
     2.47519    0.889923    0.906895   0.0021207
     2.50084    0.899329    0.898906  0.00254602
     2.52649    0.907016    0.894575  0.00193834
     2.55214    0.905025    0.891175  0.00245477
   0.0128248           0           0           0
   0.0384745           0           0           0
   0.0641241           0           0           0
   0.0897737           0           0           0
    0.115423           0           0           0
    0.141073           0           0           0
    0.166723           0           0           0
    0.192372           0           0           0
    0.218022           0           0           0
    0.243672           0           0           0
    0.269321           0           0           0
    0.294971           0           0           0
     0.32062           0           0           0
     0.34627           0           0           0
     0.37192           0           0           0
    0.397569           0           0           0
    0.423219           0           0           0
    0.448869           0           0           0
    0.474518           0           0           0
    0.500168           0           0           0
    0.525818           0           0           0
    0.551467           0           0           0
    0.577117           0           0           0
    0.602767           0           0           0
    0.628416           0           0           0
    0.654066           0           0           0
    0.679715           0           0           0
    0.705365           0           0           0
    0.731015           0           0           0
    0.756664           0           0           0
    0.782314           0           0           0
    0.807964           0           0           0
    0.833613           0           0           0
    0.859263           0 8.94358e-06 8.78803e-06
    0.884913 0.000703073  0.00118268 0.000146787
    0.910562   0.0235584   0.0261269 0.000685142
    0.936212    0.190654    0.175721  0.00174781
    0.961861    0.578244    0.575057  0.00358872
    0.987511     1.20802     1.22645  0.00574335
     1.01316     1.85303      1.8907  0.00629157
     1.03881      2.3627     2.35236   0.0050507
     1.06446     2.60866     2.54915  0.00814813
     1.09011     2.54826     2.53486  0.00619178
     1.11576     2.41109     2.38668  0.00765792
     1.14141     2.17458     2.18471   0.0056992
     1.16706     1.90907     1.95962   0.0055326
     1.19271     1.71504     1.74978  0.00533184
     1.21836     1.52267     1.55293  0.00625571
     1.24401     1.37459     1.38272  0.00427313
     1.26966     1.26008      1.2358  0.00489185
     1.29531     1.13527     1.11898  0.00453411
     1.32096     1.03623     1.01923  0.00475194
     1.34661    0.893727    0.936513  0.00414776
     1.37226    0.839654    0.868241  0.00308057
     1.39791    0.796483    0.814244  0.00386281
     1.42355    0.759169    0.774355  0.00358859
      1.4492    0.742519    0.737915  0.00297873
     1.47485    0.754632    0.708226  0.00359654
      1.5005    0.713775    0.687956  0.00323892
     1.52615    0.682256    0.674721  0.00306005
      1.5518     0.67985    0.670121  0.00271301
     1.57745    0.703204    0.675309  0.00318449
      1.6031    0.711061    0.682128   0.0030192
     1.62875    0.708388     0.69185  0.00289527
      1.6544    0.704549    0.706085  0.00228099
     1.68005    0.713088    0.730832   0.0030365
      1.7057    0.756047    0.756429  0.00307901
     1.73135    0.790208    0.788723  0.00305285
       1.757    0.824293     0.82426  0.00257959
     1.78265    0.840013    0.860094  0.00305634
      1.8083     0.88352    0.900048  0.00261058
     1.83395    0.933064     0.93974  0.00217608
      1.8596    0.969714    0.979187  0.00262096
     1.88525     1.01425     1.01908   0.0031898
      1.9109     1.04562     1.06428   0.0025867
     1.93655      1.0972      1.0955   0.0023234
      1.9622     1.14651     1.13684  0.00276771
     1.98785     1.13914     1.16222  0.00278538
      2.0135     1.16859     1.18227  0.00249406
     2.03915     1.19578     1.19702  0.00297554
      2.0648      1.2192     1.20854  0.00272887
     2.09045     1.19664     1.21235  0.00301116
      2.1161     1.18976     1.20566  0.00291022
     2.14174     1.17944     1.19024   0.0030064
     2.16739     1.19409     1.17135  0.00328441
     2.19304     1.14407     1.14815  0.00299886
     2.21869     1.12209     1.12086  0.00284789
     2.24434     1.12365     1.08748  0.00295529
     2.26999     1.08475     1.05921  0.00297155
     2.29564     1.05483     1.03516  0.00289967
     2.32129     1.03124     1.00887  0.00313162
     2.34694    0.977735    0.984954  0.00283609
     2.37259    0.957156    0.959758  0.00257592
     2.39824    0.926412    0.941175   0.0029978
     2.42389    0.928459    0.926571  0.00234474
     2.44954    0.895604    0.914314  0.00202089
     2.47519    0.902392     0.90674  0.00205325
     2.50084    0.897492    0.898857  0.00245869
     2.52649    0.888137    0.894353  0.00188417
     2.55214    0.892948    0.891236  0.00237089
   0.0128248           0           0           0
   0.0384745           0           0           0
   0.0641241           0           0           0
   0.0897737           0           0           0
    0.115423           0           0           0
    0.141073           0           0           0
    0.166723           0           0           0
    0.192372           0           0           0
    0.218022           0           0           0
    0.243672           0           0           0
    0.269321           0           0           0
    0.294971           0           0           0
     0.32062           0           0           0
     0.34627           0           0           0
     0.37192           0           0           0
    0.397569           0           0           0
    0.423219           0           0           0
    0.448869           0           0           0
    0.474518           0           0           0
    0.500168           0           0           0
    0.525818           0           0           0
    0.551467           0           0           0
    0.577117           0           0           0
    0.602767           0           0           0
    0.628416           0           0           0
    0.654066           0           0           0
    0.679715           0           0           0
    0.705365           0           0           0
    0.731015           0           0           0
    0.756664           0           0           0
    0.782314           0           0           0
    0.807964           0           0           0
    0.833613           0           0           0
    0.859263           0 8.64546e-06 8.50015e-06
    0.884913           0  0.00114326 0.000147093
    0.910562   0.0204404   0.0259374 0.000688025
    0.936212    0.161186    0.175236  0.00175542
    0.961861    0.583445    0.575337  0.00347997
    0.987511     1.22366     1.22635  0.00555266
     1.01316     1.86917     1.88998  0.00612264
     1.03881     2.34584     2.35214  0.00488702
     1.06446      2.5915     2.55056  0.00799792
     1.09011     2.56246     2.53578  0.00605336
     1.11576     2.42459     2.38794  0.00750618
     1.14141     2.20425     2.18536  0.00554632
     1.16706     1.96291     1.95973  0.00534926
     1.19271     1.76446     1.75027  0.00517652
     1.21836     1.57176     1.55356  0.00607859
     1.24401     1.37201     1.38236  0.00414558
     1.26966     1.22934     1.23558  0.00473351
     1.29531      1.0791     1.11765  0.00457366
     1.32096    0.995141     1.01843   0.0046609
     1.34661    0.946029     0.93683  0.00402161
     1.37226    0.836997    0.867199  0.00314901
     1.39791    0.798333    0.813713  0.00377028
     1.42355    0.794158    0.775015  0.00352915
      1.4492    0.745517    0.738168   0.0028902
     1.47485    0.716477    0.708501  0.00348715
      1.5005    0.680199    0.687697  0.00314126
     1.52615    0.679954    0.674895  0.00296301
      1.5518    0.666202    0.669991  0.00262572
     1.57745    0.634631    0.673953  0.00335461
      1.6031     0.65698     0.68129   0.0030327
     1.62875    0.675127    0.691292  0.00285192
      1.6544    0.697167    0.705788  0.00222424
     1.68005    0.712452    0.730219  0.00299645
      1.7057    0.743524    0.755999  0.00300628
     1.73135     0.78231    0.788509  0.00295857
       1.757    0.815406    0.823965  0.00251043
     1.78265    0.899847    0.861419  0.00322896
      1.8083    0.926646    0.900934  0.00266988
     1.83395     0.94342    0.939862    0.002107
      1.8596    0.985657    0.979402  0.00254246
     1.88525     1.02653     1.01933  0.00309311
      1.9109     1.09499      1.0653   0.0026954
     1.93655     1.09608     1.09552  0.00224603
      1.9622     1.13781     1.13687  0.00267564
     1.98785     1.15238     1.16189  0.00271178
      2.0135      1.1859     1.18239  0.00241385
     2.03915     1.21134      1.1975   0.0029144
      2.0648     1.24069     1.20962   0.0028405
     2.09045     1.23086     1.21297  0.00297332
      2.1161     1.21137     1.20585  0.00281943
     2.14174     1.17999      1.1899  0.00292551
     2.16739     1.16188     1.17104  0.00319007
     2.19304     1.12007     1.14721  0.00304147
     2.21869       1.111     1.12053  0.00277187
     2.24434     1.09875     1.08786  0.00288057
     2.26999     1.04627     1.05878  0.00290361
     2.29564     1.02276     1.03475  0.00283233
     2.32129     1.00146     1.00862  0.00303696
     2.34694    0.987036    0.985024   0.0027424
     2.37259    0.965551    0.959951  0.00249728
     2.39824    0.945487    0.941319  0.00290131
     2.42389    0.910319     0.92603  0.00232832
     2.44954     0.89963    0.913824  0.00201193
     2.47519    0.897152     0.90642  0.00200953
     2.50084    0.895195    0.898735  0.00237976
     2.52649    0.881128    0.893912  0.00187222
     2.55214    0.879048     0.89083   0.0023264
   0.0128248           0           0           0
   0.0384745           0           0           0
   0.0641241           0           0           0
   0.0897737           0           0           0
    0.115423           0           0           0
    0.141073           0           0           0
    0.166723           0           0           0
    0.192372           0           0           0
    0.218022           0           0           0
    0.243672           0           0           0
    0.269321           0           0           0
    0.294971           0           0           0
     0.32062           0           0           0
     0.34627           0           0           0
     0.37192           0           0           0
    0.397569           0           0           0
    0.423219           0           0           0
    0.448869           0           0           0
    0.474518           0           0           0
    0.500168           0           0           0
    0.525818           0           0           0
    0.551467           0           0           0
    0.577117           0           0           0
    0.602767           0           0           0
    0.628416           0           0           0
    0.654066           0           0           0
    0.679715           0           0           0
    0.705365           0           0           0
    0.731015           0           0           0
    0.756664           0           0           0
    0.782314           0           0           0
    0.807964           0           0           0
    0.833613           0           0           0
    0.859263           0 8.36658e-06 8.23053e-06
    0.884913 0.000611368   0.0011261 0.000143345
    0.910562   0.0249153   0.0259044  0.00066662
    0.936212    0.175988    0.175261  0.00169896
    0.961861    0.584091    0.575619  0.00337915
    0.987511     1.20468     1.22566  0.00541736
     1.01316     1.86903     1.88931  0.00596233
     1.03881     2.32419     2.35124  0.00481186
     1.06446     2.53936      2.5502  0.00774807
     1.09011     2.58039     2.53722  0.00602672
     1.11576     2.42501     2.38914  0.00735867
     1.14141     2.20056     2.18585  0.00538903
     1.16706     1.98955      1.9607  0.00526247
     1.19271     1.78053     1.75125  0.00510074
     1.21836     1.53591     1.55299   0.0059091
     1.24401     1.38542     1.38246  0.00401302
     1.26966     1.24026     1.23573  0.00458322
     1.29531     1.14315     1.11847  0.00449948
     1.32096     1.02616     1.01868  0.00451722
     1.34661    0.932195    0.936681  0.00389466
     1.37226    0.850892    0.866673  0.00309105
     1.39791    0.799754    0.813263  0.00367545
     1.42355    0.765288    0.774701  0.00342923
      1.4492    0.729958    0.737903  0.00280907
     1.47485    0.705296    0.708398   0.0033762
      1.5005    0.683676    0.687568  0.00304261
     1.52615    0.646408    0.673976  0.00300656
      1.5518     0.65306    0.669445   0.0025972
     1.57745    0.669264    0.673802  0.00324981
      1.6031    0.685166    0.681415  0.00293744
     1.62875    0.708072    0.691834  0.00281082
      1.6544    0.726764    0.706465  0.00225306
     1.68005    0.730974    0.730243  0.00289989
      1.7057    0.733831    0.755283  0.00299313
     1.73135    0.781727     0.78829   0.0028712
       1.757    0.837708    0.824408  0.00246829
     1.78265    0.856886    0.861273  0.00312811
      1.8083    0.895577    0.900762  0.00258934
     1.83395    0.921306    0.939264  0.00212235
      1.8596    0.984771    0.979576  0.00246633
     1.88525     1.00596      1.0189  0.00302327
      1.9109     1.04767     1.06473  0.00266781
     1.93655      1.0821     1.09508  0.00221488
      1.9622     1.13336     1.13676  0.00259172
     1.98785     1.17279     1.16224  0.00264701
      2.0135     1.20305     1.18306  0.00242624
     2.03915     1.23343     1.19866   0.0030422
      2.0648     1.21806     1.20989  0.00276189
     2.09045     1.21848     1.21314  0.00288271
      2.1161     1.24348     1.20706  0.00297844
     2.14174     1.18597     1.18977  0.00283388
     2.16739     1.15431      1.1705  0.00313247
     2.19304     1.13868     1.14694  0.00295578
     2.21869     1.12198     1.12058  0.00268284
     2.24434      1.1013     1.08829  0.00282009
     2.26999     1.04429     1.05831  0.00284732
     2.29564     1.03179     1.03465  0.00274257
     2.32129    0.994731     1.00818  0.00297188
     2.34694    0.968431    0.984489  0.00270567
     2.37259    0.965377    0.960126  0.00242285
     2.39824    0.955542    0.941778  0.00284377
     2.42389    0.933014    0.926255  0.00226409
     2.44954    0.902825     0.91347  0.00197807
     2.47519    0.892467     0.90597  0.00199447
     2.50084    0.907241    0.899009  0.00231876
     2.52649    0.889078    0.893756  0.00181831
     2.55214    0.876972    0.890383  0.00229391
   0.0128248           0           0           0
   0.0384745           0           0           0
   0.0641241           0           0           0
   0.0897737           0           0           0
    0.115423           0           0           0
    0.141073           0           0           0
    0.166723           0           0           0
    0.192372           0           0           0
    0.218022           0           0           0
    0.243672           0           0           0
    0.269321           0           0           0
    0.294971           0           0           0
     0.32062           0           0           0
     0.34627           0           0           0
     0.37192           0           0           0
    0.397569           0           0           0
    0.423219           0           0           0
    0.448869           0           0           0
    0.474518           0           0           0
    0.500168           0           0           0
    0.525818           0           0           0
    0.551467           0           0           0
    0.577117           0           0           0
    0.602767           0           0           0
    0.628416           0           0           0
    0.654066           0           0           0
    0.679715           0           0           0
    0.705365           0           0           0
    0.731015           0           0           0
    0.756664           0           0           0
    0.782314           0           0           0
    0.807964           0           0           0
    0.833613           0           0           0
    0.859263           0 8.10512e-06 7.97747e-06
    0.884913  0.00143671  0.00113581 0.000139194
    0.910562   0.0231542   0.0258184 0.000651305
    0.936212    0.175688    0.175274  0.00164592
    0.961861    0.604894    0.576534  0.00339513
    0.987511     1.24317      1.2262  0.00527566
     1.01316     1.89587     1.88951  0.00577953
     1.03881     2.33233     2.35065  0.00469764
     1.06446     2.60743     2.55199  0.00770962
     1.09011     2.57203     2.53831  0.00593576
     1.11576     2.42847     2.39037  0.00723064
     1.14141     2.18601     2.18586  0.00522062
     1.16706     1.94199     1.96011  0.00513037
     1.19271     1.70476     1.74979  0.00514408
     1.21836     1.51351     1.55176  0.00585181
     1.24401      1.4005     1.38302  0.00392702
     1.26966     1.25781     1.23642  0.00449163
     1.29531     1.10507     1.11805  0.00437832
     1.32096     1.00734     1.01833  0.00438994
     1.34661    0.925396    0.936328  0.00378889
     1.37226     0.86143    0.866509   0.0029988
     1.39791    0.829007    0.813755  0.00359337
     1.42355    0.788771    0.775141  0.00335014
      1.4492    0.714525    0.737173  0.00281469
     1.47485    0.681976    0.707572  0.00337014
      1.5005    0.675117    0.687179   0.0029723
     1.52615    0.697488    0.674711  0.00300104
      1.5518    0.683121    0.669872  0.00255096
     1.57745    0.685329    0.674162  0.00316815
      1.6031    0.669397    0.681039  0.00286956
     1.62875    0.701638     0.69214  0.00273963
      1.6544     0.68285    0.705727  0.00230034
     1.68005    0.755637    0.731037  0.00291583
      1.7057    0.774395    0.755881  0.00295858
     1.73135    0.773214    0.787819  0.00281987
       1.757    0.839771    0.824888   0.0024374
     1.78265    0.863071    0.861329  0.00303086
      1.8083    0.908747    0.901011  0.00252042
     1.83395    0.931954    0.939035  0.00206828
      1.8596    0.957593    0.978889  0.00248308
     1.88525    0.971156     1.01741  0.00327633
      1.9109      1.0377     1.06389  0.00271495
     1.93655     1.09004     1.09492  0.00215127
      1.9622      1.1418     1.13692  0.00251552
     1.98785     1.15602     1.16205  0.00257141
      2.0135     1.17605     1.18284  0.00236028
     2.03915     1.20318      1.1988  0.00295041
      2.0648     1.20395      1.2097  0.00268182
     2.09045     1.22744     1.21359  0.00282703
      2.1161     1.21846     1.20742   0.0029066
     2.14174      1.2014     1.19013  0.00276855
     2.16739     1.15896     1.17014  0.00305525
     2.19304     1.16217     1.14741  0.00290147
     2.21869     1.13858     1.12114  0.00265732
     2.24434     1.11559     1.08914  0.00285811
     2.26999     1.05506     1.05821  0.00276015
     2.29564      1.0509     1.03516  0.00270345
     2.32129     1.03622     1.00905  0.00300541
     2.34694    0.975871    0.984219  0.00263449
     2.37259    0.959589    0.960109   0.0023472
     2.39824    0.937167    0.941633  0.00275855
     2.42389     0.92152    0.926107  0.00219817
     2.44954    0.904748    0.913197  0.00193494
     2.47519    0.914747    0.906245  0.00195091
     2.50084     0.91059    0.899371  0.00227436
     2.52649     0.91005    0.894265  0.00183139
     2.55214     0.90357    0.890795  0.00225893
   0.0128248           0           0           0
   0.0384745           0           0           0
   0.0641241           0           0           0
   0.0897737           0           0           0
    0.115423           0           0           0
    0.141073           0           0           0
    0.166723           0           0           0
    0.192372           0           0           0
    0.218022           0           0           0
    0.243672           0           0           0
    0.269321           0           0           0
    0.294971           0           0           0
     0.32062           0           0           0
     0.34627           0           0           0
     0.37192           0           0           0
    0.397569           0           0           0
    0.423219           0           0           0
    0.448869           0           0           0
    0.474518           0           0           0
    0.500168           0           0           0
    0.525818           0           0           0
    0.551467           0           0           0
    0.577117           0           0           0
    0.602767           0           0           0
    0.628416           0           0           0
    0.654066           0           0           0
    0.679715           0           0           0
    0.705365           0           0           0
    0.731015           0           0           0
    0.756664           0           0           0
    0.782314           0           0           0
    0.807964           0           0           0
    0.833613           0           0           0
    0.859263           0 7.85951e-06 7.73951e-06
    0.884913  0.00250661  0.00117735 0.000141038
    0.910562   0.0232697   0.0257412 0.000636131
    0.936212    0.179976    0.175417   0.0016022
    0.961861    0.584454    0.576774  0.00330072
    0.987511     1.19818     1.22535  0.00518368
     1.01316     1.83582     1.88789  0.00582889
     1.03881     2.29442     2.34895  0.00485451
     1.06446     2.49177     2.55016  0.00768893
     1.09011     2.55634     2.53886  0.00578098
     1.11576     2.39478      2.3905  0.00701276
     1.14141     2.15931     2.18505  0.00512403
     1.16706     2.02518     1.96208  0.00534036
     1.19271     1.76189     1.75016  0.00500123
     1.21836     1.59542     1.55308  0.00582213
     1.24401     1.36364     1.38243   0.0038517
     1.26966     1.22732     1.23615  0.00436397
     1.29531     1.12083     1.11813  0.00424646
     1.32096     1.03512     1.01883   0.0042863
     1.34661    0.934967    0.936287   0.0036743
     1.37226    0.887007     0.86713  0.00297156
     1.39791    0.816438    0.813836   0.0034854
     1.42355    0.778423     0.77524  0.00325009
      1.4492    0.728465    0.736909  0.00274174
     1.47485    0.711899    0.707703  0.00327057
      1.5005    0.686026    0.687144  0.00288243
     1.52615    0.664856    0.674412  0.00292492
      1.5518    0.665148    0.669729  0.00247767
     1.57745    0.685849    0.674516  0.00309188
      1.6031    0.698161    0.681558  0.00282912
     1.62875    0.687624    0.692003  0.00266003
      1.6544    0.723843    0.706276   0.0022952
     1.68005    0.758801    0.731878  0.00294635
      1.7057    0.769524    0.756294  0.00289767
     1.73135    0.780873    0.787609  0.00274226
       1.757    0.824402    0.824873  0.00236358
     1.78265    0.854943    0.861136  0.00294519
      1.8083    0.914135    0.901409  0.00247522
     1.83395    0.948118     0.93931  0.00202384
      1.8596    0.977121    0.978835  0.00240842
     1.88525     1.02027      1.0175   0.0031782
      1.9109     1.06824     1.06402  0.00263588
     1.93655     1.09086      1.0948   0.0020896
      1.9622     1.11105     1.13613  0.00255853
     1.98785     1.14959     1.16167  0.00252107
      2.0135     1.17855     1.18271  0.00229233
     2.03915     1.19193     1.19859  0.00286833
      2.0648      1.1866       1.209   0.0026904
     2.09045     1.21383      1.2136  0.00274138
      2.1161     1.20314     1.20729  0.00282142
     2.14174     1.15616      1.1891  0.00286964
     2.16739     1.13741     1.16914  0.00311947
     2.19304     1.13683     1.14709  0.00283121
     2.21869     1.11721     1.12102  0.00257947
     2.24434     1.08507     1.08902  0.00277416
     2.26999     1.05164     1.05801  0.00268369
     2.29564      1.0199      1.0347  0.00266078
     2.32129     1.00489     1.00893  0.00291698
     2.34694    0.982694    0.984173  0.00255506
     2.37259    0.961405    0.960149   0.0022764
     2.39824    0.956387    0.942081  0.00271095
     2.42389    0.950799    0.926855  0.00225531
     2.44954    0.946603    0.914209  0.00212467
     2.47519    0.938648    0.907227  0.00212458
     2.50084     0.90174    0.899443  0.00220658
     2.52649    0.903581    0.894547  0.00179752
     2.55214    0.906562    0.891272  0.00224044
   0.0128248           0           0           0
   0.0384745           0           0           0
   0.0641241           0           0           0
   0.0897737           0           0           0
    0.115423           0           0           0
    0.141073           0           0           0
    0.166723           0           0           0
    0.192372           0           0           0
    0.218022           0           0           0
    0.243672           0           0           0
    0.269321           0           0           0
    0.294971           0           0           0
     0.32062           0           0           0
     0.34627           0           0           0
     0.37192           0           0           0
    0.397569           0           0           0
    0.423219           0           0           0
    0.448869           0           0           0
    0.474518           0           0           0
    0.500168           0           0           0
    0.525818           0           0           0
    0.551467           0           0           0
    0.577117           0           0           0
    0.602767           0           0           0
    0.628416           0           0           0
    0.654066           0           0           0
    0.679715           0           0           0
    0.705365           0           0           0
    0.731015           0           0           0
    0.756664           0           0           0
    0.782314           0           0           0
    0.807964           0           0           0
    0.833613           0           0           0
    0.859263           0 7.62835e-06 7.51533e-06
    0.884913  0.00155899  0.00118857 0.000137336
    0.910562   0.0271961    0.025784 0.000618859
    0.936212    0.181259    0.175588  0.00156426
    0.961861    0.608024    0.577693  0.00332915
    0.987511     1.18821     1.22426  0.00514503
     1.01316     1.80406     1.88542  0.00615679
     1.03881     2.30467     2.34764   0.0048833
     1.06446     2.57509     2.55089  0.00749766
     1.09011     2.61581     2.54112  0.00603775
     1.11576     2.40996     2.39108  0.00682981
     1.14141       2.166     2.18449  0.00500389
     1.16706     1.93983     1.96143  0.00522324
     1.19271      1.7158     1.74915  0.00495522
     1.21836     1.55896     1.55325  0.00565346
     1.24401     1.42707     1.38375  0.00395585
     1.26966     1.26846      1.2371  0.00433786
     1.29531     1.13834     1.11873  0.00416293
     1.32096     1.01837     1.01882  0.00416025
     1.34661    0.922954    0.935895  0.00358709
     1.37226    0.904016    0.868215  0.00307583
     1.39791    0.853788    0.815011  0.00357549
     1.42355     0.79202    0.775734  0.00319175
      1.4492    0.741265    0.737037  0.00266409
     1.47485    0.670795    0.706618  0.00334969
      1.5005    0.655341    0.686208  0.00294551
     1.52615    0.663253    0.674084  0.00285725
      1.5518    0.682723    0.670111   0.0024341
     1.57745    0.681087     0.67471  0.00300697
      1.6031    0.666108    0.681104  0.00278216
     1.62875    0.697451    0.692163  0.00258661
      1.6544    0.698462    0.706046  0.00223917
     1.68005    0.696796    0.730846    0.003035
      1.7057    0.742627    0.755892  0.00284019
     1.73135    0.788619    0.787638  0.00266177
       1.757     0.81301    0.824524  0.00231967
     1.78265    0.842062    0.860575   0.0029115
      1.8083    0.878966    0.900749  0.00248888
     1.83395    0.932246    0.939103  0.00197495
      1.8596     0.98792    0.979102  0.00235236
     1.88525     1.02886     1.01783  0.00310226
      1.9109     1.06924     1.06417  0.00256282
     1.93655     1.12064     1.09556  0.00216187
      1.9622     1.13211     1.13601  0.00248602
     1.98785     1.17192     1.16197  0.00246488
      2.0135     1.20946     1.18349  0.00235604
     2.03915      1.2206     1.19924  0.00285609
      2.0648     1.20522     1.20889  0.00261357
     2.09045     1.21009      1.2135  0.00266269
      2.1161      1.1978     1.20701  0.00275221
     2.14174     1.18779     1.18906   0.0027855
     2.16739     1.14357     1.16839  0.00311712
     2.19304     1.14837     1.14713  0.00274819
     2.21869      1.1214     1.12103  0.00250362
     2.24434     1.08722     1.08897  0.00269308
     2.26999     1.04519     1.05763   0.0026311
     2.29564     1.03158      1.0346   0.0025841
     2.32129     1.00128      1.0087  0.00283985
     2.34694    0.988518    0.984301   0.0024831
     2.37259    0.956212    0.960033  0.00221239
     2.39824    0.945549    0.942183  0.00263313
     2.42389    0.921276    0.926691  0.00219494
     2.44954    0.911822    0.914139  0.00206334
     2.47519    0.911144    0.907342  0.00206522
     2.50084    0.889955    0.899164  0.00215925
     2.52649    0.898458    0.894662  0.00174833
     2.55214    0.907392    0.891747  0.00222414
   0.0128248           0           0           0
   0.0384745           0           0           0
   0.0641241           0           0           0
   0.0897737           0           0           0
    0.115423           0           0           0
    0.141073           0           0           0
    0.166723           0           0           0
    0.192372           0           0           0
    0.218022           0           0           0
    0.243672           0           0           0
    0.269321           0           0           0
    0.294971           0           0           0
     0.32062           0           0           0
     0.34627           0           0           0
     0.37192           0           0           0
    0.397569           0           0           0
    0.423219           0           0           0
    0.448869           0           0           0
    0.474518           0           0           0
    0.500168           0           0           0
    0.525818           0           0           0
    0.551467           0           0           0
    0.577117           0           0           0
    0.602767           0           0           0
    0.628416           0           0           0
    0.654066           0           0           0
    0.679715           0           0           0
    0.705365           0           0           0
    0.731015           0           0           0
    0.756664           0           0           0
    0.782314           0           0           0
    0.807964           0           0           0
    0.833613           0           0           0
    0.859263           0  7.4104e-06 7.30377e-06
    0.884913 0.000703073   0.0011747 0.000134111
    0.910562   0.0242802    0.025741 0.000602667
    0.936212    0.156898    0.175054  0.00160814
    0.961861    0.592552    0.578118  0.00326099
    0.987511     1.27101      1.2256   0.0051685
     1.01316     1.89408     1.88567  0.00598585
     1.03881     2.37299     2.34837  0.00479717
     1.06446      2.5831     2.55181  0.00733967
     1.09011     2.51992     2.54051  0.00589554
     1.11576     2.39036     2.39106   0.0066347
     1.14141     2.13954     2.18321  0.00502305
     1.16706     1.91045     1.95997  0.00527321
     1.19271     1.75309     1.74926  0.00481491
     1.21836     1.51295      1.5521  0.00560799
     1.24401     1.39792     1.38415  0.00386349
     1.26966     1.26284     1.23783  0.00427584
     1.29531     1.10441     1.11832  0.00406404
     1.32096     1.03196      1.0192   0.0040583
     1.34661    0.946425    0.936196   0.0034972
     1.37226    0.850778    0.867717  0.00302803
     1.39791    0.809517    0.814854  0.00347677
     1.42355    0.758413    0.775239  0.00313869
      1.4492    0.748195    0.737356  0.00260698
     1.47485    0.732171    0.707348  0.00333259
      1.5005    0.699188    0.686579  0.00288461
     1.52615     0.68907    0.674512  0.00280751
      1.5518    0.677952    0.670335  0.00237484
     1.57745    0.657729    0.674224  0.00295994
      1.6031    0.679214     0.68105  0.00270319
     1.62875    0.686939    0.692014  0.00251702
      1.6544    0.706473    0.706058  0.00217523
     1.68005    0.704386     0.73009  0.00304098
      1.7057    0.745926    0.755607  0.00277328
     1.73135    0.802283    0.788057   0.0026184
       1.757     0.84592    0.825136  0.00233256
     1.78265    0.888291    0.861366  0.00293404
      1.8083    0.899904    0.900725  0.00241788
     1.83395    0.954096    0.939531  0.00196443
      1.8596    0.996165     0.97959  0.00233512
     1.88525     1.02907     1.01815  0.00303022
      1.9109     1.08239      1.0647  0.00254191
     1.93655     1.10573     1.09585  0.00211954
      1.9622     1.14289     1.13621  0.00242274
     1.98785     1.18713     1.16269  0.00249705
      2.0135     1.18192     1.18345  0.00228916
     2.03915     1.21967     1.19982  0.00283351
      2.0648     1.19768     1.20857  0.00255845
     2.09045     1.18985     1.21282  0.00267098
      2.1161     1.18529     1.20639  0.00274262
     2.14174     1.16432     1.18836  0.00279422
     2.16739      1.1377     1.16752  0.00314903
     2.19304     1.12679     1.14655  0.00273044
     2.21869     1.11847     1.12096  0.00243316
     2.24434     1.06134     1.08818  0.00272934
     2.26999     1.03584     1.05701  0.00262856
     2.29564     1.01967     1.03418  0.00254526
     2.32129     1.00446     1.00858   0.0027613
     2.34694    0.993977    0.984577   0.0024275
     2.37259    0.968608    0.960278   0.0021627
     2.39824    0.940913    0.942146  0.00255815
     2.42389    0.938054    0.927016  0.00215611
     2.44954    0.941688    0.914926  0.00214928
     2.47519    0.916915    0.907615  0.00202424
     2.50084    0.914892    0.899613  0.00214381
     2.52649    0.891062     0.89456   0.0017014
     2.55214    0.887718    0.891631  0.00216357
   0.0128248           0           0           0
   0.0384745           0           0           0
   0.0641241           0           0           0
   0.0897737           0           0           0
    0.115423           0           0           0
    0.141073           0           0           0
    0.166723           0           0           0
    0.192372           0           0           0
    0.218022           0           0           0
    0.243672           0           0           0
    0.269321           0           0           0
    0.294971           0           0           0
     0.32062           0           0           0
     0.34627           0           0           0
     0.37192           0           0           0
    0.397569           0           0           0
    0.423219           0           0           0
    0.448869           0           0           0
    0.474518           0           0           0
    0.500168           0           0           0
    0.525818           0           0           0
    0.551467           0           0           0
    0.577117           0           0           0
    0.602767           0           0           0
    0.628416           0           0           0
    0.654066           0           0           0
    0.679715           0           0           0
    0.705365           0           0           0
    0.731015           0           0           0
    0.756664           0           0           0
    0.782314           0           0           0
    0.807964           0           0           0
    0.833613           0           0           0
    0.859263           0 7.20455e-06 7.10378e-06
    0.884913  0.00195638  0.00119641 0.000132131
    0.910562   0.0319886   0.0259146 0.000610402
    0.936212    0.174049    0.175026  0.00156371
    0.961861    0.598348     0.57868  0.00321846
    0.987511     1.23009     1.22572  0.00502644
     1.01316     1.82531     1.88399  0.00604985
     1.03881     2.28874     2.34671  0.00494159
     1.06446     2.56436     2.55216  0.00714406
     1.09011     2.51124      2.5397  0.00578758
     1.11576     2.37898     2.39072  0.00645888
     1.14141     2.22151     2.18427   0.0049949
     1.16706     1.96507     1.96011  0.00512863
     1.19271     1.78894     1.75036  0.00480569
     1.21836      1.5951      1.5533  0.00557793
     1.24401      1.4061     1.38476  0.00380396
     1.26966      1.2494     1.23815  0.00416914
     1.29531     1.16893     1.11973  0.00418722
     1.32096     1.08221     1.02095  0.00430658
     1.34661    0.965395    0.937007  0.00349285
     1.37226    0.890274    0.868344  0.00300805
     1.39791    0.818116    0.814945  0.00338138
     1.42355    0.774584    0.775221  0.00305156
      1.4492    0.707356    0.736523  0.00266442
     1.47485    0.664764    0.706165  0.00344356
      1.5005    0.676935    0.686311  0.00281689
     1.52615    0.655226    0.673977  0.00278017
      1.5518    0.657156    0.669969  0.00233692
     1.57745    0.647618    0.673485  0.00296855
      1.6031    0.656328    0.680363  0.00271393
     1.62875    0.665435    0.691276  0.00255308
      1.6544     0.70963    0.706157  0.00211707
     1.68005    0.709823    0.729527  0.00300818
      1.7057    0.727899    0.754838  0.00280101
     1.73135    0.770866    0.787579  0.00258884
       1.757    0.828256    0.825222  0.00226937
     1.78265    0.835478    0.860647  0.00293934
      1.8083    0.882985    0.900232   0.0024004
     1.83395    0.933733     0.93937  0.00191646
      1.8596     0.97348     0.97942  0.00227641
     1.88525     1.03611     1.01865   0.0029868
      1.9109     1.08844     1.06536  0.00255547
     1.93655     1.10304     1.09605  0.00207005
      1.9622     1.15718     1.13679  0.00242445
     1.98785     1.15946      1.1626   0.0024293
      2.0135     1.21257     1.18426  0.00236415
     2.03915     1.20708     1.20002  0.00276196
      2.0648     1.20538     1.20848  0.00248892
     2.09045     1.20168     1.21251  0.00261466
      2.1161     1.19175     1.20598  0.00269638
     2.14174     1.18512     1.18827  0.00271805
     2.16739     1.17322     1.16767  0.00306554
     2.19304      1.1837     1.14758  0.00284292
     2.21869     1.14575     1.12165  0.00246106
     2.24434     1.10511     1.08865  0.00269374
     2.26999     1.09504     1.05807  0.00275963
     2.29564     1.05411     1.03473  0.00253406
     2.32129     1.01574     1.00878  0.00269175
     2.34694    0.987345    0.984654  0.00236128
     2.37259     0.95955    0.960258  0.00210272
     2.39824    0.941004    0.942115  0.00248729
     2.42389    0.934233    0.927216  0.00210552
     2.44954    0.903747    0.914616   0.0021119
     2.47519    0.885258    0.906994  0.00206108
     2.50084    0.890686    0.899365  0.00209855
     2.52649    0.897104     0.89463   0.0016556
     2.55214    0.876483    0.891211    0.002144
   0.0128248           0           0           0
   0.0384745           0           0           0
   0.0641241           0           0           0
   0.0897737           0           0           0
    0.115423           0           0           0
    0.141073           0           0           0
    0.166723           0           0           0
    0.192372           0           0           0
    0.218022           0           0           0
    0.243672           0           0           0
    0.269321           0           0           0
    0.294971           0           0           0
     0.32062           0           0           0
     0.34627           0           0           0
     0.37192           0           0           0
    0.397569           0           0           0
    0.423219           0           0           0
    0.448869           0           0           0
    0.474518           0           0           0
    0.500168           0           0           0
    0.525818           0           0           0
    0.551467           0           0           0
    0.577117           0           0           0
    0.602767           0           0           0
    0.628416           0           0           0
    0.654066           0           0           0
    0.679715           0           0           0
    0.705365           0           0           0
    0.731015           0           0           0
    0.756664           0           0           0
    0.782314           0           0           0
    0.807964           0           0           0
    0.833613           0           0           0
    0.859263           0 7.00983e-06 6.91446e-06
    0.884913  0.00204808  0.00121943  0.00013055
    0.910562   0.0224036   0.0258197 0.000601235
    0.936212     0.17678    0.175074  0.00152216
    0.961861    0.611983     0.57958  0.00325491
    0.987511     1.22825     1.22579  0.00489105
     1.01316     1.85924     1.88332  0.00592322
     1.03881     2.35325     2.34689  0.00481119
     1.06446     2.67164     2.55539  0.00764596
     1.09011     2.55098        2.54  0.00563919
     1.11576      2.3999     2.39097  0.00628908
     1.14141      2.1397     2.18307  0.00500304
     1.16706     1.92994      1.9593  0.00505445
     1.19271     1.71006     1.74928  0.00479769
     1.21836     1.55209     1.55326  0.00542727
     1.24401      1.3721     1.38442  0.00371651
     1.26966      1.2251      1.2378  0.00407137
     1.29531     1.08311     1.11874  0.00418937
     1.32096    0.994209     1.02022  0.00425039
     1.34661    0.927376    0.936746  0.00340813
     1.37226    0.866541    0.868295  0.00292715
     1.39791    0.794192    0.814384  0.00333618
     1.42355     0.79717    0.775814  0.00302619
      1.4492    0.755376    0.737032  0.00264069
     1.47485    0.714837      0.7064  0.00335846
      1.5005    0.700092    0.686684  0.00276527
     1.52615    0.682431    0.674205  0.00271441
      1.5518    0.677166    0.670163  0.00228184
     1.57745    0.673651     0.67349  0.00288832
      1.6031    0.682707    0.680426  0.00264132
     1.62875    0.694907    0.691374  0.00248597
      1.6544    0.701584    0.706034  0.00206346
     1.68005    0.746987    0.729999  0.00296365
      1.7057    0.759733     0.75497  0.00272843
     1.73135     0.80523    0.788056  0.00256245
       1.757    0.831451    0.825391  0.00221427
     1.78265    0.852224     0.86042  0.00286871
      1.8083    0.900021    0.900226  0.00233554
     1.83395    0.942794    0.939463  0.00186689
      1.8596    0.986308    0.979606  0.00222249
     1.88525     1.02796      1.0189  0.00291666
      1.9109     1.05144     1.06498  0.00251391
     1.93655     1.09724     1.09608  0.00201435
      1.9622     1.12488     1.13647  0.00238021
     1.98785     1.15969     1.16252  0.00236492
      2.0135     1.18997     1.18441  0.00230529
     2.03915     1.21138     1.20033  0.00270431
      2.0648     1.21719     1.20872  0.00243275
     2.09045     1.21293     1.21252  0.00254402
      2.1161     1.19427     1.20566  0.00264201
     2.14174      1.1974     1.18851  0.00265576
     2.16739     1.18073     1.16803  0.00300292
     2.19304     1.13927     1.14736  0.00277496
     2.21869     1.12434     1.12172  0.00239562
     2.24434     1.08737     1.08861  0.00262115
     2.26999     1.06413     1.05823   0.0026899
     2.29564     1.02946     1.03459  0.00246958
     2.32129     1.00765     1.00875  0.00261917
     2.34694    0.978166    0.984479  0.00230397
     2.37259    0.953065    0.960063  0.00205486
     2.39824    0.929005     0.94176  0.00244517
     2.42389    0.898548    0.926441  0.00218653
     2.44954    0.906807    0.914405  0.00206534
     2.47519    0.876803    0.906178  0.00216087
     2.50084    0.871479    0.898612  0.00217296
     2.52649    0.878881    0.894205  0.00166468
     2.55214    0.870481     0.89065  0.00215802
   0.0128248           0           0           0
   0.0384745           0           0           0
   0.0641241           0           0           0
   0.0897737           0           0           0
    0.115423           0           0           0
    0.141073           0           0           0
    0.166723           0           0           0
    0.192372           0           0           0
    0.218022           0           0           0
    0.243672           0           0           0
    0.269321           0           0           0
    0.294971           0           0           0
     0.32062           0           0           0
     0.34627           0           0           0
     0.37192           0           0           0
    0.397569           0           0           0
    0.423219           0           0           0
    0.448869           0           0           0
    0.474518           0           0           0
    0.500168           0           0           0
    0.525818           0           0           0
    0.551467           0           0           0
    0.577117           0           0           0
    0.602767           0           0           0
    0.628416           0           0           0
    0.654066           0           0           0
    0.679715           0           0           0
    0.705365           0           0           0
    0.731015           0           0           0
    0.756664           0           0           0
    0.782314           0           0           0
    0.807964           0           0           0
    0.833613           0           0           0
    0.859263           0 6.82537e-06 6.73496e-06
    0.884913 0.000886484  0.00121067 0.000127408
    0.910562   0.0297079    0.025922 0.000594056
    0.936212    0.193822    0.175567  0.00156002
    0.961861    0.611465    0.580419  0.00327562
    0.987511     1.24457     1.22628  0.00478725
     1.01316     1.80996     1.88139   0.0060738
     1.03881     2.32266     2.34625  0.00472665
     1.06446     2.54612     2.55515  0.00744864
     1.09011     2.59895     2.54156  0.00570011
     1.11576     2.46057      2.3928  0.00638469
     1.14141     2.20613     2.18367  0.00490804
     1.16706     1.96677     1.95949  0.00492527
     1.19271     1.80503     1.75074  0.00489066
     1.21836     1.56584      1.5536  0.00529454
     1.24401     1.37108     1.38407  0.00363526
     1.26966     1.23267     1.23767  0.00396646
     1.29531     1.12032     1.11878  0.00407933
     1.32096     1.02118     1.02025  0.00413861
     1.34661    0.911231    0.936075  0.00338394
     1.37226    0.840735     0.86757  0.00293859
     1.39791    0.794817    0.813869  0.00328789
     1.42355    0.754952    0.775265  0.00299594
      1.4492    0.747716    0.737313  0.00258612
     1.47485    0.703546    0.706324  0.00327091
      1.5005    0.691395    0.686808  0.00269528
     1.52615    0.670375    0.674104  0.00264484
      1.5518    0.667832    0.670102  0.00222262
     1.57745    0.668263    0.673352  0.00281559
      1.6031    0.666099    0.680049  0.00259858
     1.62875    0.666013    0.690706  0.00250854
      1.6544    0.700333    0.705884   0.0020146
     1.68005    0.737725    0.730203  0.00289263
      1.7057    0.760654     0.75512  0.00266073
     1.73135    0.769996    0.787581  0.00253871
       1.757    0.806248    0.824887  0.00221256
     1.78265    0.856209    0.860309  0.00279535
      1.8083     0.88874    0.899924  0.00229355
     1.83395    0.948659    0.939705  0.00183338
      1.8596      1.0046    0.980264   0.0022592
     1.88525     1.03565     1.01934  0.00287301
      1.9109     1.06887     1.06508  0.00244984
     1.93655     1.09005     1.09593   0.0019676
      1.9622     1.13315     1.13638  0.00231918
     1.98785     1.16291     1.16253   0.0023027
      2.0135     1.18428     1.18441  0.00224462
     2.03915     1.21839     1.20081  0.00267455
      2.0648     1.21596     1.20891  0.00237618
     2.09045     1.22582     1.21287  0.00250104
      2.1161     1.21058     1.20579  0.00257565
     2.14174     1.21333     1.18917  0.00266495
     2.16739     1.17801     1.16829  0.00293537
     2.19304     1.13402     1.14701  0.00272405
     2.21869     1.10888     1.12138  0.00235631
     2.24434      1.0977     1.08885  0.00256307
     2.26999     1.04918     1.05799  0.00262963
     2.29564     1.04052     1.03475  0.00240951
     2.32129     1.01418     1.00889  0.00255414
     2.34694    0.989522    0.984612  0.00224716
     2.37259    0.950833     0.95982  0.00201509
     2.39824    0.937154    0.941639  0.00238382
     2.42389    0.910103    0.926012  0.00217085
     2.44954    0.909504    0.914276  0.00201501
     2.47519    0.897723    0.905956  0.00211544
     2.50084    0.886185    0.898285  0.00214025
     2.52649    0.890826    0.894116  0.00162324
     2.55214     0.88763    0.890571  0.00210269
   0.0128248           0           0           0
   0.0384745           0           0           0
   0.0641241           0           0           0
   0.0897737           0           0           0
    0.115423           0           0           0
    0.141073           0           0           0
    0.166723           0           0           0
    0.192372           0           0           0
    0.218022           0           0           0
    0.243672           0           0           0
    0.269321           0           0           0
    0.294971           0           0           0
     0.32062           0           0           0
     0.34627           0           0           0
     0.37192           0           0           0
    0.397569           0           0           0
    0.423219           0           0           0
    0.448869           0           0           0
    0.474518           0           0           0
    0.500168           0           0           0
    0.525818           0           0           0
    0.551467           0           0           0
    0.577117           0           0           0
    0.602767           0           0           0
    0.628416           0           0           0
    0.654066           0           0           0
    0.679715           0           0           0
    0.705365           0           0           0
    0.731015           0           0           0
    0.756664           0           0           0
    0.782314           0           0           0
    0.807964           0           0           0
    0.833613           0           0           0
    0.859263           0 6.65036e-06 6.56454e-06
    0.884913 0.000733642  0.00119844 0.000124727
    0.910562   0.0303141   0.0260346 0.000589402
    0.936212    0.159438    0.175154  0.00157388
    0.961861    0.553923    0.579739  0.00326132
    0.987511     1.20326     1.22569  0.00470076
     1.01316     1.88706     1.88154   0.0059198
     1.03881     2.35759     2.34654  0.00461439
     1.06446     2.53727     2.55469  0.00727174
     1.09011     2.51347     2.54084  0.00559925
     1.11576     2.36571      2.3921  0.00625865
     1.14141     2.20241     2.18416  0.00480566
     1.16706     1.98191     1.96007  0.00483239
     1.19271      1.7235     1.75004  0.00481487
     1.21836      1.4965     1.55213  0.00535736
     1.24401     1.38149       1.384  0.00354265
     1.26966     1.29476     1.23913  0.00412605
     1.29531     1.14667     1.11949  0.00403694
     1.32096       1.051     1.02104  0.00410694
     1.34661    0.915852    0.935556  0.00333667
     1.37226    0.868193    0.867586  0.00286329
     1.39791    0.817087    0.813952  0.00320462
     1.42355    0.757763    0.774816  0.00295254
      1.4492     0.73022    0.737131   0.0025262
     1.47485      0.7026    0.706229  0.00318844
      1.5005    0.679455    0.686619  0.00263275
     1.52615    0.684826    0.674379  0.00259128
      1.5518    0.675983    0.670253  0.00217074
     1.57745    0.689187    0.673758  0.00277251
      1.6031    0.684077    0.680152    0.002534
     1.62875    0.694049    0.690792  0.00244568
      1.6544    0.716557    0.706157  0.00198145
     1.68005    0.737751    0.730396  0.00282492
      1.7057    0.755183    0.755121  0.00259251
     1.73135    0.798889    0.787871  0.00249011
       1.757    0.826325    0.824924  0.00215614
     1.78265    0.874129    0.860663  0.00274605
      1.8083    0.916763    0.900356  0.00227502
     1.83395     0.93952      0.9397  0.00178638
      1.8596    0.984888    0.980382  0.00220438
     1.88525      1.0147     1.01922   0.0028018
      1.9109     1.05251     1.06476  0.00240815
     1.93655     1.08341      1.0956  0.00194312
      1.9622     1.12767     1.13616  0.00227046
     1.98785     1.13689     1.16187  0.00233565
      2.0135     1.17188     1.18409  0.00220995
     2.03915     1.20029     1.20079  0.00260601
      2.0648     1.20381     1.20878  0.00231886
     2.09045     1.21887     1.21303  0.00244163
      2.1161     1.18774     1.20533  0.00255086
     2.14174     1.17918     1.18891   0.0026089
     2.16739     1.15795     1.16802  0.00287206
     2.19304     1.13136      1.1466  0.00268357
     2.21869     1.10808     1.12104  0.00232046
     2.24434     1.09816     1.08909  0.00250842
     2.26999      1.0761     1.05846  0.00260285
     2.29564     1.03473     1.03474  0.00234773
     2.32129     1.02716     1.00936  0.00253123
     2.34694    0.993646    0.984843  0.00220145
     2.37259    0.982999    0.960415  0.00204919
     2.39824     0.95384    0.941952  0.00234314
     2.42389    0.941554     0.92641  0.00215146
     2.44954    0.931574    0.914719  0.00201157
     2.47519    0.929626    0.906563  0.00214649
     2.50084    0.916094    0.898741  0.00213353
     2.52649    0.890259    0.894017  0.00158463
     2.55214    0.884977    0.890428  0.00205366
   0.0128248           0           0           0
   0.0384745           0           0           0
   0.0641241           0           0           0
   0.0897737           0           0           0
    0.115423           0           0           0
    0.141073           0           0           0
    0.166723           0           0           0
    0.192372           0           0           0
    0.218022           0           0           0
    0.243672           0           0           0
    0.269321           0           0           0
    0.294971           0           0           0
     0.32062           0           0           0
     0.34627           0           0           0
     0.37192           0           0           0
    0.397569           0           0           0
    0.423219           0           0           0
    0.448869           0           0           0
    0.474518           0           0           0
    0.500168           0           0           0
    0.525818           0           0           0
    0.551467           0           0           0
    0.577117           0           0           0
    0.602767           0           0           0
    0.628416           0           0           0
    0.654066           0           0           0
    0.679715           0           0           0
    0.705365           0           0           0
    0.731015           0           0           0
    0.756664           0           0           0
    0.782314           0           0           0
    0.807964           0           0           0
    0.833613           0           0           0
    0.859263           0  6.4841e-06 6.40253e-06
    0.884913  0.00110046  0.00119599 0.000121633
    0.910562   0.0158211   0.0257793 0.000627543
    0.936212    0.170745    0.175043  0.00153839
    0.961861    0.582384    0.579806  0.00318046
    0.987511     1.20795     1.22525  0.00460412
     1.01316     1.86964     1.88124  0.00577927
     1.03881     2.39284      2.3477  0.00464194
     1.06446     2.60648     2.55598   0.0072043
     1.09011     2.54474     2.54093  0.00546012
     1.11576     2.36127     2.39133  0.00614947
     1.14141     2.19501     2.18443  0.00469317
     1.16706       1.937     1.95949  0.00474586
     1.19271     1.73481     1.74966  0.00470954
     1.21836     1.51193     1.55113  0.00531685
     1.24401     1.38215     1.38396  0.00345438
     1.26966     1.23279     1.23897  0.00402594
     1.29531      1.1083     1.11921   0.0039457
     1.32096     1.03827     1.02147   0.0040268
     1.34661    0.947679     0.93586  0.00326699
     1.37226    0.878872    0.867868  0.00280557
     1.39791     0.82886    0.814324   0.0031461
     1.42355    0.794323    0.775304  0.00291872
      1.4492    0.750874    0.737475  0.00248629
     1.47485    0.717809    0.706518  0.00312184
      1.5005     0.67853    0.686417  0.00257469
     1.52615    0.653509    0.673858  0.00257849
      1.5518    0.677107    0.670424  0.00212322
     1.57745    0.660548    0.673428   0.0027228
      1.6031    0.658312    0.679606  0.00252879
     1.62875    0.694925    0.690896  0.00238672
      1.6544    0.710216    0.706259  0.00193451
     1.68005    0.738616    0.730602  0.00276176
      1.7057    0.769458     0.75548  0.00255235
     1.73135    0.802076    0.788226  0.00245305
       1.757    0.823859    0.824897   0.0021024
     1.78265    0.869753     0.86089  0.00268678
      1.8083    0.892964    0.900171  0.00222564
     1.83395    0.928865    0.939429  0.00176214
      1.8596    0.968911    0.980096  0.00216785
     1.88525       1.025     1.01937  0.00273548
      1.9109     1.03766     1.06408   0.0024414
     1.93655     1.10306     1.09579  0.00190345
      1.9622     1.13261     1.13607  0.00221543
     1.98785     1.14419     1.16143  0.00231871
      2.0135     1.17591     1.18388  0.00216413
     2.03915     1.20162     1.20081  0.00254094
      2.0648     1.20836     1.20877  0.00226091
     2.09045     1.21356     1.21304  0.00238063
      2.1161     1.22329     1.20578  0.00252628
     2.14174     1.21715     1.18962  0.00263746
     2.16739     1.17324     1.16815  0.00280322
     2.19304     1.13287     1.14626  0.00263836
     2.21869      1.1454     1.12165  0.00234099
     2.24434     1.08404     1.08897  0.00244889
     2.26999      1.0584     1.05845  0.00253778
     2.29564     1.03512     1.03475  0.00228905
     2.32129     1.00791     1.00932  0.00246821
     2.34694    0.990078    0.984974   0.0021503
     2.37259    0.967137    0.960583  0.00200484
     2.39824    0.933075     0.94173  0.00229505
     2.42389     0.92608    0.926402  0.00209769
     2.44954    0.918744     0.91482  0.00196379
     2.47519    0.892444     0.90621  0.00212166
     2.50084    0.907482     0.89896  0.00209135
     2.52649    0.910095    0.894419  0.00159518
     2.55214    0.906679    0.890834  0.00204211
   0.0128248           0           0           0
   0.0384745           0           0           0
   0.0641241           0           0           0
   0.0897737           0           0           0
    0.115423           0           0           0
    0.141073           0           0           0
    0.166723           0           0           0
    0.192372           0           0           0
    0.218022           0           0           0
    0.243672           0           0           0
    0.269321           0           0           0
    0.294971           0           0           0
     0.32062           0           0           0
     0.34627           0           0           0
     0.37192           0           0           0
    0.397569           0           0           0
    0.423219           0           0           0
    0.448869           0           0           0
    0.474518           0           0           0
    0.500168           0           0           0
    0.525818           0           0           0
    0.551467           0           0           0
    0.577117           0           0           0
    0.602767           0           0           0
    0.628416           0           0           0
    0.654066           0           0           0
    0.679715           0           0           0
    0.705365           0           0           0
    0.731015           0           0           0
    0.756664           0           0           0
    0.782314           0           0           0
    0.807964           0           0           0
    0.833613           0           0           0
    0.859263           0 6.32595e-06 6.24833e-06
    0.884913  0.00076421  0.00118546 0.000119121
    0.910562   0.0247421    0.025754 0.000612746
    0.936212    0.174841    0.175039  0.00150087
    0.961861    0.610767    0.580561  0.00319128
    0.987511     1.24271     1.22568  0.00451147
     1.01316     1.83177     1.88003  0.00576291
     1.03881     2.29047      2.3463  0.00473394
     1.06446     2.54222     2.55565  0.00703641
     1.09011     2.53398     2.54076  0.00532957
     1.11576     2.42655     2.39219  0.00605918
     1.14141     2.25803     2.18622  0.00491008
     1.16706     1.96157     1.95954  0.00463038
     1.19271     1.73819     1.74938  0.00460297
     1.21836      1.5638     1.55144  0.00519614
     1.24401     1.39703     1.38428  0.00338482
     1.26966     1.23753     1.23894   0.0039279
     1.29531     1.10083     1.11876  0.00387485
     1.32096     1.01473      1.0213  0.00393194
     1.34661    0.898783    0.934955   0.0033101
     1.37226    0.868638    0.867887  0.00273721
     1.39791    0.799006    0.813951  0.00309147
     1.42355    0.768194    0.775131  0.00285268
      1.4492    0.741721    0.737579  0.00242781
     1.47485    0.711063    0.706629  0.00304767
      1.5005    0.707173    0.686923  0.00256118
     1.52615    0.677724    0.673952  0.00251732
      1.5518    0.666649    0.670332  0.00207343
     1.57745    0.656892    0.673025   0.0026861
      1.6031    0.676243    0.679524  0.00246844
     1.62875    0.666969    0.690312  0.00239879
      1.6544    0.735326    0.706968  0.00201305
     1.68005    0.733324    0.730668   0.0026952
      1.7057    0.755389    0.755477   0.0024901
     1.73135    0.779923    0.788024  0.00240157
       1.757    0.813227    0.824613   0.0020703
     1.78265     0.86924    0.861094  0.00262896
      1.8083    0.931017    0.900923    0.002295
     1.83395    0.949541    0.939676  0.00173633
      1.8596     1.00463    0.980694  0.00219602
     1.88525     1.01916     1.01936  0.00266876
      1.9109     1.08262     1.06453  0.00242338
     1.93655     1.09856     1.09586  0.00185823
      1.9622     1.12439     1.13579  0.00217962
     1.98785     1.15507     1.16128  0.00226733
      2.0135     1.18083     1.18381  0.00211263
     2.03915     1.19904     1.20077  0.00247933
      2.0648     1.20915     1.20878  0.00220578
     2.09045      1.2069     1.21289  0.00232726
      2.1161     1.18692     1.20532  0.00250618
     2.14174     1.16168     1.18894  0.00265967
     2.16739     1.17201     1.16825  0.00273642
     2.19304     1.14985     1.14635  0.00257546
     2.21869     1.12306     1.12169  0.00228415
     2.24434     1.08368     1.08884  0.00239255
     2.26999     1.04303     1.05808  0.00250362
     2.29564     1.00773     1.03409  0.00232621
     2.32129     1.01124     1.00937  0.00240845
     2.34694    0.991756    0.985139   0.0021042
     2.37259    0.963999    0.960666  0.00195767
     2.39824    0.951551    0.941969  0.00225153
     2.42389    0.938552    0.926698  0.00206735
     2.44954     0.91392    0.914798  0.00191602
     2.47519    0.895058    0.905938  0.00208727
     2.50084    0.892734    0.898808  0.00204585
     2.52649    0.892825     0.89438  0.00155674
     2.55214    0.885487    0.890703  0.00199647
   0.0128248           0           0           0
   0.0384745           0           0           0
   0.0641241           0           0           0
   0.0897737           0           0           0
    0.115423           0           0           0
    0.141073           0           0           0
    0.166723           0           0           0
    0.192372           0           0           0
    0.218022           0           0           0
    0.243672           0           0           0
    0.269321           0           0           0
    0.294971           0           0           0
     0.32062           0           0           0
     0.34627           0           0           0
     0.37192           0           0           0
    0.397569           0           0           0
    0.423219           0           0           0
    0.448869           0           0           0
    0.474518           0           0           0
    0.500168           0           0           0
    0.525818           0           0           0
    0.551467           0           0           0
    0.577117           0           0           0
    0.602767           0           0           0
    0.628416           0           0           0
    0.654066           0           0           0
    0.679715           0           0           0
    0.705365           0           0           0
    0.731015           0           0           0
    0.756664           0           0           0
    0.782314           0           0           0
    0.807964           0           0           0
    0.833613           0           0           0
    0.859263           0 6.17533e-06 6.10137e-06
    0.884913 0.000947621  0.00117979 0.000116419
    0.910562   0.0243668    0.025721 0.000599047
    0.936212     0.16957    0.174908  0.00147078
    0.961861    0.608671     0.58123  0.00318471
    0.987511     1.26161     1.22653  0.00448444
     1.01316     1.90201     1.88056  0.00564939
     1.03881     2.35118     2.34642  0.00462265
     1.06446     2.56146     2.55579  0.00687023
     1.09011     2.51918     2.54025  0.00522741
     1.11576     2.33302     2.39078  0.00607648
     1.14141     2.19929     2.18653  0.00480303
     1.16706      2.0102     1.96075   0.0046746
     1.19271     1.71798     1.74864  0.00455369
     1.21836     1.52043      1.5507  0.00512459
     1.24401     1.32611     1.38289  0.00357632
     1.26966     1.25649     1.23935  0.00385655
     1.29531     1.11825     1.11875  0.00378261
     1.32096     1.02444     1.02138  0.00383903
     1.34661    0.932934    0.934907  0.00323163
     1.37226    0.903571    0.868736   0.0028008
     1.39791    0.830428    0.814343  0.00304265
     1.42355    0.782345    0.775302  0.00278993
      1.4492    0.735691    0.737534  0.00237042
     1.47485    0.716367    0.706861  0.00298391
      1.5005    0.671183    0.686548  0.00252747
     1.52615    0.667672    0.673802  0.00246182
      1.5518    0.670098    0.670327  0.00202407
     1.57745    0.667551    0.672894   0.0026253
      1.6031    0.679522    0.679524  0.00240967
     1.62875    0.681506    0.690102  0.00235082
      1.6544    0.722802    0.707345  0.00200011
     1.68005    0.743637    0.730977  0.00264866
      1.7057     0.75733    0.755522   0.0024312
     1.73135    0.787429    0.788009  0.00234443
       1.757    0.837235    0.824913   0.0020427
     1.78265    0.861271    0.861098  0.00256637
      1.8083    0.920277    0.901384  0.00228615
     1.83395    0.947662    0.939866  0.00170537
      1.8596    0.981434    0.980712   0.0021438
     1.88525    0.993228     1.01874  0.00267678
      1.9109     1.05563     1.06432  0.00237494
     1.93655     1.07766     1.09542  0.00186383
      1.9622     1.10234     1.13499  0.00226858
     1.98785     1.14885     1.16098  0.00223256
      2.0135     1.19403     1.18405   0.0020763
     2.03915     1.22356     1.20131  0.00247894
      2.0648     1.23934      1.2095  0.00227015
     2.09045     1.21743       1.213  0.00227436
      2.1161     1.19175       1.205  0.00246725
     2.14174     1.20186     1.18924  0.00261408
     2.16739     1.17064     1.16831  0.00267186
     2.19304     1.12916     1.14594  0.00254646
     2.21869     1.11696     1.12157  0.00223254
     2.24434     1.09929     1.08909  0.00234848
     2.26999     1.06941     1.05835  0.00245852
     2.29564     1.02072     1.03378  0.00229251
     2.32129     1.00291     1.00922  0.00235602
     2.34694    0.962876    0.984609  0.00211982
     2.37259    0.950811    0.960431  0.00192507
     2.39824    0.945928    0.942064   0.0021999
     2.42389    0.938698    0.926984  0.00203778
     2.44954    0.921457    0.914956  0.00187695
     2.47519    0.896703    0.905718  0.00204912
     2.50084     0.89536    0.898726  0.00199878
     2.52649    0.878236    0.893995  0.00156641
     2.55214    0.892059    0.890736  0.00194919
   0.0128248           0           0           0
   0.0384745           0           0           0
   0.0641241           0           0           0
   0.0897737           0           0           0
    0.115423           0           0           0
    0.141073           0           0           0
    0.166723           0           0           0
    0.192372           0           0           0
    0.218022           0           0           0
    0.243672           0           0           0
    0.269321           0           0           0
    0.294971           0           0           0
     0.32062           0           0           0
     0.34627           0           0           0
     0.37192           0           0           0
    0.397569           0           0           0
    0.423219           0           0           0
    0.448869           0           0           0
    0.474518           0           0           0
    0.500168           0           0           0
    0.525818           0           0           0
    0.551467           0           0           0
    0.577117           0           0           0
    0.602767           0           0           0
    0.628416           0           0           0
    0.654066           0           0           0
    0.679715           0           0           0
    0.705365           0           0           0
    0.731015           0           0           0
    0.756664           0           0           0
    0.782314           0           0           0
    0.807964           0           0           0
    0.833613           0           0           0
    0.859263           0 6.03172e-06 5.96117e-06
    0.884913  0.00131444  0.00118293 0.000113754
    0.910562   0.0231542   0.0256613 0.000588082
    0.936212    0.177791    0.174975   0.0014381
    0.961861    0.592604    0.581494  0.00312161
    0.987511     1.27675      1.2277   0.0045297
     1.01316     1.90278     1.88107  0.00554159
     1.03881     2.39914     2.34765  0.00467493
     1.06446     2.53852     2.55539  0.00672219
     1.09011     2.51758     2.53972  0.00513235
     1.11576     2.38625     2.39068  0.00593608
     1.14141     2.22191     2.18736  0.00476127
     1.16706     1.96987     1.96096  0.00457069
     1.19271     1.81077     1.75008  0.00467143
     1.21836     1.51779     1.54993  0.00506224
     1.24401     1.35742      1.3823  0.00354186
     1.26966      1.2075     1.23861  0.00383735
     1.29531     1.10203     1.11836  0.00371459
     1.32096     1.01373      1.0212  0.00375387
     1.34661     0.89576    0.933997  0.00328221
     1.37226    0.840773    0.868086  0.00281014
     1.39791    0.795074    0.813895  0.00300471
     1.42355    0.751384    0.774746  0.00277994
      1.4492    0.751945    0.737869  0.00233887
     1.47485    0.717215    0.707102  0.00292422
      1.5005    0.682655    0.686458  0.00247031
     1.52615    0.661115    0.673507  0.00242218
      1.5518    0.669164      0.6703  0.00197718
     1.57745    0.680664    0.673075  0.00257046
      1.6031    0.682065    0.679583  0.00235436
     1.62875     0.70236    0.690387  0.00231337
      1.6544    0.706079    0.707315  0.00195381
     1.68005    0.748233    0.731378  0.00261729
      1.7057    0.768981    0.755835  0.00239473
     1.73135    0.795311    0.788179  0.00229605
       1.757    0.835436    0.825158   0.0020098
     1.78265    0.882363    0.861593  0.00255389
      1.8083    0.918279    0.901777  0.00226649
     1.83395      0.9512    0.940129  0.00168596
      1.8596    0.991582    0.980965   0.0021088
     1.88525     1.04441     1.01934  0.00268027
      1.9109     1.08384     1.06478   0.0023627
     1.93655      1.1155     1.09589  0.00187803
      1.9622      1.1512     1.13537  0.00224694
     1.98785     1.16305     1.16103  0.00218116
      2.0135      1.1649     1.18361  0.00207525
     2.03915     1.19096     1.20107  0.00243296
      2.0648     1.20235     1.20934  0.00222344
     2.09045     1.21834     1.21312  0.00222485
      2.1161     1.21829     1.20531  0.00242917
     2.14174     1.20121     1.18952  0.00256805
     2.16739     1.16664     1.16827     0.00261
     2.19304     1.14774     1.14598  0.00248758
     2.21869     1.10643     1.12122  0.00220822
     2.24434     1.06833      1.0886  0.00234295
     2.26999     1.03642     1.05784  0.00245366
     2.29564     1.01071     1.03324   0.0023011
     2.32129    0.981154     1.00856  0.00238991
     2.34694    0.965006    0.984153  0.00211898
     2.37259    0.945781    0.960091  0.00191022
     2.39824    0.924893    0.941664  0.00218468
     2.42389    0.903548    0.926439  0.00206199
     2.44954    0.886256    0.914289  0.00194836
     2.47519    0.887188    0.905287  0.00204628
     2.50084    0.879785    0.898285  0.00200025
     2.52649    0.860868    0.893225  0.00170897
     2.55214    0.882849    0.890552  0.00191247
   0.0128248           0           0           0
   0.0384745           0           0           0
   0.0641241           0           0           0
   0.0897737           0           0           0
    0.115423           0           0           0
    0.141073           0           0           0
    0.166723           0           0           0
    0.192372           0           0           0
    0.218022           0           0           0
    0.243672           0           0           0
    0.269321           0           0           0
    0.294971           0           0           0
     0.32062           0           0           0
     0.34627           0           0           0
     0.37192           0           0           0
    0.397569           0           0           0
    0.423219           0           0           0
    0.448869           0           0           0
    0.474518           0           0           0
    0.500168           0           0           0
    0.525818           0           0           0
    0.551467           0           0           0
    0.577117           0           0           0
    0.602767           0           0           0
    0.628416           0           0           0
    0.654066           0           0           0
    0.679715           0           0           0
    0.705365           0           0           0
    0.731015           0           0           0
    0.756664           0           0           0
    0.782314           0           0           0
    0.807964           0           0           0
    0.833613           0           0           0
    0.859263           0 5.89463e-06 5.82726e-06
    0.884913  0.00018341  0.00116021 0.000113414
    0.910562   0.0263877   0.0256778 0.000574948
    0.936212    0.173722    0.174947   0.0014057
    0.961861    0.574363    0.581332  0.00305487
    0.987511      1.2227     1.22759  0.00442817
     1.01316     1.89258     1.88133  0.00542182
     1.03881     2.37028     2.34816   0.0045969
     1.06446     2.61732     2.55679  0.00671517
     1.09011     2.54929     2.53994  0.00502031
     1.11576     2.35056     2.38977  0.00587078
     1.14141     2.18856     2.18738  0.00465313
     1.16706     1.99031     1.96163  0.00451521
     1.19271     1.72269     1.74946  0.00460653
     1.21836      1.5317     1.54952  0.00496411
     1.24401     1.34559     1.38146  0.00355828
     1.26966     1.22712     1.23835  0.00375903
     1.29531     1.11625     1.11832  0.00363048
     1.32096     1.02809     1.02136  0.00367182
     1.34661    0.918994    0.933656  0.00322528
     1.37226    0.855163    0.867792  0.00276158
     1.39791    0.816879    0.813963  0.00293719
     1.42355    0.784932    0.774978  0.00272638
      1.4492    0.766786    0.738526  0.00237625
     1.47485     0.73589    0.707756  0.00293004
      1.5005     0.70326     0.68684   0.0024435
     1.52615    0.666069    0.673338  0.00237303
      1.5518    0.673369    0.670369  0.00193347
     1.57745    0.652881    0.672616  0.00255268
      1.6031     0.64515    0.678801  0.00242743
     1.62875    0.679837    0.690148  0.00227318
      1.6544    0.705047    0.707264  0.00191009
     1.68005    0.720195    0.731124  0.00257012
      1.7057    0.737164     0.75541   0.0023776
     1.73135    0.763943    0.787628  0.00230899
       1.757     0.82054    0.825053  0.00196686
     1.78265    0.853504    0.861409  0.00250245
      1.8083    0.880694    0.901298  0.00226506
     1.83395    0.916609    0.939595  0.00173031
      1.8596    0.999806    0.981393   0.0021039
     1.88525     1.00288     1.01896  0.00264532
      1.9109     1.09075     1.06537  0.00238162
     1.93655     1.12339     1.09652  0.00193652
      1.9622     1.14141      1.1355  0.00220006
     1.98785     1.16658     1.16116  0.00213523
      2.0135     1.20785     1.18416  0.00209995
     2.03915     1.23228     1.20178  0.00247888
      2.0648     1.22719     1.20974  0.00220963
     2.09045     1.21509     1.21317  0.00217474
      2.1161     1.22114     1.20567  0.00240046
     2.14174     1.20179      1.1898  0.00252476
     2.16739     1.17995     1.16853  0.00256416
     2.19304     1.15812     1.14626  0.00244629
     2.21869     1.12102     1.12122  0.00215804
     2.24434     1.07707     1.08834   0.0023043
     2.26999     1.04412     1.05753  0.00241761
     2.29564     1.03347     1.03325  0.00224881
     2.32129     1.01268     1.00866  0.00233743
     2.34694    0.988431    0.984251  0.00207305
     2.37259    0.947771    0.959811  0.00188721
     2.39824    0.939427    0.941614  0.00213562
     2.42389    0.924132    0.926386  0.00201579
     2.44954    0.888726    0.913708  0.00198881
     2.47519    0.885602     0.90484  0.00204809
     2.50084     0.87706    0.897803  0.00201211
     2.52649      0.8759    0.892831  0.00171489
     2.55214    0.882911    0.890379  0.00187687
   0.0128248           0           0           0
   0.0384745           0           0           0
   0.0641241           0           0           0
   0.0897737           0           0           0
    0.115423           0           0           0
    0.141073           0           0           0
    0.166723           0           0           0
    0.192372           0           0           0
    0.218022           0           0           0
    0.243672           0           0           0
    0.269321           0           0           0
    0.294971           0           0           0
     0.32062           0           0           0
     0.34627           0           0           0
     0.37192           0           0           0
    0.397569           0           0           0
    0.423219           0           0           0
    0.448869           0           0           0
    0.474518           0           0           0
    0.500168           0           0           0
    0.525818           0           0           0
    0.551467           0           0           0
    0.577117           0           0           0
    0.602767           0           0           0
    0.628416           0           0           0
    0.654066           0           0           0
    0.679715           0           0           0
    0.705365           0           0           0
    0.731015           0           0           0
    0.756664           0           0           0
    0.782314           0           0           0
    0.807964           0           0           0
    0.833613           0           0           0
    0.859263           0 5.76364e-06 5.69924e-06
    0.884913 0.000978189  0.00115616 0.000110966
    0.910562   0.0247999   0.0256583 0.000562502
    0.936212    0.165993    0.174748  0.00138847
    0.961861    0.571931    0.581123  0.00299412
    0.987511     1.23959     1.22785   0.0043378
     1.01316     1.91371     1.88205  0.00534886
     1.03881     2.40282     2.34937  0.00465248
     1.06446     2.57137     2.55712  0.00657375
     1.09011     2.55257     2.54022  0.00491659
     1.11576     2.40967     2.39021  0.00575695
     1.14141     2.16387     2.18686  0.00457898
     1.16706     1.90278     1.96032  0.00460034
     1.19271     1.69984     1.74836  0.00463424
     1.21836     1.51525     1.54876  0.00491184
     1.24401     1.40381     1.38196  0.00351369
     1.26966     1.26525     1.23895  0.00372271
     1.29531     1.14149     1.11883  0.00358614
     1.32096     1.01614     1.02124  0.00359205
     1.34661    0.933832     0.93366  0.00315361
     1.37226    0.861214    0.867646  0.00270408
     1.39791    0.794511    0.813531  0.00290355
     1.42355    0.783137    0.775159  0.00267182
      1.4492    0.727485    0.738281  0.00233608
     1.47485    0.704074    0.707674  0.00286607
      1.5005    0.709756    0.687349   0.0024417
     1.52615     0.65907    0.673021  0.00234138
      1.5518    0.662732      0.6702  0.00189794
     1.57745    0.680327    0.672788   0.0025017
      1.6031    0.652043    0.678206  0.00244523
     1.62875    0.693869     0.69023  0.00222417
      1.6544    0.725889    0.707678  0.00191196
     1.68005    0.738938    0.731298  0.00251886
      1.7057    0.749966    0.755289  0.00232784
     1.73135    0.794201    0.787775   0.0022623
       1.757    0.803426    0.824572    0.001981
     1.78265    0.859131    0.861358  0.00244735
      1.8083    0.918476     0.90168  0.00224667
     1.83395    0.951385    0.939857  0.00171158
      1.8596      1.0042      0.9819  0.00211729
     1.88525     1.02756     1.01915  0.00259342
      1.9109     1.04197     1.06485  0.00238477
     1.93655     1.10738     1.09676  0.00190848
      1.9622     1.13869     1.13557  0.00215232
     1.98785     1.15378     1.16099  0.00209406
      2.0135     1.18915     1.18427  0.00205621
     2.03915     1.19146     1.20155  0.00243438
      2.0648     1.19775     1.20948  0.00217653
     2.09045     1.23578     1.21367  0.00218372
      2.1161       1.221     1.20601  0.00237118
     2.14174     1.18778     1.18976  0.00246906
     2.16739     1.16794     1.16852  0.00250721
     2.19304      1.1591     1.14654   0.0024085
     2.21869     1.10435     1.12084  0.00214239
     2.24434     1.08315     1.08823  0.00225598
     2.26999     1.04486     1.05724  0.00238021
     2.29564     1.03154     1.03321  0.00219915
     2.32129     1.00759     1.00863   0.0022856
     2.34694    0.977279    0.984096  0.00203276
     2.37259    0.973397    0.960113  0.00186927
     2.39824    0.951913    0.941842  0.00210039
     2.42389    0.947682     0.92686  0.00202578
     2.44954    0.897236    0.913342  0.00197802
     2.47519    0.893018    0.904577  0.00201936
     2.50084    0.895478    0.897751  0.00196806
     2.52649    0.891872     0.89281  0.00167691
     2.55214     0.89737    0.890534  0.00184159
   0.0128248           0           0           0
   0.0384745           0           0           0
   0.0641241           0           0           0
   0.0897737           0           0           0
    0.115423           0           0           0
    0.141073           0           0           0
    0.166723           0           0           0
    0.192372           0           0           0
    0.218022           0           0           0
    0.243672           0           0           0
    0.269321           0           0           0
    0.294971           0           0           0
     0.32062           0           0           0
     0.34627           0           0           0
     0.37192           0           0           0
    0.397569           0           0           0
    0.423219           0           0           0
    0.448869           0           0           0
    0.474518           0           0           0
    0.500168           0           0           0
    0.525818           0           0           0
    0.551467           0           0           0
    0.577117           0           0           0
    0.602767           0           0           0
    0.628416           0           0           0
    0.654066           0           0           0
    0.679715           0           0           0
    0.705365           0           0           0
    0.731015           0           0           0
    0.756664           0           0           0
    0.782314           0           0           0
    0.807964           0           0           0
    0.833613           0           0           0
    0.859263           0 5.63835e-06 5.57672e-06
    0.884913 0.000978189   0.0011523 0.000108621
    0.910562   0.0226923   0.0255938 0.000553957
    0.936212     0.16897    0.174622  0.00136396
    0.961861     0.60937    0.581738  0.00299133
    0.987511     1.26865     1.22874  0.00433323
     1.01316     1.88501     1.88212  0.00523297
     1.03881     2.38599     2.35017  0.00461892
     1.06446     2.54063     2.55676   0.0064406
     1.09011      2.5118      2.5396  0.00484836
     1.11576      2.4149     2.39075  0.00565676
     1.14141     2.12017     2.18541  0.00470334
     1.16706     1.97231     1.96058  0.00450771
     1.19271     1.80012     1.74948  0.00466811
     1.21836     1.57608     1.54935  0.00484086
     1.24401     1.36167     1.38152  0.00346487
     1.26966      1.1959     1.23801  0.00375757
     1.29531     1.05105     1.11736  0.00379886
     1.32096    0.972272     1.02018  0.00366832
     1.34661    0.898664    0.932899  0.00317549
     1.37226    0.863769    0.867562  0.00264661
     1.39791    0.794547    0.813118  0.00286961
     1.42355    0.776439    0.775187  0.00261388
      1.4492    0.721626    0.737919  0.00231318
     1.47485    0.723157    0.708011  0.00282346
      1.5005    0.702856    0.687686  0.00241178
     1.52615     0.69459     0.67349  0.00233696
      1.5518    0.661997    0.670021  0.00186504
     1.57745    0.681193     0.67297  0.00245398
      1.6031    0.677314    0.678187  0.00239215
     1.62875     0.70301    0.690508   0.0021931
      1.6544    0.696599    0.707437   0.0018855
     1.68005    0.743806     0.73157  0.00247874
      1.7057    0.751711    0.755211  0.00227853
     1.73135    0.809367    0.788244  0.00226129
       1.757    0.838926    0.824884  0.00196236
     1.78265    0.851387    0.861142  0.00240373
      1.8083     0.91243    0.901913  0.00220995
     1.83395    0.974829    0.940617  0.00183547
      1.8596     1.00348    0.982369  0.00212258
     1.88525      1.0559     1.01995  0.00265723
      1.9109     1.09054      1.0654  0.00239746
     1.93655     1.11086     1.09706  0.00189146
      1.9622     1.11011     1.13502  0.00217557
     1.98785     1.16231     1.16102  0.00204873
      2.0135      1.1823     1.18423  0.00201196
     2.03915     1.20512     1.20163   0.0023827
      2.0648     1.20555     1.20939  0.00213089
     2.09045      1.2117     1.21363  0.00213666
      2.1161     1.20424     1.20597  0.00231995
     2.14174     1.18367     1.18962  0.00241893
     2.16739     1.15654     1.16826  0.00246621
     2.19304     1.13122     1.14621  0.00237906
     2.21869     1.09488     1.12028  0.00216891
     2.24434       1.074     1.08792  0.00222802
     2.26999     1.04778     1.05704  0.00233734
     2.29564     1.03394     1.03322   0.0021514
     2.32129    0.981927     1.00805  0.00230848
     2.34694    0.979587    0.983998  0.00199093
     2.37259    0.953869    0.959977  0.00183355
     2.39824    0.930145    0.941588  0.00207007
     2.42389    0.923684    0.926791  0.00198292
     2.44954    0.903763    0.913134  0.00194595
     2.47519    0.905447    0.904596  0.00197555
     2.50084    0.904408    0.897896  0.00193059
     2.52649     0.89815    0.892926  0.00164447
     2.55214    0.884914    0.890412   0.0018056
   0.0128248           0           0           0
   0.0384745           0           0           0
   0.0641241           0           0           0
   0.0897737           0           0           0
    0.115423           0           0           0
    0.141073           0           0           0
    0.166723           0           0           0
    0.192372           0           0           0
    0.218022           0           0           0
    0.243672           0           0           0
    0.269321           0           0           0
    0.294971           0           0           0
     0.32062           0           0           0
     0.34627           0           0           0
     0.37192           0           0           0
    0.397569           0           0           0
    0.423219           0           0           0
    0.448869           0           0           0
    0.474518           0           0           0
    0.500168           0           0           0
    0.525818           0           0           0
    0.551467           0           0           0
    0.577117           0           0           0
    0.602767           0           0           0
    0.628416           0           0           0
    0.654066           0           0           0
    0.679715           0           0           0
    0.705365           0           0           0
    0.731015           0           0           0
    0.756664           0           0           0
    0.782314           0           0           0
    0.807964           0           0           0
    0.833613           0           0           0
    0.859263           0 5.51838e-06 5.45936e-06
    0.884913 0.000397389  0.00113623 0.000107491
    0.910562   0.0200651   0.0254762  0.00055452
    0.936212    0.177927    0.174693  0.00133675
    0.961861    0.578891    0.581677   0.0029283
    0.987511     1.25663     1.22933  0.00428146
     1.01316      1.8591     1.88163   0.0051445
     1.03881     2.39719     2.35117  0.00462772
     1.06446     2.59319     2.55753  0.00635005
     1.09011     2.58233     2.54051  0.00482967
     1.11576     2.33833     2.38963  0.00564527
     1.14141     2.17164     2.18512  0.00461239
     1.16706     1.98572     1.96112  0.00444342
     1.19271     1.77513     1.75003  0.00460057
     1.21836     1.55528     1.54948   0.0047395
     1.24401     1.38234     1.38154  0.00339119
     1.26966     1.19587     1.23712  0.00378308
     1.29531     1.14543     1.11795  0.00376469
     1.32096     1.04146     1.02063   0.0036181
     1.34661    0.937237    0.932991  0.00310927
     1.37226    0.864634      0.8675  0.00259103
     1.39791    0.810105    0.813054  0.00280927
     1.42355    0.755472    0.774767  0.00259171
      1.4492    0.715334    0.737438  0.00231333
     1.47485    0.696657    0.707769   0.0027737
      1.5005    0.683474    0.687596  0.00236213
     1.52615    0.652769    0.673049  0.00232845
      1.5518    0.654362    0.669688  0.00185488
     1.57745    0.673814    0.672988  0.00240183
      1.6031    0.691882    0.678478  0.00235893
     1.62875    0.702856    0.690771  0.00216212
      1.6544    0.712945    0.707554  0.00184902
     1.68005    0.735478    0.731653  0.00242739
      1.7057    0.747852    0.755055  0.00223543
     1.73135     0.80987    0.788704  0.00225951
       1.757    0.845626    0.825326   0.0019696
     1.78265    0.857376    0.861061  0.00235392
      1.8083    0.891653    0.901695  0.00217368
     1.83395    0.944474    0.940699  0.00179826
      1.8596    0.981185    0.982343  0.00207757
     1.88525     1.03714     1.02032  0.00262572
      1.9109      1.0585     1.06526  0.00235095
     1.93655     1.07665     1.09663  0.00190045
      1.9622     1.09947     1.13426  0.00225696
     1.98785     1.13293     1.16042  0.00209049
      2.0135     1.18408     1.18422  0.00196915
     2.03915     1.19069      1.2014  0.00234334
      2.0648     1.20331     1.20926  0.00208948
     2.09045     1.20642     1.21347   0.0020967
      2.1161     1.20895     1.20603  0.00227146
     2.14174     1.20667     1.18999   0.0023945
     2.16739     1.17499      1.1684  0.00241789
     2.19304     1.16021     1.14651  0.00234701
     2.21869      1.1242     1.12036  0.00212437
     2.24434     1.10753     1.08833  0.00221935
     2.26999     1.06071     1.05712  0.00228891
     2.29564     1.04793     1.03354  0.00212825
     2.32129      1.0128     1.00815  0.00226157
     2.34694    0.986862    0.984059   0.0019495
     2.37259    0.975957    0.960317  0.00182579
     2.39824    0.957723    0.941931  0.00205429
     2.42389    0.944154     0.92716  0.00197485
     2.44954    0.937375     0.91365  0.00197171
     2.47519     0.90181    0.904536   0.0019344
     2.50084    0.881454    0.897546  0.00192095
     2.52649    0.903682    0.893155  0.00162533
     2.55214    0.888766    0.890377  0.00176752
   0.0128248           0           0           0
   0.0384745           0           0           0
   0.0641241           0           0           0
   0.0897737           0           0           0
    0.115423           0           0           0
    0.141073           0           0           0
    0.166723           0           0           0
    0.192372           0           0           0
    0.218022           0           0           0
    0.243672           0           0           0
    0.269321           0           0           0
    0.294971           0           0           0
     0.32062           0           0           0
     0.34627           0           0           0
     0.37192           0           0           0
    0.397569           0           0           0
    0.423219           0           0           0
    0.448869           0           0           0
    0.474518           0           0           0
    0.500168           0           0           0
    0.525818           0           0           0
    0.551467           0           0           0
    0.577117           0           0           0
    0.602767           0           0           0
    0.628416           0           0           0
    0.654066           0           0           0
    0.679715           0           0           0
    0.705365           0           0           0
    0.731015           0           0           0
    0.756664           0           0           0
    0.782314           0           0           0
    0.807964           0           0           0
    0.833613           0           0           0
    0.859263           0 5.40341e-06 5.34683e-06
    0.884913  0.00128387  0.00113931 0.000105296
    0.910562   0.0288995   0.0255475 0.000547534
    0.936212    0.163508     0.17446  0.00132905
    0.961861    0.566575    0.581362  0.00288415
    0.987511     1.22248     1.22919  0.00419464
     1.01316     1.89674     1.88194  0.00504694
     1.03881     2.34457     2.35103  0.00453335
     1.06446     2.54864     2.55735  0.00622046
     1.09011     2.56353     2.54099   0.0047528
     1.11576     2.40615     2.38997  0.00553814
     1.14141     2.20098     2.18545  0.00452812
     1.16706     1.95512     1.96099   0.0043526
     1.19271     1.71578     1.74931  0.00455972
     1.21836     1.50966     1.54865   0.0047128
     1.24401     1.35663     1.38102     0.00336
     1.26966     1.24029     1.23718  0.00370484
     1.29531      1.1542     1.11871  0.00376124
     1.32096     1.00795     1.02037  0.00355235
     1.34661    0.929198    0.932912   0.0030455
     1.37226    0.852125    0.867179  0.00255677
     1.39791    0.806577    0.812919  0.00275398
     1.42355    0.729661    0.773828  0.00270271
      1.4492    0.716736    0.737007  0.00230499
     1.47485     0.71049    0.707826  0.00271649
      1.5005    0.678562    0.687408   0.0023204
     1.52615    0.686203    0.673323  0.00229601
      1.5518    0.684373    0.669994  0.00184129
     1.57745    0.694286    0.673432  0.00239243
      1.6031    0.704662    0.679024  0.00237202
     1.62875    0.733447     0.69166   0.0022926
      1.6544      0.7692    0.708838    0.002212
     1.68005    0.759666    0.732236  0.00244597
      1.7057    0.792233    0.755829  0.00231916
     1.73135    0.798705    0.788912  0.00222202
       1.757    0.847308    0.825784   0.0019811
     1.78265    0.872608    0.861302  0.00231714
      1.8083    0.892012    0.901493  0.00213774
     1.83395    0.926844     0.94041  0.00178381
      1.8596      0.9807    0.982309  0.00203457
     1.88525     1.00357     1.01997  0.00259409
      1.9109      1.0495     1.06493  0.00232479
     1.93655     1.06488     1.09597  0.00197263
      1.9622     1.07664     1.13306  0.00250894
     1.98785     1.11538     1.15948  0.00224769
      2.0135     1.14084     1.18332  0.00212547
     2.03915      1.2138     1.20166  0.00230872
      2.0648     1.22679     1.20963  0.00207762
     2.09045     1.21138     1.21343  0.00205347
      2.1161     1.21316     1.20618  0.00222898
     2.14174     1.17769     1.18973  0.00235829
     2.16739     1.15402      1.1681    0.002386
     2.19304     1.13196      1.1462  0.00231758
     2.21869     1.12103     1.12037  0.00208015
     2.24434     1.09269     1.08842  0.00217496
     2.26999     1.02896     1.05653   0.0023152
     2.29564     1.00043     1.03285  0.00219282
     2.32129     1.00809     1.00815  0.00221445
     2.34694    0.976797    0.983907  0.00191475
     2.37259     0.97079    0.960535  0.00180074
     2.39824    0.951193    0.942124  0.00202054
     2.42389    0.938364    0.927393  0.00194745
     2.44954    0.939785    0.914194  0.00200441
     2.47519    0.925289    0.904969  0.00194182
     2.50084     0.91885     0.89799  0.00193152
     2.52649    0.912821    0.893565   0.0016423
     2.55214    0.901901    0.890617  0.00174693
   0.0128248           0           0           0
   0.0384745           0           0           0
   0.0641241           0           0           0
   0.0897737           0           0           0
    0.115423           0           0           0
    0.141073           0           0           0
    0.166723           0           0           0
    0.192372           0           0           0
    0.218022           0           0           0
    0.243672           0           0           0
    0.269321           0           0           0
    0.294971           0           0           0
     0.32062           0           0           0
     0.34627           0           0           0
     0.37192           0           0           0
    0.397569           0           0           0
    0.423219           0           0           0
    0.448869           0           0           0
    0.474518           0           0           0
    0.500168           0           0           0
    0.525818           0           0           0
    0.551467           0           0           0
    0.577117           0           0           0
    0.602767           0           0           0
    0.628416           0           0           0
    0.654066           0           0           0
    0.679715           0           0           0
    0.705365           0           0           0
    0.731015           0           0           0
    0.756664           0           0           0
    0.782314           0           0           0
    0.807964           0           0           0
    0.833613           0           0           0
    0.859263           0 5.29314e-06 5.23885e-06
    0.884913  0.00134501  0.00114351  0.00010323
    0.910562   0.0276869   0.0255911 0.000538098
    0.936212    0.181259    0.174598  0.00130916
    0.961861    0.556847    0.580862  0.00286835
    0.987511     1.24101     1.22943  0.00411597
     1.01316     1.91402      1.8826  0.00498621
     1.03881     2.40746     2.35218  0.00458476
     1.06446     2.54067     2.55701  0.00610282
     1.09011     2.59866     2.54217  0.00479933
     1.11576     2.35373     2.38924  0.00547428
     1.14141     2.11369     2.18398  0.00466654
     1.16706     1.94041     1.96057  0.00428399
     1.19271      1.7213     1.74874  0.00450237
     1.21836     1.52799     1.54823  0.00463543
     1.24401     1.34696     1.38032  0.00336254
     1.26966     1.20925     1.23661  0.00367282
     1.29531     1.11668     1.11867  0.00368471
     1.32096    0.988159     1.01971  0.00354014
     1.34661    0.940287    0.933063  0.00298706
     1.37226    0.880753    0.867456  0.00251956
     1.39791    0.815348    0.812968  0.00269822
     1.42355    0.771737    0.773785  0.00264789
      1.4492    0.716907    0.736597  0.00229416
     1.47485    0.700498    0.707676  0.00266517
      1.5005    0.665304    0.686957  0.00231648
     1.52615    0.670848    0.673273  0.00224971
      1.5518    0.686193    0.670325  0.00183315
     1.57745    0.698365    0.673941   0.0023971
      1.6031    0.706041    0.679575  0.00238684
     1.62875    0.737679    0.692599  0.00243058
      1.6544     0.74004    0.709475  0.00225666
     1.68005    0.735724    0.732307  0.00239709
      1.7057    0.789427    0.756515  0.00237103
     1.73135    0.831528    0.789782  0.00234069
       1.757    0.850813    0.826294  0.00200544
     1.78265    0.861248    0.861301  0.00226985
      1.8083    0.901661    0.901497  0.00209411
     1.83395    0.939783    0.940398  0.00174745
      1.8596     0.98691    0.982403  0.00199521
     1.88525     1.01891     1.01995  0.00254124
      1.9109      1.0614     1.06486  0.00227846
     1.93655      1.1006     1.09606  0.00193463
      1.9622     1.13976      1.1332  0.00246146
     1.98785     1.17371     1.15977   0.0022205
      2.0135     1.16189     1.18288  0.00212659
     2.03915       1.179     1.20119  0.00230743
      2.0648     1.20196     1.20947   0.0020411
     2.09045     1.16599     1.21246  0.00222815
      2.1161     1.17598     1.20556  0.00226711
     2.14174     1.16039     1.18913  0.00238498
     2.16739      1.1399     1.16753  0.00240572
     2.19304     1.11815     1.14563  0.00233995
     2.21869     1.10654     1.12009  0.00205677
     2.24434     1.07907     1.08823  0.00213894
     2.26999     1.06058     1.05661  0.00226942
     2.29564     1.03353     1.03286  0.00214812
     2.32129     1.00054       1.008  0.00217471
     2.34694    0.966179    0.983546  0.00190955
     2.37259    0.949846    0.960317  0.00177716
     2.39824    0.928226    0.941841  0.00199911
     2.42389     0.93374    0.927523  0.00191201
     2.44954    0.937052    0.914661  0.00201706
     2.47519     0.92391    0.905355  0.00194028
     2.50084    0.905227    0.898138  0.00189774
     2.52649    0.898683    0.893669   0.0016121
     2.55214    0.900681    0.890822  0.00172331
   0.0128248           0           0           0
   0.0384745           0           0           0
   0.0641241           0           0           0
   0.0897737           0           0           0
    0.115423           0           0           0
    0.141073           0           0           0
    0.166723           0           0           0
    0.192372           0           0           0
    0.218022           0           0           0
    0.243672           0           0           0
    0.269321           0           0           0
    0.294971           0           0           0
     0.32062           0           0           0
     0.34627           0           0           0
     0.37192           0           0           0
    0.397569           0           0           0
    0.423219           0           0           0
    0.448869           0           0           0
    0.474518           0           0           0
    0.500168           0           0           0
    0.525818           0           0           0
    0.551467           0           0           0
    0.577117           0           0           0
    0.602767           0           0           0
    0.628416           0           0           0
    0.654066           0           0           0
    0.679715           0           0           0
    0.705365           0           0           0
    0.731015           0           0           0
    0.756664           0           0           0
    0.782314           0           0           0
    0.807964           0           0           0
    0.833613           0           0           0
    0.859263           0 5.18728e-06 5.13514e-06
    0.884913  0.00162013  0.00115304 0.000101605
    0.910562   0.0277158   0.0256336 0.000529011
    0.936212    0.175005    0.174606    0.001283
    0.961861    0.615372    0.581552  0.00289284
    0.987511     1.22116     1.22927  0.00403698
     1.01316     1.93244     1.88359  0.00498512
     1.03881     2.28182     2.35078   0.0047041
     1.06446     2.51792     2.55623  0.00603062
     1.09011     2.53908     2.54211  0.00470374
     1.11576     2.36544     2.38876  0.00538544
     1.14141     2.18643     2.18403  0.00457347
     1.16706     1.96872     1.96073  0.00420141
     1.19271     1.75329     1.74883  0.00441324
     1.21836       1.587       1.549  0.00460713
     1.24401     1.41402       1.381  0.00336214
     1.26966     1.24863     1.23685  0.00360723
     1.29531     1.10742     1.11844  0.00361788
     1.32096     1.00771     1.01947  0.00347746
     1.34661    0.940089    0.933203  0.00293063
     1.37226    0.857515    0.867257    0.002477
     1.39791    0.791791    0.812545   0.0026773
     1.42355    0.761968    0.773549  0.00260546
      1.4492    0.728602    0.736437  0.00225384
     1.47485    0.700355     0.70753  0.00261588
      1.5005    0.689237    0.687003   0.0022706
     1.52615     0.68869    0.673581  0.00222574
      1.5518    0.698947    0.670897  0.00188375
     1.57745    0.708062    0.674623  0.00244437
      1.6031    0.687532    0.679734   0.0023444
     1.62875    0.683194    0.692411  0.00238923
      1.6544    0.690756    0.709101  0.00224236
     1.68005    0.723647    0.732134   0.0023554
      1.7057    0.790258     0.75719  0.00241775
     1.73135    0.804415    0.790075   0.0023121
       1.757    0.811165    0.825992  0.00198803
     1.78265    0.832962    0.860734  0.00229413
      1.8083    0.909172     0.90165  0.00205785
     1.83395    0.925748    0.940105  0.00173689
      1.8596    0.980915    0.982373  0.00195553
     1.88525     1.01054     1.01976  0.00249737
      1.9109     1.04349     1.06443  0.00227263
     1.93655     1.08958     1.09593  0.00190028
      1.9622     1.13034     1.13314   0.0024129
     1.98785     1.15008     1.15958  0.00218455
      2.0135     1.17233     1.18267  0.00209451
     2.03915     1.20242     1.20122  0.00226141
      2.0648     1.20802     1.20944  0.00200048
     2.09045     1.20626     1.21234  0.00218703
      2.1161     1.18791     1.20521  0.00224909
     2.14174     1.19645     1.18928  0.00234178
     2.16739      1.1795     1.16777  0.00236949
     2.19304     1.14199     1.14556  0.00229429
     2.21869     1.14261     1.12054  0.00206433
     2.24434     1.10938     1.08866  0.00213757
     2.26999     1.06488     1.05678  0.00223006
     2.29564     1.04743     1.03315  0.00212483
     2.32129     1.00617     1.00796  0.00213152
     2.34694    0.983238    0.983539  0.00187137
     2.37259    0.966767    0.960446  0.00174629
     2.39824     0.94013    0.941807  0.00195942
     2.42389    0.915906    0.927291  0.00188783
     2.44954    0.912097    0.914609  0.00197737
     2.47519    0.901184    0.905272  0.00190327
     2.50084    0.896366    0.898102  0.00186012
     2.52649    0.903213     0.89386  0.00159112
     2.55214    0.908612    0.891178  0.00172518
