0	34.1016	38.5499
1	32.8931	37.1007
2	32.0397	35.5223
3	30.2945	34.4176
4	28.5323	33.2613
5	28.5323	32.6226
6	28.5323	30.6781
7	27.6353	29.2098
8	26.2651	28.4905
9	26.1886	27.8121
10	25.8373	27.6482
11	25.2638	27.0111
12	24.1205	26.3841
13	23.5288	26.0854
14	23.5288	25.2451
15	20.8761	24.7116
16	20.8761	23.7829
17	20.4946	22.6752
18	20.4566	22.4992
19	20.4566	21.0573
20	19.8115	20.8943
21	19.6021	20.6181
22	18.9128	20.4777
23	18.9128	19.8926
24	18.7502	19.8915
25	18.7502	19.3236
26	17.9904	19.2757
27	17.9904	19.2425
28	17.8957	19.0345
29	17.8957	18.6282
30	17.8957	18.458
31	17.5597	18.5591
32	17.5597	18.1578
33	17.5597	18.0719
34	17.1166	17.8281
35	16.2097	17.7195
36	15.9791	17.497
37	15.9791	17.3196
38	15.9791	16.9242
39	15.2766	16.2931
40	15.2766	16.2674
41	14.9935	15.8946
42	14.9935	15.9654
43	13.569	15.6285
44	13.569	15.437
45	13.3176	15.1679
46	13.3176	14.8704
47	13.2332	14.7041
48	12.6468	13.8794
49	12.6468	13.2404
50	12.6468	13.0386
51	12.6468	12.8009
52	12.6464	12.7464
53	12.6464	12.6804
54	12.6464	13.0306
55	12.4781	12.907
56	12.4266	12.8487
57	12.4266	13.075
58	12.4266	13.1469
59	12.4266	12.9593
60	12.4266	12.6858
61	12.4266	12.7182
62	12.4266	12.6442
63	12.4266	12.4696
64	12.4266	12.4733
65	12.4266	12.9011
66	12.4266	12.9324
67	11.7585	12.4622
68	11.7585	12.4775
69	11.7585	12.4795
70	11.7585	11.9501
71	11.3611	11.8687
72	11.3611	11.7361
73	11.3611	11.8078
74	11.3611	11.6019
75	11.3611	11.6182
76	11.3611	11.7964
77	11.3611	11.6988
78	11.3611	11.5578
79	11.3611	11.68
80	11.3611	11.8831
81	11.3611	11.8755
82	11.3611	12.1287
83	11.3611	11.8494
84	11.3611	11.8136
85	11.3611	11.4324
86	11.1621	11.4388
87	11.1621	11.3774
88	11.1621	11.3426
89	11.1099	11.3157
90	10.9078	11.1883
91	10.9078	11.153
92	10.9078	11.1275
93	10.9078	11.0224
94	10.8489	10.9849
95	10.8489	11.1085
96	10.8375	11.2468
97	10.8375	11.3612
98	10.8375	10.979
99	10.8375	10.8666
100	10.837	10.86
101	9.03255	10.8617
102	9.03255	10.8756
103	9.03255	10.6524
104	8.99084	10.3796
105	8.99084	10.1296
106	8.99084	10.216
107	8.99084	9.87398
108	8.99084	9.99306
109	8.75345	9.34205
110	8.75345	9.25052
111	8.75345	8.94492
112	8.75345	8.85554
113	8.72467	8.79137
114	8.72467	8.76507
115	8.72467	8.74278
116	8.72467	8.74457
117	8.53377	8.72143
118	8.53377	8.72233
119	8.53377	8.89159
120	8.53377	8.85148
121	8.53377	9.19955
122	8.53377	9.23484
123	8.53377	9.22178
124	8.00937	8.8387
125	8.00937	8.53956
126	7.96402	8.43888
127	7.96402	8.53129
128	7.43961	8.12059
129	7.43961	7.94251
130	7.43961	7.87828
131	7.43961	7.61882
132	7.43961	7.59128
133	7.43961	7.68536
134	7.43961	7.5516
135	7.43961	7.45258
136	7.16563	7.86991
137	7.16563	7.99459
138	7.16563	8.00153
139	7.16563	8.13181
140	7.01551	9.27951
141	7.01551	8.83274
142	7.01551	8.66034
143	7.01551	8.67176
144	7.01551	8.1154
145	7.01551	7.47608
146	7.01551	7.81974
147	6.8473	7.48865
148	6.8473	7.01706
149	6.8473	7.04941
150	6.8473	7.26908
151	6.8473	7.25511
152	6.8473	7.16683
153	6.8473	7.17982
154	6.8473	6.8473
155	6.8473	6.85066
156	6.8473	7.2887
157	6.8473	7.24124
158	6.8473	7.28204
159	6.8473	7.05404
160	6.8473	7.12507
161	6.8473	7.15998
162	6.8473	7.56665
163	6.8473	7.21651
164	6.8473	7.25876
165	6.8473	6.97001
166	6.8473	7.12821
167	6.8473	7.17146
168	6.8473	6.96813
169	6.8473	6.96139
170	6.8473	7.14651
171	6.8473	7.09152
172	6.8473	7.2613
173	6.8473	7.11158
174	6.8473	6.91503
175	6.8473	6.8473
176	6.8473	6.8473
177	6.8473	6.85339
178	6.8473	6.9698
179	6.8473	6.8757
180	6.8473	7.38832
181	6.8473	6.97978
182	6.8473	7.05829
183	6.8473	7.06915
184	6.8473	7.30652
185	6.8473	6.99995
186	6.8473	6.98725
187	6.8473	7.07938
188	6.8473	6.8473
189	6.8473	6.8473
190	6.8473	6.8473
191	6.8473	6.8473
192	6.8473	6.8473
193	6.8473	6.85394
194	6.8473	6.84787
195	6.8473	7.01992
196	6.8473	7.29103
197	6.8473	7.07558
198	6.8473	7.05304
199	6.8473	6.95522
200	6.8473	6.85021
201	6.8304	6.87977
202	6.8304	7.07493
203	6.8304	7.88534
204	6.8304	7.85185
205	6.8304	8.10123
206	6.8304	8.68675
207	6.65728	8.56723
208	6.65728	8.78289
209	6.65728	8.87183
210	6.65728	8.25941
211	6.65728	7.78194
212	6.65728	7.21345
213	6.65728	6.98299
214	6.65728	6.75566
215	6.65728	6.96129
216	6.65728	7.1078
217	6.65728	6.68918
218	6.65728	6.79178
219	6.65728	6.65728
220	6.65728	6.65728
221	6.65728	6.65988
222	6.65728	6.66875
223	6.65728	6.65728
224	6.65728	6.69603
225	6.65728	6.67708
226	6.65728	6.65728
227	6.65728	6.65728
228	6.65728	6.69298
229	6.65728	6.81156
230	6.65728	7.02319
231	6.65728	6.82445
232	6.62059	6.70122
233	6.5501	6.73567
234	6.5501	6.73625
235	6.5501	6.62966
236	6.5501	6.59947
237	6.5501	6.56296
238	6.5501	6.66068
239	6.5501	6.94976
240	6.5501	6.56067
241	6.5501	6.60255
242	6.5501	6.66059
243	6.5501	6.75543
244	6.5501	6.7878
245	6.5501	7.2864
246	6.5501	6.86994
247	6.5501	6.80223
248	6.5501	6.82621
249	6.5501	6.80792
250	6.5501	6.79324
251	6.5501	7.09276
252	6.5501	7.17588
253	6.5501	6.88231
254	6.5501	6.88105
255	6.5501	6.66911
256	6.5501	7.06776
257	6.5501	7.05911
258	6.5501	6.85399
259	6.5501	6.5635
260	6.5501	6.7094
261	6.5501	6.55326
262	6.5501	6.58335
263	6.5501	6.6433
264	6.5501	6.79052
265	6.5501	6.58181
266	6.5501	6.56175
267	6.5501	6.60832
268	6.5501	6.82439
269	6.5501	6.86421
270	6.5501	7.22469
271	6.5501	6.92022
272	6.5501	6.72132
273	6.5501	6.77529
274	6.5501	6.56557
275	6.5501	6.5501
276	6.5501	6.65614
277	6.5501	6.62892
278	6.5501	6.55785
279	6.5501	6.5501
280	6.5501	6.5501
281	6.5501	6.5501
282	6.5501	6.5527
283	6.5501	6.5501
284	6.5501	6.59101
285	6.5501	6.59244
286	6.5501	6.71812
287	6.5501	6.63502
288	6.5501	6.6002
289	6.5501	6.5501
290	6.5501	6.5501
291	6.5501	6.5501
292	6.5501	6.5501
293	6.5501	6.69525
294	6.5501	6.56214
295	6.5501	6.56126
296	6.5501	6.71112
297	6.5501	6.62082
298	6.5501	6.67689
299	6.5501	6.67696
300	6.5501	6.77888
301	6.36042	6.67344
302	6.26143	6.74039
303	6.26143	6.84162
304	6.26143	6.86448
305	6.26143	6.57011
306	6.26143	6.54614
307	6.26143	6.29715
308	6.26143	6.28999
309	6.26143	6.26143
310	6.26143	6.44733
311	6.26143	6.26143
312	6.26143	6.26143
313	6.26143	6.28378
314	6.26143	6.26143
315	6.26143	6.31777
316	6.26143	6.42772
317	6.26143	6.35954
318	6.26143	6.53646
319	6.26143	6.26143
320	6.26143	6.26143
321	6.26143	6.26143
322	6.26143	6.26143
323	6.26143	6.39957
324	6.26143	6.65978
325	6.26143	6.26143
326	6.26143	6.26143
327	6.26143	6.26143
328	6.26143	6.26143
329	6.26143	6.36906
330	6.26143	6.26143
331	6.26143	6.26143
332	6.26143	6.26143
333	6.26143	6.35795
334	6.26143	6.34109
335	6.26143	6.35007
336	6.26143	6.27625
337	6.26143	6.26143
338	6.26143	6.55146
339	6.26143	6.57793
340	6.26143	6.41103
341	6.26143	6.30971
342	6.26143	6.34501
343	6.26143	6.60216
344	6.26143	6.27641
345	6.26143	6.3655
346	6.26143	6.86213
347	6.26143	6.45293
348	6.26143	6.42405
349	6.26143	7.02022
350	6.26143	6.57214
351	6.26143	6.35371
352	6.26143	6.3142
353	6.26143	6.44525
354	6.26143	6.49659
355	6.26143	6.31485
356	6.26143	6.26143
357	6.26143	6.26143
358	6.26143	6.30077
359	6.26143	6.26143
360	6.26143	6.34972
361	6.26143	6.28365
362	6.26143	6.38099
363	6.26143	6.58694
364	6.26143	6.6265
365	6.26143	6.54053
366	6.26143	6.26143
367	6.26143	6.27907
368	6.26143	6.26629
369	6.26143	6.26143
370	6.26143	6.35466
371	6.26143	6.32096
372	6.26143	6.42089
373	6.26143	6.27799
374	6.26143	6.41374
375	6.26143	6.57779
376	6.26143	6.26143
377	6.26143	6.33343
378	6.26143	6.26985
379	6.26143	6.69222
380	6.26143	6.81336
381	6.26143	6.68223
382	6.26143	6.91937
383	6.26143	7.08945
384	6.26143	6.89111
385	6.26143	6.90381
386	6.26143	6.59058
387	6.26143	6.97795
388	6.26143	6.64667
389	6.26143	6.34688
390	6.26143	6.44762
391	6.26143	6.66686
392	6.26143	6.30321
393	6.26143	6.27872
394	6.26143	6.26143
395	6.26143	6.29574
396	6.26143	6.29292
397	6.26143	6.27291
398	6.26143	6.27332
399	6.26143	6.26143
400	6.26143	6.26143
401	6.26143	6.26143
402	6.26143	6.58041
403	6.26143	6.38089
404	6.26143	6.3108
405	6.26143	6.36726
406	6.26143	6.26143
407	6.26143	6.26143
408	6.26143	6.26143
409	6.26143	6.26143
410	6.26143	6.26143
411	6.26143	6.34827
412	6.26143	6.26143
413	6.26143	6.26143
414	6.26143	6.3496
415	6.26143	6.26143
416	6.26143	6.31379
417	6.26143	6.26143
418	6.26143	6.28457
419	6.26143	6.34325
420	6.26143	6.43609
421	6.26143	6.35932
422	6.26143	6.26143
423	6.26143	6.32192
424	6.26143	6.27588
425	6.26143	6.2793
426	6.26143	6.30822
427	6.26143	6.34953
428	6.26143	6.32468
429	6.26143	6.55765
430	6.26143	6.35748
431	6.26143	6.34863
432	6.26143	6.26143
433	6.26143	6.26143
434	6.26143	6.26726
435	6.26143	6.26143
436	6.26143	6.27813
437	6.26143	6.58145
438	6.26143	6.45934
439	6.26143	6.34244
440	6.26143	6.37554
441	6.26143	6.68787
442	6.26143	6.32674
443	6.26143	6.67692
444	6.26143	6.76306
445	6.26143	6.37286
446	6.26143	6.26489
447	6.26143	6.44546
448	6.26143	6.35329
449	6.26143	6.32015
450	6.26143	6.42564
451	6.26143	6.43245
452	6.26143	6.34266
453	6.26143	6.7057
454	6.26143	6.26143
455	6.26143	6.74084
456	6.26143	6.30989
457	6.26143	6.45049
458	6.26143	6.41609
459	6.26143	6.27247
460	6.26143	6.26143
461	6.26143	6.26143
462	6.26143	6.31856
463	6.26143	6.27849
464	6.26143	6.27704
465	6.26143	6.27025
466	6.26143	6.62378
467	6.26143	6.73602
468	6.26143	6.41991
469	6.26143	6.3667
470	6.26143	6.39975
471	6.26143	6.40894
472	6.26143	6.43058
473	6.26143	6.67263
474	6.26143	6.45672
475	6.26143	6.32952
476	6.26143	6.50108
477	6.26143	6.54325
478	6.26143	6.77108
479	6.26143	6.48597
480	6.26143	6.42245
481	6.26143	6.26681
482	6.26143	6.26143
483	6.26143	6.29121
484	6.26143	6.46256
485	6.26143	6.3559
486	6.26143	6.33672
487	6.26143	6.37246
488	6.26143	6.31765
489	6.26143	6.4911
490	6.26143	6.62015
491	6.26143	6.45903
492	6.26143	6.30896
493	6.26143	6.26143
494	6.26143	6.26143
495	6.26143	6.4477
496	6.26143	6.34228
497	6.26143	6.26143
498	6.26143	6.26143
499	6.26143	6.26143
500	6.26143	6.26143
501	6.26143	6.26143
502	6.26143	6.3979
503	6.26143	6.60768
504	6.26143	7.62
505	6.26143	8.25786
506	6.26143	8.24998
507	6.26143	7.78599
508	6.26143	8.07672
509	6.26143	8.42369
510	6.26143	8.28058
511	6.26143	7.78193
512	6.26143	7.04352
513	6.26143	6.30162
514	6.26143	6.5066
515	6.26143	6.28054
516	6.26143	6.26143
517	6.26143	6.26143
518	6.26143	6.26143
519	6.26143	6.26143
520	6.26143	6.26143
521	6.26143	6.26143
522	6.26143	6.26425
523	6.26143	6.31161
524	6.26143	6.28136
525	6.26143	6.27165
526	6.26143	6.32062
527	6.26143	6.49124
528	6.26143	6.68131
529	6.26143	6.7451
530	6.26143	6.56655
531	6.26143	6.53791
532	6.26143	7.15651
533	6.26143	6.96027
534	6.26143	7.18104
535	6.26143	6.68537
536	6.26143	6.27096
537	6.26143	6.34763
538	6.26143	6.34299
539	6.26143	6.40835
540	6.26143	6.2975
541	6.26143	6.26143
542	6.26143	6.50414
543	6.26143	6.51115
544	6.26143	6.47991
545	6.26143	6.95485
546	6.26143	6.59841
547	6.26143	6.26143
548	6.26143	6.32393
549	6.26143	6.65731
550	6.26143	6.40797
551	6.26143	6.28794
552	6.26143	6.38847
553	6.26143	6.26143
554	6.26143	6.26143
555	6.26143	6.27875
556	6.26143	6.47863
557	6.26143	7.21161
558	6.26143	6.58479
559	6.26143	6.70882
560	6.26143	6.47144
561	6.26143	6.26143
562	6.26143	6.44285
563	6.26143	6.3491
564	6.26143	6.30574
565	6.26143	6.39149
566	6.26143	6.2634
567	6.26143	6.2634
568	6.26143	6.42873
569	6.26143	6.28727
570	6.26143	6.26403
571	6.26143	6.26662
572	6.26143	6.26143
573	6.26143	6.26143
574	6.26143	6.26143
575	6.26143	6.26143
576	6.26143	6.26143
577	6.26143	6.26547
578	6.26143	6.26143
579	6.26143	6.26749
580	6.26143	6.47128
581	6.26143	6.44663
582	6.26143	6.28931
583	6.26143	6.26575
584	6.26143	6.28921
585	6.26143	6.26143
586	6.26143	6.26143
587	6.26143	6.32845
588	6.26143	6.3278
589	6.26143	6.43694
590	6.26143	6.29686
591	6.26143	6.26143
592	6.26143	6.51063
593	6.26143	6.53454
594	6.26143	6.26547
595	6.26143	6.28087
596	6.26143	6.38023
597	6.26143	6.26901
598	6.26143	6.7262
599	6.26143	6.77094
600	6.26143	6.76215
601	6.26143	6.69311
602	6.26143	6.61389
603	6.26143	6.33352
604	6.26143	6.26199
605	6.26143	6.26143
606	6.26143	6.26143
607	6.26143	6.26143
608	6.26143	6.26971
609	6.26143	6.3522
610	6.26143	6.4125
611	6.26143	6.34594
612	6.26143	6.51606
613	6.26143	6.35356
614	6.26143	6.31239
615	6.26143	6.35608
616	6.26143	6.83528
617	6.26143	6.51228
618	6.26143	6.43422
619	6.26143	6.26886
620	6.26143	6.26143
621	6.26143	6.26143
622	6.26143	6.26143
623	6.26143	6.26143
624	6.26143	6.26143
625	6.26143	6.28903
626	6.26143	6.26143
627	6.26143	6.26143
628	6.26143	6.26143
629	6.26143	6.26143
630	6.26143	6.26143
631	6.26143	6.3227
632	6.26143	6.26143
633	6.26143	6.26143
634	6.26143	6.26143
635	6.26143	6.28649
636	6.26143	6.26143
637	6.26143	6.26143
638	6.26143	6.26143
639	6.26143	6.29257
640	6.26143	6.30829
641	6.26143	6.2733
642	6.26143	6.36897
643	6.26143	6.4273
644	6.26143	6.50163
645	6.26143	6.81186
646	6.26143	6.57997
647	6.26143	6.58083
648	6.26143	6.67529
649	6.26143	6.3145
650	6.26143	6.26143
651	6.26143	6.26143
652	6.26143	6.46654
653	6.26143	6.63995
654	6.26143	6.82984
655	6.26143	6.45834
656	6.26143	6.38102
657	6.26143	6.35858
658	6.26143	6.26284
659	6.26143	6.26681
660	6.26143	6.26143
661	6.26143	6.39195
662	6.26143	6.5974
663	6.26143	6.26143
664	6.26143	6.27077
665	6.26143	6.3443
666	6.26143	6.26143
667	6.26143	6.26143
668	6.26143	6.26143
669	6.26143	6.26143
670	6.26143	6.35533
671	6.26143	6.31504
672	6.26143	6.51096
673	6.26143	6.92515
674	6.26143	6.48832
675	6.26143	6.72667
676	6.26143	6.33812
677	6.26143	6.32601
678	6.26143	6.33256
679	6.26143	6.26143
680	6.26143	6.28625
681	6.26143	6.30005
682	6.26143	6.28913
683	6.26143	6.28206
684	6.26143	6.45027
685	6.26143	6.49496
686	6.26143	6.33572
687	6.26143	6.58208
688	6.26143	6.57981
689	6.26143	6.85111
690	6.26143	7.12853
691	6.26143	6.69705
692	6.26143	6.52002
693	6.26143	6.62833
694	6.26143	6.28865
695	6.26143	6.26143
696	6.26143	6.42044
697	6.26143	6.36373
698	6.26143	6.27549
699	6.26143	6.40238
700	6.26143	6.40038
701	6.26143	6.30578
702	6.26143	6.36229
703	6.26143	6.35618
704	6.26143	6.30681
705	6.26143	6.32513
706	6.26143	6.48314
707	6.26143	6.27035
708	6.26143	6.55961
709	6.26143	6.43506
710	6.26143	6.45921
711	6.26143	6.63101
712	6.26143	6.3561
713	6.26143	6.89509
714	6.26143	6.83103
715	6.26143	6.56962
716	6.26143	6.33221
717	6.26143	6.61478
718	6.26143	6.63218
719	6.26143	6.65638
720	6.26143	6.40924
721	6.26143	6.34879
722	6.26143	6.3704
723	6.26143	6.296
724	6.26143	6.29272
725	6.26143	6.39036
726	6.26143	6.39972
727	6.26143	6.39334
728	6.26143	6.26574
729	6.26143	6.26143
730	6.26143	6.35584
731	6.26143	6.30409
732	6.26143	6.29694
733	6.26143	6.42928
734	6.26143	6.52528
735	6.26143	6.33178
736	6.26143	6.26143
737	6.26143	6.26143
738	6.26143	6.26143
739	6.26143	6.26143
740	6.26143	6.26143
741	6.26143	6.42654
742	6.26143	6.28168
743	6.26143	6.29351
744	6.26143	6.29
745	6.26143	6.41434
746	6.26143	6.43082
747	6.26143	6.40944
748	6.26143	6.26489
749	6.26143	6.31425
750	6.26143	6.30959
751	6.26143	6.36109
752	6.26143	6.52626
753	6.26143	6.32748
754	6.26143	6.26489
755	6.26143	6.31623
756	6.26143	6.34303
757	6.26143	6.55321
758	6.26143	6.57706
759	6.26143	6.60294
760	6.26143	6.48828
761	6.26143	6.45967
762	6.26143	6.31154
763	6.26143	6.49943
764	6.26143	6.33209
765	6.26143	6.26143
766	6.26143	6.277
767	6.26143	6.32911
768	6.26143	6.54004
769	6.26143	6.43858
770	6.26143	6.4324
771	6.26143	6.28222
772	6.26143	6.26143
773	6.26143	6.26143
774	6.26143	6.32801
775	6.26143	6.26143
776	6.26143	6.28863
777	6.26143	6.27127
778	6.26143	6.26443
779	6.26143	6.33715
780	6.26143	6.61338
781	6.26143	6.40234
782	6.26143	6.60795
783	6.26143	6.83774
784	6.26143	6.64326
785	6.26143	6.56874
786	6.26143	6.28898
787	6.26143	6.28308
788	6.26143	6.33532
789	6.26143	6.26143
790	6.26143	6.36967
791	6.26143	6.35495
792	6.26143	6.89471
793	6.26143	7.39091
794	6.26143	7.1573
795	6.26143	7.01541
796	6.26143	7.04163
797	6.26143	6.34593
798	6.26143	6.28487
799	6.26143	6.26143
800	6.26143	6.26143
801	6.26143	6.26284
802	6.26143	6.32557
803	6.26143	6.4378
804	6.26143	6.33069
805	6.26143	6.41091
806	6.26143	6.54528
807	6.26143	6.55489
808	6.26143	6.65406
809	6.26143	6.50215
810	6.26143	6.56052
811	6.26143	6.28355
812	6.26143	6.28311
813	6.26143	6.37415
814	6.26143	6.42063
815	6.26143	6.28079
816	6.26143	6.27325
817	6.26143	6.26403
818	6.26143	6.26143
819	6.26143	6.26143
820	6.26143	6.26143
821	6.26143	6.26143
822	6.26143	6.26143
823	6.26143	6.32207
824	6.26143	6.36766
825	6.26143	6.319
826	6.26143	6.26143
827	6.26143	6.26143
828	6.26143	6.30381
829	6.26143	6.26143
830	6.26143	6.26143
831	6.26143	6.26143
832	6.26143	6.26403
833	6.26143	6.26143
834	6.26143	6.52227
835	6.26143	6.48668
836	6.26143	6.46695
837	6.26143	6.33088
838	6.26143	6.90698
839	6.26143	7.25602
840	6.26143	6.75213
841	6.26143	6.58578
842	6.26143	6.34897
843	6.26143	6.35584
844	6.26143	6.29741
845	6.26143	6.26143
846	6.26143	6.26143
847	6.26143	6.26143
848	6.26143	6.28063
849	6.26143	6.26662
850	6.26143	6.2672
851	6.26143	6.55586
852	6.26143	6.5162
853	6.26143	6.74988
854	6.26143	6.64131
855	6.26143	6.26143
856	6.26143	6.2965
857	6.26143	6.27731
858	6.26143	6.28494
859	6.26143	6.4096
860	6.26143	6.71364
861	6.26143	6.64519
862	6.26143	6.72163
863	6.26143	6.46824
864	6.26143	6.48668
865	6.26143	6.40182
866	6.26143	6.34973
867	6.26143	7.12996
868	6.26143	6.69861
869	6.26143	6.44729
870	6.26143	6.26143
871	6.26143	6.47573
872	6.26143	6.81248
873	6.26143	6.55958
874	6.26143	7.2661
875	6.26143	6.53396
876	6.26143	6.26414
877	6.26143	6.26143
878	6.26143	6.26143
879	6.26143	6.26626
880	6.26143	6.27445
881	6.26143	6.38709
882	6.26143	6.57637
883	6.26143	6.61557
884	6.26143	6.81285
885	6.26143	7.18808
886	6.26143	6.74303
887	6.26143	7.44319
888	6.26143	7.43927
889	6.26143	6.92597
890	6.26143	6.67137
891	6.26143	6.34681
892	6.26143	6.3873
893	6.26143	6.64872
894	6.26143	6.35659
895	6.26143	6.29758
896	6.26143	6.26143
897	6.26143	6.26143
898	6.26143	6.37092
899	6.26143	6.4939
900	6.26143	6.73406
901	6.26143	6.50452
902	6.26143	6.46059
903	6.26143	6.61081
904	6.26143	6.61782
905	6.26143	6.30952
906	6.26143	6.38323
907	6.26143	6.35189
908	6.26143	6.38617
909	6.26143	6.51596
910	6.26143	6.43608
911	6.26143	6.45912
912	6.26143	6.5971
913	6.26143	6.57435
914	6.26143	6.57415
915	6.26143	6.84905
916	6.26143	6.74988
917	6.26143	6.57074
918	6.26143	6.58283
919	6.26143	6.57115
920	6.26143	6.34765
921	6.26143	6.27588
922	6.26143	6.8026
923	6.26143	6.70237
924	6.26143	6.71825
925	6.26143	6.6648
926	6.26143	6.45665
927	6.26143	6.42941
928	6.26143	6.30522
929	6.26143	6.26143
930	6.26143	6.26403
931	6.26143	6.26258
932	6.26143	6.26143
933	6.26143	6.26545
934	6.26143	6.26143
935	6.26143	6.26143
936	6.26143	6.26143
937	6.26143	6.26143
938	6.26143	6.26435
939	6.26143	6.26143
940	6.26143	6.26143
941	6.26143	6.26143
942	6.26143	6.32083
943	6.26143	6.53643
944	6.26143	6.43974
945	6.26143	6.33349
946	6.26143	6.30933
947	6.26143	6.38201
948	6.26143	6.44872
949	6.26143	6.67145
950	6.26143	6.27481
951	6.26143	6.36075
952	6.26143	6.26435
953	6.26143	6.28282
954	6.26143	6.58672
955	6.26143	6.31456
956	6.26143	6.5537
957	6.26143	6.50827
958	6.26143	6.33677
959	6.26143	6.75434
960	6.26143	6.76679
961	6.26143	6.40978
962	6.26143	6.48727
963	6.26143	6.30568
964	6.26143	6.36758
965	6.26143	6.33241
966	6.26143	6.29236
967	6.26143	6.27382
968	6.26143	6.41395
969	6.26143	6.29434
970	6.26143	6.34037
971	6.26143	6.36153
972	6.26143	6.33191
973	6.26143	6.32337
974	6.26143	6.60426
975	6.26143	6.51113
976	6.26143	6.28125
977	6.26143	6.26143
978	6.26143	6.26425
979	6.26143	6.28096
980	6.26143	6.44479
981	6.26143	6.94325
982	6.26143	6.84946
983	6.26143	6.27139
984	6.26143	6.42977
985	6.26143	6.27024
986	6.26143	6.26143
987	6.26143	6.26823
988	6.26143	6.27361
989	6.26143	6.40361
990	6.26143	6.32532
991	6.26143	6.32569
992	6.26143	6.26143
993	6.26143	6.27001
994	6.26143	6.26143
995	6.26143	6.26492
996	6.26143	6.29535
997	6.26143	6.29178
998	6.26143	6.42002
999	6.26143	6.68015
1000	6.26143	6.3416
1001	6.26143	6.70607
1002	6.26143	6.60743
1003	6.26143	6.26479
1004	6.26143	6.26143
1005	6.26143	6.26143
1006	6.26143	6.38091
1007	6.26143	6.2675
1008	6.26143	6.27127
1009	6.26143	6.28367
1010	6.26143	6.59325
1011	6.26143	6.87036
1012	6.26143	6.58563
1013	6.26143	6.92213
1014	6.26143	6.4645
1015	6.26143	6.40902
1016	6.26143	6.37486
1017	6.26143	6.89195
1018	6.26143	6.92102
1019	6.26143	6.26143
1020	6.26143	6.26143
1021	6.26143	6.26479
1022	6.26143	6.26143
1023	6.26143	6.3004
1024	6.26143	6.50649
1025	6.26143	6.3519
1026	6.26143	6.26143
1027	6.26143	6.28688
1028	6.26143	6.29288
1029	6.26143	6.26143
1030	6.26143	6.30253
1031	6.26143	6.29506
1032	6.26143	6.26143
1033	6.26143	6.26143
1034	6.26143	6.26143
1035	6.26143	6.27209
1036	6.26143	6.26143
1037	6.26143	6.26143
1038	6.26143	6.26919
1039	6.26143	6.39956
1040	6.26143	6.39057
1041	6.26143	6.52003
1042	6.26143	6.33717
1043	6.26143	6.47714
1044	6.26143	6.56132
1045	6.26143	6.31221
1046	6.26143	6.43683
1047	6.26143	6.26816
1048	6.26143	6.4147
1049	6.26143	6.26143
1050	6.26143	6.26143
1051	6.26143	6.26284
1052	6.26143	6.26143
1053	6.26143	6.26143
1054	6.26143	6.27529
1055	6.26143	6.29231
1056	6.26143	6.28636
1057	6.26143	6.28135
1058	6.26143	6.30619
1059	6.26143	6.26143
1060	6.26143	6.31977
1061	6.26143	6.26143
1062	6.26143	6.41306
1063	6.26143	6.26143
1064	6.26143	6.32148
1065	6.26143	6.26143
1066	6.26143	6.26143
1067	6.26143	6.26143
1068	6.26143	6.26143
1069	6.26143	6.28549
1070	6.26143	6.39691
1071	6.26143	6.53138
1072	6.26143	6.53751
1073	6.26143	6.4367
1074	6.26143	6.53098
1075	6.26143	6.53001
1076	6.26143	6.37155
1077	6.26143	6.51211
1078	6.26143	6.74265
1079	6.26143	6.51262
1080	6.26143	6.55709
1081	6.26143	6.72272
1082	6.26143	6.59042
1083	6.26143	6.4162
1084	6.26143	6.3438
1085	6.26143	6.29305
1086	6.26143	6.28034
1087	6.26143	6.26143
1088	6.26143	6.26143
1089	6.26143	6.26143
1090	6.26143	6.38419
1091	6.26143	6.57605
1092	6.26143	6.66085
1093	6.26143	6.47713
1094	6.26143	7.26404
1095	6.26143	6.51789
1096	6.26143	6.4533
1097	6.26143	6.50922
1098	6.26143	6.41781
1099	6.26143	6.34988
1100	6.26143	6.26143
1101	6.26143	6.26143
1102	6.26143	6.26143
1103	6.26143	6.26143
1104	6.26143	6.51281
1105	6.26143	6.34622
1106	6.26143	6.51279
1107	6.26143	6.613
1108	6.26143	6.27545
1109	6.26143	6.36688
1110	6.26143	6.47491
1111	6.26143	6.27127
1112	6.26143	6.45277
1113	6.26143	6.3448
1114	6.26143	6.40545
1115	6.26143	6.29644
1116	6.26143	6.2705
1117	6.26143	6.26143
1118	6.26143	6.26143
1119	6.26143	6.39053
1120	6.26143	6.28669
1121	6.26143	6.3633
1122	6.26143	6.26143
1123	6.26143	6.26143
1124	6.26143	6.26143
1125	6.26143	6.26143
1126	6.26143	6.26143
1127	6.26143	6.26143
1128	6.26143	6.28399
1129	6.26143	6.26143
1130	6.26143	6.26341
1131	6.26143	6.27423
1132	6.26143	6.26143
1133	6.26143	6.33381
1134	6.26143	6.26143
1135	6.26143	6.26143
1136	6.26143	6.30263
1137	6.26143	7.01702
1138	6.26143	6.39663
1139	6.26143	6.26143
1140	6.26143	6.26143
1141	6.26143	6.2906
1142	6.26143	6.26143
1143	6.26143	6.31456
1144	6.26143	6.26143
1145	6.26143	6.26918
1146	6.26143	6.41552
1147	6.26143	6.29846
1148	6.26143	6.26892
1149	6.26143	6.52071
1150	6.26143	6.26985
1151	6.26143	6.56967
1152	6.26143	6.42454
1153	6.26143	6.28482
1154	6.26143	6.3379
1155	6.26143	6.26143
1156	6.26143	6.35523
1157	6.26143	6.35912
1158	6.26143	6.55469
1159	6.26143	6.37196
1160	6.26143	6.52108
1161	6.26143	6.29402
1162	6.26143	6.26143
1163	6.26143	6.26143
1164	6.26143	6.33027
1165	6.26143	6.28455
1166	6.26143	6.26443
1167	6.26143	6.26143
1168	6.26143	6.26143
1169	6.26143	6.26143
1170	6.26143	6.31466
1171	6.26143	6.26143
1172	6.26143	6.26143
1173	6.26143	6.39684
1174	6.26143	6.26143
1175	6.26143	6.38846
1176	6.26143	6.26143
1177	6.26143	6.26143
1178	6.26143	6.30204
1179	6.26143	6.262
1180	6.26143	6.26143
1181	6.26143	6.26547
1182	6.26143	6.29554
1183	6.26143	6.36509
1184	6.26143	6.72401
1185	6.26143	6.62214
1186	6.26143	6.34039
1187	6.26143	6.46076
1188	6.26143	6.30461
1189	6.26143	6.26143
1190	6.26143	6.27064
1191	6.26143	6.4798
1192	6.26143	6.67644
1193	6.26143	6.60115
1194	6.26143	6.2722
1195	6.26143	6.26435
1196	6.26143	6.31394
1197	6.26143	6.32401
1198	6.26143	6.87909
1199	6.26143	6.53125
1200	6.26143	6.93214
1201	6.26143	6.45613
1202	6.26143	6.50259
1203	6.26143	6.30758
1204	6.26143	6.35445
1205	6.26143	6.51244
1206	6.26143	6.32257
1207	6.26143	6.31172
1208	6.26143	6.35264
1209	6.26143	6.34418
1210	6.26143	6.26143
1211	6.26143	6.46958
1212	6.26143	6.40529
1213	6.26143	6.33538
1214	6.26143	6.26143
1215	6.26143	6.26143
1216	6.26143	6.26143
1217	6.26143	6.26143
1218	6.26143	6.26545
1219	6.26143	6.29925
1220	6.26143	6.35022
1221	6.26143	6.31846
1222	6.26143	6.31952
1223	6.26143	6.34633
1224	6.26143	6.46195
1225	6.26143	6.37191
1226	6.26143	6.32865
1227	6.26143	6.45493
1228	6.26143	6.39352
1229	6.26143	6.28325
1230	6.26143	6.45025
1231	6.26143	6.39568
1232	6.26143	6.30074
1233	6.26143	6.35809
1234	6.26143	6.262
1235	6.26143	6.262
1236	6.26143	6.31124
1237	6.26143	6.29532
1238	6.26143	6.43499
1239	6.26143	6.49813
1240	6.26143	6.35573
1241	6.26143	6.26143
1242	6.26143	6.26143
1243	6.26143	6.28131
1244	6.26143	6.26143
1245	6.26143	6.37291
1246	6.26143	6.29595
1247	6.26143	6.26662
1248	6.26143	6.26143
1249	6.26143	6.26143
1250	6.26143	6.26341
1251	6.26143	6.26816
1252	6.26143	6.26143
1253	6.26143	6.26143
1254	6.26143	6.3863
1255	6.26143	6.43247
1256	6.26143	6.2698
1257	6.26143	6.4052
1258	6.26143	6.28045
1259	6.26143	6.73866
1260	6.26143	6.41921
1261	6.26143	6.2735
1262	6.26143	6.28172
1263	6.26143	6.30731
1264	6.26143	6.26143
1265	6.26143	6.26143
1266	6.26143	6.26143
1267	6.26143	6.26143
1268	6.26143	6.26143
1269	6.26143	6.32062
1270	6.26143	6.26959
1271	6.26143	6.36306
1272	6.26143	6.31765
1273	6.26143	6.29189
1274	6.26143	6.26143
1275	6.26143	6.26143
1276	6.26143	6.26143
1277	6.26143	6.26143
1278	6.26143	6.26341
1279	6.26143	6.26143
1280	6.26143	6.27021
1281	6.26143	6.4642
1282	6.26143	6.68924
1283	6.26143	6.58481
1284	6.26143	6.48516
1285	6.26143	6.37844
1286	6.26143	6.28967
1287	6.26143	6.26143
1288	6.26143	6.46216
1289	6.26143	6.43305
1290	6.26143	6.50683
1291	6.26143	6.48296
1292	6.26143	6.27682
1293	6.26143	6.42808
1294	6.26143	6.36954
1295	6.26143	6.59091
1296	6.26143	6.69934
1297	6.26143	6.30345
1298	6.26143	6.7091
1299	6.26143	6.37817
1300	6.26143	6.29689
1301	6.26143	6.26143
1302	6.26143	6.44048
1303	6.26143	6.32525
1304	6.26143	6.33755
1305	6.26143	6.39978
1306	6.26143	6.37688
1307	6.26143	6.26143
1308	6.26143	6.54488
1309	6.26143	6.67607
1310	6.26143	6.6059
1311	6.26143	6.41695
1312	6.26143	6.33052
1313	6.26143	6.51132
1314	6.26143	6.26143
1315	6.26143	6.26258
1316	6.26143	6.26399
1317	6.26143	6.3053
1318	6.26143	6.37829
1319	6.26143	6.28753
1320	6.26143	6.45005
1321	6.26143	6.32751
1322	6.26143	6.42241
1323	6.26143	6.65842
1324	6.26143	6.40652
1325	6.26143	6.36794
1326	6.26143	6.30658
1327	6.26143	6.39515
1328	6.26143	6.53776
1329	6.26143	6.65799
1330	6.26143	6.62316
1331	6.26143	6.59072
1332	6.26143	6.28807
1333	6.26143	6.39206
1334	6.26143	6.37772
1335	6.26143	6.29097
1336	6.26143	6.32293
1337	6.26143	6.42958
1338	6.26143	6.29375
1339	6.26143	6.26143
1340	6.26143	6.29453
1341	6.26143	6.53796
1342	6.26143	6.51741
1343	6.26143	6.28505
1344	6.26143	6.41224
1345	6.26143	6.32447
1346	6.26143	6.31757
1347	6.26143	6.52555
1348	6.26143	6.84673
1349	6.26143	6.67229
1350	6.26143	6.70794
1351	6.26143	6.27389
1352	6.26143	6.26143
1353	6.26143	6.27395
1354	6.26143	6.32415
1355	6.26143	6.46495
1356	6.26143	6.4858
1357	6.26143	6.27597
1358	6.26143	6.29904
1359	6.26143	6.29604
1360	6.26143	6.46838
1361	6.26143	6.26867
1362	6.26143	6.29657
1363	6.26143	6.53496
1364	6.26143	6.47176
1365	6.26143	6.66271
1366	6.26143	6.80973
1367	6.26143	7.10302
1368	6.26143	7.08446
1369	6.26143	6.76579
1370	6.26143	6.95884
1371	6.26143	6.53621
1372	6.26143	6.31079
1373	6.26143	6.26143
1374	6.26143	6.26143
1375	6.26143	6.26143
1376	6.26143	6.26143
1377	6.26143	6.4719
1378	6.26143	6.48811
1379	6.26143	6.26143
1380	6.26143	6.26143
1381	6.26143	6.33012
1382	6.26143	6.26143
1383	6.26143	6.26143
1384	6.26143	6.26706
1385	6.26143	6.26879
1386	6.26143	6.26143
1387	6.26143	6.2722
1388	6.26143	6.37547
1389	6.26143	6.28735
1390	6.26143	6.3902
1391	6.26143	6.36283
1392	6.26143	6.3029
1393	6.26143	6.26143
1394	6.26143	6.26143
1395	6.26143	6.39981
1396	6.26143	6.26143
1397	6.26143	6.28398
1398	6.26143	6.26143
1399	6.26143	6.26612
1400	6.26143	6.33205
1401	6.26143	6.26143
1402	6.26143	6.37169
1403	6.26143	6.26143
1404	6.26143	6.47897
1405	6.26143	6.57075
1406	6.26143	6.62901
1407	6.26143	6.31549
1408	6.26143	6.56429
1409	6.26143	6.78734
1410	6.26143	6.27337
1411	6.26143	6.30516
1412	6.26143	6.49712
1413	6.26143	6.54552
1414	6.26143	6.30104
1415	6.26143	6.27024
1416	6.26143	6.34739
1417	6.26143	6.66163
1418	6.26143	6.65191
1419	6.26143	6.59811
1420	6.26143	6.56354
1421	6.26143	6.30153
1422	6.26143	6.35829
1423	6.26143	6.33192
1424	6.26143	6.3021
1425	6.26143	6.30371
1426	6.26143	6.29372
1427	6.26143	6.35707
1428	6.26143	6.36271
1429	6.26143	6.5252
1430	6.26143	6.42875
1431	6.26143	6.35039
1432	6.26143	6.26143
1433	6.26143	6.26143
1434	6.26143	6.28247
1435	6.26143	6.29938
1436	6.26143	6.33193
1437	6.26143	6.57409
1438	6.26143	6.2803
1439	6.26143	6.26143
1440	6.26143	6.29788
1441	6.26143	6.50397
1442	6.26143	6.30226
1443	6.26143	6.26143
1444	6.26143	6.28894
1445	6.26143	6.41951
1446	6.26143	6.55749
1447	6.26143	6.52402
1448	6.26143	6.32273
1449	6.26143	6.48405
1450	6.26143	6.69347
1451	6.26143	6.34391
1452	6.26143	6.75087
1453	6.26143	6.31983
1454	6.26143	6.26143
1455	6.26143	6.26143
1456	6.26143	6.26143
1457	6.26143	6.36406
1458	6.26143	6.71908
1459	6.26143	6.29599
1460	6.26143	6.30823
1461	6.26143	6.28097
1462	6.26143	6.4244
1463	6.26143	6.39687
1464	6.26143	6.67445
1465	6.26143	6.49088
1466	6.26143	6.39593
1467	6.26143	6.58572
1468	6.26143	6.46444
1469	6.26143	7.01699
1470	6.26143	6.59356
1471	6.26143	6.26143
1472	6.26143	6.26143
1473	6.26143	6.3733
1474	6.26143	6.40492
1475	6.26143	6.5224
1476	6.26143	6.4129
1477	6.26143	6.36963
1478	6.26143	6.28528
1479	6.26143	6.35142
1480	6.26143	6.35774
1481	6.26143	6.43253
1482	6.26143	6.26662
1483	6.26143	6.26143
1484	6.26143	6.26143
1485	6.26143	6.26143
1486	6.26143	6.29941
1487	6.26143	6.26945
1488	6.26143	6.26143
1489	6.26143	6.27083
1490	6.26143	6.27641
1491	6.26143	6.27542
1492	6.26143	6.26143
1493	6.26143	6.26143
1494	6.26143	6.26143
1495	6.26143	6.2802
1496	6.26143	6.3409
1497	6.26143	6.3167
1498	6.26143	6.30276
1499	6.26143	6.52342
1500	6.26143	6.41127
1501	6.26143	6.30718
1502	6.26143	6.26143
1503	6.26143	6.26143
1504	6.26143	6.26143
1505	6.26143	6.26143
1506	6.26143	6.26143
1507	6.26143	6.26143
1508	6.26143	6.26435
1509	6.26143	6.28082
1510	6.26143	6.39913
1511	6.26143	6.26143
1512	6.26143	6.26143
1513	6.26143	6.32124
1514	6.26143	6.26143
1515	6.26143	6.50691
1516	6.26143	6.72038
1517	6.26143	6.4495
1518	6.26143	6.7116
1519	6.26143	6.64668
1520	6.26143	7.00583
1521	6.26143	6.54865
1522	6.26143	6.41011
1523	6.26143	6.28136
1524	6.26143	6.42173
1525	6.26143	6.73742
1526	6.26143	6.27428
1527	6.26143	6.26143
1528	6.26143	6.26143
1529	6.26143	6.29509
1530	6.26143	6.38853
1531	6.26143	6.34964
1532	6.26143	6.34288
1533	6.26143	6.27355
1534	6.26143	6.26143
1535	6.26143	6.27486
1536	6.26143	6.65328
1537	6.26143	6.69159
1538	6.26143	6.37124
1539	6.26143	6.26143
1540	6.26143	6.29666
1541	6.26143	6.26143
1542	6.26143	6.45635
1543	6.26143	6.26143
1544	6.26143	6.26143
1545	6.26143	6.63705
1546	6.26143	6.40485
1547	6.26143	6.76925
1548	6.26143	6.86965
1549	6.26143	6.82478
1550	6.26143	6.74251
1551	6.26143	6.51525
1552	6.26143	6.98137
1553	6.26143	6.79097
1554	6.26143	6.56184
1555	6.26143	6.71516
1556	6.26143	6.47633
1557	6.26143	6.37677
1558	6.26143	6.26143
1559	6.26143	6.26143
1560	6.26143	6.26143
1561	6.26143	6.26143
1562	6.26143	6.30342
1563	6.26143	6.26143
1564	6.26143	6.26143
1565	6.26143	6.33359
1566	6.26143	6.60918
1567	6.26143	6.27719
1568	6.26143	6.26414
1569	6.26143	6.26143
1570	6.26143	6.29995
1571	6.26143	6.36979
1572	6.26143	6.28772
1573	6.26143	6.27013
1574	6.26143	6.32292
1575	6.26143	6.38425
1576	6.26143	6.26491
1577	6.26143	6.26143
1578	6.26143	6.51598
1579	6.26143	6.34876
1580	6.26143	6.33883
1581	6.26143	6.41124
1582	6.26143	6.42803
1583	6.26143	6.73675
1584	6.26143	6.86959
1585	6.26143	7.11532
1586	6.26143	7.51058
1587	6.26143	6.94733
1588	6.26143	6.60003
1589	6.26143	6.36707
1590	6.26143	6.26143
1591	6.26143	6.26403
1592	6.26143	6.31989
1593	6.26143	6.50589
1594	6.26143	7.21553
1595	6.26143	6.46084
1596	6.26143	6.63984
1597	6.26143	6.65899
1598	6.26143	6.45501
1599	6.26143	6.34135
1600	6.26143	6.26143
1601	6.26143	6.26143
1602	6.26143	6.37514
1603	6.26143	6.30658
1604	6.26143	6.3302
1605	6.26143	6.26143
1606	6.26143	6.29336
1607	6.26143	6.27982
1608	6.26143	6.26547
1609	6.26143	6.43863
1610	6.26143	6.3999
1611	6.26143	6.30898
1612	6.26143	6.4485
1613	6.26143	6.58259
1614	6.26143	6.35155
1615	6.26143	6.27598
1616	6.26143	6.27173
1617	6.26143	6.26143
1618	6.26143	6.40548
1619	6.26143	6.46326
1620	6.26143	6.45757
1621	6.26143	6.50164
1622	6.26143	6.45784
1623	6.26143	6.59213
1624	6.26143	6.54591
1625	6.26143	6.76352
1626	6.26143	6.57612
1627	6.26143	6.32539
1628	6.26143	6.28199
1629	6.26143	6.26143
1630	6.26143	6.32577
1631	6.26143	6.29566
1632	6.26143	6.26946
1633	6.26143	6.28317
1634	6.26143	6.47137
1635	6.26143	6.52654
1636	6.26143	6.98924
1637	6.26143	6.51813
1638	6.26143	6.78259
1639	6.26143	6.75974
1640	6.26143	6.83341
1641	6.26143	6.67562
1642	6.26143	6.78302
1643	6.26143	6.91262
1644	6.26143	6.77742
1645	6.26143	6.62558
1646	6.26143	6.45518
1647	6.26143	6.406
1648	6.26143	6.8609
1649	6.26143	6.88341
1650	6.26143	6.88528
1651	6.26143	6.72124
1652	6.26143	6.32745
1653	6.26143	6.29967
1654	6.26143	6.26143
1655	6.26143	6.26143
1656	6.26143	6.26143
1657	6.26143	6.42563
1658	6.26143	6.53655
1659	6.26143	6.34476
1660	6.26143	6.4638
1661	6.26143	6.26679
1662	6.26143	6.50714
1663	6.26143	6.76246
1664	6.26143	6.39457
1665	6.26143	6.31594
1666	6.26143	6.28969
1667	6.26143	6.33347
1668	6.26143	6.57998
1669	6.26143	6.53296
1670	6.26143	6.68789
1671	6.26143	6.41416
1672	6.26143	6.26143
1673	6.26143	6.40341
1674	6.26143	6.42346
1675	6.26143	6.32768
1676	6.26143	6.31606
1677	6.26143	6.43995
1678	6.26143	6.45592
1679	6.26143	6.48867
1680	6.26143	6.57065
1681	6.26143	6.58671
1682	6.26143	6.32496
1683	6.26143	6.27199
1684	6.26143	6.40231
1685	6.26143	6.58403
1686	6.26143	6.26805
1687	6.26143	6.26143
1688	6.26143	6.27077
1689	6.26143	6.26143
1690	6.26143	6.26143
1691	6.26143	6.31514
1692	6.26143	6.39361
1693	6.26143	6.26143
1694	6.26143	6.26143
1695	6.26143	6.26143
1696	6.26143	6.26143
1697	6.26143	6.26143
1698	6.26143	6.37864
1699	6.26143	6.41549
1700	6.26143	6.51334
1701	6.26143	6.46349
1702	6.26143	6.58703
1703	6.26143	6.27496
1704	6.26143	6.29658
1705	6.26143	6.33461
1706	6.26143	6.28428
1707	6.26143	6.26143
1708	6.26143	6.35928
1709	6.26143	6.33532
1710	6.26143	6.49714
1711	6.26143	6.3702
1712	6.26143	6.37664
1713	6.26143	6.65012
1714	6.26143	7.0312
1715	6.26143	6.85624
1716	6.26143	6.41901
1717	6.26143	6.26143
1718	6.26143	6.26143
1719	6.26143	6.33867
1720	6.26143	6.34492
1721	6.26143	6.31348
1722	6.26143	6.55245
1723	6.26143	6.59481
1724	6.26143	6.57617
1725	6.26143	6.3029
1726	6.26143	6.36847
1727	6.26143	6.26143
1728	6.26143	6.33532
1729	6.26143	6.29974
1730	6.26143	6.38567
1731	6.26143	6.4023
1732	6.26143	6.27278
1733	6.26143	6.27939
1734	6.26143	6.27426
1735	6.26143	6.26143
1736	6.26143	6.26143
1737	6.26143	6.26143
1738	6.26143	6.26143
1739	6.26143	6.35236
1740	6.26143	6.26403
1741	6.26143	6.27414
1742	6.26143	6.57883
1743	6.26143	6.51133
1744	6.26143	6.39518
1745	6.26143	6.29009
1746	6.26143	6.26199
1747	6.26143	6.26782
1748	6.26143	6.39701
1749	6.26143	6.26143
1750	6.26143	6.26143
1751	6.26143	6.26143
1752	6.26143	6.61143
1753	6.26143	6.62505
1754	6.26143	6.43192
1755	6.26143	6.36047
1756	6.26143	6.35136
1757	6.26143	6.29223
1758	6.26143	6.262
1759	6.26143	6.26143
1760	6.26143	6.31819
1761	6.26143	6.46201
1762	6.26143	6.73104
1763	6.26143	6.75413
1764	6.26143	6.88344
1765	6.26143	7.0988
1766	6.26143	6.53221
1767	6.26143	6.44854
1768	6.26143	6.40239
1769	6.26143	6.43312
1770	6.26143	6.28419
1771	6.26143	6.36567
1772	6.26143	6.26257
1773	6.26143	6.4085
1774	6.26143	6.64626
1775	6.26143	6.57543
1776	6.26143	6.54533
1777	6.26143	6.50748
1778	6.26143	6.46006
1779	6.26143	6.3218
1780	6.26143	6.26143
1781	6.26143	6.42964
1782	6.26143	6.26143
1783	6.26143	6.30429
1784	6.26143	6.26143
1785	6.26143	6.26143
1786	6.26143	6.26143
1787	6.26143	6.26143
1788	6.26143	6.38557
1789	6.26143	6.44938
1790	6.26143	6.50438
1791	6.26143	6.437
1792	6.26143	6.69487
1793	6.26143	6.46521
1794	6.26143	6.34421
1795	6.26143	6.36784
1796	6.26143	6.48727
1797	6.26143	6.86612
1798	6.26143	6.49767
1799	6.26143	6.50003
1800	6.26143	6.35115
1801	6.26143	6.28029
1802	6.26143	6.26143
1803	6.26143	6.35071
1804	6.26143	6.38283
1805	6.26143	6.50503
1806	6.26143	6.69892
1807	6.26143	6.45765
1808	6.26143	6.34128
1809	6.26143	6.33698
1810	6.26143	6.61242
1811	6.26143	6.62505
1812	6.26143	6.89926
1813	6.26143	7.29075
1814	6.26143	7.68568
1815	6.26143	7.1102
1816	6.26143	6.27659
1817	6.26143	6.31632
1818	6.26143	6.26143
1819	6.26143	6.26143
1820	6.26143	6.26143
1821	6.26143	6.27525
1822	6.26143	6.27159
1823	6.26143	6.26784
1824	6.26143	6.36984
1825	6.26143	6.3473
1826	6.26143	6.26258
1827	6.26143	6.62862
1828	6.26143	6.72144
1829	6.26143	7.46234
1830	6.26143	6.88798
1831	6.26143	6.65331
1832	6.26143	6.64844
1833	6.26143	6.43584
1834	6.26143	6.26662
1835	6.26143	6.36253
1836	6.26143	6.54209
1837	6.26143	6.37768
1838	6.26143	6.29402
1839	6.26143	6.63471
1840	6.26143	6.66356
1841	6.26143	7.12914
1842	6.26143	6.90897
1843	6.26143	7.11567
1844	6.26143	6.68397
1845	6.26143	6.59997
1846	6.26143	6.70753
1847	6.26143	6.75101
1848	6.26143	6.58892
1849	6.26143	7.00429
1850	6.26143	6.58066
1851	6.26143	6.74903
1852	6.26143	7.10042
1853	6.26143	6.41591
1854	6.26143	6.26143
1855	6.26143	6.26143
1856	6.26143	6.26143
1857	6.26143	6.26143
1858	6.26143	6.33447
1859	6.26143	6.34252
1860	6.26143	6.26143
1861	6.26143	6.26255
1862	6.26143	6.26199
1863	6.26143	6.26143
1864	6.26143	6.26143
1865	6.26143	6.26143
1866	6.26143	6.26491
1867	6.26143	6.26143
1868	6.26143	6.26435
1869	6.26143	6.26143
1870	6.26143	6.27341
1871	6.26143	6.27803
1872	6.26143	6.30597
1873	6.26143	6.58419
1874	6.26143	6.88576
1875	6.26143	6.5726
1876	6.26143	6.47559
1877	6.26143	6.40797
1878	6.26143	6.2766
1879	6.26143	6.31204
1880	6.26143	6.31673
1881	6.26143	6.3936
1882	6.26143	6.59184
1883	6.26143	6.60874
1884	6.26143	6.87966
1885	6.26143	6.31684
1886	6.26143	6.26341
1887	6.26143	6.40244
1888	6.26143	6.30178
1889	6.26143	6.26143
1890	6.26143	6.26143
1891	6.26143	6.26143
1892	6.26143	6.26143
1893	6.26143	6.26143
1894	6.26143	6.26143
1895	6.26143	6.38674
1896	6.26143	6.52836
1897	6.26143	6.33975
1898	6.26143	6.33677
1899	6.26143	6.4549
1900	6.26143	6.26258
1901	6.26143	6.26258
1902	6.26143	6.26143
1903	6.26143	6.26143
1904	6.26143	6.3268
1905	6.26143	6.31377
1906	6.26143	6.27077
1907	6.26143	6.29671
1908	6.26143	6.28338
1909	6.26143	6.26938
1910	6.26143	6.48111
1911	6.26143	6.37436
1912	6.26143	6.27561
1913	6.26143	6.26143
1914	6.26143	6.27024
1915	6.26143	6.27559
1916	6.26143	6.32403
1917	6.26143	7.21203
1918	6.26143	6.94232
1919	6.26143	6.31699
1920	6.26143	6.54008
1921	6.26143	6.33446
1922	6.26143	6.31451
1923	6.26143	6.26143
1924	6.26143	6.45422
1925	6.26143	6.31757
1926	6.26143	6.3096
1927	6.26143	6.54534
1928	6.26143	6.39277
1929	6.26143	6.41514
1930	6.26143	6.38706
1931	6.26143	6.26765
1932	6.26143	6.26143
1933	6.26143	6.26143
1934	6.26143	6.26143
1935	6.26143	6.39577
1936	6.26143	6.41502
1937	6.26143	6.53523
1938	6.26143	6.71367
1939	6.26143	6.35354
1940	6.26143	6.39206
1941	6.26143	6.46263
1942	6.26143	6.53507
1943	6.26143	6.60648
1944	6.26143	6.26143
1945	6.26143	6.29344
1946	6.26143	6.36897
1947	6.26143	6.58358
1948	6.26143	6.60146
1949	6.26143	6.46781
1950	6.26143	6.28931
1951	6.26143	6.36854
1952	6.26143	6.32655
1953	6.26143	6.50055
1954	6.26143	6.41428
1955	6.26143	6.32472
1956	6.26143	6.58187
1957	6.26143	7.17036
1958	6.26143	6.86439
1959	6.26143	6.92137
1960	6.26143	6.90648
1961	6.26143	6.93215
1962	6.26143	6.88437
1963	6.26143	6.96664
1964	6.26143	7.01589
1965	6.26143	6.423
1966	6.26143	6.56966
1967	6.26143	6.31908
1968	6.26143	6.40762
1969	6.26143	6.36071
1970	6.26143	6.45904
1971	6.26143	6.36585
1972	6.26143	6.71071
1973	6.26143	6.26143
1974	6.26143	6.45306
1975	6.26143	6.31653
1976	6.26143	6.26143
1977	6.26143	6.26143
1978	6.26143	6.30867
1979	6.26143	6.26143
1980	6.26143	6.26199
1981	6.26143	6.36119
1982	6.26143	6.50538
1983	6.26143	6.87348
1984	6.26143	6.51835
1985	6.26143	6.60101
1986	6.26143	6.26143
1987	6.26143	6.33785
1988	6.26143	6.80559
1989	6.26143	6.78742
1990	6.26143	6.33469
1991	6.26143	6.69317
1992	6.26143	6.63204
1993	6.26143	6.59944
1994	6.26143	6.5641
1995	6.26143	6.60918
1996	6.26143	6.27386
1997	6.26143	6.26143
1998	6.26143	6.33672
1999	6.26143	6.43469
2000	6.26143	6.59427
2001	6.26143	6.26143
2002	6.26143	6.29523
2003	6.26143	6.70138
2004	6.26143	6.50801
2005	6.26143	6.62856
2006	6.26143	6.26143
2007	6.26143	6.26143
2008	6.26143	6.26143
2009	6.26143	6.33902
2010	6.26143	6.27965
2011	6.26143	6.28643
2012	6.26143	6.26765
2013	6.26143	6.26143
2014	6.26143	6.26143
2015	6.26143	6.26143
2016	6.26143	6.29599
2017	6.26143	6.29205
2018	6.26143	6.29413
2019	6.26143	6.28325
2020	6.26143	6.64851
2021	6.26143	6.42972
2022	6.26143	6.37468
2023	6.26143	6.29264
2024	6.26143	6.34246
2025	6.26143	6.26143
2026	6.26143	6.26143
2027	6.26143	6.27081
2028	6.26143	6.29841
2029	6.26143	6.3089
2030	6.26143	6.69865
2031	6.26143	6.33594
2032	6.26143	6.67485
2033	6.26143	6.38135
2034	6.26143	6.34663
2035	6.26143	6.28084
2036	6.26143	6.43562
2037	6.26143	6.28278
2038	6.26143	6.30713
2039	6.26143	6.88695
2040	6.26143	6.86745
2041	6.26143	6.67531
2042	6.26143	6.6625
2043	6.26143	6.73513
2044	6.26143	6.73008
2045	6.26143	6.78019
2046	6.26143	6.91799
2047	6.26143	6.33471
2048	6.26143	6.39141
2049	6.26143	6.26143
2050	6.26143	6.3698
2051	6.26143	6.42035
2052	6.26143	6.39743
2053	6.26143	6.32315
2054	6.26143	6.26143
2055	6.26143	6.26143
2056	6.26143	6.26143
2057	6.26143	6.26143
2058	6.26143	6.26143
2059	6.26143	6.52868
2060	6.26143	6.44812
2061	6.26143	6.28666
2062	6.26143	6.29045
2063	6.26143	6.26143
2064	6.26143	6.26143
2065	6.26143	6.27994
2066	6.26143	6.31374
2067	6.26143	6.32107
2068	6.26143	6.53136
2069	6.26143	6.70598
2070	6.26143	6.81173
2071	6.26143	6.90449
2072	6.26143	6.56146
2073	6.26143	6.41151
2074	6.26143	6.43421
2075	6.26143	6.85184
2076	6.26143	6.89721
2077	6.26143	6.8003
2078	6.26143	6.87464
2079	6.26143	6.73765
2080	6.26143	6.51062
2081	6.26143	6.52054
2082	6.26143	6.43927
2083	6.26143	6.26143
2084	6.26143	6.26143
2085	6.26143	6.26143
2086	6.26143	6.26143
2087	6.26143	6.26143
2088	6.26143	6.26143
2089	6.26143	6.48891
2090	6.26143	6.3846
2091	6.26143	6.32129
2092	6.26143	6.45276
2093	6.26143	6.439
2094	6.26143	6.41231
2095	6.26143	6.40283
2096	6.26143	6.33245
2097	6.26143	6.30533
2098	6.26143	6.41748
2099	6.26143	6.26739
2100	6.26143	6.27519
2101	6.26143	6.39608
2102	6.26143	6.29642
2103	6.26143	6.26143
2104	6.26143	6.27182
2105	6.26143	6.60167
2106	6.26143	6.69703
2107	6.26143	6.54148
2108	6.26143	6.26143
2109	6.26143	6.29104
2110	6.26143	6.35725
2111	6.26143	6.60994
2112	6.26143	6.91725
2113	6.26143	6.77057
2114	6.26143	6.54822
2115	6.26143	6.46793
2116	6.26143	6.49586
2117	6.26143	6.86892
2118	6.26143	6.84698
2119	6.26143	7.03305
2120	6.26143	7.14622
2121	6.26143	6.44323
2122	6.26143	6.78784
2123	6.26143	6.55317
2124	6.26143	6.3433
2125	6.26143	6.45907
2126	6.26143	6.33842
2127	6.26143	6.32378
2128	6.26143	6.3242
2129	6.26143	6.46182
2130	6.26143	6.57893
2131	6.26143	6.37464
2132	6.26143	6.42911
2133	6.26143	6.58253
2134	6.26143	6.33238
2135	6.26143	6.26143
2136	6.26143	6.26143
2137	6.26143	6.26143
2138	6.26143	6.26143
2139	6.26143	6.30402
2140	6.26143	6.55276
2141	6.26143	6.77513
2142	6.26143	6.47722
2143	6.26143	6.31306
2144	6.26143	6.54618
2145	6.26143	6.27608
2146	6.26143	6.28532
2147	6.26143	6.33464
2148	6.26143	6.35397
2149	6.26143	6.97935
2150	6.26143	7.06705
2151	6.26143	6.32519
2152	6.26143	6.26143
2153	6.26143	6.27676
2154	6.26143	6.26823
2155	6.26143	6.26143
2156	6.26143	6.30448
2157	6.26143	6.33218
2158	6.26143	6.36388
2159	6.26143	6.26143
2160	6.26143	6.26143
2161	6.26143	6.26143
2162	6.26143	6.26143
2163	6.26143	6.26143
2164	6.26143	6.26143
2165	6.26143	6.26403
2166	6.26143	6.5327
2167	6.26143	6.56301
2168	6.26143	6.91304
2169	6.26143	6.38997
2170	6.26143	6.39644
2171	6.26143	6.45492
2172	6.26143	6.57151
2173	6.26143	6.29025
2174	6.26143	6.26143
2175	6.26143	6.26143
2176	6.26143	6.27655
2177	6.26143	6.27369
2178	6.26143	6.27093
2179	6.26143	6.26143
2180	6.26143	6.26143
2181	6.26143	6.26143
2182	6.26143	6.26143
2183	6.26143	6.26199
2184	6.26143	6.26143
2185	6.26143	6.26143
2186	6.26143	6.26143
2187	6.26143	6.31504
2188	6.26143	6.26341
2189	6.26143	6.28294
2190	6.26143	6.27466
2191	6.26143	6.33906
2192	6.26143	6.287
2193	6.26143	6.28542
2194	6.26143	6.3195
2195	6.26143	6.27569
2196	6.26143	6.58585
2197	6.26143	6.41196
2198	6.26143	6.45051
2199	6.26143	6.36606
2200	6.26143	6.32861
2201	6.26143	6.26143
2202	6.26143	6.4296
2203	6.26143	6.3039
2204	6.26143	6.56092
2205	6.26143	6.32578
2206	6.26143	6.55612
2207	6.26143	6.55259
2208	6.26143	6.6081
2209	6.26143	6.84945
2210	6.26143	6.9782
2211	6.26143	6.44546
2212	6.26143	6.75319
2213	6.26143	6.35527
2214	6.26143	6.38372
2215	6.26143	6.27365
2216	6.26143	6.26143
2217	6.26143	6.26143
2218	6.26143	6.27392
2219	6.26143	6.26623
2220	6.26143	6.35867
2221	6.26143	6.26143
2222	6.26143	6.26143
2223	6.26143	6.29161
2224	6.26143	6.28038
2225	6.26143	6.26143
2226	6.26143	6.4862
2227	6.26143	6.31305
2228	6.26143	6.66456
2229	6.26143	6.69994
2230	6.26143	6.93516
2231	6.26143	6.77591
2232	6.26143	6.61835
2233	6.26143	6.57114
2234	6.26143	6.26679
2235	6.26143	6.26341
2236	6.26143	6.27077
2237	6.26143	6.2781
2238	6.26143	6.26373
2239	6.26143	6.26143
2240	6.26143	6.26143
2241	6.26143	6.28598
2242	6.26143	6.26143
2243	6.26143	6.5901
2244	6.26143	6.45313
2245	6.26143	6.29142
2246	6.26143	6.41025
2247	6.26143	6.40248
2248	6.26143	6.5125
2249	6.26143	6.371
2250	6.26143	6.40319
2251	6.26143	6.26143
2252	6.26143	6.37295
2253	6.26143	6.49363
2254	6.26143	6.60919
2255	6.26143	6.34241
2256	6.26143	6.49807
2257	6.26143	6.84294
2258	6.26143	7.16501
2259	6.26143	6.76101
2260	6.26143	6.68679
2261	6.26143	6.85216
2262	6.26143	7.15087
2263	6.26143	6.47771
2264	6.26143	6.65992
2265	6.26143	6.89015
2266	6.26143	6.4047
2267	6.26143	6.34147
2268	6.26143	6.42154
2269	6.26143	6.63796
2270	6.26143	6.32609
2271	6.26143	6.3505
2272	6.26143	6.46472
2273	6.26143	6.32999
2274	6.26143	6.48284
2275	6.26143	6.58897
2276	6.26143	6.52278
2277	6.26143	6.70356
2278	6.26143	6.63825
2279	6.26143	6.66278
2280	6.26143	6.45822
2281	6.26143	6.39487
2282	6.26143	6.30768
2283	6.26143	6.68189
2284	6.26143	6.71747
2285	6.26143	6.66794
2286	6.26143	6.58253
2287	6.26143	6.3688
2288	6.26143	6.43422
2289	6.26143	6.26143
2290	6.26143	6.41337
2291	6.26143	6.27583
2292	6.26143	6.29869
2293	6.26143	6.26143
2294	6.26143	6.26143
2295	6.26143	6.27906
2296	6.26143	6.26143
2297	6.26143	6.28851
2298	6.26143	6.31393
2299	6.26143	6.51438
2300	6.26143	6.31605
2301	6.26143	6.26143
2302	6.26143	6.26143
2303	6.26143	6.26953
2304	6.26143	6.26143
2305	6.26143	6.51255
2306	6.26143	6.26143
2307	6.26143	6.26143
2308	6.26143	6.30643
2309	6.26143	6.47357
2310	6.26143	6.45127
2311	6.26143	7.03408
2312	6.26143	6.3482
2313	6.26143	6.67429
2314	6.26143	7.27729
2315	6.26143	7.20637
2316	6.26143	6.55345
2317	6.26143	6.30402
2318	6.26143	6.38889
2319	6.26143	6.38231
2320	6.26143	6.82742
2321	6.26143	6.84699
2322	6.26143	6.3763
2323	6.26143	6.37977
2324	6.26143	6.40279
2325	6.26143	6.58504
2326	6.26143	6.26143
2327	6.26143	6.35736
2328	6.26143	6.34657
2329	6.26143	6.29538
2330	6.26143	6.55713
2331	6.26143	6.74288
2332	6.26143	6.39686
2333	6.26143	6.26143
2334	6.26143	6.29961
2335	6.26143	6.62399
2336	6.26143	6.6083
2337	6.26143	6.35062
2338	6.26143	6.41875
2339	6.26143	6.26143
2340	6.26143	6.27502
2341	6.26143	6.28214
2342	6.26143	6.26143
2343	6.26143	6.26143
2344	6.26143	6.26143
2345	6.26143	6.26143
2346	6.26143	6.34778
2347	6.26143	6.26143
2348	6.26143	6.26143
2349	6.26143	6.26143
2350	6.26143	6.28968
2351	6.26143	6.52909
2352	6.26143	6.28676
2353	6.26143	6.40916
2354	6.26143	6.45741
2355	6.26143	6.67275
2356	6.26143	6.4214
2357	6.26143	6.31658
2358	6.26143	6.32275
2359	6.26143	6.62404
2360	6.26143	6.49659
2361	6.26143	6.40492
2362	6.26143	6.63011
2363	6.26143	7.02407
2364	6.26143	6.53835
2365	6.26143	6.42883
2366	6.26143	6.885
2367	6.26143	7.10769
2368	6.26143	6.4248
2369	6.26143	6.66331
2370	6.26143	6.36859
2371	6.26143	6.28333
2372	6.26143	6.26143
2373	6.26143	6.26143
2374	6.26143	6.26143
2375	6.26143	6.3081
2376	6.26143	6.39653
2377	6.26143	6.77525
2378	6.26143	6.80857
2379	6.26143	6.62677
2380	6.26143	6.3912
2381	6.26143	6.48933
2382	6.26143	6.26143
2383	6.26143	6.31782
2384	6.26143	6.28237
2385	6.26143	6.28407
2386	6.26143	6.28494
2387	6.26143	6.49251
2388	6.26143	6.83899
2389	6.26143	6.31602
2390	6.26143	6.45562
2391	6.26143	6.42565
2392	6.26143	6.42856
2393	6.26143	6.41665
2394	6.26143	6.29422
2395	6.26143	6.77816
2396	6.26143	6.50062
2397	6.26143	6.58369
2398	6.26143	6.57183
2399	6.26143	6.49308
2400	6.26143	6.26143
2401	6.26143	6.3372
2402	6.26143	6.31575
2403	6.26143	6.3162
2404	6.26143	6.53809
2405	6.26143	6.38225
2406	6.26143	6.43179
2407	6.26143	6.33992
2408	6.26143	6.52224
2409	6.26143	6.49338
2410	6.26143	6.42691
2411	6.26143	6.48558
2412	6.26143	6.94363
2413	6.26143	6.52771
2414	6.26143	6.68984
2415	6.26143	6.37884
2416	6.26143	6.846
2417	6.26143	6.70309
2418	6.26143	7.17838
2419	6.26143	6.87379
2420	6.26143	6.87875
2421	6.26143	7.20977
2422	6.26143	7.02482
2423	6.26143	6.69023
2424	6.26143	6.30533
2425	6.26143	6.33986
2426	6.26143	6.27259
2427	6.26143	6.43198
2428	6.26143	6.2715
2429	6.26143	6.29662
2430	6.26143	6.30454
2431	6.26143	6.26143
2432	6.26143	6.30107
2433	6.26143	6.50769
2434	6.26143	6.57949
2435	6.26143	6.29056
2436	6.26143	6.26143
2437	6.26143	6.2672
2438	6.26143	6.64717
2439	6.26143	7.03134
2440	6.26143	6.7725
2441	6.26143	6.75796
2442	6.26143	6.26143
2443	6.26143	6.26143
2444	6.26143	6.26143
2445	6.26143	6.26143
2446	6.26143	6.36338
2447	6.26143	6.51267
2448	6.26143	6.44524
2449	6.26143	6.6311
2450	6.26143	7.10706
2451	6.26143	6.82023
2452	6.26143	6.27209
2453	6.26143	6.5701
2454	6.26143	6.59366
2455	6.26143	6.27369
2456	6.26143	6.33141
2457	6.26143	6.37545
2458	6.26143	6.36573
2459	6.26143	6.40083
2460	6.26143	6.26143
2461	6.26143	6.27191
2462	6.26143	6.55953
2463	6.26143	6.54958
2464	6.26143	6.76052
2465	6.26143	6.77703
2466	6.26143	6.975
2467	6.26143	6.57623
2468	6.26143	6.32935
2469	6.26143	6.28928
2470	6.26143	6.28181
2471	6.26143	6.50742
2472	6.26143	6.29923
2473	6.26143	6.56019
2474	6.26143	6.56851
2475	6.26143	6.27783
2476	6.26143	6.69485
2477	6.26143	6.82436
2478	6.26143	6.48849
2479	6.26143	6.30001
2480	6.26143	6.32378
2481	6.26143	6.26974
2482	6.26143	6.37894
2483	6.26143	6.32826
2484	6.26143	6.71665
2485	6.26143	6.46297
2486	6.26143	6.70993
2487	6.26143	6.48567
2488	6.26143	6.26143
2489	6.26143	6.42606
2490	6.26143	6.27348
2491	6.26143	6.26341
2492	6.26143	6.26143
2493	6.26143	6.5341
2494	6.26143	6.35717
2495	6.26143	6.58522
2496	6.26143	6.61075
2497	6.26143	6.61876
2498	6.26143	6.51428
2499	6.26143	6.61219
2500	6.26143	6.55896
2501	6.26143	6.43133
2502	6.26143	6.49031
2503	6.26143	6.68458
2504	6.26143	6.51198
2505	6.26143	6.35812
2506	6.26143	6.29983
2507	6.26143	6.26143
2508	6.26143	6.26143
2509	6.26143	6.26143
2510	6.26143	6.28945
2511	6.26143	6.27077
2512	6.26143	6.42724
2513	6.26143	6.30385
2514	6.26143	6.26143
2515	6.26143	6.30734
2516	6.26143	6.26143
2517	6.26143	6.26143
2518	6.26143	6.26143
2519	6.26143	6.34331
2520	6.26143	6.2969
2521	6.26143	6.40926
2522	6.26143	6.40981
2523	6.26143	6.42347
2524	6.26143	6.57322
2525	6.26143	6.48141
2526	6.26143	6.33005
2527	6.26143	6.3454
2528	6.26143	6.53949
2529	6.26143	6.47223
2530	6.26143	6.27077
2531	6.26143	6.31194
2532	6.26143	6.44399
2533	6.26143	6.34439
2534	6.26143	6.44786
2535	6.26143	6.7774
2536	6.26143	6.60141
2537	6.26143	6.82645
2538	6.26143	6.4896
2539	6.26143	6.35536
2540	6.26143	6.56087
2541	6.26143	6.47154
2542	6.26143	6.37166
2543	6.26143	6.27356
2544	6.26143	6.26479
2545	6.26143	6.29665
2546	6.26143	6.77992
2547	6.26143	7.03302
2548	6.26143	7.0267
2549	6.26143	6.72855
2550	6.26143	7.12759
2551	6.26143	7.14949
2552	6.26143	6.97603
2553	6.26143	6.77426
2554	6.26143	6.34049
2555	6.26143	6.26143
2556	6.26143	6.26143
2557	6.26143	6.3101
2558	6.26143	6.33953
2559	6.26143	6.27387
2560	6.26143	6.33992
2561	6.26143	6.7076
2562	6.26143	6.36941
2563	6.26143	6.26584
2564	6.26143	6.26143
2565	6.26143	6.32048
2566	6.26143	6.78195
2567	6.26143	6.26284
2568	6.26143	6.34704
2569	6.26143	6.53443
2570	6.26143	6.38834
2571	6.26143	6.26544
2572	6.26143	6.26443
2573	6.26143	6.33821
2574	6.26143	6.33382
2575	6.26143	6.46673
2576	6.26143	6.73581
2577	6.26143	6.37299
2578	6.26143	6.26694
2579	6.26143	6.44771
2580	6.26143	6.53467
2581	6.26143	6.33596
2582	6.26143	6.32262
2583	6.26143	6.36744
2584	6.26143	6.26686
2585	6.26143	6.26143
2586	6.26143	6.61203
2587	6.26143	6.63458
2588	6.26143	6.73852
2589	6.26143	6.38933
2590	6.26143	6.39737
2591	6.26143	6.57364
2592	6.26143	6.44525
2593	6.26143	6.69557
2594	6.26143	6.33072
2595	6.26143	6.27485
2596	6.26143	6.28553
2597	6.26143	6.26143
2598	6.26143	6.29054
2599	6.26143	6.26435
2600	6.26143	6.26143
2601	6.26143	6.26143
2602	6.26143	6.26143
2603	6.26143	6.26143
2604	6.26143	6.30412
2605	6.26143	6.34335
2606	6.26143	6.75116
2607	6.26143	6.27024
2608	6.26143	6.37415
2609	6.26143	6.41465
2610	6.26143	6.38145
2611	6.26143	6.26258
2612	6.26143	6.35467
2613	6.26143	6.31911
2614	6.26143	6.46697
2615	6.26143	6.27318
2616	6.26143	6.26143
2617	6.26143	6.26143
2618	6.26143	6.26143
2619	6.26143	6.26143
2620	6.26143	6.26143
2621	6.26143	6.26143
2622	6.26143	6.46943
2623	6.26143	6.73031
2624	6.26143	6.65505
2625	6.26143	6.33276
2626	6.26143	6.37577
2627	6.26143	6.26143
2628	6.26143	6.31279
2629	6.26143	6.47866
2630	6.26143	6.65437
2631	6.26143	6.90197
2632	6.26143	6.61921
2633	6.26143	6.50489
2634	6.26143	6.31464
2635	6.26143	6.26403
2636	6.26143	6.29519
2637	6.26143	6.41196
2638	6.26143	6.42694
2639	6.26143	6.36255
2640	6.26143	6.33519
2641	6.26143	6.35349
2642	6.26143	6.31911
2643	6.26143	6.27025
2644	6.26143	6.26143
2645	6.26143	6.41807
2646	6.26143	6.26143
2647	6.26143	6.26143
2648	6.26143	6.28974
2649	6.26143	6.27466
2650	6.26143	6.32808
2651	6.26143	6.3805
2652	6.26143	6.60131
2653	6.26143	6.34425
2654	6.26143	6.26143
2655	6.26143	6.26143
2656	6.26143	6.26143
2657	6.26143	6.26143
2658	6.26143	6.26143
2659	6.26143	6.26143
2660	6.26143	6.29384
2661	6.26143	6.31709
2662	6.26143	6.31477
2663	6.26143	6.40389
2664	6.26143	6.74888
2665	6.26143	6.38964
2666	6.26143	6.27742
2667	6.26143	6.37395
2668	6.26143	6.57573
2669	6.26143	6.39521
2670	6.26143	6.29407
2671	6.26143	6.28168
2672	6.26143	6.32216
2673	6.26143	6.26143
2674	6.26143	6.31374
2675	6.26143	6.26143
2676	6.26143	6.26489
2677	6.26143	6.28123
2678	6.26143	6.26143
2679	6.26143	6.26143
2680	6.26143	6.41026
2681	6.26143	6.34493
2682	6.26143	6.90266
2683	6.26143	6.60702
2684	6.26143	6.26954
2685	6.26143	6.26143
2686	6.26143	6.35596
2687	6.26143	6.27614
2688	6.26143	6.26143
2689	6.26143	6.3162
2690	6.26143	6.2861
2691	6.26143	6.46712
2692	6.26143	6.39288
2693	6.26143	6.30678
2694	6.26143	6.30806
2695	6.26143	6.30096
2696	6.26143	6.26143
2697	6.26143	6.26143
2698	6.26143	6.26143
2699	6.26143	6.26143
2700	6.26143	6.26143
2701	6.26143	6.32635
2702	6.26143	6.26143
2703	6.26143	6.26143
2704	6.26143	6.43176
2705	6.26143	6.66578
2706	6.26143	6.30384
2707	6.26143	6.26143
2708	6.26143	6.91885
2709	6.26143	6.78812
2710	6.26143	6.61117
2711	6.26143	6.46007
2712	6.26143	6.50957
2713	6.26143	6.56672
2714	6.26143	6.40744
2715	6.26143	6.7647
2716	6.26143	7.04202
2717	6.26143	6.43042
2718	6.26143	6.34819
2719	6.26143	6.45268
2720	6.26143	6.29031
2721	6.26143	6.35837
2722	6.26143	6.75892
2723	6.26143	6.35349
2724	6.26143	6.3366
2725	6.26143	6.34638
2726	6.26143	6.26826
2727	6.26143	6.32772
2728	6.26143	6.26143
2729	6.26143	6.26143
2730	6.26143	6.26143
2731	6.26143	6.26143
2732	6.26143	6.29975
2733	6.26143	6.59812
2734	6.26143	6.48794
2735	6.26143	7.19799
2736	6.26143	6.8927
2737	6.26143	6.38164
2738	6.26143	6.32107
2739	6.26143	6.36355
2740	6.26143	6.54622
2741	6.26143	6.34786
2742	6.26143	6.31298
2743	6.26143	6.39205
2744	6.26143	6.33105
2745	6.26143	6.69101
2746	6.26143	6.41552
2747	6.26143	6.31457
2748	6.26143	6.34349
2749	6.26143	6.50178
2750	6.26143	6.27198
2751	6.26143	6.26143
2752	6.26143	6.27863
2753	6.26143	6.26143
2754	6.26143	6.39211
2755	6.26143	6.30435
2756	6.26143	6.30097
2757	6.26143	6.30252
2758	6.26143	6.34852
2759	6.26143	6.26143
2760	6.26143	6.27083
2761	6.26143	6.45145
2762	6.26143	6.48707
2763	6.26143	6.95626
2764	6.26143	7.04738
2765	6.26143	6.70583
2766	6.26143	6.44148
2767	6.26143	6.3234
2768	6.26143	6.42521
2769	6.26143	6.27617
2770	6.26143	6.52366
2771	6.26143	6.31185
2772	6.26143	6.50146
2773	6.26143	6.41834
2774	6.26143	6.39817
2775	6.26143	6.66485
2776	6.26143	6.38441
2777	6.26143	6.26143
2778	6.26143	6.26403
2779	6.26143	6.33437
2780	6.26143	6.28092
2781	6.26143	6.26143
2782	6.26143	6.26143
2783	6.26143	6.26143
2784	6.26143	6.33318
2785	6.26143	6.58731
2786	6.26143	6.8002
2787	6.26143	6.36709
2788	6.26143	6.27057
2789	6.26143	6.35557
2790	6.26143	6.26143
2791	6.26143	6.29274
2792	6.26143	6.2923
2793	6.26143	6.26143
2794	6.26143	6.41955
2795	6.26143	6.26143
2796	6.26143	6.43775
2797	6.26143	6.71808
2798	6.26143	6.38529
2799	6.26143	6.32897
2800	6.26143	6.26143
2801	6.26143	6.80946
2802	6.26143	6.88695
2803	6.26143	6.99691
2804	6.26143	7.75258
2805	6.26143	7.27272
2806	6.26143	6.90118
2807	6.26143	7.08499
2808	6.26143	6.67241
2809	6.26143	6.34699
2810	6.26143	6.30541
2811	6.26143	6.33749
2812	6.26143	6.3363
2813	6.26143	6.61323
2814	6.26143	6.46263
2815	6.26143	6.26143
2816	6.26143	6.26143
2817	6.26143	6.26143
2818	6.26143	6.26143
2819	6.26143	6.2677
2820	6.26143	6.27416
2821	6.26143	6.26143
2822	6.26143	6.26143
2823	6.26143	6.26143
2824	6.26143	6.26143
2825	6.26143	6.30614
2826	6.26143	6.26403
2827	6.26143	6.52247
2828	6.26143	6.37359
2829	6.26143	6.2771
2830	6.26143	6.35999
2831	6.26143	6.40192
2832	6.26143	6.30469
2833	6.26143	6.37949
2834	6.26143	6.27542
2835	6.26143	6.28385
2836	6.26143	6.57449
2837	6.26143	6.55514
2838	6.26143	6.51275
2839	6.26143	7.11216
2840	6.26143	6.62664
2841	6.26143	6.83395
2842	6.26143	6.53767
2843	6.26143	6.33661
2844	6.26143	6.27284
2845	6.26143	6.26143
2846	6.26143	6.26143
2847	6.26143	6.26143
2848	6.26143	6.26143
2849	6.26143	6.26143
2850	6.26143	6.65966
2851	6.26143	6.46865
2852	6.26143	6.34802
2853	6.26143	6.26143
2854	6.26143	6.26143
2855	6.26143	6.26284
2856	6.26143	6.29535
2857	6.26143	6.26459
2858	6.26143	6.27772
2859	6.26143	6.27089
2860	6.26143	6.26948
2861	6.26143	6.29149
2862	6.26143	6.28839
2863	6.26143	6.40172
2864	6.26143	6.41841
2865	6.26143	6.26143
2866	6.26143	6.26143
2867	6.26143	6.28704
2868	6.26143	6.26403
2869	6.26143	6.26662
2870	6.26143	6.28656
2871	6.26143	6.26954
2872	6.26143	6.26403
2873	6.26143	6.69965
2874	6.26143	6.60197
2875	6.26143	6.41442
2876	6.26143	6.46085
2877	6.26143	6.71908
2878	6.26143	6.50274
2879	6.26143	6.46978
2880	6.26143	6.35082
2881	6.26143	6.55413
2882	6.26143	6.38499
2883	6.26143	6.92621
2884	6.26143	6.53199
2885	6.26143	6.29827
2886	6.26143	6.26143
2887	6.26143	6.27537
2888	6.26143	6.26143
2889	6.26143	6.26143
2890	6.26143	6.45439
2891	6.26143	6.53558
2892	6.26143	6.43945
2893	6.26143	6.36829
2894	6.26143	6.55049
2895	6.26143	6.44884
2896	6.26143	6.71263
2897	6.26143	6.69336
2898	6.26143	6.53564
2899	6.26143	7.09823
2900	6.26143	6.68151
2901	6.26143	6.30808
2902	6.26143	6.43148
2903	6.26143	6.57096
2904	6.26143	6.29726
2905	6.26143	6.26143
2906	6.26143	6.35445
2907	6.26143	6.58479
2908	6.26143	6.41746
2909	6.26143	6.26768
2910	6.26143	6.35034
2911	6.26143	6.26143
2912	6.26143	6.29095
2913	6.26143	6.32103
2914	6.26143	6.26973
2915	6.26143	6.26143
2916	6.26143	6.26143
2917	6.26143	6.27576
2918	6.26143	6.32504
2919	6.26143	6.26143
2920	6.26143	6.26143
2921	6.26143	6.26143
2922	6.26143	6.26143
2923	6.26143	6.26143
2924	6.26143	6.27906
2925	6.26143	6.42807
2926	6.26143	6.41487
2927	6.26143	6.48768
2928	6.26143	6.26978
2929	6.26143	6.26535
2930	6.26143	6.2673
2931	6.26143	6.26459
2932	6.26143	6.26143
2933	6.26143	6.26143
2934	6.26143	6.26143
2935	6.26143	6.26143
2936	6.26143	6.26143
2937	6.26143	6.31554
2938	6.26143	6.26143
2939	6.26143	6.26143
2940	6.26143	6.26143
2941	6.26143	6.49838
2942	6.26143	6.31056
2943	6.26143	6.67617
2944	6.26143	6.56178
2945	6.26143	6.44519
2946	6.26143	6.28385
2947	6.26143	6.71402
2948	6.26143	6.49945
2949	6.26143	6.27455
2950	6.26143	6.43825
2951	6.26143	6.38155
2952	6.26143	6.26414
2953	6.26143	6.26143
2954	6.26143	6.26435
2955	6.26143	6.26662
2956	6.26143	6.56721
2957	6.26143	6.51449
2958	6.26143	6.54526
2959	6.26143	6.44435
2960	6.26143	6.42188
2961	6.26143	6.59552
2962	6.26143	6.31841
2963	6.26143	6.26143
2964	6.26143	6.26143
2965	6.26143	6.26143
2966	6.26143	6.26143
2967	6.26143	6.26143
2968	6.26143	6.37707
2969	6.26143	6.26143
2970	6.26143	6.26143
2971	6.26143	6.26143
2972	6.26143	6.26143
2973	6.26143	6.26143
2974	6.26143	6.29643
2975	6.26143	6.28311
2976	6.26143	6.56682
2977	6.26143	6.44429
2978	6.26143	6.26143
2979	6.26143	6.32236
2980	6.26143	6.29951
2981	6.26143	6.51729
2982	6.26143	6.7496
2983	6.26143	6.48029
2984	6.26143	6.26489
2985	6.26143	6.26143
2986	6.26143	6.26143
2987	6.26143	6.26284
2988	6.26143	6.37886
2989	6.26143	6.26143
2990	6.26143	6.26143
2991	6.26143	6.28267
2992	6.26143	6.27709
2993	6.26143	6.27809
2994	6.26143	6.35613
2995	6.26143	6.27003
2996	6.26143	6.27114
2997	6.26143	6.51907
2998	6.26143	6.60186
2999	6.26143	6.39485
3000	6.26143	6.89464
3001	6.26143	7.23058
3002	6.26143	6.66015
3003	6.26143	6.79562
3004	6.26143	6.28252
3005	6.26143	6.26143
3006	6.26143	6.26403
3007	6.26143	6.26143
3008	6.26143	6.26143
3009	6.26143	6.26143
3010	6.26143	6.26143
3011	6.26143	6.28516
3012	6.26143	6.27081
3013	6.26143	6.52558
3014	6.26143	6.62624
3015	6.26143	6.92443
3016	6.26143	6.36509
3017	6.26143	6.4023
3018	6.26143	6.34603
3019	6.26143	6.35404
3020	6.26143	6.41119
3021	6.26143	6.49202
3022	6.26143	6.45107
3023	6.26143	6.55507
3024	6.26143	6.78732
3025	6.26143	6.60762
3026	6.26143	6.52532
3027	6.26143	6.69695
3028	6.26143	6.46595
3029	6.26143	6.56857
3030	6.26143	6.46925
3031	6.26143	6.36278
3032	6.26143	6.65619
3033	6.26143	6.6895
3034	6.26143	6.30777
3035	6.26143	6.26143
3036	6.26143	6.29811
3037	6.26143	6.63762
3038	6.26143	6.2958
3039	6.26143	6.26143
3040	6.26143	6.29834
3041	6.26143	6.38939
3042	6.26143	6.35761
3043	6.26143	6.34173
3044	6.26143	6.4065
3045	6.26143	6.3275
3046	6.26143	6.32753
3047	6.26143	6.67541
3048	6.26143	6.51301
3049	6.26143	6.26143
3050	6.26143	6.26143
3051	6.26143	6.31539
3052	6.26143	6.26143
3053	6.26143	6.26143
3054	6.26143	6.41032
3055	6.26143	6.30508
3056	6.26143	6.50886
3057	6.26143	6.37102
3058	6.26143	6.26143
3059	6.26143	6.26143
3060	6.26143	6.26403
3061	6.26143	6.26143
3062	6.26143	6.26143
3063	6.26143	6.37266
3064	6.26143	6.30389
3065	6.26143	6.3397
3066	6.26143	6.50467
3067	6.26143	6.37525
3068	6.26143	6.89217
3069	6.26143	6.80786
3070	6.26143	6.28577
3071	6.26143	6.26143
3072	6.26143	6.26143
3073	6.26143	6.26143
3074	6.26143	6.26143
3075	6.26143	6.27539
3076	6.26143	6.53577
3077	6.26143	6.76703
3078	6.26143	6.30622
3079	6.26143	6.43149
3080	6.26143	6.26584
3081	6.26143	6.26143
3082	6.26143	6.29872
3083	6.26143	6.31575
3084	6.26143	6.49583
3085	6.26143	6.27471
3086	6.26143	6.26985
3087	6.26143	6.38213
3088	6.26143	6.37964
3089	6.26143	6.49322
3090	6.26143	6.57557
3091	6.26143	6.57897
3092	6.26143	6.32887
3093	6.26143	6.54043
3094	6.26143	6.28526
3095	6.26143	6.26143
3096	6.26143	6.26143
3097	6.26143	6.54428
3098	6.26143	6.72468
3099	6.26143	6.51103
3100	6.26143	6.7834
3101	6.26143	6.72461
3102	6.26143	6.68447
3103	6.26143	6.26143
3104	6.26143	6.26143
3105	6.26143	6.28168
3106	6.26143	6.30582
3107	6.26143	6.64013
3108	6.26143	6.7962
3109	6.26143	6.92656
3110	6.26143	7.22121
3111	6.26143	6.41384
3112	6.26143	6.26143
3113	6.26143	6.30592
3114	6.26143	6.47991
3115	6.26143	6.40833
3116	6.26143	6.32141
3117	6.26143	6.26143
3118	6.26143	6.26143
3119	6.26143	6.26143
3120	6.26143	6.31036
3121	6.26143	6.26805
3122	6.26143	6.28842
3123	6.26143	6.35217
3124	6.26143	6.39253
3125	6.26143	6.62311
3126	6.26143	6.83812
3127	6.26143	6.40255
3128	6.26143	6.36727
3129	6.26143	6.58032
3130	6.26143	6.51974
3131	6.26143	6.26143
3132	6.26143	6.32249
3133	6.26143	6.26143
3134	6.26143	6.26143
3135	6.26143	6.41443
3136	6.26143	6.54263
3137	6.26143	6.30424
3138	6.26143	6.28674
3139	6.26143	6.61538
3140	6.26143	6.36033
3141	6.26143	6.58173
3142	6.26143	6.85153
3143	6.26143	6.7032
3144	6.26143	6.2963
3145	6.26143	6.6049
3146	6.26143	6.96401
3147	6.26143	6.90783
3148	6.26143	6.86007
3149	6.26143	6.61253
3150	6.26143	6.39723
3151	6.26143	6.59144
3152	6.26143	6.9043
3153	6.26143	6.81522
3154	6.26143	6.68656
3155	6.26143	6.29892
3156	6.26143	6.38491
3157	6.26143	6.26143
3158	6.26143	6.26143
3159	6.26143	6.3502
3160	6.26143	6.28756
3161	6.26143	6.4009
3162	6.26143	6.46794
3163	6.26143	7.00847
3164	6.26143	6.93892
3165	6.26143	6.70785
3166	6.26143	6.48345
3167	6.26143	6.42068
3168	6.26143	6.59495
3169	6.26143	6.63011
3170	6.26143	6.35574
3171	6.26143	6.28623
3172	6.26143	6.37009
3173	6.26143	6.56306
3174	6.26143	6.54155
3175	6.26143	6.47884
3176	6.26143	6.40765
3177	6.26143	6.29988
3178	6.26143	6.33904
3179	6.26143	6.33878
3180	6.26143	6.37732
3181	6.26143	6.87691
3182	6.26143	6.64711
3183	6.26143	6.62354
3184	6.26143	7.02066
3185	6.26143	6.49734
3186	6.26143	6.48263
3187	6.26143	6.27843
3188	6.26143	6.26443
3189	6.26143	6.26143
3190	6.26143	6.26143
3191	6.26143	6.27584
3192	6.26143	6.26143
3193	6.26143	6.26143
3194	6.26143	6.31241
3195	6.26143	6.27541
3196	6.26143	6.26143
3197	6.26143	6.27913
3198	6.26143	6.36985
3199	6.26143	6.58557
3200	6.26143	6.48165
3201	6.26143	6.26143
3202	6.26143	6.26143
3203	6.26143	6.35827
3204	6.26143	6.35687
3205	6.26143	6.26143
3206	6.26143	6.27182
3207	6.26143	6.333
3208	6.26143	6.38004
3209	6.26143	6.40335
3210	6.26143	6.26143
3211	6.26143	6.26143
3212	6.26143	6.27077
3213	6.26143	6.36127
3214	6.26143	6.34528
3215	6.26143	6.36817
3216	6.26143	6.26143
3217	6.26143	6.31031
3218	6.26143	6.26143
3219	6.26143	6.28098
3220	6.26143	6.43206
3221	6.26143	6.39059
3222	6.26143	6.32233
3223	6.26143	6.40496
3224	6.26143	6.47938
3225	6.26143	6.36898
3226	6.26143	6.31505
3227	6.26143	6.26143
3228	6.26143	6.26143
3229	6.26143	6.26143
3230	6.26143	6.26143
3231	6.26143	6.26143
3232	6.26143	6.26143
3233	6.26143	6.3257
3234	6.26143	6.37059
3235	6.26143	6.30639
3236	6.26143	6.4054
3237	6.26143	6.33896
3238	6.26143	6.36563
3239	6.26143	6.29446
3240	6.26143	6.31608
3241	6.26143	6.28837
3242	6.26143	6.26143
3243	6.26143	6.28964
3244	6.26143	6.26143
3245	6.26143	6.26255
3246	6.26143	6.26143
3247	6.26143	6.26143
3248	6.26143	6.40291
3249	6.26143	6.58165
3250	6.26143	6.47859
3251	6.26143	6.31491
3252	6.26143	6.26143
3253	6.26143	6.3096
3254	6.26143	6.43494
3255	6.26143	6.27035
3256	6.26143	6.27913
3257	6.26143	6.39407
3258	6.26143	6.6381
3259	6.26143	6.36805
3260	6.26143	6.41219
3261	6.26143	6.6607
3262	6.26143	6.44967
3263	6.26143	6.2874
3264	6.26143	6.27248
3265	6.26143	6.35166
3266	6.26143	6.26143
3267	6.26143	6.26143
3268	6.26143	6.26846
3269	6.26143	6.26143
3270	6.26143	6.26143
3271	6.26143	6.26143
3272	6.26143	6.28318
3273	6.26143	6.32366
3274	6.26143	6.34687
3275	6.26143	6.74976
3276	6.26143	6.70398
3277	6.26143	6.35927
3278	6.26143	6.62063
3279	6.26143	6.5383
3280	6.26143	6.57449
3281	6.26143	6.36191
3282	6.26143	6.26143
3283	6.26143	6.32338
3284	6.26143	6.33964
3285	6.26143	6.27778
3286	6.26143	6.27315
3287	6.26143	6.26767
3288	6.26143	6.5086
3289	6.26143	6.65002
3290	6.26143	6.30919
3291	6.26143	6.38346
3292	6.26143	6.39158
3293	6.26143	6.34699
3294	6.26143	6.26143
3295	6.26143	6.26143
3296	6.26143	6.67145
3297	6.26143	6.72003
3298	6.26143	6.42594
3299	6.26143	6.26143
3300	6.26143	6.453
3301	6.26143	6.42586
3302	6.26143	6.79649
3303	6.26143	6.63054
3304	6.26143	6.36289
3305	6.26143	6.37528
3306	6.26143	6.35033
3307	6.26143	6.26143
3308	6.26143	6.26143
3309	6.26143	6.3146
3310	6.26143	6.31059
3311	6.26143	6.87129
3312	6.26143	6.77377
3313	6.26143	6.28012
3314	6.26143	6.2725
3315	6.26143	6.29912
3316	6.26143	6.27053
3317	6.26143	6.26403
3318	6.26143	6.26143
3319	6.26143	6.31962
3320	6.26143	6.58301
3321	6.26143	6.26143
3322	6.26143	6.37574
3323	6.26143	6.26143
3324	6.26143	6.26143
3325	6.26143	6.26143
3326	6.26143	6.26443
3327	6.26143	6.26143
3328	6.26143	6.26143
3329	6.26143	6.26143
3330	6.26143	6.26143
3331	6.26143	6.26143
3332	6.26143	6.332
3333	6.26143	6.26143
3334	6.26143	6.29728
3335	6.26143	6.51859
3336	6.26143	6.47495
3337	6.26143	6.27354
3338	6.26143	6.30849
3339	6.26143	6.28232
3340	6.26143	6.26435
3341	6.26143	6.26143
3342	6.26143	6.29912
3343	6.26143	6.26143
3344	6.26143	6.29127
3345	6.26143	6.27474
3346	6.26143	6.43421
3347	6.26143	6.2686
3348	6.26143	6.26143
3349	6.26143	6.26143
3350	6.26143	6.26143
3351	6.26143	6.26143
3352	6.26143	6.27646
3353	6.26143	6.26143
3354	6.26143	6.26143
3355	6.26143	6.26143
3356	6.26143	6.26143
3357	6.26143	6.27105
3358	6.26143	6.45732
3359	6.26143	6.44087
3360	6.26143	6.28622
3361	6.26143	6.26143
3362	6.26143	6.30281
3363	6.26143	6.27285
3364	6.26143	6.29221
3365	6.26143	6.26143
3366	6.26143	6.37004
3367	6.26143	6.27744
3368	6.26143	6.29624
3369	6.26143	6.26662
3370	6.26143	6.28453
3371	6.26143	6.26143
3372	6.26143	6.29593
3373	6.26143	6.34896
3374	6.26143	6.29803
3375	6.26143	6.51313
3376	6.26143	6.54482
3377	6.26143	6.50699
3378	6.26143	6.37394
3379	6.26143	6.48147
3380	6.26143	6.66843
3381	6.26143	6.88528
3382	6.26143	6.94713
3383	6.26143	6.69811
3384	6.26143	6.36507
3385	6.26143	6.37162
3386	6.26143	6.26403
3387	6.26143	6.26143
3388	6.26143	6.29119
3389	6.26143	6.26284
3390	6.26143	6.47307
3391	6.26143	6.35954
3392	6.26143	6.53131
3393	6.26143	6.27095
3394	6.26143	6.26143
3395	6.26143	6.26456
3396	6.26143	6.2865
3397	6.26143	6.28731
3398	6.26143	6.26143
3399	6.26143	6.26143
3400	6.26143	6.26143
3401	6.26143	6.26143
3402	6.26143	6.26403
3403	6.26143	6.26143
3404	6.26143	6.26918
3405	6.26143	6.30462
3406	6.26143	6.38119
3407	6.26143	6.61517
3408	6.26143	6.56338
3409	6.26143	6.3264
3410	6.26143	6.29331
3411	6.26143	6.26143
3412	6.26143	6.46234
3413	6.26143	6.40702
3414	6.26143	6.45114
3415	6.26143	7.15227
3416	6.26143	6.4774
3417	6.26143	6.62713
3418	6.26143	6.39498
3419	6.26143	6.53319
3420	6.26143	6.71366
3421	6.26143	6.5283
3422	6.26143	6.67709
3423	6.26143	6.41264
3424	6.26143	6.50899
3425	6.26143	6.41133
3426	6.26143	6.6628
3427	6.26143	6.29999
3428	6.26143	6.30066
3429	6.26143	6.27917
3430	6.26143	6.47372
3431	6.26143	6.42406
3432	6.26143	6.408
3433	6.26143	6.65577
3434	6.26143	6.3304
3435	6.26143	6.28892
3436	6.26143	6.56214
3437	6.26143	6.3193
3438	6.26143	6.27691
3439	6.26143	6.26143
3440	6.26143	6.26143
3441	6.26143	6.27894
3442	6.26143	6.29206
3443	6.26143	6.27077
3444	6.26143	6.4533
3445	6.26143	6.38465
3446	6.26143	6.29319
3447	6.26143	6.42911
3448	6.26143	6.47113
3449	6.26143	6.90685
3450	6.26143	6.55457
3451	6.26143	6.54215
3452	6.26143	6.4696
3453	6.26143	6.68649
3454	6.26143	6.74405
3455	6.26143	6.30252
3456	6.26143	6.26143
3457	6.26143	6.26948
3458	6.26143	6.26143
3459	6.26143	6.26143
3460	6.26143	6.42248
3461	6.26143	6.41788
3462	6.26143	6.68539
3463	6.26143	6.55806
3464	6.26143	6.35017
3465	6.26143	6.59575
3466	6.26143	6.26143
3467	6.26143	6.26143
3468	6.26143	6.47529
3469	6.26143	6.64075
3470	6.26143	6.84083
3471	6.26143	6.6364
3472	6.26143	6.47571
3473	6.26143	6.27542
3474	6.26143	6.26143
3475	6.26143	6.26143
3476	6.26143	6.29008
3477	6.26143	6.36436
3478	6.26143	6.26143
3479	6.26143	6.26143
3480	6.26143	6.26938
3481	6.26143	6.28447
3482	6.26143	6.29599
3483	6.26143	6.28682
3484	6.26143	6.37139
3485	6.26143	6.39438
3486	6.26143	6.36938
3487	6.26143	6.26143
3488	6.26143	6.2906
3489	6.26143	6.26143
3490	6.26143	6.26143
3491	6.26143	6.28942
3492	6.26143	6.27332
3493	6.26143	6.29479
3494	6.26143	6.46186
3495	6.26143	6.29182
3496	6.26143	6.35008
3497	6.26143	6.31336
3498	6.26143	6.39895
3499	6.26143	6.27466
3500	6.26143	6.35327
3501	6.26143	6.26143
3502	6.26143	6.27277
3503	6.26143	6.35621
3504	6.26143	6.46948
3505	6.26143	6.50685
3506	6.26143	6.53563
3507	6.26143	6.55212
3508	6.26143	6.39471
3509	6.26143	6.69512
3510	6.26143	6.30098
3511	6.26143	6.35675
3512	6.26143	6.26143
3513	6.26143	6.26143
3514	6.26143	6.26143
3515	6.26143	6.38216
3516	6.26143	6.28234
3517	6.26143	6.38867
3518	6.26143	6.72075
3519	6.26143	7.50585
3520	6.26143	6.80824
3521	6.26143	6.58389
3522	6.26143	6.29428
3523	6.26143	6.33423
3524	6.26143	7.00091
3525	6.26143	6.92296
3526	6.26143	6.60152
3527	6.26143	6.46712
3528	6.26143	6.33255
3529	6.26143	6.26143
3530	6.26143	6.26143
3531	6.26143	6.27398
3532	6.26143	6.3373
3533	6.26143	6.53682
3534	6.26143	6.36049
3535	6.26143	6.63582
3536	6.26143	6.74725
3537	6.26143	6.48865
3538	6.26143	6.45683
3539	6.26143	6.37867
3540	6.26143	6.36661
3541	6.26143	6.28428
3542	6.26143	6.60604
3543	6.26143	7.39863
3544	6.26143	7.51319
3545	6.26143	7.24035
3546	6.26143	6.63757
3547	6.26143	6.50211
3548	6.26143	6.41711
3549	6.26143	6.48064
3550	6.26143	6.32958
3551	6.26143	6.28011
3552	6.26143	6.27822
3553	6.26143	6.66836
3554	6.26143	6.66582
3555	6.26143	6.34732
3556	6.26143	6.26143
3557	6.26143	6.3731
3558	6.26143	6.48686
3559	6.26143	6.57536
3560	6.26143	6.97217
3561	6.26143	6.94335
3562	6.26143	7.0144
3563	6.26143	6.90432
3564	6.26143	6.4214
3565	6.26143	6.47396
3566	6.26143	6.50038
3567	6.26143	6.42907
3568	6.26143	6.38049
3569	6.26143	6.26143
3570	6.26143	6.2978
3571	6.26143	6.26143
3572	6.26143	6.45944
3573	6.26143	6.31268
3574	6.26143	6.26403
3575	6.26143	6.27905
3576	6.26143	6.75233
3577	6.26143	6.32043
3578	6.26143	6.26143
3579	6.26143	6.54259
3580	6.26143	6.29331
3581	6.26143	6.26143
3582	6.26143	6.29894
3583	6.26143	6.37066
3584	6.26143	6.26143
3585	6.26143	6.26489
3586	6.26143	6.33521
3587	6.26143	6.42206
3588	6.26143	6.37484
3589	6.26143	6.51919
3590	6.26143	6.30966
3591	6.26143	6.78206
3592	6.26143	6.72015
3593	6.26143	6.76677
3594	6.26143	6.99252
3595	6.26143	6.64628
3596	6.26143	6.962
3597	6.26143	6.76925
3598	6.26143	6.50458
3599	6.26143	6.37579
3600	6.26143	6.27352
3601	6.26143	6.3164
3602	6.26143	6.26414
3603	6.26143	6.32586
3604	6.26143	6.30088
3605	6.26143	6.26143
3606	6.26143	6.26143
3607	6.26143	6.26143
3608	6.26143	6.26143
3609	6.26143	6.39012
3610	6.26143	6.4904
3611	6.26143	6.26985
3612	6.26143	6.31425
3613	6.26143	6.26284
3614	6.26143	6.29381
3615	6.26143	6.35168
3616	6.26143	6.26258
3617	6.26143	6.26143
3618	6.26143	6.28827
3619	6.26143	6.32324
3620	6.26143	6.35114
3621	6.26143	6.41913
3622	6.26143	6.29797
3623	6.26143	6.43954
3624	6.26143	6.32432
3625	6.26143	6.35626
3626	6.26143	6.42165
3627	6.26143	6.29374
3628	6.26143	6.59693
3629	6.26143	6.69103
3630	6.26143	6.56872
3631	6.26143	6.33575
3632	6.26143	6.51801
3633	6.26143	6.26143
3634	6.26143	6.26143
3635	6.26143	6.2808
3636	6.26143	6.27077
3637	6.26143	6.51595
3638	6.26143	6.69679
3639	6.26143	6.4545
3640	6.26143	6.65324
3641	6.26143	6.31494
3642	6.26143	6.26143
3643	6.26143	6.26143
3644	6.26143	6.29258
3645	6.26143	6.3449
3646	6.26143	6.41653
3647	6.26143	6.79674
3648	6.26143	6.68565
3649	6.26143	6.53901
3650	6.26143	6.26143
3651	6.26143	6.26143
3652	6.26143	6.39084
3653	6.26143	6.46696
3654	6.26143	6.32658
3655	6.26143	6.31798
3656	6.26143	6.3512
3657	6.26143	6.47486
3658	6.26143	6.43545
3659	6.26143	6.74677
3660	6.26143	6.4819
3661	6.26143	6.35482
3662	6.26143	6.26143
3663	6.26143	6.26143
3664	6.26143	6.26143
3665	6.26143	6.26143
3666	6.26143	6.27643
3667	6.26143	6.40617
3668	6.26143	6.42116
3669	6.26143	6.39174
3670	6.26143	6.3653
3671	6.26143	6.27152
3672	6.26143	6.39116
3673	6.26143	6.49362
3674	6.26143	6.58705
3675	6.26143	6.44139
3676	6.26143	6.38515
3677	6.26143	6.46156
3678	6.26143	6.3004
3679	6.26143	6.28364
3680	6.26143	6.29405
3681	6.26143	6.36372
3682	6.26143	6.26143
3683	6.26143	6.29065
3684	6.26143	6.26143
3685	6.26143	6.3814
3686	6.26143	6.39372
3687	6.26143	6.26143
3688	6.26143	6.26954
3689	6.26143	6.44329
3690	6.26143	6.37998
3691	6.26143	6.51666
3692	6.26143	6.43456
3693	6.26143	6.60786
3694	6.26143	6.51246
3695	6.26143	6.26684
3696	6.26143	6.26143
3697	6.26143	6.26143
3698	6.26143	6.45032
3699	6.26143	6.95573
3700	6.26143	6.48033
3701	6.26143	6.38511
3702	6.26143	6.29583
3703	6.26143	6.73073
3704	6.26143	7.37348
3705	6.26143	7.1831
3706	6.26143	6.39823
3707	6.26143	6.28864
3708	6.26143	6.27881
3709	6.26143	6.33309
3710	6.26143	6.26545
3711	6.26143	6.31936
3712	6.26143	6.27127
3713	6.26143	6.34109
3714	6.26143	6.26712
3715	6.26143	6.26143
3716	6.26143	6.26143
3717	6.26143	6.26143
3718	6.26143	6.26143
3719	6.26143	6.26143
3720	6.26143	6.26143
3721	6.26143	6.34555
3722	6.26143	6.71084
3723	6.26143	6.29036
3724	6.26143	6.30801
3725	6.26143	6.26341
3726	6.26143	6.26143
3727	6.26143	6.26143
3728	6.26143	6.26143
3729	6.26143	6.40779
3730	6.26143	6.36448
3731	6.26143	6.2995
3732	6.26143	6.27248
3733	6.26143	6.2705
3734	6.26143	6.26435
3735	6.26143	6.26985
3736	6.26143	6.26143
3737	6.26143	6.26314
3738	6.26143	6.26143
3739	6.26143	6.26143
3740	6.26143	6.26143
3741	6.26143	6.26143
3742	6.26143	6.45407
3743	6.26143	6.37936
3744	6.26143	6.26662
3745	6.26143	6.29383
3746	6.26143	6.27742
3747	6.26143	6.26143
3748	6.26143	6.26939
3749	6.26143	6.38693
3750	6.26143	6.6949
3751	6.26143	6.44969
3752	6.26143	6.27845
3753	6.26143	6.26143
3754	6.26143	6.26403
3755	6.26143	6.30902
3756	6.26143	6.2877
3757	6.26143	6.53269
3758	6.26143	6.87338
3759	6.26143	6.9569
3760	6.26143	7.01617
3761	6.26143	6.52983
3762	6.26143	6.98593
3763	6.26143	6.48697
3764	6.26143	6.35779
3765	6.26143	6.30693
3766	6.26143	6.46149
3767	6.26143	7.00337
3768	6.26143	6.46315
3769	6.26143	6.39083
3770	6.26143	6.26425
3771	6.26143	6.26143
3772	6.26143	6.27565
3773	6.26143	6.39553
3774	6.26143	6.85861
3775	6.26143	6.77509
3776	6.26143	6.28649
3777	6.26143	6.47071
3778	6.26143	6.40539
3779	6.26143	6.2672
3780	6.26143	6.26143
3781	6.26143	6.27717
3782	6.26143	6.2743
3783	6.26143	6.26143
3784	6.26143	6.26143
3785	6.26143	6.27504
3786	6.26143	6.45612
3787	6.26143	6.76206
3788	6.26143	6.39402
3789	6.26143	7.09468
3790	6.26143	6.85261
3791	6.26143	6.34024
3792	6.26143	6.33036
3793	6.26143	6.40647
3794	6.26143	6.30814
3795	6.26143	6.33181
3796	6.26143	6.56758
3797	6.26143	6.27545
3798	6.26143	6.29812
3799	6.26143	6.26414
3800	6.26143	6.26414
3801	6.26143	6.26414
3802	6.26143	6.26143
3803	6.26143	6.26403
3804	6.26143	6.26143
3805	6.26143	6.26143
3806	6.26143	6.32605
3807	6.26143	6.28024
3808	6.26143	6.33962
3809	6.26143	6.56614
3810	6.26143	6.67121
3811	6.26143	6.68781
3812	6.26143	6.83805
3813	6.26143	6.64033
3814	6.26143	6.68294
3815	6.26143	6.5003
3816	6.26143	6.35437
3817	6.26143	6.34547
3818	6.26143	6.26143
3819	6.26143	6.26547
3820	6.26143	6.30399
3821	6.26143	6.30759
3822	6.26143	6.61372
3823	6.26143	6.306
3824	6.26143	6.26143
3825	6.26143	6.34336
3826	6.26143	6.43104
3827	6.26143	6.42276
3828	6.26143	6.26143
3829	6.26143	6.26143
3830	6.26143	6.26143
3831	6.26143	6.26143
3832	6.26143	6.26143
3833	6.26143	6.28477
3834	6.26143	6.26545
3835	6.26143	6.27658
3836	6.26143	6.26143
3837	6.26143	6.56789
3838	6.26143	6.31292
3839	6.26143	6.26143
3840	6.26143	6.26143
3841	6.26143	6.26143
3842	6.26143	6.26143
3843	6.26143	6.26143
3844	6.26143	6.26341
3845	6.26143	6.26456
3846	6.26143	6.36717
3847	6.26143	6.26143
3848	6.26143	6.26143
3849	6.26143	6.26341
3850	6.26143	6.31368
3851	6.26143	6.37726
3852	6.26143	6.46072
3853	6.26143	6.3343
3854	6.26143	6.26143
3855	6.26143	6.35732
3856	6.26143	6.26143
3857	6.26143	6.40794
3858	6.26143	6.3687
3859	6.26143	6.26143
3860	6.26143	6.35682
3861	6.26143	6.36099
3862	6.26143	6.29049
3863	6.26143	6.75852
3864	6.26143	6.33376
3865	6.26143	6.34277
3866	6.26143	6.26143
3867	6.26143	6.26143
3868	6.26143	6.26886
3869	6.26143	6.27968
3870	6.26143	6.29346
3871	6.26143	6.28323
3872	6.26143	6.38023
3873	6.26143	6.55124
3874	6.26143	6.32817
3875	6.26143	6.43396
3876	6.26143	6.26143
3877	6.26143	6.26143
3878	6.26143	6.26143
3879	6.26143	6.27153
3880	6.26143	6.26143
3881	6.26143	6.26143
3882	6.26143	6.32333
3883	6.26143	6.28139
3884	6.26143	6.88972
3885	6.26143	6.53501
3886	6.26143	6.33486
3887	6.26143	6.32757
3888	6.26143	6.40087
3889	6.26143	6.26143
3890	6.26143	6.45655
3891	6.26143	6.61986
3892	6.26143	6.27285
3893	6.26143	6.57181
3894	6.26143	6.38414
3895	6.26143	6.31059
3896	6.26143	6.40129
3897	6.26143	6.47295
3898	6.26143	6.41649
3899	6.26143	6.5012
3900	6.26143	6.39382
3901	6.26143	6.27743
3902	6.26143	6.27481
3903	6.26143	6.29534
3904	6.26143	6.26143
3905	6.26143	6.26143
3906	6.26143	6.26143
3907	6.26143	6.26143
3908	6.26143	6.26143
3909	6.26143	6.26143
3910	6.26143	6.28647
3911	6.26143	6.32192
3912	6.26143	6.34214
3913	6.26143	6.43263
3914	6.26143	6.41566
3915	6.26143	6.39012
3916	6.26143	6.45106
3917	6.26143	6.38306
3918	6.26143	6.37307
3919	6.26143	6.41316
3920	6.26143	6.26143
3921	6.26143	6.27488
3922	6.26143	6.45172
3923	6.26143	6.29389
3924	6.26143	6.26143
3925	6.26143	6.26143
3926	6.26143	6.47461
3927	6.26143	6.36308
3928	6.26143	6.49854
3929	6.26143	6.75954
3930	6.26143	6.63698
3931	6.26143	6.80735
3932	6.26143	6.39826
3933	6.26143	6.73302
3934	6.26143	7.12142
3935	6.26143	6.90345
3936	6.26143	6.54848
3937	6.26143	6.59569
3938	6.26143	6.51315
3939	6.26143	6.31561
3940	6.26143	6.29638
3941	6.26143	6.37522
3942	6.26143	6.27828
3943	6.26143	6.38321
3944	6.26143	6.26985
3945	6.26143	6.26341
3946	6.26143	6.26143
3947	6.26143	6.26403
3948	6.26143	6.26694
3949	6.26143	6.29323
3950	6.26143	6.3315
3951	6.26143	6.41698
3952	6.26143	6.63498
3953	6.26143	6.44553
3954	6.26143	7.50271
3955	6.26143	6.47075
3956	6.26143	6.43328
3957	6.26143	6.36422
3958	6.26143	6.43141
3959	6.26143	6.271
3960	6.26143	6.26143
3961	6.26143	6.28986
3962	6.26143	6.92976
3963	6.26143	6.53131
3964	6.26143	6.53411
3965	6.26143	6.49252
3966	6.26143	6.68225
3967	6.26143	6.81805
3968	6.26143	6.30638
3969	6.26143	6.34717
3970	6.26143	6.38672
3971	6.26143	6.58161
3972	6.26143	6.35269
3973	6.26143	6.26143
3974	6.26143	6.26143
3975	6.26143	6.28267
3976	6.26143	6.47209
3977	6.26143	6.26867
3978	6.26143	6.26694
3979	6.26143	6.30682
3980	6.26143	6.30372
3981	6.26143	6.33843
3982	6.26143	6.26608
3983	6.26143	6.26608
3984	6.26143	6.27542
3985	6.26143	6.26143
3986	6.26143	6.26143
3987	6.26143	6.26143
3988	6.26143	6.42833
3989	6.26143	6.67981
3990	6.26143	6.86716
3991	6.26143	6.62344
3992	6.26143	6.28873
3993	6.26143	6.26143
3994	6.26143	6.29648
3995	6.26143	6.26143
3996	6.26143	6.26143
3997	6.26143	6.26143
3998	6.26143	6.26143
3999	6.26143	6.29748
4000	6.26143	6.69967
4001	6.26143	6.73024
4002	6.26143	6.37149
4003	6.26143	6.54313
4004	6.26143	6.62133
4005	6.26143	6.66544
4006	6.26143	6.2758
4007	6.26143	6.28799
4008	6.26143	6.33452
4009	6.26143	6.33902
4010	6.26143	6.51692
4011	6.26143	6.49318
4012	6.26143	6.46328
4013	6.26143	6.27066
4014	6.26143	6.2866
4015	6.26143	6.33809
4016	6.26143	6.39915
4017	6.26143	6.48308
4018	6.26143	6.49659
4019	6.26143	6.56946
4020	6.26143	6.34467
4021	6.26143	6.42552
4022	6.26143	7.56176
4023	6.26143	6.80212
4024	6.26143	6.86314
4025	6.26143	6.86637
4026	6.26143	6.4412
4027	6.26143	6.57809
4028	6.26143	6.42021
4029	6.26143	6.26143
4030	6.26143	6.26403
4031	6.26143	6.26143
4032	6.26143	6.26143
4033	6.26143	6.26954
4034	6.26143	6.30354
4035	6.26143	6.31862
4036	6.26143	6.29566
4037	6.26143	6.5917
4038	6.26143	6.43864
4039	6.26143	6.48107
4040	6.26143	6.60584
4041	6.26143	6.67464
4042	6.26143	6.84317
4043	6.26143	6.43036
4044	6.26143	6.37252
4045	6.26143	6.50436
4046	6.26143	6.44715
4047	6.26143	6.26143
4048	6.26143	6.26143
4049	6.26143	6.26143
4050	6.26143	6.32148
4051	6.26143	6.34379
4052	6.26143	6.325
4053	6.26143	6.29887
4054	6.26143	6.2705
4055	6.26143	6.33545
4056	6.26143	6.28537
4057	6.26143	6.37275
4058	6.26143	6.41669
4059	6.26143	6.32408
4060	6.26143	6.262
4061	6.26143	6.262
4062	6.26143	6.28916
4063	6.26143	6.31341
4064	6.26143	6.83072
4065	6.26143	6.68253
4066	6.26143	6.71665
4067	6.26143	6.41376
4068	6.26143	6.34596
4069	6.26143	6.41941
4070	6.26143	6.2949
4071	6.26143	6.26143
4072	6.26143	6.27725
4073	6.26143	6.26414
4074	6.26143	6.37336
4075	6.26143	6.3842
4076	6.26143	6.26143
4077	6.26143	6.26143
4078	6.26143	6.26143
4079	6.26143	6.26143
4080	6.26143	6.32426
4081	6.26143	6.29567
4082	6.26143	6.26143
4083	6.26143	6.26143
4084	6.26143	6.26143
4085	6.26143	6.26143
4086	6.26143	6.29237
4087	6.26143	6.26547
4088	6.26143	6.28627
4089	6.26143	6.29518
4090	6.26143	6.30574
4091	6.26143	6.42347
4092	6.26143	6.26489
4093	6.26143	6.50467
4094	6.26143	6.44654
4095	6.26143	6.47062
4096	6.26143	6.58948
4097	6.26143	6.3691
4098	6.26143	6.64478
4099	6.26143	6.30101
4100	6.26143	6.26143
4101	6.26143	6.26143
4102	6.26143	6.37765
4103	6.26143	6.66822
4104	6.26143	6.67356
4105	6.26143	6.57015
4106	6.26143	6.26258
4107	6.26143	6.2953
4108	6.26143	6.28248
4109	6.26143	6.40331
4110	6.26143	6.26143
4111	6.26143	6.26143
4112	6.26143	6.27639
4113	6.26143	6.34613
4114	6.26143	6.37799
4115	6.26143	6.67678
4116	6.26143	6.35178
4117	6.26143	6.27028
4118	6.26143	6.41955
4119	6.26143	6.5059
4120	6.26143	6.36908
4121	6.26143	6.50955
4122	6.26143	6.32135
4123	6.26143	6.79651
4124	6.26143	6.31834
4125	6.26143	6.32041
4126	6.26143	6.37676
4127	6.26143	6.26489
4128	6.26143	6.26143
4129	6.26143	6.72821
4130	6.26143	6.69884
4131	6.26143	6.61191
4132	6.26143	6.86713
4133	6.26143	6.31844
4134	6.26143	6.26143
4135	6.26143	6.26143
4136	6.26143	6.26143
4137	6.26143	6.26143
4138	6.26143	6.26143
4139	6.26143	6.26143
4140	6.26143	6.26143
4141	6.26143	6.26143
4142	6.26143	6.26143
4143	6.26143	6.26143
4144	6.26143	6.26143
4145	6.26143	6.26143
4146	6.26143	6.32368
4147	6.26143	6.26143
4148	6.26143	6.27057
4149	6.26143	6.36213
4150	6.26143	6.26143
4151	6.26143	6.29993
4152	6.26143	6.34937
4153	6.26143	6.32965
4154	6.26143	6.26443
4155	6.26143	6.26143
4156	6.26143	6.27077
4157	6.26143	6.26681
4158	6.26143	6.26629
4159	6.26143	6.30331
4160	6.26143	6.26143
4161	6.26143	6.28609
4162	6.26143	6.26143
4163	6.26143	6.28099
4164	6.26143	6.48396
4165	6.26143	6.43885
4166	6.26143	6.31234
4167	6.26143	6.31741
4168	6.26143	6.38617
4169	6.26143	6.44495
4170	6.26143	6.51127
4171	6.26143	6.65879
4172	6.26143	6.88331
4173	6.26143	6.95675
4174	6.26143	6.27906
4175	6.26143	6.26143
4176	6.26143	6.26143
4177	6.26143	6.26143
4178	6.26143	6.26143
4179	6.26143	6.26143
4180	6.26143	6.26143
4181	6.26143	6.26143
4182	6.26143	6.26143
4183	6.26143	6.26143
4184	6.26143	6.26584
4185	6.26143	6.26143
4186	6.26143	6.28537
4187	6.26143	6.3121
4188	6.26143	6.26143
4189	6.26143	6.30688
4190	6.26143	6.31188
4191	6.26143	6.30282
4192	6.26143	6.5743
4193	6.26143	6.54881
4194	6.26143	6.30207
4195	6.26143	6.33387
4196	6.26143	6.40099
4197	6.26143	6.26703
4198	6.26143	6.26143
4199	6.26143	6.2855
4200	6.26143	6.26973
4201	6.26143	6.95872
4202	6.26143	6.75009
4203	6.26143	6.45723
4204	6.26143	6.27425
4205	6.26143	6.26199
4206	6.26143	6.27721
4207	6.26143	6.33186
4208	6.26143	6.29954
4209	6.26143	6.30581
4210	6.26143	6.53484
4211	6.26143	6.53216
4212	6.26143	6.42386
4213	6.26143	6.26143
4214	6.26143	6.31779
4215	6.26143	6.26667
4216	6.26143	6.26143
4217	6.26143	6.26143
4218	6.26143	6.26837
4219	6.26143	6.26143
4220	6.26143	6.26143
4221	6.26143	6.26341
4222	6.26143	6.48265
4223	6.26143	6.26414
4224	6.26143	6.58342
4225	6.26143	6.74967
4226	6.26143	6.78305
4227	6.26143	6.82959
4228	6.26143	6.49818
4229	6.26143	6.33091
4230	6.26143	6.26143
4231	6.26143	6.2828
4232	6.26143	6.27545
4233	6.26143	6.26143
4234	6.26143	6.36309
4235	6.26143	6.54887
4236	6.26143	6.44888
4237	6.26143	6.46501
4238	6.26143	6.45574
4239	6.26143	6.31745
4240	6.26143	6.28305
4241	6.26143	6.29544
4242	6.26143	6.27965
4243	6.26143	6.2672
4244	6.26143	6.59523
4245	6.26143	6.2902
4246	6.26143	6.60432
4247	6.26143	6.92197
4248	6.26143	7.18297
4249	6.26143	6.99588
4250	6.26143	6.64718
4251	6.26143	6.41359
4252	6.26143	6.48713
4253	6.26143	6.69871
4254	6.26143	6.78193
4255	6.26143	6.70214
4256	6.26143	6.27764
4257	6.26143	6.27285
4258	6.26143	6.26143
4259	6.26143	6.26143
4260	6.26143	6.26258
4261	6.26143	7.00858
4262	6.26143	6.7565
4263	6.26143	6.81347
4264	6.26143	6.6588
4265	6.26143	6.35352
4266	6.26143	6.42122
4267	6.26143	6.54651
4268	6.26143	6.35125
4269	6.26143	6.52498
4270	6.26143	6.62441
4271	6.26143	6.38187
4272	6.26143	6.79901
4273	6.26143	7.29872
4274	6.26143	7.08803
4275	6.26143	7.18669
4276	6.26143	6.94328
4277	6.26143	6.7349
4278	6.26143	6.55308
4279	6.26143	6.44633
4280	6.26143	6.57625
4281	6.26143	6.54016
4282	6.26143	6.50489
4283	6.26143	6.57123
4284	6.26143	6.34407
4285	6.26143	6.27668
4286	6.26143	6.41482
4287	6.26143	6.41605
4288	6.26143	6.75334
4289	6.26143	6.57691
4290	6.26143	6.31035
4291	6.26143	6.43852
4292	6.26143	6.26143
4293	6.26143	6.26143
4294	6.26143	6.26143
4295	6.26143	6.27704
4296	6.26143	6.26143
4297	6.26143	6.26518
4298	6.26143	6.37483
4299	6.26143	6.8079
4300	6.26143	6.40344
4301	6.26143	6.87248
4302	6.26143	6.54764
4303	6.26143	6.68901
4304	6.26143	6.26143
4305	6.26143	6.35664
4306	6.26143	6.26403
4307	6.26143	6.32483
4308	6.26143	6.32714
4309	6.26143	6.50513
4310	6.26143	6.45269
4311	6.26143	6.38205
4312	6.26143	6.35559
4313	6.26143	6.28934
4314	6.26143	6.45147
4315	6.26143	6.57889
4316	6.26143	6.48913
4317	6.26143	6.44544
4318	6.26143	6.31843
4319	6.26143	6.39169
4320	6.26143	6.51733
4321	6.26143	6.84519
4322	6.26143	6.64625
4323	6.26143	6.32042
4324	6.26143	6.38093
4325	6.26143	6.43998
4326	6.26143	6.96199
4327	6.26143	6.79933
4328	6.26143	6.48813
4329	6.26143	6.38287
4330	6.26143	6.26143
4331	6.26143	6.26143
4332	6.26143	6.26143
4333	6.26143	6.26143
4334	6.26143	6.26143
4335	6.26143	6.50858
4336	6.26143	6.53388
4337	6.26143	6.37756
4338	6.26143	6.41744
4339	6.26143	6.36795
4340	6.26143	6.31124
4341	6.26143	6.28412
4342	6.26143	6.28873
4343	6.26143	6.34428
4344	6.26143	6.32156
4345	6.26143	6.32562
4346	6.26143	6.26951
4347	6.26143	6.26143
4348	6.26143	6.2765
4349	6.26143	6.33209
4350	6.26143	6.32699
4351	6.26143	6.37515
4352	6.26143	6.45378
4353	6.26143	6.28526
4354	6.26143	6.29813
4355	6.26143	6.53226
4356	6.26143	6.30544
4357	6.26143	6.27647
4358	6.26143	6.28483
4359	6.26143	6.29037
4360	6.26143	6.27879
4361	6.26143	6.4126
4362	6.26143	6.37398
4363	6.26143	6.35796
4364	6.26143	6.63117
4365	6.26143	6.318
4366	6.26143	6.26143
4367	6.26143	6.26143
4368	6.26143	6.26143
4369	6.26143	6.26143
4370	6.26143	6.26143
4371	6.26143	6.26143
4372	6.26143	6.27831
4373	6.26143	6.34075
4374	6.26143	6.26143
4375	6.26143	6.29641
4376	6.26143	6.34788
4377	6.26143	7.39425
4378	6.26143	6.91015
4379	6.26143	6.92952
4380	6.26143	6.57155
4381	6.26143	6.26143
4382	6.26143	6.26143
4383	6.26143	6.424
4384	6.26143	6.43254
4385	6.26143	6.48448
4386	6.26143	6.29096
4387	6.26143	6.46256
4388	6.26143	6.55351
4389	6.26143	6.83878
4390	6.26143	6.548
4391	6.26143	6.42775
4392	6.26143	6.47222
4393	6.26143	6.58046
4394	6.26143	6.30277
4395	6.26143	6.59517
4396	6.26143	6.59852
4397	6.26143	6.26545
4398	6.26143	6.39195
4399	6.26143	6.4727
4400	6.26143	6.55394
4401	6.26143	6.26143
4402	6.26143	6.26143
4403	6.26143	6.26918
4404	6.26143	6.26143
4405	6.26143	6.26143
4406	6.26143	6.26143
4407	6.26143	6.26143
4408	6.26143	6.26749
4409	6.26143	6.26143
4410	6.26143	6.31173
4411	6.26143	6.36806
4412	6.26143	6.49057
4413	6.26143	6.27503
4414	6.26143	6.26143
4415	6.26143	6.27077
4416	6.26143	6.26143
4417	6.26143	6.26143
4418	6.26143	6.27029
4419	6.26143	6.40397
4420	6.26143	6.39492
4421	6.26143	7.38271
4422	6.26143	7.28088
4423	6.26143	7.49848
4424	6.26143	7.20856
4425	6.26143	7.3837
4426	6.26143	6.75659
4427	6.26143	6.97567
4428	6.26143	6.51715
4429	6.26143	6.62133
4430	6.26143	6.60066
4431	6.26143	7.10196
4432	6.26143	6.45374
4433	6.26143	6.40729
4434	6.26143	6.33299
4435	6.26143	6.26143
4436	6.26143	6.27153
4437	6.26143	6.26143
4438	6.26143	6.29135
4439	6.26143	6.43949
4440	6.26143	6.44683
4441	6.26143	6.28694
4442	6.26143	6.3112
4443	6.26143	6.27697
4444	6.26143	6.39169
4445	6.26143	6.33187
4446	6.26143	6.42075
4447	6.26143	6.26459
4448	6.26143	6.26837
4449	6.26143	6.4263
4450	6.26143	6.44449
4451	6.26143	7.0684
4452	6.26143	6.99205
4453	6.26143	6.60605
4454	6.26143	6.67728
4455	6.26143	6.34598
4456	6.26143	6.53
4457	6.26143	6.53142
4458	6.26143	6.26594
4459	6.26143	6.2863
4460	6.26143	6.26143
4461	6.26143	6.27229
4462	6.26143	6.35055
4463	6.26143	6.28239
4464	6.26143	6.50412
4465	6.26143	6.44665
4466	6.26143	6.2994
4467	6.26143	6.35167
4468	6.26143	6.62997
4469	6.26143	6.51086
4470	6.26143	6.51979
4471	6.26143	7.13223
4472	6.26143	6.70926
4473	6.26143	6.72858
4474	6.26143	6.35616
4475	6.26143	6.27285
4476	6.26143	6.27977
4477	6.26143	6.28091
4478	6.26143	6.48183
4479	6.26143	6.26143
4480	6.26143	6.58081
4481	6.26143	6.35068
4482	6.26143	6.38665
4483	6.26143	6.26143
4484	6.26143	6.29046
4485	6.26143	6.29644
4486	6.26143	6.26143
4487	6.26143	6.30421
4488	6.26143	6.31696
4489	6.26143	6.26143
4490	6.26143	6.30018
4491	6.26143	6.33338
4492	6.26143	6.41487
4493	6.26143	6.28024
4494	6.26143	6.32598
4495	6.26143	6.53308
4496	6.26143	6.38416
4497	6.26143	6.56902
4498	6.26143	6.34435
4499	6.26143	6.35524
4500	6.26143	6.92892
4501	6.26143	6.59233
4502	6.26143	6.51135
4503	6.26143	6.8366
4504	6.26143	6.71192
4505	6.26143	7.15141
4506	6.26143	7.24944
4507	6.26143	6.74526
4508	6.26143	6.4864
4509	6.26143	6.56831
4510	6.26143	6.27428
4511	6.26143	6.26773
4512	6.26143	6.26143
4513	6.26143	6.26143
4514	6.26143	6.26143
4515	6.26143	6.26143
4516	6.26143	6.26143
4517	6.26143	6.26143
4518	6.26143	6.26143
4519	6.26143	6.34166
4520	6.26143	6.32189
4521	6.26143	6.40624
4522	6.26143	6.8773
4523	6.26143	6.2775
4524	6.26143	6.26143
4525	6.26143	6.26143
4526	6.26143	6.26143
4527	6.26143	6.26143
4528	6.26143	6.26143
4529	6.26143	6.26143
4530	6.26143	6.26143
4531	6.26143	6.29066
4532	6.26143	6.26143
4533	6.26143	6.26143
4534	6.26143	6.26823
4535	6.26143	6.28678
4536	6.26143	6.39571
4537	6.26143	6.38512
4538	6.26143	6.33986
4539	6.26143	6.30426
4540	6.26143	6.2691
4541	6.26143	6.28059
4542	6.26143	6.34377
4543	6.26143	6.29666
4544	6.26143	6.29168
4545	6.26143	6.3319
4546	6.26143	6.26143
4547	6.26143	6.26143
4548	6.26143	6.26143
4549	6.26143	6.26284
4550	6.26143	6.35101
4551	6.26143	6.34727
4552	6.26143	6.26143
4553	6.26143	6.26143
4554	6.26143	6.26143
4555	6.26143	6.26143
4556	6.26143	6.26143
4557	6.26143	6.54269
4558	6.26143	6.71583
4559	6.26143	6.6001
4560	6.26143	6.37069
4561	6.26143	6.40298
4562	6.26143	6.47564
4563	6.26143	6.67514
4564	6.26143	6.346
4565	6.26143	6.3651
4566	6.26143	6.3728
4567	6.26143	6.66498
4568	6.26143	6.29751
4569	6.26143	6.28312
4570	6.26143	6.26143
4571	6.26143	6.38269
4572	6.26143	6.29451
4573	6.26143	6.28754
4574	6.26143	6.35704
4575	6.26143	6.4743
4576	6.26143	6.75357
4577	6.26143	6.57153
4578	6.26143	6.52784
4579	6.26143	6.26143
4580	6.26143	6.26826
4581	6.26143	6.26489
4582	6.26143	6.26143
4583	6.26143	6.26143
4584	6.26143	6.59255
4585	6.26143	6.42344
4586	6.26143	6.32307
4587	6.26143	6.2725
4588	6.26143	6.27037
4589	6.26143	6.30181
4590	6.26143	6.26922
4591	6.26143	6.26143
4592	6.26143	6.51316
4593	6.26143	6.36209
4594	6.26143	6.48579
4595	6.26143	6.44759
4596	6.26143	6.61205
4597	6.26143	6.3393
4598	6.26143	6.29366
4599	6.26143	6.49
4600	6.26143	6.6447
4601	6.26143	6.28447
4602	6.26143	6.26837
4603	6.26143	6.35229
4604	6.26143	6.29284
4605	6.26143	6.31021
4606	6.26143	6.30541
4607	6.26143	6.42316
4608	6.26143	6.36658
4609	6.26143	6.43114
4610	6.26143	6.62963
4611	6.26143	6.32019
4612	6.26143	6.34333
4613	6.26143	6.26143
4614	6.26143	6.26143
4615	6.26143	6.26143
4616	6.26143	6.26143
4617	6.26143	6.97588
4618	6.26143	6.35471
4619	6.26143	6.48846
4620	6.26143	6.39635
4621	6.26143	6.27567
4622	6.26143	6.27995
4623	6.26143	6.37519
4624	6.26143	6.41442
4625	6.26143	6.26771
4626	6.26143	6.26143
4627	6.26143	6.48756
4628	6.26143	6.45292
4629	6.26143	6.43645
4630	6.26143	6.9118
4631	6.26143	6.52793
4632	6.26143	6.41656
4633	6.26143	6.53445
4634	6.26143	6.26143
4635	6.26143	6.30079
4636	6.26143	6.54076
4637	6.26143	6.44651
4638	6.26143	6.82391
4639	6.26143	6.74387
4640	6.26143	6.34055
4641	6.26143	6.37697
4642	6.26143	6.2975
4643	6.26143	6.30651
4644	6.26143	6.28946
4645	6.26143	6.41614
4646	6.26143	6.62265
4647	6.26143	6.63517
4648	6.26143	6.31358
4649	6.26143	6.39779
4650	6.26143	6.26143
4651	6.26143	6.26143
4652	6.26143	6.26143
4653	6.26143	6.26143
4654	6.26143	6.26143
4655	6.26143	6.31369
4656	6.26143	6.36605
4657	6.26143	6.54668
4658	6.26143	6.72557
4659	6.26143	6.32366
4660	6.26143	6.30643
4661	6.26143	6.41615
4662	6.26143	6.46673
4663	6.26143	6.64845
4664	6.26143	6.26143
4665	6.26143	6.64433
4666	6.26143	6.7203
4667	6.26143	6.49509
4668	6.26143	6.40883
4669	6.26143	6.44728
4670	6.26143	6.31623
4671	6.26143	6.37247
4672	6.26143	6.30451
4673	6.26143	6.27071
4674	6.26143	6.5319
4675	6.26143	6.58336
4676	6.26143	6.37782
4677	6.26143	6.49361
4678	6.26143	6.76665
4679	6.26143	6.34313
4680	6.26143	6.30427
4681	6.26143	6.26315
4682	6.26143	6.26143
4683	6.26143	6.26601
4684	6.26143	6.26143
4685	6.26143	6.26143
4686	6.26143	6.26743
4687	6.26143	6.26143
4688	6.26143	6.26143
4689	6.26143	6.31314
4690	6.26143	6.26143
4691	6.26143	6.26143
4692	6.26143	6.26143
4693	6.26143	6.34207
4694	6.26143	6.26143
4695	6.26143	6.27899
4696	6.26143	6.28678
4697	6.26143	6.33003
4698	6.26143	6.36057
4699	6.26143	6.30137
4700	6.26143	6.53177
4701	6.26143	6.54182
4702	6.26143	6.26143
4703	6.26143	6.40791
4704	6.26143	6.37732
4705	6.26143	6.30626
4706	6.26143	6.26143
4707	6.26143	6.26143
4708	6.26143	6.32577
4709	6.26143	6.54674
4710	6.26143	6.3896
4711	6.26143	6.32072
4712	6.26143	6.46329
4713	6.26143	6.58918
4714	6.26143	6.46538
4715	6.26143	6.57208
4716	6.26143	6.26143
4717	6.26143	6.31385
4718	6.26143	7.01643
4719	6.26143	7.06576
4720	6.26143	6.262
4721	6.26143	6.30204
4722	6.26143	6.30185
4723	6.26143	6.26143
4724	6.26143	6.26143
4725	6.26143	6.48084
4726	6.26143	6.27986
4727	6.26143	6.26143
4728	6.26143	6.29478
4729	6.26143	6.31838
4730	6.26143	6.45135
4731	6.26143	6.32267
4732	6.26143	6.26143
4733	6.26143	6.26143
4734	6.26143	6.35795
4735	6.26143	6.41711
4736	6.26143	6.29636
4737	6.26143	6.56616
4738	6.26143	6.4025
4739	6.26143	6.31368
4740	6.26143	6.28627
4741	6.26143	6.33122
4742	6.26143	6.50714
4743	6.26143	6.72195
4744	6.26143	6.6415
4745	6.26143	6.26667
4746	6.26143	6.32634
4747	6.26143	6.27191
4748	6.26143	6.3984
4749	6.26143	6.44093
4750	6.26143	6.41092
4751	6.26143	6.52871
4752	6.26143	6.50602
4753	6.26143	6.44957
4754	6.26143	6.42373
4755	6.26143	6.55007
4756	6.26143	6.37406
4757	6.26143	6.31694
4758	6.26143	6.26143
4759	6.26143	6.32861
4760	6.26143	6.58774
4761	6.26143	6.88012
4762	6.26143	6.75947
4763	6.26143	6.56775
4764	6.26143	6.38904
4765	6.26143	6.51705
4766	6.26143	6.33516
4767	6.26143	6.36469
4768	6.26143	6.46016
4769	6.26143	7.05425
4770	6.26143	7.07258
4771	6.26143	7.47875
4772	6.26143	7.03085
4773	6.26143	6.5424
4774	6.26143	6.57414
4775	6.26143	6.56469
4776	6.26143	6.58987
4777	6.26143	6.26823
4778	6.26143	6.26143
4779	6.26143	6.34688
4780	6.26143	6.28525
4781	6.26143	6.36483
4782	6.26143	6.32998
4783	6.26143	6.26143
4784	6.26143	6.43677
4785	6.26143	6.26143
4786	6.26143	6.26492
4787	6.26143	6.31849
4788	6.26143	6.35807
4789	6.26143	6.34617
4790	6.26143	6.53612
4791	6.26143	6.6462
4792	6.26143	7.02617
4793	6.26143	6.36147
4794	6.26143	6.4623
4795	6.26143	6.30603
4796	6.26143	6.27946
4797	6.26143	6.32512
4798	6.26143	6.41514
4799	6.26143	6.60398
4800	6.26143	6.41974
4801	6.26143	6.56936
4802	6.26143	6.26143
4803	6.26143	6.27159
4804	6.26143	6.27842
4805	6.26143	6.58268
4806	6.26143	6.34783
4807	6.26143	6.26805
4808	6.26143	6.49767
4809	6.26143	6.28754
4810	6.26143	6.26143
4811	6.26143	6.35787
4812	6.26143	6.26143
4813	6.26143	6.26143
4814	6.26143	6.26143
4815	6.26143	6.26143
4816	6.26143	6.26143
4817	6.26143	6.30285
4818	6.26143	6.32563
4819	6.26143	6.27397
4820	6.26143	6.27692
4821	6.26143	6.26403
4822	6.26143	6.47908
4823	6.26143	6.29107
4824	6.26143	6.3698
4825	6.26143	6.26403
4826	6.26143	6.26284
4827	6.26143	6.26948
4828	6.26143	6.26544
4829	6.26143	6.26143
4830	6.26143	6.26143
4831	6.26143	6.32632
4832	6.26143	6.45506
4833	6.26143	6.26143
4834	6.26143	6.29648
4835	6.26143	6.38771
4836	6.26143	6.63124
4837	6.26143	6.48101
4838	6.26143	6.68021
4839	6.26143	6.44698
4840	6.26143	6.70521
4841	6.26143	6.51642
4842	6.26143	6.5578
4843	6.26143	7.04926
4844	6.26143	7.10585
4845	6.26143	6.8267
4846	6.26143	6.8056
4847	6.26143	6.58235
4848	6.26143	6.42055
4849	6.26143	6.3362
4850	6.26143	6.46377
4851	6.26143	6.26143
4852	6.26143	6.28017
4853	6.26143	6.2848
4854	6.26143	6.26608
4855	6.26143	6.26143
4856	6.26143	6.44219
4857	6.26143	6.606
4858	6.26143	6.57324
4859	6.26143	6.4785
4860	6.26143	6.55859
4861	6.26143	6.35158
4862	6.26143	6.31428
4863	6.26143	6.38171
4864	6.26143	6.28557
4865	6.26143	6.32226
4866	6.26143	6.46735
4867	6.26143	6.41112
4868	6.26143	6.56796
4869	6.26143	6.51335
4870	6.26143	6.66998
4871	6.26143	6.61562
4872	6.26143	6.4364
4873	6.26143	6.28121
4874	6.26143	6.27563
4875	6.26143	6.3047
4876	6.26143	6.53373
4877	6.26143	6.42468
4878	6.26143	6.30421
4879	6.26143	6.54163
4880	6.26143	6.90465
4881	6.26143	6.92735
4882	6.26143	6.46725
4883	6.26143	6.26143
4884	6.26143	6.34396
4885	6.26143	6.26143
4886	6.26143	6.29739
4887	6.26143	6.34859
4888	6.26143	6.42331
4889	6.26143	6.47512
4890	6.26143	6.29027
4891	6.26143	6.27632
4892	6.26143	6.47499
4893	6.26143	6.47813
4894	6.26143	6.69549
4895	6.26143	6.81601
4896	6.26143	7.04096
4897	6.26143	6.97031
4898	6.26143	6.95174
4899	6.26143	6.79765
4900	6.26143	6.38151
4901	6.26143	6.26143
4902	6.26143	6.26143
4903	6.26143	6.26143
4904	6.26143	6.262
4905	6.26143	6.26143
4906	6.26143	6.26143
4907	6.26143	6.26143
4908	6.26143	6.26143
4909	6.26143	6.26143
4910	6.26143	6.26143
4911	6.26143	6.26143
4912	6.26143	6.26143
4913	6.26143	6.47793
4914	6.26143	6.60177
4915	6.26143	6.36756
4916	6.26143	6.35227
4917	6.26143	6.55733
4918	6.26143	6.80005
4919	6.26143	6.57632
4920	6.26143	6.36079
4921	6.26143	6.3348
4922	6.26143	6.39628
4923	6.26143	6.26403
4924	6.26143	6.46055
4925	6.26143	6.27648
4926	6.26143	6.3059
4927	6.26143	6.30555
4928	6.26143	6.35943
4929	6.26143	6.26341
4930	6.26143	6.36424
4931	6.26143	6.26143
4932	6.26143	6.33046
4933	6.26143	6.62195
4934	6.26143	6.56857
4935	6.26143	6.84953
4936	6.26143	6.63277
4937	6.26143	6.53899
4938	6.26143	6.55159
4939	6.26143	6.40849
4940	6.26143	6.70194
4941	6.26143	6.42738
4942	6.26143	6.49725
4943	6.26143	6.28618
4944	6.26143	6.32602
4945	6.26143	6.27947
4946	6.26143	6.37387
4947	6.26143	6.58125
4948	6.26143	6.42923
4949	6.26143	6.26626
4950	6.26143	6.26143
4951	6.26143	6.33224
4952	6.26143	6.3111
4953	6.26143	6.49845
4954	6.26143	6.70035
4955	6.26143	6.56151
4956	6.26143	6.6948
4957	6.26143	6.38145
4958	6.26143	6.2692
4959	6.26143	6.26143
4960	6.26143	6.30848
4961	6.26143	6.26143
4962	6.26143	6.26403
4963	6.26143	6.26143
4964	6.26143	6.26143
4965	6.26143	6.32663
4966	6.26143	6.26143
4967	6.26143	6.26143
4968	6.26143	6.26143
4969	6.26143	6.27629
4970	6.26143	6.51084
4971	6.26143	6.61721
4972	6.26143	6.58259
4973	6.26143	6.55613
4974	6.26143	6.26143
4975	6.26143	6.26143
4976	6.26143	6.262
4977	6.26143	6.26143
4978	6.26143	6.26143
4979	6.26143	6.26143
4980	6.26143	6.26143
4981	6.26143	6.26143
4982	6.26143	6.26143
4983	6.26143	6.26143
4984	6.26143	6.35987
4985	6.26143	6.3149
4986	6.26143	6.44127
4987	6.26143	6.55203
4988	6.26143	6.57575
4989	6.26143	6.69099
4990	6.26143	6.50784
4991	6.26143	6.89318
4992	6.26143	6.91448
4993	6.26143	6.55898
4994	6.26143	6.67282
4995	6.26143	6.83361
4996	6.26143	6.65749
4997	6.26143	7.02728
4998	6.26143	7.40989
4999	6.26143	6.89883
5000	6.26143	6.4156
5001	6.26143	6.42304
5002	6.26143	6.28951
5003	6.26143	6.27283
5004	6.26143	6.46273
5005	6.26143	6.32084
5006	6.26143	6.26143
5007	6.26143	6.3329
5008	6.26143	6.26143
5009	6.26143	6.26143
5010	6.26143	6.26143
5011	6.26143	6.26143
5012	6.26143	6.26143
5013	6.26143	6.59644
5014	6.26143	6.49006
5015	6.26143	6.5782
5016	6.26143	6.26143
5017	6.26143	6.26143
5018	6.26143	6.27763
5019	6.26143	6.26143
5020	6.26143	6.31092
5021	6.26143	6.3717
5022	6.26143	6.27513
5023	6.26143	6.31778
5024	6.26143	6.35634
5025	6.26143	6.86898
5026	6.26143	6.72478
5027	6.26143	6.94933
5028	6.26143	7.05859
5029	6.26143	6.6344
5030	6.26143	6.51305
5031	6.26143	6.66058
5032	6.26143	6.6514
5033	6.26143	6.60928
5034	6.26143	6.3684
5035	6.26143	6.56579
5036	6.26143	6.6214
5037	6.26143	6.26143
5038	6.26143	6.26143
5039	6.26143	6.29411
5040	6.26143	6.28036
5041	6.26143	6.28383
5042	6.26143	6.26143
5043	6.26143	6.26143
5044	6.26143	6.42519
5045	6.26143	6.28256
5046	6.26143	6.26737
5047	6.26143	6.26143
5048	6.26143	6.26143
5049	6.26143	6.26143
5050	6.26143	6.45915
5051	6.26143	6.41009
5052	6.26143	6.26143
5053	6.26143	6.26403
5054	6.26143	6.31732
5055	6.26143	6.26143
5056	6.26143	6.33308
5057	6.26143	6.68708
5058	6.26143	6.791
5059	6.26143	6.27503
5060	6.26143	6.42024
5061	6.26143	6.41092
5062	6.26143	6.44985
5063	6.26143	6.26143
5064	6.26143	6.26143
5065	6.26143	6.32374
5066	6.26143	6.57716
5067	6.26143	6.27966
5068	6.26143	6.26143
5069	6.26143	6.30102
5070	6.26143	6.28566
5071	6.26143	6.26143
5072	6.26143	6.26143
5073	6.26143	6.2787
5074	6.26143	6.33401
5075	6.26143	6.4831
5076	6.26143	6.45604
5077	6.26143	6.63689
5078	6.26143	6.55137
5079	6.26143	6.56691
5080	6.26143	6.39014
5081	6.26143	6.27442
5082	6.26143	6.26403
5083	6.26143	6.38888
5084	6.26143	6.30129
5085	6.26143	6.27403
5086	6.26143	6.26143
5087	6.26143	6.26341
5088	6.26143	6.31739
5089	6.26143	6.26143
5090	6.26143	6.26143
5091	6.26143	6.28295
5092	6.26143	6.28295
5093	6.26143	6.28014
5094	6.26143	6.27882
5095	6.26143	6.28672
5096	6.26143	6.50066
5097	6.26143	6.61892
5098	6.26143	6.35147
5099	6.26143	6.29409
5100	6.26143	6.34929
5101	6.26143	6.94629
5102	6.26143	6.53241
5103	6.26143	6.262
5104	6.26143	6.26143
5105	6.26143	6.39986
5106	6.26143	6.26315
5107	6.26143	6.29246
5108	6.26143	6.47209
5109	6.26143	6.55565
5110	6.26143	6.70201
5111	6.26143	6.40555
5112	6.26143	6.51234
5113	6.26143	6.29077
5114	6.26143	6.2692
5115	6.26143	6.3367
5116	6.26143	6.33882
5117	6.26143	6.78442
5118	6.26143	6.32962
5119	6.26143	6.27214
5120	6.26143	6.26143
5121	6.26143	6.35286
5122	6.26143	6.42294
5123	6.26143	6.5345
5124	6.26143	6.76982
5125	6.26143	6.28814
5126	6.26143	6.48646
5127	6.26143	6.26539
5128	6.26143	6.93302
5129	6.26143	6.61773
5130	6.26143	6.29334
5131	6.26143	6.4793
5132	6.26143	6.31559
5133	6.26143	6.43777
5134	6.26143	6.43635
5135	6.26143	6.26373
5136	6.26143	6.32183
5137	6.26143	6.26143
5138	6.26143	6.29473
5139	6.26143	6.54614
5140	6.26143	6.49545
5141	6.26143	6.41593
5142	6.26143	6.30264
5143	6.26143	6.27202
5144	6.26143	6.2781
5145	6.26143	6.26143
5146	6.26143	6.28414
5147	6.26143	6.30281
5148	6.26143	6.33148
5149	6.26143	6.27361
5150	6.26143	6.43584
5151	6.26143	6.58838
5152	6.26143	6.61096
5153	6.26143	6.50384
5154	6.26143	6.62995
5155	6.26143	6.84142
5156	6.26143	6.34918
5157	6.26143	6.34212
5158	6.26143	6.46921
5159	6.26143	6.3313
5160	6.26143	6.37673
5161	6.26143	6.26143
5162	6.26143	6.3513
5163	6.26143	6.26143
5164	6.26143	6.37675
5165	6.26143	6.30356
5166	6.26143	6.56475
5167	6.26143	6.34364
5168	6.26143	6.3024
5169	6.26143	6.285
5170	6.26143	6.26608
5171	6.26143	6.26143
5172	6.26143	6.26143
5173	6.26143	6.26143
5174	6.26143	6.26143
5175	6.26143	6.26143
5176	6.26143	6.26143
5177	6.26143	6.26836
5178	6.26143	6.34822
5179	6.26143	6.26143
5180	6.26143	6.2877
5181	6.26143	6.41425
5182	6.26143	6.26143
5183	6.26143	6.26435
5184	6.26143	6.27974
5185	6.26143	6.26143
5186	6.26143	6.26143
5187	6.26143	6.51622
5188	6.26143	6.26143
5189	6.26143	6.28526
5190	6.26143	6.44243
5191	6.26143	6.28842
5192	6.26143	6.28434
5193	6.26143	6.27668
5194	6.26143	6.26143
5195	6.26143	6.54394
5196	6.26143	6.59039
5197	6.26143	6.48812
5198	6.26143	6.32027
5199	6.26143	6.27392
5200	6.26143	6.26143
5201	6.26143	6.27036
5202	6.26143	6.27513
5203	6.26143	6.3253
5204	6.26143	6.42564
5205	6.26143	6.29166
5206	6.26143	6.38326
5207	6.26143	6.33224
5208	6.26143	6.5206
5209	6.26143	6.35131
5210	6.26143	6.6971
5211	6.26143	6.70874
5212	6.26143	6.58507
5213	6.26143	6.35687
5214	6.26143	6.36248
5215	6.26143	6.33492
5216	6.26143	6.35416
5217	6.26143	6.43168
5218	6.26143	6.26143
5219	6.26143	6.27592
5220	6.26143	6.34105
5221	6.26143	6.32873
5222	6.26143	6.31581
5223	6.26143	6.26435
5224	6.26143	6.27077
5225	6.26143	6.68241
5226	6.26143	6.48389
5227	6.26143	6.36225
5228	6.26143	6.26143
5229	6.26143	6.31724
5230	6.26143	6.36164
5231	6.26143	6.42509
5232	6.26143	6.7602
5233	6.26143	6.77188
5234	6.26143	6.33986
5235	6.26143	6.59715
5236	6.26143	6.41692
5237	6.26143	6.28519
5238	6.26143	6.42223
5239	6.26143	6.34552
5240	6.26143	6.26143
5241	6.26143	6.37363
5242	6.26143	6.34539
5243	6.26143	6.26479
5244	6.26143	6.28126
5245	6.26143	6.54696
5246	6.26143	6.30532
5247	6.26143	6.26435
5248	6.26143	6.40543
5249	6.26143	6.35423
5250	6.26143	6.26143
5251	6.26143	6.28778
5252	6.26143	6.33447
5253	6.26143	6.26143
5254	6.26143	6.28957
5255	6.26143	6.26143
5256	6.26143	6.26549
5257	6.26143	6.3467
5258	6.26143	6.45433
5259	6.26143	6.45009
5260	6.26143	6.47621
5261	6.26143	6.95231
5262	6.26143	6.29188
5263	6.26143	6.29321
5264	6.26143	6.26703
5265	6.26143	6.83826
5266	6.26143	7.14132
5267	6.26143	7.05059
5268	6.26143	7.17661
5269	6.26143	7.32437
5270	6.26143	6.8687
5271	6.26143	6.43464
5272	6.26143	6.40358
5273	6.26143	6.26143
5274	6.26143	6.64367
5275	6.26143	6.53027
5276	6.26143	6.39852
5277	6.26143	6.31398
5278	6.26143	6.29347
5279	6.26143	6.30405
5280	6.26143	6.35049
5281	6.26143	6.26143
5282	6.26143	6.26823
5283	6.26143	6.274
5284	6.26143	6.26143
5285	6.26143	6.26143
5286	6.26143	6.27094
5287	6.26143	6.26143
5288	6.26143	6.26674
5289	6.26143	6.29487
5290	6.26143	6.43813
5291	6.26143	6.55209
5292	6.26143	6.57206
5293	6.26143	6.74596
5294	6.26143	6.47283
5295	6.26143	6.51328
5296	6.26143	6.28629
5297	6.26143	6.30834
5298	6.26143	6.37381
5299	6.26143	6.26143
5300	6.26143	6.46453
5301	6.26143	6.78428
5302	6.26143	6.45675
5303	6.26143	6.28149
5304	6.26143	6.29411
5305	6.26143	6.40802
5306	6.26143	6.33465
5307	6.26143	6.39842
5308	6.26143	6.35824
5309	6.26143	6.262
5310	6.26143	6.2971
5311	6.26143	6.8052
5312	6.26143	6.54418
5313	6.26143	6.65494
5314	6.26143	6.80869
5315	6.26143	6.42517
5316	6.26143	6.33428
5317	6.26143	6.3973
5318	6.26143	6.28433
5319	6.26143	6.26143
5320	6.26143	6.26143
5321	6.26143	6.26143
5322	6.26143	6.26143
5323	6.26143	6.26143
5324	6.26143	6.26143
5325	6.26143	6.26143
5326	6.26143	6.26143
5327	6.26143	6.32388
5328	6.26143	6.37449
5329	6.26143	6.45122
5330	6.26143	6.34846
5331	6.26143	6.39561
5332	6.26143	6.69584
5333	6.26143	6.38535
5334	6.26143	6.36699
5335	6.26143	6.45208
5336	6.26143	6.48795
5337	6.26143	6.46691
5338	6.26143	6.55601
5339	6.26143	6.80613
5340	6.26143	6.51731
5341	6.26143	6.54665
5342	6.26143	6.37173
5343	6.26143	6.7929
5344	6.26143	6.51234
5345	6.26143	6.39284
5346	6.26143	6.51838
5347	6.26143	6.89439
5348	6.26143	6.45533
5349	6.26143	6.56167
5350	6.26143	6.2909
5351	6.26143	6.35309
5352	6.26143	6.35909
5353	6.26143	6.262
5354	6.26143	6.27205
5355	6.26143	6.40551
5356	6.26143	6.3327
5357	6.26143	6.26143
5358	6.26143	6.40119
5359	6.26143	6.26143
5360	6.26143	6.32918
5361	6.26143	6.26143
5362	6.26143	6.28755
5363	6.26143	6.26143
5364	6.26143	6.33702
5365	6.26143	6.35174
5366	6.26143	6.57575
5367	6.26143	6.35094
5368	6.26143	6.48857
5369	6.26143	6.37244
5370	6.26143	6.41027
5371	6.26143	6.51486
5372	6.26143	6.51494
5373	6.26143	6.30142
5374	6.26143	6.3551
5375	6.26143	6.75352
5376	6.26143	6.37924
5377	6.26143	6.35442
5378	6.26143	6.54167
5379	6.26143	6.76758
5380	6.26143	6.43008
5381	6.26143	6.39719
5382	6.26143	6.39729
5383	6.26143	6.26143
5384	6.26143	6.49107
5385	6.26143	6.32676
5386	6.26143	6.32324
5387	6.26143	6.53476
5388	6.26143	6.53519
5389	6.26143	6.63872
5390	6.26143	6.45681
5391	6.26143	6.33546
5392	6.26143	6.26143
5393	6.26143	6.26143
5394	6.26143	6.26143
5395	6.26143	6.48577
5396	6.26143	6.57465
5397	6.26143	6.26143
5398	6.26143	6.26143
5399	6.26143	6.26143
5400	6.26143	6.33917
5401	6.26143	6.27112
5402	6.26143	6.39117
5403	6.26143	6.56058
5404	6.26143	6.28886
5405	6.26143	6.29428
5406	6.26143	6.2763
5407	6.26143	6.26143
5408	6.26143	6.307
5409	6.26143	6.41205
5410	6.26143	6.27269
5411	6.26143	6.27518
5412	6.26143	6.50138
5413	6.26143	6.64487
5414	6.26143	6.59787
5415	6.26143	6.43828
5416	6.26143	6.33813
5417	6.26143	6.36897
5418	6.26143	6.5887
5419	6.26143	6.40061
5420	6.26143	6.43109
5421	6.26143	6.26459
5422	6.26143	6.34049
5423	6.26143	6.40705
5424	6.26143	6.49738
5425	6.26143	6.40196
5426	6.26143	6.33151
5427	6.26143	6.32032
5428	6.26143	6.32889
5429	6.26143	6.39185
5430	6.26143	6.57163
5431	6.26143	6.74846
5432	6.26143	6.35353
5433	6.26143	6.39174
5434	6.26143	6.30796
5435	6.26143	6.26143
5436	6.26143	6.28073
5437	6.26143	6.3496
5438	6.26143	6.40293
5439	6.26143	6.29314
5440	6.26143	6.26143
5441	6.26143	6.53394
5442	6.26143	6.7415
5443	6.26143	6.70579
5444	6.26143	6.68494
5445	6.26143	6.6648
5446	6.26143	6.63956
5447	6.26143	6.37668
5448	6.26143	6.44805
5449	6.26143	6.46835
5450	6.26143	6.34697
5451	6.26143	6.26459
5452	6.26143	6.26143
5453	6.26143	6.26143
5454	6.26143	6.26143
5455	6.26143	6.26143
5456	6.26143	6.26143
5457	6.26143	6.26143
5458	6.26143	6.27855
5459	6.26143	6.26143
5460	6.26143	6.26143
5461	6.26143	6.35153
5462	6.26143	6.47106
5463	6.26143	6.27409
5464	6.26143	6.26143
5465	6.26143	6.26143
5466	6.26143	6.26143
5467	6.26143	6.41071
5468	6.26143	6.28472
5469	6.26143	6.28962
5470	6.26143	6.51557
5471	6.26143	7.34951
5472	6.26143	6.85573
5473	6.26143	6.66843
5474	6.26143	6.48683
5475	6.26143	6.26143
5476	6.26143	6.53389
5477	6.26143	6.35156
5478	6.26143	6.30599
5479	6.26143	6.45149
5480	6.26143	6.74925
5481	6.26143	6.55412
5482	6.26143	6.35816
5483	6.26143	6.49081
5484	6.26143	6.76013
5485	6.26143	6.42379
5486	6.26143	6.26143
5487	6.26143	6.33982
5488	6.26143	6.26143
5489	6.26143	6.29777
5490	6.26143	6.31103
5491	6.26143	6.2992
5492	6.26143	6.26143
5493	6.26143	6.54176
5494	6.26143	6.40407
5495	6.26143	6.26143
5496	6.26143	6.28708
5497	6.26143	6.38249
5498	6.26143	6.52528
5499	6.26143	6.34988
5500	6.26143	6.31113
5501	6.26143	6.69229
5502	6.26143	6.58967
5503	6.26143	6.73934
5504	6.26143	6.57268
5505	6.26143	6.46869
5506	6.26143	6.30144
5507	6.26143	6.3336
5508	6.26143	6.65807
5509	6.26143	6.66055
5510	6.26143	6.75931
5511	6.26143	6.616
5512	6.26143	6.62406
5513	6.26143	6.28098
5514	6.26143	6.36055
5515	6.26143	6.2708
5516	6.26143	6.7853
5517	6.26143	6.57494
5518	6.26143	6.70404
5519	6.26143	6.79697
5520	6.26143	6.52742
5521	6.26143	6.73046
5522	6.26143	6.40053
5523	6.26143	6.4617
5524	6.26143	6.53477
5525	6.26143	6.48211
5526	6.26143	6.66344
5527	6.26143	6.75064
5528	6.26143	6.74025
5529	6.26143	6.79728
5530	6.26143	6.56954
5531	6.26143	6.4081
5532	6.26143	6.69435
5533	6.26143	6.86804
5534	6.26143	6.37593
5535	6.26143	6.53367
5536	6.26143	6.47265
5537	6.26143	6.26258
5538	6.26143	6.26316
5539	6.26143	6.29572
5540	6.26143	6.44816
5541	6.26143	6.74146
5542	6.26143	6.4434
5543	6.26143	6.42922
5544	6.26143	6.62309
5545	6.26143	6.39195
5546	6.26143	6.31655
5547	6.26143	6.35236
5548	6.26143	6.26143
5549	6.26143	6.26143
5550	6.26143	6.26316
5551	6.26143	6.41736
5552	6.26143	6.40508
5553	6.26143	6.3485
5554	6.26143	6.45878
5555	6.26143	6.61701
5556	6.26143	6.49444
5557	6.26143	6.38387
5558	6.26143	6.46174
5559	6.26143	6.39211
5560	6.26143	6.68457
5561	6.26143	6.56314
5562	6.26143	6.79123
5563	6.26143	6.86443
5564	6.26143	6.27987
5565	6.26143	6.35414
5566	6.26143	6.51298
5567	6.26143	6.60536
5568	6.26143	6.31648
5569	6.26143	6.46291
5570	6.26143	6.57537
5571	6.26143	6.51749
5572	6.26143	6.40187
5573	6.26143	6.26143
5574	6.26143	6.26143
5575	6.26143	6.37449
5576	6.26143	6.39208
5577	6.26143	6.31437
5578	6.26143	6.26143
5579	6.26143	6.5691
5580	6.26143	7.05928
5581	6.26143	6.50156
5582	6.26143	6.40804
5583	6.26143	6.27507
5584	6.26143	6.28459
5585	6.26143	6.52394
5586	6.26143	6.42231
5587	6.26143	6.26143
5588	6.26143	6.30316
5589	6.26143	6.26414
5590	6.26143	6.26529
5591	6.26143	6.3598
5592	6.26143	6.47152
5593	6.26143	6.67457
5594	6.26143	6.75046
5595	6.26143	7.12867
5596	6.26143	6.81391
5597	6.26143	6.84517
5598	6.26143	6.87969
5599	6.26143	6.52295
5600	6.26143	6.69278
5601	6.26143	6.72637
5602	6.26143	6.41074
5603	6.26143	6.33826
5604	6.26143	6.26143
5605	6.26143	6.36665
5606	6.26143	6.36327
5607	6.26143	6.31786
5608	6.26143	6.27695
5609	6.26143	6.44227
5610	6.26143	6.28474
5611	6.26143	6.33327
5612	6.26143	6.28858
5613	6.26143	6.29426
5614	6.26143	6.60877
5615	6.26143	6.49119
5616	6.26143	6.26143
5617	6.26143	6.37523
5618	6.26143	6.59871
5619	6.26143	6.46969
5620	6.26143	6.39431
5621	6.26143	6.27072
5622	6.26143	6.33743
5623	6.26143	6.63946
5624	6.26143	6.39696
5625	6.26143	6.35533
5626	6.26143	6.3175
5627	6.26143	6.41422
5628	6.26143	6.30354
5629	6.26143	6.26957
5630	6.26143	6.32639
5631	6.26143	6.36464
5632	6.26143	6.26143
5633	6.26143	6.2963
5634	6.26143	6.38028
5635	6.26143	6.52109
5636	6.26143	6.31933
5637	6.26143	6.26143
5638	6.26143	6.26143
5639	6.26143	6.26143
5640	6.26143	6.27246
5641	6.26143	6.27642
5642	6.26143	7.07001
5643	6.26143	6.54992
5644	6.26143	6.61429
5645	6.26143	6.40792
5646	6.26143	6.42946
5647	6.26143	6.42555
5648	6.26143	6.44739
5649	6.26143	6.9745
5650	6.26143	6.41797
5651	6.26143	6.26143
5652	6.26143	6.26143
5653	6.26143	6.26443
5654	6.26143	6.36242
5655	6.26143	6.30151
5656	6.26143	6.4694
5657	6.26143	6.53566
5658	6.26143	6.34008
5659	6.26143	6.29077
5660	6.26143	6.26143
5661	6.26143	6.31031
5662	6.26143	6.33077
5663	6.26143	6.32703
5664	6.26143	6.32635
5665	6.26143	6.52942
5666	6.26143	6.66082
5667	6.26143	6.7256
5668	6.26143	6.31262
5669	6.26143	6.82379
5670	6.26143	6.26143
5671	6.26143	6.48858
5672	6.26143	6.64598
5673	6.26143	6.29837
5674	6.26143	6.30702
5675	6.26143	6.262
5676	6.26143	6.26143
5677	6.26143	6.26143
5678	6.26143	6.26143
5679	6.26143	6.63645
5680	6.26143	6.3622
5681	6.26143	6.92239
5682	6.26143	7.54366
5683	6.26143	7.42257
5684	6.26143	6.83343
5685	6.26143	6.51383
5686	6.26143	6.30359
5687	6.26143	6.42368
5688	6.26143	6.87415
5689	6.26143	6.74487
5690	6.26143	6.4596
5691	6.26143	6.46388
5692	6.26143	6.53488
5693	6.26143	6.26143
5694	6.26143	6.65338
5695	6.26143	6.30994
5696	6.26143	6.27742
5697	6.26143	6.404
5698	6.26143	6.62236
5699	6.26143	6.73055
5700	6.26143	6.50773
5701	6.26143	6.35234
5702	6.26143	6.262
5703	6.26143	6.26143
5704	6.26143	6.40298
5705	6.26143	6.93274
5706	6.26143	6.51526
5707	6.26143	6.44213
5708	6.26143	6.41003
5709	6.26143	6.26626
5710	6.26143	6.26739
5711	6.26143	6.26143
5712	6.26143	6.26143
5713	6.26143	6.26143
5714	6.26143	6.26951
5715	6.26143	6.29111
5716	6.26143	6.39518
5717	6.26143	6.32295
5718	6.26143	6.31284
5719	6.26143	6.4742
5720	6.26143	6.59134
5721	6.26143	7.25739
5722	6.26143	7.05211
5723	6.26143	6.53583
5724	6.26143	6.47315
5725	6.26143	6.41121
5726	6.26143	6.43188
5727	6.26143	6.6923
5728	6.26143	6.41169
5729	6.26143	6.30058
5730	6.26143	6.26545
5731	6.26143	6.39973
5732	6.26143	6.32042
5733	6.26143	6.26143
5734	6.26143	6.29913
5735	6.26143	6.26143
5736	6.26143	6.26143
5737	6.26143	6.26435
5738	6.26143	6.26143
5739	6.26143	6.26435
5740	6.26143	6.29227
5741	6.26143	6.26143
5742	6.26143	6.26143
5743	6.26143	6.29895
5744	6.26143	6.81857
5745	6.26143	6.4129
5746	6.26143	6.33493
5747	6.26143	6.3035
5748	6.26143	6.29809
5749	6.26143	6.26143
5750	6.26143	6.26143
5751	6.26143	6.58799
5752	6.26143	6.71144
5753	6.26143	6.2976
5754	6.26143	6.69249
5755	6.26143	6.33351
5756	6.26143	6.26143
5757	6.26143	6.26143
5758	6.26143	6.28073
5759	6.26143	6.34807
5760	6.26143	6.37846
5761	6.26143	6.83307
5762	6.26143	6.62535
5763	6.26143	6.72593
5764	6.26143	6.35204
5765	6.26143	6.46062
5766	6.26143	6.44393
5767	6.26143	6.44743
5768	6.26143	6.26284
5769	6.26143	6.26685
5770	6.26143	6.26143
5771	6.26143	6.26314
5772	6.26143	6.29456
5773	6.26143	6.26143
5774	6.26143	6.31069
5775	6.26143	6.27629
5776	6.26143	6.43573
5777	6.26143	6.51909
5778	6.26143	6.31988
5779	6.26143	6.35016
5780	6.26143	6.32837
5781	6.26143	6.36283
5782	6.26143	6.47202
5783	6.26143	6.6493
5784	6.26143	6.49654
5785	6.26143	6.54628
5786	6.26143	6.8784
5787	6.26143	7.47425
5788	6.26143	7.65117
5789	6.26143	7.17081
5790	6.26143	6.96113
5791	6.26143	6.70744
5792	6.26143	6.27024
5793	6.26143	6.26143
5794	6.26143	6.56451
5795	6.26143	6.41075
5796	6.26143	6.48315
5797	6.26143	6.54658
5798	6.26143	6.46094
5799	6.26143	6.32361
5800	6.26143	6.26143
5801	6.26143	6.27533
5802	6.26143	6.30892
5803	6.26143	6.26879
5804	6.26143	6.31022
5805	6.26143	6.26143
5806	6.26143	6.26143
5807	6.26143	6.67293
5808	6.26143	6.48348
5809	6.26143	6.36103
5810	6.26143	7.04208
5811	6.26143	6.84471
5812	6.26143	7.33169
5813	6.26143	6.73853
5814	6.26143	6.56545
5815	6.26143	6.44978
5816	6.26143	7.08271
5817	6.26143	7.38635
5818	6.26143	6.44489
5819	6.26143	6.38776
5820	6.26143	6.58668
5821	6.26143	6.71462
5822	6.26143	6.46619
5823	6.26143	6.26143
5824	6.26143	6.30925
5825	6.26143	6.35692
5826	6.26143	6.26143
5827	6.26143	6.42365
5828	6.26143	6.34488
5829	6.26143	6.5986
5830	6.26143	6.96986
5831	6.26143	6.77831
5832	6.26143	6.50862
5833	6.26143	6.34639
5834	6.26143	6.26954
5835	6.26143	6.43494
5836	6.26143	6.53113
5837	6.26143	6.30134
5838	6.26143	6.29695
5839	6.26143	6.26805
5840	6.26143	6.26143
5841	6.26143	6.26143
5842	6.26143	6.28262
5843	6.26143	6.28993
5844	6.26143	6.26341
5845	6.26143	6.42177
5846	6.26143	6.26284
5847	6.26143	6.26143
5848	6.26143	6.26143
5849	6.26143	6.45597
5850	6.26143	6.63686
5851	6.26143	7.25019
5852	6.26143	6.54963
5853	6.26143	6.61471
5854	6.26143	6.34998
5855	6.26143	6.52328
5856	6.26143	6.67129
5857	6.26143	6.58856
5858	6.26143	6.46803
5859	6.26143	6.54897
5860	6.26143	6.62204
5861	6.26143	6.29237
5862	6.26143	6.67543
5863	6.26143	6.82128
5864	6.26143	6.66757
5865	6.26143	6.43158
5866	6.26143	6.2905
5867	6.26143	6.3202
5868	6.26143	6.27337
5869	6.26143	6.3901
5870	6.26143	6.42759
5871	6.26143	6.29228
5872	6.26143	6.26143
5873	6.26143	6.28041
5874	6.26143	6.27369
5875	6.26143	6.27958
5876	6.26143	6.42874
5877	6.26143	6.33704
5878	6.26143	6.26143
5879	6.26143	6.26143
5880	6.26143	6.26143
5881	6.26143	6.28264
5882	6.26143	6.34224
5883	6.26143	6.26143
5884	6.26143	6.26143
5885	6.26143	6.26143
5886	6.26143	6.26143
5887	6.26143	6.26612
5888	6.26143	6.47063
5889	6.26143	6.33779
5890	6.26143	6.83218
5891	6.26143	6.57158
5892	6.26143	6.35973
5893	6.26143	6.26143
5894	6.26143	6.27567
5895	6.26143	6.33009
5896	6.26143	6.39252
5897	6.26143	6.5378
5898	6.26143	6.30993
5899	6.26143	7.07051
5900	6.26143	6.61482
5901	6.26143	6.59067
5902	6.26143	6.59504
5903	6.26143	6.33343
5904	6.26143	6.28039
5905	6.26143	6.3906
5906	6.26143	6.28407
5907	6.26143	6.30469
5908	6.26143	6.32586
5909	6.26143	6.61835
5910	6.26143	6.29762
5911	6.26143	6.26143
5912	6.26143	6.26143
5913	6.26143	6.27518
5914	6.26143	6.37737
5915	6.26143	6.40821
5916	6.26143	6.45034
5917	6.26143	6.27671
5918	6.26143	6.35587
5919	6.26143	6.26143
5920	6.26143	6.30146
5921	6.26143	6.37432
5922	6.26143	6.47958
5923	6.26143	6.52125
5924	6.26143	6.42295
5925	6.26143	6.36553
5926	6.26143	6.96519
5927	6.26143	6.68076
5928	6.26143	6.65233
5929	6.26143	6.30227
5930	6.26143	6.43767
5931	6.26143	6.4685
5932	6.26143	6.29578
5933	6.26143	6.26143
5934	6.26143	6.28079
5935	6.26143	6.34214
5936	6.26143	6.32266
5937	6.26143	6.27071
5938	6.26143	6.26143
5939	6.26143	6.26479
5940	6.26143	6.31392
5941	6.26143	6.26143
5942	6.26143	6.26626
5943	6.26143	6.39856
5944	6.26143	6.41996
5945	6.26143	6.33763
5946	6.26143	6.31274
5947	6.26143	6.31029
5948	6.26143	6.34705
5949	6.26143	6.55906
5950	6.26143	6.28202
5951	6.26143	6.66678
5952	6.26143	6.94022
5953	6.26143	6.32237
5954	6.26143	6.26143
5955	6.26143	6.26794
5956	6.26143	6.26547
5957	6.26143	6.26143
5958	6.26143	6.26143
5959	6.26143	6.26143
5960	6.26143	6.26143
5961	6.26143	6.262
5962	6.26143	6.26143
5963	6.26143	6.26143
5964	6.26143	6.57868
5965	6.26143	6.58959
5966	6.26143	6.46416
5967	6.26143	6.45236
5968	6.26143	6.42457
5969	6.26143	6.36127
5970	6.26143	6.30712
5971	6.26143	6.39319
5972	6.26143	6.32177
5973	6.26143	6.27307
5974	6.26143	6.26258
5975	6.26143	6.27653
5976	6.26143	6.30026
5977	6.26143	6.30466
5978	6.26143	6.37127
5979	6.26143	6.32184
5980	6.26143	6.51401
5981	6.26143	6.26341
5982	6.26143	6.37367
5983	6.26143	6.70063
5984	6.26143	6.59037
5985	6.26143	6.2957
5986	6.26143	6.26143
5987	6.26143	6.29745
5988	6.26143	6.32871
5989	6.26143	6.26143
5990	6.26143	6.26403
5991	6.26143	6.5055
5992	6.26143	6.41223
5993	6.26143	6.59333
5994	6.26143	6.6536
5995	6.26143	6.32799
5996	6.26143	6.40796
5997	6.26143	6.28756
5998	6.26143	6.26143
5999	6.26143	6.27185
6000	6.26143	6.26284
6001	6.26143	6.26284
6002	6.26143	6.26143
6003	6.26143	6.27823
6004	6.26143	6.38218
6005	6.26143	6.41197
6006	6.26143	6.26143
6007	6.26143	6.26922
6008	6.26143	6.33134
6009	6.26143	6.26143
6010	6.26143	6.39352
6011	6.26143	6.37888
6012	6.26143	6.53136
6013	6.26143	6.26922
6014	6.26143	6.43726
6015	6.26143	6.30398
6016	6.26143	6.60555
6017	6.26143	6.39741
6018	6.26143	6.26518
6019	6.26143	6.44022
6020	6.26143	6.54715
6021	6.26143	6.34247
6022	6.26143	6.26143
6023	6.26143	6.27837
6024	6.26143	6.44554
6025	6.26143	6.38599
6026	6.26143	6.43513
6027	6.26143	6.343
6028	6.26143	6.27576
6029	6.26143	6.39693
6030	6.26143	6.73823
6031	6.26143	6.92423
6032	6.26143	6.74168
6033	6.26143	6.44284
6034	6.26143	6.69352
6035	6.26143	7.14339
6036	6.26143	7.06684
6037	6.26143	7.41799
6038	6.26143	7.36749
6039	6.26143	6.58664
6040	6.26143	6.53881
6041	6.26143	6.88332
6042	6.26143	6.76949
6043	6.26143	6.43685
6044	6.26143	6.47539
6045	6.26143	6.79417
6046	6.26143	6.49867
6047	6.26143	6.61524
6048	6.26143	6.43091
6049	6.26143	6.30366
6050	6.26143	6.2675
6051	6.26143	6.26143
6052	6.26143	6.26679
6053	6.26143	6.26971
6054	6.26143	6.26143
6055	6.26143	6.26143
6056	6.26143	6.26735
6057	6.26143	6.5754
6058	6.26143	6.56521
6059	6.26143	6.42072
6060	6.26143	6.30225
6061	6.26143	6.26143
6062	6.26143	6.26143
6063	6.26143	6.26143
6064	6.26143	6.26143
6065	6.26143	6.26143
6066	6.26143	6.26143
6067	6.26143	6.74296
6068	6.26143	6.42804
6069	6.26143	6.45565
6070	6.26143	6.47336
6071	6.26143	6.37387
6072	6.26143	6.31288
6073	6.26143	6.26258
6074	6.26143	6.26919
6075	6.26143	6.26143
6076	6.26143	6.29729
6077	6.26143	6.26143
6078	6.26143	6.76816
6079	6.26143	6.76003
6080	6.26143	6.78991
6081	6.26143	6.39885
6082	6.26143	6.26143
6083	6.26143	6.26143
6084	6.26143	6.26143
6085	6.26143	6.26143
6086	6.26143	6.26143
6087	6.26143	6.35151
6088	6.26143	6.69903
6089	6.26143	6.46076
6090	6.26143	6.5907
6091	6.26143	6.99314
6092	6.26143	6.70894
6093	6.26143	6.40042
6094	6.26143	6.71826
6095	6.26143	6.43924
6096	6.26143	6.29767
6097	6.26143	6.26662
6098	6.26143	6.80832
6099	6.26143	6.28648
6100	6.26143	6.3947
6101	6.26143	6.26143
6102	6.26143	6.26662
6103	6.26143	6.26143
6104	6.26143	6.26143
6105	6.26143	6.26143
6106	6.26143	6.26827
6107	6.26143	6.26143
6108	6.26143	6.47906
6109	6.26143	6.39725
6110	6.26143	6.38717
6111	6.26143	6.33571
6112	6.26143	6.36579
6113	6.26143	6.28749
6114	6.26143	6.32679
6115	6.26143	6.26258
6116	6.26143	6.26143
6117	6.26143	6.27547
6118	6.26143	6.4676
6119	6.26143	6.52888
6120	6.26143	6.35663
6121	6.26143	6.37444
6122	6.26143	7.09728
6123	6.26143	6.59499
6124	6.26143	6.90299
6125	6.26143	6.72942
6126	6.26143	6.64913
6127	6.26143	6.40373
6128	6.26143	6.26143
6129	6.26143	6.26143
6130	6.26143	6.26143
6131	6.26143	6.26143
6132	6.26143	6.3395
6133	6.26143	6.47456
6134	6.26143	6.76973
6135	6.26143	6.58244
6136	6.26143	6.8102
6137	6.26143	6.34816
6138	6.26143	6.28496
6139	6.26143	6.32043
6140	6.26143	6.37671
6141	6.26143	6.37363
6142	6.26143	6.57244
6143	6.26143	6.70567
6144	6.26143	6.9225
6145	6.26143	6.37617
6146	6.26143	6.44584
6147	6.26143	6.26143
6148	6.26143	6.28367
6149	6.26143	6.28874
6150	6.26143	6.47292
6151	6.26143	6.85168
6152	6.26143	6.314
6153	6.26143	6.365
6154	6.26143	6.27257
6155	6.26143	6.38574
6156	6.26143	6.70817
6157	6.26143	6.7705
6158	6.26143	6.47889
6159	6.26143	6.74619
6160	6.26143	6.36364
6161	6.26143	6.47611
6162	6.26143	6.46719
6163	6.26143	6.29192
6164	6.26143	6.32056
6165	6.26143	6.61748
6166	6.26143	6.63145
6167	6.26143	6.52506
6168	6.26143	6.26626
6169	6.26143	6.26143
6170	6.26143	6.26143
6171	6.26143	6.26143
6172	6.26143	6.26143
6173	6.26143	6.28889
6174	6.26143	6.26143
6175	6.26143	6.2769
6176	6.26143	6.26143
6177	6.26143	6.40995
6178	6.26143	6.63875
6179	6.26143	6.80539
6180	6.26143	6.71341
6181	6.26143	6.49617
6182	6.26143	6.52747
6183	6.26143	6.38288
6184	6.26143	6.26143
6185	6.26143	6.26726
6186	6.26143	6.3241
6187	6.26143	6.32442
6188	6.26143	6.26143
6189	6.26143	6.26143
6190	6.26143	6.26143
6191	6.26143	6.26143
6192	6.26143	6.26684
6193	6.26143	6.26435
6194	6.26143	6.27572
6195	6.26143	6.41143
6196	6.26143	6.3301
6197	6.26143	6.26403
6198	6.26143	6.82073
6199	6.26143	6.81254
6200	6.26143	6.61185
6201	6.26143	6.70614
6202	6.26143	6.45797
6203	6.26143	7.00896
6204	6.26143	6.40536
6205	6.26143	6.32511
6206	6.26143	6.31061
6207	6.26143	6.26143
6208	6.26143	6.35945
6209	6.26143	6.54769
6210	6.26143	6.57561
6211	6.26143	6.39047
6212	6.26143	7.07086
6213	6.26143	6.64244
6214	6.26143	6.88953
6215	6.26143	7.09282
6216	6.26143	7.25494
6217	6.26143	6.96317
6218	6.26143	6.39141
6219	6.26143	6.26143
6220	6.26143	6.27935
6221	6.26143	6.26143
6222	6.26143	6.26143
6223	6.26143	6.26143
6224	6.26143	6.30999
6225	6.26143	6.37418
6226	6.26143	6.51548
6227	6.26143	6.32979
6228	6.26143	6.50647
6229	6.26143	6.39045
6230	6.26143	6.37514
6231	6.26143	6.45638
6232	6.26143	6.68021
6233	6.26143	7.08343
6234	6.26143	7.1978
6235	6.26143	6.84175
6236	6.26143	6.76988
6237	6.26143	6.57244
6238	6.26143	6.57377
6239	6.26143	6.54962
6240	6.26143	6.26143
6241	6.26143	6.26143
6242	6.26143	6.35906
6243	6.26143	6.51825
6244	6.26143	6.26143
6245	6.26143	6.26143
6246	6.26143	6.30713
6247	6.26143	6.35551
6248	6.26143	6.30316
6249	6.26143	6.3808
6250	6.26143	6.26143
6251	6.26143	6.26143
6252	6.26143	6.26143
6253	6.26143	6.39108
6254	6.26143	6.30596
6255	6.26143	6.2882
6256	6.26143	6.26143
6257	6.26143	6.59373
6258	6.26143	6.37672
6259	6.26143	6.51463
6260	6.26143	6.58602
6261	6.26143	6.4251
6262	6.26143	6.47076
6263	6.26143	6.669
6264	6.26143	6.81711
6265	6.26143	6.42755
6266	6.26143	6.29842
6267	6.26143	6.30687
6268	6.26143	6.44474
6269	6.26143	6.39641
6270	6.26143	6.56723
6271	6.26143	6.68422
6272	6.26143	6.48729
6273	6.26143	6.66766
6274	6.26143	6.76874
6275	6.26143	6.70172
6276	6.26143	6.29714
6277	6.26143	6.28278
6278	6.26143	6.31644
6279	6.26143	6.26143
6280	6.26143	6.2676
6281	6.26143	6.26403
6282	6.26143	6.56385
6283	6.26143	6.62853
6284	6.26143	6.45638
6285	6.26143	6.50622
6286	6.26143	6.34877
6287	6.26143	6.26626
6288	6.26143	6.40511
6289	6.26143	6.35412
6290	6.26143	6.34441
6291	6.26143	6.28791
6292	6.26143	6.3808
6293	6.26143	6.34254
6294	6.26143	6.45372
6295	6.26143	6.32425
6296	6.26143	6.34616
6297	6.26143	6.45126
6298	6.26143	6.32106
6299	6.26143	6.31337
6300	6.26143	6.28153
6301	6.26143	6.26143
6302	6.26143	6.26143
6303	6.26143	6.28867
6304	6.26143	6.4571
6305	6.26143	6.73146
6306	6.26143	6.50711
6307	6.26143	6.81832
6308	6.26143	6.32486
6309	6.26143	6.30981
6310	6.26143	6.35261
6311	6.26143	6.26143
6312	6.26143	6.26143
6313	6.26143	6.33292
6314	6.26143	6.39903
6315	6.26143	7.11235
6316	6.26143	7.35985
6317	6.26143	7.12807
6318	6.26143	6.74637
6319	6.26143	7.2648
6320	6.26143	7.47421
6321	6.26143	6.84962
6322	6.26143	6.60804
6323	6.26143	6.26143
6324	6.26143	6.95474
6325	6.26143	6.95284
6326	6.26143	6.93927
6327	6.26143	7.18595
6328	6.26143	7.31932
6329	6.26143	7.41075
6330	6.26143	7.137
6331	6.26143	6.51759
6332	6.26143	6.30133
6333	6.26143	6.35596
6334	6.26143	6.33327
6335	6.26143	6.32967
6336	6.26143	6.26143
6337	6.26143	6.26143
6338	6.26143	6.26143
6339	6.26143	6.30225
6340	6.26143	6.38315
6341	6.26143	6.46411
6342	6.26143	6.39699
6343	6.26143	6.45055
6344	6.26143	6.39042
6345	6.26143	6.73014
6346	6.26143	6.46361
6347	6.26143	6.42583
6348	6.26143	6.3663
6349	6.26143	6.36027
6350	6.26143	6.64146
6351	6.26143	6.34684
6352	6.26143	6.71909
6353	6.26143	6.27685
6354	6.26143	6.26143
6355	6.26143	6.26143
6356	6.26143	6.26143
6357	6.26143	6.26143
6358	6.26143	6.26983
6359	6.26143	6.27605
6360	6.26143	6.31233
6361	6.26143	6.26143
6362	6.26143	6.29043
6363	6.26143	6.35861
6364	6.26143	6.63773
6365	6.26143	6.56175
6366	6.26143	6.67376
6367	6.26143	6.90164
6368	6.26143	7.07799
6369	6.26143	6.96142
6370	6.26143	6.98731
6371	6.26143	6.55884
6372	6.26143	6.7609
6373	6.26143	6.83702
6374	6.26143	6.92266
6375	6.26143	6.89962
6376	6.26143	7.13029
6377	6.26143	6.88275
6378	6.26143	6.58318
6379	6.26143	6.43339
6380	6.26143	6.35854
6381	6.26143	6.26823
6382	6.26143	6.30397
6383	6.26143	6.35845
6384	6.26143	6.43829
6385	6.26143	6.61913
6386	6.26143	6.84315
6387	6.26143	6.90686
6388	6.26143	6.75802
6389	6.26143	6.62872
6390	6.26143	6.52579
6391	6.26143	6.37948
6392	6.26143	6.26143
6393	6.26143	6.27077
6394	6.26143	6.54461
6395	6.26143	6.39373
6396	6.26143	6.28272
6397	6.26143	6.26143
6398	6.26143	6.30167
6399	6.26143	6.31531
6400	6.26143	6.38084
6401	6.26143	6.3205
6402	6.26143	6.34442
6403	6.26143	6.39449
6404	6.26143	6.38442
6405	6.26143	6.26608
6406	6.26143	6.26143
6407	6.26143	6.26143
6408	6.26143	6.27865
6409	6.26143	6.33089
6410	6.26143	6.46609
6411	6.26143	6.33226
6412	6.26143	6.36989
6413	6.26143	6.26575
6414	6.26143	6.26143
6415	6.26143	6.26143
6416	6.26143	6.26143
6417	6.26143	6.26143
6418	6.26143	6.27451
6419	6.26143	6.2977
6420	6.26143	6.43685
6421	6.26143	6.53511
6422	6.26143	6.56883
6423	6.26143	6.58772
6424	6.26143	6.31916
6425	6.26143	6.35138
6426	6.26143	6.27494
6427	6.26143	6.63796
6428	6.26143	6.42809
6429	6.26143	6.30881
6430	6.26143	6.29911
6431	6.26143	6.26143
6432	6.26143	6.27152
6433	6.26143	6.26143
6434	6.26143	6.36309
6435	6.26143	6.36823
6436	6.26143	6.57507
6437	6.26143	6.42362
6438	6.26143	6.50189
6439	6.26143	6.50146
6440	6.26143	6.40587
6441	6.26143	6.35377
6442	6.26143	6.30649
6443	6.26143	6.26143
6444	6.26143	6.26143
6445	6.26143	6.26143
6446	6.26143	6.4209
6447	6.26143	6.60322
6448	6.26143	6.65417
6449	6.26143	6.47039
6450	6.26143	6.58978
6451	6.26143	6.54059
6452	6.26143	6.30192
6453	6.26143	6.28997
6454	6.26143	6.33984
6455	6.26143	6.3044
6456	6.26143	6.26847
6457	6.26143	6.26743
6458	6.26143	6.32499
6459	6.26143	6.26143
6460	6.26143	6.26403
6461	6.26143	6.29098
6462	6.26143	6.29822
6463	6.26143	6.45313
6464	6.26143	6.35826
6465	6.26143	6.50825
6466	6.26143	6.8541
6467	6.26143	6.84937
6468	6.26143	6.52961
6469	6.26143	6.27018
6470	6.26143	6.26143
6471	6.26143	6.27937
6472	6.26143	6.36698
6473	6.26143	6.32551
6474	6.26143	6.26823
6475	6.26143	6.27295
6476	6.26143	6.26143
6477	6.26143	6.26143
6478	6.26143	6.26143
6479	6.26143	6.26143
6480	6.26143	6.26143
6481	6.26143	6.26143
6482	6.26143	6.26143
6483	6.26143	6.26143
6484	6.26143	6.50058
6485	6.26143	6.40255
6486	6.26143	6.26143
6487	6.26143	6.26143
6488	6.26143	6.26143
6489	6.26143	6.61793
6490	6.26143	6.5391
6491	6.26143	6.40501
6492	6.26143	6.26143
6493	6.26143	6.26143
6494	6.26143	6.36628
6495	6.26143	6.303
6496	6.26143	6.85437
6497	6.26143	6.45693
6498	6.26143	6.53557
6499	6.26143	6.45959
6500	6.26143	6.39538
6501	6.26143	6.50156
6502	6.26143	6.45265
6503	6.26143	6.29168
6504	6.26143	6.39479
6505	6.26143	6.44867
6506	6.26143	6.31013
6507	6.26143	6.41493
6508	6.26143	6.55447
6509	6.26143	6.26662
6510	6.26143	6.27057
6511	6.26143	6.43527
6512	6.26143	6.42295
6513	6.26143	6.55314
6514	6.26143	6.26435
6515	6.26143	6.26518
6516	6.26143	6.26632
6517	6.26143	6.26143
6518	6.26143	6.26143
6519	6.26143	6.26143
6520	6.26143	6.29751
6521	6.26143	6.26403
6522	6.26143	6.36117
6523	6.26143	6.39357
6524	6.26143	7.18673
6525	6.26143	6.52345
6526	6.26143	6.49431
6527	6.26143	6.30545
6528	6.26143	6.38678
6529	6.26143	6.26143
6530	6.26143	6.27086
6531	6.26143	6.30087
6532	6.26143	6.2925
6533	6.26143	6.26143
6534	6.26143	6.43943
6535	6.26143	7.03422
6536	6.26143	6.5032
6537	6.26143	6.69172
6538	6.26143	6.45931
6539	6.26143	6.47929
6540	6.26143	6.26726
6541	6.26143	6.30668
6542	6.26143	6.26143
6543	6.26143	6.26143
6544	6.26143	6.29731
6545	6.26143	6.30542
6546	6.26143	6.26143
6547	6.26143	6.26143
6548	6.26143	6.26906
6549	6.26143	6.46472
6550	6.26143	6.36138
6551	6.26143	6.58937
6552	6.26143	6.32543
6553	6.26143	6.41273
6554	6.26143	6.27695
6555	6.26143	6.57763
6556	6.26143	6.41298
6557	6.26143	6.28683
6558	6.26143	6.46519
6559	6.26143	6.39166
6560	6.26143	6.3461
6561	6.26143	6.26143
6562	6.26143	6.26143
6563	6.26143	6.26143
6564	6.26143	6.26143
6565	6.26143	6.27024
6566	6.26143	6.28063
6567	6.26143	6.26143
6568	6.26143	6.26143
6569	6.26143	6.48582
6570	6.26143	6.38866
6571	6.26143	6.49347
6572	6.26143	6.51844
6573	6.26143	7.27362
6574	6.26143	6.6184
6575	6.26143	6.30414
6576	6.26143	6.26545
6577	6.26143	6.46846
6578	6.26143	6.40605
6579	6.26143	6.56037
6580	6.26143	6.40519
6581	6.26143	6.50349
6582	6.26143	6.50389
6583	6.26143	6.55422
6584	6.26143	6.74248
6585	6.26143	6.60369
6586	6.26143	6.27024
6587	6.26143	6.26143
6588	6.26143	6.26143
6589	6.26143	6.26143
6590	6.26143	6.28011
6591	6.26143	6.2858
6592	6.26143	6.57246
6593	6.26143	6.58643
6594	6.26143	6.26143
6595	6.26143	6.26143
6596	6.26143	6.39252
6597	6.26143	6.33791
6598	6.26143	6.26143
6599	6.26143	6.36633
6600	6.26143	6.26143
6601	6.26143	6.35691
6602	6.26143	6.32018
6603	6.26143	6.27802
6604	6.26143	6.41102
6605	6.26143	6.61565
6606	6.26143	6.35052
6607	6.26143	6.26143
6608	6.26143	6.26143
6609	6.26143	6.2855
6610	6.26143	6.43662
6611	6.26143	6.59926
6612	6.26143	6.262
6613	6.26143	6.26143
6614	6.26143	6.28829
6615	6.26143	6.26143
6616	6.26143	6.28753
6617	6.26143	6.38145
6618	6.26143	6.32618
6619	6.26143	6.37282
6620	6.26143	6.36846
6621	6.26143	6.37497
6622	6.26143	6.31647
6623	6.26143	6.26143
6624	6.26143	6.26143
6625	6.26143	6.26143
6626	6.26143	6.26143
6627	6.26143	6.26403
6628	6.26143	6.28383
6629	6.26143	6.2969
6630	6.26143	6.42223
6631	6.26143	6.58215
6632	6.26143	6.69569
6633	6.26143	6.50859
6634	6.26143	6.4226
6635	6.26143	6.41037
6636	6.26143	6.33822
6637	6.26143	6.26143
6638	6.26143	6.26143
6639	6.26143	6.26601
6640	6.26143	6.26143
6641	6.26143	6.28369
6642	6.26143	6.26143
6643	6.26143	6.31262
6644	6.26143	6.3764
6645	6.26143	6.40174
6646	6.26143	6.48895
6647	6.26143	6.38169
6648	6.26143	6.27285
6649	6.26143	6.27285
6650	6.26143	6.3207
6651	6.26143	6.81334
6652	6.26143	6.393
6653	6.26143	6.36076
6654	6.26143	6.54245
6655	6.26143	6.88928
6656	6.26143	6.41634
6657	6.26143	6.64933
6658	6.26143	6.57993
6659	6.26143	6.48629
6660	6.26143	6.57799
6661	6.26143	6.39809
6662	6.26143	6.7319
6663	6.26143	6.32137
6664	6.26143	6.26143
6665	6.26143	6.43454
6666	6.26143	6.40514
6667	6.26143	6.87314
6668	6.26143	6.69101
6669	6.26143	6.46924
6670	6.26143	6.3964
6671	6.26143	6.26143
6672	6.26143	6.28945
6673	6.26143	6.37545
6674	6.26143	6.28537
6675	6.26143	6.48628
6676	6.26143	6.61129
6677	6.26143	6.8271
6678	6.26143	6.33873
6679	6.26143	6.26143
6680	6.26143	6.33342
6681	6.26143	6.3401
6682	6.26143	6.49511
6683	6.26143	6.3042
6684	6.26143	6.26143
6685	6.26143	6.36381
6686	6.26143	6.37033
6687	6.26143	6.55614
6688	6.26143	6.57386
6689	6.26143	6.28984
6690	6.26143	6.31629
6691	6.26143	6.56565
6692	6.26143	6.50232
6693	6.26143	6.36774
6694	6.26143	6.35132
6695	6.26143	6.26403
6696	6.26143	6.34814
6697	6.26143	6.31494
6698	6.26143	6.29157
6699	6.26143	6.26143
6700	6.26143	6.26735
6701	6.26143	6.26143
6702	6.26143	6.26143
6703	6.26143	6.26143
6704	6.26143	6.26143
6705	6.26143	6.28148
6706	6.26143	6.35695
6707	6.26143	6.56765
6708	6.26143	6.27834
6709	6.26143	6.26403
6710	6.26143	6.26143
6711	6.26143	6.32337
6712	6.26143	6.26403
6713	6.26143	6.40523
6714	6.26143	6.27597
6715	6.26143	6.3174
6716	6.26143	6.26143
6717	6.26143	6.26143
6718	6.26143	6.69694
6719	6.26143	6.27962
6720	6.26143	6.31263
6721	6.26143	6.37139
6722	6.26143	6.50059
6723	6.26143	6.84179
6724	6.26143	6.47594
6725	6.26143	6.45462
6726	6.26143	6.42373
6727	6.26143	6.26964
6728	6.26143	6.30056
6729	6.26143	6.26143
6730	6.26143	6.27609
6731	6.26143	6.31861
6732	6.26143	6.28314
6733	6.26143	6.42199
6734	6.26143	6.39288
6735	6.26143	6.42027
6736	6.26143	6.2686
6737	6.26143	6.37162
6738	6.26143	6.48485
6739	6.26143	6.37748
6740	6.26143	6.6141
6741	6.26143	6.59715
6742	6.26143	6.69091
6743	6.26143	6.48306
6744	6.26143	6.5262
6745	6.26143	6.40287
6746	6.26143	6.44167
6747	6.26143	6.34765
6748	6.26143	6.26143
6749	6.26143	6.26143
6750	6.26143	6.28857
6751	6.26143	6.27588
6752	6.26143	6.26143
6753	6.26143	6.26143
6754	6.26143	6.26143
6755	6.26143	6.4307
6756	6.26143	6.37457
6757	6.26143	6.36986
6758	6.26143	6.56632
6759	6.26143	6.4769
6760	6.26143	6.35602
6761	6.26143	6.31707
6762	6.26143	6.33625
6763	6.26143	6.50939
6764	6.26143	7.55636
6765	6.26143	7.11517
6766	6.26143	6.66419
6767	6.26143	6.489
6768	6.26143	6.60292
6769	6.26143	6.37936
6770	6.26143	6.3724
6771	6.26143	6.45103
6772	6.26143	6.79152
6773	6.26143	6.93131
6774	6.26143	6.68083
6775	6.26143	6.50595
6776	6.26143	6.3978
6777	6.26143	6.6963
6778	6.26143	6.40657
6779	6.26143	6.45056
6780	6.26143	6.39825
6781	6.26143	6.76629
6782	6.26143	6.72524
6783	6.26143	6.29894
6784	6.26143	6.34388
6785	6.26143	6.62811
6786	6.26143	6.57933
6787	6.26143	6.49483
6788	6.26143	6.48676
6789	6.26143	6.43935
6790	6.26143	6.28522
6791	6.26143	6.33919
6792	6.26143	6.39731
6793	6.26143	6.30555
6794	6.26143	6.31513
6795	6.26143	6.28052
6796	6.26143	6.46261
6797	6.26143	6.26143
6798	6.26143	6.35234
6799	6.26143	6.32385
6800	6.26143	6.47716
6801	6.26143	6.82455
6802	6.26143	6.40838
6803	6.26143	6.36165
6804	6.26143	6.43741
6805	6.26143	6.6007
6806	6.26143	6.44681
6807	6.26143	6.48803
6808	6.26143	6.26143
6809	6.26143	6.42668
6810	6.26143	6.29599
6811	6.26143	6.42831
6812	6.26143	6.28113
6813	6.26143	6.40185
6814	6.26143	6.98689
6815	6.26143	7.46329
6816	6.26143	6.91024
6817	6.26143	6.57659
6818	6.26143	6.31301
6819	6.26143	6.28265
6820	6.26143	6.61828
6821	6.26143	6.69121
6822	6.26143	6.61412
6823	6.26143	6.48094
6824	6.26143	6.26143
6825	6.26143	6.26143
6826	6.26143	6.33488
6827	6.26143	6.28824
6828	6.26143	6.78329
6829	6.26143	6.78378
6830	6.26143	6.65303
6831	6.26143	6.88909
6832	6.26143	6.52011
6833	6.26143	6.4111
6834	6.26143	6.52201
6835	6.26143	6.5103
6836	6.26143	6.51029
6837	6.26143	6.26143
6838	6.26143	6.27254
6839	6.26143	6.26143
6840	6.26143	6.26143
6841	6.26143	6.26143
6842	6.26143	6.26143
6843	6.26143	6.26143
6844	6.26143	6.26143
6845	6.26143	6.26143
6846	6.26143	6.26143
6847	6.26143	6.26143
6848	6.26143	6.32751
6849	6.26143	6.31201
6850	6.26143	6.33901
6851	6.26143	6.31036
6852	6.26143	6.30641
6853	6.26143	6.33274
6854	6.26143	6.54205
6855	6.26143	6.49083
6856	6.26143	6.54587
6857	6.26143	6.41061
6858	6.26143	6.40671
6859	6.26143	6.43886
6860	6.26143	6.29502
6861	6.26143	6.28765
6862	6.26143	6.31526
6863	6.26143	6.65495
6864	6.26143	7.16008
6865	6.26143	7.48716
6866	6.26143	6.80555
6867	6.26143	6.69873
6868	6.26143	6.83293
6869	6.26143	6.49838
6870	6.26143	6.47761
6871	6.26143	6.26143
6872	6.26143	6.28308
6873	6.26143	6.46469
6874	6.26143	6.52414
6875	6.26143	6.41327
6876	6.26143	6.26143
6877	6.26143	6.26143
6878	6.26143	6.26545
6879	6.26143	6.2796
6880	6.26143	6.26143
6881	6.26143	6.26143
6882	6.26143	6.26143
6883	6.26143	6.26143
6884	6.26143	6.26143
6885	6.26143	6.27259
6886	6.26143	6.29635
6887	6.26143	6.27003
6888	6.26143	6.26143
6889	6.26143	6.26143
6890	6.26143	6.26143
6891	6.26143	6.26143
6892	6.26143	6.29244
6893	6.26143	6.775
6894	6.26143	7.02919
6895	6.26143	6.56661
6896	6.26143	6.57955
6897	6.26143	6.81824
6898	6.26143	6.57665
6899	6.26143	6.27077
6900	6.26143	6.26143
6901	6.26143	6.26414
6902	6.26143	6.26143
6903	6.26143	6.26143
6904	6.26143	6.26143
6905	6.26143	6.38748
6906	6.26143	6.28307
6907	6.26143	6.59334
6908	6.26143	6.34426
6909	6.26143	6.40843
6910	6.26143	6.49137
6911	6.26143	6.52528
6912	6.26143	6.26143
6913	6.26143	6.27722
6914	6.26143	6.26143
6915	6.26143	6.26403
6916	6.26143	6.26143
6917	6.26143	6.26143
6918	6.26143	6.26143
6919	6.26143	6.26143
6920	6.26143	6.27037
6921	6.26143	6.26258
6922	6.26143	6.26143
6923	6.26143	6.26143
6924	6.26143	6.34917
6925	6.26143	6.44084
6926	6.26143	6.27451
6927	6.26143	6.26143
6928	6.26143	6.26749
6929	6.26143	6.26143
6930	6.26143	6.27836
6931	6.26143	6.53816
6932	6.26143	6.61362
6933	6.26143	6.31759
6934	6.26143	6.33124
6935	6.26143	6.30226
6936	6.26143	6.30637
6937	6.26143	6.27151
6938	6.26143	6.35944
6939	6.26143	6.26143
6940	6.26143	6.26886
6941	6.26143	6.37958
6942	6.26143	6.27542
6943	6.26143	6.35593
6944	6.26143	6.27109
6945	6.26143	6.26626
6946	6.26143	6.38776
6947	6.26143	6.30895
6948	6.26143	6.30077
6949	6.26143	6.41723
6950	6.26143	6.29311
6951	6.26143	6.26143
6952	6.26143	6.26143
6953	6.26143	6.26143
6954	6.26143	6.26143
6955	6.26143	6.30758
6956	6.26143	6.26143
6957	6.26143	6.26143
6958	6.26143	6.26608
6959	6.26143	6.26143
6960	6.26143	6.26143
6961	6.26143	6.26143
6962	6.26143	6.26143
6963	6.26143	6.38656
6964	6.26143	6.26143
6965	6.26143	6.49714
6966	6.26143	6.2984
6967	6.26143	6.26143
6968	6.26143	6.26143
6969	6.26143	6.26143
6970	6.26143	6.26143
6971	6.26143	6.26143
6972	6.26143	6.26143
6973	6.26143	6.27349
6974	6.26143	6.26143
6975	6.26143	6.33346
6976	6.26143	6.34934
6977	6.26143	6.54337
6978	6.26143	6.59553
6979	6.26143	6.54726
6980	6.26143	6.37811
6981	6.26143	6.26284
6982	6.26143	6.30876
6983	6.26143	6.31395
6984	6.26143	6.27194
6985	6.26143	6.56735
6986	6.26143	6.30979
6987	6.26143	6.26143
6988	6.26143	6.26143
6989	6.26143	6.26143
6990	6.26143	6.26143
6991	6.26143	6.26143
6992	6.26143	6.38992
6993	6.26143	6.35487
6994	6.26143	6.38019
6995	6.26143	6.26143
6996	6.26143	6.30847
6997	6.26143	6.70381
6998	6.26143	6.43997
6999	6.26143	6.87823
7000	6.26143	6.27818
7001	6.26143	6.26143
7002	6.26143	6.30186
7003	6.26143	6.53158
7004	6.26143	6.72404
7005	6.26143	6.83932
7006	6.26143	6.92127
7007	6.26143	6.94404
7008	6.26143	6.36158
7009	6.26143	6.56033
7010	6.26143	6.73181
7011	6.26143	6.33023
7012	6.26143	6.30493
7013	6.26143	6.30631
7014	6.26143	6.29213
7015	6.26143	6.30353
7016	6.26143	6.29438
7017	6.26143	6.27399
7018	6.26143	6.47371
7019	6.26143	6.55953
7020	6.26143	6.42765
7021	6.26143	6.39535
7022	6.26143	6.44417
7023	6.26143	6.31292
7024	6.26143	6.38377
7025	6.26143	6.31677
7026	6.26143	6.26143
7027	6.26143	6.37588
7028	6.26143	6.28882
7029	6.26143	6.27727
7030	6.26143	6.26143
7031	6.26143	6.26143
7032	6.26143	6.49641
7033	6.26143	6.5783
7034	6.26143	6.26403
7035	6.26143	6.3717
7036	6.26143	6.53389
7037	6.26143	6.39503
7038	6.26143	6.56699
7039	6.26143	6.29366
7040	6.26143	6.54517
7041	6.26143	6.31725
7042	6.26143	6.34687
7043	6.26143	6.31298
7044	6.26143	6.26143
7045	6.26143	6.26143
7046	6.26143	6.26143
7047	6.26143	6.26143
7048	6.26143	6.26143
7049	6.26143	6.47059
7050	6.26143	6.27023
7051	6.26143	6.26143
7052	6.26143	6.30357
7053	6.26143	6.38036
7054	6.26143	6.56088
7055	6.26143	6.29063
7056	6.26143	6.26143
7057	6.26143	6.26143
7058	6.26143	6.26143
7059	6.26143	6.26143
7060	6.26143	6.26143
7061	6.26143	6.27783
7062	6.26143	6.49878
7063	6.26143	6.55407
7064	6.26143	6.48337
7065	6.26143	6.73811
7066	6.26143	6.64619
7067	6.26143	6.58973
7068	6.26143	6.51445
7069	6.26143	6.35782
7070	6.26143	6.50811
7071	6.26143	6.52096
7072	6.26143	6.46293
7073	6.26143	6.26143
7074	6.26143	6.30017
7075	6.26143	6.37471
7076	6.26143	6.37756
7077	6.26143	6.56431
7078	6.26143	6.26143
7079	6.26143	6.26143
7080	6.26143	6.26143
7081	6.26143	6.26143
7082	6.26143	6.26143
7083	6.26143	6.26143
7084	6.26143	6.27373
7085	6.26143	6.26143
7086	6.26143	6.26143
7087	6.26143	6.26143
7088	6.26143	6.26143
7089	6.26143	6.26143
7090	6.26143	6.37968
7091	6.26143	6.37397
7092	6.26143	6.26403
7093	6.26143	6.2884
7094	6.26143	6.42878
7095	6.26143	6.28072
7096	6.26143	6.26143
7097	6.26143	6.28958
7098	6.26143	6.26143
7099	6.26143	6.27953
7100	6.26143	6.41975
7101	6.26143	6.39334
7102	6.26143	6.34374
7103	6.26143	6.49782
7104	6.26143	6.67591
7105	6.26143	6.4918
7106	6.26143	6.39293
7107	6.26143	6.89621
7108	6.26143	6.49593
7109	6.26143	6.61896
7110	6.26143	6.74606
7111	6.26143	6.74759
7112	6.26143	6.52114
7113	6.26143	6.4107
7114	6.26143	6.36944
7115	6.26143	6.39945
7116	6.26143	6.31313
7117	6.26143	6.26143
7118	6.26143	6.26662
7119	6.26143	6.2802
7120	6.26143	6.29201
7121	6.26143	6.26414
7122	6.26143	6.43793
7123	6.26143	6.49394
7124	6.26143	6.48375
7125	6.26143	6.59865
7126	6.26143	6.36493
7127	6.26143	6.4163
7128	6.26143	6.40867
7129	6.26143	6.58917
7130	6.26143	6.66704
7131	6.26143	6.53384
7132	6.26143	6.69431
7133	6.26143	6.4966
7134	6.26143	7.07411
7135	6.26143	6.84583
7136	6.26143	6.95984
7137	6.26143	6.30634
7138	6.26143	6.26143
7139	6.26143	6.29825
7140	6.26143	6.44774
7141	6.26143	6.53552
7142	6.26143	6.56685
7143	6.26143	6.50772
7144	6.26143	6.66871
7145	6.26143	6.56684
7146	6.26143	6.85829
7147	6.26143	6.49893
7148	6.26143	6.98531
7149	6.26143	6.75986
7150	6.26143	6.8233
7151	6.26143	6.46877
7152	6.26143	6.38673
7153	6.26143	6.26799
7154	6.26143	6.26143
7155	6.26143	6.37445
7156	6.26143	6.3104
7157	6.26143	6.28462
7158	6.26143	6.26143
7159	6.26143	6.34498
7160	6.26143	6.32369
7161	6.26143	6.38819
7162	6.26143	6.33233
7163	6.26143	6.26143
7164	6.26143	6.31515
7165	6.26143	6.27109
7166	6.26143	6.26143
7167	6.26143	6.33728
7168	6.26143	6.26143
7169	6.26143	6.35245
7170	6.26143	6.26143
7171	6.26143	6.26143
7172	6.26143	6.29404
7173	6.26143	6.26143
7174	6.26143	6.27246
7175	6.26143	6.31425
7176	6.26143	6.3971
7177	6.26143	6.29285
7178	6.26143	6.90078
7179	6.26143	6.63702
7180	6.26143	6.50839
7181	6.26143	6.27067
7182	6.26143	6.40408
7183	6.26143	6.33773
7184	6.26143	6.27737
7185	6.26143	6.28174
7186	6.26143	6.26143
7187	6.26143	6.32276
7188	6.26143	6.37601
7189	6.26143	6.5645
7190	6.26143	6.41365
7191	6.26143	6.40578
7192	6.26143	6.52272
7193	6.26143	6.26143
7194	6.26143	6.5232
7195	6.26143	6.69591
7196	6.26143	6.38775
7197	6.26143	6.62958
7198	6.26143	6.36815
7199	6.26143	6.42015
7200	6.26143	6.7628
7201	6.26143	6.45379
7202	6.26143	6.56585
7203	6.26143	6.43444
7204	6.26143	6.79034
7205	6.26143	7.22173
7206	6.26143	7.41141
7207	6.26143	6.72527
7208	6.26143	6.33167
7209	6.26143	6.35656
7210	6.26143	6.51615
7211	6.26143	6.3308
7212	6.26143	6.26143
7213	6.26143	6.28853
7214	6.26143	6.65239
7215	6.26143	6.54854
7216	6.26143	6.68719
7217	6.26143	6.84058
7218	6.26143	6.79696
7219	6.26143	6.77447
7220	6.26143	6.61832
7221	6.26143	6.38267
7222	6.26143	6.40797
7223	6.26143	6.60471
7224	6.26143	7.01855
7225	6.26143	6.53717
7226	6.26143	6.57318
7227	6.26143	6.2959
7228	6.26143	6.26143
7229	6.26143	6.26784
7230	6.26143	6.38102
7231	6.26143	6.7151
7232	6.26143	6.41215
7233	6.26143	6.46286
7234	6.26143	6.45124
7235	6.26143	6.42288
7236	6.26143	7.00126
7237	6.26143	6.73931
7238	6.26143	6.61547
7239	6.26143	6.27012
7240	6.26143	6.40291
7241	6.26143	6.34434
7242	6.26143	6.26143
7243	6.26143	6.26435
7244	6.26143	6.26143
7245	6.26143	6.27439
7246	6.26143	6.48955
7247	6.26143	6.28937
7248	6.26143	6.32687
7249	6.26143	6.45723
7250	6.26143	6.66339
7251	6.26143	6.29672
7252	6.26143	6.48739
7253	6.26143	6.62051
7254	6.26143	6.29664
7255	6.26143	6.32038
7256	6.26143	6.5209
7257	6.26143	6.44663
7258	6.26143	6.33144
7259	6.26143	6.41574
7260	6.26143	6.7025
7261	6.26143	6.71041
7262	6.26143	6.64551
7263	6.26143	6.79168
7264	6.26143	6.75243
7265	6.26143	6.46544
7266	6.26143	6.2788
7267	6.26143	6.27544
7268	6.26143	6.51381
7269	6.26143	6.43735
7270	6.26143	6.42247
7271	6.26143	6.41551
7272	6.26143	6.26143
7273	6.26143	6.26143
7274	6.26143	6.441
7275	6.26143	6.75909
7276	6.26143	7.16939
7277	6.26143	7.17425
7278	6.26143	7.41967
7279	6.26143	7.00651
7280	6.26143	6.40069
7281	6.26143	6.43457
7282	6.26143	6.36536
7283	6.26143	6.27424
7284	6.26143	6.26143
7285	6.26143	6.26143
7286	6.26143	6.26143
7287	6.26143	6.26143
7288	6.26143	6.26143
7289	6.26143	6.26143
7290	6.26143	6.27824
7291	6.26143	6.26143
7292	6.26143	6.28864
7293	6.26143	6.40207
7294	6.26143	6.71502
7295	6.26143	6.30566
7296	6.26143	6.98738
7297	6.26143	6.37001
7298	6.26143	6.26143
7299	6.26143	6.26143
7300	6.26143	6.26143
7301	6.26143	6.26662
7302	6.26143	6.31273
7303	6.26143	6.65366
7304	6.26143	6.33254
7305	6.26143	6.37612
7306	6.26143	6.26143
7307	6.26143	6.4002
7308	6.26143	6.74424
7309	6.26143	6.70802
7310	6.26143	6.29097
7311	6.26143	6.26805
7312	6.26143	6.26143
7313	6.26143	6.3528
7314	6.26143	6.27545
7315	6.26143	6.26143
7316	6.26143	6.26143
7317	6.26143	6.2715
7318	6.26143	6.34436
7319	6.26143	6.4509
7320	6.26143	6.34572
7321	6.26143	6.26143
7322	6.26143	6.2988
7323	6.26143	6.27072
7324	6.26143	6.26143
7325	6.26143	6.26143
7326	6.26143	6.54452
7327	6.26143	6.37257
7328	6.26143	6.26143
7329	6.26143	6.26143
7330	6.26143	6.26143
7331	6.26143	6.36674
7332	6.26143	6.38504
7333	6.26143	6.26143
7334	6.26143	6.26143
7335	6.26143	6.26143
7336	6.26143	6.26143
7337	6.26143	6.26143
7338	6.26143	6.2675
7339	6.26143	6.26143
7340	6.26143	6.26143
7341	6.26143	6.39617
7342	6.26143	6.33859
7343	6.26143	6.31376
7344	6.26143	6.36695
7345	6.26143	6.27833
7346	6.26143	6.33209
7347	6.26143	6.40604
7348	6.26143	6.55109
7349	6.26143	6.39355
7350	6.26143	6.3236
7351	6.26143	6.26143
7352	6.26143	6.26143
7353	6.26143	6.26143
7354	6.26143	6.26143
7355	6.26143	6.26143
7356	6.26143	6.26501
7357	6.26143	6.26143
7358	6.26143	6.54693
7359	6.26143	6.56668
7360	6.26143	6.37712
7361	6.26143	6.49664
7362	6.26143	6.50508
7363	6.26143	6.34189
7364	6.26143	6.26341
7365	6.26143	6.27445
7366	6.26143	6.3277
7367	6.26143	6.3162
7368	6.26143	6.62718
7369	6.26143	6.62829
7370	6.26143	6.63199
7371	6.26143	6.29109
7372	6.26143	6.26143
7373	6.26143	6.69548
7374	6.26143	6.84594
7375	6.26143	6.76098
7376	6.26143	7.07217
7377	6.26143	6.77239
7378	6.26143	7.05669
7379	6.26143	6.81782
7380	6.26143	6.94601
7381	6.26143	6.65584
7382	6.26143	6.44755
7383	6.26143	6.48366
7384	6.26143	6.33875
7385	6.26143	6.3505
7386	6.26143	6.31138
7387	6.26143	6.26199
7388	6.26143	6.3204
7389	6.26143	6.26832
7390	6.26143	6.41282
7391	6.26143	6.46548
7392	6.26143	6.30281
7393	6.26143	6.26143
7394	6.26143	6.27024
7395	6.26143	6.27366
7396	6.26143	6.30307
7397	6.26143	6.38798
7398	6.26143	6.46198
7399	6.26143	6.39839
7400	6.26143	6.41096
7401	6.26143	6.29754
7402	6.26143	6.26143
7403	6.26143	6.27469
7404	6.26143	6.29508
7405	6.26143	6.2741
7406	6.26143	6.34364
7407	6.26143	6.40477
7408	6.26143	6.4727
7409	6.26143	6.33278
7410	6.26143	6.37506
7411	6.26143	6.3528
7412	6.26143	6.62338
7413	6.26143	6.41359
7414	6.26143	6.4298
7415	6.26143	6.46939
7416	6.26143	6.29379
7417	6.26143	6.3151
7418	6.26143	6.26771
7419	6.26143	6.33169
7420	6.26143	6.94894
7421	6.26143	6.7112
7422	6.26143	6.42942
7423	6.26143	6.33484
7424	6.26143	6.73993
7425	6.26143	6.29492
7426	6.26143	6.29455
7427	6.26143	6.44594
7428	6.26143	6.53841
7429	6.26143	6.31436
7430	6.26143	6.743
7431	6.26143	6.54464
7432	6.26143	6.78417
7433	6.26143	6.3912
7434	6.26143	6.28793
7435	6.26143	6.26143
7436	6.26143	6.26143
7437	6.26143	6.27583
7438	6.26143	6.3447
7439	6.26143	6.37084
7440	6.26143	6.39673
7441	6.26143	6.27428
7442	6.26143	6.2984
7443	6.26143	6.26143
7444	6.26143	6.26143
7445	6.26143	6.40844
7446	6.26143	6.26985
7447	6.26143	6.26143
7448	6.26143	6.26143
7449	6.26143	6.27665
7450	6.26143	6.27217
7451	6.26143	6.28923
7452	6.26143	6.41303
7453	6.26143	6.68185
7454	6.26143	6.4252
7455	6.26143	6.8017
7456	6.26143	6.53558
7457	6.26143	6.58563
7458	6.26143	6.46581
7459	6.26143	6.81393
7460	6.26143	6.82489
7461	6.26143	6.85713
7462	6.26143	6.74375
7463	6.26143	6.41073
7464	6.26143	6.32699
7465	6.26143	6.26584
7466	6.26143	6.33116
7467	6.26143	6.26143
7468	6.26143	6.52314
7469	6.26143	6.59638
7470	6.26143	6.32447
7471	6.26143	6.26143
7472	6.26143	6.26403
7473	6.26143	6.26759
7474	6.26143	6.26143
7475	6.26143	6.26143
7476	6.26143	6.4256
7477	6.26143	6.78357
7478	6.26143	6.7938
7479	6.26143	6.72626
7480	6.26143	6.4241
7481	6.26143	6.60807
7482	6.26143	6.64646
7483	6.26143	6.26555
7484	6.26143	6.26143
7485	6.26143	6.26703
7486	6.26143	6.26143
7487	6.26143	6.26143
7488	6.26143	6.26143
7489	6.26143	6.26491
7490	6.26143	6.26143
7491	6.26143	6.38704
7492	6.26143	6.57891
7493	6.26143	6.49289
7494	6.26143	6.6413
7495	6.26143	6.55946
7496	6.26143	6.41775
7497	6.26143	6.26143
7498	6.26143	6.30372
7499	6.26143	6.34947
7500	6.26143	6.61706
7501	6.26143	6.26143
7502	6.26143	6.60288
7503	6.26143	6.4732
7504	6.26143	6.36302
7505	6.26143	6.64341
7506	6.26143	6.39461
7507	6.26143	6.43183
7508	6.26143	6.67226
7509	6.26143	6.74087
7510	6.26143	7.24562
7511	6.26143	7.2733
7512	6.26143	7.03289
7513	6.26143	6.7508
7514	6.26143	6.54032
7515	6.26143	6.7549
7516	6.26143	6.4443
7517	6.26143	6.81954
7518	6.26143	6.64876
7519	6.26143	6.56152
7520	6.26143	6.3121
7521	6.26143	6.31373
7522	6.26143	6.28468
7523	6.26143	6.2924
7524	6.26143	6.30043
7525	6.26143	6.32114
7526	6.26143	6.26685
7527	6.26143	6.26143
7528	6.26143	6.26143
7529	6.26143	6.29523
7530	6.26143	6.80975
7531	6.26143	6.83017
7532	6.26143	6.27771
7533	6.26143	6.4293
7534	6.26143	6.54371
7535	6.26143	6.5101
7536	6.26143	6.30483
7537	6.26143	6.27202
7538	6.26143	6.52421
7539	6.26143	6.39023
7540	6.26143	6.42676
7541	6.26143	6.58918
7542	6.26143	6.48379
7543	6.26143	6.4369
7544	6.26143	6.4964
7545	6.26143	6.42166
7546	6.26143	6.28871
7547	6.26143	6.26143
7548	6.26143	6.26143
7549	6.26143	6.30717
7550	6.26143	6.65211
7551	6.26143	6.39606
7552	6.26143	6.73275
7553	6.26143	6.5067
7554	6.26143	6.48275
7555	6.26143	6.45069
7556	6.26143	6.26341
7557	6.26143	6.46813
7558	6.26143	6.26143
7559	6.26143	6.34365
7560	6.26143	6.3639
7561	6.26143	6.50766
7562	6.26143	6.66973
7563	6.26143	6.44618
7564	6.26143	6.71
7565	6.26143	6.39218
7566	6.26143	6.26143
7567	6.26143	6.32681
7568	6.26143	6.79767
7569	6.26143	6.38255
7570	6.26143	6.26143
7571	6.26143	6.28323
7572	6.26143	6.53701
7573	6.26143	6.32924
7574	6.26143	6.26143
7575	6.26143	6.28075
7576	6.26143	6.54312
7577	6.26143	7.01987
7578	6.26143	6.77711
7579	6.26143	6.76161
7580	6.26143	6.8402
7581	6.26143	6.49674
7582	6.26143	6.44437
7583	6.26143	6.4249
7584	6.26143	6.78046
7585	6.26143	6.35721
7586	6.26143	6.50255
7587	6.26143	6.54659
7588	6.26143	6.4881
7589	6.26143	6.50863
7590	6.26143	6.70488
7591	6.26143	6.43819
7592	6.26143	6.34683
7593	6.26143	6.27524
7594	6.26143	6.28707
7595	6.26143	6.39298
7596	6.26143	6.36567
7597	6.26143	6.75446
7598	6.26143	6.40034
7599	6.26143	6.3423
7600	6.26143	6.3498
7601	6.26143	6.52374
7602	6.26143	6.39607
7603	6.26143	6.65255
7604	6.26143	6.4585
7605	6.26143	6.74595
7606	6.26143	7.0056
7607	6.26143	6.424
7608	6.26143	6.28213
7609	6.26143	6.4633
7610	6.26143	6.45156
7611	6.26143	6.50347
7612	6.26143	6.65759
7613	6.26143	6.79458
7614	6.26143	6.57401
7615	6.26143	6.32044
7616	6.26143	6.34996
7617	6.26143	6.38482
7618	6.26143	6.53583
7619	6.26143	6.59191
7620	6.26143	6.44016
7621	6.26143	6.31942
7622	6.26143	6.42849
7623	6.26143	6.51497
7624	6.26143	6.90166
7625	6.26143	6.79812
7626	6.26143	6.49987
7627	6.26143	6.4252
7628	6.26143	6.29809
7629	6.26143	6.44407
7630	6.26143	6.64426
7631	6.26143	6.77308
7632	6.26143	6.36869
7633	6.26143	6.51322
7634	6.26143	6.44196
7635	6.26143	6.26143
7636	6.26143	6.262
7637	6.26143	6.26143
7638	6.26143	6.26143
7639	6.26143	6.27763
7640	6.26143	6.39715
7641	6.26143	6.26143
7642	6.26143	6.26143
7643	6.26143	6.26143
7644	6.26143	6.45649
7645	6.26143	6.64268
7646	6.26143	6.29741
7647	6.26143	6.38904
7648	6.26143	6.79343
7649	6.26143	6.41902
7650	6.26143	6.80465
7651	6.26143	6.49117
7652	6.26143	6.53941
7653	6.26143	6.36867
7654	6.26143	6.31216
7655	6.26143	6.34418
7656	6.26143	6.29927
7657	6.26143	6.35081
7658	6.26143	6.37589
7659	6.26143	6.26976
7660	6.26143	6.26143
7661	6.26143	6.27722
7662	6.26143	6.31123
7663	6.26143	6.60076
7664	6.26143	6.63831
7665	6.26143	6.3572
7666	6.26143	6.37994
7667	6.26143	6.26545
7668	6.26143	6.26143
7669	6.26143	6.26789
7670	6.26143	6.26414
7671	6.26143	6.26143
7672	6.26143	6.26143
7673	6.26143	6.26143
7674	6.26143	6.27013
7675	6.26143	6.3648
7676	6.26143	6.69605
7677	6.26143	6.88389
7678	6.26143	6.40312
7679	6.26143	6.64503
7680	6.26143	7.27194
7681	6.26143	6.95954
7682	6.26143	6.36888
7683	6.26143	6.26143
7684	6.26143	6.26143
7685	6.26143	6.32013
7686	6.26143	6.26199
7687	6.26143	6.29041
7688	6.26143	6.30334
7689	6.26143	6.26143
7690	6.26143	6.29496
7691	6.26143	6.26143
7692	6.26143	6.26284
7693	6.26143	6.35085
7694	6.26143	6.26143
7695	6.26143	6.26143
7696	6.26143	6.26143
7697	6.26143	6.26143
7698	6.26143	6.26143
7699	6.26143	6.26143
7700	6.26143	6.35183
7701	6.26143	6.63075
7702	6.26143	6.35044
7703	6.26143	6.28858
7704	6.26143	6.27784
7705	6.26143	6.26518
7706	6.26143	6.26143
7707	6.26143	6.38204
7708	6.26143	6.40667
7709	6.26143	6.35066
7710	6.26143	6.29281
7711	6.26143	6.32826
7712	6.26143	6.26143
7713	6.26143	6.26143
7714	6.26143	6.27497
7715	6.26143	6.26143
7716	6.26143	6.26143
7717	6.26143	6.26143
7718	6.26143	6.43031
7719	6.26143	6.27302
7720	6.26143	6.26143
7721	6.26143	6.30407
7722	6.26143	6.3436
7723	6.26143	6.84038
7724	6.26143	6.65103
7725	6.26143	6.92212
7726	6.26143	6.38688
7727	6.26143	6.35159
7728	6.26143	6.26489
7729	6.26143	6.35748
7730	6.26143	6.3482
7731	6.26143	6.26681
7732	6.26143	6.39961
7733	6.26143	6.66955
7734	6.26143	6.26544
7735	6.26143	6.32332
7736	6.26143	6.28244
7737	6.26143	6.35197
7738	6.26143	6.29177
7739	6.26143	6.26143
7740	6.26143	6.32278
7741	6.26143	6.43506
7742	6.26143	6.36358
7743	6.26143	6.26143
7744	6.26143	6.27939
7745	6.26143	6.26667
7746	6.26143	6.27669
7747	6.26143	6.32479
7748	6.26143	6.30152
7749	6.26143	6.32591
7750	6.26143	6.36754
7751	6.26143	6.26143
7752	6.26143	6.26143
7753	6.26143	6.29058
7754	6.26143	6.57611
7755	6.26143	6.5679
7756	6.26143	6.30823
7757	6.26143	6.26143
7758	6.26143	6.3966
7759	6.26143	6.27938
7760	6.26143	6.36279
7761	6.26143	6.32728
7762	6.26143	6.30087
7763	6.26143	6.5211
7764	6.26143	6.42062
7765	6.26143	6.29927
7766	6.26143	6.43167
7767	6.26143	6.48142
7768	6.26143	6.26143
7769	6.26143	6.26143
7770	6.26143	6.27315
7771	6.26143	6.26143
7772	6.26143	6.3154
7773	6.26143	6.28541
7774	6.26143	6.33692
7775	6.26143	6.46878
7776	6.26143	6.41255
7777	6.26143	6.35777
7778	6.26143	6.55363
7779	6.26143	6.4086
7780	6.26143	6.41046
7781	6.26143	6.60328
7782	6.26143	6.29004
7783	6.26143	6.30783
7784	6.26143	6.64271
7785	6.26143	6.75486
7786	6.26143	6.74367
7787	6.26143	6.61493
7788	6.26143	6.6541
7789	6.26143	6.26143
7790	6.26143	6.26403
7791	6.26143	6.29828
7792	6.26143	6.26143
7793	6.26143	6.33037
7794	6.26143	6.26143
7795	6.26143	6.29523
7796	6.26143	6.53807
7797	6.26143	6.26889
7798	6.26143	6.31132
7799	6.26143	6.26143
7800	6.26143	6.32579
7801	6.26143	6.33998
7802	6.26143	6.26985
7803	6.26143	6.26143
7804	6.26143	6.40308
7805	6.26143	6.288
7806	6.26143	6.54476
7807	6.26143	6.30914
7808	6.26143	6.49245
7809	6.26143	6.54283
7810	6.26143	6.35248
7811	6.26143	6.26143
7812	6.26143	6.26867
7813	6.26143	6.26143
7814	6.26143	6.26143
7815	6.26143	6.44332
7816	6.26143	6.26143
7817	6.26143	6.26143
7818	6.26143	6.26143
7819	6.26143	6.26143
7820	6.26143	6.26143
7821	6.26143	6.26691
7822	6.26143	6.26143
7823	6.26143	6.38143
7824	6.26143	6.26143
7825	6.26143	6.33414
7826	6.26143	6.26836
7827	6.26143	6.26143
7828	6.26143	6.26143
7829	6.26143	6.26143
7830	6.26143	6.26143
7831	6.26143	6.26143
7832	6.26143	6.27449
7833	6.26143	6.58109
7834	6.26143	6.7972
7835	6.26143	6.5192
7836	6.26143	6.49032
7837	6.26143	6.26403
7838	6.26143	6.26143
7839	6.26143	6.26143
7840	6.26143	6.26143
7841	6.26143	6.26143
7842	6.26143	6.26143
7843	6.26143	6.26143
7844	6.26143	6.26143
7845	6.26143	6.26143
7846	6.26143	6.26964
7847	6.26143	6.26143
7848	6.26143	6.26143
7849	6.26143	6.26315
7850	6.26143	6.29021
7851	6.26143	6.26284
7852	6.26143	6.39397
7853	6.26143	6.26143
7854	6.26143	6.26143
7855	6.26143	6.26143
7856	6.26143	6.34101
7857	6.26143	6.66339
7858	6.26143	6.28441
7859	6.26143	6.51181
7860	6.26143	7.14607
7861	6.26143	6.53226
7862	6.26143	6.34527
7863	6.26143	6.35536
7864	6.26143	6.26143
7865	6.26143	6.26435
7866	6.26143	6.3386
7867	6.26143	6.32023
7868	6.26143	6.26143
7869	6.26143	6.36124
7870	6.26143	7.10305
7871	6.26143	7.03692
7872	6.26143	6.70595
7873	6.26143	6.82575
7874	6.26143	6.47096
7875	6.26143	6.2802
7876	6.26143	6.26143
7877	6.26143	6.26143
7878	6.26143	6.26143
7879	6.26143	6.26143
7880	6.26143	6.26143
7881	6.26143	6.26143
7882	6.26143	6.26143
7883	6.26143	6.36615
7884	6.26143	6.44411
7885	6.26143	6.3238
7886	6.26143	6.35379
7887	6.26143	6.48025
7888	6.26143	6.26143
7889	6.26143	6.30293
7890	6.26143	6.50925
7891	6.26143	6.40217
7892	6.26143	6.33854
7893	6.26143	6.54653
7894	6.26143	6.68558
7895	6.26143	6.58251
7896	6.26143	6.27249
7897	6.26143	6.39525
7898	6.26143	6.40106
7899	6.26143	6.26143
7900	6.26143	6.40453
7901	6.26143	6.4255
7902	6.26143	6.29287
7903	6.26143	6.43641
7904	6.26143	6.42819
7905	6.26143	6.53272
7906	6.26143	6.56142
7907	6.26143	6.67104
7908	6.26143	7.40061
7909	6.26143	7.22009
7910	6.26143	6.77898
7911	6.26143	6.58246
7912	6.26143	6.29966
7913	6.26143	6.26143
7914	6.26143	6.26143
7915	6.26143	6.26143
7916	6.26143	6.26768
7917	6.26143	6.41447
7918	6.26143	6.99241
7919	6.26143	6.29879
7920	6.26143	6.69875
7921	6.26143	6.66235
7922	6.26143	6.428
7923	6.26143	6.35024
7924	6.26143	6.26479
7925	6.26143	6.45639
7926	6.26143	6.65371
7927	6.26143	6.57608
7928	6.26143	6.51134
7929	6.26143	6.27288
7930	6.26143	6.73903
7931	6.26143	6.67093
7932	6.26143	6.49293
7933	6.26143	6.7448
7934	6.26143	6.37678
7935	6.26143	6.65121
7936	6.26143	6.45053
7937	6.26143	6.28608
7938	6.26143	6.55658
7939	6.26143	6.47189
7940	6.26143	6.78314
7941	6.26143	6.85723
7942	6.26143	6.59613
7943	6.26143	6.27701
7944	6.26143	6.26143
7945	6.26143	6.35215
7946	6.26143	6.33177
7947	6.26143	6.39368
7948	6.26143	6.57081
7949	6.26143	6.37649
7950	6.26143	6.45776
7951	6.26143	6.44655
7952	6.26143	6.51632
7953	6.26143	6.75822
7954	6.26143	6.26549
7955	6.26143	6.28532
7956	6.26143	6.26143
7957	6.26143	6.27674
7958	6.26143	6.31476
7959	6.26143	6.47903
7960	6.26143	6.26143
7961	6.26143	6.26143
7962	6.26143	6.26143
7963	6.26143	6.26143
7964	6.26143	6.26143
7965	6.26143	6.26143
7966	6.26143	6.26784
7967	6.26143	6.29552
7968	6.26143	6.26143
7969	6.26143	6.43991
7970	6.26143	6.29147
7971	6.26143	6.26143
7972	6.26143	6.46813
7973	6.26143	6.32016
7974	6.26143	6.26143
7975	6.26143	6.56074
7976	6.26143	6.2711
7977	6.26143	6.26143
7978	6.26143	6.26143
7979	6.26143	6.26143
7980	6.26143	6.26143
7981	6.26143	6.26143
7982	6.26143	6.37201
7983	6.26143	6.31127
7984	6.26143	6.276
7985	6.26143	6.26143
7986	6.26143	6.26143
7987	6.26143	6.26143
7988	6.26143	6.26143
7989	6.26143	6.26143
7990	6.26143	6.26143
7991	6.26143	6.26143
7992	6.26143	6.30542
7993	6.26143	6.36978
7994	6.26143	6.32033
7995	6.26143	6.31977
7996	6.26143	6.41754
7997	6.26143	6.26143
7998	6.26143	6.26143
7999	6.26143	6.26805
8000	6.26143	6.27904
8001	6.26143	6.35247
8002	6.26143	6.67698
8003	6.26143	6.5964
8004	6.26143	6.29457
8005	6.26143	6.26414
8006	6.26143	6.31681
8007	6.26143	6.26399
8008	6.26143	6.26575
8009	6.26143	6.39649
8010	6.26143	6.40958
8011	6.26143	6.67739
8012	6.26143	6.26143
8013	6.26143	6.26143
8014	6.26143	6.37149
8015	6.26143	6.26143
8016	6.26143	6.47385
8017	6.26143	6.26414
8018	6.26143	6.30278
8019	6.26143	6.67752
8020	6.26143	6.82247
8021	6.26143	6.81319
8022	6.26143	6.94317
8023	6.26143	6.71134
8024	6.26143	6.83225
8025	6.26143	6.5225
8026	6.26143	6.28077
8027	6.26143	6.26604
8028	6.26143	6.67928
8029	6.26143	6.46534
8030	6.26143	6.41271
8031	6.26143	6.75529
8032	6.26143	6.49888
8033	6.26143	6.57269
8034	6.26143	6.68946
8035	6.26143	6.89736
8036	6.26143	6.89961
8037	6.26143	6.65742
8038	6.26143	6.26143
8039	6.26143	6.50659
8040	6.26143	6.4414
8041	6.26143	6.54193
8042	6.26143	6.63874
8043	6.26143	6.48048
8044	6.26143	6.41899
8045	6.26143	6.26143
8046	6.26143	6.26143
8047	6.26143	6.26143
8048	6.26143	6.43448
8049	6.26143	6.35995
8050	6.26143	6.27067
8051	6.26143	6.26425
8052	6.26143	6.26425
8053	6.26143	6.28569
8054	6.26143	6.26143
8055	6.26143	6.26143
8056	6.26143	6.29571
8057	6.26143	6.29715
8058	6.26143	6.34949
8059	6.26143	6.37596
8060	6.26143	6.71267
8061	6.26143	6.73775
8062	6.26143	7.10157
8063	6.26143	7.38887
8064	6.26143	7.28847
8065	6.26143	6.61449
8066	6.26143	6.45852
8067	6.26143	6.49927
8068	6.26143	6.43204
8069	6.26143	6.79016
8070	6.26143	6.44717
8071	6.26143	6.34157
8072	6.26143	6.45512
8073	6.26143	6.4622
8074	6.26143	6.59895
8075	6.26143	6.46234
8076	6.26143	6.31825
8077	6.26143	6.3535
8078	6.26143	6.71614
8079	6.26143	7.12951
8080	6.26143	8.0429
8081	6.26143	8.11177
8082	6.26143	7.60967
8083	6.26143	6.63368
8084	6.26143	6.29558
8085	6.26143	6.57789
8086	6.26143	6.33691
8087	6.26143	6.30049
8088	6.26143	6.31565
8089	6.26143	6.29643
8090	6.26143	6.32104
8091	6.26143	6.83001
8092	6.26143	6.48871
8093	6.26143	6.30286
8094	6.26143	6.26143
8095	6.26143	6.26143
8096	6.26143	6.2783
8097	6.26143	6.26143
8098	6.26143	6.26143
8099	6.26143	6.26143
8100	6.26143	6.3533
8101	6.26143	6.36376
8102	6.26143	6.29535
8103	6.26143	6.26143
8104	6.26143	6.34996
8105	6.26143	6.26143
8106	6.26143	6.26143
8107	6.26143	6.26143
8108	6.26143	6.26435
8109	6.26143	6.26143
8110	6.26143	6.26143
8111	6.26143	6.36939
8112	6.26143	6.57977
8113	6.26143	6.63115
8114	6.26143	6.45952
8115	6.26143	6.62562
8116	6.26143	6.45078
8117	6.26143	6.29249
8118	6.26143	6.64662
8119	6.26143	6.33414
8120	6.26143	6.2866
8121	6.26143	6.30522
8122	6.26143	6.26608
8123	6.26143	6.45349
8124	6.26143	6.38625
8125	6.26143	6.47717
8126	6.26143	6.34107
8127	6.26143	6.56265
8128	6.26143	6.36348
8129	6.26143	6.4856
8130	6.26143	6.27154
8131	6.26143	6.26143
8132	6.26143	6.26143
8133	6.26143	6.26143
8134	6.26143	6.26143
8135	6.26143	6.26143
8136	6.26143	6.28915
8137	6.26143	6.27962
8138	6.26143	6.30881
8139	6.26143	6.26143
8140	6.26143	6.26143
8141	6.26143	6.45209
8142	6.26143	6.29656
8143	6.26143	6.38284
8144	6.26143	6.29887
8145	6.26143	6.32358
8146	6.26143	6.31793
8147	6.26143	6.38672
8148	6.26143	6.26143
8149	6.26143	6.28633
8150	6.26143	6.26143
8151	6.26143	6.29739
8152	6.26143	6.42032
8153	6.26143	6.47407
8154	6.26143	6.56077
8155	6.26143	6.31242
8156	6.26143	6.2855
8157	6.26143	6.27358
8158	6.26143	6.26544
8159	6.26143	6.27107
8160	6.26143	6.26836
8161	6.26143	6.27182
8162	6.26143	6.27238
8163	6.26143	6.26143
8164	6.26143	6.26143
8165	6.26143	6.38254
8166	6.26143	6.64998
8167	6.26143	6.46732
8168	6.26143	6.70601
8169	6.26143	7.05586
8170	6.26143	6.65323
8171	6.26143	6.49291
8172	6.26143	6.58411
8173	6.26143	6.82901
8174	6.26143	6.62199
8175	6.26143	6.29318
8176	6.26143	6.26143
8177	6.26143	6.27545
8178	6.26143	6.26143
8179	6.26143	6.27764
8180	6.26143	6.39113
8181	6.26143	6.26143
8182	6.26143	6.26143
8183	6.26143	6.26143
8184	6.26143	6.26143
8185	6.26143	6.26143
8186	6.26143	6.26143
8187	6.26143	6.4065
8188	6.26143	6.26143
8189	6.26143	6.26667
8190	6.26143	6.53332
8191	6.26143	6.43262
8192	6.26143	6.44259
8193	6.26143	6.38984
8194	6.26143	6.26143
8195	6.26143	6.27024
8196	6.26143	6.26143
8197	6.26143	6.26143
8198	6.26143	6.37529
8199	6.26143	6.36944
8200	6.26143	6.52213
8201	6.26143	6.66947
8202	6.26143	6.76436
8203	6.26143	7.17155
8204	6.26143	7.21021
8205	6.26143	7.27125
8206	6.26143	7.42179
8207	6.26143	7.12614
8208	6.26143	6.47041
8209	6.26143	6.32204
8210	6.26143	6.26143
8211	6.26143	6.26143
8212	6.26143	6.26143
8213	6.26143	6.30205
8214	6.26143	6.36781
8215	6.26143	6.57749
8216	6.26143	6.29095
8217	6.26143	6.27904
8218	6.26143	6.3454
8219	6.26143	6.43376
8220	6.26143	6.31793
8221	6.26143	6.27241
8222	6.26143	6.26143
8223	6.26143	6.26143
8224	6.26143	6.26692
8225	6.26143	6.26143
8226	6.26143	6.26143
8227	6.26143	6.38083
8228	6.26143	6.26143
8229	6.26143	6.26143
8230	6.26143	6.262
8231	6.26143	6.26258
8232	6.26143	6.26143
8233	6.26143	6.26143
8234	6.26143	6.29586
8235	6.26143	6.26143
8236	6.26143	6.26143
8237	6.26143	6.26143
8238	6.26143	6.27634
8239	6.26143	6.40289
8240	6.26143	6.35668
8241	6.26143	6.30764
8242	6.26143	6.26143
8243	6.26143	6.26143
8244	6.26143	6.26143
8245	6.26143	6.26143
8246	6.26143	6.26143
8247	6.26143	6.41683
8248	6.26143	6.52116
8249	6.26143	6.47985
8250	6.26143	6.36502
8251	6.26143	6.78021
8252	6.26143	6.68709
8253	6.26143	6.35232
8254	6.26143	6.52002
8255	6.26143	6.35519
8256	6.26143	6.61586
8257	6.26143	6.52739
8258	6.26143	6.66579
8259	6.26143	6.49033
8260	6.26143	6.38631
8261	6.26143	6.60375
8262	6.26143	6.43539
8263	6.26143	6.30095
8264	6.26143	6.26143
8265	6.26143	6.26143
8266	6.26143	6.26143
8267	6.26143	6.26143
8268	6.26143	6.34222
8269	6.26143	6.50819
8270	6.26143	6.48033
8271	6.26143	6.51775
8272	6.26143	6.47058
8273	6.26143	6.26712
8274	6.26143	6.55458
8275	6.26143	6.52113
8276	6.26143	6.5389
8277	6.26143	6.55626
8278	6.26143	6.6977
8279	6.26143	6.48464
8280	6.26143	6.49893
8281	6.26143	6.26981
8282	6.26143	6.32849
8283	6.26143	6.46353
8284	6.26143	6.61024
8285	6.26143	6.48764
8286	6.26143	6.46678
8287	6.26143	6.41263
8288	6.26143	6.56341
8289	6.26143	6.64894
8290	6.26143	6.42175
8291	6.26143	6.26765
8292	6.26143	6.37724
8293	6.26143	6.29437
8294	6.26143	6.28462
8295	6.26143	6.26479
8296	6.26143	6.2906
8297	6.26143	6.35265
8298	6.26143	6.73611
8299	6.26143	6.85772
8300	6.26143	6.64569
8301	6.26143	6.36124
8302	6.26143	6.26143
8303	6.26143	6.26143
8304	6.26143	6.26143
8305	6.26143	6.26143
8306	6.26143	6.27263
8307	6.26143	6.26143
8308	6.26143	6.26143
8309	6.26143	6.26143
8310	6.26143	6.27024
8311	6.26143	6.26143
8312	6.26143	6.26143
8313	6.26143	6.26143
8314	6.26143	6.26143
8315	6.26143	6.26143
8316	6.26143	6.26143
8317	6.26143	6.32838
8318	6.26143	6.4988
8319	6.26143	6.48851
8320	6.26143	6.42152
8321	6.26143	6.87026
8322	6.26143	6.48507
8323	6.26143	6.3654
8324	6.26143	6.39709
8325	6.26143	6.60899
8326	6.26143	7.05654
8327	6.26143	7.15745
8328	6.26143	6.941
8329	6.26143	6.53859
8330	6.26143	6.35441
8331	6.26143	6.26143
8332	6.26143	6.41782
8333	6.26143	6.26143
8334	6.26143	6.26143
8335	6.26143	6.40823
8336	6.26143	6.26403
8337	6.26143	6.35772
8338	6.26143	6.47601
8339	6.26143	6.5474
8340	6.26143	6.91179
8341	6.26143	6.55517
8342	6.26143	6.57123
8343	6.26143	6.34283
8344	6.26143	6.74388
8345	6.26143	6.42429
8346	6.26143	6.32613
8347	6.26143	6.43558
8348	6.26143	6.4054
8349	6.26143	6.41768
8350	6.26143	6.35173
8351	6.26143	6.39067
8352	6.26143	6.64272
8353	6.26143	6.53821
8354	6.26143	6.49776
8355	6.26143	6.52236
8356	6.26143	6.26963
8357	6.26143	6.71023
8358	6.26143	6.29407
8359	6.26143	6.27901
8360	6.26143	6.29141
8361	6.26143	6.27642
8362	6.26143	6.26601
8363	6.26143	6.51418
8364	6.26143	6.39469
8365	6.26143	6.30384
8366	6.26143	6.32898
8367	6.26143	6.49903
8368	6.26143	6.71657
8369	6.26143	6.28174
8370	6.26143	6.5518
8371	6.26143	6.43503
8372	6.26143	6.40086
8373	6.26143	6.28919
8374	6.26143	6.36135
8375	6.26143	6.27874
8376	6.26143	6.26608
8377	6.26143	6.34963
8378	6.26143	6.26143
8379	6.26143	6.74461
8380	6.26143	6.3439
8381	6.26143	6.32531
8382	6.26143	6.38321
8383	6.26143	6.45191
8384	6.26143	6.26143
8385	6.26143	6.26143
8386	6.26143	6.26143
8387	6.26143	6.26143
8388	6.26143	6.26143
8389	6.26143	6.26143
8390	6.26143	6.26143
8391	6.26143	6.26143
8392	6.26143	6.26143
8393	6.26143	6.26608
8394	6.26143	6.2672
8395	6.26143	6.26143
8396	6.26143	6.26143
8397	6.26143	6.29283
8398	6.26143	6.29001
8399	6.26143	6.26143
8400	6.26143	6.26143
8401	6.26143	6.26143
8402	6.26143	6.33135
8403	6.26143	6.32723
8404	6.26143	6.28257
8405	6.26143	6.60221
8406	6.26143	6.49074
8407	6.26143	6.62465
8408	6.26143	6.35966
8409	6.26143	6.38451
8410	6.26143	6.37166
8411	6.26143	6.26714
8412	6.26143	6.3293
8413	6.26143	6.40558
8414	6.26143	6.26839
8415	6.26143	6.29906
8416	6.26143	6.2837
8417	6.26143	6.26143
8418	6.26143	6.26837
8419	6.26143	6.27782
8420	6.26143	6.36237
8421	6.26143	6.28654
8422	6.26143	6.42028
8423	6.26143	6.27378
8424	6.26143	6.34685
8425	6.26143	6.3693
8426	6.26143	6.43533
8427	6.26143	6.29809
8428	6.26143	6.32893
8429	6.26143	6.36729
8430	6.26143	6.55884
8431	6.26143	6.44969
8432	6.26143	6.43253
8433	6.26143	6.26143
8434	6.26143	6.2719
8435	6.26143	6.31051
8436	6.26143	6.33255
8437	6.26143	6.45453
8438	6.26143	6.26143
8439	6.26143	6.3288
8440	6.26143	6.33609
8441	6.26143	6.43388
8442	6.26143	6.31269
8443	6.26143	6.42467
8444	6.26143	6.33316
8445	6.26143	6.30847
8446	6.26143	6.34576
8447	6.26143	6.28276
8448	6.26143	6.26284
8449	6.26143	6.32695
8450	6.26143	6.58743
8451	6.26143	6.50403
8452	6.26143	6.26662
8453	6.26143	6.36525
8454	6.26143	6.28614
8455	6.26143	6.26403
8456	6.26143	6.26143
8457	6.26143	6.27731
8458	6.26143	6.41061
8459	6.26143	6.74312
8460	6.26143	7.4702
8461	6.26143	7.30873
8462	6.26143	7.24544
8463	6.26143	6.89485
8464	6.26143	6.59428
8465	6.26143	6.34309
8466	6.26143	6.26143
8467	6.26143	6.26143
8468	6.26143	6.26143
8469	6.26143	6.26143
8470	6.26143	6.27805
8471	6.26143	6.26143
8472	6.26143	6.26143
8473	6.26143	6.30144
8474	6.26143	6.52647
8475	6.26143	6.46338
8476	6.26143	6.32595
8477	6.26143	6.48796
8478	6.26143	6.4328
8479	6.26143	6.27954
8480	6.26143	6.35716
8481	6.26143	6.33889
8482	6.26143	6.66824
8483	6.26143	6.83125
8484	6.26143	6.60227
8485	6.26143	6.75416
8486	6.26143	6.40074
8487	6.26143	6.4667
8488	6.26143	6.35785
8489	6.26143	6.26143
8490	6.26143	6.26143
8491	6.26143	6.26143
8492	6.26143	6.29314
8493	6.26143	6.80509
8494	6.26143	6.47671
8495	6.26143	6.262
8496	6.26143	6.262
8497	6.26143	6.27763
8498	6.26143	6.262
8499	6.26143	6.34117
8500	6.26143	6.262
8501	6.26143	6.29222
8502	6.26143	6.28207
8503	6.26143	6.28431
8504	6.26143	6.31347
8505	6.26143	6.26143
8506	6.26143	6.39331
8507	6.26143	6.26985
8508	6.26143	6.39851
8509	6.26143	6.27606
8510	6.26143	6.3939
8511	6.26143	6.26143
8512	6.26143	6.262
8513	6.26143	6.59768
8514	6.26143	6.87861
8515	6.26143	6.8567
8516	6.26143	6.40721
8517	6.26143	6.27463
8518	6.26143	6.27053
8519	6.26143	6.2735
8520	6.26143	6.4143
8521	6.26143	6.38735
8522	6.26143	6.45392
8523	6.26143	6.52083
8524	6.26143	6.29574
8525	6.26143	6.26143
8526	6.26143	6.30432
8527	6.26143	6.2722
8528	6.26143	6.3527
8529	6.26143	6.30639
8530	6.26143	6.26926
8531	6.26143	6.26143
8532	6.26143	6.26143
8533	6.26143	6.26143
8534	6.26143	6.27575
8535	6.26143	6.29275
8536	6.26143	6.30059
8537	6.26143	6.26143
8538	6.26143	6.26479
8539	6.26143	6.57108
8540	6.26143	6.47809
8541	6.26143	6.27729
8542	6.26143	6.31514
8543	6.26143	6.26284
8544	6.26143	6.26143
8545	6.26143	6.43474
8546	6.26143	6.2678
8547	6.26143	6.2792
8548	6.26143	6.26143
8549	6.26143	6.26284
8550	6.26143	6.26143
8551	6.26143	6.26143
8552	6.26143	6.30497
8553	6.26143	6.43251
8554	6.26143	6.53328
8555	6.26143	6.39879
8556	6.26143	6.26143
8557	6.26143	6.26143
8558	6.26143	6.27243
8559	6.26143	6.27245
8560	6.26143	6.40255
8561	6.26143	6.30458
8562	6.26143	6.50423
8563	6.26143	6.48376
8564	6.26143	6.4274
8565	6.26143	6.37378
8566	6.26143	6.3996
8567	6.26143	6.37563
8568	6.26143	6.26199
8569	6.26143	6.32519
8570	6.26143	6.26143
8571	6.26143	6.4574
8572	6.26143	6.31853
8573	6.26143	6.48838
8574	6.26143	6.43411
8575	6.26143	6.43286
8576	6.26143	6.68929
8577	6.26143	6.54088
8578	6.26143	6.57502
8579	6.26143	6.4913
8580	6.26143	6.41406
8581	6.26143	6.27593
8582	6.26143	6.28624
8583	6.26143	6.27561
8584	6.26143	6.41247
8585	6.26143	6.28502
8586	6.26143	6.26258
8587	6.26143	6.31047
8588	6.26143	6.2887
8589	6.26143	6.32489
8590	6.26143	6.35749
8591	6.26143	6.55341
8592	6.26143	6.77765
8593	6.26143	6.40599
8594	6.26143	6.26679
8595	6.26143	6.51297
8596	6.26143	6.28039
8597	6.26143	6.28682
8598	6.26143	6.41611
8599	6.26143	6.31164
8600	6.26143	6.46226
8601	6.26143	6.62351
8602	6.26143	6.36364
8603	6.26143	6.39205
8604	6.26143	6.26143
8605	6.26143	6.2646
8606	6.26143	6.26143
8607	6.26143	6.29011
8608	6.26143	6.36064
8609	6.26143	6.29719
8610	6.26143	6.30189
8611	6.26143	6.29603
8612	6.26143	6.39696
8613	6.26143	6.27934
8614	6.26143	6.37388
8615	6.26143	6.58917
8616	6.26143	6.34003
8617	6.26143	6.2888
8618	6.26143	6.60759
8619	6.26143	6.32925
8620	6.26143	6.42458
8621	6.26143	6.27135
8622	6.26143	6.29436
8623	6.26143	6.26143
8624	6.26143	6.39079
8625	6.26143	6.26143
8626	6.26143	6.26143
8627	6.26143	6.26143
8628	6.26143	6.56307
8629	6.26143	6.34128
8630	6.26143	6.95596
8631	6.26143	7.06931
8632	6.26143	7.09102
8633	6.26143	6.67894
8634	6.26143	6.74977
8635	6.26143	6.91846
8636	6.26143	6.76535
8637	6.26143	6.7537
8638	6.26143	6.76391
8639	6.26143	6.46516
8640	6.26143	6.411
8641	6.26143	6.5274
8642	6.26143	6.27302
8643	6.26143	6.3424
8644	6.26143	6.36555
8645	6.26143	6.26143
8646	6.26143	6.44026
8647	6.26143	6.58085
8648	6.26143	6.64243
8649	6.26143	7.1056
8650	6.26143	6.57139
8651	6.26143	6.8357
8652	6.26143	6.50468
8653	6.26143	6.69793
8654	6.26143	7.16087
8655	6.26143	6.86277
8656	6.26143	6.97613
8657	6.26143	6.72924
8658	6.26143	6.31618
8659	6.26143	6.3454
8660	6.26143	6.88076
8661	6.26143	6.61667
8662	6.26143	6.49515
8663	6.26143	6.29513
8664	6.26143	6.26143
8665	6.26143	6.26143
8666	6.26143	6.27966
8667	6.26143	6.26143
8668	6.26143	6.27162
8669	6.26143	6.2752
8670	6.26143	6.26143
8671	6.26143	6.31962
8672	6.26143	6.28232
8673	6.26143	6.44896
8674	6.26143	6.35983
8675	6.26143	6.38628
8676	6.26143	6.33953
8677	6.26143	6.76427
8678	6.26143	6.26143
8679	6.26143	6.27108
8680	6.26143	6.56651
8681	6.26143	6.33991
8682	6.26143	6.42676
8683	6.26143	6.26143
8684	6.26143	6.46586
8685	6.26143	6.38361
8686	6.26143	6.30834
8687	6.26143	6.63204
8688	6.26143	6.55039
8689	6.26143	6.39661
8690	6.26143	6.26143
8691	6.26143	6.26143
8692	6.26143	6.50824
8693	6.26143	6.61678
8694	6.26143	6.44472
8695	6.26143	6.48002
8696	6.26143	6.3838
8697	6.26143	6.33436
8698	6.26143	6.30112
8699	6.26143	6.27864
8700	6.26143	6.26143
8701	6.26143	6.26143
8702	6.26143	6.26143
8703	6.26143	6.26143
8704	6.26143	6.30221
8705	6.26143	6.58564
8706	6.26143	6.26143
8707	6.26143	6.26143
8708	6.26143	6.262
8709	6.26143	6.55259
8710	6.26143	6.62454
8711	6.26143	6.40136
8712	6.26143	6.26749
8713	6.26143	6.38023
8714	6.26143	6.3131
8715	6.26143	6.26489
8716	6.26143	6.26143
8717	6.26143	6.31256
8718	6.26143	6.26489
8719	6.26143	6.37391
8720	6.26143	6.58631
8721	6.26143	6.52105
8722	6.26143	6.67531
8723	6.26143	6.37096
8724	6.26143	6.28477
8725	6.26143	6.38894
8726	6.26143	6.29142
8727	6.26143	6.50332
8728	6.26143	6.40735
8729	6.26143	6.55143
8730	6.26143	6.52068
8731	6.26143	6.38292
8732	6.26143	6.3891
8733	6.26143	6.51574
8734	6.26143	6.28685
8735	6.26143	6.26143
8736	6.26143	6.26662
8737	6.26143	6.26143
8738	6.26143	6.26143
8739	6.26143	6.26143
8740	6.26143	6.26143
8741	6.26143	6.40005
8742	6.26143	6.38329
8743	6.26143	7.1585
8744	6.26143	6.50181
8745	6.26143	6.74717
8746	6.26143	6.26685
8747	6.26143	6.26143
8748	6.26143	6.26143
8749	6.26143	6.26143
8750	6.26143	6.26662
8751	6.26143	6.26143
8752	6.26143	6.29468
8753	6.26143	6.26143
8754	6.26143	6.26143
8755	6.26143	6.30458
8756	6.26143	6.32346
8757	6.26143	6.41049
8758	6.26143	6.45032
8759	6.26143	6.866
8760	6.26143	6.6009
8761	6.26143	6.32468
8762	6.26143	6.2736
8763	6.26143	6.28704
8764	6.26143	6.51285
8765	6.26143	6.60276
8766	6.26143	6.53537
8767	6.26143	6.42587
8768	6.26143	6.34264
8769	6.26143	6.49268
8770	6.26143	6.48416
8771	6.26143	6.56457
8772	6.26143	6.36285
8773	6.26143	6.39276
8774	6.26143	6.26143
8775	6.26143	6.26143
8776	6.26143	6.26143
8777	6.26143	6.26143
8778	6.26143	6.61983
8779	6.26143	6.44882
8780	6.26143	6.27997
8781	6.26143	6.4032
8782	6.26143	6.34618
8783	6.26143	6.27992
8784	6.26143	6.29725
8785	6.26143	6.26143
8786	6.26143	6.26805
8787	6.26143	6.42902
8788	6.26143	6.32608
8789	6.26143	6.26143
8790	6.26143	6.26143
8791	6.26143	6.26143
8792	6.26143	6.26143
8793	6.26143	6.26839
8794	6.26143	6.26143
8795	6.26143	6.26143
8796	6.26143	6.35121
8797	6.26143	6.48128
8798	6.26143	6.60506
8799	6.26143	6.27545
8800	6.26143	6.35819
8801	6.26143	6.36252
8802	6.26143	6.28316
8803	6.26143	7.12767
8804	6.26143	6.7826
8805	6.26143	6.8707
8806	6.26143	6.62515
8807	6.26143	6.63401
8808	6.26143	6.86202
8809	6.26143	6.64126
8810	6.26143	6.42042
8811	6.26143	6.33084
8812	6.26143	6.26143
8813	6.26143	6.26985
8814	6.26143	6.293
8815	6.26143	6.31333
8816	6.26143	6.3935
8817	6.26143	6.27711
8818	6.26143	6.58151
8819	6.26143	7.02217
8820	6.26143	6.47203
8821	6.26143	6.3363
8822	6.26143	6.26827
8823	6.26143	6.26143
8824	6.26143	6.40465
8825	6.26143	6.44719
8826	6.26143	6.4648
8827	6.26143	6.39639
8828	6.26143	6.31912
8829	6.26143	6.42436
8830	6.26143	6.37789
8831	6.26143	6.26626
8832	6.26143	6.44774
8833	6.26143	6.47444
8834	6.26143	6.36015
8835	6.26143	6.44956
8836	6.26143	6.72936
8837	6.26143	6.4486
8838	6.26143	6.26459
8839	6.26143	6.26143
8840	6.26143	6.31018
8841	6.26143	6.2875
8842	6.26143	6.31129
8843	6.26143	6.28379
8844	6.26143	6.51115
8845	6.26143	6.35575
8846	6.26143	6.28236
8847	6.26143	6.98809
8848	6.26143	6.66547
8849	6.26143	6.26973
8850	6.26143	6.28099
8851	6.26143	6.32419
8852	6.26143	6.26143
8853	6.26143	6.31994
8854	6.26143	6.35311
8855	6.26143	6.70888
8856	6.26143	6.47877
8857	6.26143	6.45632
8858	6.26143	6.52014
8859	6.26143	6.36743
8860	6.26143	6.63231
8861	6.26143	6.58975
8862	6.26143	6.56767
8863	6.26143	6.63127
8864	6.26143	6.2885
8865	6.26143	6.36839
8866	6.26143	6.69262
8867	6.26143	6.55906
8868	6.26143	6.39363
8869	6.26143	6.39178
8870	6.26143	6.53395
8871	6.26143	6.27973
8872	6.26143	6.29641
8873	6.26143	6.33642
8874	6.26143	7.01299
8875	6.26143	6.56785
8876	6.26143	6.44642
8877	6.26143	6.44384
8878	6.26143	6.47119
8879	6.26143	6.26143
8880	6.26143	6.2929
8881	6.26143	6.26143
8882	6.26143	6.2812
8883	6.26143	6.26143
8884	6.26143	6.34992
8885	6.26143	6.29798
8886	6.26143	6.29556
8887	6.26143	6.62758
8888	6.26143	6.56012
8889	6.26143	7.01765
8890	6.26143	6.87185
8891	6.26143	6.97174
8892	6.26143	6.57125
8893	6.26143	6.54713
8894	6.26143	6.69754
8895	6.26143	6.45663
8896	6.26143	6.26143
8897	6.26143	6.26143
8898	6.26143	6.37019
8899	6.26143	6.31495
8900	6.26143	6.26143
8901	6.26143	6.54992
8902	6.26143	6.47436
8903	6.26143	6.44845
8904	6.26143	6.3132
8905	6.26143	6.30216
8906	6.26143	6.36867
8907	6.26143	6.26143
8908	6.26143	6.26403
8909	6.26143	6.28947
8910	6.26143	6.52922
8911	6.26143	6.61655
8912	6.26143	6.68387
8913	6.26143	6.60719
8914	6.26143	6.31876
8915	6.26143	6.28386
8916	6.26143	6.42846
8917	6.26143	6.43358
8918	6.26143	6.38462
8919	6.26143	6.49416
8920	6.26143	6.26143
8921	6.26143	6.27665
8922	6.26143	6.4601
8923	6.26143	6.7586
8924	6.26143	6.39391
8925	6.26143	6.62797
8926	6.26143	6.26805
8927	6.26143	6.28209
8928	6.26143	6.26143
8929	6.26143	6.26143
8930	6.26143	6.26143
8931	6.26143	6.26143
8932	6.26143	6.26143
8933	6.26143	6.92412
8934	6.26143	6.55686
8935	6.26143	7.07781
8936	6.26143	6.26414
8937	6.26143	6.31801
8938	6.26143	6.29875
8939	6.26143	6.26143
8940	6.26143	6.26143
8941	6.26143	6.26143
8942	6.26143	6.30154
8943	6.26143	6.29769
8944	6.26143	6.27001
8945	6.26143	6.26143
8946	6.26143	6.27728
8947	6.26143	6.31531
8948	6.26143	6.35308
8949	6.26143	6.64504
8950	6.26143	6.72825
8951	6.26143	6.48021
8952	6.26143	6.52895
8953	6.26143	6.59544
8954	6.26143	6.57812
8955	6.26143	6.31074
8956	6.26143	6.76736
8957	6.26143	6.94493
8958	6.26143	6.77533
8959	6.26143	6.58175
8960	6.26143	6.2986
8961	6.26143	6.26143
8962	6.26143	6.26143
8963	6.26143	6.27031
8964	6.26143	6.29655
8965	6.26143	6.27627
8966	6.26143	6.44745
8967	6.26143	6.26143
8968	6.26143	6.26143
8969	6.26143	6.62243
8970	6.26143	6.60567
8971	6.26143	6.44156
8972	6.26143	6.32272
8973	6.26143	6.38188
8974	6.26143	6.73129
8975	6.26143	6.38615
8976	6.26143	6.29425
8977	6.26143	6.36413
8978	6.26143	6.34379
8979	6.26143	6.4392
8980	6.26143	6.2718
8981	6.26143	6.30058
8982	6.26143	6.49235
8983	6.26143	6.41131
8984	6.26143	6.77729
8985	6.26143	6.72356
8986	6.26143	7.03776
8987	6.26143	6.75745
8988	6.26143	6.74946
8989	6.26143	6.4903
8990	6.26143	6.41658
8991	6.26143	7.30092
8992	6.26143	6.91447
8993	6.26143	6.6675
8994	6.26143	7.15749
8995	6.26143	6.46158
8996	6.26143	6.52112
8997	6.26143	6.28316
8998	6.26143	6.446
8999	6.26143	6.35402
9000	6.26143	6.35152
9001	6.26143	6.26443
9002	6.26143	6.26143
9003	6.26143	6.26143
9004	6.26143	6.26143
9005	6.26143	6.49056
9006	6.26143	7.09713
9007	6.26143	6.71842
9008	6.26143	6.62374
9009	6.26143	6.28741
9010	6.26143	6.43417
9011	6.26143	6.94339
9012	6.26143	6.65244
9013	6.26143	6.28315
9014	6.26143	6.46457
9015	6.26143	6.41819
9016	6.26143	6.51841
9017	6.26143	6.81496
9018	6.26143	6.26712
9019	6.26143	6.38396
9020	6.26143	6.28112
9021	6.26143	6.31026
9022	6.26143	6.39251
9023	6.26143	6.41718
9024	6.26143	6.7567
9025	6.26143	6.47079
9026	6.26143	6.46322
9027	6.26143	6.26143
9028	6.26143	6.34485
9029	6.26143	6.26143
9030	6.26143	6.26143
9031	6.26143	6.26143
9032	6.26143	6.30704
9033	6.26143	6.60707
9034	6.26143	6.34246
9035	6.26143	6.2737
9036	6.26143	6.33865
9037	6.26143	6.44705
9038	6.26143	6.60223
9039	6.26143	6.37318
9040	6.26143	6.31894
9041	6.26143	6.68928
9042	6.26143	6.51317
9043	6.26143	6.37637
9044	6.26143	6.26143
9045	6.26143	6.28225
9046	6.26143	6.30142
9047	6.26143	6.26143
9048	6.26143	6.26143
9049	6.26143	6.26143
9050	6.26143	6.38515
9051	6.26143	6.26836
9052	6.26143	6.2737
9053	6.26143	6.50884
9054	6.26143	6.66886
9055	6.26143	6.69952
9056	6.26143	6.64639
9057	6.26143	6.50362
9058	6.26143	6.4857
9059	6.26143	6.3101
9060	6.26143	6.26143
9061	6.26143	6.3048
9062	6.26143	6.39925
9063	6.26143	6.31504
9064	6.26143	6.26143
9065	6.26143	6.26143
9066	6.26143	6.26143
9067	6.26143	6.26143
9068	6.26143	6.26143
9069	6.26143	6.26143
9070	6.26143	6.29413
9071	6.26143	6.26954
9072	6.26143	6.32127
9073	6.26143	6.33526
9074	6.26143	6.34119
9075	6.26143	6.35652
9076	6.26143	6.39456
9077	6.26143	6.26143
9078	6.26143	6.26143
9079	6.26143	6.27203
9080	6.26143	6.26143
9081	6.26143	6.28482
9082	6.26143	6.43475
9083	6.26143	6.26143
9084	6.26143	6.26143
9085	6.26143	6.32106
9086	6.26143	6.53872
9087	6.26143	6.29565
9088	6.26143	6.43151
9089	6.26143	6.69523
9090	6.26143	6.33117
9091	6.26143	6.37633
9092	6.26143	6.45316
9093	6.26143	6.7317
9094	6.26143	6.5479
9095	6.26143	6.26143
9096	6.26143	6.39303
9097	6.26143	6.31345
9098	6.26143	6.44235
9099	6.26143	6.60734
9100	6.26143	6.89276
9101	6.26143	7.03391
9102	6.26143	6.55404
9103	6.26143	6.26143
9104	6.26143	6.31363
9105	6.26143	6.37712
9106	6.26143	6.53759
9107	6.26143	6.29127
9108	6.26143	6.29155
9109	6.26143	6.26143
9110	6.26143	6.26143
9111	6.26143	6.28914
9112	6.26143	6.26143
9113	6.26143	6.35335
9114	6.26143	6.62928
9115	6.26143	6.98232
9116	6.26143	6.28388
9117	6.26143	6.26143
9118	6.26143	6.33857
9119	6.26143	6.38623
9120	6.26143	6.69309
9121	6.26143	6.90111
9122	6.26143	6.67296
9123	6.26143	6.65399
9124	6.26143	6.50174
9125	6.26143	6.33902
9126	6.26143	6.7478
9127	6.26143	6.40966
9128	6.26143	6.26143
9129	6.26143	6.26143
9130	6.26143	6.26143
9131	6.26143	6.26143
9132	6.26143	6.26143
9133	6.26143	6.26143
9134	6.26143	6.26143
9135	6.26143	6.26403
9136	6.26143	6.26143
9137	6.26143	6.37245
9138	6.26143	6.65903
9139	6.26143	6.35965
9140	6.26143	7.10261
9141	6.26143	6.77523
9142	6.26143	6.30618
9143	6.26143	6.31751
9144	6.26143	6.28839
9145	6.26143	6.44551
9146	6.26143	6.41784
9147	6.26143	6.84227
9148	6.26143	6.48446
9149	6.26143	6.29439
9150	6.26143	6.26143
9151	6.26143	6.32943
9152	6.26143	6.43445
9153	6.26143	6.5059
9154	6.26143	6.75601
9155	6.26143	6.74243
9156	6.26143	7.00868
9157	6.26143	6.56155
9158	6.26143	6.30755
9159	6.26143	6.66339
9160	6.26143	6.46571
9161	6.26143	6.37024
9162	6.26143	6.41263
9163	6.26143	6.2672
9164	6.26143	6.26143
9165	6.26143	6.27272
9166	6.26143	6.45585
9167	6.26143	6.40372
9168	6.26143	6.32899
9169	6.26143	6.26805
9170	6.26143	6.27681
9171	6.26143	6.44526
9172	6.26143	6.52378
9173	6.26143	6.94104
9174	6.26143	6.90294
9175	6.26143	6.56723
9176	6.26143	6.80646
9177	6.26143	6.56404
9178	6.26143	6.29999
9179	6.26143	6.52305
9180	6.26143	6.34986
9181	6.26143	6.26143
9182	6.26143	6.37868
9183	6.26143	6.49741
9184	6.26143	6.34324
9185	6.26143	6.6164
9186	6.26143	6.55278
9187	6.26143	6.71234
9188	6.26143	6.7052
9189	6.26143	6.26284
9190	6.26143	6.29214
9191	6.26143	6.3264
9192	6.26143	6.26456
9193	6.26143	6.27349
9194	6.26143	6.33101
9195	6.26143	6.33497
9196	6.26143	6.39822
9197	6.26143	6.26143
9198	6.26143	6.262
9199	6.26143	6.29068
9200	6.26143	6.30768
9201	6.26143	6.28183
9202	6.26143	6.26143
9203	6.26143	6.26143
9204	6.26143	6.27565
9205	6.26143	6.26143
9206	6.26143	6.26143
9207	6.26143	6.26143
9208	6.26143	6.28409
9209	6.26143	6.36917
9210	6.26143	6.48457
9211	6.26143	6.57769
9212	6.26143	6.33843
9213	6.26143	6.6448
9214	6.26143	6.26143
9215	6.26143	6.34637
9216	6.26143	6.34343
9217	6.26143	6.27151
9218	6.26143	6.26143
9219	6.26143	6.26143
9220	6.26143	6.26143
9221	6.26143	6.26143
9222	6.26143	6.26143
9223	6.26143	6.26143
9224	6.26143	6.33453
9225	6.26143	6.78284
9226	6.26143	6.6624
9227	6.26143	6.86282
9228	6.26143	6.64516
9229	6.26143	6.69848
9230	6.26143	6.87892
9231	6.26143	6.34956
9232	6.26143	6.31306
9233	6.26143	6.31189
9234	6.26143	6.94228
9235	6.26143	6.66984
9236	6.26143	6.36496
9237	6.26143	6.33865
9238	6.26143	6.35416
9239	6.26143	6.69552
9240	6.26143	6.59022
9241	6.26143	6.62024
9242	6.26143	6.89706
9243	6.26143	6.8337
9244	6.26143	6.55516
9245	6.26143	6.52931
9246	6.26143	6.50152
9247	6.26143	6.40904
9248	6.26143	6.30013
9249	6.26143	6.2792
9250	6.26143	6.34641
9251	6.26143	6.4672
9252	6.26143	6.26143
9253	6.26143	6.26143
9254	6.26143	6.26143
9255	6.26143	6.38343
9256	6.26143	6.26143
9257	6.26143	6.46099
9258	6.26143	6.4311
9259	6.26143	6.4895
9260	6.26143	6.42781
9261	6.26143	6.26143
9262	6.26143	6.26143
9263	6.26143	6.37321
9264	6.26143	6.26837
9265	6.26143	6.41084
9266	6.26143	6.55405
9267	6.26143	6.41948
9268	6.26143	6.28758
9269	6.26143	6.38904
9270	6.26143	6.42213
9271	6.26143	6.40799
9272	6.26143	6.36815
9273	6.26143	6.28593
9274	6.26143	6.63494
9275	6.26143	6.28071
9276	6.26143	6.26867
9277	6.26143	6.38458
9278	6.26143	6.33618
9279	6.26143	6.52706
9280	6.26143	6.38007
9281	6.26143	6.38442
9282	6.26143	6.30633
9283	6.26143	6.32621
9284	6.26143	6.55869
9285	6.26143	6.26143
9286	6.26143	6.26681
9287	6.26143	6.48003
9288	6.26143	6.262
9289	6.26143	6.26143
9290	6.26143	6.26143
9291	6.26143	6.3403
9292	6.26143	6.40233
9293	6.26143	6.26143
9294	6.26143	6.26143
9295	6.26143	6.26143
9296	6.26143	6.36114
9297	6.26143	6.29193
9298	6.26143	6.45948
9299	6.26143	6.29283
9300	6.26143	6.26143
9301	6.26143	6.26143
9302	6.26143	6.26143
9303	6.26143	6.26284
9304	6.26143	6.26143
9305	6.26143	6.26143
9306	6.26143	6.26143
9307	6.26143	6.44678
9308	6.26143	6.42299
9309	6.26143	6.28585
9310	6.26143	6.45697
9311	6.26143	6.44205
9312	6.26143	6.51595
9313	6.26143	7.06858
9314	6.26143	6.7692
9315	6.26143	6.54007
9316	6.26143	6.41438
9317	6.26143	6.26443
9318	6.26143	6.28547
9319	6.26143	6.26143
9320	6.26143	6.58993
9321	6.26143	6.67305
9322	6.26143	6.66741
9323	6.26143	7.36886
9324	6.26143	7.19278
9325	6.26143	6.63105
9326	6.26143	6.42169
9327	6.26143	6.65123
9328	6.26143	6.47838
9329	6.26143	6.26143
9330	6.26143	6.86073
9331	6.26143	6.8764
9332	6.26143	6.62298
9333	6.26143	6.93449
9334	6.26143	6.67857
9335	6.26143	6.39209
9336	6.26143	6.32253
9337	6.26143	6.35782
9338	6.26143	6.43084
9339	6.26143	6.81742
9340	6.26143	6.79012
9341	6.26143	6.27349
9342	6.26143	6.39037
9343	6.26143	6.97565
9344	6.26143	6.902
9345	6.26143	6.73614
9346	6.26143	6.82083
9347	6.26143	6.6865
9348	6.26143	6.27685
9349	6.26143	6.26143
9350	6.26143	6.3172
9351	6.26143	6.45619
9352	6.26143	6.26143
9353	6.26143	6.26143
9354	6.26143	6.26143
9355	6.26143	6.26143
9356	6.26143	6.26143
9357	6.26143	6.32482
9358	6.26143	6.3088
9359	6.26143	6.26143
9360	6.26143	6.26143
9361	6.26143	6.26143
9362	6.26143	6.26143
9363	6.26143	6.26143
9364	6.26143	6.26143
9365	6.26143	6.28407
9366	6.26143	6.2823
9367	6.26143	6.27922
9368	6.26143	6.54672
9369	6.26143	6.57159
9370	6.26143	6.29525
9371	6.26143	6.27889
9372	6.26143	6.27485
9373	6.26143	6.29083
9374	6.26143	6.33533
9375	6.26143	6.26143
9376	6.26143	6.299
9377	6.26143	6.43247
9378	6.26143	6.93005
9379	6.26143	6.43478
9380	6.26143	6.33065
9381	6.26143	6.26143
9382	6.26143	6.26143
9383	6.26143	6.35905
9384	6.26143	6.28785
9385	6.26143	6.27139
9386	6.26143	6.34622
9387	6.26143	6.38747
9388	6.26143	6.47418
9389	6.26143	6.42779
9390	6.26143	6.57927
9391	6.26143	6.30365
9392	6.26143	6.5525
9393	6.26143	6.52995
9394	6.26143	6.42351
9395	6.26143	6.32231
9396	6.26143	6.31536
9397	6.26143	6.51269
9398	6.26143	6.49256
9399	6.26143	6.90559
9400	6.26143	6.26258
9401	6.26143	6.26143
9402	6.26143	6.3355
9403	6.26143	6.33734
9404	6.26143	6.41318
9405	6.26143	6.27888
9406	6.26143	6.29505
9407	6.26143	6.32431
9408	6.26143	6.26143
9409	6.26143	6.33523
9410	6.26143	6.26143
9411	6.26143	6.30827
9412	6.26143	6.40119
9413	6.26143	6.32486
9414	6.26143	6.32218
9415	6.26143	6.28362
9416	6.26143	6.5577
9417	6.26143	6.26973
9418	6.26143	6.4253
9419	6.26143	6.7516
9420	6.26143	6.66064
9421	6.26143	6.81039
9422	6.26143	6.4886
9423	6.26143	6.46341
9424	6.26143	6.36362
9425	6.26143	6.26143
9426	6.26143	6.26143
9427	6.26143	6.26143
9428	6.26143	6.26143
9429	6.26143	6.49951
9430	6.26143	6.37911
9431	6.26143	6.34428
9432	6.26143	6.2681
9433	6.26143	6.27022
9434	6.26143	6.51209
9435	6.26143	6.28551
9436	6.26143	6.27528
9437	6.26143	6.28719
9438	6.26143	6.57996
9439	6.26143	6.32063
9440	6.26143	6.26143
9441	6.26143	6.30206
9442	6.26143	6.26143
9443	6.26143	6.26143
9444	6.26143	6.26143
9445	6.26143	6.26143
9446	6.26143	6.26143
9447	6.26143	6.26143
9448	6.26143	6.26143
9449	6.26143	6.26143
9450	6.26143	6.29246
9451	6.26143	6.26143
9452	6.26143	6.35094
9453	6.26143	6.2906
9454	6.26143	6.36452
9455	6.26143	6.33844
9456	6.26143	6.50414
9457	6.26143	6.45227
9458	6.26143	6.42828
9459	6.26143	6.289
9460	6.26143	6.2906
9461	6.26143	6.27105
9462	6.26143	6.28454
9463	6.26143	6.27949
9464	6.26143	6.26143
9465	6.26143	6.30229
9466	6.26143	6.39045
9467	6.26143	6.31881
9468	6.26143	6.57895
9469	6.26143	6.85117
9470	6.26143	6.38627
9471	6.26143	6.50952
9472	6.26143	6.51964
9473	6.26143	6.59086
9474	6.26143	6.58858
9475	6.26143	6.59609
9476	6.26143	6.86049
9477	6.26143	6.85974
9478	6.26143	6.86086
9479	6.26143	6.81917
9480	6.26143	6.5516
9481	6.26143	6.41916
9482	6.26143	6.41008
9483	6.26143	6.26143
9484	6.26143	6.35243
9485	6.26143	6.35854
9486	6.26143	6.61415
9487	6.26143	6.26629
9488	6.26143	6.28261
9489	6.26143	6.27041
9490	6.26143	6.26143
9491	6.26143	6.38563
9492	6.26143	6.53293
9493	6.26143	6.60214
9494	6.26143	6.90105
9495	6.26143	6.63472
9496	6.26143	6.37002
9497	6.26143	6.37388
9498	6.26143	6.403
9499	6.26143	6.2795
9500	6.26143	6.33271
9501	6.26143	6.30294
9502	6.26143	6.27083
9503	6.26143	6.26143
9504	6.26143	6.60634
9505	6.26143	6.43859
9506	6.26143	6.56944
9507	6.26143	6.58921
9508	6.26143	6.28176
9509	6.26143	6.30857
9510	6.26143	6.26143
9511	6.26143	6.26143
9512	6.26143	6.47595
9513	6.26143	6.35851
9514	6.26143	6.26456
9515	6.26143	6.262
9516	6.26143	6.31814
9517	6.26143	6.56806
9518	6.26143	6.40643
9519	6.26143	6.65441
9520	6.26143	6.32405
9521	6.26143	6.53242
9522	6.26143	6.30007
9523	6.26143	6.31966
9524	6.26143	6.26143
9525	6.26143	6.30863
9526	6.26143	6.71316
9527	6.26143	6.99991
9528	6.26143	6.91625
9529	6.26143	6.75859
9530	6.26143	6.26143
9531	6.26143	6.44317
9532	6.26143	6.42638
9533	6.26143	6.52884
9534	6.26143	6.87181
9535	6.26143	6.96149
9536	6.26143	7.12545
9537	6.26143	7.43799
9538	6.26143	7.72806
9539	6.26143	7.09541
9540	6.26143	6.90493
9541	6.26143	6.5104
9542	6.26143	6.79783
9543	6.26143	6.86929
9544	6.26143	6.95223
9545	6.26143	7.06218
9546	6.26143	6.50475
9547	6.26143	6.32152
9548	6.26143	6.62587
9549	6.26143	6.45442
9550	6.26143	6.34044
9551	6.26143	6.43958
9552	6.26143	6.34064
9553	6.26143	6.32323
9554	6.26143	6.27794
9555	6.26143	6.26143
9556	6.26143	6.28346
9557	6.26143	6.26605
9558	6.26143	6.26143
9559	6.26143	6.26143
9560	6.26143	6.26143
9561	6.26143	6.26694
9562	6.26143	6.26143
9563	6.26143	6.26143
9564	6.26143	6.26143
9565	6.26143	6.26143
9566	6.26143	6.26143
9567	6.26143	6.48397
9568	6.26143	6.42606
9569	6.26143	6.29338
9570	6.26143	6.36623
9571	6.26143	6.29033
9572	6.26143	6.57371
9573	6.26143	6.33365
9574	6.26143	6.26489
9575	6.26143	6.3141
9576	6.26143	6.29389
9577	6.26143	6.3309
9578	6.26143	6.40719
9579	6.26143	6.31105
9580	6.26143	6.3106
9581	6.26143	6.27739
9582	6.26143	6.27576
9583	6.26143	6.35666
9584	6.26143	6.29655
9585	6.26143	6.26143
9586	6.26143	6.31762
9587	6.26143	6.26143
9588	6.26143	6.26403
9589	6.26143	6.26143
9590	6.26143	6.31121
9591	6.26143	6.31361
9592	6.26143	6.46235
9593	6.26143	6.8264
9594	6.26143	7.30893
9595	6.26143	7.09465
9596	6.26143	7.06714
9597	6.26143	6.80231
9598	6.26143	7.28383
9599	6.26143	7.25679
9600	6.26143	6.96756
9601	6.26143	6.9129
9602	6.26143	6.92704
9603	6.26143	6.74248
9604	6.26143	6.59901
9605	6.26143	6.74568
9606	6.26143	6.53137
9607	6.26143	6.85667
9608	6.26143	6.53085
9609	6.26143	6.62953
9610	6.26143	6.4666
9611	6.26143	6.52966
9612	6.26143	6.53039
9613	6.26143	6.30088
9614	6.26143	6.49159
9615	6.26143	6.49729
9616	6.26143	6.7058
9617	6.26143	6.47861
9618	6.26143	6.42588
9619	6.26143	6.43797
9620	6.26143	6.27104
9621	6.26143	6.32171
9622	6.26143	6.84324
9623	6.26143	6.73965
9624	6.26143	6.89197
9625	6.26143	6.82812
9626	6.26143	6.92305
9627	6.26143	6.47314
9628	6.26143	6.28471
9629	6.26143	6.26143
9630	6.26143	6.26143
9631	6.26143	6.26143
9632	6.26143	6.26143
9633	6.26143	6.26927
9634	6.26143	6.27982
9635	6.26143	6.26403
9636	6.26143	6.26143
9637	6.26143	6.26143
9638	6.26143	6.49392
9639	6.26143	6.5919
9640	6.26143	6.38077
9641	6.26143	7.0203
9642	6.26143	7.68471
9643	6.26143	7.93633
9644	6.26143	6.85517
9645	6.26143	6.60329
9646	6.26143	6.43578
9647	6.26143	6.52323
9648	6.26143	6.679
9649	6.26143	6.32522
9650	6.26143	6.5179
9651	6.26143	6.2912
9652	6.26143	6.68748
9653	6.26143	6.31661
9654	6.26143	6.26143
9655	6.26143	6.26435
9656	6.26143	6.26954
9657	6.26143	6.36749
9658	6.26143	6.31214
9659	6.26143	6.29533
9660	6.26143	6.34958
9661	6.26143	6.26883
9662	6.26143	6.26945
9663	6.26143	6.28856
9664	6.26143	6.28262
9665	6.26143	6.27561
9666	6.26143	6.31606
9667	6.26143	6.27593
9668	6.26143	6.32818
9669	6.26143	6.26143
9670	6.26143	6.26143
9671	6.26143	6.27003
9672	6.26143	6.29883
9673	6.26143	6.26258
9674	6.26143	6.26143
9675	6.26143	6.26143
9676	6.26143	6.26143
9677	6.26143	6.44663
9678	6.26143	6.54313
9679	6.26143	6.78946
9680	6.26143	6.76333
9681	6.26143	6.60633
9682	6.26143	6.40971
9683	6.26143	6.51298
9684	6.26143	6.55502
9685	6.26143	6.44376
9686	6.26143	6.26143
9687	6.26143	6.26143
9688	6.26143	6.26143
9689	6.26143	6.26143
9690	6.26143	6.26143
9691	6.26143	6.26143
9692	6.26143	6.26143
9693	6.26143	6.41039
9694	6.26143	6.26662
9695	6.26143	6.30761
9696	6.26143	6.37708
9697	6.26143	6.32071
9698	6.26143	6.6224
9699	6.26143	6.84767
9700	6.26143	6.84669
9701	6.26143	6.5673
9702	6.26143	6.36069
9703	6.26143	6.32903
9704	6.26143	6.26143
9705	6.26143	6.43789
9706	6.26143	6.34127
9707	6.26143	6.26258
9708	6.26143	6.27374
9709	6.26143	6.26143
9710	6.26143	6.26143
9711	6.26143	6.26143
9712	6.26143	6.27256
9713	6.26143	6.3405
9714	6.26143	6.32454
9715	6.26143	6.7189
9716	6.26143	6.29076
9717	6.26143	6.68817
9718	6.26143	6.36493
9719	6.26143	6.6452
9720	6.26143	6.58351
9721	6.26143	6.27236
9722	6.26143	6.47153
9723	6.26143	6.26979
9724	6.26143	6.34823
9725	6.26143	6.26443
9726	6.26143	6.26143
9727	6.26143	6.27388
9728	6.26143	6.28105
9729	6.26143	6.26143
9730	6.26143	6.54803
9731	6.26143	6.57264
9732	6.26143	6.35752
9733	6.26143	6.35411
9734	6.26143	6.26143
9735	6.26143	6.26836
9736	6.26143	6.26403
9737	6.26143	6.27349
9738	6.26143	6.27151
9739	6.26143	6.32574
9740	6.26143	6.28688
9741	6.26143	6.3718
9742	6.26143	6.3297
9743	6.26143	6.34751
9744	6.26143	6.51355
9745	6.26143	6.56789
9746	6.26143	6.35139
9747	6.26143	6.26143
9748	6.26143	6.66633
9749	6.26143	6.43994
9750	6.26143	6.40646
9751	6.26143	6.4387
9752	6.26143	6.60999
9753	6.26143	6.61624
9754	6.26143	6.82717
9755	6.26143	6.43647
9756	6.26143	6.427
9757	6.26143	6.43561
9758	6.26143	6.26143
9759	6.26143	6.52037
9760	6.26143	6.51339
9761	6.26143	6.63936
9762	6.26143	6.43694
9763	6.26143	6.26143
9764	6.26143	6.52192
9765	6.26143	6.29877
9766	6.26143	6.37962
9767	6.26143	6.26683
9768	6.26143	6.26143
9769	6.26143	6.26143
9770	6.26143	6.26143
9771	6.26143	6.30248
9772	6.26143	6.27925
9773	6.26143	6.29112
9774	6.26143	6.3778
9775	6.26143	6.53704
9776	6.26143	6.58437
9777	6.26143	6.28638
9778	6.26143	6.26443
9779	6.26143	6.26143
9780	6.26143	6.53265
9781	6.26143	6.55156
9782	6.26143	6.31752
9783	6.26143	6.54447
9784	6.26143	6.53137
9785	6.26143	6.47348
9786	6.26143	6.5466
9787	6.26143	6.59327
9788	6.26143	6.57033
9789	6.26143	6.34358
9790	6.26143	6.2879
9791	6.26143	6.26143
9792	6.26143	6.26143
9793	6.26143	6.33469
9794	6.26143	6.42307
9795	6.26143	6.44066
9796	6.26143	6.29688
9797	6.26143	6.27471
9798	6.26143	6.50933
9799	6.26143	6.91358
9800	6.26143	6.89487
9801	6.26143	6.69921
9802	6.26143	6.73883
9803	6.26143	6.51632
9804	6.26143	6.41877
9805	6.26143	6.27532
9806	6.26143	6.35095
9807	6.26143	6.61405
9808	6.26143	6.52313
9809	6.26143	6.58237
9810	6.26143	6.41745
9811	6.26143	6.46081
9812	6.26143	6.39481
9813	6.26143	6.27575
9814	6.26143	6.39809
9815	6.26143	6.54013
9816	6.26143	6.4943
9817	6.26143	6.43872
9818	6.26143	6.35839
9819	6.26143	6.67058
9820	6.26143	6.35188
9821	6.26143	6.28306
9822	6.26143	6.36493
9823	6.26143	6.55968
9824	6.26143	6.37098
9825	6.26143	6.49525
9826	6.26143	6.62598
9827	6.26143	6.33451
9828	6.26143	6.45122
9829	6.26143	6.87074
9830	6.26143	6.6879
9831	6.26143	6.84158
9832	6.26143	6.90386
9833	6.26143	6.72399
9834	6.26143	6.43904
9835	6.26143	6.34104
9836	6.26143	6.37006
9837	6.26143	6.26143
9838	6.26143	6.29225
9839	6.26143	6.26143
9840	6.26143	6.26143
9841	6.26143	6.31248
9842	6.26143	6.70454
9843	6.26143	6.48928
9844	6.26143	6.43364
9845	6.26143	6.26403
9846	6.26143	6.551
9847	6.26143	6.61458
9848	6.26143	6.82506
9849	6.26143	6.50763
9850	6.26143	6.46719
9851	6.26143	6.38861
9852	6.26143	6.59629
9853	6.26143	6.92615
9854	6.26143	6.82476
9855	6.26143	6.26143
9856	6.26143	6.26143
9857	6.26143	6.26143
9858	6.26143	6.26143
9859	6.26143	6.26143
9860	6.26143	6.26143
9861	6.26143	6.26143
9862	6.26143	6.85702
9863	6.26143	6.83073
9864	6.26143	6.82435
9865	6.26143	6.36434
9866	6.26143	6.30953
9867	6.26143	6.2776
9868	6.26143	6.26143
9869	6.26143	6.26143
9870	6.26143	6.26143
9871	6.26143	6.26143
9872	6.26143	6.29274
9873	6.26143	6.29561
9874	6.26143	6.50483
9875	6.26143	6.80425
9876	6.26143	6.57374
9877	6.26143	6.76763
9878	6.26143	6.9863
9879	6.26143	6.56399
9880	6.26143	6.4268
9881	6.26143	6.78135
9882	6.26143	6.76028
9883	6.26143	6.65778
9884	6.26143	6.93499
9885	6.26143	6.98672
9886	6.26143	7.34476
9887	6.26143	7.14199
9888	6.26143	6.9184
9889	6.26143	6.4332
9890	6.26143	6.26143
9891	6.26143	6.44964
9892	6.26143	6.2701
9893	6.26143	6.30566
9894	6.26143	6.46501
9895	6.26143	6.36958
9896	6.26143	6.57865
9897	6.26143	6.62035
9898	6.26143	6.87375
9899	6.26143	6.86482
9900	6.26143	6.87281
9901	6.26143	6.61149
9902	6.26143	7.24832
9903	6.26143	6.6184
9904	6.26143	6.66007
9905	6.26143	6.88539
9906	6.26143	6.76277
9907	6.26143	6.73005
9908	6.26143	7.00096
9909	6.26143	6.8824
9910	6.26143	7.10819
9911	6.26143	7.2529
9912	6.26143	6.68668
9913	6.26143	6.26143
9914	6.26143	6.27608
9915	6.26143	6.31674
9916	6.26143	6.33889
9917	6.26143	6.37581
9918	6.26143	6.26414
9919	6.26143	6.26143
9920	6.26143	6.26143
9921	6.26143	6.26143
9922	6.26143	6.26143
9923	6.26143	6.5391
9924	6.26143	6.7278
9925	6.26143	6.70077
9926	6.26143	6.31392
9927	6.26143	6.40756
9928	6.26143	6.66091
9929	6.26143	6.70742
9930	6.26143	6.64985
9931	6.26143	6.45272
9932	6.26143	6.57402
9933	6.26143	6.48772
9934	6.26143	6.33183
9935	6.26143	6.29254
9936	6.26143	6.26143
9937	6.26143	6.26143
9938	6.26143	6.4017
9939	6.26143	6.4202
9940	6.26143	6.31682
9941	6.26143	6.33213
9942	6.26143	6.33443
9943	6.26143	6.26143
9944	6.26143	6.26626
9945	6.26143	6.26824
9946	6.26143	6.28569
9947	6.26143	6.29052
9948	6.26143	6.28309
9949	6.26143	6.66437
9950	6.26143	6.97369
9951	6.26143	6.41206
9952	6.26143	6.26789
9953	6.26143	6.38342
9954	6.26143	6.26143
9955	6.26143	6.26143
9956	6.26143	6.26143
9957	6.26143	6.54724
9958	6.26143	6.46953
9959	6.26143	6.29681
9960	6.26143	6.28927
9961	6.26143	6.58749
9962	6.26143	7.13971
9963	6.26143	7.28856
9964	6.26143	7.10132
9965	6.26143	6.43687
9966	6.26143	6.47497
9967	6.26143	6.73501
9968	6.26143	6.4071
9969	6.26143	6.53289
9970	6.26143	6.33554
9971	6.26143	6.28225
9972	6.26143	6.49574
9973	6.26143	6.45784
9974	6.26143	6.53093
9975	6.26143	6.50323
9976	6.26143	6.35925
9977	6.26143	6.384
9978	6.26143	6.35528
9979	6.26143	6.30439
9980	6.26143	6.40258
9981	6.26143	6.26143
9982	6.26143	6.26143
9983	6.26143	6.26143
9984	6.26143	6.26143
9985	6.26143	6.28901
9986	6.26143	6.3665
9987	6.26143	6.27285
9988	6.26143	6.29392
9989	6.26143	6.32855
9990	6.26143	6.41093
9991	6.26143	6.45327
9992	6.26143	6.58176
9993	6.26143	6.56451
9994	6.26143	6.28278
9995	6.26143	6.27758
9996	6.26143	6.41466
9997	6.26143	6.26143
9998	6.26143	6.26403
9999	6.26143	6.27342
