0	14.399	16.6948
1	13.6029	16.1657
2	13.6029	15.3421
3	12.7127	14.5301
4	12.7127	14.0542
5	12.3229	13.797
6	12.2213	13.3146
7	11.7949	12.9466
8	11.514	12.629
9	11.0875	12.3054
10	10.6224	11.8689
11	10.1989	11.5693
12	10.0207	11.166
13	9.89532	10.8005
14	9.85753	10.5055
15	9.75073	10.2984
16	9.30016	10.1947
17	9.30016	10.0444
18	9.30016	9.94106
19	9.27689	9.81753
20	9.19787	9.88688
21	8.97171	9.77377
22	8.92615	9.49299
23	8.92615	9.36724
24	8.92615	9.1624
25	8.82386	9.04432
26	8.60966	8.99982
27	8.49204	8.83647
28	8.24512	8.73218
29	8.24512	8.7486
30	8.24512	8.6535
31	8.18922	8.54525
32	8.18922	8.60726
33	8.18922	8.38573
34	8.18922	8.45482
35	8.18922	8.44773
36	8.01669	8.35852
37	7.96864	8.31304
38	7.95571	8.19324
39	7.95571	8.15855
40	7.95093	8.04362
41	7.938	8.08298
42	7.81028	8.0649
43	7.60852	7.988
44	7.59089	7.95614
45	7.59089	7.83247
46	7.59089	7.73617
47	7.57796	7.72384
48	7.57796	7.6515
49	7.57796	7.68202
50	7.57796	7.72748
51	7.57796	7.66624
52	7.25282	7.632
53	7.25282	7.59231
54	7.25282	7.57024
55	7.1903	7.46305
56	7.1903	7.38353
57	7.1903	7.30668
58	7.1903	7.24363
59	7.1903	7.23451
60	7.1903	7.19196
61	7.14254	7.20113
62	7.13869	7.20583
63	6.85085	7.19287
64	6.85085	7.26256
65	6.85085	7.17005
66	6.85085	7.19046
67	6.85085	7.09896
68	6.85085	7.04159
69	6.85085	7.01379
70	6.85085	6.87368
71	6.85085	6.87273
72	6.85085	6.89046
73	6.64897	6.8742
74	6.64897	6.87254
75	6.46034	6.92244
76	6.46034	6.83225
77	6.46034	6.76386
78	6.46034	6.73815
79	6.46034	6.638
80	6.39038	6.68631
81	6.39038	6.49392
82	6.39038	6.47623
83	5.7814	6.43257
84	5.7814	6.36938
85	5.7814	6.29745
86	5.7814	6.12476
87	5.7814	6.03466
88	5.7814	5.94734
89	5.6547	5.86288
90	5.53017	5.77503
91	5.53017	5.77843
92	5.53017	5.78488
93	5.46329	5.80163
94	5.46329	5.74693
95	5.46329	5.56641
96	5.46329	5.51209
97	5.46329	5.5446
98	5.46329	5.50453
99	5.46329	5.52112
100	5.46329	5.5981
101	5.46329	5.50524
102	5.46329	5.47842
103	5.46329	5.46647
104	5.46329	5.46745
105	5.46329	5.5613
106	5.46329	5.53004
107	5.46329	5.51155
108	5.46329	5.53676
109	5.45846	5.505
110	5.45846	5.46553
111	5.45846	5.50495
112	5.45846	5.526
113	5.45846	5.46006
114	5.45846	5.45875
115	5.45846	5.46056
116	5.45846	5.46437
117	5.45846	5.48882
118	5.45846	5.45846
119	5.45846	5.46103
120	5.45846	5.4887
121	5.45846	5.52128
122	5.45846	5.59267
123	5.45846	5.56946
124	5.45846	5.59442
125	5.45846	5.57864
126	5.45846	5.47283
127	5.45846	5.46443
128	5.45846	5.45846
129	5.45846	5.45846
130	5.45846	5.45846
131	5.45846	5.45846
132	5.45846	5.45924
133	5.45846	5.45846
134	5.45846	5.45846
135	5.45846	5.47239
136	5.45846	5.52502
137	5.45846	5.47161
138	5.45846	5.50502
139	5.45846	5.45885
140	5.45846	5.46116
141	5.45846	5.48581
142	5.45846	5.46978
143	5.45846	5.46314
144	5.45846	5.46566
145	5.45846	5.53295
146	5.45846	5.6756
147	5.45846	5.62553
148	5.45846	5.58811
149	5.45846	5.482
150	5.45846	5.47303
151	5.45846	5.5881
152	5.45846	5.58223
153	5.45846	5.57488
154	5.45846	5.52078
155	5.45846	5.51158
156	5.45846	5.473
157	5.45846	5.50929
158	5.45846	5.57165
159	5.45846	5.50617
160	5.45846	5.45956
161	5.45846	5.46569
162	5.45846	5.45846
163	5.45846	5.46779
164	5.45846	5.48124
165	5.45846	5.47695
166	5.45846	5.56191
167	5.45846	5.50661
168	5.45846	5.51052
169	5.45846	5.54173
170	5.45846	5.51141
171	5.45846	5.48467
172	5.45191	5.48538
173	5.45191	5.52421
174	5.37055	5.51306
175	5.37055	5.51496
176	5.37055	5.51241
177	5.37055	5.44086
178	5.37055	5.506
179	5.37055	5.45655
180	5.37055	5.43049
181	5.37055	5.41405
182	5.37055	5.40637
183	5.34785	5.37627
184	5.34785	5.36854
185	5.34785	5.36315
186	5.34785	5.36581
187	5.34785	5.35466
188	5.34302	5.35325
189	5.34302	5.42768
190	5.34302	5.4118
191	5.34302	5.40442
192	5.34302	5.3769
193	5.34302	5.38748
194	5.34302	5.3568
195	5.34302	5.37812
196	5.34302	5.42399
197	5.34302	5.40645
198	5.34302	5.35577
199	5.34302	5.34302
200	5.34302	5.34738
201	5.28984	5.40116
202	5.28984	5.52506
203	5.28984	5.46669
204	5.28984	5.49371
205	5.28984	5.6061
206	5.28984	5.58905
207	5.28984	5.61266
208	5.27752	5.53177
209	5.27752	5.39227
210	5.27752	5.33935
211	5.27752	5.37624
212	5.27752	5.30703
213	5.27752	5.29801
214	5.27752	5.27952
215	5.27752	5.27869
216	5.27752	5.27752
217	5.27752	5.27752
218	5.27752	5.28659
219	5.27752	5.3186
220	5.27752	5.28601
221	5.27752	5.33685
222	5.27752	5.27818
223	5.27752	5.3298
224	5.27752	5.32546
225	5.27752	5.27958
226	5.27752	5.33173
227	5.27752	5.29937
228	5.27752	5.28146
229	5.27752	5.28015
230	5.27752	5.29631
231	5.27752	5.29202
232	5.27752	5.28411
233	5.27752	5.31496
234	5.27752	5.2776
235	5.27752	5.28584
236	5.27752	5.28125
237	5.27752	5.30262
238	5.27752	5.2917
239	5.27752	5.27993
240	5.27752	5.27752
241	5.27752	5.27778
242	5.27752	5.30172
243	5.27752	5.32114
244	5.27752	5.36488
245	5.27752	5.35009
246	5.27752	5.34445
247	5.27752	5.31177
248	5.27752	5.28817
249	5.27752	5.35771
250	5.27752	5.31917
251	5.27752	5.30712
252	5.27752	5.28068
253	5.27752	5.29135
254	5.27752	5.34154
255	5.27752	5.37065
256	5.27752	5.38376
257	5.27752	5.34664
258	5.27752	5.42345
259	5.27752	5.43822
260	5.27752	5.37957
261	5.27752	5.34985
262	5.27752	5.29312
263	5.27752	5.31723
264	5.27752	5.33041
265	5.27752	5.41635
266	5.27752	5.44206
267	5.27752	5.434
268	5.27752	5.3112
269	5.27752	5.28803
270	5.27752	5.29219
271	5.27752	5.27752
272	5.27752	5.29994
273	5.27752	5.368
274	5.27752	5.34503
275	5.27752	5.34155
276	5.27752	5.36503
277	5.27752	5.36701
278	5.27752	5.30837
279	5.27752	5.28097
280	5.27752	5.2851
281	5.27752	5.27752
282	5.27752	5.27752
283	5.27752	5.27756
284	5.27752	5.29167
285	5.27752	5.28767
286	5.27752	5.29104
287	5.27752	5.29805
288	5.27752	5.28188
289	5.27752	5.27752
290	5.27752	5.28426
291	5.27752	5.27752
292	5.27752	5.28111
293	5.27752	5.2841
294	5.27752	5.27762
295	5.27752	5.27752
296	5.27752	5.30517
297	5.27752	5.2963
298	5.27752	5.27991
299	5.27752	5.32924
300	5.27752	5.37863
301	5.14922	5.41601
302	5.14922	5.36794
303	5.14922	5.345
304	5.14922	5.29507
305	5.14922	5.3034
306	5.14922	5.29426
307	5.14922	5.2658
308	5.14922	5.2035
309	5.14922	5.16589
310	5.14922	5.28371
311	5.14922	5.25896
312	5.14922	5.14923
313	5.14922	5.16035
314	5.14922	5.17474
315	5.14922	5.19977
316	5.14922	5.22269
317	5.14922	5.25595
318	5.14922	5.31613
319	5.14922	5.28978
320	5.14922	5.21577
321	5.14922	5.18884
322	5.14922	5.2285
323	5.14922	5.20163
324	5.14922	5.14923
325	5.14922	5.18526
326	5.14922	5.21995
327	5.14922	5.20627
328	5.14922	5.26343
329	5.14922	5.30093
330	5.14922	5.22744
331	5.14922	5.21618
332	5.14922	5.24679
333	5.14922	5.33559
334	5.14922	5.25598
335	5.14922	5.19046
336	5.14922	5.22367
337	5.14922	5.19286
338	5.14922	5.17093
339	5.14922	5.17126
340	5.14922	5.15519
341	5.14922	5.14944
342	5.14922	5.1506
343	5.14922	5.14922
344	5.14922	5.14922
345	5.14922	5.15685
346	5.14922	5.1498
347	5.14922	5.15032
348	5.14922	5.15363
349	5.14922	5.1782
350	5.14922	5.22669
351	5.14922	5.18473
352	5.14922	5.23456
353	5.14922	5.1735
354	5.14922	5.18062
355	5.14922	5.16472
356	5.14922	5.15239
357	5.14922	5.17834
358	5.14922	5.19097
359	5.14922	5.16867
360	5.14922	5.16898
361	5.14922	5.16723
362	5.14922	5.19502
363	5.14922	5.17137
364	5.14922	5.14966
365	5.14922	5.16099
366	5.14922	5.19505
367	5.14922	5.19612
368	5.14922	5.18097
369	5.14922	5.25466
370	5.14922	5.15422
371	5.14922	5.15733
372	5.14922	5.20319
373	5.14922	5.20678
374	5.14922	5.2656
375	5.14922	5.23797
376	5.14922	5.19889
377	5.14922	5.18699
378	5.14922	5.25063
379	5.14922	5.26341
380	5.14922	5.24842
381	5.14922	5.16895
382	5.14922	5.15085
383	5.14922	5.20381
384	5.14922	5.16042
385	5.14922	5.1513
386	5.14922	5.19553
387	5.14922	5.22145
388	5.14922	5.21098
389	5.14922	5.19334
390	5.14922	5.17106
391	5.14922	5.15353
392	5.14922	5.19192
393	5.14922	5.19435
394	5.14922	5.16213
395	5.14922	5.15918
396	5.14922	5.15642
397	5.14922	5.17089
398	5.14922	5.21284
399	5.14922	5.17339
400	5.14922	5.2003
401	4.98426	5.28746
402	4.98426	5.3286
403	4.98426	5.36184
404	4.98426	5.28132
405	4.98426	5.25032
406	4.98426	5.3226
407	4.98426	5.19287
408	4.98426	5.02721
409	4.98426	5.01727
410	4.98426	4.99624
411	4.98426	5.03985
412	4.98426	5.00191
413	4.98426	5.08142
414	4.98426	5.04765
415	4.98426	5.10107
416	4.98426	5.0577
417	4.98426	5.04186
418	4.98426	5.07145
419	4.98426	5.05012
420	4.98426	5.03113
421	4.98426	4.98431
422	4.98426	5.03857
423	4.98426	5.00907
424	4.98426	4.98426
425	4.98426	4.98426
426	4.98426	5.02273
427	4.98426	4.99797
428	4.98426	5.00529
429	4.98426	5.01727
430	4.98426	5.05901
431	4.98426	5.04446
432	4.98426	4.99993
433	4.98426	5.00277
434	4.98426	4.99133
435	4.98426	4.98763
436	4.98426	5.02372
437	4.98426	4.99755
438	4.98426	4.98471
439	4.98426	4.99937
440	4.98426	5.03325
441	4.98426	5.09166
442	4.98426	5.04372
443	4.98426	5.04836
444	4.98426	5.05304
445	4.98426	5.04057
446	4.98426	5.07445
447	4.98426	5.02144
448	4.98426	5.00732
449	4.98426	5.01216
450	4.98426	5.0122
451	4.98426	5.07676
452	4.98426	5.07424
453	4.98426	5.04758
454	4.98426	5.0133
455	4.98426	4.99602
456	4.98426	5.03638
457	4.98426	5.03328
458	4.98426	5.06246
459	4.98426	5.02964
460	4.98426	5.03271
461	4.98426	4.98713
462	4.98426	4.98975
463	4.98426	5.00031
464	4.98426	5.02655
465	4.98426	5.01371
466	4.98426	5.01892
467	4.98426	4.98947
468	4.98426	4.98426
469	4.98426	4.98426
470	4.98426	4.98426
471	4.98426	4.98461
472	4.98426	4.98426
473	4.98426	4.98426
474	4.98426	4.98426
475	4.98426	4.98611
476	4.98426	4.98426
477	4.98426	4.98845
478	4.98426	4.98426
479	4.98426	4.99086
480	4.98426	4.99279
481	4.98426	5.03833
482	4.98426	5.01166
483	4.98426	4.99279
484	4.98426	4.98554
485	4.98426	4.98426
486	4.98426	4.99736
487	4.98426	4.98426
488	4.98426	4.99459
489	4.98426	5.02958
490	4.98426	5.03373
491	4.98426	5.00988
492	4.98426	4.98883
493	4.98426	5.04514
494	4.98426	5.04957
495	4.98426	5.12403
496	4.98426	5.01582
497	4.98426	5.08813
498	4.98426	5.06495
499	4.98426	5.16002
500	4.98426	5.23975
501	4.98426	5.09933
502	4.98426	4.99136
503	4.98426	4.98483
504	4.98426	4.98431
505	4.98426	4.98426
506	4.98426	4.98426
507	4.98426	5.00533
508	4.98426	5.03753
509	4.98426	5.08757
510	4.98426	5.0441
511	4.98426	5.05368
512	4.98426	5.02952
513	4.98426	4.98426
514	4.98426	4.98808
515	4.98426	4.98426
516	4.98426	4.98426
517	4.98426	4.98426
518	4.98426	4.98426
519	4.98426	4.99373
520	4.98426	5.02694
521	4.98426	5.00528
522	4.98426	5.06498
523	4.98426	5.16552
524	4.98426	5.07906
525	4.98426	5.18065
526	4.98426	5.1303
527	4.98426	5.06942
528	4.98426	5.01759
529	4.98426	5.06429
530	4.98426	5.02503
531	4.98426	5.07449
532	4.98426	4.99201
533	4.98426	4.99601
534	4.98426	5.00818
535	4.98426	4.99643
536	4.98426	4.98986
537	4.98426	4.98426
538	4.98426	4.98426
539	4.98426	4.98426
540	4.98426	4.98426
541	4.98426	4.98447
542	4.98426	4.99237
543	4.98426	5.02076
544	4.98426	5.02961
545	4.98426	5.06137
546	4.98426	5.07201
547	4.98426	5.07351
548	4.98426	5.03285
549	4.98426	5.04288
550	4.98426	5.04631
551	4.98426	5.03879
552	4.98426	5.04477
553	4.98426	5.02374
554	4.98426	5.00197
555	4.98426	5.03426
556	4.98426	5.06778
557	4.98426	5.15175
558	4.98426	5.15161
559	4.98426	5.20803
560	4.98426	5.07498
561	4.98426	5.03244
562	4.98426	5.00117
563	4.98426	5.02727
564	4.98426	5.00721
565	4.98426	5.02734
566	4.98426	5.0176
567	4.98426	5.03269
568	4.98426	5.02034
569	4.98426	5.05451
570	4.98426	4.99142
571	4.98426	4.98426
572	4.98426	5.01277
573	4.98426	4.98463
574	4.98426	4.98674
575	4.98426	5.00159
576	4.98426	4.99933
577	4.98426	5.03079
578	4.98426	5.04771
579	4.98426	5.07177
580	4.98426	5.00828
581	4.98426	5.00494
582	4.98426	5.00042
583	4.98426	5.00159
584	4.98426	5.01806
585	4.98426	4.99491
586	4.98426	5.10692
587	4.98426	5.20083
588	4.98426	5.07305
589	4.98426	5.07622
590	4.98426	5.16123
591	4.98426	5.09289
592	4.98426	5.11892
593	4.98426	5.06944
594	4.98426	5.00469
595	4.98426	4.9953
596	4.98426	5.01472
597	4.98426	5.02038
598	4.98426	5.06346
599	4.98426	5.01119
600	4.98426	4.99988
601	4.98426	4.98426
602	4.98426	4.98426
603	4.98426	4.98426
604	4.98426	4.98426
605	4.98426	4.99025
606	4.98426	4.99148
607	4.98426	4.98802
608	4.98426	4.98692
609	4.98426	4.98426
610	4.98426	4.98426
611	4.98426	5.00346
612	4.98426	5.01156
613	4.98426	5.01364
614	4.98426	5.02731
615	4.98426	5.03401
616	4.98426	5.1065
617	4.98426	5.09921
618	4.98426	5.08617
619	4.98426	5.07181
620	4.98426	5.04969
621	4.98426	5.00365
622	4.98426	4.99516
623	4.98426	4.99835
624	4.98426	5.01558
625	4.98426	5.0165
626	4.98426	4.98426
627	4.98426	4.98426
628	4.98426	4.98426
629	4.98426	4.98426
630	4.98426	5.02092
631	4.98426	5.05089
632	4.98426	5.05312
633	4.98426	5.03628
634	4.98426	4.9886
635	4.98426	4.98613
636	4.98426	5.00225
637	4.98426	4.99751
638	4.98426	4.99371
639	4.98426	4.99889
640	4.98426	5.06364
641	4.98426	5.02831
642	4.98426	5.11327
643	4.98426	5.17398
644	4.98426	5.10023
645	4.98426	5.10208
646	4.98426	5.02661
647	4.98426	4.99243
648	4.98426	4.98534
649	4.98426	5.00108
650	4.98426	4.98467
651	4.98426	5.00171
652	4.98426	5.06781
653	4.98426	5.16784
654	4.98426	5.02528
655	4.98426	5.06226
656	4.98426	5.03636
657	4.98426	5.02911
658	4.98426	4.98466
659	4.98426	4.98426
660	4.98426	4.99889
661	4.98426	4.98426
662	4.98426	4.98426
663	4.98426	4.98426
664	4.98426	4.98426
665	4.98426	5.05701
666	4.98426	4.99654
667	4.98426	4.99401
668	4.98426	5.0084
669	4.98426	5.00459
670	4.98426	4.99239
671	4.98426	5.00848
672	4.98426	5.03488
673	4.98426	5.0247
674	4.98426	5.03806
675	4.98426	5.02217
676	4.98426	5.0028
677	4.98426	5.00004
678	4.98426	5.00461
679	4.98426	5.0225
680	4.98426	4.99466
681	4.98426	4.98426
682	4.98426	5.02187
683	4.98426	5.05781
684	4.98426	5.01043
685	4.98426	4.98426
686	4.98426	4.98552
687	4.98426	5.06612
688	4.98426	5.09154
689	4.98426	4.9926
690	4.98426	5.01608
691	4.98426	5.05929
692	4.98426	5.10562
693	4.98426	5.02038
694	4.98426	5.03887
695	4.98426	5.03976
696	4.98426	5.08379
697	4.98426	5.07936
698	4.98426	5.01576
699	4.98426	5.01713
700	4.98426	5.13912
701	4.98426	5.09812
702	4.98426	5.10107
703	4.98426	5.07755
704	4.98426	5.1036
705	4.98426	5.10278
706	4.98426	5.01431
707	4.98426	5.04807
708	4.98426	5.01713
709	4.98426	5.0267
710	4.98426	5.08353
711	4.98426	5.0926
712	4.98426	5.02681
713	4.98426	5.03586
714	4.98426	5.00877
715	4.98426	5.05164
716	4.98426	5.02815
717	4.98426	4.9849
718	4.98426	4.98426
719	4.98426	5.0257
720	4.98426	5.00056
721	4.98426	5.06253
722	4.98426	5.037
723	4.98426	5.04122
724	4.98426	5.03104
725	4.98426	4.99678
726	4.98426	5.02142
727	4.98426	5.06981
728	4.98426	5.06816
729	4.98426	5.12209
730	4.98426	5.08039
731	4.98426	5.06479
732	4.98426	5.1382
733	4.98426	5.10417
734	4.98426	5.08923
735	4.98426	5.04173
736	4.98426	5.02813
737	4.98426	5.10582
738	4.98426	5.05235
739	4.98426	5.01743
740	4.98426	4.99949
741	4.98426	5.00326
742	4.98426	5.02367
743	4.98426	5.00163
744	4.98426	5.02446
745	4.98426	4.99444
746	4.98426	4.9992
747	4.98426	5.10722
748	4.98426	5.02773
749	4.98426	5.00813
750	4.98426	4.98585
751	4.98426	4.98426
752	4.98426	4.98426
753	4.98426	4.98804
754	4.98426	5.0077
755	4.98426	4.98426
756	4.98426	5.0242
757	4.98426	5.00976
758	4.98426	5.07996
759	4.98426	5.04176
760	4.98426	5.00873
761	4.98426	5.01092
762	4.98426	5.04965
763	4.98426	5.08889
764	4.98426	5.14024
765	4.98426	5.1474
766	4.98426	5.14853
767	4.98426	5.13459
768	4.98426	5.13977
769	4.98426	5.07181
770	4.98426	5.02634
771	4.98426	5.02706
772	4.98426	5.01195
773	4.98426	5.01783
774	4.98426	5.04156
775	4.98426	5.05274
776	4.98426	5.07903
777	4.98426	5.01916
778	4.98426	5.04337
779	4.98426	5.08035
780	4.98426	5.13574
781	4.98426	5.06542
782	4.98426	5.03538
783	4.98426	5.00508
784	4.98426	5.01628
785	4.98426	4.98426
786	4.98426	5.01529
787	4.98426	4.99905
788	4.98426	4.98466
789	4.98426	4.98426
790	4.98426	4.98504
791	4.98426	5.00381
792	4.98426	4.98969
793	4.98426	5.00965
794	4.98426	5.16024
795	4.98426	5.11858
796	4.98426	5.12181
797	4.98426	5.06495
798	4.98426	5.05535
799	4.98426	5.07517
800	4.98426	5.07313
801	4.98426	5.01625
802	4.98426	4.99023
803	4.98426	4.99684
804	4.98426	4.99779
805	4.98426	4.99921
806	4.98426	4.98426
807	4.98426	4.98699
808	4.98426	4.98471
809	4.98426	5.07234
810	4.98426	5.03183
811	4.98426	5.03809
812	4.98426	5.08418
813	4.98426	5.11
814	4.98426	5.1212
815	4.98426	5.04019
816	4.98426	5.03889
817	4.98426	5.04698
818	4.98426	5.05504
819	4.98426	4.98426
820	4.98426	4.98504
821	4.98426	4.98426
822	4.98426	4.98426
823	4.98426	4.98426
824	4.98426	4.98426
825	4.98426	4.98472
826	4.98426	4.98762
827	4.98426	5.08393
828	4.98426	5.02671
829	4.98426	5.01551
830	4.98426	4.99082
831	4.98426	4.98743
832	4.98426	4.98518
833	4.98426	5.04174
834	4.98426	5.01741
835	4.98426	5.00071
836	4.98426	4.99308
837	4.98426	4.98637
838	4.98426	4.99807
839	4.98426	5.0199
840	4.98426	5.12672
841	4.98426	5.12041
842	4.98426	5.08264
843	4.98426	5.03229
844	4.98426	5.11876
845	4.98426	5.07134
846	4.98426	5.07142
847	4.98426	5.05137
848	4.98426	5.02745
849	4.98426	5.03073
850	4.98426	5.07401
851	4.98426	5.01203
852	4.98426	4.98426
853	4.98426	5.04926
854	4.98426	4.99285
855	4.98426	5.01327
856	4.98426	4.99506
857	4.98426	5.02388
858	4.98426	5.06138
859	4.98426	5.17086
860	4.98426	5.06752
861	4.98426	5.04562
862	4.98426	4.98426
863	4.98426	4.98562
864	4.98426	5.03945
865	4.98426	5.01106
866	4.98426	5.02249
867	4.98426	5.09851
868	4.98426	4.99524
869	4.98426	5.00098
870	4.98426	5.06073
871	4.98426	5.0041
872	4.98426	4.99971
873	4.98426	4.98426
874	4.98426	4.99022
875	4.98426	4.99608
876	4.98426	4.98481
877	4.98426	4.98539
878	4.98426	4.99013
879	4.98426	5.0011
880	4.98426	4.98463
881	4.98426	4.98426
882	4.98426	4.98426
883	4.98426	4.98426
884	4.98426	4.98426
885	4.98426	4.98426
886	4.98426	4.98426
887	4.98426	4.98426
888	4.98426	4.98426
889	4.98426	4.98426
890	4.98426	4.98426
891	4.98426	4.98426
892	4.98426	4.98426
893	4.98426	4.98426
894	4.98426	5.02837
895	4.98426	5.05961
896	4.98426	5.15121
897	4.98426	5.09383
898	4.98426	5.00365
899	4.98426	5.02651
900	4.98426	5.12615
901	4.98426	5.157
902	4.98426	5.09097
903	4.98426	4.98817
904	4.98426	4.985
905	4.98426	4.98463
906	4.98426	4.98426
907	4.98426	4.98636
908	4.98426	4.98426
909	4.98426	4.98426
910	4.98426	4.98426
911	4.98426	4.98488
912	4.98426	5.01221
913	4.98426	5.01652
914	4.98426	5.0078
915	4.98426	5.06103
916	4.98426	5.04756
917	4.98426	5.02738
918	4.98426	5.07039
919	4.98426	4.99878
920	4.98426	4.98639
921	4.98426	4.98426
922	4.98426	4.98748
923	4.98426	4.99394
924	4.98426	4.99134
925	4.98426	5.0542
926	4.98426	5.0787
927	4.98426	5.11823
928	4.98426	5.07186
929	4.98426	5.06571
930	4.98426	5.0188
931	4.98426	5.03336
932	4.98426	5.08539
933	4.98426	5.09042
934	4.98426	5.12724
935	4.98426	5.14435
936	4.98426	5.10426
937	4.98426	5.02776
938	4.98426	5.03672
939	4.98426	5.01479
940	4.98426	5.07415
941	4.98426	4.9883
942	4.98426	5.01397
943	4.98426	5.03627
944	4.98426	5.05992
945	4.98426	4.99
946	4.98426	5.00496
947	4.98426	5.01607
948	4.98426	5.00994
949	4.98426	5.12336
950	4.98426	5.0156
951	4.98426	5.05091
952	4.98426	5.03777
953	4.98426	5.05367
954	4.98426	5.05919
955	4.98426	5.12599
956	4.98426	5.11301
957	4.98426	5.05909
958	4.98426	5.02363
959	4.98426	5.06615
960	4.98426	5.06606
961	4.98426	5.15899
962	4.98426	5.1984
963	4.98426	5.15495
964	4.98426	5.08078
965	4.98426	5.08826
966	4.98426	5.03945
967	4.98426	5.02564
968	4.98426	5.06855
969	4.98426	5.07105
970	4.98426	5.07538
971	4.98426	5.02954
972	4.98426	5.0743
973	4.98426	5.04177
974	4.98426	4.98466
975	4.98426	4.98426
976	4.98426	4.99475
977	4.98426	4.99807
978	4.98426	5.0222
979	4.98426	5.00374
980	4.98426	5.00507
981	4.98426	4.9906
982	4.98426	4.98431
983	4.98426	5.02603
984	4.98426	5.01831
985	4.98426	5.00944
986	4.98426	5.10719
987	4.98426	5.13247
988	4.98426	5.0555
989	4.98426	5.08581
990	4.98426	5.21685
991	4.98426	5.19328
992	4.98426	5.16012
993	4.98426	5.10829
994	4.98426	5.04536
995	4.98426	5.10735
996	4.98426	5.15925
997	4.98426	5.0688
998	4.98426	5.08472
999	4.98426	5.01882
1000	4.98426	5.01009
1001	4.98426	5.03052
1002	4.98426	5.04103
1003	4.98426	4.98932
1004	4.98426	5.00548
1005	4.98426	5.0254
1006	4.98426	4.98471
1007	4.98426	5.02408
1008	4.98426	5.07154
1009	4.98426	5.10359
1010	4.98426	5.04274
1011	4.98426	4.99747
1012	4.98426	4.98844
1013	4.98426	4.98426
1014	4.98426	4.98426
1015	4.98426	5.01933
1016	4.98426	5.01553
1017	4.98426	4.99525
1018	4.98426	4.99843
1019	4.98426	5.02949
1020	4.98426	5.05498
1021	4.98426	5.08451
1022	4.98426	5.07666
1023	4.98426	5.19001
1024	4.98426	5.22589
1025	4.98426	5.21909
1026	4.98426	5.07892
1027	4.98426	5.04052
1028	4.98426	5.02339
1029	4.98426	4.99577
1030	4.98426	5.0596
1031	4.98426	5.08337
1032	4.98426	5.06254
1033	4.98426	5.01031
1034	4.98426	5.01622
1035	4.98426	4.99705
1036	4.98426	5.02348
1037	4.98426	5.01036
1038	4.98426	5.03713
1039	4.98426	4.99691
1040	4.98426	5.01213
1041	4.98426	5.01776
1042	4.98426	4.99545
1043	4.98426	5.00354
1044	4.98426	4.98977
1045	4.98426	5.00081
1046	4.98426	5.01542
1047	4.98426	5.06369
1048	4.98426	5.04613
1049	4.98426	5.00264
1050	4.98426	5.00162
1051	4.98426	4.98863
1052	4.98426	5.12406
1053	4.98426	5.17587
1054	4.98426	5.16565
1055	4.98426	5.05257
1056	4.98426	5.00695
1057	4.98426	5.09251
1058	4.98426	5.00098
1059	4.98426	4.98516
1060	4.98426	5.01558
1061	4.98426	4.98801
1062	4.98426	5.03368
1063	4.98426	4.99856
1064	4.98426	4.98426
1065	4.98426	4.98426
1066	4.98426	4.98898
1067	4.98426	4.98463
1068	4.98426	4.98878
1069	4.98426	5.04444
1070	4.98426	5.03272
1071	4.98426	4.9976
1072	4.98426	5.00127
1073	4.98426	5.04508
1074	4.98426	5.01115
1075	4.98426	5.07913
1076	4.98426	5.04797
1077	4.98426	5.05002
1078	4.98426	5.01432
1079	4.98426	5.03506
1080	4.98426	5.02188
1081	4.98426	4.98426
1082	4.98426	4.98426
1083	4.98426	4.98426
1084	4.98426	4.98463
1085	4.98426	4.98426
1086	4.98426	4.98466
1087	4.98426	4.98426
1088	4.98426	5.05181
1089	4.98426	5.1228
1090	4.98426	5.09645
1091	4.98426	5.0224
1092	4.98426	4.98426
1093	4.98426	4.98426
1094	4.98426	4.98503
1095	4.98426	5.02846
1096	4.98426	5.01309
1097	4.98426	5.06008
1098	4.98426	4.99011
1099	4.98426	4.98426
1100	4.98426	5.00131
1101	4.98426	5.00389
1102	4.98426	5.00873
1103	4.98426	4.99154
1104	4.98426	5.00023
1105	4.98426	5.00879
1106	4.98426	4.98655
1107	4.98426	4.98852
1108	4.98426	5.00198
1109	4.98426	5.03417
1110	4.98426	4.9856
1111	4.98426	4.98426
1112	4.98426	5.01639
1113	4.98426	5.03836
1114	4.98426	5.09042
1115	4.98426	5.19262
1116	4.98426	5.12707
1117	4.98426	5.09017
1118	4.98426	5.1492
1119	4.98426	5.09918
1120	4.98426	5.10956
1121	4.98426	5.17196
1122	4.98426	5.07703
1123	4.98426	5.09195
1124	4.98426	5.0609
1125	4.98426	5.02335
1126	4.98426	5.00169
1127	4.98426	5.03952
1128	4.98426	5.05411
1129	4.98426	5.00709
1130	4.98426	5.06875
1131	4.98426	5.03736
1132	4.98426	5.04001
1133	4.98426	5.00007
1134	4.98426	4.98983
1135	4.98426	4.98503
1136	4.98426	5.01252
1137	4.98426	5.01911
1138	4.98426	5.06358
1139	4.98426	5.04299
1140	4.98426	5.0997
1141	4.98426	5.15207
1142	4.98426	5.19028
1143	4.98426	5.07956
1144	4.98426	5.13187
1145	4.98426	5.03143
1146	4.98426	4.98426
1147	4.98426	5.01816
1148	4.98426	5.02296
1149	4.98426	5.0729
1150	4.98426	5.03849
1151	4.98426	4.9964
1152	4.98426	5.05476
1153	4.98426	5.09987
1154	4.98426	5.13088
1155	4.98426	5.08973
1156	4.98426	5.04068
1157	4.98426	5.02021
1158	4.98426	4.98426
1159	4.98426	4.99097
1160	4.98426	5.00713
1161	4.98426	5.01212
1162	4.98426	5.0098
1163	4.98426	4.98426
1164	4.98426	4.98426
1165	4.98426	5.03838
1166	4.98426	5.11326
1167	4.98426	5.08289
1168	4.98426	5.01389
1169	4.98426	5.17027
1170	4.98426	5.18262
1171	4.98426	5.10709
1172	4.98426	5.08178
1173	4.98426	5.09358
1174	4.98426	5.0038
1175	4.98426	5.00455
1176	4.98426	4.99328
1177	4.98426	4.99053
1178	4.98426	4.99567
1179	4.98426	4.98592
1180	4.98426	5.00387
1181	4.98426	5.01399
1182	4.98426	5.0519
1183	4.98426	5.00133
1184	4.98426	5.00623
1185	4.98426	5.00461
1186	4.98426	5.00556
1187	4.98426	4.99989
1188	4.98426	5.03746
1189	4.98426	5.02154
1190	4.98426	5.05202
1191	4.98426	5.02465
1192	4.98426	5.04441
1193	4.98426	5.0465
1194	4.98426	5.07768
1195	4.98426	5.02353
1196	4.98426	5.06807
1197	4.98426	4.98599
1198	4.98426	4.99541
1199	4.98426	4.9982
1200	4.98426	5.07582
1201	4.98426	5.08177
1202	4.98426	5.10939
1203	4.98426	5.02864
1204	4.98426	5.03957
1205	4.98426	5.17004
1206	4.98426	5.14774
1207	4.98426	5.05976
1208	4.98426	5.04706
1209	4.98426	5.10766
1210	4.98426	5.02396
1211	4.98426	5.06439
1212	4.98426	5.0443
1213	4.98426	5.02343
1214	4.98426	4.9908
1215	4.98426	4.99968
1216	4.98426	5.05205
1217	4.98426	5.04955
1218	4.98426	4.98426
1219	4.98426	4.98922
1220	4.98426	5.00303
1221	4.98426	4.9968
1222	4.98426	5.10124
1223	4.98426	5.03727
1224	4.98426	5.07033
1225	4.98426	4.98982
1226	4.98426	4.98596
1227	4.98426	4.99649
1228	4.98426	5.0576
1229	4.98426	4.98426
1230	4.98426	5.06031
1231	4.98426	5.02825
1232	4.98426	5.05357
1233	4.98426	5.0399
1234	4.98426	5.04916
1235	4.98426	5.04752
1236	4.98426	5.06708
1237	4.98426	5.05019
1238	4.98426	4.98426
1239	4.98426	4.98426
1240	4.98426	5.0112
1241	4.98426	5.09071
1242	4.98426	5.18662
1243	4.98426	5.22629
1244	4.98426	5.0034
1245	4.98426	5.04016
1246	4.98426	4.99245
1247	4.98426	5.02555
1248	4.98426	5.05744
1249	4.98426	5.10721
1250	4.98426	5.05402
1251	4.98426	5.11227
1252	4.98426	5.06002
1253	4.98426	5.14107
1254	4.98426	5.23222
1255	4.98426	5.24956
1256	4.98426	5.09934
1257	4.98426	5.14076
1258	4.98426	5.0825
1259	4.98426	5.09683
1260	4.98426	4.99766
1261	4.98426	5.03785
1262	4.98426	5.09095
1263	4.98426	5.04605
1264	4.98426	5.08182
1265	4.98426	5.06271
1266	4.98426	5.03972
1267	4.98426	5.07592
1268	4.98426	5.08067
1269	4.98426	5.05445
1270	4.98426	5.02635
1271	4.98426	5.01249
1272	4.98426	4.98434
1273	4.98426	4.98832
1274	4.98426	5.01746
1275	4.98426	4.99874
1276	4.98426	5.09507
1277	4.98426	5.14433
1278	4.98426	5.08481
1279	4.98426	5.1743
1280	4.98426	5.09144
1281	4.98426	5.07661
1282	4.98426	5.02637
1283	4.98426	5.01976
1284	4.98426	5.02261
1285	4.98426	5.00314
1286	4.98426	5.00351
1287	4.98426	5.03443
1288	4.98426	5.01276
1289	4.98426	5.03197
1290	4.98426	5.06409
1291	4.98426	5.0171
1292	4.98426	5.01559
1293	4.98426	5.01766
1294	4.98426	5.00962
1295	4.98426	5.04821
1296	4.98426	5.00688
1297	4.98426	5.00566
1298	4.98426	5.02577
1299	4.98426	4.98426
1300	4.98426	4.98426
1301	4.98426	4.98426
1302	4.98426	4.99456
1303	4.98426	4.99909
1304	4.98426	5.0235
1305	4.98426	5.07106
1306	4.98426	5.11053
1307	4.98426	5.12656
1308	4.98426	5.11958
1309	4.98426	5.08024
1310	4.98426	5.01448
1311	4.98426	5.04632
1312	4.98426	5.00198
1313	4.98426	5.06186
1314	4.98426	5.02391
1315	4.98426	5.04391
1316	4.98426	5.00272
1317	4.98426	5.04455
1318	4.98426	5.12813
1319	4.98426	5.04515
1320	4.98426	5.23545
1321	4.98426	5.29623
1322	4.98426	5.15852
1323	4.98426	5.1333
1324	4.98426	5.12353
1325	4.98426	5.03144
1326	4.98426	4.99112
1327	4.98426	4.99201
1328	4.98426	4.98477
1329	4.98426	5.01064
1330	4.98426	4.99374
1331	4.98426	4.98523
1332	4.98426	4.98426
1333	4.98426	5.01438
1334	4.98426	4.98426
1335	4.98426	4.9881
1336	4.98426	4.99033
1337	4.98426	5.00861
1338	4.98426	5.05533
1339	4.98426	5.04378
1340	4.98426	4.98737
1341	4.98426	5.0172
1342	4.98426	4.98639
1343	4.98426	5.00099
1344	4.98426	5.04959
1345	4.98426	5.02593
1346	4.98426	4.99529
1347	4.98426	4.99486
1348	4.98426	4.99226
1349	4.98426	5.01041
1350	4.98426	5.00913
1351	4.98426	5.08405
1352	4.98426	5.0806
1353	4.98426	5.07491
1354	4.98426	4.99139
1355	4.98426	5.00138
1356	4.98426	5.00998
1357	4.98426	5.02242
1358	4.98426	4.99479
1359	4.98426	4.99092
1360	4.98426	5.01623
1361	4.98426	5.12287
1362	4.98426	5.10742
1363	4.98426	4.99217
1364	4.98426	4.99623
1365	4.98426	4.98426
1366	4.98426	4.98426
1367	4.98426	4.98426
1368	4.98426	4.99387
1369	4.98426	4.99001
1370	4.98426	5.00597
1371	4.98426	5.01166
1372	4.98426	5.03333
1373	4.98426	4.99151
1374	4.98426	4.99868
1375	4.98426	5.09195
1376	4.98426	5.06859
1377	4.98426	5.10508
1378	4.98426	5.04267
1379	4.98426	5.05273
1380	4.98426	4.99495
1381	4.98426	5.01478
1382	4.98426	5.01022
1383	4.98426	4.98731
1384	4.98426	5.04604
1385	4.98426	5.00442
1386	4.98426	5.0448
1387	4.98426	5.00589
1388	4.98426	5.06158
1389	4.98426	4.9865
1390	4.98426	4.99181
1391	4.98426	4.99241
1392	4.98426	5.00096
1393	4.98426	4.99225
1394	4.98426	4.98426
1395	4.98426	4.98426
1396	4.98426	4.98426
1397	4.98426	4.98426
1398	4.98426	4.99039
1399	4.98426	4.99094
1400	4.98426	5.00612
1401	4.98426	4.98611
1402	4.98426	5.02149
1403	4.98426	4.98504
1404	4.98426	4.99156
1405	4.98426	4.98426
1406	4.98426	5.01836
1407	4.98426	5.0523
1408	4.98426	5.09616
1409	4.98426	4.99658
1410	4.98426	4.99935
1411	4.98426	4.99317
1412	4.98426	4.98426
1413	4.98426	5.01544
1414	4.98426	5.01463
1415	4.98426	5.00794
1416	4.98426	5.06788
1417	4.98426	5.13692
1418	4.98426	5.0115
1419	4.98426	5.01217
1420	4.98426	5.00537
1421	4.98426	5.00479
1422	4.98426	4.99765
1423	4.98426	4.98748
1424	4.98426	5.00371
1425	4.98426	5.00143
1426	4.98426	5.02572
1427	4.98426	5.08178
1428	4.98426	5.02614
1429	4.98426	5.06824
1430	4.98426	5.0067
1431	4.98426	5.04932
1432	4.98426	5.00576
1433	4.98426	5.09255
1434	4.98426	5.02702
1435	4.98426	5.02533
1436	4.98426	5.06426
1437	4.98426	5.16084
1438	4.98426	5.12358
1439	4.98426	4.99885
1440	4.98426	5.03547
1441	4.98426	5.0165
1442	4.98426	5.09844
1443	4.98426	5.02015
1444	4.98426	4.98842
1445	4.98426	5.09914
1446	4.98426	5.18886
1447	4.98426	5.14047
1448	4.98426	5.08845
1449	4.98426	5.11375
1450	4.98426	5.25069
1451	4.98426	5.31185
1452	4.98426	5.17567
1453	4.98426	4.99457
1454	4.98426	4.9896
1455	4.98426	5.04021
1456	4.98426	5.03759
1457	4.98426	5.01573
1458	4.98426	5.01963
1459	4.98426	4.99234
1460	4.98426	4.98477
1461	4.98426	4.99399
1462	4.98426	5.04864
1463	4.98426	5.06194
1464	4.98426	5.02441
1465	4.98426	5.02901
1466	4.98426	5.01398
1467	4.98426	5.11697
1468	4.98426	5.03134
1469	4.98426	5.00635
1470	4.98426	4.99914
1471	4.98426	5.06312
1472	4.98426	5.01287
1473	4.98426	4.98837
1474	4.98426	4.98426
1475	4.98426	4.98426
1476	4.98426	5.00698
1477	4.98426	5.04921
1478	4.98426	4.99784
1479	4.98426	5.05156
1480	4.98426	5.05686
1481	4.98426	5.1075
1482	4.98426	5.02772
1483	4.98426	5.02909
1484	4.98426	5.00772
1485	4.98426	5.04142
1486	4.98426	5.04859
1487	4.98426	4.99709
1488	4.98426	5.10122
1489	4.98426	5.04489
1490	4.98426	5.06108
1491	4.98426	5.00456
1492	4.98426	5.04152
1493	4.98426	5.01096
1494	4.98426	5.00911
1495	4.98426	4.98588
1496	4.98426	4.98928
1497	4.98426	5.04912
1498	4.98426	5.00471
1499	4.98426	4.98554
1500	4.98426	5.01195
1501	4.98426	4.98832
1502	4.98426	4.9909
1503	4.98426	4.99452
1504	4.98426	4.98506
1505	4.98426	5.02071
1506	4.98426	5.11034
1507	4.98426	5.11421
1508	4.98426	5.07094
1509	4.98426	5.13134
1510	4.98426	5.16101
1511	4.98426	5.18102
1512	4.98426	5.04263
1513	4.98426	4.986
1514	4.98426	5.04255
1515	4.98426	5.00459
1516	4.98426	5.10778
1517	4.98426	5.0615
1518	4.98426	4.9931
1519	4.98426	4.99302
1520	4.98426	4.98932
1521	4.98426	4.98426
1522	4.98426	4.98546
1523	4.98426	4.98426
1524	4.98426	4.98426
1525	4.98426	4.98426
1526	4.98426	4.98426
1527	4.98426	4.98426
1528	4.98426	4.99117
1529	4.98426	4.9917
1530	4.98426	4.98554
1531	4.98426	5.01756
1532	4.98426	4.99297
1533	4.98426	5.01808
1534	4.98426	5.01962
1535	4.98426	4.98426
1536	4.98426	5.013
1537	4.98426	4.99481
1538	4.98426	4.9902
1539	4.98426	4.98426
1540	4.98426	4.98426
1541	4.98426	4.98426
1542	4.98426	5.03777
1543	4.98426	5.04726
1544	4.98426	4.98699
1545	4.98426	5.00993
1546	4.98426	5.04185
1547	4.98426	5.00975
1548	4.98426	5.00484
1549	4.98426	5.04156
1550	4.98426	5.00177
1551	4.98426	5.00193
1552	4.98426	4.99218
1553	4.98426	5.00792
1554	4.98426	5.07365
1555	4.98426	5.1216
1556	4.98426	5.15123
1557	4.98426	5.071
1558	4.98426	5.00944
1559	4.98426	4.98431
1560	4.98426	4.98732
1561	4.98426	5.07764
1562	4.98426	5.02007
1563	4.98426	5.00294
1564	4.98426	4.99474
1565	4.98426	5.07284
1566	4.98426	4.98743
1567	4.98426	4.99546
1568	4.98426	5.03869
1569	4.98426	5.0658
1570	4.98426	5.07524
1571	4.98426	5.11011
1572	4.98426	4.99546
1573	4.98426	5.03203
1574	4.98426	5.08617
1575	4.98426	4.99335
1576	4.98426	5.01234
1577	4.98426	5.08216
1578	4.98426	5.11381
1579	4.98426	5.15328
1580	4.98426	5.0343
1581	4.98426	5.00238
1582	4.98426	5.00321
1583	4.98426	4.99839
1584	4.98426	5.03832
1585	4.98426	5.15327
1586	4.98426	5.04866
1587	4.98426	5.04295
1588	4.98426	5.12659
1589	4.98426	5.10058
1590	4.98426	4.98516
1591	4.98426	4.98742
1592	4.98426	4.98512
1593	4.98426	4.98513
1594	4.98426	5.02073
1595	4.98426	5.00695
1596	4.98426	4.98464
1597	4.98426	4.98937
1598	4.98426	5.02728
1599	4.98426	4.98426
1600	4.98426	4.98831
1601	4.98426	4.99034
1602	4.98426	4.98426
1603	4.98426	4.99726
1604	4.98426	4.98426
1605	4.98426	5.00235
1606	4.98426	5.07501
1607	4.98426	5.0476
1608	4.98426	5.03859
1609	4.98426	5.01279
1610	4.98426	5.06474
1611	4.98426	4.98426
1612	4.98426	4.98426
1613	4.98426	5.01508
1614	4.98426	4.99995
1615	4.98426	4.98426
1616	4.98426	5.01225
1617	4.98426	5.05074
1618	4.98426	5.01683
1619	4.98426	5.08672
1620	4.98426	5.21415
1621	4.98426	5.14828
1622	4.98426	5.12238
1623	4.98426	5.04903
1624	4.98426	4.98982
1625	4.98426	5.03468
1626	4.98426	4.98426
1627	4.98426	4.98426
1628	4.98426	4.98935
1629	4.98426	4.98546
1630	4.98426	4.99103
1631	4.98426	4.99898
1632	4.98426	5.007
1633	4.98426	5.04028
1634	4.98426	5.01945
1635	4.98426	5.01762
1636	4.98426	5.03755
1637	4.98426	5.03703
1638	4.98426	5.0004
1639	4.98426	4.98426
1640	4.98426	4.98426
1641	4.98426	5.00293
1642	4.98426	4.98758
1643	4.98426	4.98426
1644	4.98426	4.99147
1645	4.98426	5.00442
1646	4.98426	5.01962
1647	4.98426	5.08699
1648	4.98426	5.01139
1649	4.98426	5.02831
1650	4.98426	5.04076
1651	4.98426	4.98881
1652	4.98426	4.98566
1653	4.98426	5.06758
1654	4.98426	5.11593
1655	4.98426	5.18932
1656	4.98426	5.10619
1657	4.98426	5.02641
1658	4.98426	4.98426
1659	4.98426	4.99989
1660	4.98426	4.98943
1661	4.98426	5.02337
1662	4.98426	5.04585
1663	4.98426	5.02368
1664	4.98426	4.9936
1665	4.98426	5.00271
1666	4.98426	5.05576
1667	4.98426	5.03551
1668	4.98426	5.14101
1669	4.98426	5.14302
1670	4.98426	5.11963
1671	4.98426	5.02745
1672	4.98426	4.98426
1673	4.98426	4.98426
1674	4.98426	4.99133
1675	4.98426	5.09248
1676	4.98426	5.06552
1677	4.98426	5.0884
1678	4.98426	4.9963
1679	4.98426	5.11671
1680	4.98426	5.1042
1681	4.98426	5.04392
1682	4.98426	5.052
1683	4.98426	5.02421
1684	4.98426	5.06242
1685	4.98426	5.10961
1686	4.98426	4.99082
1687	4.98426	4.99198
1688	4.98426	5.03155
1689	4.98426	4.99188
1690	4.98426	5.02309
1691	4.98426	5.10507
1692	4.98426	5.02398
1693	4.98426	5.0233
1694	4.98426	5.01157
1695	4.98426	4.99646
1696	4.98426	4.98426
1697	4.98426	4.98497
1698	4.98426	5.0308
1699	4.98426	5.01196
1700	4.98426	5.01819
1701	4.98426	5.03501
1702	4.98426	5.06541
1703	4.98426	5.05755
1704	4.98426	4.99063
1705	4.98426	5.02823
1706	4.98426	5.00119
1707	4.98426	5.01022
1708	4.98426	5.07226
1709	4.98426	4.99255
1710	4.98426	4.99759
1711	4.98426	5.10533
1712	4.98426	5.07188
1713	4.98426	5.05972
1714	4.98426	5.0018
1715	4.98426	4.99369
1716	4.98426	5.00427
1717	4.98426	5.00965
1718	4.98426	4.99495
1719	4.98426	5.02378
1720	4.98426	5.04432
1721	4.98426	4.98426
1722	4.98426	4.98948
1723	4.98426	4.9983
1724	4.98426	4.98489
1725	4.98426	4.99015
1726	4.98426	4.99507
1727	4.98426	4.98497
1728	4.98426	5.08081
1729	4.98426	5.09612
1730	4.98426	5.13138
1731	4.98426	5.08367
1732	4.98426	5.03396
1733	4.98426	5.00623
1734	4.98426	4.98431
1735	4.98426	4.99644
1736	4.98426	5.00538
1737	4.98426	4.9868
1738	4.98426	5.052
1739	4.98426	5.057
1740	4.98426	5.02675
1741	4.98426	5.05168
1742	4.98426	5.05423
1743	4.98426	5.03967
1744	4.98426	5.12714
1745	4.98426	5.05488
1746	4.98426	5.03758
1747	4.98426	5.11781
1748	4.98426	5.01643
1749	4.98426	4.98873
1750	4.98426	4.99158
1751	4.98426	5.04811
1752	4.98426	4.99124
1753	4.98426	5.00982
1754	4.98426	5.0403
1755	4.98426	5.00186
1756	4.98426	4.98542
1757	4.98426	4.98426
1758	4.98426	4.98426
1759	4.98426	4.99441
1760	4.98426	5.01152
1761	4.98426	4.99981
1762	4.98426	5.01461
1763	4.98426	5.01043
1764	4.98426	5.06129
1765	4.98426	5.07029
1766	4.98426	5.10545
1767	4.98426	5.07388
1768	4.98426	5.04624
1769	4.98426	5.08624
1770	4.98426	5.07695
1771	4.98426	5.08416
1772	4.98426	5.00288
1773	4.98426	5.06784
1774	4.98426	5.01421
1775	4.98426	4.98426
1776	4.98426	4.98426
1777	4.98426	5.00653
1778	4.98426	5.06335
1779	4.98426	5.09169
1780	4.98426	5.05255
1781	4.98426	5.10007
1782	4.98426	5.11452
1783	4.98426	5.04249
1784	4.98426	4.98529
1785	4.98426	4.98434
1786	4.98426	4.98791
1787	4.98426	5.04945
1788	4.98426	5.11089
1789	4.98426	5.05983
1790	4.98426	5.15535
1791	4.98426	5.07831
1792	4.98426	5.02497
1793	4.98426	4.98426
1794	4.98426	4.98594
1795	4.98426	5.0043
1796	4.98426	5.00698
1797	4.98426	4.98735
1798	4.98426	4.99318
1799	4.98426	4.99301
1800	4.98426	5.01793
1801	4.98426	4.98436
1802	4.98426	5.0982
1803	4.98426	5.05561
1804	4.98426	5.09484
1805	4.98426	5.0427
1806	4.98426	5.05646
1807	4.98426	5.00404
1808	4.98426	5.05761
1809	4.98426	5.05047
1810	4.98426	5.09785
1811	4.98426	5.08934
1812	4.98426	5.01078
1813	4.98426	5.03953
1814	4.98426	5.04141
1815	4.98426	5.04305
1816	4.98426	5.00331
1817	4.98426	5.07019
1818	4.98426	5.03859
1819	4.98426	5.08456
1820	4.98426	5.1106
1821	4.98426	5.07919
1822	4.98426	5.00281
1823	4.98426	5.12818
1824	4.98426	5.07049
1825	4.98426	5.06278
1826	4.98426	4.98958
1827	4.98426	4.99892
1828	4.98426	5.02199
1829	4.98426	4.99879
1830	4.98426	5.02094
1831	4.98426	5.06423
1832	4.98426	5.05187
1833	4.98426	5.07345
1834	4.98426	5.12144
1835	4.98426	5.159
1836	4.98426	5.14578
1837	4.98426	5.03459
1838	4.98426	5.02971
1839	4.98426	5.01419
1840	4.98426	5.06723
1841	4.98426	5.03848
1842	4.98426	5.05186
1843	4.98426	5.03031
1844	4.98426	5.09596
1845	4.98426	5.13392
1846	4.98426	5.04008
1847	4.98426	5.01377
1848	4.98426	5.07528
1849	4.98426	5.05863
1850	4.98426	5.04476
1851	4.98426	5.1741
1852	4.98426	5.07099
1853	4.98426	5.11939
1854	4.98426	5.02318
1855	4.98426	5.04041
1856	4.98426	5.01984
1857	4.98426	5.01903
1858	4.98426	4.9858
1859	4.98426	5.00988
1860	4.98426	5.02383
1861	4.98426	5.01869
1862	4.98426	4.98426
1863	4.98426	4.98426
1864	4.98426	4.98426
1865	4.98426	4.98426
1866	4.98426	5.01268
1867	4.98426	5.01072
1868	4.98426	5.01807
1869	4.98426	5.03022
1870	4.98426	5.05352
1871	4.98426	5.06014
1872	4.98426	4.98654
1873	4.98426	4.99287
1874	4.98426	4.98502
1875	4.98426	5.00275
1876	4.98426	5.00986
1877	4.98426	5.01209
1878	4.98426	5.00915
1879	4.98426	5.01187
1880	4.98426	5.02075
1881	4.98426	5.02399
1882	4.98426	4.99812
1883	4.98426	5.00038
1884	4.98426	5.00539
1885	4.98426	5.01465
1886	4.98426	4.98663
1887	4.98426	4.99126
1888	4.98426	4.98426
1889	4.98426	4.98708
1890	4.98426	4.98657
1891	4.98426	5.02202
1892	4.98426	5.00942
1893	4.98426	5.00984
1894	4.98426	5.00454
1895	4.98426	5.00282
1896	4.98426	4.98426
1897	4.98426	5.00161
1898	4.98426	5.05212
1899	4.98426	5.07361
1900	4.98426	5.08461
1901	4.98426	5.10328
1902	4.98426	5.07293
1903	4.98426	5.04026
1904	4.98426	5.08099
1905	4.98426	5.13328
1906	4.98426	5.07703
1907	4.98426	5.07295
1908	4.98426	5.01898
1909	4.98426	5.00269
1910	4.98426	4.98426
1911	4.98426	4.99026
1912	4.98426	5.00769
1913	4.98426	4.99415
1914	4.98426	4.98743
1915	4.98426	5.04759
1916	4.98426	5.03966
1917	4.98426	5.00637
1918	4.98426	5.01385
1919	4.98426	5.13259
1920	4.98426	5.0728
1921	4.98426	4.99144
1922	4.98426	4.99636
1923	4.98426	5.07097
1924	4.98426	5.10336
1925	4.98426	5.15344
1926	4.98426	5.18336
1927	4.98426	5.13663
1928	4.98426	5.06902
1929	4.98426	5.00765
1930	4.98426	4.99572
1931	4.98426	4.98766
1932	4.98426	5.01627
1933	4.98426	4.98426
1934	4.98426	5.05502
1935	4.98426	5.05846
1936	4.98426	5.02372
1937	4.98426	4.99503
1938	4.98426	5.03738
1939	4.98426	4.98889
1940	4.98426	4.98726
1941	4.98426	5.03284
1942	4.98426	5.0078
1943	4.98426	5.04031
1944	4.98426	5.13257
1945	4.98426	5.10016
1946	4.98426	5.04581
1947	4.98426	5.03541
1948	4.98426	5.06359
1949	4.98426	5.05074
1950	4.98426	5.00059
1951	4.98426	4.99219
1952	4.98426	4.98599
1953	4.98426	4.98426
1954	4.98426	4.98426
1955	4.98426	5.02455
1956	4.98426	5.02091
1957	4.98426	5.09178
1958	4.98426	5.05761
1959	4.98426	5.00336
1960	4.98426	4.98426
1961	4.98426	4.98426
1962	4.98426	4.98426
1963	4.98426	4.99377
1964	4.98426	5.05642
1965	4.98426	5.08504
1966	4.98426	5.13086
1967	4.98426	5.2032
1968	4.98426	5.09946
1969	4.98426	5.07966
1970	4.98426	4.98426
1971	4.98426	4.98426
1972	4.98426	4.98426
1973	4.98426	4.98426
1974	4.98426	4.98426
1975	4.98426	4.98463
1976	4.98426	4.98426
1977	4.98426	4.98426
1978	4.98426	4.98426
1979	4.98426	5.01449
1980	4.98426	4.99719
1981	4.98426	5.02459
1982	4.98426	5.03939
1983	4.98426	5.02524
1984	4.98426	5.01029
1985	4.98426	5.01139
1986	4.98426	4.99146
1987	4.98426	4.988
1988	4.98426	4.98426
1989	4.98426	4.98426
1990	4.98426	4.99701
1991	4.98426	5.04344
1992	4.98426	5.0108
1993	4.98426	4.99833
1994	4.98426	5.00064
1995	4.98426	4.98426
1996	4.98426	4.98426
1997	4.98426	4.98426
1998	4.98426	4.99265
1999	4.98426	4.98426
2000	4.98426	4.99234
2001	4.98426	4.98426
2002	4.98426	4.98426
2003	4.98426	4.98426
2004	4.98426	4.98426
2005	4.98426	5.00826
2006	4.98426	4.98895
2007	4.98426	4.98864
2008	4.98426	4.98426
2009	4.98426	4.98553
2010	4.98426	4.99655
2011	4.98426	5.01783
2012	4.98426	5.01231
2013	4.98426	5.00393
2014	4.98426	4.98512
2015	4.98426	4.98434
2016	4.98426	4.98426
2017	4.98426	4.99268
2018	4.98426	4.99075
2019	4.98426	5.00632
2020	4.98426	4.98681
2021	4.98426	5.01302
2022	4.98426	5.18129
2023	4.98426	5.08882
2024	4.98426	5.12989
2025	4.98426	5.15776
2026	4.98426	5.2088
2027	4.98426	5.07381
2028	4.98426	5.00582
2029	4.98426	5.01196
2030	4.98426	5.02309
2031	4.98426	5.06032
2032	4.98426	5.05698
2033	4.98426	5.04879
2034	4.98426	5.06923
2035	4.98426	5.06023
2036	4.98426	5.04134
2037	4.98426	5.01953
2038	4.98426	5.02013
2039	4.98426	5.03969
2040	4.98426	5.04138
2041	4.98426	5.01375
2042	4.98426	4.98783
2043	4.98426	5.02483
2044	4.98426	5.00347
2045	4.98426	4.98543
2046	4.98426	4.98554
2047	4.98426	5.01284
2048	4.98426	4.99549
2049	4.98426	4.99118
2050	4.98426	4.98426
2051	4.98426	4.98532
2052	4.98426	4.99357
2053	4.98426	5.0045
2054	4.98426	4.98822
2055	4.98426	4.98696
2056	4.98426	4.99128
2057	4.98426	5.00799
2058	4.98426	5.00145
2059	4.98426	4.9935
2060	4.98426	4.98426
2061	4.98426	4.98426
2062	4.98426	5.01049
2063	4.98426	5.01284
2064	4.98426	4.99794
2065	4.98426	4.98703
2066	4.98426	4.99567
2067	4.98426	5.03
2068	4.98426	5.02786
2069	4.98426	5.08129
2070	4.98426	5.02114
2071	4.98426	5.00102
2072	4.98426	4.98426
2073	4.98426	4.98426
2074	4.98426	4.98426
2075	4.98426	5.01466
2076	4.98426	4.98426
2077	4.98426	4.99159
2078	4.98426	4.9863
2079	4.98426	5.05532
2080	4.98426	5.05649
2081	4.98426	5.0258
2082	4.98426	4.98426
2083	4.98426	4.98431
2084	4.98426	5.02605
2085	4.98426	5.04782
2086	4.98426	5.01298
2087	4.98426	5.03007
2088	4.98426	5.01617
2089	4.98426	5.00456
2090	4.98426	5.05064
2091	4.98426	5.05554
2092	4.98426	5.08208
2093	4.98426	5.11022
2094	4.98426	5.06829
2095	4.98426	5.0446
2096	4.98426	5.04517
2097	4.98426	5.11759
2098	4.98426	4.99626
2099	4.98426	4.99583
2100	4.98426	4.98426
2101	4.98426	4.98444
2102	4.98426	4.98555
2103	4.98426	4.98491
2104	4.98426	4.98426
2105	4.98426	4.99173
2106	4.98426	4.98581
2107	4.98426	4.98989
2108	4.98426	4.98426
2109	4.98426	4.98426
2110	4.98426	4.98747
2111	4.98426	4.99796
2112	4.98426	5.04713
2113	4.98426	5.05672
2114	4.98426	5.01711
2115	4.98426	5.00616
2116	4.98426	5.02725
2117	4.98426	5.00815
2118	4.98426	5.00433
2119	4.98426	5.0059
2120	4.98426	5.02635
2121	4.98426	5.03113
2122	4.98426	5.00125
2123	4.98426	4.98434
2124	4.98426	4.99518
2125	4.98426	5.04533
2126	4.98426	5.0512
2127	4.98426	5.03568
2128	4.98426	4.99486
2129	4.98426	4.98426
2130	4.98426	4.98426
2131	4.98426	4.98426
2132	4.98426	4.98426
2133	4.98426	4.98426
2134	4.98426	5.07968
2135	4.98426	5.02735
2136	4.98426	5.0672
2137	4.98426	5.07658
2138	4.98426	5.07159
2139	4.98426	4.98819
2140	4.98426	5.02496
2141	4.98426	5.06568
2142	4.98426	5.19701
2143	4.98426	5.08627
2144	4.98426	5.06155
2145	4.98426	5.03983
2146	4.98426	5.07736
2147	4.98426	5.044
2148	4.98426	4.98775
2149	4.98426	4.98426
2150	4.98426	5.0032
2151	4.98426	5.03762
2152	4.98426	5.04259
2153	4.98426	5.02688
2154	4.98426	5.06444
2155	4.98426	5.0144
2156	4.98426	4.98613
2157	4.98426	4.9937
2158	4.98426	5.00543
2159	4.98426	4.99586
2160	4.98426	5.01543
2161	4.98426	5.00042
2162	4.98426	4.9853
2163	4.98426	5.00421
2164	4.98426	5.00057
2165	4.98426	5.09178
2166	4.98426	5.02839
2167	4.98426	5.0147
2168	4.98426	5.01055
2169	4.98426	4.98925
2170	4.98426	4.98434
2171	4.98426	4.98426
2172	4.98426	4.99626
2173	4.98426	5.04783
2174	4.98426	4.9963
2175	4.98426	5.02516
2176	4.98426	5.05584
2177	4.98426	5.07415
2178	4.98426	5.07328
2179	4.98426	5.02932
2180	4.98426	5.08506
2181	4.98426	5.11788
2182	4.98426	5.00789
2183	4.98426	5.00776
2184	4.98426	4.98426
2185	4.98426	4.9886
2186	4.98426	5.00597
2187	4.98426	5.0483
2188	4.98426	5.01404
2189	4.98426	5.1757
2190	4.98426	5.12692
2191	4.98426	5.05342
2192	4.98426	5.00602
2193	4.98426	5.00573
2194	4.98426	4.99093
2195	4.98426	4.98426
2196	4.98426	4.98426
2197	4.98426	4.98434
2198	4.98426	5.10171
2199	4.98426	5.01559
2200	4.98426	5.03671
2201	4.98426	5.05251
2202	4.98426	4.98866
2203	4.98426	5.0051
2204	4.98426	5.01743
2205	4.98426	4.98617
2206	4.98426	4.98883
2207	4.98426	4.98694
2208	4.98426	4.98426
2209	4.98426	4.98426
2210	4.98426	5.00128
2211	4.98426	5.00589
2212	4.98426	4.998
2213	4.98426	4.98426
2214	4.98426	4.98426
2215	4.98426	4.98629
2216	4.98426	4.98537
2217	4.98426	4.98426
2218	4.98426	5.00597
2219	4.98426	5.02741
2220	4.98426	4.98426
2221	4.98426	4.98426
2222	4.98426	5.00348
2223	4.98426	5.05975
2224	4.98426	5.05866
2225	4.98426	5.03373
2226	4.98426	5.07097
2227	4.98426	5.07211
2228	4.98426	5.05827
2229	4.98426	5.02777
2230	4.98426	4.98426
2231	4.98426	4.98426
2232	4.98426	4.99543
2233	4.98426	4.98426
2234	4.98426	5.00655
2235	4.98426	4.99917
2236	4.98426	4.98703
2237	4.98426	5.02852
2238	4.98426	4.99796
2239	4.98426	5.00043
2240	4.98426	5.03531
2241	4.98426	5.08994
2242	4.98426	5.04898
2243	4.98426	5.09048
2244	4.98426	5.09699
2245	4.98426	5.0537
2246	4.98426	5.05888
2247	4.98426	5.01393
2248	4.98426	5.00929
2249	4.98426	5.02973
2250	4.98426	4.98847
2251	4.98426	4.98548
2252	4.98426	4.99298
2253	4.98426	4.99308
2254	4.98426	5.01735
2255	4.98426	5.04702
2256	4.98426	5.00157
2257	4.98426	5.03241
2258	4.98426	5.06837
2259	4.98426	5.01726
2260	4.98426	4.98958
2261	4.98426	4.98426
2262	4.98426	5.03302
2263	4.98426	4.99032
2264	4.98426	4.98426
2265	4.98426	4.99035
2266	4.98426	5.00287
2267	4.98426	5.00793
2268	4.98426	5.01333
2269	4.98426	5.00062
2270	4.98426	5.00329
2271	4.98426	5.02434
2272	4.98426	5.02892
2273	4.98426	5.04522
2274	4.98426	5.04566
2275	4.98426	5.0013
2276	4.98426	5.05357
2277	4.98426	5.09129
2278	4.98426	5.04513
2279	4.98426	5.07165
2280	4.98426	5.09809
2281	4.98426	5.06189
2282	4.98426	5.07027
2283	4.98426	5.04183
2284	4.98426	4.99816
2285	4.98426	4.98662
2286	4.98426	4.99981
2287	4.98426	4.99091
2288	4.98426	4.98426
2289	4.98426	5.02341
2290	4.98426	5.01923
2291	4.98426	5.01531
2292	4.98426	5.08544
2293	4.98426	5.01026
2294	4.98426	4.99019
2295	4.98426	5.02105
2296	4.98426	5.0413
2297	4.98426	5.01123
2298	4.98426	4.99771
2299	4.98426	4.98746
2300	4.98426	5.08952
2301	4.98426	4.997
2302	4.98426	5.04741
2303	4.98426	5.01792
2304	4.98426	5.0385
2305	4.98426	4.99263
2306	4.98426	4.9972
2307	4.98426	4.99984
2308	4.98426	4.99744
2309	4.98426	5.01413
2310	4.98426	5.02042
2311	4.98426	5.17122
2312	4.98426	5.08896
2313	4.98426	5.00501
2314	4.98426	4.98855
2315	4.98426	4.98764
2316	4.98426	4.98434
2317	4.98426	4.98426
2318	4.98426	5.02361
2319	4.98426	5.01046
2320	4.98426	5.05814
2321	4.98426	5.02098
2322	4.98426	4.98466
2323	4.98426	4.99563
2324	4.98426	4.98562
2325	4.98426	4.99574
2326	4.98426	5.0083
2327	4.98426	5.01926
2328	4.98426	5.00745
2329	4.98426	5.04765
2330	4.98426	5.06508
2331	4.98426	4.99286
2332	4.98426	5.00988
2333	4.98426	5.02355
2334	4.98426	5.01328
2335	4.98426	4.99197
2336	4.98426	5.01358
2337	4.98426	5.05732
2338	4.98426	5.00154
2339	4.98426	4.98943
2340	4.98426	5.02391
2341	4.98426	4.99245
2342	4.98426	4.98426
2343	4.98426	4.99735
2344	4.98426	4.98667
2345	4.98426	4.98564
2346	4.98426	4.99236
2347	4.98426	4.98426
2348	4.98426	4.98734
2349	4.98426	4.99361
2350	4.98426	5.07375
2351	4.98426	5.04918
2352	4.98426	5.01883
2353	4.98426	5.00985
2354	4.98426	4.98426
2355	4.98426	4.98426
2356	4.98426	5.03059
2357	4.98426	5.00003
2358	4.98426	5.05601
2359	4.98426	5.12161
2360	4.98426	5.22218
2361	4.98426	5.11994
2362	4.98426	5.10607
2363	4.98426	5.04181
2364	4.98426	5.01809
2365	4.98426	5.02901
2366	4.98426	5.03971
2367	4.98426	4.99624
2368	4.98426	5.04111
2369	4.98426	5.03206
2370	4.98426	5.06226
2371	4.98426	5.05361
2372	4.98426	5.07551
2373	4.98426	5.05531
2374	4.98426	5.09695
2375	4.98426	5.0487
2376	4.98426	5.03292
2377	4.98426	5.03679
2378	4.98426	5.03285
2379	4.98426	5.06628
2380	4.98426	5.08468
2381	4.98426	5.15132
2382	4.98426	5.01015
2383	4.98426	4.98426
2384	4.98426	5.08289
2385	4.98426	5.06348
2386	4.98426	5.02056
2387	4.98426	4.98789
2388	4.98426	4.98629
2389	4.98426	4.99674
2390	4.98426	5.02154
2391	4.98426	5.0475
2392	4.98426	5.0615
2393	4.98426	5.05144
2394	4.98426	5.019
2395	4.98426	5.03484
2396	4.98426	5.00065
2397	4.98426	5.01662
2398	4.98426	5.06128
2399	4.98426	5.01104
2400	4.98426	5.02985
2401	4.98426	5.00541
2402	4.98426	5.01152
2403	4.98426	4.98621
2404	4.98426	4.98426
2405	4.98426	5.01316
2406	4.98426	4.98617
2407	4.98426	4.99378
2408	4.98426	5.06515
2409	4.98426	5.1328
2410	4.98426	5.01328
2411	4.98426	5.05698
2412	4.98426	5.09876
2413	4.98426	5.04899
2414	4.98426	5.16169
2415	4.98426	5.02241
2416	4.98426	4.99854
2417	4.98426	4.99
2418	4.98426	4.98426
2419	4.98426	4.98426
2420	4.98426	4.98426
2421	4.98426	4.98426
2422	4.98426	4.98612
2423	4.98426	4.98529
2424	4.98426	5.02219
2425	4.98426	4.98431
2426	4.98426	4.99665
2427	4.98426	5.00709
2428	4.98426	5.06333
2429	4.98426	5.04916
2430	4.98426	5.02268
2431	4.98426	5.02097
2432	4.98426	4.99145
2433	4.98426	5.0914
2434	4.98426	5.16757
2435	4.98426	5.11459
2436	4.98426	5.09702
2437	4.98426	5.18125
2438	4.98426	5.11389
2439	4.98426	5.17727
2440	4.98426	5.09994
2441	4.98426	5.26481
2442	4.98426	5.15522
2443	4.98426	5.22723
2444	4.98426	5.10551
2445	4.98426	5.03262
2446	4.98426	5.03998
2447	4.98426	5.13743
2448	4.98426	5.08441
2449	4.98426	5.08075
2450	4.98426	5.03408
2451	4.98426	5.04218
2452	4.98426	5.00911
2453	4.98426	4.99646
2454	4.98426	4.98484
2455	4.98426	5.07472
2456	4.98426	5.07491
2457	4.98426	5.0999
2458	4.98426	5.08864
2459	4.98426	5.13185
2460	4.98426	5.12053
2461	4.98426	5.14543
2462	4.98426	5.03604
2463	4.98426	5.00581
2464	4.98426	4.99827
2465	4.98426	5.02314
2466	4.98426	5.06323
2467	4.98426	5.12672
2468	4.98426	5.12983
2469	4.98426	5.03156
2470	4.98426	4.98774
2471	4.98426	4.98426
2472	4.98426	4.98657
2473	4.98426	4.98816
2474	4.98426	4.99625
2475	4.98426	4.98426
2476	4.98426	5.03071
2477	4.98426	4.98947
2478	4.98426	4.98426
2479	4.98426	5.01358
2480	4.98426	4.98426
2481	4.98426	4.98426
2482	4.98426	4.98484
2483	4.98426	4.98444
2484	4.98426	4.98506
2485	4.98426	5.01028
2486	4.98426	5.11433
2487	4.98426	5.03843
2488	4.98426	5.02663
2489	4.98426	5.15395
2490	4.98426	5.13267
2491	4.98426	5.14287
2492	4.98426	5.01433
2493	4.98426	5.01484
2494	4.98426	5.0232
2495	4.98426	5.02712
2496	4.98426	5.05958
2497	4.98426	5.03492
2498	4.98426	5.03019
2499	4.98426	5.0123
2500	4.98426	4.98426
2501	4.98426	4.98426
2502	4.98426	4.98426
2503	4.98426	4.98426
2504	4.98426	4.98426
2505	4.98426	4.98426
2506	4.98426	4.98426
2507	4.98426	5.01334
2508	4.98426	5.06281
2509	4.98426	5.02628
2510	4.98426	5.01095
2511	4.98426	4.98783
2512	4.98426	5.00179
2513	4.98426	5.01772
2514	4.98426	5.02056
2515	4.98426	5.05167
2516	4.98426	5.02706
2517	4.98426	5.01321
2518	4.98426	5.05142
2519	4.98426	5.07722
2520	4.98426	5.03001
2521	4.98426	5.0032
2522	4.98426	4.9993
2523	4.98426	5.02987
2524	4.98426	5.15001
2525	4.98426	5.14734
2526	4.98426	5.1988
2527	4.98426	5.08997
2528	4.98426	5.09797
2529	4.98426	5.07557
2530	4.98426	5.05879
2531	4.98426	5.07773
2532	4.98426	5.01187
2533	4.98426	5.09921
2534	4.98426	5.11371
2535	4.98426	5.05759
2536	4.98426	5.13289
2537	4.98426	5.09299
2538	4.98426	5.07454
2539	4.98426	5.02308
2540	4.98426	5.06327
2541	4.98426	5.03555
2542	4.98426	5.04534
2543	4.98426	5.01545
2544	4.98426	5.03513
2545	4.98426	5.03429
2546	4.98426	5.03106
2547	4.98426	5.01767
2548	4.98426	5.11725
2549	4.98426	5.0794
2550	4.98426	5.0427
2551	4.98426	5.1136
2552	4.98426	4.98516
2553	4.98426	4.98426
2554	4.98426	4.98689
2555	4.98426	5.03061
2556	4.98426	5.03147
2557	4.98426	5.04133
2558	4.98426	4.98442
2559	4.98426	4.98426
2560	4.98426	4.98426
2561	4.98426	4.98853
2562	4.98426	4.98575
2563	4.98426	5.03813
2564	4.98426	4.98426
2565	4.98426	5.0467
2566	4.98426	4.98426
2567	4.98426	4.98463
2568	4.98426	4.98837
2569	4.98426	5.01882
2570	4.98426	5.01803
2571	4.98426	5.02888
2572	4.98426	5.08786
2573	4.98426	5.01088
2574	4.98426	4.987
2575	4.98426	4.98754
2576	4.98426	5.00784
2577	4.98426	5.06194
2578	4.98426	5.06752
2579	4.98426	5.02595
2580	4.98426	5.00568
2581	4.98426	5.03206
2582	4.98426	5.13673
2583	4.98426	5.10963
2584	4.98426	5.01217
2585	4.98426	4.9984
2586	4.98426	4.9891
2587	4.98426	4.98606
2588	4.98426	4.99508
2589	4.98426	5.02954
2590	4.98426	5.04372
2591	4.98426	5.05656
2592	4.98426	4.99043
2593	4.98426	4.9879
2594	4.98426	5.03725
2595	4.98426	5.04032
2596	4.98426	5.05205
2597	4.98426	5.08626
2598	4.98426	5.05073
2599	4.98426	5.01337
2600	4.98426	5.00458
2601	4.98426	5.0071
2602	4.98426	5.04739
2603	4.98426	4.99854
2604	4.98426	4.98472
2605	4.98426	5.03039
2606	4.98426	5.01587
2607	4.98426	5.0827
2608	4.98426	5.07941
2609	4.98426	4.99679
2610	4.98426	5.01829
2611	4.98426	5.03822
2612	4.98426	4.99969
2613	4.98426	4.99069
2614	4.98426	4.98657
2615	4.98426	4.98426
2616	4.98426	5.00961
2617	4.98426	5.01943
2618	4.98426	5.00304
2619	4.98426	4.99647
2620	4.98426	4.98506
2621	4.98426	4.98976
2622	4.98426	5.02124
2623	4.98426	5.02314
2624	4.98426	5.1192
2625	4.98426	5.04885
2626	4.98426	5.0056
2627	4.98426	4.98426
2628	4.98426	4.98426
2629	4.98426	4.98426
2630	4.98426	4.98604
2631	4.98426	5.06431
2632	4.98426	5.06295
2633	4.98426	5.00745
2634	4.98426	5.08055
2635	4.98426	5.04317
2636	4.98426	4.98779
2637	4.98426	4.99088
2638	4.98426	4.99594
2639	4.98426	5.01327
2640	4.98426	5.01017
2641	4.98426	5.01543
2642	4.98426	5.03661
2643	4.98426	5.04059
2644	4.98426	4.99417
2645	4.98426	4.98426
2646	4.98426	4.98426
2647	4.98426	4.98839
2648	4.98426	4.98426
2649	4.98426	4.98514
2650	4.98426	4.98809
2651	4.98426	4.98426
2652	4.98426	4.98426
2653	4.98426	4.98426
2654	4.98426	4.98426
2655	4.98426	4.99464
2656	4.98426	5.00742
2657	4.98426	5.02523
2658	4.98426	5.01305
2659	4.98426	4.99783
2660	4.98426	5.02163
2661	4.98426	5.01337
2662	4.98426	4.98426
2663	4.98426	5.0076
2664	4.98426	5.02985
2665	4.98426	4.99279
2666	4.98426	4.99213
2667	4.98426	5.02176
2668	4.98426	5.05492
2669	4.98426	4.9875
2670	4.98426	5.01634
2671	4.98426	5.02969
2672	4.98426	5.0574
2673	4.98426	5.02817
2674	4.98426	5.05266
2675	4.98426	5.00565
2676	4.98426	5.05178
2677	4.98426	5.00362
2678	4.98426	4.98803
2679	4.98426	5.00164
2680	4.98426	5.02914
2681	4.98426	4.9858
2682	4.98426	5.00437
2683	4.98426	5.02219
2684	4.98426	4.99334
2685	4.98426	5.03621
2686	4.98426	5.02829
2687	4.98426	5.02553
2688	4.98426	5.06483
2689	4.98426	5.0446
2690	4.98426	5.01299
2691	4.98426	5.00915
2692	4.98426	5.10022
2693	4.98426	4.99864
2694	4.98426	4.98644
2695	4.98426	5.0025
2696	4.98426	4.99034
2697	4.98426	5.01251
2698	4.98426	5.06948
2699	4.98426	5.07473
2700	4.98426	5.04716
2701	4.98426	4.99765
2702	4.98426	4.99204
2703	4.98426	4.99881
2704	4.98426	5.05114
2705	4.98426	5.06695
2706	4.98426	5.10236
2707	4.98426	5.13622
2708	4.98426	5.08002
2709	4.98426	5.08928
2710	4.98426	5.02619
2711	4.98426	4.98831
2712	4.98426	5.04821
2713	4.98426	5.04736
2714	4.98426	5.09429
2715	4.98426	5.11809
2716	4.98426	5.07409
2717	4.98426	5.03782
2718	4.98426	4.99345
2719	4.98426	4.99868
2720	4.98426	4.99084
2721	4.98426	4.98426
2722	4.98426	4.98426
2723	4.98426	4.99193
2724	4.98426	5.01663
2725	4.98426	5.00646
2726	4.98426	4.98426
2727	4.98426	5.01929
2728	4.98426	5.0504
2729	4.98426	5.00518
2730	4.98426	5.01666
2731	4.98426	5.09173
2732	4.98426	5.15149
2733	4.98426	5.08809
2734	4.98426	5.02949
2735	4.98426	5.00814
2736	4.98426	4.99628
2737	4.98426	4.99908
2738	4.98426	4.98926
2739	4.98426	5.0115
2740	4.98426	5.03772
2741	4.98426	5.02514
2742	4.98426	5.06538
2743	4.98426	5.01925
2744	4.98426	4.98503
2745	4.98426	5.0091
2746	4.98426	4.98444
2747	4.98426	4.98426
2748	4.98426	5.02221
2749	4.98426	5.01384
2750	4.98426	4.99016
2751	4.98426	4.98514
2752	4.98426	4.98426
2753	4.98426	4.9848
2754	4.98426	4.99014
2755	4.98426	4.99846
2756	4.98426	5.04527
2757	4.98426	4.98564
2758	4.98426	4.99422
2759	4.98426	5.05815
2760	4.98426	5.0208
2761	4.98426	4.98434
2762	4.98426	4.99577
2763	4.98426	4.99243
2764	4.98426	5.09005
2765	4.98426	5.21488
2766	4.98426	5.15723
2767	4.98426	5.23773
2768	4.98426	5.08096
2769	4.98426	5.07622
2770	4.98426	5.09641
2771	4.98426	5.09131
2772	4.98426	5.01737
2773	4.98426	4.98647
2774	4.98426	5.02518
2775	4.98426	5.02167
2776	4.98426	5.18309
2777	4.98426	5.04875
2778	4.98426	5.02318
2779	4.98426	5.04891
2780	4.98426	5.03563
2781	4.98426	5.02784
2782	4.98426	4.99518
2783	4.98426	4.99292
2784	4.98426	5.04568
2785	4.98426	5.06668
2786	4.98426	5.03505
2787	4.98426	4.99056
2788	4.98426	5.00317
2789	4.98426	4.99473
2790	4.98426	4.98652
2791	4.98426	5.01096
2792	4.98426	4.98497
2793	4.98426	5.01018
2794	4.98426	4.98489
2795	4.98426	4.98426
2796	4.98426	4.98426
2797	4.98426	5.0011
2798	4.98426	5.00289
2799	4.98426	4.98601
2800	4.98426	4.98426
2801	4.98426	4.98426
2802	4.98426	4.98426
2803	4.98426	4.98426
2804	4.98426	4.98426
2805	4.98426	4.99169
2806	4.98426	5.06029
2807	4.98426	4.99311
2808	4.98426	4.98426
2809	4.98426	4.99117
2810	4.98426	4.98512
2811	4.98426	4.98934
2812	4.98426	5.03502
2813	4.98426	5.07255
2814	4.98426	5.01495
2815	4.98426	5.04679
2816	4.98426	5.0062
2817	4.98426	5.0284
2818	4.98426	5.01703
2819	4.98426	5.08475
2820	4.98426	5.12531
2821	4.98426	5.09277
2822	4.98426	5.11682
2823	4.98426	5.11768
2824	4.98426	5.09419
2825	4.98426	5.14446
2826	4.98426	5.20191
2827	4.98426	5.06127
2828	4.98426	5.12697
2829	4.98426	5.06856
2830	4.98426	5.00092
2831	4.98426	5.00753
2832	4.98426	4.98426
2833	4.98426	4.98516
2834	4.98426	5.00235
2835	4.98426	5.05248
2836	4.98426	4.99429
2837	4.98426	5.01047
2838	4.98426	5.09499
2839	4.98426	5.00836
2840	4.98426	4.98974
2841	4.98426	5.00299
2842	4.98426	4.98792
2843	4.98426	4.98426
2844	4.98426	4.99179
2845	4.98426	4.98426
2846	4.98426	4.99087
2847	4.98426	4.98426
2848	4.98426	4.98426
2849	4.98426	5.03453
2850	4.98426	4.98877
2851	4.98426	5.04721
2852	4.98426	5.00099
2853	4.98426	4.98817
2854	4.98426	4.99189
2855	4.98426	4.98736
2856	4.98426	4.98426
2857	4.98426	4.98426
2858	4.98426	4.98426
2859	4.98426	4.98426
2860	4.98426	5.04189
2861	4.98426	5.03308
2862	4.98426	5.01413
2863	4.98426	5.01547
2864	4.98426	5.07407
2865	4.98426	5.06927
2866	4.98426	5.07186
2867	4.98426	5.04575
2868	4.98426	5.06583
2869	4.98426	5.02017
2870	4.98426	5.03935
2871	4.98426	5.01299
2872	4.98426	4.99634
2873	4.98426	5.03717
2874	4.98426	5.15628
2875	4.98426	5.20915
2876	4.98426	5.13278
2877	4.98426	5.02062
2878	4.98426	5.03821
2879	4.98426	5.02669
2880	4.98426	4.98576
2881	4.98426	4.98475
2882	4.98426	5.00444
2883	4.98426	5.00855
2884	4.98426	5.00699
2885	4.98426	4.99791
2886	4.98426	4.99719
2887	4.98426	5.16913
2888	4.98426	5.08161
2889	4.98426	5.00689
2890	4.98426	5.07936
2891	4.98426	5.07973
2892	4.98426	5.01421
2893	4.98426	5.04894
2894	4.98426	5.0386
2895	4.98426	5.02397
2896	4.98426	4.99276
2897	4.98426	5.00997
2898	4.98426	5.12387
2899	4.98426	5.1491
2900	4.98426	5.06434
2901	4.98426	4.99696
2902	4.98426	4.98426
2903	4.98426	5.01276
2904	4.98426	5.04722
2905	4.98426	5.00952
2906	4.98426	5.03264
2907	4.98426	4.98426
2908	4.98426	4.98796
2909	4.98426	5.0565
2910	4.98426	5.04203
2911	4.98426	5.03328
2912	4.98426	5.04442
2913	4.98426	5.10611
2914	4.98426	5.16368
2915	4.98426	5.10421
2916	4.98426	5.06564
2917	4.98426	5.09923
2918	4.98426	5.01092
2919	4.98426	4.99432
2920	4.98426	5.05148
2921	4.98426	4.99717
2922	4.98426	4.99043
2923	4.98426	4.99727
2924	4.98426	4.98458
2925	4.98426	4.98426
2926	4.98426	4.98426
2927	4.98426	4.98426
2928	4.98426	5.04846
2929	4.98426	5.15677
2930	4.98426	5.1248
2931	4.98426	5.1072
2932	4.98426	5.09353
2933	4.98426	5.04833
2934	4.98426	5.04947
2935	4.98426	5.04262
2936	4.98426	5.03269
2937	4.98426	5.00065
2938	4.98426	5.07893
2939	4.98426	5.09968
2940	4.98426	5.06141
2941	4.98426	5.01513
2942	4.98426	5.00734
2943	4.98426	5.01843
2944	4.98426	4.99896
2945	4.98426	5.02411
2946	4.98426	5.04972
2947	4.98426	4.9978
2948	4.98426	5.00431
2949	4.98426	5.05268
2950	4.98426	5.04237
2951	4.98426	5.12892
2952	4.98426	5.11591
2953	4.98426	5.06963
2954	4.98426	5.18458
2955	4.98426	5.15176
2956	4.98426	5.05841
2957	4.98426	5.00269
2958	4.98426	4.99342
2959	4.98426	4.98614
2960	4.98426	4.98426
2961	4.98426	4.98426
2962	4.98426	4.99223
2963	4.98426	4.99237
2964	4.98426	5.05736
2965	4.98426	5.06897
2966	4.98426	5.00053
2967	4.98426	5.05425
2968	4.98426	5.04244
2969	4.98426	4.99138
2970	4.98426	5.10643
2971	4.98426	5.0433
2972	4.98426	4.98463
2973	4.98426	4.99881
2974	4.98426	4.99968
2975	4.98426	4.98426
2976	4.98426	5.00234
2977	4.98426	5.06085
2978	4.98426	5.00331
2979	4.98426	5.01894
2980	4.98426	5.02519
2981	4.98426	5.19566
2982	4.98426	5.04803
2983	4.98426	5.0363
2984	4.98426	5.01152
2985	4.98426	4.98506
2986	4.98426	5.00894
2987	4.98426	5.08751
2988	4.98426	5.10799
2989	4.98426	5.04401
2990	4.98426	5.08546
2991	4.98426	4.99954
2992	4.98426	5.04813
2993	4.98426	5.00419
2994	4.98426	5.02951
2995	4.98426	5.04732
2996	4.98426	5.11261
2997	4.98426	5.07217
2998	4.98426	5.01644
2999	4.98426	4.9955
3000	4.98426	5.01678
3001	4.98426	4.98793
3002	4.98426	5.05766
3003	4.98426	5.06837
3004	4.98426	5.33335
3005	4.98426	5.30309
3006	4.98426	5.35979
3007	4.98426	5.35003
3008	4.98426	5.36167
3009	4.98426	5.31489
3010	4.98426	5.2543
3011	4.98426	5.17687
3012	4.98426	5.1831
3013	4.98426	5.00942
3014	4.98426	5.0135
3015	4.98426	5.13887
3016	4.98426	5.1758
3017	4.98426	5.03853
3018	4.98426	5.08049
3019	4.98426	5.08217
3020	4.98426	5.02796
3021	4.98426	5.16691
3022	4.98426	5.005
3023	4.98426	4.98678
3024	4.98426	4.98426
3025	4.98426	4.99749
3026	4.98426	5.00219
3027	4.98426	5.03784
3028	4.98426	5.04022
3029	4.98426	5.12109
3030	4.98426	4.98941
3031	4.98426	4.99948
3032	4.98426	4.98426
3033	4.98426	4.99026
3034	4.98426	5.01031
3035	4.98426	4.99733
3036	4.98426	5.00656
3037	4.98426	5.05734
3038	4.98426	5.053
3039	4.98426	5.02765
3040	4.98426	5.11505
3041	4.98426	5.05888
3042	4.98426	5.03687
3043	4.98426	5.03627
3044	4.98426	5.11168
3045	4.98426	5.11393
3046	4.98426	5.01343
3047	4.98426	5.03632
3048	4.98426	5.16489
3049	4.98426	5.03054
3050	4.98426	4.98431
3051	4.98426	5.04181
3052	4.98426	5.00929
3053	4.98426	4.98553
3054	4.98426	4.98426
3055	4.98426	4.99214
3056	4.98426	5.03294
3057	4.98426	5.00204
3058	4.98426	5.16846
3059	4.98426	5.0657
3060	4.98426	4.99456
3061	4.98426	5.05786
3062	4.98426	5.10701
3063	4.98426	4.99514
3064	4.98426	4.99319
3065	4.98426	4.99555
3066	4.98426	5.02947
3067	4.98426	4.99082
3068	4.98426	4.99624
3069	4.98426	4.99427
3070	4.98426	4.99774
3071	4.98426	5.01871
3072	4.98426	5.08656
3073	4.98426	5.09998
3074	4.98426	5.11124
3075	4.98426	5.14571
3076	4.98426	5.02674
3077	4.98426	4.9911
3078	4.98426	5.0389
3079	4.98426	5.11835
3080	4.98426	5.08825
3081	4.98426	5.01112
3082	4.98426	5.06903
3083	4.98426	5.08167
3084	4.98426	4.99665
3085	4.98426	5.01049
3086	4.98426	4.98566
3087	4.98426	5.02486
3088	4.98426	5.01152
3089	4.98426	4.99209
3090	4.98426	4.99691
3091	4.98426	4.98444
3092	4.98426	4.98426
3093	4.98426	5.00932
3094	4.98426	4.9896
3095	4.98426	5.00653
3096	4.98426	5.01664
3097	4.98426	5.00517
3098	4.98426	4.99833
3099	4.98426	4.99003
3100	4.98426	5.00368
3101	4.98426	5.10374
3102	4.98426	5.1126
3103	4.98426	5.01851
3104	4.98426	4.99732
3105	4.98426	5.00566
3106	4.98426	4.99159
3107	4.98426	5.03565
3108	4.98426	5.02777
3109	4.98426	5.03224
3110	4.98426	5.11784
3111	4.98426	5.08195
3112	4.98426	5.06298
3113	4.98426	5.06994
3114	4.98426	5.11002
3115	4.98426	5.03261
3116	4.98426	5.10664
3117	4.98426	5.05258
3118	4.98426	5.00456
3119	4.98426	4.98426
3120	4.98426	4.9944
3121	4.98426	4.9902
3122	4.98426	5.06276
3123	4.98426	5.06187
3124	4.98426	5.03937
3125	4.98426	5.14474
3126	4.98426	5.1132
3127	4.98426	5.05349
3128	4.98426	5.07499
3129	4.98426	5.07791
3130	4.98426	5.09525
3131	4.98426	5.02267
3132	4.98426	5.04281
3133	4.98426	5.12258
3134	4.98426	5.08026
3135	4.98426	5.10463
3136	4.98426	5.19344
3137	4.98426	5.04199
3138	4.98426	5.07057
3139	4.98426	4.99582
3140	4.98426	5.05416
3141	4.98426	4.99106
3142	4.98426	5.01784
3143	4.98426	5.02061
3144	4.98426	5.12
3145	4.98426	5.02455
3146	4.98426	4.99526
3147	4.98426	5.00873
3148	4.98426	5.01273
3149	4.98426	4.98582
3150	4.98426	5.0246
3151	4.98426	5.01982
3152	4.98426	5.0106
3153	4.98426	4.99851
3154	4.98426	5.05757
3155	4.98426	5.04398
3156	4.98426	4.98871
3157	4.98426	4.99973
3158	4.98426	5.01851
3159	4.98426	4.99059
3160	4.98426	5.05776
3161	4.98426	5.02727
3162	4.98426	4.98426
3163	4.98426	4.98426
3164	4.98426	4.98426
3165	4.98426	4.98426
3166	4.98426	4.98426
3167	4.98426	4.98426
3168	4.98426	5.01158
3169	4.98426	5.10455
3170	4.98426	5.14032
3171	4.98426	5.10128
3172	4.98426	5.0395
3173	4.98426	5.00288
3174	4.98426	5.02071
3175	4.98426	5.00494
3176	4.98426	4.98426
3177	4.98426	4.98426
3178	4.98426	4.98426
3179	4.98426	4.98426
3180	4.98426	4.98426
3181	4.98426	4.98426
3182	4.98426	4.98426
3183	4.98426	4.99359
3184	4.98426	4.99145
3185	4.98426	5.09465
3186	4.98426	5.13014
3187	4.98426	5.07149
3188	4.98426	4.99427
3189	4.98426	4.99482
3190	4.98426	5.03001
3191	4.98426	5.03676
3192	4.98426	5.02014
3193	4.98426	5.00686
3194	4.98426	5.00639
3195	4.98426	5.03876
3196	4.98426	5.04667
3197	4.98426	5.04689
3198	4.98426	5.03606
3199	4.98426	5.02042
3200	4.98426	5.06521
3201	4.98426	5.02246
3202	4.98426	5.11322
3203	4.98426	5.21125
3204	4.98426	5.07148
3205	4.98426	4.98426
3206	4.98426	5.00647
3207	4.98426	5.03684
3208	4.98426	4.98426
3209	4.98426	4.99267
3210	4.98426	4.99589
3211	4.98426	4.98976
3212	4.98426	5.00793
3213	4.98426	5.00751
3214	4.98426	4.99102
3215	4.98426	5.04023
3216	4.98426	4.99067
3217	4.98426	4.98426
3218	4.98426	4.98426
3219	4.98426	5.00349
3220	4.98426	5.02504
3221	4.98426	5.07223
3222	4.98426	5.08929
3223	4.98426	5.01368
3224	4.98426	5.00711
3225	4.98426	5.00103
3226	4.98426	4.98426
3227	4.98426	5.01532
3228	4.98426	5.00527
3229	4.98426	5.01358
3230	4.98426	5.01183
3231	4.98426	5.04461
3232	4.98426	4.9895
3233	4.98426	4.98467
3234	4.98426	4.98513
3235	4.98426	4.99343
3236	4.98426	5.03227
3237	4.98426	4.99903
3238	4.98426	5.08993
3239	4.98426	5.07609
3240	4.98426	4.98431
3241	4.98426	5.02825
3242	4.98426	5.01634
3243	4.98426	5.00239
3244	4.98426	5.1676
3245	4.98426	5.16415
3246	4.98426	5.17449
3247	4.98426	5.10844
3248	4.98426	5.10635
3249	4.98426	5.0204
3250	4.98426	5.06184
3251	4.98426	5.06012
3252	4.98426	5.01243
3253	4.98426	5.02727
3254	4.98426	5.02717
3255	4.98426	5.07572
3256	4.98426	5.10629
3257	4.98426	5.04473
3258	4.98426	5.09496
3259	4.98426	5.14683
3260	4.98426	5.2525
3261	4.98426	5.05722
3262	4.98426	5.03097
3263	4.98426	4.99317
3264	4.98426	4.9984
3265	4.98426	4.99316
3266	4.98426	4.98426
3267	4.98426	4.99184
3268	4.98426	4.99014
3269	4.98426	4.98426
3270	4.98426	4.98794
3271	4.98426	4.98426
3272	4.98426	4.98426
3273	4.98426	4.98426
3274	4.98426	4.98621
3275	4.98426	4.98902
3276	4.98426	4.99138
3277	4.98426	4.99525
3278	4.98426	5.07459
3279	4.98426	5.0001
3280	4.98426	4.98426
3281	4.98426	4.99858
3282	4.98426	5.02446
3283	4.98426	5.03342
3284	4.98426	5.00518
3285	4.98426	4.99134
3286	4.98426	5.04141
3287	4.98426	4.98749
3288	4.98426	5.02487
3289	4.98426	5.06039
3290	4.98426	5.02029
3291	4.98426	5.01305
3292	4.98426	4.98475
3293	4.98426	4.99376
3294	4.98426	5.0004
3295	4.98426	5.08362
3296	4.98426	4.99244
3297	4.98426	5.09639
3298	4.98426	5.04884
3299	4.98426	5.03415
3300	4.98426	5.02443
3301	4.98426	5.01643
3302	4.98426	5.03175
3303	4.98426	5.02527
3304	4.98426	5.0104
3305	4.98426	4.98518
3306	4.98426	5.0542
3307	4.98426	5.05282
3308	4.98426	5.02415
3309	4.98426	4.99771
3310	4.98426	4.99018
3311	4.98426	4.98719
3312	4.98426	4.98426
3313	4.98426	5.04844
3314	4.98426	5.01541
3315	4.98426	5.07142
3316	4.98426	5.02133
3317	4.98426	5.00012
3318	4.98426	5.09117
3319	4.98426	5.03147
3320	4.98426	5.00828
3321	4.98426	5.02758
3322	4.98426	5.06899
3323	4.98426	4.98426
3324	4.98426	4.99253
3325	4.98426	5.01972
3326	4.98426	5.04387
3327	4.98426	5.00619
3328	4.98426	5.0525
3329	4.98426	5.10189
3330	4.98426	5.11827
3331	4.98426	5.05497
3332	4.98426	5.09279
3333	4.98426	5.03655
3334	4.98426	5.23061
3335	4.98426	5.02684
3336	4.98426	5.08899
3337	4.98426	5.0375
3338	4.98426	5.07266
3339	4.98426	5.01307
3340	4.98426	5.04499
3341	4.98426	5.16781
3342	4.98426	5.13439
3343	4.98426	5.08241
3344	4.98426	5.12239
3345	4.98426	5.06557
3346	4.98426	5.0191
3347	4.98426	5.09804
3348	4.98426	5.05028
3349	4.98426	4.98444
3350	4.98426	5.01731
3351	4.98426	5.06781
3352	4.98426	5.0596
3353	4.98426	5.01991
3354	4.98426	5.02156
3355	4.98426	5.06887
3356	4.98426	5.10868
3357	4.98426	5.10615
3358	4.98426	4.98861
3359	4.98426	5.03135
3360	4.98426	5.04368
3361	4.98426	4.98469
3362	4.98426	4.98434
3363	4.98426	5.02919
3364	4.98426	5.0005
3365	4.98426	5.00078
3366	4.98426	5.01955
3367	4.98426	4.99359
3368	4.98426	4.98439
3369	4.98426	5.00183
3370	4.98426	5.03222
3371	4.98426	5.09389
3372	4.98426	5.00048
3373	4.98426	4.99306
3374	4.98426	5.02128
3375	4.98426	5.08921
3376	4.98426	5.19768
3377	4.98426	5.04182
3378	4.98426	4.99837
3379	4.98426	4.98426
3380	4.98426	4.98681
3381	4.98426	4.98426
3382	4.98426	4.99444
3383	4.98426	4.9932
3384	4.98426	4.98426
3385	4.98426	5.00953
3386	4.98426	5.02881
3387	4.98426	4.9989
3388	4.98426	5.06596
3389	4.98426	5.0472
3390	4.98426	5.09896
3391	4.98426	5.11426
3392	4.98426	5.17195
3393	4.98426	5.17723
3394	4.98426	5.17115
3395	4.98426	5.01991
3396	4.98426	4.98671
3397	4.98426	4.9872
3398	4.98426	4.98426
3399	4.98426	4.98426
3400	4.98426	4.98766
3401	4.98426	5.02572
3402	4.98426	5.05386
3403	4.98426	5.13615
3404	4.98426	5.19428
3405	4.98426	5.07038
3406	4.98426	5.09632
3407	4.98426	5.01284
3408	4.98426	4.98426
3409	4.98426	4.98426
3410	4.98426	4.99228
3411	4.98426	5.04599
3412	4.98426	5.06481
3413	4.98426	4.99777
3414	4.98426	5.03401
3415	4.98426	5.17434
3416	4.98426	5.0329
3417	4.98426	5.05257
3418	4.98426	5.06212
3419	4.98426	5.02005
3420	4.98426	5.0524
3421	4.98426	5.02535
3422	4.98426	5.05731
3423	4.98426	5.08672
3424	4.98426	5.07709
3425	4.98426	5.00151
3426	4.98426	5.02531
3427	4.98426	4.99601
3428	4.98426	4.99832
3429	4.98426	4.99326
3430	4.98426	4.98737
3431	4.98426	4.98551
3432	4.98426	5.02508
3433	4.98426	5.0017
3434	4.98426	5.04199
3435	4.98426	4.99584
3436	4.98426	4.99362
3437	4.98426	4.98463
3438	4.98426	4.98463
3439	4.98426	4.98426
3440	4.98426	4.99174
3441	4.98426	4.98426
3442	4.98426	4.99154
3443	4.98426	4.98466
3444	4.98426	4.9912
3445	4.98426	4.98426
3446	4.98426	5.02691
3447	4.98426	5.01385
3448	4.98426	4.98426
3449	4.98426	5.06104
3450	4.98426	5.04458
3451	4.98426	5.11865
3452	4.98426	4.99373
3453	4.98426	4.99765
3454	4.98426	5.08988
3455	4.98426	5.04098
3456	4.98426	5.03752
3457	4.98426	5.02417
3458	4.98426	5.01472
3459	4.98426	5.03437
3460	4.98426	5.03529
3461	4.98426	5.00064
3462	4.98426	5.00244
3463	4.98426	5.05669
3464	4.98426	5.0507
3465	4.98426	5.05523
3466	4.98426	4.99059
3467	4.98426	5.03824
3468	4.98426	5.00664
3469	4.98426	4.99734
3470	4.98426	4.98978
3471	4.98426	4.98996
3472	4.98426	5.02339
3473	4.98426	5.11282
3474	4.98426	5.04178
3475	4.98426	5.00032
3476	4.98426	5.0124
3477	4.98426	5.0309
3478	4.98426	5.08114
3479	4.98426	5.04739
3480	4.98426	5.07135
3481	4.98426	5.03422
3482	4.98426	5.02131
3483	4.98426	5.00799
3484	4.98426	4.98552
3485	4.98426	5.00369
3486	4.98426	5.02995
3487	4.98426	5.08178
3488	4.98426	5.04399
3489	4.98426	5.1206
3490	4.98426	5.19838
3491	4.98426	5.15801
3492	4.98426	5.11737
3493	4.98426	5.17931
3494	4.98426	5.10935
3495	4.98426	5.04579
3496	4.98426	5.1688
3497	4.98426	5.11835
3498	4.98426	5.09818
3499	4.98426	5.04697
3500	4.98426	5.03321
3501	4.98426	5.03412
3502	4.98426	5.01801
3503	4.98426	4.98779
3504	4.98426	4.98426
3505	4.98426	4.98426
3506	4.98426	4.98658
3507	4.98426	4.98426
3508	4.98426	4.99835
3509	4.98426	4.99542
3510	4.98426	5.02717
3511	4.98426	5.07797
3512	4.98426	5.21633
3513	4.98426	5.02685
3514	4.98426	5.06902
3515	4.98426	5.09076
3516	4.98426	5.14824
3517	4.98426	5.04945
3518	4.98426	5.10383
3519	4.98426	4.99927
3520	4.98426	5.00118
3521	4.98426	5.0583
3522	4.98426	5.01844
3523	4.98426	4.99443
3524	4.98426	5.09948
3525	4.98426	5.07934
3526	4.98426	5.09849
3527	4.98426	5.05125
3528	4.98426	5.05791
3529	4.98426	5.04809
3530	4.98426	5.05884
3531	4.98426	5.04849
3532	4.98426	4.99108
3533	4.98426	4.98883
3534	4.98426	4.98809
3535	4.98426	4.98426
3536	4.98426	5.00676
3537	4.98426	5.00773
3538	4.98426	5.01816
3539	4.98426	5.00043
3540	4.98426	5.06853
3541	4.98426	5.03155
3542	4.98426	5.02641
3543	4.98426	5.03368
3544	4.98426	5.04061
3545	4.98426	5.12057
3546	4.98426	5.10696
3547	4.98426	4.99854
3548	4.98426	4.98426
3549	4.98426	4.98426
3550	4.98426	4.98426
3551	4.98426	4.98426
3552	4.98426	5.05646
3553	4.98426	5.10751
3554	4.98426	5.12713
3555	4.98426	5.00914
3556	4.98426	5.09791
3557	4.98426	5.00679
3558	4.98426	4.99695
3559	4.98426	5.06317
3560	4.98426	5.09131
3561	4.98426	5.03749
3562	4.98426	5.04348
3563	4.98426	5.07301
3564	4.98426	5.12822
3565	4.98426	5.06696
3566	4.98426	5.11003
3567	4.98426	5.04302
3568	4.98426	4.99786
3569	4.98426	5.01082
3570	4.98426	5.02579
3571	4.98426	5.05605
3572	4.98426	5.06616
3573	4.98426	5.02903
3574	4.98426	5.05871
3575	4.98426	5.01235
3576	4.98426	5.02964
3577	4.98426	5.01925
3578	4.98426	5.24013
3579	4.98426	5.0775
3580	4.98426	5.0342
3581	4.98426	5.00403
3582	4.98426	5.07705
3583	4.98426	5.02227
3584	4.98426	4.99497
3585	4.98426	5.05568
3586	4.98426	5.02093
3587	4.98426	5.03015
3588	4.98426	5.10394
3589	4.98426	5.09446
3590	4.98426	5.15606
3591	4.98426	5.23105
3592	4.98426	5.34733
3593	4.98426	5.30365
3594	4.98426	5.19469
3595	4.98426	5.12724
3596	4.98426	5.0417
3597	4.98426	5.0216
3598	4.98426	5.07539
3599	4.98426	5.01512
3600	4.98426	4.99691
3601	4.98426	5.01487
3602	4.98426	5.09501
3603	4.98426	5.01101
3604	4.98426	5.05103
3605	4.98426	5.01998
3606	4.98426	5.02457
3607	4.98426	5.03588
3608	4.98426	5.04705
3609	4.98426	5.03086
3610	4.98426	4.99162
3611	4.98426	5.04303
3612	4.98426	5.02446
3613	4.98426	5.03635
3614	4.98426	5.05861
3615	4.98426	5.06196
3616	4.98426	5.12037
3617	4.98426	5.06188
3618	4.98426	5.08616
3619	4.98426	5.03683
3620	4.98426	5.12256
3621	4.98426	5.10132
3622	4.98426	5.00238
3623	4.98426	4.98426
3624	4.98426	4.98426
3625	4.98426	4.98471
3626	4.98426	4.98426
3627	4.98426	4.98426
3628	4.98426	5.04987
3629	4.98426	4.99343
3630	4.98426	5.00352
3631	4.98426	5.06954
3632	4.98426	5.02952
3633	4.98426	5.01696
3634	4.98426	4.98426
3635	4.98426	4.98426
3636	4.98426	4.98426
3637	4.98426	4.99872
3638	4.98426	5.03692
3639	4.98426	5.35222
3640	4.98426	5.39604
3641	4.98426	5.27214
3642	4.98426	5.14719
3643	4.98426	5.08806
3644	4.98426	5.05306
3645	4.98426	5.05958
3646	4.98426	5.08401
3647	4.98426	5.10126
3648	4.98426	5.13437
3649	4.98426	5.03457
3650	4.98426	4.98426
3651	4.98426	4.98758
3652	4.98426	5.09191
3653	4.98426	5.05946
3654	4.98426	5.0742
3655	4.98426	5.02028
3656	4.98426	5.01028
3657	4.98426	5.07032
3658	4.98426	5.01779
3659	4.98426	5.02604
3660	4.98426	4.98426
3661	4.98426	4.98426
3662	4.98426	4.98553
3663	4.98426	4.98426
3664	4.98426	4.99513
3665	4.98426	4.99062
3666	4.98426	4.98426
3667	4.98426	4.98426
3668	4.98426	4.99806
3669	4.98426	5.0171
3670	4.98426	5.00263
3671	4.98426	4.99308
3672	4.98426	4.98466
3673	4.98426	4.98639
3674	4.98426	4.98426
3675	4.98426	4.98426
3676	4.98426	4.98426
3677	4.98426	5.04197
3678	4.98426	5.02837
3679	4.98426	5.01737
3680	4.98426	5.054
3681	4.98426	5.00927
3682	4.98426	5.02208
3683	4.98426	5.06648
3684	4.98426	4.98453
3685	4.98426	4.98748
3686	4.98426	5.01552
3687	4.98426	4.98681
3688	4.98426	4.98503
3689	4.98426	4.9903
3690	4.98426	4.98426
3691	4.98426	5.00077
3692	4.98426	5.0194
3693	4.98426	5.02107
3694	4.98426	5.08353
3695	4.98426	5.04368
3696	4.98426	4.98426
3697	4.98426	4.9858
3698	4.98426	4.98426
3699	4.98426	4.98426
3700	4.98426	4.98515
3701	4.98426	5.00138
3702	4.98426	4.98974
3703	4.98426	4.99723
3704	4.98426	4.98591
3705	4.98426	4.9876
3706	4.98426	5.00528
3707	4.98426	5.07416
3708	4.98426	5.03294
3709	4.98426	5.08606
3710	4.98426	4.99907
3711	4.98426	4.99316
3712	4.98426	4.9994
3713	4.98426	4.98746
3714	4.98426	4.98426
3715	4.98426	4.98426
3716	4.98426	5.05973
3717	4.98426	5.0255
3718	4.98426	5.02359
3719	4.98426	4.98876
3720	4.98426	5.00002
3721	4.98426	4.98697
3722	4.98426	5.01133
3723	4.98426	5.05411
3724	4.98426	4.98426
3725	4.98426	4.98612
3726	4.98426	5.00098
3727	4.98426	5.04156
3728	4.98426	5.09148
3729	4.98426	5.21187
3730	4.98426	5.20031
3731	4.98426	5.0903
3732	4.98426	5.0709
3733	4.98426	5.23538
3734	4.98426	5.04873
3735	4.98426	4.99529
3736	4.98426	4.99057
3737	4.98426	5.01918
3738	4.98426	5.04082
3739	4.98426	5.12806
3740	4.98426	5.03202
3741	4.98426	5.078
3742	4.98426	5.01051
3743	4.98426	5.02031
3744	4.98426	5.05531
3745	4.98426	4.99945
3746	4.98426	5.07796
3747	4.98426	4.99982
3748	4.98426	5.01552
3749	4.98426	5.01817
3750	4.98426	5.05112
3751	4.98426	5.06607
3752	4.98426	5.06097
3753	4.98426	4.98808
3754	4.98426	4.98801
3755	4.98426	5.08444
3756	4.98426	5.08383
3757	4.98426	5.07519
3758	4.98426	5.00826
3759	4.98426	4.98718
3760	4.98426	5.02925
3761	4.98426	4.99105
3762	4.98426	5.0112
3763	4.98426	5.00235
3764	4.98426	4.9876
3765	4.98426	4.98466
3766	4.98426	4.99264
3767	4.98426	5.01295
3768	4.98426	5.02463
3769	4.98426	5.02522
3770	4.98426	5.01661
3771	4.98426	5.08838
3772	4.98426	4.98986
3773	4.98426	5.00235
3774	4.98426	5.03127
3775	4.98426	5.05334
3776	4.98426	5.01054
3777	4.98426	5.02335
3778	4.98426	5.00446
3779	4.98426	5.04406
3780	4.98426	5.02851
3781	4.98426	5.14495
3782	4.98426	4.9998
3783	4.98426	5.04899
3784	4.98426	5.09617
3785	4.98426	5.13769
3786	4.98426	5.16904
3787	4.98426	5.17012
3788	4.98426	5.09496
3789	4.98426	5.10111
3790	4.98426	5.20151
3791	4.98426	5.1524
3792	4.98426	5.13231
3793	4.98426	5.08097
3794	4.98426	5.1609
3795	4.98426	5.01416
3796	4.98426	5.0142
3797	4.98426	5.0522
3798	4.98426	5.12306
3799	4.98426	5.10663
3800	4.98426	5.00231
3801	4.98426	5.2175
3802	4.98426	5.18003
3803	4.98426	5.08882
3804	4.98426	5.20359
3805	4.98426	5.29431
3806	4.98426	5.09763
3807	4.98426	5.1454
3808	4.98426	4.99376
3809	4.98426	4.99392
3810	4.98426	5.04797
3811	4.98426	5.01018
3812	4.98426	5.02258
3813	4.98426	4.98426
3814	4.98426	4.99108
3815	4.98426	4.98426
3816	4.98426	5.02424
3817	4.98426	5.01676
3818	4.98426	4.98815
3819	4.98426	5.05621
3820	4.98426	5.0994
3821	4.98426	5.11104
3822	4.98426	5.0445
3823	4.98426	5.00321
3824	4.98426	5.04244
3825	4.98426	5.02124
3826	4.98426	4.98466
3827	4.98426	4.99558
3828	4.98426	5.02011
3829	4.98426	4.9965
3830	4.98426	4.9922
3831	4.98426	4.98426
3832	4.98426	5.0107
3833	4.98426	5.12925
3834	4.98426	5.11969
3835	4.98426	5.12782
3836	4.98426	5.06287
3837	4.98426	5.00534
3838	4.98426	4.98426
3839	4.98426	4.98426
3840	4.98426	4.98426
3841	4.98426	4.98426
3842	4.98426	5.07349
3843	4.98426	5.12648
3844	4.98426	5.12501
3845	4.98426	5.00422
3846	4.98426	5.01851
3847	4.98426	5.07902
3848	4.98426	5.01295
3849	4.98426	5.03033
3850	4.98426	5.03959
3851	4.98426	5.03513
3852	4.98426	4.99882
3853	4.98426	4.99561
3854	4.98426	5.02931
3855	4.98426	5.00646
3856	4.98426	4.99905
3857	4.98426	4.98866
3858	4.98426	5.02779
3859	4.98426	5.00112
3860	4.98426	5.0368
3861	4.98426	5.00701
3862	4.98426	5.09173
3863	4.98426	5.03592
3864	4.98426	5.09858
3865	4.98426	5.1417
3866	4.98426	5.10653
3867	4.98426	5.08055
3868	4.98426	5.04395
3869	4.98426	5.06295
3870	4.98426	5.14729
3871	4.98426	5.09499
3872	4.98426	5.11154
3873	4.98426	4.99663
3874	4.98426	5.02168
3875	4.98426	4.98644
3876	4.98426	5.05349
3877	4.98426	4.9985
3878	4.98426	5.03979
3879	4.98426	4.99472
3880	4.98426	5.00726
3881	4.98426	4.99025
3882	4.98426	4.9863
3883	4.98426	5.01468
3884	4.98426	5.16185
3885	4.98426	5.09858
3886	4.98426	5.19528
3887	4.98426	5.08635
3888	4.98426	5.04743
3889	4.98426	5.01419
3890	4.98426	4.98426
3891	4.98426	5.00039
3892	4.98426	4.98794
3893	4.98426	4.99962
3894	4.98426	4.98969
3895	4.98426	4.98426
3896	4.98426	5.00575
3897	4.98426	4.99295
3898	4.98426	4.98426
3899	4.98426	5.01125
3900	4.98426	5.03829
3901	4.98426	5.03628
3902	4.98426	5.04178
3903	4.98426	5.12112
3904	4.98426	5.06
3905	4.98426	5.11683
3906	4.98426	5.06909
3907	4.98426	5.10128
3908	4.98426	5.06954
3909	4.98426	5.03333
3910	4.98426	5.06017
3911	4.98426	5.0143
3912	4.98426	5.00144
3913	4.98426	4.99934
3914	4.98426	4.99455
3915	4.98426	5.02228
3916	4.98426	4.99085
3917	4.98426	5.0673
3918	4.98426	4.98932
3919	4.98426	5.00343
3920	4.98426	5.00608
3921	4.98426	4.98426
3922	4.98426	4.98488
3923	4.98426	5.0059
3924	4.98426	4.98771
3925	4.98426	5.01219
3926	4.98426	4.98426
3927	4.98426	5.02541
3928	4.98426	4.98426
3929	4.98426	4.98426
3930	4.98426	4.98455
3931	4.98426	5.01477
3932	4.98426	5.0078
3933	4.98426	5.03383
3934	4.98426	5.09328
3935	4.98426	5.09462
3936	4.98426	4.98966
3937	4.98426	5.15032
3938	4.98426	5.03874
3939	4.98426	5.00635
3940	4.98426	4.99044
3941	4.98426	5.14266
3942	4.98426	5.27851
3943	4.98426	5.19291
3944	4.98426	5.1012
3945	4.98426	5.08796
3946	4.98426	5.16641
3947	4.98426	5.16835
3948	4.98426	5.03543
3949	4.98426	5.02756
3950	4.98426	5.00783
3951	4.98426	4.99623
3952	4.98426	4.99254
3953	4.98426	5.14959
3954	4.98426	5.06861
3955	4.98426	5.05932
3956	4.98426	4.98764
3957	4.98426	5.04529
3958	4.98426	5.09422
3959	4.98426	4.99915
3960	4.98426	4.98426
3961	4.98426	5.01846
3962	4.98426	5.04811
3963	4.98426	5.01138
3964	4.98426	4.98426
3965	4.98426	4.98426
3966	4.98426	4.98426
3967	4.98426	4.99202
3968	4.98426	5.03078
3969	4.98426	4.99622
3970	4.98426	4.98976
3971	4.98426	4.98647
3972	4.98426	4.99096
3973	4.98426	4.99283
3974	4.98426	5.11082
3975	4.98426	5.08008
3976	4.98426	5.17559
3977	4.98426	5.10778
3978	4.98426	4.99129
3979	4.98426	5.11171
3980	4.98426	5.01939
3981	4.98426	5.09868
3982	4.98426	5.0921
3983	4.98426	5.04356
3984	4.98426	5.05989
3985	4.98426	4.99289
3986	4.98426	4.98426
3987	4.98426	4.98426
3988	4.98426	4.98426
3989	4.98426	4.99034
3990	4.98426	4.99426
3991	4.98426	5.04069
3992	4.98426	5.08899
3993	4.98426	5.03207
3994	4.98426	4.98501
3995	4.98426	4.98426
3996	4.98426	4.98426
3997	4.98426	4.99718
3998	4.98426	5.00849
3999	4.98426	5.16392
4000	4.98426	5.1121
4001	4.98426	5.03177
4002	4.98426	5.05731
4003	4.98426	5.01668
4004	4.98426	5.12478
4005	4.98426	5.09934
4006	4.98426	5.03491
4007	4.98426	5.03119
4008	4.98426	5.12331
4009	4.98426	5.17447
4010	4.98426	5.03337
4011	4.98426	4.99289
4012	4.98426	5.00109
4013	4.98426	4.9889
4014	4.98426	5.00542
4015	4.98426	4.98426
4016	4.98426	4.99893
4017	4.98426	4.98431
4018	4.98426	5.01931
4019	4.98426	5.06048
4020	4.98426	5.02885
4021	4.98426	4.98911
4022	4.98426	5.00335
4023	4.98426	4.99215
4024	4.98426	5.01263
4025	4.98426	4.98426
4026	4.98426	4.98426
4027	4.98426	4.9907
4028	4.98426	4.98426
4029	4.98426	4.98426
4030	4.98426	4.99471
4031	4.98426	5.0608
4032	4.98426	4.9899
4033	4.98426	4.98832
4034	4.98426	4.98426
4035	4.98426	4.9958
4036	4.98426	4.99591
4037	4.98426	5.02073
4038	4.98426	5.00097
4039	4.98426	5.05419
4040	4.98426	5.01016
4041	4.98426	4.98851
4042	4.98426	4.99009
4043	4.98426	5.0155
4044	4.98426	5.0281
4045	4.98426	5.05141
4046	4.98426	5.02983
4047	4.98426	5.02488
4048	4.98426	5.26484
4049	4.98426	5.04486
4050	4.98426	5.13894
4051	4.98426	5.03307
4052	4.98426	5.039
4053	4.98426	5.0474
4054	4.98426	5.07088
4055	4.98426	4.98692
4056	4.98426	5.042
4057	4.98426	5.09584
4058	4.98426	5.10545
4059	4.98426	5.22014
4060	4.98426	5.09231
4061	4.98426	5.00809
4062	4.98426	5.0198
4063	4.98426	5.2321
4064	4.98426	5.09103
4065	4.98426	5.22684
4066	4.98426	5.09156
4067	4.98426	5.11093
4068	4.98426	5.03635
4069	4.98426	5.03424
4070	4.98426	5.00587
4071	4.98426	4.98426
4072	4.98426	4.98426
4073	4.98426	4.98745
4074	4.98426	5.00831
4075	4.98426	5.04184
4076	4.98426	5.03028
4077	4.98426	4.98444
4078	4.98426	5.06828
4079	4.98426	5.00395
4080	4.98426	5.05159
4081	4.98426	5.07361
4082	4.98426	5.07988
4083	4.98426	5.1387
4084	4.98426	5.14365
4085	4.98426	5.09843
4086	4.98426	5.02926
4087	4.98426	5.15744
4088	4.98426	5.03452
4089	4.98426	5.06802
4090	4.98426	5.03388
4091	4.98426	5.00587
4092	4.98426	4.99716
4093	4.98426	4.9861
4094	4.98426	4.98426
4095	4.98426	4.98426
4096	4.98426	4.99113
4097	4.98426	4.9992
4098	4.98426	5.01983
4099	4.98426	5.03834
4100	4.98426	5.07623
4101	4.98426	5.05608
4102	4.98426	4.98426
4103	4.98426	4.98859
4104	4.98426	4.99888
4105	4.98426	4.9949
4106	4.98426	5.14481
4107	4.98426	5.05618
4108	4.98426	5.06873
4109	4.98426	5.05864
4110	4.98426	4.99188
4111	4.98426	4.98426
4112	4.98426	4.9951
4113	4.98426	4.99129
4114	4.98426	5.01306
4115	4.98426	5.01464
4116	4.98426	5.02993
4117	4.98426	5.01526
4118	4.98426	5.05396
4119	4.98426	4.99792
4120	4.98426	5.00711
4121	4.98426	5.02741
4122	4.98426	5.04056
4123	4.98426	5.00686
4124	4.98426	4.98434
4125	4.98426	4.99266
4126	4.98426	4.98426
4127	4.98426	4.99445
4128	4.98426	4.98526
4129	4.98426	5.00248
4130	4.98426	5.06284
4131	4.98426	5.0088
4132	4.98426	5.05459
4133	4.98426	5.08186
4134	4.98426	5.02789
4135	4.98426	5.03953
4136	4.98426	4.98426
4137	4.98426	4.98426
4138	4.98426	4.98426
4139	4.98426	4.98426
4140	4.98426	4.98426
4141	4.98426	4.98627
4142	4.98426	5.00239
4143	4.98426	5.04031
4144	4.98426	5.02093
4145	4.98426	5.11946
4146	4.98426	4.98426
4147	4.98426	5.03076
4148	4.98426	5.00086
4149	4.98426	5.08384
4150	4.98426	5.13849
4151	4.98426	5.05151
4152	4.98426	5.00788
4153	4.98426	4.99338
4154	4.98426	5.00508
4155	4.98426	5.01667
4156	4.98426	5.00606
4157	4.98426	5.0213
4158	4.98426	5.03924
4159	4.98426	5.03317
4160	4.98426	5.00877
4161	4.98426	5.02634
4162	4.98426	4.99826
4163	4.98426	5.00096
4164	4.98426	5.08529
4165	4.98426	5.10796
4166	4.98426	5.03402
4167	4.98426	5.13394
4168	4.98426	5.25865
4169	4.98426	5.30054
4170	4.98426	5.28692
4171	4.98426	5.05583
4172	4.98426	5.03213
4173	4.98426	5.07462
4174	4.98426	5.09234
4175	4.98426	5.0336
4176	4.98426	4.99576
4177	4.98426	5.03555
4178	4.98426	5.03523
4179	4.98426	5.04714
4180	4.98426	5.04552
4181	4.98426	5.06408
4182	4.98426	5.09752
4183	4.98426	5.13303
4184	4.98426	5.06169
4185	4.98426	5.08191
4186	4.98426	5.06641
4187	4.98426	5.04362
4188	4.98426	5.07931
4189	4.98426	5.13197
4190	4.98426	5.05528
4191	4.98426	5.11048
4192	4.98426	5.15658
4193	4.98426	5.1561
4194	4.98426	5.18264
4195	4.98426	5.13185
4196	4.98426	5.03844
4197	4.98426	5.04572
4198	4.98426	5.02559
4199	4.98426	5.01079
4200	4.98426	5.02689
4201	4.98426	5.01548
4202	4.98426	5.01267
4203	4.98426	5.08241
4204	4.98426	5.04117
4205	4.98426	5.02724
4206	4.98426	5.00961
4207	4.98426	4.99973
4208	4.98426	5.15333
4209	4.98426	5.0358
4210	4.98426	4.98426
4211	4.98426	5.04681
4212	4.98426	5.00024
4213	4.98426	4.99833
4214	4.98426	4.98426
4215	4.98426	4.99132
4216	4.98426	5.01193
4217	4.98426	5.01033
4218	4.98426	4.98679
4219	4.98426	4.99081
4220	4.98426	5.0247
4221	4.98426	5.04799
4222	4.98426	5.11122
4223	4.98426	5.00204
4224	4.98426	5.00724
4225	4.98426	5.07498
4226	4.98426	5.12899
4227	4.98426	5.02905
4228	4.98426	5.0255
4229	4.98426	5.0077
4230	4.98426	5.00669
4231	4.98426	5.06348
4232	4.98426	5.01754
4233	4.98426	5.03664
4234	4.98426	5.04052
4235	4.98426	5.05218
4236	4.98426	5.00064
4237	4.98426	4.99083
4238	4.98426	4.98426
4239	4.98426	4.98426
4240	4.98426	5.05886
4241	4.98426	5.16102
4242	4.98426	4.99235
4243	4.98426	5.03394
4244	4.98426	5.10587
4245	4.98426	5.02803
4246	4.98426	5.03928
4247	4.98426	5.04012
4248	4.98426	4.98891
4249	4.98426	4.98426
4250	4.98426	4.98475
4251	4.98426	4.98488
4252	4.98426	5.02972
4253	4.98426	5.01972
4254	4.98426	5.00347
4255	4.98426	4.98632
4256	4.98426	4.99589
4257	4.98426	5.03104
4258	4.98426	5.04979
4259	4.98426	5.05244
4260	4.98426	5.02682
4261	4.98426	5.00361
4262	4.98426	5.008
4263	4.98426	5.00053
4264	4.98426	5.02154
4265	4.98426	5.00977
4266	4.98426	5.03655
4267	4.98426	5.11641
4268	4.98426	5.11949
4269	4.98426	5.20509
4270	4.98426	5.06312
4271	4.98426	5.08679
4272	4.98426	5.0011
4273	4.98426	5.01223
4274	4.98426	4.99534
4275	4.98426	4.98461
4276	4.98426	5.02751
4277	4.98426	4.98933
4278	4.98426	5.01355
4279	4.98426	5.08437
4280	4.98426	5.1775
4281	4.98426	5.06654
4282	4.98426	5.08111
4283	4.98426	5.03177
4284	4.98426	5.05503
4285	4.98426	5.0977
4286	4.98426	5.13013
4287	4.98426	5.09646
4288	4.98426	5.03748
4289	4.98426	5.14517
4290	4.98426	5.1598
4291	4.98426	5.17544
4292	4.98426	5.15022
4293	4.98426	5.0411
4294	4.98426	5.02193
4295	4.98426	5.02806
4296	4.98426	4.98426
4297	4.98426	4.98452
4298	4.98426	5.04803
4299	4.98426	5.05773
4300	4.98426	5.02912
4301	4.98426	5.01953
4302	4.98426	5.0749
4303	4.98426	5.05027
4304	4.98426	4.99235
4305	4.98426	5.00337
4306	4.98426	5.13851
4307	4.98426	5.09745
4308	4.98426	5.09183
4309	4.98426	5.0449
4310	4.98426	5.00173
4311	4.98426	5.00229
4312	4.98426	5.00678
4313	4.98426	5.00467
4314	4.98426	5.02558
4315	4.98426	4.98471
4316	4.98426	5.00518
4317	4.98426	4.9904
4318	4.98426	5.00451
4319	4.98426	5.02636
4320	4.98426	5.03484
4321	4.98426	5.01632
4322	4.98426	5.02492
4323	4.98426	4.98426
4324	4.98426	4.98426
4325	4.98426	4.98426
4326	4.98426	4.98426
4327	4.98426	4.98434
4328	4.98426	4.98859
4329	4.98426	4.98426
4330	4.98426	4.98426
4331	4.98426	5.00488
4332	4.98426	5.00955
4333	4.98426	5.01087
4334	4.98426	4.99134
4335	4.98426	5.04702
4336	4.98426	5.0056
4337	4.98426	5.0024
4338	4.98426	4.98426
4339	4.98426	4.99731
4340	4.98426	5.00345
4341	4.98426	5.01303
4342	4.98426	5.02645
4343	4.98426	5.05694
4344	4.98426	5.08088
4345	4.98426	5.02622
4346	4.98426	5.04093
4347	4.98426	5.00794
4348	4.98426	4.99619
4349	4.98426	4.99406
4350	4.98426	5.00977
4351	4.98426	5.03749
4352	4.98426	5.06482
4353	4.98426	5.08514
4354	4.98426	5.01328
4355	4.98426	5.05133
4356	4.98426	5.08925
4357	4.98426	5.02694
4358	4.98426	4.99054
4359	4.98426	5.03479
4360	4.98426	5.0364
4361	4.98426	5.17225
4362	4.98426	5.20753
4363	4.98426	5.07831
4364	4.98426	5.00801
4365	4.98426	4.99553
4366	4.98426	5.01412
4367	4.98426	5.0687
4368	4.98426	5.0547
4369	4.98426	5.07396
4370	4.98426	5.20639
4371	4.98426	5.05512
4372	4.98426	4.98698
4373	4.98426	5.0061
4374	4.98426	4.9999
4375	4.98426	5.0193
4376	4.98426	5.05679
4377	4.98426	5.01503
4378	4.98426	4.99417
4379	4.98426	5.01094
4380	4.98426	5.0015
4381	4.98426	4.99275
4382	4.98426	4.98426
4383	4.98426	5.04166
4384	4.98426	5.0335
4385	4.98426	5.0157
4386	4.98426	4.98814
4387	4.98426	5.0416
4388	4.98426	5.08203
4389	4.98426	5.00003
4390	4.98426	4.98426
4391	4.98426	4.99402
4392	4.98426	4.98995
4393	4.98426	5.02244
4394	4.98426	5.04266
4395	4.98426	5.03748
4396	4.98426	4.98472
4397	4.98426	4.98471
4398	4.98426	4.98426
4399	4.98426	5.05407
4400	4.98426	5.12957
4401	4.98426	5.07314
4402	4.98426	5.02468
4403	4.98426	4.98426
4404	4.98426	4.99269
4405	4.98426	4.98485
4406	4.98426	4.98591
4407	4.98426	4.99078
4408	4.98426	5.04573
4409	4.98426	5.0582
4410	4.98426	5.00862
4411	4.98426	4.98771
4412	4.98426	4.98426
4413	4.98426	4.99382
4414	4.98426	5.09967
4415	4.98426	5.18278
4416	4.98426	5.02657
4417	4.98426	5.00345
4418	4.98426	5.02322
4419	4.98426	5.02861
4420	4.98426	5.02523
4421	4.98426	5.02326
4422	4.98426	5.00046
4423	4.98426	4.9906
4424	4.98426	4.98431
4425	4.98426	4.98444
4426	4.98426	4.98426
4427	4.98426	4.98426
4428	4.98426	4.98426
4429	4.98426	5.06539
4430	4.98426	5.06725
4431	4.98426	5.09019
4432	4.98426	5.03328
4433	4.98426	5.05807
4434	4.98426	5.10534
4435	4.98426	5.08643
4436	4.98426	5.031
4437	4.98426	5.00539
4438	4.98426	5.06728
4439	4.98426	5.01845
4440	4.98426	5.09513
4441	4.98426	5.12943
4442	4.98426	5.073
4443	4.98426	4.99768
4444	4.98426	5.0686
4445	4.98426	5.09318
4446	4.98426	5.08311
4447	4.98426	5.15646
4448	4.98426	5.1212
4449	4.98426	5.04623
4450	4.98426	5.00333
4451	4.98426	5.03651
4452	4.98426	5.01941
4453	4.98426	4.98754
4454	4.98426	4.99157
4455	4.98426	5.05351
4456	4.98426	5.17855
4457	4.98426	5.26837
4458	4.98426	5.21273
4459	4.98426	5.14106
4460	4.98426	5.12537
4461	4.98426	5.20785
4462	4.98426	5.0678
4463	4.98426	5.08385
4464	4.98426	4.9858
4465	4.98426	4.98426
4466	4.98426	4.98554
4467	4.98426	5.00511
4468	4.98426	5.09391
4469	4.98426	5.08839
4470	4.98426	5.19141
4471	4.98426	5.046
4472	4.98426	4.99253
4473	4.98426	4.99554
4474	4.98426	4.98703
4475	4.98426	5.06425
4476	4.98426	5.00054
4477	4.98426	5.05563
4478	4.98426	5.03969
4479	4.98426	5.06115
4480	4.98426	5.06133
4481	4.98426	4.99137
4482	4.98426	4.98816
4483	4.98426	5.06498
4484	4.98426	4.98452
4485	4.98426	5.05567
4486	4.98426	5.12973
4487	4.98426	5.15842
4488	4.98426	5.11543
4489	4.98426	5.033
4490	4.98426	4.99631
4491	4.98426	5.02338
4492	4.98426	5.04967
4493	4.98426	5.02863
4494	4.98426	5.07876
4495	4.98426	5.04439
4496	4.98426	5.10281
4497	4.98426	5.17918
4498	4.98426	5.17796
4499	4.98426	5.01059
4500	4.98426	5.04259
4501	4.98426	5.05384
4502	4.98426	5.06697
4503	4.98426	5.02673
4504	4.98426	5.02114
4505	4.98426	5.05147
4506	4.98426	4.98426
4507	4.98426	5.00763
4508	4.98426	5.06359
4509	4.98426	5.06304
4510	4.98426	5.01306
4511	4.98426	5.02286
4512	4.98426	4.98431
4513	4.98426	5.04916
4514	4.98426	5.01189
4515	4.98426	4.9983
4516	4.98426	4.99243
4517	4.98426	4.98426
4518	4.98426	4.99489
4519	4.98426	5.06208
4520	4.98426	5.07343
4521	4.98426	4.99908
4522	4.98426	5.00258
4523	4.98426	4.99024
4524	4.98426	5.0705
4525	4.98426	5.06236
4526	4.98426	5.0888
4527	4.98426	5.00798
4528	4.98426	5.00838
4529	4.98426	5.00196
4530	4.98426	4.98426
4531	4.98426	5.00389
4532	4.98426	5.01708
4533	4.98426	5.02738
4534	4.98426	5.02865
4535	4.98426	5.02305
4536	4.98426	5.03084
4537	4.98426	4.98426
4538	4.98426	4.98837
4539	4.98426	4.98426
4540	4.98426	4.98426
4541	4.98426	4.98426
4542	4.98426	5.04847
4543	4.98426	5.03412
4544	4.98426	4.99968
4545	4.98426	5.01779
4546	4.98426	5.03299
4547	4.98426	5.0342
4548	4.98426	4.98426
4549	4.98426	4.98426
4550	4.98426	4.99267
4551	4.98426	4.99594
4552	4.98426	4.9859
4553	4.98426	4.98569
4554	4.98426	4.98426
4555	4.98426	4.98582
4556	4.98426	4.98785
4557	4.98426	4.98693
4558	4.98426	5.03297
4559	4.98426	5.00321
4560	4.98426	5.01781
4561	4.98426	5.09662
4562	4.98426	5.03194
4563	4.98426	5.04124
4564	4.98426	5.12142
4565	4.98426	4.99255
4566	4.98426	4.98464
4567	4.98426	5.00402
4568	4.98426	5.07161
4569	4.98426	5.01463
4570	4.98426	5.02203
4571	4.98426	4.98664
4572	4.98426	4.98426
4573	4.98426	4.98426
4574	4.98426	4.98452
4575	4.98426	5.00643
4576	4.98426	5.0244
4577	4.98426	5.08675
4578	4.98426	5.03093
4579	4.98426	4.99294
4580	4.98426	4.99679
4581	4.98426	4.99674
4582	4.98426	5.10051
4583	4.98426	5.00673
4584	4.98426	5.06685
4585	4.98426	5.07994
4586	4.98426	5.16563
4587	4.98426	5.08923
4588	4.98426	5.12866
4589	4.98426	5.22714
4590	4.98426	5.21437
4591	4.98426	5.22616
4592	4.98426	5.1358
4593	4.98426	5.12462
4594	4.98426	5.11676
4595	4.98426	5.23005
4596	4.98426	5.19298
4597	4.98426	5.07052
4598	4.98426	4.99759
4599	4.98426	5.02074
4600	4.98426	5.05248
4601	4.98426	5.05633
4602	4.98426	4.98884
4603	4.98426	5.03596
4604	4.98426	5.02518
4605	4.98426	5.12628
4606	4.98426	5.1258
4607	4.98426	5.04987
4608	4.98426	5.04074
4609	4.98426	5.00554
4610	4.98426	5.02988
4611	4.98426	5.01994
4612	4.98426	5.01451
4613	4.98426	5.0131
4614	4.98426	5.0182
4615	4.98426	5.02288
4616	4.98426	5.01733
4617	4.98426	5.13648
4618	4.98426	5.10212
4619	4.98426	5.05887
4620	4.98426	4.98426
4621	4.98426	5.02683
4622	4.98426	5.02539
4623	4.98426	5.0019
4624	4.98426	5.00548
4625	4.98426	4.98626
4626	4.98426	5.00058
4627	4.98426	5.00459
4628	4.98426	4.98585
4629	4.98426	5.08186
4630	4.98426	5.0942
4631	4.98426	5.20369
4632	4.98426	5.21476
4633	4.98426	5.04226
4634	4.98426	5.01841
4635	4.98426	4.98637
4636	4.98426	5.03619
4637	4.98426	5.0916
4638	4.98426	5.05858
4639	4.98426	5.00852
4640	4.98426	4.98931
4641	4.98426	5.01753
4642	4.98426	5.02826
4643	4.98426	4.98908
4644	4.98426	5.00307
4645	4.98426	4.99514
4646	4.98426	4.98552
4647	4.98426	5.00534
4648	4.98426	5.08978
4649	4.98426	5.00004
4650	4.98426	5.00294
4651	4.98426	5.02116
4652	4.98426	4.98935
4653	4.98426	5.03338
4654	4.98426	5.02854
4655	4.98426	4.99136
4656	4.98426	4.98426
4657	4.98426	4.98426
4658	4.98426	5.04472
4659	4.98426	4.99421
4660	4.98426	5.03703
4661	4.98426	5.06253
4662	4.98426	5.09704
4663	4.98426	5.04385
4664	4.98426	5.00712
4665	4.98426	4.98426
4666	4.98426	4.98426
4667	4.98426	5.01055
4668	4.98426	5.04004
4669	4.98426	5.05069
4670	4.98426	5.07021
4671	4.98426	5.05016
4672	4.98426	5.17756
4673	4.98426	5.18853
4674	4.98426	5.0541
4675	4.98426	5.03714
4676	4.98426	5.06892
4677	4.98426	5.00287
4678	4.98426	4.99431
4679	4.98426	4.98546
4680	4.98426	4.99732
4681	4.98426	5.00636
4682	4.98426	4.98426
4683	4.98426	4.98426
4684	4.98426	5.00824
4685	4.98426	4.9981
4686	4.98426	4.98506
4687	4.98426	4.99616
4688	4.98426	4.9866
4689	4.98426	4.9989
4690	4.98426	5.00493
4691	4.98426	4.99756
4692	4.98426	4.99805
4693	4.98426	5.04377
4694	4.98426	5.00793
4695	4.98426	5.04467
4696	4.98426	5.08453
4697	4.98426	4.98426
4698	4.98426	4.98426
4699	4.98426	4.99026
4700	4.98426	4.98583
4701	4.98426	5.03069
4702	4.98426	5.01091
4703	4.98426	5.01376
4704	4.98426	4.98426
4705	4.98426	5.04421
4706	4.98426	5.07547
4707	4.98426	5.08369
4708	4.98426	5.06514
4709	4.98426	5.15257
4710	4.98426	5.04034
4711	4.98426	5.00069
4712	4.98426	4.99301
4713	4.98426	4.99054
4714	4.98426	5.03201
4715	4.98426	4.99791
4716	4.98426	5.02021
4717	4.98426	4.98426
4718	4.98426	4.99179
4719	4.98426	5.03799
4720	4.98426	5.02707
4721	4.98426	5.06549
4722	4.98426	5.10224
4723	4.98426	5.10342
4724	4.98426	5.02739
4725	4.98426	4.98426
4726	4.98426	4.9973
4727	4.98426	5.11009
4728	4.98426	5.24044
4729	4.98426	5.04778
4730	4.98426	5.08809
4731	4.98426	5.05943
4732	4.98426	5.07851
4733	4.98426	5.01404
4734	4.98426	5.0592
4735	4.98426	5.0399
4736	4.98426	5.07976
4737	4.98426	5.12683
4738	4.98426	5.0771
4739	4.98426	5.01168
4740	4.98426	4.99316
4741	4.98426	5.01303
4742	4.98426	5.09712
4743	4.98426	5.11633
4744	4.98426	5.02418
4745	4.98426	5.03042
4746	4.98426	5.00097
4747	4.98426	4.98474
4748	4.98426	4.98426
4749	4.98426	4.98426
4750	4.98426	5.0335
4751	4.98426	4.98839
4752	4.98426	5.01343
4753	4.98426	5.10994
4754	4.98426	5.12579
4755	4.98426	5.25655
4756	4.98426	5.13168
4757	4.98426	5.12306
4758	4.98426	5.02584
4759	4.98426	5.07209
4760	4.98426	4.98431
4761	4.98426	5.01037
4762	4.98426	5.04797
4763	4.98426	5.08174
4764	4.98426	4.99327
4765	4.98426	5.00111
4766	4.98426	4.98506
4767	4.98426	5.01994
4768	4.98426	5.10274
4769	4.98426	5.15552
4770	4.98426	5.05958
4771	4.98426	5.02032
4772	4.98426	4.99444
4773	4.98426	4.98426
4774	4.98426	5.00246
4775	4.98426	4.99244
4776	4.98426	4.98444
4777	4.98426	4.98426
4778	4.98426	4.98426
4779	4.98426	4.98426
4780	4.98426	4.99818
4781	4.98426	5.02082
4782	4.98426	5.03713
4783	4.98426	5.07227
4784	4.98426	5.0166
4785	4.98426	5.04522
4786	4.98426	5.03987
4787	4.98426	5.05749
4788	4.98426	5.00522
4789	4.98426	5.01234
4790	4.98426	5.08023
4791	4.98426	5.04053
4792	4.98426	5.00114
4793	4.98426	5.04603
4794	4.98426	5.08994
4795	4.98426	5.0412
4796	4.98426	4.98996
4797	4.98426	4.99113
4798	4.98426	4.99348
4799	4.98426	4.98426
4800	4.98426	4.98426
4801	4.98426	4.98426
4802	4.98426	4.98896
4803	4.98426	5.04918
4804	4.98426	5.09637
4805	4.98426	5.07644
4806	4.98426	4.99337
4807	4.98426	4.9976
4808	4.98426	5.00917
4809	4.98426	5.03143
4810	4.98426	5.08868
4811	4.98426	5.06858
4812	4.98426	5.08959
4813	4.98426	5.03664
4814	4.98426	5.0277
4815	4.98426	5.10446
4816	4.98426	5.07973
4817	4.98426	5.00448
4818	4.98426	5.00615
4819	4.98426	4.98506
4820	4.98426	5.00987
4821	4.98426	4.98426
4822	4.98426	4.98529
4823	4.98426	4.98426
4824	4.98426	4.98426
4825	4.98426	5.01543
4826	4.98426	5.04543
4827	4.98426	5.03026
4828	4.98426	5.17195
4829	4.98426	5.13283
4830	4.98426	5.16424
4831	4.98426	5.08509
4832	4.98426	5.03814
4833	4.98426	5.03397
4834	4.98426	5.04416
4835	4.98426	5.0375
4836	4.98426	5.07443
4837	4.98426	5.11089
4838	4.98426	5.05645
4839	4.98426	4.99917
4840	4.98426	5.05849
4841	4.98426	5.04241
4842	4.98426	5.06316
4843	4.98426	4.99662
4844	4.98426	4.98426
4845	4.98426	4.99031
4846	4.98426	4.98823
4847	4.98426	4.98426
4848	4.98426	4.98466
4849	4.98426	4.98874
4850	4.98426	4.98426
4851	4.98426	4.98426
4852	4.98426	5.00493
4853	4.98426	5.00705
4854	4.98426	4.98426
4855	4.98426	4.99948
4856	4.98426	4.9849
4857	4.98426	5.05375
4858	4.98426	5.09199
4859	4.98426	5.06466
4860	4.98426	5.04804
4861	4.98426	5.04617
4862	4.98426	4.9946
4863	4.98426	5.03947
4864	4.98426	5.0291
4865	4.98426	4.99748
4866	4.98426	5.01185
4867	4.98426	5.05296
4868	4.98426	4.99989
4869	4.98426	4.98431
4870	4.98426	4.98579
4871	4.98426	4.98426
4872	4.98426	4.98426
4873	4.98426	5.02099
4874	4.98426	5.1035
4875	4.98426	5.15305
4876	4.98426	5.04685
4877	4.98426	5.03184
4878	4.98426	5.03317
4879	4.98426	5.08987
4880	4.98426	5.03942
4881	4.98426	4.99674
4882	4.98426	4.98888
4883	4.98426	4.99158
4884	4.98426	5.03594
4885	4.98426	5.09496
4886	4.98426	5.02436
4887	4.98426	4.98426
4888	4.98426	5.0343
4889	4.98426	5.15562
4890	4.98426	5.07395
4891	4.98426	5.03359
4892	4.98426	5.05077
4893	4.98426	5.04179
4894	4.98426	5.02051
4895	4.98426	4.98426
4896	4.98426	5.0302
4897	4.98426	4.99124
4898	4.98426	5.06405
4899	4.98426	5.03867
4900	4.98426	4.99602
4901	4.98426	4.98511
4902	4.98426	4.98426
4903	4.98426	5.01359
4904	4.98426	5.06095
4905	4.98426	5.04367
4906	4.98426	4.98426
4907	4.98426	5.00091
4908	4.98426	4.98638
4909	4.98426	5.06401
4910	4.98426	4.99605
4911	4.98426	4.98444
4912	4.98426	4.99275
4913	4.98426	5.027
4914	4.98426	5.01651
4915	4.98426	5.09787
4916	4.98426	5.22572
4917	4.98426	5.12711
4918	4.98426	5.11051
4919	4.98426	5.04601
4920	4.98426	5.07652
4921	4.98426	5.0959
4922	4.98426	5.03196
4923	4.98426	5.007
4924	4.98426	5.02271
4925	4.98426	5.00553
4926	4.98426	4.99175
4927	4.98426	5.01748
4928	4.98426	5.00996
4929	4.98426	4.9854
4930	4.98426	5.02728
4931	4.98426	4.98426
4932	4.98426	5.03932
4933	4.98426	4.98776
4934	4.98426	4.98718
4935	4.98426	4.99498
4936	4.98426	4.99957
4937	4.98426	5.01024
4938	4.98426	5.09676
4939	4.98426	5.07173
4940	4.98426	5.13906
4941	4.98426	5.06296
4942	4.98426	4.98791
4943	4.98426	4.99573
4944	4.98426	4.98954
4945	4.98426	5.00626
4946	4.98426	5.02192
4947	4.98426	5.07698
4948	4.98426	5.09952
4949	4.98426	5.11089
4950	4.98426	5.08253
4951	4.98426	5.0712
4952	4.98426	4.99304
4953	4.98426	5.03904
4954	4.98426	5.04399
4955	4.98426	5.04058
4956	4.98426	5.07746
4957	4.98426	5.03938
4958	4.98426	5.04483
4959	4.98426	5.10766
4960	4.98426	5.10097
4961	4.98426	5.09425
4962	4.98426	5.03114
4963	4.98426	5.12863
4964	4.98426	5.03354
4965	4.98426	4.98468
4966	4.98426	4.99102
4967	4.98426	4.98426
4968	4.98426	4.98431
4969	4.98426	5.00708
4970	4.98426	5.03564
4971	4.98426	5.03108
4972	4.98426	5.11588
4973	4.98426	4.99728
4974	4.98426	5.03761
4975	4.98426	4.98426
4976	4.98426	4.98426
4977	4.98426	4.98426
4978	4.98426	4.98426
4979	4.98426	4.98426
4980	4.98426	4.98764
4981	4.98426	4.99939
4982	4.98426	4.98426
4983	4.98426	5.03345
4984	4.98426	5.09389
4985	4.98426	5.0313
4986	4.98426	5.04822
4987	4.98426	5.01895
4988	4.98426	4.99925
4989	4.98426	5.06533
4990	4.98426	5.1281
4991	4.98426	5.15259
4992	4.98426	5.0515
4993	4.98426	5.01548
4994	4.98426	5.04849
4995	4.98426	5.04049
4996	4.98426	5.07926
4997	4.98426	4.98453
4998	4.98426	4.9857
4999	4.98426	4.98618
5000	4.98426	4.9935
5001	4.98426	4.99898
5002	4.98426	4.99938
5003	4.98426	4.99828
5004	4.98426	5.00668
5005	4.98426	4.98434
5006	4.98426	5.03724
5007	4.98426	5.03626
5008	4.98426	5.03568
5009	4.98426	5.04787
5010	4.98426	5.0817
5011	4.98426	5.12985
5012	4.98426	5.06979
5013	4.98426	5.08509
5014	4.98426	5.01863
5015	4.98426	5.0049
5016	4.98426	5.11538
5017	4.98426	5.06864
5018	4.98426	5.03939
5019	4.98426	5.01119
5020	4.98426	5.05335
5021	4.98426	5.01755
5022	4.98426	4.99101
5023	4.98426	4.98426
5024	4.98426	5.01708
5025	4.98426	5.10385
5026	4.98426	5.03943
5027	4.98426	5.1195
5028	4.98426	5.21627
5029	4.98426	5.28924
5030	4.98426	5.21363
5031	4.98426	5.18133
5032	4.98426	5.11541
5033	4.98426	5.1008
5034	4.98426	5.09495
5035	4.98426	5.13833
5036	4.98426	5.05491
5037	4.98426	5.02105
5038	4.98426	5.14704
5039	4.98426	5.05
5040	4.98426	5.0299
5041	4.98426	5.03188
5042	4.98426	4.98426
5043	4.98426	5.01072
5044	4.98426	4.98588
5045	4.98426	4.98729
5046	4.98426	4.99432
5047	4.98426	4.98426
5048	4.98426	4.98426
5049	4.98426	4.98426
5050	4.98426	4.99185
5051	4.98426	4.98426
5052	4.98426	4.98426
5053	4.98426	4.9844
5054	4.98426	5.05309
5055	4.98426	5.02231
5056	4.98426	5.04539
5057	4.98426	5.12466
5058	4.98426	5.10515
5059	4.98426	5.05462
5060	4.98426	5.08129
5061	4.98426	5.02607
5062	4.98426	5.00949
5063	4.98426	5.03981
5064	4.98426	5.01616
5065	4.98426	5.05785
5066	4.98426	5.07962
5067	4.98426	5.13082
5068	4.98426	5.05831
5069	4.98426	4.98623
5070	4.98426	5.06949
5071	4.98426	4.987
5072	4.98426	5.03774
5073	4.98426	5.0655
5074	4.98426	5.10009
5075	4.98426	5.02881
5076	4.98426	4.98426
5077	4.98426	4.98766
5078	4.98426	4.98499
5079	4.98426	5.0547
5080	4.98426	5.00815
5081	4.98426	4.98707
5082	4.98426	4.98466
5083	4.98426	5.05907
5084	4.98426	5.08845
5085	4.98426	5.15008
5086	4.98426	5.12728
5087	4.98426	5.08545
5088	4.98426	5.11309
5089	4.98426	5.10225
5090	4.98426	5.01727
5091	4.98426	5.04127
5092	4.98426	4.9981
5093	4.98426	4.98639
5094	4.98426	4.99058
5095	4.98426	4.98906
5096	4.98426	5.00338
5097	4.98426	5.03969
5098	4.98426	5.0768
5099	4.98426	4.99533
5100	4.98426	4.98426
5101	4.98426	4.98426
5102	4.98426	4.98426
5103	4.98426	4.98426
5104	4.98426	5.07817
5105	4.98426	4.9847
5106	4.98426	5.01694
5107	4.98426	5.05194
5108	4.98426	5.02452
5109	4.98426	5.05895
5110	4.98426	5.02375
5111	4.98426	4.98735
5112	4.98426	5.01376
5113	4.98426	5.05803
5114	4.98426	5.04572
5115	4.98426	4.98785
5116	4.98426	4.98426
5117	4.98426	4.98575
5118	4.98426	4.98426
5119	4.98426	5.01396
5120	4.98426	5.04121
5121	4.98426	5.0699
5122	4.98426	5.12818
5123	4.98426	5.03403
5124	4.98426	5.1044
5125	4.98426	5.04693
5126	4.98426	5.11757
5127	4.98426	5.08271
5128	4.98426	5.03275
5129	4.98426	5.00981
5130	4.98426	5.00596
5131	4.98426	5.04827
5132	4.98426	5.06531
5133	4.98426	5.0949
5134	4.98426	5.124
5135	4.98426	5.04288
5136	4.98426	4.98426
5137	4.98426	5.01517
5138	4.98426	5.00925
5139	4.98426	4.98733
5140	4.98426	5.05305
5141	4.98426	5.13179
5142	4.98426	5.10908
5143	4.98426	5.05239
5144	4.98426	5.06703
5145	4.98426	5.10302
5146	4.98426	5.12351
5147	4.98426	5.06473
5148	4.98426	5.06827
5149	4.98426	4.99865
5150	4.98426	4.98426
5151	4.98426	5.00109
5152	4.98426	5.0159
5153	4.98426	5.01297
5154	4.98426	5.01043
5155	4.98426	5.05265
5156	4.98426	5.03814
5157	4.98426	4.99524
5158	4.98426	5.05901
5159	4.98426	5.02798
5160	4.98426	4.99987
5161	4.98426	4.98748
5162	4.98426	4.99055
5163	4.98426	5.00315
5164	4.98426	5.11654
5165	4.98426	5.09949
5166	4.98426	5.02437
5167	4.98426	5.08633
5168	4.98426	5.07971
5169	4.98426	5.07847
5170	4.98426	5.03014
5171	4.98426	5.01006
5172	4.98426	5.01033
5173	4.98426	5.06598
5174	4.98426	5.03801
5175	4.98426	5.06321
5176	4.98426	5.07412
5177	4.98426	5.03542
5178	4.98426	5.02292
5179	4.98426	5.06962
5180	4.98426	5.08732
5181	4.98426	5.05144
5182	4.98426	5.05075
5183	4.98426	5.1405
5184	4.98426	5.12549
5185	4.98426	5.02699
5186	4.98426	5.03964
5187	4.98426	5.06242
5188	4.98426	5.03012
5189	4.98426	5.05415
5190	4.98426	5.04528
5191	4.98426	5.00955
5192	4.98426	5.0382
5193	4.98426	5.05379
5194	4.98426	4.99768
5195	4.98426	4.9955
5196	4.98426	4.98426
5197	4.98426	5.0366
5198	4.98426	5.07804
5199	4.98426	5.05428
5200	4.98426	5.05676
5201	4.98426	5.07406
5202	4.98426	5.10216
5203	4.98426	5.04276
5204	4.98426	5.06633
5205	4.98426	4.98443
5206	4.98426	4.98426
5207	4.98426	4.98426
5208	4.98426	5.1034
5209	4.98426	5.0462
5210	4.98426	5.07368
5211	4.98426	5.00273
5212	4.98426	5.00749
5213	4.98426	5.01729
5214	4.98426	5.01162
5215	4.98426	5.00383
5216	4.98426	5.00057
5217	4.98426	5.06673
5218	4.98426	5.10577
5219	4.98426	5.16494
5220	4.98426	5.16413
5221	4.98426	5.05397
5222	4.98426	5.01939
5223	4.98426	5.00321
5224	4.98426	5.04007
5225	4.98426	5.0034
5226	4.98426	5.01179
5227	4.98426	4.99495
5228	4.98426	5.00344
5229	4.98426	5.00038
5230	4.98426	5.01506
5231	4.98426	5.04154
5232	4.98426	5.08169
5233	4.98426	5.07131
5234	4.98426	5.13329
5235	4.98426	5.05353
5236	4.98426	5.00599
5237	4.98426	5.02167
5238	4.98426	4.98575
5239	4.98426	4.98426
5240	4.98426	4.99068
5241	4.98426	4.9867
5242	4.98426	4.98984
5243	4.98426	4.98847
5244	4.98426	4.98426
5245	4.98426	4.98426
5246	4.98426	4.98426
5247	4.98426	4.98557
5248	4.98426	5.03822
5249	4.98426	5.07009
5250	4.98426	5.11848
5251	4.98426	5.0687
5252	4.98426	4.98903
5253	4.98426	5.03975
5254	4.98426	4.99004
5255	4.98426	5.04584
5256	4.98426	5.05825
5257	4.98426	5.09209
5258	4.98426	5.11162
5259	4.98426	5.05693
5260	4.98426	5.08957
5261	4.98426	5.02757
5262	4.98426	5.0223
5263	4.98426	5.03701
5264	4.98426	5.02867
5265	4.98426	5.09355
5266	4.98426	4.9902
5267	4.98426	5.00477
5268	4.98426	4.99429
5269	4.98426	4.98426
5270	4.98426	4.98426
5271	4.98426	5.03462
5272	4.98426	5.07129
5273	4.98426	5.02841
5274	4.98426	5.04606
5275	4.98426	5.06666
5276	4.98426	5.04089
5277	4.98426	5.09775
5278	4.98426	5.04535
5279	4.98426	5.01714
5280	4.98426	5.02476
5281	4.98426	5.00728
5282	4.98426	5.01592
5283	4.98426	5.0847
5284	4.98426	5.04379
5285	4.98426	5.05729
5286	4.98426	5.1182
5287	4.98426	4.99897
5288	4.98426	4.98426
5289	4.98426	5.01
5290	4.98426	4.98431
5291	4.98426	4.98876
5292	4.98426	5.00784
5293	4.98426	5.05696
5294	4.98426	4.99379
5295	4.98426	5.00922
5296	4.98426	5.0267
5297	4.98426	5.10364
5298	4.98426	5.03615
5299	4.98426	5.05169
5300	4.98426	4.98984
5301	4.98426	5.19187
5302	4.98426	5.23023
5303	4.98426	5.09337
5304	4.98426	5.06177
5305	4.98426	5.04453
5306	4.98426	5.01193
5307	4.98426	5.05728
5308	4.98426	5.06184
5309	4.98426	5.10772
5310	4.98426	5.07075
5311	4.98426	5.05429
5312	4.98426	5.00528
5313	4.98426	4.99012
5314	4.98426	5.01742
5315	4.98426	4.99888
5316	4.98426	5.05519
5317	4.98426	5.07947
5318	4.98426	5.00315
5319	4.98426	5.01258
5320	4.98426	4.99112
5321	4.98426	5.00148
5322	4.98426	4.98603
5323	4.98426	4.98629
5324	4.98426	5.01884
5325	4.98426	5.04142
5326	4.98426	4.99974
5327	4.98426	5.06949
5328	4.98426	4.99704
5329	4.98426	5.03281
5330	4.98426	5.04553
5331	4.98426	5.05616
5332	4.98426	5.01512
5333	4.98426	4.99373
5334	4.98426	5.00913
5335	4.98426	5.04216
5336	4.98426	5.07813
5337	4.98426	5.07124
5338	4.98426	5.02429
5339	4.98426	5.06402
5340	4.98426	5.04677
5341	4.98426	5.03259
5342	4.98426	4.99681
5343	4.98426	5.02113
5344	4.98426	4.99062
5345	4.98426	4.98567
5346	4.98426	4.98426
5347	4.98426	4.99241
5348	4.98426	5.01911
5349	4.98426	5.05721
5350	4.98426	5.09828
5351	4.98426	5.14934
5352	4.98426	5.06086
5353	4.98426	5.02976
5354	4.98426	5.08084
5355	4.98426	5.07523
5356	4.98426	5.06322
5357	4.98426	5.12346
5358	4.98426	5.01158
5359	4.98426	5.0163
5360	4.98426	4.99141
5361	4.98426	5.01833
5362	4.98426	5.07518
5363	4.98426	5.08962
5364	4.98426	5.0487
5365	4.98426	5.12625
5366	4.98426	5.15931
5367	4.98426	5.1821
5368	4.98426	5.10584
5369	4.98426	5.06281
5370	4.98426	5.24434
5371	4.98426	5.08054
5372	4.98426	5.07838
5373	4.98426	5.1009
5374	4.98426	5.21397
5375	4.98426	5.13926
5376	4.98426	5.20827
5377	4.98426	5.15012
5378	4.98426	5.09734
5379	4.98426	5.10974
5380	4.98426	5.01253
5381	4.98426	5.06703
5382	4.98426	5.03885
5383	4.98426	5.00762
5384	4.98426	5.06759
5385	4.98426	5.06888
5386	4.98426	5.08495
5387	4.98426	5.08468
5388	4.98426	5.09663
5389	4.98426	5.03491
5390	4.98426	5.04093
5391	4.98426	5.01264
5392	4.98426	4.98472
5393	4.98426	4.99042
5394	4.98426	5.01061
5395	4.98426	5.03279
5396	4.98426	4.98426
5397	4.98426	4.98426
5398	4.98426	4.98588
5399	4.98426	4.99897
5400	4.98426	5.01161
5401	4.98426	5.07508
5402	4.98426	5.0912
5403	4.98426	5.09977
5404	4.98426	5.07873
5405	4.98426	5.17309
5406	4.98426	5.10955
5407	4.98426	5.03368
5408	4.98426	5.04711
5409	4.98426	5.05393
5410	4.98426	5.02697
5411	4.98426	4.99485
5412	4.98426	4.99521
5413	4.98426	4.99795
5414	4.98426	4.98426
5415	4.98426	4.98426
5416	4.98426	4.99583
5417	4.98426	5.06948
5418	4.98426	5.12364
5419	4.98426	5.02842
5420	4.98426	5.08055
5421	4.98426	5.00055
5422	4.98426	4.98426
5423	4.98426	4.98426
5424	4.98426	4.98426
5425	4.98426	4.98527
5426	4.98426	4.99646
5427	4.98426	5.03088
5428	4.98426	4.98426
5429	4.98426	4.99679
5430	4.98426	5.00344
5431	4.98426	5.10008
5432	4.98426	5.072
5433	4.98426	5.01639
5434	4.98426	5.07627
5435	4.98426	4.99535
5436	4.98426	4.98614
5437	4.98426	4.99283
5438	4.98426	4.98426
5439	4.98426	4.99459
5440	4.98426	5.00588
5441	4.98426	4.98908
5442	4.98426	5.03101
5443	4.98426	4.98554
5444	4.98426	4.98426
5445	4.98426	4.98426
5446	4.98426	4.99036
5447	4.98426	5.02561
5448	4.98426	4.99802
5449	4.98426	5.00075
5450	4.98426	5.09217
5451	4.98426	5.09579
5452	4.98426	5.01963
5453	4.98426	4.99541
5454	4.98426	5.08583
5455	4.98426	5.06462
5456	4.98426	4.99748
5457	4.98426	5.17201
5458	4.98426	5.01222
5459	4.98426	4.98621
5460	4.98426	4.98426
5461	4.98426	5.04271
5462	4.98426	5.03592
5463	4.98426	5.0922
5464	4.98426	5.02964
5465	4.98426	5.00743
5466	4.98426	5.01976
5467	4.98426	5
5468	4.98426	4.99566
5469	4.98426	4.98567
5470	4.98426	4.98426
5471	4.98426	4.98426
5472	4.98426	4.98856
5473	4.98426	5.0094
5474	4.98426	4.98426
5475	4.98426	4.99453
5476	4.98426	5.08651
5477	4.98426	5.09241
5478	4.98426	5.09441
5479	4.98426	5.03254
5480	4.98426	5.08979
5481	4.98426	5.10915
5482	4.98426	5.02722
5483	4.98426	5.05209
5484	4.98426	5.04117
5485	4.98426	4.98767
5486	4.98426	4.98426
5487	4.98426	5.00368
5488	4.98426	4.98481
5489	4.98426	5.0056
5490	4.98426	5.00797
5491	4.98426	5.01506
5492	4.98426	5.00571
5493	4.98426	5.00146
5494	4.98426	5.08324
5495	4.98426	5.02066
5496	4.98426	5.06727
5497	4.98426	4.98966
5498	4.98426	4.98426
5499	4.98426	5.03344
5500	4.98426	4.9909
5501	4.98426	4.98426
5502	4.98426	5.04104
5503	4.98426	5.00198
5504	4.98426	5.07844
5505	4.98426	5.08486
5506	4.98426	5.00244
5507	4.98426	5.05934
5508	4.98426	5.01012
5509	4.98426	5.04076
5510	4.98426	5.02566
5511	4.98426	5.0169
5512	4.98426	5.03092
5513	4.98426	5.03994
5514	4.98426	5.05714
5515	4.98426	5.09761
5516	4.98426	5.12173
5517	4.98426	5.04771
5518	4.98426	5.12698
5519	4.98426	5.0944
5520	4.98426	5.11233
5521	4.98426	5.03582
5522	4.98426	5.01272
5523	4.98426	5.06619
5524	4.98426	5.00339
5525	4.98426	5.01328
5526	4.98426	4.98667
5527	4.98426	4.98426
5528	4.98426	4.98426
5529	4.98426	5.01169
5530	4.98426	5.00095
5531	4.98426	4.99808
5532	4.98426	5.02405
5533	4.98426	5.02549
5534	4.98426	4.98779
5535	4.98426	4.9912
5536	4.98426	4.99253
5537	4.98426	4.99394
5538	4.98426	4.99687
5539	4.98426	4.98426
5540	4.98426	5.03178
5541	4.98426	5.11543
5542	4.98426	5.20486
5543	4.98426	5.08599
5544	4.98426	5.11173
5545	4.98426	5.08779
5546	4.98426	5.09449
5547	4.98426	5.04697
5548	4.98426	5.06166
5549	4.98426	5.12599
5550	4.98426	5.15442
5551	4.98426	5.14379
5552	4.98426	5.13056
5553	4.98426	5.0631
5554	4.98426	5.00548
5555	4.98426	4.98426
5556	4.98426	4.98426
5557	4.98426	5.03531
5558	4.98426	5.06971
5559	4.98426	5.02502
5560	4.98426	5.00211
5561	4.98426	4.98426
5562	4.98426	4.98426
5563	4.98426	4.9858
5564	4.98426	5.08586
5565	4.98426	4.99709
5566	4.98426	5.093
5567	4.98426	5.09786
5568	4.98426	5.05071
5569	4.98426	4.99444
5570	4.98426	5.00168
5571	4.98426	5.01455
5572	4.98426	5.02471
5573	4.98426	5.03859
5574	4.98426	5.09103
5575	4.98426	5.20861
5576	4.98426	5.15731
5577	4.98426	5.04664
5578	4.98426	5.07437
5579	4.98426	5.07231
5580	4.98426	5.12087
5581	4.98426	5.18892
5582	4.98426	5.16308
5583	4.98426	5.01294
5584	4.98426	5.00305
5585	4.98426	5.01845
5586	4.98426	5.01854
5587	4.98426	5.07052
5588	4.98426	5.11684
5589	4.98426	5.02067
5590	4.98426	5.0882
5591	4.98426	5.03982
5592	4.98426	4.98444
5593	4.98426	4.99277
5594	4.98426	5.03387
5595	4.98426	5.11641
5596	4.98426	5.10583
5597	4.98426	5.01644
5598	4.98426	5.041
5599	4.98426	5.04885
5600	4.98426	4.99445
5601	4.98426	4.99138
5602	4.98426	5.02243
5603	4.98426	5.03569
5604	4.98426	4.98481
5605	4.98426	4.98426
5606	4.98426	4.98629
5607	4.98426	4.99377
5608	4.98426	4.99019
5609	4.98426	5.07174
5610	4.98426	5.03961
5611	4.98426	5.00833
5612	4.98426	5.00736
5613	4.98426	4.98997
5614	4.98426	4.98672
5615	4.98426	4.99306
5616	4.98426	5.04377
5617	4.98426	5.14411
5618	4.98426	5.18193
5619	4.98426	5.11134
5620	4.98426	5.06859
5621	4.98426	5.01441
5622	4.98426	5.01078
5623	4.98426	5.05033
5624	4.98426	5.01864
5625	4.98426	4.99225
5626	4.98426	5.12689
5627	4.98426	5.12065
5628	4.98426	5.02406
5629	4.98426	5.0251
5630	4.98426	5.02381
5631	4.98426	5.03336
5632	4.98426	5.03566
5633	4.98426	5.13156
5634	4.98426	5.09355
5635	4.98426	5.0693
5636	4.98426	5.0757
5637	4.98426	5.06198
5638	4.98426	5.09047
5639	4.98426	5.04914
5640	4.98426	5.10416
5641	4.98426	5.0618
5642	4.98426	5.03956
5643	4.98426	5.03491
5644	4.98426	5.0515
5645	4.98426	4.9885
5646	4.98426	5.0359
5647	4.98426	5.00711
5648	4.98426	5.01571
5649	4.98426	5.01015
5650	4.98426	4.98444
5651	4.98426	5.0137
5652	4.98426	5.00376
5653	4.98426	4.99693
5654	4.98426	5.07001
5655	4.98426	5.07249
5656	4.98426	5.10956
5657	4.98426	5.05309
5658	4.98426	5.02061
5659	4.98426	5.0103
5660	4.98426	5.07214
5661	4.98426	5.03819
5662	4.98426	5.01863
5663	4.98426	4.99059
5664	4.98426	5.02582
5665	4.98426	5.06783
5666	4.98426	4.98705
5667	4.98426	4.98426
5668	4.98426	5.00594
5669	4.98426	5.00056
5670	4.98426	5.01025
5671	4.98426	4.99903
5672	4.98426	5.0185
5673	4.98426	5.112
5674	4.98426	5.05076
5675	4.98426	5.03333
5676	4.98426	5.04028
5677	4.98426	5.00812
5678	4.98426	5.00159
5679	4.98426	5.00865
5680	4.98426	5.0207
5681	4.98426	5.03235
5682	4.98426	5.00596
5683	4.98426	5.01935
5684	4.98426	4.9998
5685	4.98426	5.06893
5686	4.98426	5.05459
5687	4.98426	5.00828
5688	4.98426	5.03821
5689	4.98426	5.05373
5690	4.98426	5.06388
5691	4.98426	5.0007
5692	4.98426	4.98426
5693	4.98426	5.00362
5694	4.98426	5.07827
5695	4.98426	5.03562
5696	4.98426	5.11339
5697	4.98426	5.05597
5698	4.98426	5.02848
5699	4.98426	5.01013
5700	4.98426	5.01326
5701	4.98426	5.00257
5702	4.98426	5.12448
5703	4.98426	5.02944
5704	4.98426	4.98466
5705	4.98426	4.99993
5706	4.98426	4.987
5707	4.98426	5.00851
5708	4.98426	5.07896
5709	4.98426	5.00683
5710	4.98426	4.98431
5711	4.98426	5.02635
5712	4.98426	5.02617
5713	4.98426	5.05239
5714	4.98426	5.0192
5715	4.98426	4.99915
5716	4.98426	5.00099
5717	4.98426	5.04822
5718	4.98426	5.122
5719	4.98426	5.05911
5720	4.98426	5.10735
5721	4.98426	5.13572
5722	4.98426	5.02442
5723	4.98426	5.01297
5724	4.98426	5.00692
5725	4.98426	5.06053
5726	4.98426	5.15154
5727	4.98426	5.25159
5728	4.98426	5.0742
5729	4.98426	5.09767
5730	4.98426	5.03452
5731	4.98426	4.98426
5732	4.98426	4.99666
5733	4.98426	4.99883
5734	4.98426	4.98542
5735	4.98426	4.98426
5736	4.98426	4.98444
5737	4.98426	5.06117
5738	4.98426	5.02407
5739	4.98426	5.00513
5740	4.98426	4.99749
5741	4.98426	4.98524
5742	4.98426	4.985
5743	4.98426	4.991
5744	4.98426	5.00388
5745	4.98426	5.03602
5746	4.98426	5.0385
5747	4.98426	5.04649
5748	4.98426	5.06207
5749	4.98426	5.06117
5750	4.98426	4.98792
5751	4.98426	5.00104
5752	4.98426	5.00022
5753	4.98426	4.99721
5754	4.98426	4.99554
5755	4.98426	4.98719
5756	4.98426	5.01194
5757	4.98426	5.00736
5758	4.98426	5.06762
5759	4.98426	5.08199
5760	4.98426	5.08024
5761	4.98426	5.06528
5762	4.98426	5.11995
5763	4.98426	5.05241
5764	4.98426	4.99988
5765	4.98426	5.03711
5766	4.98426	5.10874
5767	4.98426	5.04769
5768	4.98426	5.02846
5769	4.98426	4.99818
5770	4.98426	4.99848
5771	4.98426	5.01193
5772	4.98426	5.17748
5773	4.98426	5.00191
5774	4.98426	5.00997
5775	4.98426	4.99193
5776	4.98426	4.988
5777	4.98426	5.02094
5778	4.98426	4.99843
5779	4.98426	5.02921
5780	4.98426	5.02983
5781	4.98426	5.07792
5782	4.98426	4.99363
5783	4.98426	4.98463
5784	4.98426	4.98426
5785	4.98426	4.98426
5786	4.98426	4.98426
5787	4.98426	5.00984
5788	4.98426	5.01426
5789	4.98426	5.04972
5790	4.98426	5.00611
5791	4.98426	4.99084
5792	4.98426	4.98489
5793	4.98426	5.01788
5794	4.98426	4.99131
5795	4.98426	4.99876
5796	4.98426	4.9858
5797	4.98426	4.99997
5798	4.98426	5.08249
5799	4.98426	5.04431
5800	4.98426	5.03253
5801	4.98426	5.02448
5802	4.98426	5.02656
5803	4.98426	5.07351
5804	4.98426	5.07486
5805	4.98426	5.12754
5806	4.98426	5.22281
5807	4.98426	5.0723
5808	4.98426	5.06507
5809	4.98426	5.09444
5810	4.98426	5.06336
5811	4.98426	5.03752
5812	4.98426	5.07307
5813	4.98426	5.03061
5814	4.98426	4.9944
5815	4.98426	4.98426
5816	4.98426	4.98466
5817	4.98426	5.01146
5818	4.98426	4.98466
5819	4.98426	4.99753
5820	4.98426	5.00475
5821	4.98426	5.04003
5822	4.98426	5.03006
5823	4.98426	5.09393
5824	4.98426	5.0582
5825	4.98426	5.024
5826	4.98426	5.16144
5827	4.98426	5.12398
5828	4.98426	5.10803
5829	4.98426	5.0674
5830	4.98426	5.10456
5831	4.98426	5.04781
5832	4.98426	5.01738
5833	4.98426	5.04988
5834	4.98426	5.1779
5835	4.98426	5.16745
5836	4.98426	5.1111
5837	4.98426	5.07036
5838	4.98426	4.98915
5839	4.98426	4.98956
5840	4.98426	4.98785
5841	4.98426	5.0255
5842	4.98426	4.98709
5843	4.98426	5.0535
5844	4.98426	4.98866
5845	4.98426	5.04444
5846	4.98426	4.99028
5847	4.98426	5.01501
5848	4.98426	5.00694
5849	4.98426	4.98974
5850	4.98426	5.12143
5851	4.98426	5.04548
5852	4.98426	5.07231
5853	4.98426	4.99854
5854	4.98426	5.03996
5855	4.98426	5.03974
5856	4.98426	5.09631
5857	4.98426	5.09242
5858	4.98426	5.06592
5859	4.98426	5.01616
5860	4.98426	5.08065
5861	4.98426	5.05968
5862	4.98426	5.02322
5863	4.98426	5.09928
5864	4.98426	5.0923
5865	4.98426	5.04519
5866	4.98426	5.00204
5867	4.98426	5.01559
5868	4.98426	5.01599
5869	4.98426	5.0438
5870	4.98426	5.07831
5871	4.98426	5.01015
5872	4.98426	5.09652
5873	4.98426	5.01852
5874	4.98426	5.02663
5875	4.98426	5.02159
5876	4.98426	5.04141
5877	4.98426	5.02447
5878	4.98426	5.07193
5879	4.98426	5.01576
5880	4.98426	5.01452
5881	4.98426	5.11469
5882	4.98426	5.1465
5883	4.98426	5.11306
5884	4.98426	5.0503
5885	4.98426	5.09439
5886	4.98426	5.19244
5887	4.98426	5.22555
5888	4.98426	5.11984
5889	4.98426	5.01077
5890	4.98426	5.05213
5891	4.98426	5.02955
5892	4.98426	5.0032
5893	4.98426	5.05853
5894	4.98426	5.00805
5895	4.98426	5.03342
5896	4.98426	5.08549
5897	4.98426	5.16354
5898	4.98426	5.03426
5899	4.98426	5.08171
5900	4.98426	4.99002
5901	4.98426	4.98859
5902	4.98426	5.04457
5903	4.98426	5.03281
5904	4.98426	5.05106
5905	4.98426	5.01368
5906	4.98426	5.07412
5907	4.98426	5.04607
5908	4.98426	5.04122
5909	4.98426	5.06207
5910	4.98426	5.03862
5911	4.98426	5.00459
5912	4.98426	5.05021
5913	4.98426	5.0234
5914	4.98426	5.01686
5915	4.98426	4.98616
5916	4.98426	4.9877
5917	4.98426	5.02371
5918	4.98426	5.06698
5919	4.98426	5.06325
5920	4.98426	4.98894
5921	4.98426	4.98426
5922	4.98426	4.98426
5923	4.98426	4.98426
5924	4.98426	4.98426
5925	4.98426	4.98475
5926	4.98426	4.98627
5927	4.98426	5.04155
5928	4.98426	5.04033
5929	4.98426	5.05349
5930	4.98426	5.07479
5931	4.98426	5.00452
5932	4.98426	5.01137
5933	4.98426	5.00117
5934	4.98426	5.05626
5935	4.98426	5.00423
5936	4.98426	5.00711
5937	4.98426	4.9892
5938	4.98426	5.04598
5939	4.98426	4.98683
5940	4.98426	5.0003
5941	4.98426	5.00717
5942	4.98426	4.98552
5943	4.98426	5.00275
5944	4.98426	4.99614
5945	4.98426	5.00827
5946	4.98426	4.98426
5947	4.98426	4.98426
5948	4.98426	4.98503
5949	4.98426	5.00598
5950	4.98426	5.00451
5951	4.98426	5.03329
5952	4.98426	5.0272
5953	4.98426	4.98843
5954	4.98426	4.98426
5955	4.98426	4.98426
5956	4.98426	4.98994
5957	4.98426	5.11337
5958	4.98426	5.16199
5959	4.98426	5.13098
5960	4.98426	5.02618
5961	4.98426	5.07749
5962	4.98426	5.02028
5963	4.98426	5.12094
5964	4.98426	5.18952
5965	4.98426	5.21736
5966	4.98426	5.1497
5967	4.98426	5.10254
5968	4.98426	5.11361
5969	4.98426	5.10284
5970	4.98426	4.98521
5971	4.98426	5.01686
5972	4.98426	4.98808
5973	4.98426	5.0134
5974	4.98426	5.02389
5975	4.98426	4.98918
5976	4.98426	5.06534
5977	4.98426	4.98651
5978	4.98426	4.98426
5979	4.98426	5.01991
5980	4.98426	5.13246
5981	4.98426	5.01865
5982	4.98426	4.9965
5983	4.98426	5.03537
5984	4.98426	5.0697
5985	4.98426	5.03148
5986	4.98426	4.98586
5987	4.98426	4.98426
5988	4.98426	4.986
5989	4.98426	5.00184
5990	4.98426	4.99626
5991	4.98426	5.016
5992	4.98426	4.98426
5993	4.98426	4.98426
5994	4.98426	5.01639
5995	4.98426	5.05194
5996	4.98426	5.05148
5997	4.98426	5.11554
5998	4.98426	5.21631
5999	4.98426	5.15623
6000	4.98426	5.13599
6001	4.98426	5.1928
6002	4.98426	5.11437
6003	4.98426	5.1429
6004	4.98426	4.98926
6005	4.98426	5.0614
6006	4.98426	5.02025
6007	4.98426	5.14807
6008	4.98426	5.0892
6009	4.98426	5.09475
6010	4.98426	4.99464
6011	4.98426	5.02464
6012	4.98426	5.05534
6013	4.98426	5.0393
6014	4.98426	5.05922
6015	4.98426	4.99829
6016	4.98426	5.04365
6017	4.98426	5.06376
6018	4.98426	4.98832
6019	4.98426	5.02731
6020	4.98426	5.08565
6021	4.98426	5.07285
6022	4.98426	5.06653
6023	4.98426	5.02071
6024	4.98426	4.99597
6025	4.98426	5.10807
6026	4.98426	5.06635
6027	4.98426	5.03845
6028	4.98426	5.1154
6029	4.98426	5.26623
6030	4.98426	5.08681
6031	4.98426	5.10065
6032	4.98426	5.04036
6033	4.98426	5.04504
6034	4.98426	4.98426
6035	4.98426	4.99208
6036	4.98426	4.98426
6037	4.98426	4.98426
6038	4.98426	4.98426
6039	4.98426	5.01477
6040	4.98426	4.98426
6041	4.98426	4.98426
6042	4.98426	4.98426
6043	4.98426	4.98698
6044	4.98426	4.9847
6045	4.98426	4.98808
6046	4.98426	4.98426
6047	4.98426	4.98426
6048	4.98426	4.98426
6049	4.98426	4.98534
6050	4.98426	4.98426
6051	4.98426	5.07636
6052	4.98426	5.00866
6053	4.98426	5.0431
6054	4.98426	4.98604
6055	4.98426	5.00099
6056	4.98426	5.00327
6057	4.98426	5.10996
6058	4.98426	5.04431
6059	4.98426	5.03308
6060	4.98426	5.00693
6061	4.98426	5.06897
6062	4.98426	5.0491
6063	4.98426	5.04957
6064	4.98426	5.07041
6065	4.98426	5.0255
6066	4.98426	5.05112
6067	4.98426	5.06669
6068	4.98426	5.03176
6069	4.98426	5.01245
6070	4.98426	5.02313
6071	4.98426	5.06356
6072	4.98426	5.22225
6073	4.98426	5.24111
6074	4.98426	5.22593
6075	4.98426	5.21006
6076	4.98426	5.16639
6077	4.98426	5.04586
6078	4.98426	5.09107
6079	4.98426	5.08789
6080	4.98426	5.14358
6081	4.98426	5.10983
6082	4.98426	5.0697
6083	4.98426	5.05038
6084	4.98426	5.02239
6085	4.98426	5.10494
6086	4.98426	5.1344
6087	4.98426	5.0633
6088	4.98426	5.09474
6089	4.98426	5.07139
6090	4.98426	5.03773
6091	4.98426	5.14973
6092	4.98426	5.04878
6093	4.98426	5.12237
6094	4.98426	5.12152
6095	4.98426	5.08324
6096	4.98426	5.11982
6097	4.98426	5.23835
6098	4.98426	5.07289
6099	4.98426	5.04479
6100	4.98426	5.01702
6101	4.98426	5.05611
6102	4.98426	4.98774
6103	4.98426	4.98426
6104	4.98426	4.98598
6105	4.98426	5.013
6106	4.98426	5.02364
6107	4.98426	5.02574
6108	4.98426	5.02454
6109	4.98426	5.02228
6110	4.98426	4.99914
6111	4.98426	4.98426
6112	4.98426	4.98426
6113	4.98426	4.98964
6114	4.98426	5.01494
6115	4.98426	5.04077
6116	4.98426	5.01359
6117	4.98426	5.00922
6118	4.98426	5.04601
6119	4.98426	5.02163
6120	4.98426	5.02876
6121	4.98426	5.01289
6122	4.98426	4.99929
6123	4.98426	5.04715
6124	4.98426	5.04769
6125	4.98426	4.99966
6126	4.98426	5.01814
6127	4.98426	5.09359
6128	4.98426	5.05089
6129	4.98426	5.04896
6130	4.98426	5.06969
6131	4.98426	4.98883
6132	4.98426	4.98426
6133	4.98426	4.98426
6134	4.98426	4.98506
6135	4.98426	5.00938
6136	4.98426	5.02705
6137	4.98426	4.98426
6138	4.98426	4.98426
6139	4.98426	4.99761
6140	4.98426	5.08756
6141	4.98426	5.14286
6142	4.98426	5.18306
6143	4.98426	5.07151
6144	4.98426	5.04942
6145	4.98426	5.07712
6146	4.98426	5.09863
6147	4.98426	5.06801
6148	4.98426	5.19892
6149	4.98426	5.02529
6150	4.98426	5.05331
6151	4.98426	5.14391
6152	4.98426	5.00053
6153	4.98426	5.01925
6154	4.98426	5.00399
6155	4.98426	5.03533
6156	4.98426	4.98426
6157	4.98426	4.99039
6158	4.98426	5.01881
6159	4.98426	5.02597
6160	4.98426	5.11524
6161	4.98426	5.13148
6162	4.98426	5.04621
6163	4.98426	5.08754
6164	4.98426	5.05506
6165	4.98426	5.01179
6166	4.98426	4.99002
6167	4.98426	4.99011
6168	4.98426	4.98561
6169	4.98426	5.0073
6170	4.98426	5.00076
6171	4.98426	4.99435
6172	4.98426	4.99348
6173	4.98426	4.98734
6174	4.98426	4.98471
6175	4.98426	4.98426
6176	4.98426	4.98426
6177	4.98426	4.98426
6178	4.98426	4.99771
6179	4.98426	5.05018
6180	4.98426	5.06211
6181	4.98426	5.09387
6182	4.98426	5.03329
6183	4.98426	5.07168
6184	4.98426	4.99504
6185	4.98426	5.01192
6186	4.98426	4.99213
6187	4.98426	4.98728
6188	4.98426	5.03206
6189	4.98426	4.99293
6190	4.98426	5.00918
6191	4.98426	4.98426
6192	4.98426	4.98426
6193	4.98426	4.98489
6194	4.98426	4.99292
6195	4.98426	4.98863
6196	4.98426	4.99432
6197	4.98426	5.04387
6198	4.98426	4.98913
6199	4.98426	5.07196
6200	4.98426	5.00806
6201	4.98426	5.00783
6202	4.98426	5.00208
6203	4.98426	4.9923
6204	4.98426	4.98608
6205	4.98426	4.98509
6206	4.98426	4.98991
6207	4.98426	4.98426
6208	4.98426	4.9924
6209	4.98426	5.02683
6210	4.98426	4.98426
6211	4.98426	5.03539
6212	4.98426	5.02373
6213	4.98426	4.98839
6214	4.98426	4.98426
6215	4.98426	4.98948
6216	4.98426	5.00485
6217	4.98426	5.04993
6218	4.98426	5.09064
6219	4.98426	5.06577
6220	4.98426	5.09688
6221	4.98426	5.01805
6222	4.98426	4.99978
6223	4.98426	4.98426
6224	4.98426	4.9884
6225	4.98426	4.98426
6226	4.98426	4.99726
6227	4.98426	4.98678
6228	4.98426	4.98426
6229	4.98426	4.99158
6230	4.98426	5.00792
6231	4.98426	4.9958
6232	4.98426	4.98426
6233	4.98426	4.98426
6234	4.98426	4.98426
6235	4.98426	4.99626
6236	4.98426	5.04301
6237	4.98426	5.00537
6238	4.98426	4.98561
6239	4.98426	5.00961
6240	4.98426	5.0183
6241	4.98426	5.00234
6242	4.98426	5.01705
6243	4.98426	5.03765
6244	4.98426	5.01709
6245	4.98426	5.09834
6246	4.98426	5.04377
6247	4.98426	5.10884
6248	4.98426	5.0481
6249	4.98426	5.01512
6250	4.98426	5.0424
6251	4.98426	5.04038
6252	4.98426	5.01058
6253	4.98426	4.99242
6254	4.98426	4.98426
6255	4.98426	4.98426
6256	4.98426	5.0202
6257	4.98426	4.9923
6258	4.98426	4.9921
6259	4.98426	4.98426
6260	4.98426	4.98581
6261	4.98426	4.98914
6262	4.98426	5.11163
6263	4.98426	5.03777
6264	4.98426	4.99261
6265	4.98426	5.00305
6266	4.98426	5.08003
6267	4.98426	5.004
6268	4.98426	5.11724
6269	4.98426	5.0859
6270	4.98426	4.99665
6271	4.98426	4.98426
6272	4.98426	4.98718
6273	4.98426	4.98426
6274	4.98426	4.99172
6275	4.98426	4.98475
6276	4.98426	4.98426
6277	4.98426	4.98783
6278	4.98426	5.05195
6279	4.98426	5.03459
6280	4.98426	5.01455
6281	4.98426	5.01455
6282	4.98426	5.03708
6283	4.98426	5.03967
6284	4.98426	5.05476
6285	4.98426	5.02058
6286	4.98426	4.99398
6287	4.98426	5.1205
6288	4.98426	5.08243
6289	4.98426	5.02742
6290	4.98426	5.12292
6291	4.98426	5.11003
6292	4.98426	5.07344
6293	4.98426	4.988
6294	4.98426	4.98999
6295	4.98426	4.98426
6296	4.98426	4.98633
6297	4.98426	4.99207
6298	4.98426	4.98447
6299	4.98426	4.98426
6300	4.98426	4.99475
6301	4.98426	5.07225
6302	4.98426	4.98584
6303	4.98426	4.98736
6304	4.98426	4.99486
6305	4.98426	5.12693
6306	4.98426	5.08373
6307	4.98426	5.14766
6308	4.98426	5.0405
6309	4.98426	5.01828
6310	4.98426	5.02348
6311	4.98426	4.98739
6312	4.98426	4.99053
6313	4.98426	5.03403
6314	4.98426	5.04803
6315	4.98426	5.05618
6316	4.98426	5.02062
6317	4.98426	5.02388
6318	4.98426	5.04909
6319	4.98426	5.08956
6320	4.98426	5.05594
6321	4.98426	5.09812
6322	4.98426	5.17565
6323	4.98426	5.3017
6324	4.98426	5.30512
6325	4.98426	5.35709
6326	4.98426	5.18908
6327	4.98426	5.22224
6328	4.98426	5.20618
6329	4.98426	5.18232
6330	4.98426	5.21265
6331	4.98426	5.18533
6332	4.98426	5.13806
6333	4.98426	5.16721
6334	4.98426	5.20989
6335	4.98426	5.11453
6336	4.98426	4.99992
6337	4.98426	5.07243
6338	4.98426	5.07377
6339	4.98426	5.07498
6340	4.98426	5.1366
6341	4.98426	5.02523
6342	4.98426	5.11191
6343	4.98426	5.05291
6344	4.98426	5.11733
6345	4.98426	5.09083
6346	4.98426	4.99174
6347	4.98426	4.98434
6348	4.98426	5.00099
6349	4.98426	4.99871
6350	4.98426	5.00015
6351	4.98426	5.02766
6352	4.98426	5.00208
6353	4.98426	5.04593
6354	4.98426	5.06668
6355	4.98426	4.99484
6356	4.98426	5.00631
6357	4.98426	5.00754
6358	4.98426	5.00496
6359	4.98426	5.01556
6360	4.98426	5.00311
6361	4.98426	5.00785
6362	4.98426	5.04232
6363	4.98426	5.02158
6364	4.98426	4.98746
6365	4.98426	5.03833
6366	4.98426	5.03648
6367	4.98426	5.00284
6368	4.98426	5.06142
6369	4.98426	5.03151
6370	4.98426	4.99292
6371	4.98426	4.98426
6372	4.98426	4.98426
6373	4.98426	4.98426
6374	4.98426	4.98426
6375	4.98426	4.98641
6376	4.98426	4.99075
6377	4.98426	5.01873
6378	4.98426	5.00984
6379	4.98426	5.08058
6380	4.98426	5.0751
6381	4.98426	5.11219
6382	4.98426	5.01979
6383	4.98426	5.0452
6384	4.98426	5.12999
6385	4.98426	5.07366
6386	4.98426	4.98638
6387	4.98426	4.98426
6388	4.98426	4.99322
6389	4.98426	4.98426
6390	4.98426	4.98426
6391	4.98426	4.98426
6392	4.98426	4.98426
6393	4.98426	4.98774
6394	4.98426	5.01076
6395	4.98426	5.01087
6396	4.98426	5.07898
6397	4.98426	4.98635
6398	4.98426	5.12767
6399	4.98426	5.02915
6400	4.98426	4.99474
6401	4.98426	5.01442
6402	4.98426	4.98494
6403	4.98426	5.04788
6404	4.98426	5.13039
6405	4.98426	5.10012
6406	4.98426	5.1246
6407	4.98426	5.08999
6408	4.98426	5.08504
6409	4.98426	4.9879
6410	4.98426	4.99504
6411	4.98426	5.06885
6412	4.98426	5.13385
6413	4.98426	5.15001
6414	4.98426	5.05666
6415	4.98426	5.0729
6416	4.98426	5.09453
6417	4.98426	5.09578
6418	4.98426	5.09484
6419	4.98426	5.06127
6420	4.98426	5.07736
6421	4.98426	5.00955
6422	4.98426	5.01288
6423	4.98426	5.04202
6424	4.98426	5.05527
6425	4.98426	5.09515
6426	4.98426	5.01373
6427	4.98426	4.98952
6428	4.98426	5.05908
6429	4.98426	4.99121
6430	4.98426	5.05843
6431	4.98426	5.00477
6432	4.98426	5.0088
6433	4.98426	4.99904
6434	4.98426	5.05572
6435	4.98426	5.00206
6436	4.98426	5.04014
6437	4.98426	5.00937
6438	4.98426	5.02104
6439	4.98426	4.99981
6440	4.98426	4.9865
6441	4.98426	4.99571
6442	4.98426	4.98736
6443	4.98426	4.99626
6444	4.98426	4.99384
6445	4.98426	4.98426
6446	4.98426	4.98426
6447	4.98426	4.99013
6448	4.98426	5.06531
6449	4.98426	5.03236
6450	4.98426	5.00793
6451	4.98426	4.98426
6452	4.98426	4.98426
6453	4.98426	5.017
6454	4.98426	5.00802
6455	4.98426	4.98426
6456	4.98426	4.98426
6457	4.98426	5.02742
6458	4.98426	5.02389
6459	4.98426	5.02555
6460	4.98426	5.02332
6461	4.98426	5.02132
6462	4.98426	4.98426
6463	4.98426	4.99284
6464	4.98426	4.99332
6465	4.98426	4.99019
6466	4.98426	5.01139
6467	4.98426	4.98874
6468	4.98426	5.00105
6469	4.98426	4.98426
6470	4.98426	4.98426
6471	4.98426	4.98426
6472	4.98426	4.98426
6473	4.98426	4.98426
6474	4.98426	4.98426
6475	4.98426	4.98604
6476	4.98426	4.98426
6477	4.98426	4.98426
6478	4.98426	5.01134
6479	4.98426	5.01508
6480	4.98426	4.98851
6481	4.98426	4.98471
6482	4.98426	4.98426
6483	4.98426	5.01549
6484	4.98426	5.02652
6485	4.98426	4.98507
6486	4.98426	4.99673
6487	4.98426	5.03493
6488	4.98426	5.02777
6489	4.98426	5.0498
6490	4.98426	5.07227
6491	4.98426	5.04794
6492	4.98426	5.03235
6493	4.98426	5.006
6494	4.98426	4.98656
6495	4.98426	5.03552
6496	4.98426	5.01386
6497	4.98426	5.00319
6498	4.98426	5.01099
6499	4.98426	5.00913
6500	4.98426	4.98898
6501	4.98426	5.03807
6502	4.98426	5.01356
6503	4.98426	5.00679
6504	4.98426	5.04248
6505	4.98426	5.0555
6506	4.98426	5.00059
6507	4.98426	4.98769
6508	4.98426	5.01278
6509	4.98426	5.0091
6510	4.98426	5.185
6511	4.98426	5.07392
6512	4.98426	5.02155
6513	4.98426	4.98426
6514	4.98426	4.98426
6515	4.98426	5.00143
6516	4.98426	4.98426
6517	4.98426	5.00182
6518	4.98426	5.09541
6519	4.98426	5.03562
6520	4.98426	5.15637
6521	4.98426	5.07648
6522	4.98426	5.02907
6523	4.98426	4.99963
6524	4.98426	4.99126
6525	4.98426	5.01631
6526	4.98426	5.05339
6527	4.98426	5.04761
6528	4.98426	5.02451
6529	4.98426	4.98443
6530	4.98426	5.04837
6531	4.98426	5.01055
6532	4.98426	5.00725
6533	4.98426	5.01134
6534	4.98426	4.99293
6535	4.98426	4.99432
6536	4.98426	4.98519
6537	4.98426	4.98444
6538	4.98426	4.98563
6539	4.98426	5.00077
6540	4.98426	5.0026
6541	4.98426	5.02519
6542	4.98426	5.00015
6543	4.98426	5.01092
6544	4.98426	5.00352
6545	4.98426	5.06128
6546	4.98426	5.05316
6547	4.98426	5.03881
6548	4.98426	5.00257
6549	4.98426	5.04735
6550	4.98426	5.06346
6551	4.98426	5.03616
6552	4.98426	5.09688
6553	4.98426	5.14307
6554	4.98426	5.09924
6555	4.98426	5.06237
6556	4.98426	5.0824
6557	4.98426	5.03673
6558	4.98426	4.9928
6559	4.98426	5.0134
6560	4.98426	4.98471
6561	4.98426	4.9905
6562	4.98426	5.00878
6563	4.98426	4.99076
6564	4.98426	5.0318
6565	4.98426	5.02532
6566	4.98426	5.02451
6567	4.98426	5.05456
6568	4.98426	5.04618
6569	4.98426	5.03278
6570	4.98426	5.04258
6571	4.98426	5.00325
6572	4.98426	4.98988
6573	4.98426	5.00352
6574	4.98426	5.12551
6575	4.98426	5.06601
6576	4.98426	5.02807
6577	4.98426	5.09855
6578	4.98426	5.01395
6579	4.98426	5.06444
6580	4.98426	5.02962
6581	4.98426	5.03278
6582	4.98426	5.16501
6583	4.98426	5.054
6584	4.98426	5.09495
6585	4.98426	5.00098
6586	4.98426	4.98718
6587	4.98426	5.02398
6588	4.98426	4.99029
6589	4.98426	5.01339
6590	4.98426	5.03092
6591	4.98426	5.04972
6592	4.98426	5.02858
6593	4.98426	5.0188
6594	4.98426	4.98552
6595	4.98426	5.01284
6596	4.98426	5.0708
6597	4.98426	5.09916
6598	4.98426	5.01521
6599	4.98426	4.98431
6600	4.98426	4.98471
6601	4.98426	4.98426
6602	4.98426	4.99152
6603	4.98426	5.01991
6604	4.98426	5.02547
6605	4.98426	4.99042
6606	4.98426	5.04336
6607	4.98426	5.0957
6608	4.98426	5.058
6609	4.98426	5.09319
6610	4.98426	5.05228
6611	4.98426	5.07021
6612	4.98426	5.12208
6613	4.98426	5.12473
6614	4.98426	5.06082
6615	4.98426	5.06364
6616	4.98426	5.14758
6617	4.98426	5.07213
6618	4.98426	5.00693
6619	4.98426	5.00282
6620	4.98426	5.02838
6621	4.98426	5.02915
6622	4.98426	5.04921
6623	4.98426	4.9858
6624	4.98426	4.98426
6625	4.98426	5.05503
6626	4.98426	5.08703
6627	4.98426	5.03917
6628	4.98426	4.9979
6629	4.98426	4.98774
6630	4.98426	5.00549
6631	4.98426	5.03121
6632	4.98426	5.03494
6633	4.98426	5.01142
6634	4.98426	5.03592
6635	4.98426	5.04967
6636	4.98426	5.02852
6637	4.98426	5.00886
6638	4.98426	5.03859
6639	4.98426	5.01672
6640	4.98426	5.07934
6641	4.98426	4.98626
6642	4.98426	5.03494
6643	4.98426	5.03611
6644	4.98426	5.09687
6645	4.98426	5.01343
6646	4.98426	5.00496
6647	4.98426	4.99231
6648	4.98426	4.99082
6649	4.98426	5.05151
6650	4.98426	5.10891
6651	4.98426	5.00273
6652	4.98426	5.0069
6653	4.98426	5.07851
6654	4.98426	5.04284
6655	4.98426	5.07641
6656	4.98426	5.0104
6657	4.98426	5.11244
6658	4.98426	4.98426
6659	4.98426	4.9927
6660	4.98426	4.98426
6661	4.98426	4.98961
6662	4.98426	5.05638
6663	4.98426	5.01615
6664	4.98426	5.03048
6665	4.98426	5.00767
6666	4.98426	5.06106
6667	4.98426	5.02121
6668	4.98426	5.07654
6669	4.98426	5.02543
6670	4.98426	5.11211
6671	4.98426	5.16617
6672	4.98426	5.16819
6673	4.98426	5.17696
6674	4.98426	5.09928
6675	4.98426	5.1985
6676	4.98426	5.11751
6677	4.98426	5.13396
6678	4.98426	5.0664
6679	4.98426	5.01992
6680	4.98426	5.05256
6681	4.98426	5.02441
6682	4.98426	5.04785
6683	4.98426	5.0209
6684	4.98426	4.98598
6685	4.98426	4.98493
6686	4.98426	4.98426
6687	4.98426	4.98564
6688	4.98426	4.99299
6689	4.98426	5.03676
6690	4.98426	5.00623
6691	4.98426	5.01256
6692	4.98426	4.99355
6693	4.98426	5.02678
6694	4.98426	5.11968
6695	4.98426	5.04506
6696	4.98426	5.00776
6697	4.98426	4.9972
6698	4.98426	4.98426
6699	4.98426	5.01381
6700	4.98426	4.99885
6701	4.98426	5.00254
6702	4.98426	4.9869
6703	4.98426	4.99906
6704	4.98426	4.99262
6705	4.98426	5.03907
6706	4.98426	5.03903
6707	4.98426	5.05684
6708	4.98426	5.07346
6709	4.98426	5.02834
6710	4.98426	5.01786
6711	4.98426	4.98987
6712	4.98426	4.99475
6713	4.98426	5.00278
6714	4.98426	5.0543
6715	4.98426	5.0303
6716	4.98426	5.00455
6717	4.98426	5.05731
6718	4.98426	5.06922
6719	4.98426	5.07112
6720	4.98426	5.0199
6721	4.98426	4.99872
6722	4.98426	5.17302
6723	4.98426	5.15052
6724	4.98426	5.13027
6725	4.98426	5.11176
6726	4.98426	5.21629
6727	4.98426	5.07703
6728	4.98426	4.98426
6729	4.98426	5.02173
6730	4.98426	5.09539
6731	4.98426	5.03668
6732	4.98426	5.15805
6733	4.98426	5.08017
6734	4.98426	5.00356
6735	4.98426	5.04019
6736	4.98426	5.09679
6737	4.98426	5.13594
6738	4.98426	5.0886
6739	4.98426	5.01383
6740	4.98426	4.98555
6741	4.98426	5.00942
6742	4.98426	4.99523
6743	4.98426	4.99265
6744	4.98426	5.03448
6745	4.98426	5.04209
6746	4.98426	4.98426
6747	4.98426	4.98426
6748	4.98426	5.02153
6749	4.98426	5.0154
6750	4.98426	5.01478
6751	4.98426	5.02882
6752	4.98426	5.15219
6753	4.98426	5.07356
6754	4.98426	5.08476
6755	4.98426	5.09526
6756	4.98426	5.01066
6757	4.98426	4.98466
6758	4.98426	4.99458
6759	4.98426	5.06058
6760	4.98426	5.12112
6761	4.98426	5.1249
6762	4.98426	5.13314
6763	4.98426	5.03565
6764	4.98426	5.02719
6765	4.98426	5.00319
6766	4.98426	5.00564
6767	4.98426	4.98471
6768	4.98426	4.99193
6769	4.98426	5.01431
6770	4.98426	5.01634
6771	4.98426	4.99094
6772	4.98426	4.98455
6773	4.98426	4.98426
6774	4.98426	4.98426
6775	4.98426	4.98624
6776	4.98426	4.98426
6777	4.98426	4.99669
6778	4.98426	5.07802
6779	4.98426	5.04648
6780	4.98426	5.02277
6781	4.98426	5.00536
6782	4.98426	4.98861
6783	4.98426	5.0095
6784	4.98426	5.02483
6785	4.98426	4.98426
6786	4.98426	5.00188
6787	4.98426	4.98426
6788	4.98426	5.01701
6789	4.98426	5.10718
6790	4.98426	5.07012
6791	4.98426	4.99217
6792	4.98426	5.03039
6793	4.98426	4.99152
6794	4.98426	5.03586
6795	4.98426	5.01901
6796	4.98426	5.05368
6797	4.98426	5.03988
6798	4.98426	4.99526
6799	4.98426	5.07883
6800	4.98426	5.00513
6801	4.98426	5.00709
6802	4.98426	5.0023
6803	4.98426	5.11924
6804	4.98426	5.10951
6805	4.98426	5.15816
6806	4.98426	5.17254
6807	4.98426	5.12156
6808	4.98426	5.10458
6809	4.98426	5.14357
6810	4.98426	5.11049
6811	4.98426	5.0993
6812	4.98426	5.03984
6813	4.98426	5.04049
6814	4.98426	5.06608
6815	4.98426	5.05339
6816	4.98426	5.05996
6817	4.98426	5.02837
6818	4.98426	5.1222
6819	4.98426	5.11822
6820	4.98426	5.09427
6821	4.98426	5.01838
6822	4.98426	4.99467
6823	4.98426	4.991
6824	4.98426	5.01404
6825	4.98426	4.98426
6826	4.98426	5.0111
6827	4.98426	5.02381
6828	4.98426	5.16477
6829	4.98426	4.99577
6830	4.98426	4.99469
6831	4.98426	4.99997
6832	4.98426	5.01516
6833	4.98426	5.06408
6834	4.98426	4.98447
6835	4.98426	5.02658
6836	4.98426	5.10291
6837	4.98426	5.02316
6838	4.98426	5.08903
6839	4.98426	5.05442
6840	4.98426	5.11959
6841	4.98426	5.1095
6842	4.98426	5.24507
6843	4.98426	5.0935
6844	4.98426	4.98595
6845	4.98426	4.99631
6846	4.98426	5.04911
6847	4.98426	5.01363
6848	4.98426	5.01888
6849	4.98426	4.99257
6850	4.98426	4.98858
6851	4.98426	5.08147
6852	4.98426	5.0499
6853	4.98426	5.06292
6854	4.98426	5.03595
6855	4.98426	5.05452
6856	4.98426	5.05543
6857	4.98426	5.07312
6858	4.98426	5.07098
6859	4.98426	5.06205
6860	4.98426	5.06296
6861	4.98426	5.04317
6862	4.98426	5.07773
6863	4.98426	5.05577
6864	4.98426	5.07579
6865	4.98426	5.04553
6866	4.98426	5.04283
6867	4.98426	5.02923
6868	4.98426	5.03252
6869	4.98426	5.05443
6870	4.98426	5.05449
6871	4.98426	5.01665
6872	4.98426	5.00662
6873	4.98426	5.00428
6874	4.98426	5.10424
6875	4.98426	5.02858
6876	4.98426	5.04748
6877	4.98426	4.98475
6878	4.98426	4.98426
6879	4.98426	4.98884
6880	4.98426	4.98958
6881	4.98426	4.98426
6882	4.98426	4.98426
6883	4.98426	4.99419
6884	4.98426	5.11296
6885	4.98426	5.13143
6886	4.98426	5.12428
6887	4.98426	5.03016
6888	4.98426	5.01249
6889	4.98426	5.02036
6890	4.98426	5.01697
6891	4.98426	4.98579
6892	4.98426	5.00234
6893	4.98426	4.98426
6894	4.98426	5.09443
6895	4.98426	5.09452
6896	4.98426	5.03179
6897	4.98426	5.00009
6898	4.98426	5.03772
6899	4.98426	5.00108
6900	4.98426	5.01279
6901	4.98426	5.01052
6902	4.98426	5.0006
6903	4.98426	5.00467
6904	4.98426	4.99339
6905	4.98426	5.0087
6906	4.98426	4.99104
6907	4.98426	5.01627
6908	4.98426	5.0017
6909	4.98426	4.98426
6910	4.98426	4.98426
6911	4.98426	4.98426
6912	4.98426	5.03034
6913	4.98426	4.99219
6914	4.98426	5.03243
6915	4.98426	5.04996
6916	4.98426	4.98616
6917	4.98426	4.99415
6918	4.98426	4.99716
6919	4.98426	5.11504
6920	4.98426	5.07018
6921	4.98426	5.02822
6922	4.98426	4.99595
6923	4.98426	4.98426
6924	4.98426	4.99879
6925	4.98426	5.01287
6926	4.98426	5.01302
6927	4.98426	5.01509
6928	4.98426	5.00271
6929	4.98426	5.04278
6930	4.98426	5.09071
6931	4.98426	5.10069
6932	4.98426	5.04426
6933	4.98426	5.03827
6934	4.98426	4.98426
6935	4.98426	4.98426
6936	4.98426	5.01054
6937	4.98426	5.00865
6938	4.98426	5.02965
6939	4.98426	5.02143
6940	4.98426	5.03245
6941	4.98426	5.04849
6942	4.98426	5.05188
6943	4.98426	5.01818
6944	4.98426	5.01187
6945	4.98426	5.06254
6946	4.98426	5.03755
6947	4.98426	5.0202
6948	4.98426	5.12018
6949	4.98426	4.99334
6950	4.98426	4.99112
6951	4.98426	5.02399
6952	4.98426	4.98877
6953	4.98426	5.00023
6954	4.98426	5.01655
6955	4.98426	4.99126
6956	4.98426	5.05072
6957	4.98426	5.10603
6958	4.98426	5.0597
6959	4.98426	4.98426
6960	4.98426	4.98426
6961	4.98426	5.02467
6962	4.98426	5.04512
6963	4.98426	5.03005
6964	4.98426	5.04603
6965	4.98426	5.01053
6966	4.98426	5.08546
6967	4.98426	5.07297
6968	4.98426	5.01134
6969	4.98426	5.08738
6970	4.98426	5.0126
6971	4.98426	5.04807
6972	4.98426	5.08373
6973	4.98426	5.07044
6974	4.98426	5.02553
6975	4.98426	5.06188
6976	4.98426	5.06659
6977	4.98426	5.07952
6978	4.98426	5.05567
6979	4.98426	5.05163
6980	4.98426	5.0428
6981	4.98426	5.03416
6982	4.98426	5.02415
6983	4.98426	5.09434
6984	4.98426	4.99899
6985	4.98426	5.0056
6986	4.98426	4.99049
6987	4.98426	5.04131
6988	4.98426	5.04063
6989	4.98426	5.06008
6990	4.98426	5.03688
6991	4.98426	5.01885
6992	4.98426	5.04425
6993	4.98426	4.98773
6994	4.98426	4.99032
6995	4.98426	5.0089
6996	4.98426	5.09428
6997	4.98426	5.08719
6998	4.98426	5.0184
6999	4.98426	4.98426
7000	4.98426	4.98487
7001	4.98426	4.98426
7002	4.98426	4.98901
7003	4.98426	4.99422
7004	4.98426	5.03651
7005	4.98426	5.00994
7006	4.98426	5.07961
7007	4.98426	5.06049
7008	4.98426	5.03872
7009	4.98426	5.05996
7010	4.98426	5.06123
7011	4.98426	5.00755
7012	4.98426	4.98426
7013	4.98426	4.98426
7014	4.98426	4.98426
7015	4.98426	4.98426
7016	4.98426	4.98581
7017	4.98426	4.98426
7018	4.98426	4.98426
7019	4.98426	4.98426
7020	4.98426	5.01387
7021	4.98426	5.00477
7022	4.98426	4.98552
7023	4.98426	5.01186
7024	4.98426	4.98708
7025	4.98426	4.99548
7026	4.98426	5.0256
7027	4.98426	5.04014
7028	4.98426	5.04379
7029	4.98426	5.02149
7030	4.98426	5.05125
7031	4.98426	5.01184
7032	4.98426	5.01063
7033	4.98426	5.07081
7034	4.98426	5.1539
7035	4.98426	5.13226
7036	4.98426	5.10398
7037	4.98426	5.09318
7038	4.98426	5.14387
7039	4.98426	5.0915
7040	4.98426	5.02993
7041	4.98426	4.99847
7042	4.98426	4.99065
7043	4.98426	5.01865
7044	4.98426	4.99081
7045	4.98426	4.9859
7046	4.98426	5.0107
7047	4.98426	4.98677
7048	4.98426	5.01222
7049	4.98426	4.98501
7050	4.98426	4.98426
7051	4.98426	5.00018
7052	4.98426	4.98464
7053	4.98426	4.98426
7054	4.98426	5.02073
7055	4.98426	5.16681
7056	4.98426	5.13214
7057	4.98426	5.24
7058	4.98426	5.25724
7059	4.98426	5.17553
7060	4.98426	5.14211
7061	4.98426	5.12261
7062	4.98426	5.07971
7063	4.98426	5.05706
7064	4.98426	5.03338
7065	4.98426	4.98491
7066	4.98426	4.98426
7067	4.98426	4.98475
7068	4.98426	4.98426
7069	4.98426	4.98426
7070	4.98426	4.98426
7071	4.98426	4.98426
7072	4.98426	4.99933
7073	4.98426	5.0291
7074	4.98426	5.10761
7075	4.98426	5.10733
7076	4.98426	5.10182
7077	4.98426	5.04379
7078	4.98426	5.02367
7079	4.98426	5.05467
7080	4.98426	5.0245
7081	4.98426	5.01788
7082	4.98426	5.06405
7083	4.98426	5.05734
7084	4.98426	5.08838
7085	4.98426	5.05527
7086	4.98426	4.99589
7087	4.98426	5.03961
7088	4.98426	4.99066
7089	4.98426	4.98576
7090	4.98426	4.98426
7091	4.98426	5.00663
7092	4.98426	5.01059
7093	4.98426	4.98426
7094	4.98426	4.98426
7095	4.98426	5.01188
7096	4.98426	5.02082
7097	4.98426	4.99212
7098	4.98426	4.98595
7099	4.98426	5.01985
7100	4.98426	5.09681
7101	4.98426	5.13644
7102	4.98426	5.0613
7103	4.98426	5.12519
7104	4.98426	5.1315
7105	4.98426	5.10713
7106	4.98426	5.04395
7107	4.98426	5.04588
7108	4.98426	5.02325
7109	4.98426	5.00568
7110	4.98426	5.02203
7111	4.98426	5.0929
7112	4.98426	5.04781
7113	4.98426	4.98888
7114	4.98426	4.98883
7115	4.98426	4.98701
7116	4.98426	5.06947
7117	4.98426	5.12876
7118	4.98426	5.12965
7119	4.98426	5.14764
7120	4.98426	5.09883
7121	4.98426	5.07978
7122	4.98426	5.0377
7123	4.98426	4.99863
7124	4.98426	5.02838
7125	4.98426	5.08851
7126	4.98426	5.14135
7127	4.98426	5.12043
7128	4.98426	5.03067
7129	4.98426	5.011
7130	4.98426	5.01365
7131	4.98426	5.05878
7132	4.98426	5.00438
7133	4.98426	5.00888
7134	4.98426	4.99634
7135	4.98426	4.99143
7136	4.98426	5.08753
7137	4.98426	5.02029
7138	4.98426	4.98617
7139	4.98426	5.03611
7140	4.98426	5.00646
7141	4.98426	5.10504
7142	4.98426	5.1401
7143	4.98426	5.0925
7144	4.98426	5.04753
7145	4.98426	5.03319
7146	4.98426	5.01223
7147	4.98426	5.04953
7148	4.98426	5.06253
7149	4.98426	5.06132
7150	4.98426	5.04698
7151	4.98426	4.99766
7152	4.98426	5.03106
7153	4.98426	4.99436
7154	4.98426	4.99745
7155	4.98426	5.00077
7156	4.98426	4.98426
7157	4.98426	4.98932
7158	4.98426	4.98466
7159	4.98426	4.98762
7160	4.98426	4.99842
7161	4.98426	4.99693
7162	4.98426	5.0794
7163	4.98426	5.03328
7164	4.98426	5.02931
7165	4.98426	5.00827
7166	4.98426	4.98426
7167	4.98426	4.98426
7168	4.98426	5.05004
7169	4.98426	5.01161
7170	4.98426	5.0357
7171	4.98426	4.99602
7172	4.98426	5.06542
7173	4.98426	4.98426
7174	4.98426	4.98506
7175	4.98426	5.01957
7176	4.98426	4.99825
7177	4.98426	4.99025
7178	4.98426	5.00482
7179	4.98426	5.01275
7180	4.98426	5.03106
7181	4.98426	5.03245
7182	4.98426	4.99761
7183	4.98426	5.0207
7184	4.98426	4.98767
7185	4.98426	4.99989
7186	4.98426	4.99831
7187	4.98426	5.07574
7188	4.98426	5.20754
7189	4.98426	5.10241
7190	4.98426	5.14403
7191	4.98426	5.13605
7192	4.98426	5.17887
7193	4.98426	5.17573
7194	4.98426	5.09097
7195	4.98426	5.07361
7196	4.98426	5.05635
7197	4.98426	5.03072
7198	4.98426	5.01067
7199	4.98426	4.99682
7200	4.98426	4.9886
7201	4.98426	4.99553
7202	4.98426	4.99822
7203	4.98426	5.06454
7204	4.98426	5.04501
7205	4.98426	5.05775
7206	4.98426	5.04516
7207	4.98426	4.99881
7208	4.98426	4.98426
7209	4.98426	4.98426
7210	4.98426	4.98426
7211	4.98426	4.98909
7212	4.98426	5.00276
7213	4.98426	4.98426
7214	4.98426	4.98426
7215	4.98426	4.98426
7216	4.98426	4.98466
7217	4.98426	4.98426
7218	4.98426	5.00167
7219	4.98426	4.99068
7220	4.98426	5.02161
7221	4.98426	5.03112
7222	4.98426	4.98506
7223	4.98426	4.98426
7224	4.98426	4.98426
7225	4.98426	4.98629
7226	4.98426	4.98881
7227	4.98426	5.00868
7228	4.98426	5.0205
7229	4.98426	5.06536
7230	4.98426	4.99448
7231	4.98426	5.00253
7232	4.98426	4.99147
7233	4.98426	5.02259
7234	4.98426	5.05283
7235	4.98426	5.27581
7236	4.98426	5.25343
7237	4.98426	5.10619
7238	4.98426	5.09098
7239	4.98426	5.10481
7240	4.98426	5.0858
7241	4.98426	5.0575
7242	4.98426	5.0401
7243	4.98426	4.99751
7244	4.98426	5.0043
7245	4.98426	5.00721
7246	4.98426	5.05445
7247	4.98426	5.01477
7248	4.98426	5.03541
7249	4.98426	4.98426
7250	4.98426	5.01488
7251	4.98426	5.07727
7252	4.98426	5.05469
7253	4.98426	5.0733
7254	4.98426	5.02508
7255	4.98426	4.9989
7256	4.98426	5.00587
7257	4.98426	4.99184
7258	4.98426	4.98912
7259	4.98426	5.02965
7260	4.98426	5.00245
7261	4.98426	5.00084
7262	4.98426	5.00741
7263	4.98426	5.00637
7264	4.98426	5.00913
7265	4.98426	5.011
7266	4.98426	4.98716
7267	4.98426	4.9972
7268	4.98426	4.99222
7269	4.98426	5.03919
7270	4.98426	5.06162
7271	4.98426	4.98426
7272	4.98426	4.99587
7273	4.98426	5.05141
7274	4.98426	4.99173
7275	4.98426	5.11114
7276	4.98426	5.17667
7277	4.98426	5.13806
7278	4.98426	5.07454
7279	4.98426	5.0439
7280	4.98426	5.02244
7281	4.98426	5.10832
7282	4.98426	5.16211
7283	4.98426	5.09102
7284	4.98426	5.04087
7285	4.98426	5.06985
7286	4.98426	5.09279
7287	4.98426	5.05679
7288	4.98426	5.00676
7289	4.98426	5.03644
7290	4.98426	4.99129
7291	4.98426	4.99473
7292	4.98426	5.01971
7293	4.98426	4.99385
7294	4.98426	4.98426
7295	4.98426	4.98426
7296	4.98426	4.98426
7297	4.98426	4.98494
7298	4.98426	4.98426
7299	4.98426	4.98426
7300	4.98426	5.02326
7301	4.98426	4.99515
7302	4.98426	5.01089
7303	4.98426	4.98426
7304	4.98426	4.98426
7305	4.98426	4.99102
7306	4.98426	5.0066
7307	4.98426	5.0553
7308	4.98426	5.05113
7309	4.98426	5.15797
7310	4.98426	5.08048
7311	4.98426	5.07282
7312	4.98426	5.07296
7313	4.98426	5.09157
7314	4.98426	5.03225
7315	4.98426	4.98426
7316	4.98426	4.98426
7317	4.98426	4.98727
7318	4.98426	4.99549
7319	4.98426	5.02447
7320	4.98426	5.00152
7321	4.98426	4.99119
7322	4.98426	4.98925
7323	4.98426	5.03119
7324	4.98426	5.03375
7325	4.98426	5.05734
7326	4.98426	5.02561
7327	4.98426	4.99715
7328	4.98426	5.02232
7329	4.98426	5.07666
7330	4.98426	5.09842
7331	4.98426	5.13035
7332	4.98426	5.06302
7333	4.98426	5.11428
7334	4.98426	5.12406
7335	4.98426	5.09383
7336	4.98426	5.05863
7337	4.98426	5.04761
7338	4.98426	4.98616
7339	4.98426	5.05441
7340	4.98426	4.99233
7341	4.98426	4.99299
7342	4.98426	4.98426
7343	4.98426	5.05522
7344	4.98426	5.03467
7345	4.98426	5.06047
7346	4.98426	5.1364
7347	4.98426	5.05496
7348	4.98426	5.10999
7349	4.98426	5.12845
7350	4.98426	5.0204
7351	4.98426	5.09755
7352	4.98426	4.98426
7353	4.98426	5.02996
7354	4.98426	4.9911
7355	4.98426	5.00393
7356	4.98426	4.98426
7357	4.98426	4.98905
7358	4.98426	4.98552
7359	4.98426	5.03692
7360	4.98426	5.04687
7361	4.98426	5.03727
7362	4.98426	5.06351
7363	4.98426	5.03424
7364	4.98426	5.04994
7365	4.98426	5.15401
7366	4.98426	5.10895
7367	4.98426	5.07794
7368	4.98426	5.11955
7369	4.98426	5.13432
7370	4.98426	5.07311
7371	4.98426	5.0428
7372	4.98426	5.08593
7373	4.98426	4.99398
7374	4.98426	4.98453
7375	4.98426	4.98426
7376	4.98426	5.00804
7377	4.98426	5.00717
7378	4.98426	5.00548
7379	4.98426	4.98426
7380	4.98426	5.00503
7381	4.98426	4.98426
7382	4.98426	5.01133
7383	4.98426	4.98426
7384	4.98426	5.00182
7385	4.98426	4.988
7386	4.98426	4.99661
7387	4.98426	4.98431
7388	4.98426	4.99267
7389	4.98426	5.01149
7390	4.98426	4.98436
7391	4.98426	4.98426
7392	4.98426	5.12591
7393	4.98426	5.06468
7394	4.98426	5.06227
7395	4.98426	5.01838
7396	4.98426	5.04584
7397	4.98426	5.02861
7398	4.98426	5.03543
7399	4.98426	5.05721
7400	4.98426	4.98476
7401	4.98426	4.9857
7402	4.98426	4.98502
7403	4.98426	4.99283
7404	4.98426	4.9906
7405	4.98426	5.00425
7406	4.98426	4.98426
7407	4.98426	5.06117
7408	4.98426	5.02117
7409	4.98426	5.059
7410	4.98426	5.06668
7411	4.98426	5.0146
7412	4.98426	4.99284
7413	4.98426	5.00925
7414	4.98426	5.05846
7415	4.98426	5.13108
7416	4.98426	5.07947
7417	4.98426	5.10014
7418	4.98426	5.1331
7419	4.98426	5.02517
7420	4.98426	5.05966
7421	4.98426	5.04723
7422	4.98426	4.99948
7423	4.98426	5.01142
7424	4.98426	5.043
7425	4.98426	5.00762
7426	4.98426	5.03873
7427	4.98426	4.98534
7428	4.98426	4.98426
7429	4.98426	5.04017
7430	4.98426	4.9867
7431	4.98426	5.07448
7432	4.98426	5.00442
7433	4.98426	5.07639
7434	4.98426	5.01336
7435	4.98426	4.98466
7436	4.98426	5.02135
7437	4.98426	5.09058
7438	4.98426	5.06252
7439	4.98426	5.0519
7440	4.98426	5.10913
7441	4.98426	5.08286
7442	4.98426	5.00603
7443	4.98426	4.99358
7444	4.98426	4.98754
7445	4.98426	5.00789
7446	4.98426	5.02752
7447	4.98426	5.0208
7448	4.98426	5.06789
7449	4.98426	5.07606
7450	4.98426	5.04696
7451	4.98426	5.07559
7452	4.98426	5.02551
7453	4.98426	4.99832
7454	4.98426	4.98426
7455	4.98426	4.9849
7456	4.98426	4.98426
7457	4.98426	4.98426
7458	4.98426	4.98426
7459	4.98426	4.98426
7460	4.98426	4.98426
7461	4.98426	4.98426
7462	4.98426	4.98426
7463	4.98426	4.98585
7464	4.98426	5.05088
7465	4.98426	5.00255
7466	4.98426	4.98996
7467	4.98426	4.99299
7468	4.98426	5.00243
7469	4.98426	5.12216
7470	4.98426	5.01984
7471	4.98426	5.04471
7472	4.98426	5.0486
7473	4.98426	5.0582
7474	4.98426	4.98952
7475	4.98426	5.00028
7476	4.98426	5.04018
7477	4.98426	5.05874
7478	4.98426	5.1401
7479	4.98426	5.17086
7480	4.98426	5.17352
7481	4.98426	5.06643
7482	4.98426	5.0176
7483	4.98426	5.01201
7484	4.98426	5.0164
7485	4.98426	5.01481
7486	4.98426	4.9991
7487	4.98426	5.0098
7488	4.98426	4.9853
7489	4.98426	4.98648
7490	4.98426	5.0507
7491	4.98426	4.98426
7492	4.98426	4.98787
7493	4.98426	5.0239
7494	4.98426	5.01518
7495	4.98426	5.10104
7496	4.98426	5.13769
7497	4.98426	5.05584
7498	4.98426	5.08963
7499	4.98426	5.06679
7500	4.98426	5.16039
7501	4.98426	5.04927
7502	4.98426	5.0541
7503	4.98426	5.01178
7504	4.98426	4.98451
7505	4.98426	5.03389
7506	4.98426	5.01878
7507	4.98426	4.99929
7508	4.98426	5.10651
7509	4.98426	5.04864
7510	4.98426	5.05071
7511	4.98426	4.98663
7512	4.98426	4.98745
7513	4.98426	4.98703
7514	4.98426	4.98426
7515	4.98426	5.00803
7516	4.98426	4.99224
7517	4.98426	5.04301
7518	4.98426	4.98426
7519	4.98426	5.0656
7520	4.98426	5.04754
7521	4.98426	5.00983
7522	4.98426	5.00327
7523	4.98426	5.00658
7524	4.98426	5.04537
7525	4.98426	5.13581
7526	4.98426	5.19607
7527	4.98426	5.20171
7528	4.98426	5.21514
7529	4.98426	5.15899
7530	4.98426	5.06623
7531	4.98426	5.05322
7532	4.98426	5.12429
7533	4.98426	5.09426
7534	4.98426	5.08254
7535	4.98426	5.04014
7536	4.98426	5.02
7537	4.98426	4.99144
7538	4.98426	5.02089
7539	4.98426	5.14564
7540	4.98426	5.00411
7541	4.98426	5.05821
7542	4.98426	5.08782
7543	4.98426	4.98471
7544	4.98426	5.04461
7545	4.98426	5.07243
7546	4.98426	5.09111
7547	4.98426	5.18119
7548	4.98426	5.17609
7549	4.98426	5.05743
7550	4.98426	5.00163
7551	4.98426	5.00542
7552	4.98426	4.98426
7553	4.98426	4.98426
7554	4.98426	4.98426
7555	4.98426	4.98426
7556	4.98426	4.99575
7557	4.98426	5.02408
7558	4.98426	5.08905
7559	4.98426	5.03306
7560	4.98426	4.98426
7561	4.98426	4.98444
7562	4.98426	5.03889
7563	4.98426	5.02554
7564	4.98426	5.08286
7565	4.98426	5.01545
7566	4.98426	4.98426
7567	4.98426	4.98426
7568	4.98426	4.98564
7569	4.98426	5.0006
7570	4.98426	5.01701
7571	4.98426	5.01931
7572	4.98426	5.04982
7573	4.98426	4.9951
7574	4.98426	4.99415
7575	4.98426	5.01724
7576	4.98426	4.98426
7577	4.98426	4.98426
7578	4.98426	5.06681
7579	4.98426	5.0207
7580	4.98426	4.98913
7581	4.98426	4.98426
7582	4.98426	4.99118
7583	4.98426	4.98484
7584	4.98426	4.99987
7585	4.98426	4.98524
7586	4.98426	5.01371
7587	4.98426	5.13938
7588	4.98426	5.10256
7589	4.98426	5.01023
7590	4.98426	5.0034
7591	4.98426	4.98426
7592	4.98426	4.98426
7593	4.98426	4.98743
7594	4.98426	4.99167
7595	4.98426	4.98506
7596	4.98426	4.98444
7597	4.98426	4.98916
7598	4.98426	4.98817
7599	4.98426	5.09545
7600	4.98426	5.01307
7601	4.98426	4.99245
7602	4.98426	5.05129
7603	4.98426	5.00139
7604	4.98426	5.02705
7605	4.98426	5.01313
7606	4.98426	5.04899
7607	4.98426	5.03767
7608	4.98426	5.0703
7609	4.98426	5.1078
7610	4.98426	5.05152
7611	4.98426	5.06225
7612	4.98426	5.07494
7613	4.98426	4.9854
7614	4.98426	5.0285
7615	4.98426	5.11657
7616	4.98426	5.09484
7617	4.98426	5.01758
7618	4.98426	5.02948
7619	4.98426	5.07311
7620	4.98426	5.01516
7621	4.98426	5.03063
7622	4.98426	5.16535
7623	4.98426	5.02559
7624	4.98426	5.05981
7625	4.98426	5.11559
7626	4.98426	5.04305
7627	4.98426	5.05848
7628	4.98426	5.16912
7629	4.98426	5.00023
7630	4.98426	5.0464
7631	4.98426	5.05601
7632	4.98426	5.03754
7633	4.98426	5.09356
7634	4.98426	5.04497
7635	4.98426	5.04441
7636	4.98426	4.9945
7637	4.98426	5.0184
7638	4.98426	5.02729
7639	4.98426	4.99351
7640	4.98426	5.01156
7641	4.98426	5.16077
7642	4.98426	5.10455
7643	4.98426	4.98466
7644	4.98426	5.01663
7645	4.98426	5.01064
7646	4.98426	5.00195
7647	4.98426	5.10965
7648	4.98426	5.03738
7649	4.98426	4.99175
7650	4.98426	4.98453
7651	4.98426	4.98836
7652	4.98426	4.98894
7653	4.98426	5.00163
7654	4.98426	5.12406
7655	4.98426	5.21516
7656	4.98426	5.14283
7657	4.98426	5.14329
7658	4.98426	5.00822
7659	4.98426	5.03697
7660	4.98426	5.03053
7661	4.98426	5.09528
7662	4.98426	5.0411
7663	4.98426	5.0256
7664	4.98426	5.03179
7665	4.98426	5.08355
7666	4.98426	5.12657
7667	4.98426	5.16427
7668	4.98426	5.05066
7669	4.98426	4.99755
7670	4.98426	4.98826
7671	4.98426	5.04934
7672	4.98426	5.06228
7673	4.98426	5.06549
7674	4.98426	5.02552
7675	4.98426	5.00368
7676	4.98426	5.03802
7677	4.98426	5.04516
7678	4.98426	5.1114
7679	4.98426	5.07021
7680	4.98426	5.20274
7681	4.98426	5.04516
7682	4.98426	5.03301
7683	4.98426	4.98426
7684	4.98426	5.01271
7685	4.98426	5.05929
7686	4.98426	4.98458
7687	4.98426	5.01194
7688	4.98426	5.07016
7689	4.98426	4.98909
7690	4.98426	5.0371
7691	4.98426	5.13638
7692	4.98426	5.01246
7693	4.98426	5.05169
7694	4.98426	5.00607
7695	4.98426	4.98515
7696	4.98426	5.02125
7697	4.98426	4.99004
7698	4.98426	5.0359
7699	4.98426	5.01608
7700	4.98426	4.98426
7701	4.98426	4.98444
7702	4.98426	5.04857
7703	4.98426	5.02665
7704	4.98426	5.04158
7705	4.98426	5.09627
7706	4.98426	5.06435
7707	4.98426	5.01426
7708	4.98426	5.03927
7709	4.98426	4.99673
7710	4.98426	4.9917
7711	4.98426	5.01625
7712	4.98426	4.98797
7713	4.98426	5.09905
7714	4.98426	5.02719
7715	4.98426	5.01785
7716	4.98426	5.07059
7717	4.98426	5.10354
7718	4.98426	5.13514
7719	4.98426	5.08722
7720	4.98426	5.0386
7721	4.98426	4.99837
7722	4.98426	4.98426
7723	4.98426	5.01403
7724	4.98426	5.01582
7725	4.98426	5.1048
7726	4.98426	5.04029
7727	4.98426	5.00569
7728	4.98426	5.0211
7729	4.98426	5.02211
7730	4.98426	4.98426
7731	4.98426	4.98949
7732	4.98426	4.98426
7733	4.98426	4.98426
7734	4.98426	4.98426
7735	4.98426	4.98426
7736	4.98426	4.98426
7737	4.98426	4.98426
7738	4.98426	4.99901
7739	4.98426	4.99209
7740	4.98426	5.06154
7741	4.98426	5.05843
7742	4.98426	5.0213
7743	4.98426	5.06789
7744	4.98426	5.13194
7745	4.98426	5.13144
7746	4.98426	5.10173
7747	4.98426	5.10865
7748	4.98426	5.08626
7749	4.98426	5.0875
7750	4.98426	5.01075
7751	4.98426	5.01532
7752	4.98426	5.02456
7753	4.98426	5.01693
7754	4.98426	5.06481
7755	4.98426	5.04732
7756	4.98426	4.98426
7757	4.98426	4.98426
7758	4.98426	5.00792
7759	4.98426	5.02082
7760	4.98426	5.00098
7761	4.98426	5.04084
7762	4.98426	4.99145
7763	4.98426	4.99904
7764	4.98426	4.99431
7765	4.98426	5.01237
7766	4.98426	5.06648
7767	4.98426	5.0137
7768	4.98426	4.99862
7769	4.98426	4.98426
7770	4.98426	4.99679
7771	4.98426	4.99361
7772	4.98426	4.98503
7773	4.98426	4.98602
7774	4.98426	5.06076
7775	4.98426	5.07605
7776	4.98426	5.14976
7777	4.98426	5.14259
7778	4.98426	5.21419
7779	4.98426	5.16243
7780	4.98426	5.13393
7781	4.98426	5.11645
7782	4.98426	5.07312
7783	4.98426	5.04783
7784	4.98426	5.0976
7785	4.98426	5.00149
7786	4.98426	4.99437
7787	4.98426	4.98426
7788	4.98426	4.98506
7789	4.98426	4.99742
7790	4.98426	5.02858
7791	4.98426	5.01325
7792	4.98426	4.99179
7793	4.98426	5.02242
7794	4.98426	5.02879
7795	4.98426	5.01754
7796	4.98426	5.04453
7797	4.98426	5.03761
7798	4.98426	5.00282
7799	4.98426	5.04209
7800	4.98426	5.05219
7801	4.98426	5.01348
7802	4.98426	5.05148
7803	4.98426	5.08129
7804	4.98426	5.19064
7805	4.98426	5.14933
7806	4.98426	5.27242
7807	4.98426	5.10719
7808	4.98426	4.9931
7809	4.98426	4.98788
7810	4.98426	4.98644
7811	4.98426	4.9851
7812	4.98426	5.03007
7813	4.98426	5.0727
7814	4.98426	5.03949
7815	4.98426	5.06014
7816	4.98426	5.00905
7817	4.98426	5.10284
7818	4.98426	5.04325
7819	4.98426	5.00687
7820	4.98426	5.01519
7821	4.98426	5.01842
7822	4.98426	5.04211
7823	4.98426	4.98458
7824	4.98426	4.9907
7825	4.98426	5.06829
7826	4.98426	5.0146
7827	4.98426	5.00868
7828	4.98426	5.04317
7829	4.98426	4.99985
7830	4.98426	4.98797
7831	4.98426	4.98805
7832	4.98426	4.99233
7833	4.98426	4.98451
7834	4.98426	5.02306
7835	4.98426	5.0102
7836	4.98426	4.99542
7837	4.98426	4.98444
7838	4.98426	4.98468
7839	4.98426	4.98426
7840	4.98426	4.9875
7841	4.98426	5.02525
7842	4.98426	5.07943
7843	4.98426	5.12592
7844	4.98426	5.01313
7845	4.98426	5.00344
7846	4.98426	4.99287
7847	4.98426	5.0304
7848	4.98426	4.99853
7849	4.98426	5.03111
7850	4.98426	5.01826
7851	4.98426	4.98426
7852	4.98426	4.98988
7853	4.98426	4.98686
7854	4.98426	5.0033
7855	4.98426	5.03993
7856	4.98426	5.00955
7857	4.98426	5.01605
7858	4.98426	5.01279
7859	4.98426	4.98426
7860	4.98426	4.98492
7861	4.98426	4.9916
7862	4.98426	4.99381
7863	4.98426	5.00902
7864	4.98426	5.05567
7865	4.98426	5.01686
7866	4.98426	4.99505
7867	4.98426	4.98426
7868	4.98426	4.98839
7869	4.98426	4.98552
7870	4.98426	4.98426
7871	4.98426	4.98426
7872	4.98426	4.98614
7873	4.98426	4.98484
7874	4.98426	4.98581
7875	4.98426	5.00599
7876	4.98426	4.98455
7877	4.98426	4.98426
7878	4.98426	4.9965
7879	4.98426	5.09106
7880	4.98426	5.07926
7881	4.98426	5.01615
7882	4.98426	4.98846
7883	4.98426	4.98999
7884	4.98426	5.00475
7885	4.98426	4.9913
7886	4.98426	4.98426
7887	4.98426	4.98752
7888	4.98426	5.00054
7889	4.98426	5.06364
7890	4.98426	5.06236
7891	4.98426	5.02031
7892	4.98426	4.98466
7893	4.98426	4.98426
7894	4.98426	4.98426
7895	4.98426	4.98426
7896	4.98426	4.98628
7897	4.98426	4.98881
7898	4.98426	5.06883
7899	4.98426	5.01594
7900	4.98426	5.06307
7901	4.98426	5.03457
7902	4.98426	5.01345
7903	4.98426	4.99315
7904	4.98426	5.00616
7905	4.98426	4.99075
7906	4.98426	5.00796
7907	4.98426	5.00294
7908	4.98426	5.12579
7909	4.98426	5.03885
7910	4.98426	5.06274
7911	4.98426	5.03824
7912	4.98426	5.03098
7913	4.98426	5.05489
7914	4.98426	5.08611
7915	4.98426	5.12707
7916	4.98426	5.1217
7917	4.98426	5.00185
7918	4.98426	5.13317
7919	4.98426	5.08258
7920	4.98426	5.18411
7921	4.98426	5.10139
7922	4.98426	5.12933
7923	4.98426	5.08598
7924	4.98426	5.05653
7925	4.98426	5.04406
7926	4.98426	5.0333
7927	4.98426	5.13473
7928	4.98426	5.0641
7929	4.98426	5.08504
7930	4.98426	5.0266
7931	4.98426	5.00132
7932	4.98426	5.00996
7933	4.98426	5.04672
7934	4.98426	5.07172
7935	4.98426	5.04688
7936	4.98426	5.09336
7937	4.98426	5.07986
7938	4.98426	4.99746
7939	4.98426	4.98787
7940	4.98426	4.99951
7941	4.98426	5.00908
7942	4.98426	5.01897
7943	4.98426	5.05197
7944	4.98426	5.0782
7945	4.98426	5.00964
7946	4.98426	5.00432
7947	4.98426	5.00222
7948	4.98426	5.01979
7949	4.98426	5.05659
7950	4.98426	5.01343
7951	4.98426	4.99213
7952	4.98426	4.98426
7953	4.98426	4.98467
7954	4.98426	4.98426
7955	4.98426	4.98426
7956	4.98426	5.0388
7957	4.98426	5.00139
7958	4.98426	4.99159
7959	4.98426	5.03476
7960	4.98426	5.07832
7961	4.98426	5.12358
7962	4.98426	4.98555
7963	4.98426	5.05936
7964	4.98426	5.03812
7965	4.98426	5.02403
7966	4.98426	5.05928
7967	4.98426	5.15843
7968	4.98426	5.1784
7969	4.98426	5.10619
7970	4.98426	5.04972
7971	4.98426	5.01295
7972	4.98426	5.00938
7973	4.98426	4.98896
7974	4.98426	5.09308
7975	4.98426	5.03071
7976	4.98426	5.09835
7977	4.98426	5.10671
7978	4.98426	5.1039
7979	4.98426	5.03225
7980	4.98426	5.04946
7981	4.98426	5.05103
7982	4.98426	4.99863
7983	4.98426	5.01218
7984	4.98426	4.99726
7985	4.98426	5.02449
7986	4.98426	5.02775
7987	4.98426	5.06637
7988	4.98426	5.08755
7989	4.98426	5.07778
7990	4.98426	5.14006
7991	4.98426	5.14121
7992	4.98426	5.07526
7993	4.98426	5.1629
7994	4.98426	5.10356
7995	4.98426	5.1105
7996	4.98426	5.034
7997	4.98426	4.99498
7998	4.98426	4.99735
7999	4.98426	5.02827
8000	4.98426	5.07871
8001	4.98426	5.15132
8002	4.98426	5.07548
8003	4.98426	5.11964
8004	4.98426	5.08954
8005	4.98426	5.12802
8006	4.98426	5.04471
8007	4.98426	5.1566
8008	4.98426	5.05476
8009	4.98426	5.0515
8010	4.98426	5.05796
8011	4.98426	5.01245
8012	4.98426	5.05809
8013	4.98426	5.09088
8014	4.98426	5.01889
8015	4.98426	4.99365
8016	4.98426	5.00663
8017	4.98426	5.0173
8018	4.98426	4.99022
8019	4.98426	4.98426
8020	4.98426	4.99376
8021	4.98426	4.98555
8022	4.98426	5.00509
8023	4.98426	5.02049
8024	4.98426	4.98461
8025	4.98426	4.98426
8026	4.98426	4.98426
8027	4.98426	4.98426
8028	4.98426	4.98426
8029	4.98426	4.98448
8030	4.98426	4.98725
8031	4.98426	5.00998
8032	4.98426	5.01066
8033	4.98426	5.07822
8034	4.98426	4.99183
8035	4.98426	5.00775
8036	4.98426	5.01742
8037	4.98426	4.98799
8038	4.98426	4.99437
8039	4.98426	4.98927
8040	4.98426	5.10305
8041	4.98426	5.04229
8042	4.98426	4.98426
8043	4.98426	4.98426
8044	4.98426	4.98497
8045	4.98426	5.04535
8046	4.98426	5.0517
8047	4.98426	4.99911
8048	4.98426	5.01317
8049	4.98426	5.02155
8050	4.98426	5.01857
8051	4.98426	5.07189
8052	4.98426	5.02478
8053	4.98426	5.01622
8054	4.98426	4.98426
8055	4.98426	4.99227
8056	4.98426	5.02588
8057	4.98426	5.05839
8058	4.98426	5.05116
8059	4.98426	5.10029
8060	4.98426	5.0903
8061	4.98426	5.03411
8062	4.98426	5.12028
8063	4.98426	5.09188
8064	4.98426	5.09906
8065	4.98426	5.0586
8066	4.98426	4.99807
8067	4.98426	5.00486
8068	4.98426	4.99293
8069	4.98426	4.98426
8070	4.98426	4.98426
8071	4.98426	4.98426
8072	4.98426	4.98426
8073	4.98426	4.99267
8074	4.98426	4.99113
8075	4.98426	5.00351
8076	4.98426	5.04952
8077	4.98426	5.01032
8078	4.98426	5.02185
8079	4.98426	4.9981
8080	4.98426	4.99838
8081	4.98426	5.09322
8082	4.98426	5.09
8083	4.98426	5.22086
8084	4.98426	5.23327
8085	4.98426	5.16946
8086	4.98426	5.21871
8087	4.98426	5.18339
8088	4.98426	5.07919
8089	4.98426	5.06064
8090	4.98426	4.98447
8091	4.98426	5.03008
8092	4.98426	4.98426
8093	4.98426	4.98426
8094	4.98426	4.98616
8095	4.98426	5.02498
8096	4.98426	4.99884
8097	4.98426	5.03263
8098	4.98426	5.00243
8099	4.98426	5.09246
8100	4.98426	5.17782
8101	4.98426	5.09944
8102	4.98426	5.02095
8103	4.98426	5.08336
8104	4.98426	5.09807
8105	4.98426	5.1597
8106	4.98426	5.07495
8107	4.98426	5.02755
8108	4.98426	4.9958
8109	4.98426	4.98431
8110	4.98426	4.98863
8111	4.98426	5.01539
8112	4.98426	5.00399
8113	4.98426	4.9972
8114	4.98426	4.98431
8115	4.98426	4.98573
8116	4.98426	4.98514
8117	4.98426	5.03972
8118	4.98426	5.00419
8119	4.98426	5.06785
8120	4.98426	5.05436
8121	4.98426	4.99716
8122	4.98426	5.07828
8123	4.98426	5.08518
8124	4.98426	5.02854
8125	4.98426	5.03415
8126	4.98426	5.08416
8127	4.98426	5.04633
8128	4.98426	5.09158
8129	4.98426	5.06688
8130	4.98426	5.11107
8131	4.98426	5.04727
8132	4.98426	5.07158
8133	4.98426	5.02012
8134	4.98426	5.07443
8135	4.98426	5.04994
8136	4.98426	5.03573
8137	4.98426	5.04982
8138	4.98426	5.03648
8139	4.98426	4.98599
8140	4.98426	5.05025
8141	4.98426	5.0443
8142	4.98426	5.01724
8143	4.98426	5.01574
8144	4.98426	4.98521
8145	4.98426	5.00191
8146	4.98426	4.98634
8147	4.98426	4.98426
8148	4.98426	5.01647
8149	4.98426	5.04607
8150	4.98426	5.08737
8151	4.98426	5.04428
8152	4.98426	5.02876
8153	4.98426	5.03471
8154	4.98426	5.02094
8155	4.98426	4.98426
8156	4.98426	5.00037
8157	4.98426	4.98426
8158	4.98426	4.98426
8159	4.98426	4.98461
8160	4.98426	5.01278
8161	4.98426	4.99477
8162	4.98426	5.03739
8163	4.98426	5.02624
8164	4.98426	5.01539
8165	4.98426	5.01681
8166	4.98426	5.03618
8167	4.98426	4.98426
8168	4.98426	4.98426
8169	4.98426	4.98426
8170	4.98426	4.98426
8171	4.98426	4.98426
8172	4.98426	5.00877
8173	4.98426	4.99945
8174	4.98426	4.98693
8175	4.98426	5.0085
8176	4.98426	5.02771
8177	4.98426	5.08611
8178	4.98426	5.08784
8179	4.98426	5.11616
8180	4.98426	5.01507
8181	4.98426	4.98426
8182	4.98426	5.01964
8183	4.98426	5.14556
8184	4.98426	5.24832
8185	4.98426	5.06618
8186	4.98426	5.00419
8187	4.98426	5.04777
8188	4.98426	4.9902
8189	4.98426	4.99279
8190	4.98426	5.02051
8191	4.98426	5.03596
8192	4.98426	5.08332
8193	4.98426	5.05734
8194	4.98426	5.01913
8195	4.98426	4.99209
8196	4.98426	4.98547
8197	4.98426	4.99484
8198	4.98426	4.99574
8199	4.98426	4.98426
8200	4.98426	4.99182
8201	4.98426	4.98431
8202	4.98426	5.00259
8203	4.98426	4.98426
8204	4.98426	4.98447
8205	4.98426	5.03444
8206	4.98426	5.02568
8207	4.98426	5.03674
8208	4.98426	5.09606
8209	4.98426	5.04458
8210	4.98426	4.98616
8211	4.98426	4.98891
8212	4.98426	4.98585
8213	4.98426	4.98426
8214	4.98426	5.06024
8215	4.98426	5.05834
8216	4.98426	5.07148
8217	4.98426	5.17635
8218	4.98426	5.08111
8219	4.98426	4.98426
8220	4.98426	4.98765
8221	4.98426	5.01898
8222	4.98426	5.07449
8223	4.98426	5.06393
8224	4.98426	5.22986
8225	4.98426	5.09735
8226	4.98426	5.06975
8227	4.98426	4.99332
8228	4.98426	5.00748
8229	4.98426	5.06678
8230	4.98426	4.98601
8231	4.98426	4.99233
8232	4.98426	5.0139
8233	4.98426	5.0301
8234	4.98426	5.06382
8235	4.98426	5.01335
8236	4.98426	5.03508
8237	4.98426	5.03372
8238	4.98426	5.0081
8239	4.98426	4.988
8240	4.98426	4.98426
8241	4.98426	4.98426
8242	4.98426	5.02238
8243	4.98426	5.00475
8244	4.98426	4.99695
8245	4.98426	4.98426
8246	4.98426	4.98426
8247	4.98426	5.02615
8248	4.98426	5.03932
8249	4.98426	4.9923
8250	4.98426	5.05218
8251	4.98426	5.00477
8252	4.98426	5.0259
8253	4.98426	4.98818
8254	4.98426	4.98808
8255	4.98426	4.98917
8256	4.98426	4.98936
8257	4.98426	5.13143
8258	4.98426	5.01228
8259	4.98426	5.06234
8260	4.98426	5.25156
8261	4.98426	5.12936
8262	4.98426	5.1588
8263	4.98426	5.01291
8264	4.98426	5.01373
8265	4.98426	5.05813
8266	4.98426	5.03181
8267	4.98426	5.01091
8268	4.98426	4.99384
8269	4.98426	4.98623
8270	4.98426	4.99015
8271	4.98426	5.0474
8272	4.98426	5.04952
8273	4.98426	5.13245
8274	4.98426	5.03627
8275	4.98426	5.12893
8276	4.98426	5.07438
8277	4.98426	5.00488
8278	4.98426	4.98928
8279	4.98426	4.99681
8280	4.98426	5.02644
8281	4.98426	5.03961
8282	4.98426	5.10199
8283	4.98426	5.12674
8284	4.98426	5.06526
8285	4.98426	5.16414
8286	4.98426	5.05998
8287	4.98426	5.12742
8288	4.98426	5.05201
8289	4.98426	5.00611
8290	4.98426	4.9844
8291	4.98426	5.00354
8292	4.98426	5.00813
8293	4.98426	5.0252
8294	4.98426	4.98511
8295	4.98426	4.98426
8296	4.98426	4.98426
8297	4.98426	4.98426
8298	4.98426	4.98463
8299	4.98426	4.98426
8300	4.98426	4.99367
8301	4.98426	5.00603
8302	4.98426	4.98604
8303	4.98426	4.99775
8304	4.98426	4.98426
8305	4.98426	4.98879
8306	4.98426	4.98426
8307	4.98426	4.98807
8308	4.98426	4.98426
8309	4.98426	4.98673
8310	4.98426	4.98426
8311	4.98426	5.03243
8312	4.98426	5.04326
8313	4.98426	5.0816
8314	4.98426	5.03675
8315	4.98426	5.0445
8316	4.98426	5.02765
8317	4.98426	5.01496
8318	4.98426	4.99153
8319	4.98426	4.98426
8320	4.98426	5.01063
8321	4.98426	5.01485
8322	4.98426	5.0117
8323	4.98426	5.07749
8324	4.98426	5.07292
8325	4.98426	5.02331
8326	4.98426	5.00197
8327	4.98426	5.00776
8328	4.98426	4.98507
8329	4.98426	5.07703
8330	4.98426	5.04409
8331	4.98426	5.0353
8332	4.98426	5.0367
8333	4.98426	5.0919
8334	4.98426	5.06211
8335	4.98426	5.01459
8336	4.98426	5.18708
8337	4.98426	5.11055
8338	4.98426	5.03222
8339	4.98426	5.07328
8340	4.98426	5.02788
8341	4.98426	5.04759
8342	4.98426	5.0401
8343	4.98426	5.06694
8344	4.98426	5.14015
8345	4.98426	5.28096
8346	4.98426	5.17823
8347	4.98426	5.17903
8348	4.98426	5.22702
8349	4.98426	5.1082
8350	4.98426	5.16474
8351	4.98426	5.0635
8352	4.98426	5.18111
8353	4.98426	5.12797
8354	4.98426	5.13656
8355	4.98426	5.23418
8356	4.98426	5.06691
8357	4.98426	5.03388
8358	4.98426	5.0475
8359	4.98426	5.06868
8360	4.98426	5.02457
8361	4.98426	4.98426
8362	4.98426	5.00519
8363	4.98426	5.00512
8364	4.98426	5.00231
8365	4.98426	4.98426
8366	4.98426	5.00966
8367	4.98426	5.00547
8368	4.98426	5.00561
8369	4.98426	4.99652
8370	4.98426	5.0854
8371	4.98426	5.10104
8372	4.98426	5.14865
8373	4.98426	5.12633
8374	4.98426	5.00853
8375	4.98426	4.98464
8376	4.98426	5.02531
8377	4.98426	5.02705
8378	4.98426	5.07367
8379	4.98426	5.05078
8380	4.98426	5.05229
8381	4.98426	5.02115
8382	4.98426	5.03679
8383	4.98426	5.05816
8384	4.98426	5.0451
8385	4.98426	5.0078
8386	4.98426	5.03568
8387	4.98426	4.9867
8388	4.98426	5.03252
8389	4.98426	5.10426
8390	4.98426	5.07699
8391	4.98426	5.10917
8392	4.98426	5.01261
8393	4.98426	5.02257
8394	4.98426	5.06257
8395	4.98426	5.03943
8396	4.98426	4.9923
8397	4.98426	4.99399
8398	4.98426	4.98556
8399	4.98426	4.98426
8400	4.98426	4.98426
8401	4.98426	4.98426
8402	4.98426	4.98426
8403	4.98426	4.98564
8404	4.98426	4.99497
8405	4.98426	5.07115
8406	4.98426	5.15351
8407	4.98426	4.99326
8408	4.98426	5.04487
8409	4.98426	5.04308
8410	4.98426	4.99346
8411	4.98426	5.00675
8412	4.98426	5.01002
8413	4.98426	4.98785
8414	4.98426	5.00793
8415	4.98426	5.03349
8416	4.98426	5.06202
8417	4.98426	5.03707
8418	4.98426	5.03382
8419	4.98426	5.09136
8420	4.98426	5.03022
8421	4.98426	4.99648
8422	4.98426	4.98516
8423	4.98426	4.99063
8424	4.98426	4.98426
8425	4.98426	4.98526
8426	4.98426	5.00099
8427	4.98426	5.06556
8428	4.98426	5.13363
8429	4.98426	5.08185
8430	4.98426	5.1358
8431	4.98426	5.11843
8432	4.98426	5.06399
8433	4.98426	5.058
8434	4.98426	5.00926
8435	4.98426	5.00438
8436	4.98426	5.02109
8437	4.98426	4.99969
8438	4.98426	4.98426
8439	4.98426	4.98426
8440	4.98426	4.98426
8441	4.98426	4.98426
8442	4.98426	4.98426
8443	4.98426	4.98871
8444	4.98426	4.98426
8445	4.98426	4.98442
8446	4.98426	5.05849
8447	4.98426	5.07773
8448	4.98426	5.04958
8449	4.98426	5.14969
8450	4.98426	5.08821
8451	4.98426	4.98434
8452	4.98426	5.03744
8453	4.98426	5.05827
8454	4.98426	5.04858
8455	4.98426	5.06842
8456	4.98426	5.03844
8457	4.98426	5.00892
8458	4.98426	5.03625
8459	4.98426	5.07768
8460	4.98426	5.01494
8461	4.98426	4.98426
8462	4.98426	4.98685
8463	4.98426	5.01874
8464	4.98426	5.07975
8465	4.98426	5.03393
8466	4.98426	5.00856
8467	4.98426	5.05568
8468	4.98426	5.07976
8469	4.98426	5.03595
8470	4.98426	5.03051
8471	4.98426	5.00106
8472	4.98426	4.99542
8473	4.98426	5.06707
8474	4.98426	4.98426
8475	4.98426	5.03885
8476	4.98426	5.01748
8477	4.98426	5.03503
8478	4.98426	5.04545
8479	4.98426	5.12446
8480	4.98426	4.99002
8481	4.98426	5.00377
8482	4.98426	4.98621
8483	4.98426	4.99921
8484	4.98426	5.0067
8485	4.98426	5.10453
8486	4.98426	5.08041
8487	4.98426	5.195
8488	4.98426	5.21683
8489	4.98426	5.27987
8490	4.98426	5.24571
8491	4.98426	5.24118
8492	4.98426	5.12394
8493	4.98426	5.03755
8494	4.98426	5.18911
8495	4.98426	5.10285
8496	4.98426	5.14331
8497	4.98426	5.03787
8498	4.98426	5.01128
8499	4.98426	5.00771
8500	4.98426	5.05051
8501	4.98426	5.02218
8502	4.98426	4.98426
8503	4.98426	4.98426
8504	4.98426	4.98494
8505	4.98426	5.00394
8506	4.98426	5.01604
8507	4.98426	5.03275
8508	4.98426	5.09921
8509	4.98426	5.06615
8510	4.98426	4.99728
8511	4.98426	5.00813
8512	4.98426	4.98556
8513	4.98426	4.98586
8514	4.98426	4.98426
8515	4.98426	5.02017
8516	4.98426	4.99971
8517	4.98426	5.02286
8518	4.98426	5.01978
8519	4.98426	4.98661
8520	4.98426	4.98644
8521	4.98426	4.98644
8522	4.98426	5.03084
8523	4.98426	5.04394
8524	4.98426	4.9955
8525	4.98426	5.00034
8526	4.98426	5.02245
8527	4.98426	5.05541
8528	4.98426	5.05299
8529	4.98426	5.11778
8530	4.98426	5.07828
8531	4.98426	5.00452
8532	4.98426	5.1487
8533	4.98426	5.0745
8534	4.98426	5.10299
8535	4.98426	4.99246
8536	4.98426	4.98484
8537	4.98426	4.99784
8538	4.98426	4.99715
8539	4.98426	5.02103
8540	4.98426	4.99612
8541	4.98426	5.00282
8542	4.98426	5.07227
8543	4.98426	5.01476
8544	4.98426	5.04823
8545	4.98426	5.00491
8546	4.98426	5.08075
8547	4.98426	5.00042
8548	4.98426	5.05268
8549	4.98426	5.02396
8550	4.98426	5.00513
8551	4.98426	5.11638
8552	4.98426	5.04873
8553	4.98426	5.00485
8554	4.98426	5.0094
8555	4.98426	5.03947
8556	4.98426	5.01754
8557	4.98426	5.0364
8558	4.98426	5.02996
8559	4.98426	5.01368
8560	4.98426	5.10692
8561	4.98426	5.07655
8562	4.98426	5.09957
8563	4.98426	5.10872
8564	4.98426	5.07673
8565	4.98426	5.06988
8566	4.98426	4.99684
8567	4.98426	5.08915
8568	4.98426	4.9873
8569	4.98426	4.98493
8570	4.98426	4.98458
8571	4.98426	4.98426
8572	4.98426	4.98426
8573	4.98426	5.0101
8574	4.98426	4.9921
8575	4.98426	4.98903
8576	4.98426	4.98886
8577	4.98426	4.98579
8578	4.98426	5.03547
8579	4.98426	5.05054
8580	4.98426	5.06732
8581	4.98426	4.99129
8582	4.98426	4.98922
8583	4.98426	5.03444
8584	4.98426	5.02562
8585	4.98426	5.0903
8586	4.98426	4.99295
8587	4.98426	4.98426
8588	4.98426	4.99475
8589	4.98426	4.99647
8590	4.98426	4.98592
8591	4.98426	4.98453
8592	4.98426	5.03082
8593	4.98426	4.99111
8594	4.98426	4.99293
8595	4.98426	4.99045
8596	4.98426	4.99793
8597	4.98426	4.99344
8598	4.98426	4.99498
8599	4.98426	5.04568
8600	4.98426	5.05625
8601	4.98426	5.05955
8602	4.98426	5.08472
8603	4.98426	5.04971
8604	4.98426	5.03213
8605	4.98426	5.11672
8606	4.98426	5.09251
8607	4.98426	5.21944
8608	4.98426	5.31713
8609	4.98426	5.33321
8610	4.98426	5.14464
8611	4.98426	5.03037
8612	4.98426	5.0434
8613	4.98426	5.03102
8614	4.98426	5.00151
8615	4.98426	5.20358
8616	4.98426	5.19083
8617	4.98426	5.10216
8618	4.98426	5.05392
8619	4.98426	4.99379
8620	4.98426	5.02111
8621	4.98426	5.01002
8622	4.98426	5.18818
8623	4.98426	5.23157
8624	4.98426	5.1674
8625	4.98426	5.08996
8626	4.98426	5.15932
8627	4.98426	5.13641
8628	4.98426	5.14142
8629	4.98426	5.14098
8630	4.98426	5.12884
8631	4.98426	5.09625
8632	4.98426	5.01255
8633	4.98426	4.99978
8634	4.98426	4.98839
8635	4.98426	4.98787
8636	4.98426	4.98426
8637	4.98426	4.98872
8638	4.98426	5.01278
8639	4.98426	4.99555
8640	4.98426	5.0583
8641	4.98426	5.09238
8642	4.98426	5.02601
8643	4.98426	4.99448
8644	4.98426	4.9983
8645	4.98426	5.08127
8646	4.98426	5.00451
8647	4.98426	5.00953
8648	4.98426	5.03816
8649	4.98426	5.07343
8650	4.98426	5.07931
8651	4.98426	5.03558
8652	4.98426	5.01114
8653	4.98426	5.02336
8654	4.98426	5.05096
8655	4.98426	5.04685
8656	4.98426	5.05801
8657	4.98426	5.0498
8658	4.98426	5.0017
8659	4.98426	5.02786
8660	4.98426	4.98658
8661	4.98426	5.01178
8662	4.98426	4.99938
8663	4.98426	4.99663
8664	4.98426	5.07578
8665	4.98426	5.06445
8666	4.98426	5.07723
8667	4.98426	4.98639
8668	4.98426	4.99462
8669	4.98426	4.98483
8670	4.98426	4.99305
8671	4.98426	4.99731
8672	4.98426	5.09658
8673	4.98426	5.06776
8674	4.98426	5.02734
8675	4.98426	5.0295
8676	4.98426	5.01272
8677	4.98426	5.07645
8678	4.98426	5.04913
8679	4.98426	4.98853
8680	4.98426	4.98915
8681	4.98426	4.98426
8682	4.98426	4.98426
8683	4.98426	5.02734
8684	4.98426	5.09179
8685	4.98426	5.0516
8686	4.98426	5.02894
8687	4.98426	4.99309
8688	4.98426	4.99133
8689	4.98426	4.9918
8690	4.98426	4.98534
8691	4.98426	4.98426
8692	4.98426	4.98426
8693	4.98426	5.02808
8694	4.98426	5.01194
8695	4.98426	5.01396
8696	4.98426	4.98692
8697	4.98426	5.01905
8698	4.98426	4.99997
8699	4.98426	5.02755
8700	4.98426	5.05578
8701	4.98426	5.01033
8702	4.98426	4.98426
8703	4.98426	4.98455
8704	4.98426	4.98426
8705	4.98426	4.98479
8706	4.98426	5.00027
8707	4.98426	4.99892
8708	4.98426	5.04197
8709	4.98426	5.02347
8710	4.98426	4.98938
8711	4.98426	5.00822
8712	4.98426	5.01803
8713	4.98426	4.98426
8714	4.98426	5.03608
8715	4.98426	5.10664
8716	4.98426	5.06479
8717	4.98426	5.03518
8718	4.98426	5.00577
8719	4.98426	4.99378
8720	4.98426	5.07576
8721	4.98426	5.01943
8722	4.98426	5.03661
8723	4.98426	5.00037
8724	4.98426	5.01028
8725	4.98426	4.99037
8726	4.98426	4.98426
8727	4.98426	4.98817
8728	4.98426	4.98917
8729	4.98426	4.99872
8730	4.98426	5.07537
8731	4.98426	5.01422
8732	4.98426	4.99599
8733	4.98426	5.00086
8734	4.98426	5.02237
8735	4.98426	4.99131
8736	4.98426	5.00281
8737	4.98426	5.04301
8738	4.98426	4.99997
8739	4.98426	5.03871
8740	4.98426	5.00058
8741	4.98426	4.99723
8742	4.98426	4.99461
8743	4.98426	5.00889
8744	4.98426	4.98942
8745	4.98426	5.05618
8746	4.98426	5.05115
8747	4.98426	5.00739
8748	4.98426	5.01731
8749	4.98426	5.00809
8750	4.98426	5.13906
8751	4.98426	5.20113
8752	4.98426	5.1443
8753	4.98426	5.07619
8754	4.98426	5.07198
8755	4.98426	5.05997
8756	4.98426	5.06078
8757	4.98426	5.06727
8758	4.98426	5.02838
8759	4.98426	5.01477
8760	4.98426	5.04266
8761	4.98426	5.00316
8762	4.98426	5.05706
8763	4.98426	5.03499
8764	4.98426	5.07842
8765	4.98426	4.99792
8766	4.98426	5.05702
8767	4.98426	4.98782
8768	4.98426	5.00941
8769	4.98426	5.08692
8770	4.98426	5.04836
8771	4.98426	5.02887
8772	4.98426	5.0489
8773	4.98426	4.99072
8774	4.98426	4.99378
8775	4.98426	5.02317
8776	4.98426	4.99226
8777	4.98426	4.9858
8778	4.98426	5.01831
8779	4.98426	4.99875
8780	4.98426	4.98426
8781	4.98426	4.98515
8782	4.98426	4.99669
8783	4.98426	5.0801
8784	4.98426	4.98426
8785	4.98426	5.00082
8786	4.98426	5.09557
8787	4.98426	5.07968
8788	4.98426	5.20553
8789	4.98426	5.10729
8790	4.98426	5.11878
8791	4.98426	5.10965
8792	4.98426	5.13719
8793	4.98426	5.11293
8794	4.98426	5.04204
8795	4.98426	5.01136
8796	4.98426	5.02791
8797	4.98426	4.98533
8798	4.98426	4.99698
8799	4.98426	5.0039
8800	4.98426	5.02676
8801	4.98426	5.05964
8802	4.98426	5.00128
8803	4.98426	4.98426
8804	4.98426	4.98619
8805	4.98426	5.04652
8806	4.98426	4.99566
8807	4.98426	5.07264
8808	4.98426	5.01356
8809	4.98426	5.04762
8810	4.98426	4.98625
8811	4.98426	4.98471
8812	4.98426	4.9858
8813	4.98426	4.98426
8814	4.98426	5.00977
8815	4.98426	4.98931
8816	4.98426	5.04309
8817	4.98426	4.98426
8818	4.98426	4.99442
8819	4.98426	4.9849
8820	4.98426	4.98453
8821	4.98426	4.99336
8822	4.98426	5.04885
8823	4.98426	5.03177
8824	4.98426	5.03513
8825	4.98426	5.18339
8826	4.98426	5.11835
8827	4.98426	5.10662
8828	4.98426	5.07265
8829	4.98426	5.04196
8830	4.98426	5.01354
8831	4.98426	5.04021
8832	4.98426	5.03454
8833	4.98426	4.98529
8834	4.98426	5.01328
8835	4.98426	5.06665
8836	4.98426	5.07305
8837	4.98426	5.06946
8838	4.98426	5.10394
8839	4.98426	5.08022
8840	4.98426	5.05615
8841	4.98426	5.10921
8842	4.98426	5.08573
8843	4.98426	5.03488
8844	4.98426	5.00651
8845	4.98426	4.98488
8846	4.98426	4.99148
8847	4.98426	4.99889
8848	4.98426	5.00079
8849	4.98426	4.99204
8850	4.98426	4.99305
8851	4.98426	5.01457
8852	4.98426	5.09383
8853	4.98426	5.06784
8854	4.98426	5.08713
8855	4.98426	4.99147
8856	4.98426	5.01311
8857	4.98426	5.00299
8858	4.98426	5.04187
8859	4.98426	4.99002
8860	4.98426	5.00755
8861	4.98426	5.06003
8862	4.98426	5.14324
8863	4.98426	5.05914
8864	4.98426	5.01408
8865	4.98426	4.98426
8866	4.98426	5.01706
8867	4.98426	4.98637
8868	4.98426	5.00853
8869	4.98426	5.03161
8870	4.98426	5.11037
8871	4.98426	5.09248
8872	4.98426	5.11574
8873	4.98426	5.09678
8874	4.98426	4.98426
8875	4.98426	4.98426
8876	4.98426	4.98426
8877	4.98426	4.98426
8878	4.98426	4.98426
8879	4.98426	4.98426
8880	4.98426	4.9942
8881	4.98426	4.98426
8882	4.98426	4.99028
8883	4.98426	5.06182
8884	4.98426	5.01714
8885	4.98426	4.99736
8886	4.98426	4.99097
8887	4.98426	4.98475
8888	4.98426	4.99457
8889	4.98426	4.99044
8890	4.98426	5.06489
8891	4.98426	5.11194
8892	4.98426	4.99137
8893	4.98426	4.99128
8894	4.98426	4.98689
8895	4.98426	5.04287
8896	4.98426	4.98958
8897	4.98426	5.02623
8898	4.98426	4.98426
8899	4.98426	4.98426
8900	4.98426	4.98426
8901	4.98426	4.98475
8902	4.98426	4.98426
8903	4.98426	4.98447
8904	4.98426	5.00891
8905	4.98426	5.05728
8906	4.98426	5.01123
8907	4.98426	5.10079
8908	4.98426	5.14053
8909	4.98426	5.21139
8910	4.98426	5.02339
8911	4.98426	5.01883
8912	4.98426	4.98426
8913	4.98426	4.99024
8914	4.98426	4.99835
8915	4.98426	4.99946
8916	4.98426	5.07533
8917	4.98426	5.06336
8918	4.98426	5.05833
8919	4.98426	5.02465
8920	4.98426	5.05411
8921	4.98426	4.9979
8922	4.98426	4.98426
8923	4.98426	4.99325
8924	4.98426	4.99421
8925	4.98426	4.98831
8926	4.98426	5.04295
8927	4.98426	5.07693
8928	4.98426	5.03518
8929	4.98426	5.07198
8930	4.98426	5.00758
8931	4.98426	4.98462
8932	4.98426	4.98426
8933	4.98426	4.98426
8934	4.98426	4.98426
8935	4.98426	4.98426
8936	4.98426	4.98426
8937	4.98426	4.98426
8938	4.98426	4.98426
8939	4.98426	5.06282
8940	4.98426	5.02672
8941	4.98426	4.99663
8942	4.98426	4.98426
8943	4.98426	4.98426
8944	4.98426	4.98426
8945	4.98426	4.98506
8946	4.98426	4.98426
8947	4.98426	4.98463
8948	4.98426	4.98968
8949	4.98426	4.99249
8950	4.98426	5.03431
8951	4.98426	5.03832
8952	4.98426	4.99863
8953	4.98426	5.05764
8954	4.98426	5.05804
8955	4.98426	5.0301
8956	4.98426	4.99953
8957	4.98426	5.10066
8958	4.98426	5.08166
8959	4.98426	5.18397
8960	4.98426	5.11349
8961	4.98426	5.16846
8962	4.98426	5.12943
8963	4.98426	5.06493
8964	4.98426	5.01028
8965	4.98426	4.98426
8966	4.98426	5.03614
8967	4.98426	5.08986
8968	4.98426	4.99331
8969	4.98426	4.98426
8970	4.98426	4.98458
8971	4.98426	4.98458
8972	4.98426	4.99058
8973	4.98426	5.00872
8974	4.98426	5.09221
8975	4.98426	5.13574
8976	4.98426	5.16597
8977	4.98426	5.09085
8978	4.98426	5.17306
8979	4.98426	5.16406
8980	4.98426	5.13932
8981	4.98426	5.04609
8982	4.98426	5.10555
8983	4.98426	5.19707
8984	4.98426	5.25927
8985	4.98426	5.11687
8986	4.98426	5.02882
8987	4.98426	5.07885
8988	4.98426	5.01784
8989	4.98426	4.99048
8990	4.98426	4.99207
8991	4.98426	4.99566
8992	4.98426	4.99766
8993	4.98426	5.07762
8994	4.98426	5.04271
8995	4.98426	5.03426
8996	4.98426	5.00816
8997	4.98426	5.02864
8998	4.98426	5.02179
8999	4.98426	5.00282
9000	4.98426	4.99971
9001	4.98426	5.02913
9002	4.98426	5.00907
9003	4.98426	5.2178
9004	4.98426	5.24366
9005	4.98426	5.09151
9006	4.98426	5.02103
9007	4.98426	5.00548
9008	4.98426	5.00207
9009	4.98426	5.00284
9010	4.98426	5.01468
9011	4.98426	5.0242
9012	4.98426	5.00335
9013	4.98426	4.98426
9014	4.98426	4.98718
9015	4.98426	5.02864
9016	4.98426	5.04505
9017	4.98426	5.11474
9018	4.98426	5.06895
9019	4.98426	5.07745
9020	4.98426	4.98931
9021	4.98426	5.01788
9022	4.98426	5.08934
9023	4.98426	5.17722
9024	4.98426	5.21845
9025	4.98426	5.19489
9026	4.98426	5.09103
9027	4.98426	5.09187
9028	4.98426	5.11391
9029	4.98426	5.04921
9030	4.98426	5.08098
9031	4.98426	4.98886
9032	4.98426	4.98426
9033	4.98426	4.98471
9034	4.98426	4.98821
9035	4.98426	5.06243
9036	4.98426	5.04732
9037	4.98426	5.05378
9038	4.98426	5.02971
9039	4.98426	5.0388
9040	4.98426	5.07471
9041	4.98426	4.99852
9042	4.98426	5.00802
9043	4.98426	5.01856
9044	4.98426	5.02824
9045	4.98426	5.05031
9046	4.98426	5.038
9047	4.98426	5.05201
9048	4.98426	5.03581
9049	4.98426	5.06774
9050	4.98426	5.04534
9051	4.98426	5.03356
9052	4.98426	5.0113
9053	4.98426	5.00119
9054	4.98426	5.00716
9055	4.98426	5.00813
9056	4.98426	4.99239
9057	4.98426	4.99658
9058	4.98426	5.05482
9059	4.98426	5.03579
9060	4.98426	5.02442
9061	4.98426	5.02039
9062	4.98426	5.02518
9063	4.98426	4.99958
9064	4.98426	5.03294
9065	4.98426	5.02826
9066	4.98426	5.07427
9067	4.98426	5.16356
9068	4.98426	5.11764
9069	4.98426	5.14274
9070	4.98426	5.14951
9071	4.98426	5.15624
9072	4.98426	5.0459
9073	4.98426	5.00769
9074	4.98426	5.02461
9075	4.98426	5.09044
9076	4.98426	5.05085
9077	4.98426	5.03292
9078	4.98426	5.02696
9079	4.98426	5.06302
9080	4.98426	5.05121
9081	4.98426	5.00802
9082	4.98426	5.00741
9083	4.98426	5.03986
9084	4.98426	5.00032
9085	4.98426	5.01231
9086	4.98426	5.08798
9087	4.98426	5.07083
9088	4.98426	5.06585
9089	4.98426	4.98466
9090	4.98426	4.98936
9091	4.98426	5.05053
9092	4.98426	5.03404
9093	4.98426	5.05927
9094	4.98426	5.03632
9095	4.98426	5.05438
9096	4.98426	5.0132
9097	4.98426	5.07842
9098	4.98426	5.10425
9099	4.98426	4.99458
9100	4.98426	5.03364
9101	4.98426	5.01221
9102	4.98426	5.00405
9103	4.98426	5.0365
9104	4.98426	5.03464
9105	4.98426	5.04665
9106	4.98426	5.06891
9107	4.98426	5.00063
9108	4.98426	5.07837
9109	4.98426	5.08519
9110	4.98426	5.01353
9111	4.98426	5.0085
9112	4.98426	5.0216
9113	4.98426	5.00065
9114	4.98426	4.98426
9115	4.98426	4.99097
9116	4.98426	5.03686
9117	4.98426	5.00974
9118	4.98426	5.08505
9119	4.98426	5.04952
9120	4.98426	5.06899
9121	4.98426	5.08124
9122	4.98426	5.08038
9123	4.98426	5.16554
9124	4.98426	5.10355
9125	4.98426	5.19115
9126	4.98426	5.21559
9127	4.98426	5.06954
9128	4.98426	5.03032
9129	4.98426	4.98426
9130	4.98426	4.98507
9131	4.98426	4.98943
9132	4.98426	4.9862
9133	4.98426	4.98642
9134	4.98426	5.01187
9135	4.98426	5.01124
9136	4.98426	5.0165
9137	4.98426	4.99415
9138	4.98426	5.02007
9139	4.98426	4.9868
9140	4.98426	4.98658
9141	4.98426	4.98555
9142	4.98426	5.0296
9143	4.98426	5.03231
9144	4.98426	4.9849
9145	4.98426	4.99913
9146	4.98426	4.98426
9147	4.98426	4.98677
9148	4.98426	4.98426
9149	4.98426	4.98511
9150	4.98426	5.03531
9151	4.98426	5.00798
9152	4.98426	4.98426
9153	4.98426	5.08799
9154	4.98426	5.15339
9155	4.98426	5.12457
9156	4.98426	5.02445
9157	4.98426	5.0964
9158	4.98426	5.08701
9159	4.98426	5.08421
9160	4.98426	5.02418
9161	4.98426	5.08814
9162	4.98426	5.08295
9163	4.98426	5.06472
9164	4.98426	5.01941
9165	4.98426	5.09822
9166	4.98426	5.05256
9167	4.98426	5.1006
9168	4.98426	5.02018
9169	4.98426	5.07238
9170	4.98426	5.06862
9171	4.98426	5.07192
9172	4.98426	5.11503
9173	4.98426	5.00701
9174	4.98426	5.10251
9175	4.98426	5.0714
9176	4.98426	4.99101
9177	4.98426	5.03527
9178	4.98426	4.98766
9179	4.98426	5.02511
9180	4.98426	5.04461
9181	4.98426	4.98879
9182	4.98426	5.02799
9183	4.98426	5.01327
9184	4.98426	5.04606
9185	4.98426	5.1029
9186	4.98426	5.00197
9187	4.98426	5.00127
9188	4.98426	5.01113
9189	4.98426	4.98512
9190	4.98426	4.98426
9191	4.98426	4.98426
9192	4.98426	5.02713
9193	4.98426	5.09432
9194	4.98426	5.00942
9195	4.98426	5.03258
9196	4.98426	5.03882
9197	4.98426	5.03867
9198	4.98426	5.04974
9199	4.98426	5.09667
9200	4.98426	5.11413
9201	4.98426	4.99782
9202	4.98426	5.04784
9203	4.98426	4.98897
9204	4.98426	5.02092
9205	4.98426	5.02788
9206	4.98426	5.0167
9207	4.98426	5.07553
9208	4.98426	5.05111
9209	4.98426	5.08614
9210	4.98426	5.00808
9211	4.98426	5.07568
9212	4.98426	5.11833
9213	4.98426	5.05729
9214	4.98426	5.02578
9215	4.98426	5.05502
9216	4.98426	5.02516
9217	4.98426	4.99345
9218	4.98426	5.00789
9219	4.98426	4.98426
9220	4.98426	5.01222
9221	4.98426	4.98751
9222	4.98426	5.02183
9223	4.98426	5.10514
9224	4.98426	5.02229
9225	4.98426	5.0174
9226	4.98426	5.0058
9227	4.98426	5.01895
9228	4.98426	4.99413
9229	4.98426	5.05981
9230	4.98426	5.03914
9231	4.98426	4.98466
9232	4.98426	5.01142
9233	4.98426	4.99995
9234	4.98426	4.99098
9235	4.98426	4.98426
9236	4.98426	4.98426
9237	4.98426	4.98426
9238	4.98426	4.99858
9239	4.98426	5.00785
9240	4.98426	4.98705
9241	4.98426	4.9984
9242	4.98426	4.98426
9243	4.98426	5.00092
9244	4.98426	4.98463
9245	4.98426	4.98426
9246	4.98426	4.98834
9247	4.98426	4.98994
9248	4.98426	4.98895
9249	4.98426	4.99048
9250	4.98426	4.98503
9251	4.98426	5.05126
9252	4.98426	5.06438
9253	4.98426	5.15387
9254	4.98426	5.10673
9255	4.98426	5.07124
9256	4.98426	5.02442
9257	4.98426	4.98899
9258	4.98426	4.98466
9259	4.98426	5.00636
9260	4.98426	5.00678
9261	4.98426	5.09643
9262	4.98426	5.17085
9263	4.98426	5.08034
9264	4.98426	5.10141
9265	4.98426	4.99816
9266	4.98426	4.98426
9267	4.98426	4.98426
9268	4.98426	4.98426
9269	4.98426	5.03375
9270	4.98426	5.00722
9271	4.98426	4.99952
9272	4.98426	4.99541
9273	4.98426	5.00308
9274	4.98426	5.04665
9275	4.98426	5.099
9276	4.98426	5.23572
9277	4.98426	5.35007
9278	4.98426	5.22833
9279	4.98426	5.18377
9280	4.98426	5.15787
9281	4.98426	5.08457
9282	4.98426	5.09388
9283	4.98426	5.1402
9284	4.98426	5.25241
9285	4.98426	5.07052
9286	4.98426	5.15867
9287	4.98426	5.15978
9288	4.98426	5.38116
9289	4.98426	5.08874
9290	4.98426	5.08028
9291	4.98426	5.01028
9292	4.98426	4.98795
9293	4.98426	4.98426
9294	4.98426	5.07217
9295	4.98426	5.16533
9296	4.98426	5.03239
9297	4.98426	5.10231
9298	4.98426	5.03036
9299	4.98426	4.99389
9300	4.98426	5.08765
9301	4.98426	5.01839
9302	4.98426	5.01655
9303	4.98426	5.02569
9304	4.98426	5.07428
9305	4.98426	5.13051
9306	4.98426	5.13065
9307	4.98426	5.19174
9308	4.98426	5.10325
9309	4.98426	5.15515
9310	4.98426	5.13949
9311	4.98426	5.13346
9312	4.98426	5.12997
9313	4.98426	5.09794
9314	4.98426	5.09486
9315	4.98426	5.15573
9316	4.98426	5.1025
9317	4.98426	5.13611
9318	4.98426	5.17506
9319	4.98426	5.07438
9320	4.98426	5.02815
9321	4.98426	5.09918
9322	4.98426	5.03089
9323	4.98426	5.14326
9324	4.98426	5.16091
9325	4.98426	5.05935
9326	4.98426	5.05138
9327	4.98426	5.15228
9328	4.98426	5.10116
9329	4.98426	5.03684
9330	4.98426	4.99694
9331	4.98426	5.05641
9332	4.98426	5.01837
9333	4.98426	5.07626
9334	4.98426	5.09502
9335	4.98426	5.10496
9336	4.98426	5.03528
9337	4.98426	5.00936
9338	4.98426	4.99077
9339	4.98426	5.01062
9340	4.98426	4.98504
9341	4.98426	5.00431
9342	4.98426	5.00624
9343	4.98426	5.15317
9344	4.98426	5.00257
9345	4.98426	5.01913
9346	4.98426	4.99685
9347	4.98426	5.01845
9348	4.98426	5.09639
9349	4.98426	5.06347
9350	4.98426	5.08031
9351	4.98426	5.0311
9352	4.98426	5.00781
9353	4.98426	4.98879
9354	4.98426	4.98426
9355	4.98426	4.98676
9356	4.98426	4.99651
9357	4.98426	5.00378
9358	4.98426	4.98426
9359	4.98426	4.98426
9360	4.98426	4.98466
9361	4.98426	4.99261
9362	4.98426	4.98975
9363	4.98426	5.03383
9364	4.98426	5.09437
9365	4.98426	5.04889
9366	4.98426	5.08775
9367	4.98426	5.09959
9368	4.98426	5.01219
9369	4.98426	4.98426
9370	4.98426	4.99601
9371	4.98426	4.98876
9372	4.98426	5.07841
9373	4.98426	5.01552
9374	4.98426	5.03124
9375	4.98426	5.00014
9376	4.98426	4.98647
9377	4.98426	5.00286
9378	4.98426	4.99209
9379	4.98426	4.98466
9380	4.98426	4.98426
9381	4.98426	4.98426
9382	4.98426	4.98426
9383	4.98426	5.05337
9384	4.98426	5.05087
9385	4.98426	5.0169
9386	4.98426	5.02636
9387	4.98426	5.05298
9388	4.98426	5.06072
9389	4.98426	5.09091
9390	4.98426	5.08611
9391	4.98426	5.12084
9392	4.98426	4.99561
9393	4.98426	4.98426
9394	4.98426	4.98426
9395	4.98426	4.99897
9396	4.98426	4.98444
9397	4.98426	5.0258
9398	4.98426	4.99937
9399	4.98426	5.06444
9400	4.98426	5.12839
9401	4.98426	5.07895
9402	4.98426	5.05423
9403	4.98426	5.00874
9404	4.98426	5.04617
9405	4.98426	5.10057
9406	4.98426	5.0815
9407	4.98426	5.17916
9408	4.98426	5.06369
9409	4.98426	5.18766
9410	4.98426	5.09427
9411	4.98426	5.0324
9412	4.98426	5.0664
9413	4.98426	5.06608
9414	4.98426	4.98426
9415	4.98426	5.05169
9416	4.98426	5.05863
9417	4.98426	4.99973
9418	4.98426	5.01126
9419	4.98426	4.98426
9420	4.98426	4.98426
9421	4.98426	5.01354
9422	4.98426	5.01209
9423	4.98426	5.04506
9424	4.98426	5.05996
9425	4.98426	5.10896
9426	4.98426	5.13225
9427	4.98426	5.16911
9428	4.98426	5.07114
9429	4.98426	5.164
9430	4.98426	5.04725
9431	4.98426	5.01446
9432	4.98426	5.1207
9433	4.98426	5.08672
9434	4.98426	5.01347
9435	4.98426	5.05408
9436	4.98426	5.0177
9437	4.98426	5.04218
9438	4.98426	4.99789
9439	4.98426	5.04637
9440	4.98426	5.1093
9441	4.98426	5.01136
9442	4.98426	5.06526
9443	4.98426	5.04955
9444	4.98426	5.00268
9445	4.98426	5.00115
9446	4.98426	5.02156
9447	4.98426	5.00453
9448	4.98426	5.00096
9449	4.98426	5.01716
9450	4.98426	5.00372
9451	4.98426	5.03253
9452	4.98426	5.10255
9453	4.98426	5.05131
9454	4.98426	4.98873
9455	4.98426	5.01643
9456	4.98426	4.98455
9457	4.98426	5.01186
9458	4.98426	5.03788
9459	4.98426	5.04203
9460	4.98426	5.02383
9461	4.98426	5.12001
9462	4.98426	5.04112
9463	4.98426	5.03653
9464	4.98426	5.02591
9465	4.98426	5.03417
9466	4.98426	5.1078
9467	4.98426	5.05979
9468	4.98426	5.01
9469	4.98426	5.03711
9470	4.98426	4.99118
9471	4.98426	5.01974
9472	4.98426	5.039
9473	4.98426	4.99696
9474	4.98426	4.98643
9475	4.98426	5.00183
9476	4.98426	5.02787
9477	4.98426	5.10205
9478	4.98426	5.1566
9479	4.98426	5.16268
9480	4.98426	5.11064
9481	4.98426	5.11493
9482	4.98426	5.17739
9483	4.98426	5.05818
9484	4.98426	5.00632
9485	4.98426	4.98426
9486	4.98426	4.98426
9487	4.98426	5.00894
9488	4.98426	5.05181
9489	4.98426	5.05294
9490	4.98426	4.99346
9491	4.98426	5.02624
9492	4.98426	4.98949
9493	4.98426	5.00373
9494	4.98426	5.03393
9495	4.98426	5.04912
9496	4.98426	5.08611
9497	4.98426	5.06314
9498	4.98426	5.00858
9499	4.98426	4.98743
9500	4.98426	4.98934
9501	4.98426	4.98426
9502	4.98426	4.98426
9503	4.98426	4.98426
9504	4.98426	4.9989
9505	4.98426	5.02072
9506	4.98426	5.00217
9507	4.98426	5.10315
9508	4.98426	5.01331
9509	4.98426	4.98913
9510	4.98426	4.98736
9511	4.98426	4.9911
9512	4.98426	5.02094
9513	4.98426	5.05424
9514	4.98426	5.00942
9515	4.98426	4.99835
9516	4.98426	5.06124
9517	4.98426	5.14594
9518	4.98426	5.12842
9519	4.98426	5.10081
9520	4.98426	5.08882
9521	4.98426	5.12161
9522	4.98426	5.00216
9523	4.98426	5.03959
9524	4.98426	5.03415
9525	4.98426	5.03471
9526	4.98426	5.07038
9527	4.98426	5.08473
9528	4.98426	5.1118
9529	4.98426	5.15885
9530	4.98426	5.09393
9531	4.98426	5.04863
9532	4.98426	4.99869
9533	4.98426	4.99226
9534	4.98426	4.98504
9535	4.98426	4.98426
9536	4.98426	5.00295
9537	4.98426	4.99868
9538	4.98426	5.02591
9539	4.98426	4.99768
9540	4.98426	5.01932
9541	4.98426	5.03836
9542	4.98426	5.03367
9543	4.98426	5.10839
9544	4.98426	5.07733
9545	4.98426	5.06785
9546	4.98426	5.12173
9547	4.98426	5.02835
9548	4.98426	5.04494
9549	4.98426	5.0541
9550	4.98426	5.08378
9551	4.98426	5.0438
9552	4.98426	5.02057
9553	4.98426	5.01915
9554	4.98426	5.01229
9555	4.98426	4.9982
9556	4.98426	5.07007
9557	4.98426	5.00052
9558	4.98426	4.99418
9559	4.98426	4.99091
9560	4.98426	4.98654
9561	4.98426	5.01377
9562	4.98426	5.04404
9563	4.98426	5.14436
9564	4.98426	5.09239
9565	4.98426	5.0362
9566	4.98426	5.1035
9567	4.98426	5.0992
9568	4.98426	5.09493
9569	4.98426	5.03143
9570	4.98426	5.02143
9571	4.98426	4.9882
9572	4.98426	5.01005
9573	4.98426	4.98426
9574	4.98426	4.98625
9575	4.98426	5.0041
9576	4.98426	4.99182
9577	4.98426	4.98426
9578	4.98426	5.05721
9579	4.98426	5.00053
9580	4.98426	5.02823
9581	4.98426	4.99914
9582	4.98426	5.03743
9583	4.98426	5.13756
9584	4.98426	5.09223
9585	4.98426	5.07685
9586	4.98426	5.1157
9587	4.98426	5.08968
9588	4.98426	5.02226
9589	4.98426	5.0197
9590	4.98426	5.03419
9591	4.98426	5.02173
9592	4.98426	5.08303
9593	4.98426	5.01099
9594	4.98426	5.06945
9595	4.98426	5.0453
9596	4.98426	5.02756
9597	4.98426	5.05487
9598	4.98426	5.02903
9599	4.98426	5.01776
9600	4.98426	5.024
9601	4.98426	4.99214
9602	4.98426	5.08259
9603	4.98426	5.03196
9604	4.98426	5.06164
9605	4.98426	5.06649
9606	4.98426	5.08184
9607	4.98426	5.12958
9608	4.98426	5.07322
9609	4.98426	5.04484
9610	4.98426	5.06588
9611	4.98426	5.11347
9612	4.98426	5.1671
9613	4.98426	5.07683
9614	4.98426	5.05429
9615	4.98426	5.04286
9616	4.98426	5.01242
9617	4.98426	5.09231
9618	4.98426	5.04284
9619	4.98426	5.03157
9620	4.98426	5.0414
9621	4.98426	5.01501
9622	4.98426	4.98426
9623	4.98426	4.98426
9624	4.98426	4.98426
9625	4.98426	4.99126
9626	4.98426	5.06524
9627	4.98426	5.02566
9628	4.98426	5.02057
9629	4.98426	5.0024
9630	4.98426	4.99492
9631	4.98426	4.99313
9632	4.98426	4.99634
9633	4.98426	4.99257
9634	4.98426	4.98426
9635	4.98426	4.98986
9636	4.98426	4.98426
9637	4.98426	5.01827
9638	4.98426	4.98865
9639	4.98426	4.99008
9640	4.98426	5.05986
9641	4.98426	5.09264
9642	4.98426	4.98834
9643	4.98426	4.99289
9644	4.98426	4.99755
9645	4.98426	5.01442
9646	4.98426	5.01172
9647	4.98426	4.99105
9648	4.98426	5.04801
9649	4.98426	5.09412
9650	4.98426	5.10204
9651	4.98426	5.14097
9652	4.98426	5.08417
9653	4.98426	4.98594
9654	4.98426	5.09487
9655	4.98426	5.04574
9656	4.98426	5.204
9657	4.98426	5.08189
9658	4.98426	5.01221
9659	4.98426	5.00469
9660	4.98426	5.04249
9661	4.98426	5.12791
9662	4.98426	5.09779
9663	4.98426	5.04232
9664	4.98426	5.02535
9665	4.98426	5.00754
9666	4.98426	5.01252
9667	4.98426	4.98647
9668	4.98426	5.02854
9669	4.98426	5.01123
9670	4.98426	5.01912
9671	4.98426	5.01499
9672	4.98426	5.03846
9673	4.98426	5.02636
9674	4.98426	5.10097
9675	4.98426	4.99506
9676	4.98426	4.98643
9677	4.98426	5.01789
9678	4.98426	4.98426
9679	4.98426	4.98939
9680	4.98426	4.9935
9681	4.98426	5.01045
9682	4.98426	5.00411
9683	4.98426	5.00866
9684	4.98426	5.0086
9685	4.98426	5.00341
9686	4.98426	4.99515
9687	4.98426	5.02716
9688	4.98426	5.06305
9689	4.98426	4.99432
9690	4.98426	5.02738
9691	4.98426	4.99187
9692	4.98426	4.98426
9693	4.98426	5.06217
9694	4.98426	5.0406
9695	4.98426	5.04258
9696	4.98426	5.07613
9697	4.98426	5.02887
9698	4.98426	5.06709
9699	4.98426	5.04267
9700	4.98426	5.02293
9701	4.98426	4.99906
9702	4.98426	5.00321
9703	4.98426	5.00973
9704	4.98426	5.0177
9705	4.98426	5.06238
9706	4.98426	5.16247
9707	4.98426	5.05001
9708	4.98426	5.0404
9709	4.98426	4.993
9710	4.98426	5.03025
9711	4.98426	5.0006
9712	4.98426	5.05101
9713	4.98426	5.03357
9714	4.98426	5.05532
9715	4.98426	5.07457
9716	4.98426	5.061
9717	4.98426	4.99303
9718	4.98426	5.04818
9719	4.98426	5.0157
9720	4.98426	4.98944
9721	4.98426	5.04297
9722	4.98426	4.98863
9723	4.98426	4.99002
9724	4.98426	4.98426
9725	4.98426	5.00415
9726	4.98426	4.99793
9727	4.98426	4.99519
9728	4.98426	4.9849
9729	4.98426	4.98525
9730	4.98426	4.9892
9731	4.98426	5.02228
9732	4.98426	4.98426
9733	4.98426	4.98426
9734	4.98426	4.98426
9735	4.98426	4.98426
9736	4.98426	4.98521
9737	4.98426	5.02196
9738	4.98426	5.01456
9739	4.98426	4.98426
9740	4.98426	4.99914
9741	4.98426	5.0411
9742	4.98426	5.07946
9743	4.98426	5.03503
9744	4.98426	5.0548
9745	4.98426	5.05347
9746	4.98426	5.04744
9747	4.98426	5.10778
9748	4.98426	4.99896
9749	4.98426	4.99877
9750	4.98426	5.11002
9751	4.98426	5.0873
9752	4.98426	5.00826
9753	4.98426	4.98834
9754	4.98426	5.01579
9755	4.98426	5.01847
9756	4.98426	4.9904
9757	4.98426	4.99868
9758	4.98426	5.07544
9759	4.98426	5.08937
9760	4.98426	5.00531
9761	4.98426	5.01388
9762	4.98426	4.9993
9763	4.98426	5.02106
9764	4.98426	5.04197
9765	4.98426	5.02702
9766	4.98426	5.01386
9767	4.98426	5.02487
9768	4.98426	4.98529
9769	4.98426	5.01956
9770	4.98426	5.00773
9771	4.98426	5.03389
9772	4.98426	4.99198
9773	4.98426	4.99073
9774	4.98426	5.03408
9775	4.98426	5.09247
9776	4.98426	5.065
9777	4.98426	5.08887
9778	4.98426	5.06669
9779	4.98426	5.11383
9780	4.98426	5.06021
9781	4.98426	5.01251
9782	4.98426	5.0066
9783	4.98426	4.98538
9784	4.98426	4.98443
9785	4.98426	5.00766
9786	4.98426	5.01705
9787	4.98426	5.03447
9788	4.98426	5.0967
9789	4.98426	5.04057
9790	4.98426	5.00269
9791	4.98426	5.02806
9792	4.98426	5.07004
9793	4.98426	5.08958
9794	4.98426	5.04626
9795	4.98426	5.01075
9796	4.98426	4.98426
9797	4.98426	4.98426
9798	4.98426	5.0071
9799	4.98426	5.01023
9800	4.98426	5.04737
9801	4.98426	5.04695
9802	4.98426	5.05353
9803	4.98426	4.99624
9804	4.98426	4.99607
9805	4.98426	4.98426
9806	4.98426	4.98426
9807	4.98426	4.98426
9808	4.98426	4.98426
9809	4.98426	4.98654
9810	4.98426	5.08878
9811	4.98426	5.12219
9812	4.98426	5.14059
9813	4.98426	5.14198
9814	4.98426	5.24805
9815	4.98426	5.14393
9816	4.98426	5.04564
9817	4.98426	5.01037
9818	4.98426	5.05082
9819	4.98426	4.99788
9820	4.98426	4.98708
9821	4.98426	4.98426
9822	4.98426	4.98426
9823	4.98426	4.98426
9824	4.98426	5.01238
9825	4.98426	5.03441
9826	4.98426	5.0543
9827	4.98426	5.07881
9828	4.98426	5.17233
9829	4.98426	5.10479
9830	4.98426	5.10569
9831	4.98426	5.02714
9832	4.98426	5.05208
9833	4.98426	5.11253
9834	4.98426	5.03081
9835	4.98426	5.09048
9836	4.98426	5.06606
9837	4.98426	4.98426
9838	4.98426	5.01345
9839	4.98426	5.0288
9840	4.98426	5.03344
9841	4.98426	5.04427
9842	4.98426	4.98688
9843	4.98426	4.98914
9844	4.98426	5.00076
9845	4.98426	4.98594
9846	4.98426	4.98426
9847	4.98426	4.98834
9848	4.98426	4.98426
9849	4.98426	4.98447
9850	4.98426	4.98447
9851	4.98426	5.00297
9852	4.98426	4.99092
9853	4.98426	4.98951
9854	4.98426	5.06738
9855	4.98426	5.05315
9856	4.98426	5.04804
9857	4.98426	5.03812
9858	4.98426	4.99571
9859	4.98426	4.98426
9860	4.98426	4.98426
9861	4.98426	5.05993
9862	4.98426	5.0714
9863	4.98426	5.0182
9864	4.98426	5.08628
9865	4.98426	5.05213
9866	4.98426	5.11267
9867	4.98426	5.02897
9868	4.98426	5.05551
9869	4.98426	5.09609
9870	4.98426	5.14372
9871	4.98426	5.12448
9872	4.98426	5.15442
9873	4.98426	5.12194
9874	4.98426	5.15388
9875	4.98426	5.06007
9876	4.98426	5.0076
9877	4.98426	4.9889
9878	4.98426	5.02773
9879	4.98426	5.00837
9880	4.98426	5.02514
9881	4.98426	4.98426
9882	4.98426	5.07348
9883	4.98426	5.03621
9884	4.98426	5.03585
9885	4.98426	5.06622
9886	4.98426	5.02223
9887	4.98426	5.03988
9888	4.98426	5.02512
9889	4.98426	5.02871
9890	4.98426	4.98846
9891	4.98426	4.98426
9892	4.98426	4.98484
9893	4.98426	4.98426
9894	4.98426	4.98684
9895	4.98426	5.05376
9896	4.98426	5.05893
9897	4.98426	5.03772
9898	4.98426	4.9945
9899	4.98426	5.01565
9900	4.98426	5.01843
9901	4.98426	5.07143
9902	4.98426	5.03256
9903	4.98426	4.98426
9904	4.98426	4.98426
9905	4.98426	4.98611
9906	4.98426	4.99983
9907	4.98426	5.00001
9908	4.98426	4.98426
9909	4.98426	4.98546
9910	4.98426	4.99292
9911	4.98426	4.98678
9912	4.98426	4.98426
9913	4.98426	4.99155
9914	4.98426	5.05786
9915	4.98426	5.0239
9916	4.98426	5.04902
9917	4.98426	4.99673
9918	4.98426	5.0685
9919	4.98426	4.99624
9920	4.98426	4.99592
9921	4.98426	4.98734
9922	4.98426	4.99543
9923	4.98426	5.06595
9924	4.98426	5.17142
9925	4.98426	5.13297
9926	4.98426	5.11097
9927	4.98426	5.17075
9928	4.98426	5.00028
9929	4.98426	5.11164
9930	4.98426	5.06564
9931	4.98426	5.0986
9932	4.98426	5.04645
9933	4.98426	5.02494
9934	4.98426	5.03189
9935	4.98426	5.05533
9936	4.98426	5.03405
9937	4.98426	4.99856
9938	4.98426	5.03969
9939	4.98426	5.03385
9940	4.98426	5.03868
9941	4.98426	5.05438
9942	4.98426	5.04836
9943	4.98426	5.05774
9944	4.98426	5.08178
9945	4.98426	5.01251
9946	4.98426	5.01999
9947	4.98426	4.98872
9948	4.98426	5.01259
9949	4.98426	4.99899
9950	4.98426	5.03094
9951	4.98426	4.98426
9952	4.98426	5.00575
9953	4.98426	4.9877
9954	4.98426	5.04004
9955	4.98426	5.07806
9956	4.98426	5.09578
9957	4.98426	5.18182
9958	4.98426	5.06141
9959	4.98426	5.07395
9960	4.98426	5.08299
9961	4.98426	5.06193
9962	4.98426	5.0397
9963	4.98426	5.02231
9964	4.98426	5.07018
9965	4.98426	4.99288
9966	4.98426	4.98828
9967	4.98426	4.98426
9968	4.98426	4.9864
9969	4.98426	4.99187
9970	4.98426	5.03077
9971	4.98426	4.99964
9972	4.98426	5.00998
9973	4.98426	4.99217
9974	4.98426	4.98679
9975	4.98426	4.99364
9976	4.98426	4.99244
9977	4.98426	5.03243
9978	4.98426	5.0413
9979	4.98426	5.03582
9980	4.98426	4.99694
9981	4.98426	5.00127
9982	4.98426	5.0079
9983	4.98426	5.00022
9984	4.98426	4.98426
9985	4.98426	4.98426
9986	4.98426	4.99287
9987	4.98426	4.98426
9988	4.98426	4.98426
9989	4.98426	4.99556
9990	4.98426	4.98426
9991	4.98426	5.07786
9992	4.98426	5.129
9993	4.98426	5.10706
9994	4.98426	5.07721
9995	4.98426	5.18261
9996	4.98426	5.1477
9997	4.98426	5.07609
9998	4.98426	5.01482
9999	4.98426	5.21349
