0	14.8061	16.6635
1	13.9833	15.9577
2	13.2805	15.5072
3	13.1301	14.6641
4	12.6278	13.8817
5	11.9354	13.3896
6	11.9354	12.9262
7	11.3578	12.4471
8	11.3379	12.005
9	11.2108	11.8037
10	10.7291	11.6146
11	10.7291	11.4236
12	10.4826	11.1853
13	10.1818	10.9375
14	9.56474	10.7546
15	9.2985	10.4839
16	9.2985	10.2188
17	9.19498	10.0363
18	9.15483	9.76093
19	9.06124	9.58588
20	9.06124	9.51521
21	8.96338	9.52979
22	8.7906	9.44671
23	8.65509	9.22449
24	8.31323	9.01908
25	8.31323	9.05106
26	8.16094	8.86415
27	8.16094	8.70622
28	8.03864	8.49849
29	7.98028	8.42535
30	7.93341	8.18435
31	7.93341	8.16218
32	7.93341	8.05947
33	7.67909	7.99456
34	7.63222	7.95998
35	7.63222	7.90797
36	7.60368	7.85147
37	7.60368	7.80556
38	7.60368	7.77212
39	7.54908	7.73531
40	7.54908	7.79164
41	7.23716	7.76062
42	7.23716	7.74472
43	7.09302	7.70869
44	7.09302	7.55955
45	7.09302	7.57559
46	7.09302	7.45877
47	7.09302	7.41597
48	7.09302	7.30118
49	7.08979	7.21928
50	7.02128	7.22016
51	7.02128	7.17288
52	7.02128	7.22041
53	7.02128	7.26277
54	7.02128	7.28308
55	6.70419	7.29668
56	6.70419	7.19113
57	6.70419	7.16551
58	6.69144	7.03353
59	6.69144	6.93308
60	6.69144	6.83335
61	6.69144	6.8115
62	6.61313	6.77177
63	6.50281	6.75949
64	6.50281	6.71123
65	6.42449	6.69596
66	6.42449	6.68918
67	6.42449	6.63748
68	6.39019	6.57894
69	6.39019	6.63819
70	6.39019	6.61031
71	6.39019	6.54914
72	6.39019	6.51967
73	6.39019	6.61712
74	6.39019	6.56305
75	6.39019	6.52796
76	6.39019	6.47494
77	6.39019	6.41701
78	6.39019	6.40987
79	6.39019	6.44648
80	6.39019	6.41062
81	6.38956	6.4415
82	6.38956	6.47838
83	6.38956	6.50563
84	6.32011	6.49869
85	6.32011	6.45545
86	6.32011	6.50471
87	6.32011	6.54824
88	6.32011	6.4495
89	6.28743	6.51598
90	6.28743	6.49811
91	6.28743	6.47358
92	6.24533	6.48418
93	6.24533	6.38205
94	6.24533	6.38034
95	6.24533	6.33837
96	6.24533	6.34835
97	6.24533	6.41707
98	6.24533	6.33714
99	6.24533	6.39377
100	6.24533	6.40167
101	6.09341	6.39979
102	6.09341	6.43739
103	6.09341	6.34046
104	6.08063	6.27402
105	6.08063	6.22752
106	6.08063	6.20748
107	6.08063	6.17609
108	6.07491	6.24285
109	6.07491	6.33113
110	6.07491	6.10833
111	6.04081	6.07798
112	6.03509	6.07149
113	6.03509	6.05915
114	6.03509	6.04931
115	6.00762	6.04075
116	6.00762	6.03582
117	6.00762	6.02768
118	6.00762	6.01934
119	6.00762	6.01204
120	6.00762	6.0085
121	6.00762	6.01857
122	6.00762	6.00821
123	6.00762	6.00762
124	6.00762	6.05009
125	6.00762	6.03235
126	6.00762	6.01087
127	6.00762	6.03574
128	6.00762	6.07661
129	6.00762	6.05032
130	6.00762	6.00762
131	6.00762	6.01191
132	6.00762	6.07826
133	6.00762	6.11724
134	6.00762	6.18237
135	6.00762	6.08088
136	6.00762	6.03965
137	6.00762	6.06389
138	6.00762	6.01891
139	6.00762	6.00985
140	6.00762	6.00762
141	6.00762	6.02273
142	6.00762	6.07597
143	6.00762	6.11766
144	6.00762	6.08091
145	6.00762	6.03857
146	6.00762	6.05443
147	6.00762	6.01835
148	6.00762	6.03384
149	6.00762	6.06643
150	6.00762	6.09071
151	6.00762	6.04303
152	6.00762	6.05769
153	6.00762	6.02755
154	6.00762	6.02129
155	6.00762	6.06907
156	6.00762	6.0341
157	6.00762	6.02053
158	6.00762	6.00762
159	6.00762	6.04262
160	6.00762	6.01168
161	6.00762	6.00762
162	6.00762	6.01823
163	6.00762	6.0328
164	6.00762	6.07358
165	6.00762	6.01544
166	6.00762	6.02128
167	6.00762	6.02274
168	6.00762	6.03801
169	6.00762	6.06097
170	6.00762	6.01854
171	6.00762	6.0503
172	6.00762	6.02593
173	6.00762	6.02507
174	6.00762	6.18445
175	6.00762	6.14523
176	6.00762	6.14994
177	6.00762	6.07573
178	6.00762	6.07334
179	6.00762	6.11328
180	6.00762	6.04021
181	6.00762	6.00762
182	6.00762	6.02024
183	6.00762	6.00762
184	6.00762	6.00762
185	6.00762	6.00762
186	6.00699	6.00767
187	6.00699	6.05946
188	6.00699	6.11284
189	6.00699	6.14288
190	6.00699	6.07804
191	6.00699	6.06803
192	6.00699	6.1047
193	6.00699	6.10275
194	6.00699	6.01229
195	6.00699	6.04161
196	6.00699	6.03838
197	6.00699	6.02103
198	6.00699	6.01299
199	6.00699	6.05098
200	6.00699	6.06887
201	5.40978	6.1411
202	5.40978	6.09885
203	5.40978	5.99106
204	5.40978	6.03948
205	5.40978	5.94459
206	5.40978	5.73595
207	5.40978	5.76429
208	5.40978	5.63837
209	5.40978	5.5539
210	5.40978	5.53935
211	5.40978	5.47904
212	5.40978	5.45319
213	5.40978	5.40978
214	5.40978	5.43995
215	5.40978	5.48742
216	5.40978	5.45852
217	5.40978	5.42911
218	5.40978	5.43013
219	5.40978	5.42532
220	5.40978	5.52495
221	5.40978	5.42074
222	5.40978	5.43164
223	5.40978	5.4435
224	5.40978	5.452
225	5.40978	5.46243
226	5.40978	5.56509
227	5.40978	5.56328
228	5.40978	5.528
229	5.40978	5.52032
230	5.40978	5.4801
231	5.40978	5.47501
232	5.40978	5.47737
233	5.40978	5.525
234	5.40978	5.5632
235	5.35687	5.49381
236	5.35687	5.46957
237	5.35687	5.39311
238	5.32257	5.38062
239	5.32257	5.38584
240	5.32257	5.34745
241	5.32257	5.33567
242	5.32257	5.33093
243	5.32257	5.3285
244	5.32257	5.32394
245	5.32257	5.33738
246	5.32257	5.33802
247	5.32257	5.33723
248	5.32257	5.38908
249	5.32257	5.33467
250	5.32257	5.40508
251	5.32257	5.35944
252	5.32257	5.35929
253	5.32257	5.33042
254	5.32257	5.34183
255	5.32257	5.48107
256	5.32257	5.48619
257	5.32257	5.51648
258	5.32257	5.43959
259	5.32257	5.40264
260	5.32257	5.38387
261	5.32257	5.49578
262	5.32257	5.47624
263	5.32257	5.39683
264	5.32257	5.40518
265	5.32257	5.42346
266	5.32257	5.37352
267	5.32257	5.32364
268	5.32257	5.40553
269	5.32257	5.45709
270	5.32257	5.44576
271	5.32257	5.42413
272	5.32257	5.46995
273	5.32257	5.41236
274	5.32257	5.41545
275	5.32257	5.32664
276	5.32257	5.33209
277	5.32257	5.34356
278	5.32257	5.38556
279	5.32257	5.42767
280	5.32257	5.38174
281	5.32257	5.4083
282	5.32257	5.36408
283	5.32257	5.35494
284	5.32257	5.33219
285	5.32257	5.32257
286	5.32257	5.32257
287	5.32257	5.33272
288	5.32257	5.32558
289	5.32257	5.3228
290	5.32257	5.37088
291	5.32257	5.34952
292	5.32257	5.37183
293	5.32257	5.3713
294	5.32257	5.46434
295	5.32257	5.40834
296	5.32257	5.40381
297	5.32257	5.34945
298	5.32257	5.32519
299	5.32257	5.34065
300	5.32257	5.34277
301	5.22582	5.39851
302	5.22582	5.49218
303	5.22582	5.49055
304	5.22582	5.51263
305	5.22582	5.4304
306	5.22582	5.40101
307	5.22582	5.37194
308	5.22582	5.32971
309	5.22582	5.31956
310	5.22582	5.26756
311	5.22582	5.25561
312	5.22582	5.27748
313	5.22582	5.38443
314	5.22582	5.41725
315	5.22582	5.33371
316	5.22582	5.37886
317	5.22582	5.32637
318	5.22582	5.37933
319	5.22582	5.47162
320	5.22582	5.37468
321	5.22582	5.28897
322	5.22582	5.31323
323	5.22582	5.27142
324	5.22582	5.25385
325	5.22582	5.29569
326	5.22582	5.27231
327	5.22582	5.36978
328	5.22582	5.38718
329	5.22582	5.40193
330	5.22582	5.2672
331	5.22582	5.26128
332	5.22582	5.26344
333	5.22582	5.23406
334	5.22582	5.385
335	5.22582	5.32873
336	5.22582	5.36799
337	5.22582	5.29719
338	5.22582	5.22955
339	5.22582	5.29455
340	5.22582	5.31057
341	5.22582	5.30893
342	5.22582	5.22716
343	5.22582	5.22766
344	5.22582	5.23983
345	5.22582	5.22989
346	5.22582	5.23898
347	5.22582	5.26847
348	5.22582	5.24959
349	5.22582	5.25585
350	5.22582	5.31263
351	5.22582	5.22771
352	5.22582	5.22582
353	5.22582	5.23568
354	5.22582	5.24195
355	5.22582	5.28774
356	5.22582	5.24745
357	5.22582	5.27174
358	5.22582	5.25075
359	5.22582	5.24316
360	5.22582	5.23235
361	5.22582	5.22742
362	5.22582	5.2265
363	5.22582	5.24775
364	5.22582	5.22628
365	5.22582	5.22595
366	5.22582	5.22582
367	5.22582	5.22847
368	5.22582	5.22582
369	5.22582	5.22582
370	5.22582	5.22582
371	5.22582	5.25166
372	5.22582	5.2359
373	5.22582	5.23145
374	5.22582	5.22608
375	5.22582	5.25372
376	5.22582	5.25155
377	5.22582	5.41013
378	5.22582	5.39334
379	5.22582	5.27729
380	5.22582	5.29696
381	5.22582	5.22897
382	5.22582	5.23815
383	5.22582	5.24078
384	5.22582	5.29778
385	5.22582	5.24989
386	5.22582	5.22821
387	5.22582	5.22582
388	5.22582	5.23467
389	5.22582	5.27715
390	5.22582	5.22717
391	5.22582	5.27187
392	5.22582	5.28189
393	5.22582	5.31309
394	5.22582	5.31885
395	5.22582	5.34694
396	5.22582	5.24697
397	5.22582	5.28527
398	5.22582	5.28231
399	5.22582	5.28774
400	5.22582	5.30912
401	4.98426	5.25337
402	4.98426	5.25973
403	4.98426	5.32219
404	4.98426	5.34976
405	4.98426	5.26118
406	4.98426	5.24576
407	4.98426	5.1443
408	4.98426	5.08564
409	4.98426	5.00896
410	4.98426	5.08264
411	4.98426	5.05035
412	4.98426	5.00066
413	4.98426	5.07666
414	4.98426	5.04921
415	4.98426	5.01508
416	4.98426	5.0152
417	4.98426	4.99242
418	4.98426	5.00413
419	4.98426	5.03912
420	4.98426	5.0572
421	4.98426	5.07573
422	4.98426	5.07877
423	4.98426	5.06104
424	4.98426	5.08742
425	4.98426	5.10691
426	4.98426	5.11544
427	4.98426	5.10249
428	4.98426	5.12638
429	4.98426	5.02091
430	4.98426	5.06728
431	4.98426	5.02563
432	4.98426	4.99507
433	4.98426	5.00527
434	4.98426	5.06571
435	4.98426	5.12531
436	4.98426	4.99466
437	4.98426	5.07411
438	4.98426	4.98648
439	4.98426	5.0226
440	4.98426	4.99263
441	4.98426	4.98426
442	4.98426	4.98474
443	4.98426	4.98426
444	4.98426	4.98426
445	4.98426	4.98426
446	4.98426	5.00144
447	4.98426	5.08697
448	4.98426	5.08939
449	4.98426	5.04775
450	4.98426	5.00708
451	4.98426	4.98847
452	4.98426	5.03392
453	4.98426	5.11819
454	4.98426	5.02526
455	4.98426	4.99207
456	4.98426	5.01901
457	4.98426	5.04387
458	4.98426	5.06564
459	4.98426	5.05265
460	4.98426	5.10471
461	4.98426	5.02415
462	4.98426	5.01109
463	4.98426	5.06801
464	4.98426	5.03622
465	4.98426	5.06622
466	4.98426	5.20029
467	4.98426	5.18263
468	4.98426	5.09403
469	4.98426	5.1626
470	4.98426	5.08763
471	4.98426	5.0143
472	4.98426	4.98951
473	4.98426	5.04379
474	4.98426	5.05231
475	4.98426	5.07934
476	4.98426	5.01167
477	4.98426	5.04431
478	4.98426	4.99169
479	4.98426	5.07895
480	4.98426	5.13372
481	4.98426	5.0413
482	4.98426	5.14352
483	4.98426	5.04955
484	4.98426	5.07311
485	4.98426	5.02397
486	4.98426	5.02907
487	4.98426	5.06928
488	4.98426	5.0535
489	4.98426	5.09923
490	4.98426	5.08464
491	4.98426	5.00401
492	4.98426	5.02511
493	4.98426	5.01627
494	4.98426	5.05071
495	4.98426	5.02126
496	4.98426	5.04553
497	4.98426	5.07057
498	4.98426	5.02808
499	4.98426	5.01537
500	4.98426	5.0278
501	4.98426	5.04262
502	4.98426	5.15856
503	4.98426	5.13581
504	4.98426	5.12768
505	4.98426	5.20598
506	4.98426	5.09141
507	4.98426	5.07899
508	4.98426	4.98466
509	4.98426	5.01308
510	4.98426	5.01267
511	4.98426	5.13705
512	4.98426	5.12204
513	4.98426	5.10772
514	4.98426	5.1103
515	4.98426	5.13498
516	4.98426	5.03468
517	4.98426	5.01372
518	4.98426	5.01251
519	4.98426	5.00097
520	4.98426	4.98692
521	4.98426	4.98426
522	4.98426	5.01365
523	4.98426	5.14915
524	4.98426	5.12352
525	4.98426	5.02817
526	4.98426	5.02459
527	4.98426	4.99355
528	4.98426	4.99085
529	4.98426	4.98426
530	4.98426	4.98426
531	4.98426	4.98969
532	4.98426	4.98629
533	4.98426	4.99964
534	4.98426	5.02392
535	4.98426	5.02082
536	4.98426	5.01278
537	4.98426	4.99365
538	4.98426	5.0558
539	4.98426	5.06592
540	4.98426	5.04561
541	4.98426	4.99746
542	4.98426	4.98472
543	4.98426	5.00591
544	4.98426	5.06249
545	4.98426	5.01389
546	4.98426	5.01477
547	4.98426	5.0173
548	4.98426	5.02474
549	4.98426	5.05956
550	4.98426	5.1039
551	4.98426	5.06275
552	4.98426	5.02271
553	4.98426	5.0142
554	4.98426	4.99397
555	4.98426	4.98426
556	4.98426	4.98426
557	4.98426	4.98493
558	4.98426	4.9902
559	4.98426	5.0518
560	4.98426	5.05218
561	4.98426	5.07894
562	4.98426	5.01277
563	4.98426	4.99217
564	4.98426	4.98426
565	4.98426	4.99487
566	4.98426	5.05351
567	4.98426	5.06691
568	4.98426	5.16175
569	4.98426	5.02095
570	4.98426	5.03614
571	4.98426	5.08712
572	4.98426	5.11979
573	4.98426	5.08718
574	4.98426	4.99969
575	4.98426	5.01944
576	4.98426	4.99398
577	4.98426	4.9855
578	4.98426	4.98909
579	4.98426	4.99744
580	4.98426	5.00917
581	4.98426	4.99653
582	4.98426	5.03299
583	4.98426	4.98426
584	4.98426	4.98484
585	4.98426	5.06321
586	4.98426	5.04982
587	4.98426	5.15831
588	4.98426	5.11298
589	4.98426	5.17631
590	4.98426	5.03464
591	4.98426	5.03595
592	4.98426	5.02348
593	4.98426	5.09691
594	4.98426	5.01605
595	4.98426	5.0626
596	4.98426	5.04626
597	4.98426	5.06602
598	4.98426	5.05652
599	4.98426	4.98521
600	4.98426	5.11196
601	4.98426	5.04689
602	4.98426	4.98618
603	4.98426	5.04181
604	4.98426	5.02983
605	4.98426	5.07502
606	4.98426	5.02226
607	4.98426	5.03554
608	4.98426	5.017
609	4.98426	5.04107
610	4.98426	5.00726
611	4.98426	4.99379
612	4.98426	5.00046
613	4.98426	5.03223
614	4.98426	5.01253
615	4.98426	5.08097
616	4.98426	5.13338
617	4.98426	5.04784
618	4.98426	5.01001
619	4.98426	4.99451
620	4.98426	5.04799
621	4.98426	5.03676
622	4.98426	5.07488
623	4.98426	5.00697
624	4.98426	5.03865
625	4.98426	4.99996
626	4.98426	4.9846
627	4.98426	5.01565
628	4.98426	5.06565
629	4.98426	5.08484
630	4.98426	5.10222
631	4.98426	5.01541
632	4.98426	4.98426
633	4.98426	4.98493
634	4.98426	5.01811
635	4.98426	4.99717
636	4.98426	5.004
637	4.98426	4.99597
638	4.98426	4.99398
639	4.98426	4.99569
640	4.98426	5.00926
641	4.98426	5.00021
642	4.98426	4.98639
643	4.98426	4.98426
644	4.98426	4.98997
645	4.98426	4.99238
646	4.98426	5.02379
647	4.98426	5.0072
648	4.98426	4.98694
649	4.98426	5.01244
650	4.98426	4.99439
651	4.98426	4.98426
652	4.98426	5.0007
653	4.98426	4.98426
654	4.98426	4.98426
655	4.98426	5.01855
656	4.98426	4.99797
657	4.98426	5.00487
658	4.98426	5.02332
659	4.98426	4.99767
660	4.98426	4.99741
661	4.98426	5.02766
662	4.98426	5.07344
663	4.98426	5.02766
664	4.98426	5.03222
665	4.98426	5.06165
666	4.98426	5.08592
667	4.98426	5.05375
668	4.98426	4.99117
669	4.98426	4.98514
670	4.98426	4.98426
671	4.98426	4.98426
672	4.98426	4.99357
673	4.98426	5.0459
674	4.98426	5.10761
675	4.98426	4.99473
676	4.98426	5.0004
677	4.98426	4.98426
678	4.98426	4.98799
679	4.98426	5.05741
680	4.98426	5.00649
681	4.98426	5.09035
682	4.98426	5.0382
683	4.98426	5.0577
684	4.98426	5.0396
685	4.98426	5.0073
686	4.98426	4.98426
687	4.98426	4.98426
688	4.98426	4.99235
689	4.98426	5.02836
690	4.98426	4.98458
691	4.98426	5.03207
692	4.98426	5.01071
693	4.98426	4.98883
694	4.98426	5.03989
695	4.98426	5.02529
696	4.98426	5.08712
697	4.98426	5.00337
698	4.98426	5.00717
699	4.98426	4.98426
700	4.98426	4.98781
701	4.98426	4.98426
702	4.98426	5.02607
703	4.98426	5.09339
704	4.98426	5.05315
705	4.98426	5.08729
706	4.98426	5.01046
707	4.98426	4.99631
708	4.98426	4.98945
709	4.98426	5.00479
710	4.98426	5.02464
711	4.98426	5.03878
712	4.98426	5.01134
713	4.98426	5.00983
714	4.98426	5.02898
715	4.98426	5.0033
716	4.98426	5.05059
717	4.98426	5.12792
718	4.98426	5.06728
719	4.98426	5.08021
720	4.98426	4.99572
721	4.98426	4.99216
722	4.98426	5.10037
723	4.98426	5.12667
724	4.98426	5.02576
725	4.98426	5.11078
726	4.98426	5.10312
727	4.98426	5.02572
728	4.98426	4.98988
729	4.98426	5.05346
730	4.98426	5.01809
731	4.98426	5.01569
732	4.98426	5.0361
733	4.98426	5.02127
734	4.98426	5.07457
735	4.98426	5.04077
736	4.98426	5.00186
737	4.98426	4.99521
738	4.98426	5.01948
739	4.98426	4.98426
740	4.98426	4.98426
741	4.98426	4.9998
742	4.98426	5.04756
743	4.98426	4.99661
744	4.98426	4.98649
745	4.98426	5.08888
746	4.98426	5.04916
747	4.98426	5.05506
748	4.98426	5.14221
749	4.98426	5.14622
750	4.98426	5.28177
751	4.98426	5.26019
752	4.98426	5.09096
753	4.98426	5.11589
754	4.98426	5.0665
755	4.98426	4.99113
756	4.98426	4.98976
757	4.98426	4.99402
758	4.98426	5.01686
759	4.98426	4.99515
760	4.98426	5.02116
761	4.98426	5.04677
762	4.98426	5.01877
763	4.98426	4.99928
764	4.98426	4.9958
765	4.98426	4.99426
766	4.98426	4.98426
767	4.98426	4.98426
768	4.98426	4.98463
769	4.98426	4.98426
770	4.98426	4.9884
771	4.98426	4.98426
772	4.98426	5.033
773	4.98426	4.99409
774	4.98426	4.98426
775	4.98426	4.98426
776	4.98426	5.00158
777	4.98426	4.98567
778	4.98426	5.01281
779	4.98426	5.01117
780	4.98426	5.06629
781	4.98426	5.00426
782	4.98426	4.99275
783	4.98426	5.07849
784	4.98426	5.01144
785	4.98426	4.98906
786	4.98426	4.98537
787	4.98426	5.005
788	4.98426	5.0227
789	4.98426	4.99483
790	4.98426	5.00291
791	4.98426	4.99404
792	4.98426	5.00545
793	4.98426	5.01383
794	4.98426	5.01564
795	4.98426	4.99161
796	4.98426	4.994
797	4.98426	5.02167
798	4.98426	5.05864
799	4.98426	5.10202
800	4.98426	5.06383
801	4.98426	5.0155
802	4.98426	5.0347
803	4.98426	5.03034
804	4.98426	5.0075
805	4.98426	5.02234
806	4.98426	5.02696
807	4.98426	4.98426
808	4.98426	4.98426
809	4.98426	4.98426
810	4.98426	4.98426
811	4.98426	4.98426
812	4.98426	4.98426
813	4.98426	4.98426
814	4.98426	4.99583
815	4.98426	5.01184
816	4.98426	4.98819
817	4.98426	5.01849
818	4.98426	4.98426
819	4.98426	4.98426
820	4.98426	4.98426
821	4.98426	4.98426
822	4.98426	4.98638
823	4.98426	4.99346
824	4.98426	5.04352
825	4.98426	5.00193
826	4.98426	4.99807
827	4.98426	4.98426
828	4.98426	4.99387
829	4.98426	5.00117
830	4.98426	5.0599
831	4.98426	5.11172
832	4.98426	5.04071
833	4.98426	5.02351
834	4.98426	4.99245
835	4.98426	5.01969
836	4.98426	4.99198
837	4.98426	5.01754
838	4.98426	4.98426
839	4.98426	4.98426
840	4.98426	4.98426
841	4.98426	4.98426
842	4.98426	5.02966
843	4.98426	5.00575
844	4.98426	5.01757
845	4.98426	5.04814
846	4.98426	5.01719
847	4.98426	5.03285
848	4.98426	5.08207
849	4.98426	5.14209
850	4.98426	5.15874
851	4.98426	5.11571
852	4.98426	5.25495
853	4.98426	5.10704
854	4.98426	5.14184
855	4.98426	5.00653
856	4.98426	4.99329
857	4.98426	4.98426
858	4.98426	5.02165
859	4.98426	5.06722
860	4.98426	5.06051
861	4.98426	5.02689
862	4.98426	5.01327
863	4.98426	4.98489
864	4.98426	4.99425
865	4.98426	4.98828
866	4.98426	5.02137
867	4.98426	5.00605
868	4.98426	5.10864
869	4.98426	5.1342
870	4.98426	5.00447
871	4.98426	4.99301
872	4.98426	5.08145
873	4.98426	5.05453
874	4.98426	5.1803
875	4.98426	5.22348
876	4.98426	5.18575
877	4.98426	5.13187
878	4.98426	5.13838
879	4.98426	5.09645
880	4.98426	5.09601
881	4.98426	5.0787
882	4.98426	5.0183
883	4.98426	5.12054
884	4.98426	5.08895
885	4.98426	5.13199
886	4.98426	5.02035
887	4.98426	5.02575
888	4.98426	5.01907
889	4.98426	5.00006
890	4.98426	4.98426
891	4.98426	5.09822
892	4.98426	5.00118
893	4.98426	4.98426
894	4.98426	5.01329
895	4.98426	5.11498
896	4.98426	5.01401
897	4.98426	5.00262
898	4.98426	5.01705
899	4.98426	5.01714
900	4.98426	5.02112
901	4.98426	5.00857
902	4.98426	4.99525
903	4.98426	5.01681
904	4.98426	4.99883
905	4.98426	4.99474
906	4.98426	4.99462
907	4.98426	4.99431
908	4.98426	5.01184
909	4.98426	5.04043
910	4.98426	5.01964
911	4.98426	5.02125
912	4.98426	4.99779
913	4.98426	4.99103
914	4.98426	5.00134
915	4.98426	4.98804
916	4.98426	5.00599
917	4.98426	4.9928
918	4.98426	5.02208
919	4.98426	5.08696
920	4.98426	5.09178
921	4.98426	5.08207
922	4.98426	5.10448
923	4.98426	5.12109
924	4.98426	5.07642
925	4.98426	5.05185
926	4.98426	5.01782
927	4.98426	5.03263
928	4.98426	4.98426
929	4.98426	4.99386
930	4.98426	5.00703
931	4.98426	5.06699
932	4.98426	5.04276
933	4.98426	5.06515
934	4.98426	5.07369
935	4.98426	5.00634
936	4.98426	4.98987
937	4.98426	5.02147
938	4.98426	4.98463
939	4.98426	5.00742
940	4.98426	5.01736
941	4.98426	5.06286
942	4.98426	5.03157
943	4.98426	5.0572
944	4.98426	5.09803
945	4.98426	5.02767
946	4.98426	5.04156
947	4.98426	5.06043
948	4.98426	5.07731
949	4.98426	5.04189
950	4.98426	5.02356
951	4.98426	5.08997
952	4.98426	5.01502
953	4.98426	5.1074
954	4.98426	5.07388
955	4.98426	5.02812
956	4.98426	4.99142
957	4.98426	4.98426
958	4.98426	4.99071
959	4.98426	5.01949
960	4.98426	5.09091
961	4.98426	5.07831
962	4.98426	5.08113
963	4.98426	4.99169
964	4.98426	5.02116
965	4.98426	4.98426
966	4.98426	4.98596
967	4.98426	4.98618
968	4.98426	4.99357
969	4.98426	4.98466
970	4.98426	4.99069
971	4.98426	5.02331
972	4.98426	5.05584
973	4.98426	5.10586
974	4.98426	5.11278
975	4.98426	5.08555
976	4.98426	5.02698
977	4.98426	5.01039
978	4.98426	4.99759
979	4.98426	5.01315
980	4.98426	4.98426
981	4.98426	4.98955
982	4.98426	5.01325
983	4.98426	4.99723
984	4.98426	4.98958
985	4.98426	5.00779
986	4.98426	5.13204
987	4.98426	5.17404
988	4.98426	5.04839
989	4.98426	5.05586
990	4.98426	5.0506
991	4.98426	5.03534
992	4.98426	4.98426
993	4.98426	4.98426
994	4.98426	4.98426
995	4.98426	4.98466
996	4.98426	4.98426
997	4.98426	4.98426
998	4.98426	4.99011
999	4.98426	4.98426
1000	4.98426	4.98426
1001	4.98426	4.98426
1002	4.98426	5.04181
1003	4.98426	5.00601
1004	4.98426	5.03495
1005	4.98426	5.01971
1006	4.98426	4.99299
1007	4.98426	4.98444
1008	4.98426	4.9849
1009	4.98426	4.98426
1010	4.98426	4.98426
1011	4.98426	5.00586
1012	4.98426	5.00446
1013	4.98426	4.98951
1014	4.98426	4.99893
1015	4.98426	4.98426
1016	4.98426	5.00006
1017	4.98426	5.0353
1018	4.98426	4.99876
1019	4.98426	5.03463
1020	4.98426	5.08599
1021	4.98426	5.06874
1022	4.98426	5.13401
1023	4.98426	4.99099
1024	4.98426	4.99848
1025	4.98426	5.02114
1026	4.98426	5.02083
1027	4.98426	4.99895
1028	4.98426	5.00554
1029	4.98426	4.98629
1030	4.98426	4.98503
1031	4.98426	4.99035
1032	4.98426	5.01696
1033	4.98426	4.98899
1034	4.98426	4.98426
1035	4.98426	5.00655
1036	4.98426	4.99563
1037	4.98426	4.99843
1038	4.98426	5.02811
1039	4.98426	5.07956
1040	4.98426	5.01201
1041	4.98426	5.03105
1042	4.98426	5.11137
1043	4.98426	5.20968
1044	4.98426	5.1015
1045	4.98426	5.1711
1046	4.98426	5.17647
1047	4.98426	5.03908
1048	4.98426	4.9894
1049	4.98426	4.99119
1050	4.98426	4.9973
1051	4.98426	5.03071
1052	4.98426	5.0932
1053	4.98426	5.03801
1054	4.98426	5.077
1055	4.98426	5.03551
1056	4.98426	4.99463
1057	4.98426	4.9904
1058	4.98426	5.01844
1059	4.98426	5.00831
1060	4.98426	5.06151
1061	4.98426	5.00453
1062	4.98426	5.0282
1063	4.98426	5.05759
1064	4.98426	5.09183
1065	4.98426	5.00187
1066	4.98426	4.98426
1067	4.98426	4.98914
1068	4.98426	4.99067
1069	4.98426	4.9956
1070	4.98426	4.98426
1071	4.98426	4.98426
1072	4.98426	4.98426
1073	4.98426	4.98581
1074	4.98426	5.00587
1075	4.98426	5.01364
1076	4.98426	4.99579
1077	4.98426	4.99679
1078	4.98426	5.00156
1079	4.98426	5.00903
1080	4.98426	4.99331
1081	4.98426	5.03615
1082	4.98426	5.11117
1083	4.98426	5.03053
1084	4.98426	5.05704
1085	4.98426	5.01667
1086	4.98426	5.05395
1087	4.98426	5.12571
1088	4.98426	5.2351
1089	4.98426	5.1251
1090	4.98426	5.13444
1091	4.98426	5.22243
1092	4.98426	5.13195
1093	4.98426	5.13503
1094	4.98426	5.13299
1095	4.98426	5.06904
1096	4.98426	5.00941
1097	4.98426	5.02323
1098	4.98426	5.00373
1099	4.98426	5.04201
1100	4.98426	5.01727
1101	4.98426	5.0233
1102	4.98426	5.03092
1103	4.98426	5.06237
1104	4.98426	5.03444
1105	4.98426	5.03966
1106	4.98426	4.9887
1107	4.98426	5.03149
1108	4.98426	5.05738
1109	4.98426	5.08149
1110	4.98426	5.09925
1111	4.98426	5.12846
1112	4.98426	5.09484
1113	4.98426	5.05814
1114	4.98426	5.09652
1115	4.98426	5.11616
1116	4.98426	5.13336
1117	4.98426	5.11486
1118	4.98426	5.10331
1119	4.98426	5.03227
1120	4.98426	5.01359
1121	4.98426	5.01707
1122	4.98426	5.00992
1123	4.98426	5.06102
1124	4.98426	5.04938
1125	4.98426	5.01022
1126	4.98426	5.02512
1127	4.98426	4.98984
1128	4.98426	4.99055
1129	4.98426	4.99457
1130	4.98426	4.99043
1131	4.98426	4.98426
1132	4.98426	4.98696
1133	4.98426	5.00631
1134	4.98426	5.02776
1135	4.98426	5.0501
1136	4.98426	4.99655
1137	4.98426	4.98654
1138	4.98426	4.98801
1139	4.98426	4.98556
1140	4.98426	4.98506
1141	4.98426	4.98426
1142	4.98426	4.99039
1143	4.98426	4.99484
1144	4.98426	5.00616
1145	4.98426	5.0733
1146	4.98426	5.0532
1147	4.98426	5.08969
1148	4.98426	5.04261
1149	4.98426	5.15187
1150	4.98426	5.08448
1151	4.98426	5.02389
1152	4.98426	5.00625
1153	4.98426	5.13376
1154	4.98426	5.00492
1155	4.98426	5.01875
1156	4.98426	4.98938
1157	4.98426	4.98426
1158	4.98426	4.98426
1159	4.98426	4.98426
1160	4.98426	4.98426
1161	4.98426	4.98546
1162	4.98426	5.03163
1163	4.98426	5.01033
1164	4.98426	5.0429
1165	4.98426	5.05214
1166	4.98426	4.99576
1167	4.98426	4.98511
1168	4.98426	4.98426
1169	4.98426	4.98426
1170	4.98426	4.99034
1171	4.98426	4.99492
1172	4.98426	5.04482
1173	4.98426	4.98561
1174	4.98426	5.00122
1175	4.98426	5.00514
1176	4.98426	4.99243
1177	4.98426	4.98586
1178	4.98426	4.98854
1179	4.98426	5.04735
1180	4.98426	5.10766
1181	4.98426	5.04233
1182	4.98426	5.10635
1183	4.98426	5.17351
1184	4.98426	5.18975
1185	4.98426	5.11938
1186	4.98426	5.10173
1187	4.98426	5.02925
1188	4.98426	5.02376
1189	4.98426	5.00851
1190	4.98426	5.12722
1191	4.98426	5.07006
1192	4.98426	5.01479
1193	4.98426	4.98426
1194	4.98426	4.98426
1195	4.98426	5.00301
1196	4.98426	5.0606
1197	4.98426	5.04008
1198	4.98426	5.03219
1199	4.98426	5.03372
1200	4.98426	5.05529
1201	4.98426	5.02344
1202	4.98426	5.00605
1203	4.98426	5.0517
1204	4.98426	5.01218
1205	4.98426	5.02261
1206	4.98426	5.01008
1207	4.98426	4.98426
1208	4.98426	4.9867
1209	4.98426	5.03586
1210	4.98426	5.07176
1211	4.98426	5.02536
1212	4.98426	5.01992
1213	4.98426	5.0135
1214	4.98426	5.06181
1215	4.98426	5.07172
1216	4.98426	5.08069
1217	4.98426	5.08018
1218	4.98426	5.05465
1219	4.98426	5.16015
1220	4.98426	5.31826
1221	4.98426	5.25542
1222	4.98426	5.16081
1223	4.98426	5.01713
1224	4.98426	5.03306
1225	4.98426	4.99337
1226	4.98426	5.09525
1227	4.98426	5.02042
1228	4.98426	5.04701
1229	4.98426	5.0146
1230	4.98426	5.00213
1231	4.98426	5.07745
1232	4.98426	5.00146
1233	4.98426	5.01011
1234	4.98426	5.07187
1235	4.98426	5.0697
1236	4.98426	5.18939
1237	4.98426	5.0817
1238	4.98426	5.0191
1239	4.98426	4.99585
1240	4.98426	4.98426
1241	4.98426	4.98426
1242	4.98426	4.99682
1243	4.98426	4.98472
1244	4.98426	4.98606
1245	4.98426	5.01426
1246	4.98426	5.03064
1247	4.98426	4.99056
1248	4.98426	4.98843
1249	4.98426	4.98506
1250	4.98426	4.99828
1251	4.98426	5.06384
1252	4.98426	5.04502
1253	4.98426	5.13332
1254	4.98426	5.08492
1255	4.98426	5.07895
1256	4.98426	5.11795
1257	4.98426	5.02785
1258	4.98426	5.01635
1259	4.98426	4.99423
1260	4.98426	5.01627
1261	4.98426	4.98426
1262	4.98426	4.98426
1263	4.98426	5.04607
1264	4.98426	4.99392
1265	4.98426	5.01907
1266	4.98426	5.05458
1267	4.98426	5.03499
1268	4.98426	5.06767
1269	4.98426	5.0026
1270	4.98426	4.98426
1271	4.98426	4.98426
1272	4.98426	4.98426
1273	4.98426	5.0434
1274	4.98426	5.03025
1275	4.98426	5.06
1276	4.98426	4.99106
1277	4.98426	4.99242
1278	4.98426	5.03307
1279	4.98426	5.00704
1280	4.98426	4.98971
1281	4.98426	5.06913
1282	4.98426	5.09059
1283	4.98426	5.11802
1284	4.98426	5.04722
1285	4.98426	5.1074
1286	4.98426	5.00684
1287	4.98426	4.98426
1288	4.98426	5.00383
1289	4.98426	5.01621
1290	4.98426	4.99408
1291	4.98426	4.99677
1292	4.98426	5.06357
1293	4.98426	5.15543
1294	4.98426	5.07165
1295	4.98426	5.10274
1296	4.98426	5.06029
1297	4.98426	5.01539
1298	4.98426	4.99716
1299	4.98426	4.99884
1300	4.98426	5.01492
1301	4.98426	4.9886
1302	4.98426	5.00204
1303	4.98426	4.98426
1304	4.98426	5.0505
1305	4.98426	5.07441
1306	4.98426	5.05275
1307	4.98426	5.00425
1308	4.98426	4.9882
1309	4.98426	5.0132
1310	4.98426	5.00644
1311	4.98426	5.02115
1312	4.98426	5.07603
1313	4.98426	5.08143
1314	4.98426	5.07678
1315	4.98426	5.04741
1316	4.98426	4.98426
1317	4.98426	5.02402
1318	4.98426	5.00698
1319	4.98426	4.98426
1320	4.98426	5.04246
1321	4.98426	5.11503
1322	4.98426	5.07502
1323	4.98426	5.02792
1324	4.98426	5.12592
1325	4.98426	5.04537
1326	4.98426	4.99094
1327	4.98426	5.10301
1328	4.98426	5.04019
1329	4.98426	5.00682
1330	4.98426	5.0271
1331	4.98426	5.02575
1332	4.98426	5.00953
1333	4.98426	4.99173
1334	4.98426	5.01635
1335	4.98426	5.04105
1336	4.98426	5.08153
1337	4.98426	5.024
1338	4.98426	5.029
1339	4.98426	5.11456
1340	4.98426	5.19155
1341	4.98426	5.07278
1342	4.98426	5.02081
1343	4.98426	5.03987
1344	4.98426	5.04702
1345	4.98426	5.06149
1346	4.98426	5.00322
1347	4.98426	5.00423
1348	4.98426	5.02979
1349	4.98426	5.02464
1350	4.98426	4.99455
1351	4.98426	5.02573
1352	4.98426	5.02755
1353	4.98426	4.99044
1354	4.98426	5.02394
1355	4.98426	5.04198
1356	4.98426	5.04392
1357	4.98426	5.07292
1358	4.98426	4.99176
1359	4.98426	5.00488
1360	4.98426	5.01275
1361	4.98426	4.98426
1362	4.98426	5.02156
1363	4.98426	4.98426
1364	4.98426	5.02349
1365	4.98426	5.05598
1366	4.98426	5.04979
1367	4.98426	5.06725
1368	4.98426	5.04147
1369	4.98426	5.02087
1370	4.98426	5.01653
1371	4.98426	5.01222
1372	4.98426	5.06104
1373	4.98426	5.17339
1374	4.98426	5.08588
1375	4.98426	5.11639
1376	4.98426	5.0881
1377	4.98426	5.01628
1378	4.98426	5.00576
1379	4.98426	5.00947
1380	4.98426	5.00987
1381	4.98426	5.01141
1382	4.98426	4.99203
1383	4.98426	4.98426
1384	4.98426	5.02498
1385	4.98426	5.00071
1386	4.98426	4.99317
1387	4.98426	5.00114
1388	4.98426	5.0249
1389	4.98426	4.98503
1390	4.98426	4.99686
1391	4.98426	5.03901
1392	4.98426	4.98863
1393	4.98426	4.98426
1394	4.98426	4.98426
1395	4.98426	4.98426
1396	4.98426	4.98426
1397	4.98426	4.98426
1398	4.98426	4.99186
1399	4.98426	5.00591
1400	4.98426	4.98602
1401	4.98426	4.98426
1402	4.98426	5.00572
1403	4.98426	4.98699
1404	4.98426	5.00312
1405	4.98426	5.00616
1406	4.98426	5.0162
1407	4.98426	5.00837
1408	4.98426	5.08057
1409	4.98426	5.0752
1410	4.98426	5.04343
1411	4.98426	5.07097
1412	4.98426	5.0206
1413	4.98426	5.04553
1414	4.98426	5.09357
1415	4.98426	5.14368
1416	4.98426	5.13118
1417	4.98426	5.09522
1418	4.98426	5.0944
1419	4.98426	5.03485
1420	4.98426	5.04555
1421	4.98426	5.02438
1422	4.98426	5.03989
1423	4.98426	5.04352
1424	4.98426	5.03096
1425	4.98426	5.02267
1426	4.98426	5.02436
1427	4.98426	5.00468
1428	4.98426	5.00369
1429	4.98426	5.0112
1430	4.98426	5.04105
1431	4.98426	5.00851
1432	4.98426	5.05384
1433	4.98426	5.00271
1434	4.98426	5.00173
1435	4.98426	4.98574
1436	4.98426	4.98706
1437	4.98426	4.98426
1438	4.98426	5.0065
1439	4.98426	5.12111
1440	4.98426	5.26197
1441	4.98426	5.17432
1442	4.98426	5.03644
1443	4.98426	5.08104
1444	4.98426	4.99047
1445	4.98426	5.05246
1446	4.98426	5.01204
1447	4.98426	5.04054
1448	4.98426	5.04381
1449	4.98426	5.00888
1450	4.98426	5.00959
1451	4.98426	4.99066
1452	4.98426	5.03541
1453	4.98426	5.09098
1454	4.98426	5.06152
1455	4.98426	4.99787
1456	4.98426	4.98426
1457	4.98426	4.98802
1458	4.98426	5.00209
1459	4.98426	5.00851
1460	4.98426	5.01811
1461	4.98426	5.04938
1462	4.98426	5.04879
1463	4.98426	5.04627
1464	4.98426	5.08004
1465	4.98426	5.14272
1466	4.98426	5.15747
1467	4.98426	5.07723
1468	4.98426	5.02235
1469	4.98426	5.03367
1470	4.98426	5.04668
1471	4.98426	5.03174
1472	4.98426	4.98426
1473	4.98426	4.99703
1474	4.98426	5.00389
1475	4.98426	4.99976
1476	4.98426	5.01293
1477	4.98426	4.98711
1478	4.98426	4.98426
1479	4.98426	5.01173
1480	4.98426	4.99708
1481	4.98426	5.0604
1482	4.98426	5.071
1483	4.98426	4.98426
1484	4.98426	5.00163
1485	4.98426	5.12413
1486	4.98426	5.33192
1487	4.98426	5.25673
1488	4.98426	5.04104
1489	4.98426	5.08874
1490	4.98426	5.07293
1491	4.98426	5.02681
1492	4.98426	5.03796
1493	4.98426	5.02652
1494	4.98426	5.04561
1495	4.98426	5.02948
1496	4.98426	5.01279
1497	4.98426	5.00565
1498	4.98426	5.01782
1499	4.98426	4.99372
1500	4.98426	5.01853
1501	4.98426	5.00948
1502	4.98426	4.98964
1503	4.98426	5.02858
1504	4.98426	5.10929
1505	4.98426	5.07248
1506	4.98426	5.11563
1507	4.98426	5.1165
1508	4.98426	5.2008
1509	4.98426	5.13309
1510	4.98426	5.11338
1511	4.98426	5.08241
1512	4.98426	5.11749
1513	4.98426	4.99939
1514	4.98426	4.99352
1515	4.98426	4.98426
1516	4.98426	4.98426
1517	4.98426	4.98426
1518	4.98426	5.00867
1519	4.98426	5.00334
1520	4.98426	4.98426
1521	4.98426	5.00865
1522	4.98426	5.0057
1523	4.98426	5.06092
1524	4.98426	4.98466
1525	4.98426	5.03747
1526	4.98426	4.99629
1527	4.98426	5.02209
1528	4.98426	5.09427
1529	4.98426	5.10381
1530	4.98426	5.11726
1531	4.98426	5.20053
1532	4.98426	5.14371
1533	4.98426	5.16722
1534	4.98426	5.0909
1535	4.98426	5.01579
1536	4.98426	5.07834
1537	4.98426	5.05643
1538	4.98426	5.03641
1539	4.98426	4.99588
1540	4.98426	4.99343
1541	4.98426	5.0422
1542	4.98426	5.05523
1543	4.98426	5.06273
1544	4.98426	5.0426
1545	4.98426	4.98495
1546	4.98426	5.05708
1547	4.98426	5.04001
1548	4.98426	4.99586
1549	4.98426	4.98426
1550	4.98426	4.98426
1551	4.98426	4.98426
1552	4.98426	4.98766
1553	4.98426	4.98426
1554	4.98426	5.02525
1555	4.98426	5.1151
1556	4.98426	5.07674
1557	4.98426	5.01742
1558	4.98426	5.00382
1559	4.98426	5.03778
1560	4.98426	5.02536
1561	4.98426	5.06805
1562	4.98426	5.02988
1563	4.98426	5.03804
1564	4.98426	5.04654
1565	4.98426	4.99432
1566	4.98426	4.99363
1567	4.98426	5.05902
1568	4.98426	4.99946
1569	4.98426	4.98982
1570	4.98426	5.078
1571	4.98426	5.04696
1572	4.98426	5.02266
1573	4.98426	4.99937
1574	4.98426	5.00341
1575	4.98426	4.98861
1576	4.98426	4.98426
1577	4.98426	4.98426
1578	4.98426	4.98426
1579	4.98426	4.98426
1580	4.98426	4.98426
1581	4.98426	4.99993
1582	4.98426	5.02077
1583	4.98426	5.06782
1584	4.98426	5.02963
1585	4.98426	5.06092
1586	4.98426	5.04401
1587	4.98426	5.00151
1588	4.98426	5.02193
1589	4.98426	5.10587
1590	4.98426	5.13196
1591	4.98426	5.08448
1592	4.98426	5.00587
1593	4.98426	5.02645
1594	4.98426	5.01952
1595	4.98426	4.99117
1596	4.98426	4.98555
1597	4.98426	4.98426
1598	4.98426	5.05448
1599	4.98426	4.99931
1600	4.98426	5.02693
1601	4.98426	5.02302
1602	4.98426	5.02396
1603	4.98426	5.06602
1604	4.98426	5.01512
1605	4.98426	4.99367
1606	4.98426	4.98736
1607	4.98426	4.98426
1608	4.98426	4.98426
1609	4.98426	4.98426
1610	4.98426	4.99253
1611	4.98426	5.01444
1612	4.98426	4.98961
1613	4.98426	4.98426
1614	4.98426	4.98426
1615	4.98426	4.98426
1616	4.98426	4.98426
1617	4.98426	4.99607
1618	4.98426	5.02859
1619	4.98426	5.0103
1620	4.98426	5.05226
1621	4.98426	5.00995
1622	4.98426	5.0219
1623	4.98426	5.01448
1624	4.98426	5.00662
1625	4.98426	5.04149
1626	4.98426	5.04389
1627	4.98426	5.1379
1628	4.98426	5.13144
1629	4.98426	5.07365
1630	4.98426	4.99723
1631	4.98426	5.03951
1632	4.98426	4.99289
1633	4.98426	4.99151
1634	4.98426	5.02333
1635	4.98426	4.98472
1636	4.98426	5.02
1637	4.98426	5.02309
1638	4.98426	5.06387
1639	4.98426	5.07828
1640	4.98426	5.0208
1641	4.98426	5.03688
1642	4.98426	4.99312
1643	4.98426	4.99965
1644	4.98426	4.98426
1645	4.98426	4.98778
1646	4.98426	5.03295
1647	4.98426	5.02475
1648	4.98426	5.01086
1649	4.98426	5.14481
1650	4.98426	5.10766
1651	4.98426	5.03235
1652	4.98426	5.08803
1653	4.98426	5.05514
1654	4.98426	5.03091
1655	4.98426	4.98746
1656	4.98426	5.05
1657	4.98426	5.00076
1658	4.98426	5.00045
1659	4.98426	5.01973
1660	4.98426	5.00691
1661	4.98426	4.99381
1662	4.98426	4.98919
1663	4.98426	5.01696
1664	4.98426	5.09823
1665	4.98426	5.00999
1666	4.98426	5.0269
1667	4.98426	4.98426
1668	4.98426	4.99409
1669	4.98426	4.99011
1670	4.98426	4.99637
1671	4.98426	4.98426
1672	4.98426	4.98426
1673	4.98426	5.02757
1674	4.98426	5.00949
1675	4.98426	5.00461
1676	4.98426	4.98426
1677	4.98426	4.98426
1678	4.98426	4.99698
1679	4.98426	5.03895
1680	4.98426	5.03854
1681	4.98426	5.03014
1682	4.98426	5.04057
1683	4.98426	5.02154
1684	4.98426	5.08718
1685	4.98426	5.1005
1686	4.98426	5.12404
1687	4.98426	5.02035
1688	4.98426	5.08409
1689	4.98426	4.98831
1690	4.98426	5.04458
1691	4.98426	5.05705
1692	4.98426	5.01755
1693	4.98426	5.13469
1694	4.98426	5.22384
1695	4.98426	5.20813
1696	4.98426	5.15518
1697	4.98426	5.08036
1698	4.98426	5.0497
1699	4.98426	5.05667
1700	4.98426	5.02242
1701	4.98426	5.04007
1702	4.98426	5.02219
1703	4.98426	5.09194
1704	4.98426	5.05356
1705	4.98426	5.03402
1706	4.98426	5.02856
1707	4.98426	5.02438
1708	4.98426	4.99223
1709	4.98426	4.98426
1710	4.98426	4.99136
1711	4.98426	4.98776
1712	4.98426	4.99454
1713	4.98426	5.01869
1714	4.98426	5.05628
1715	4.98426	5.10285
1716	4.98426	5.01993
1717	4.98426	5.12411
1718	4.98426	5.03906
1719	4.98426	5.1159
1720	4.98426	5.09438
1721	4.98426	5.05366
1722	4.98426	5.00877
1723	4.98426	4.98912
1724	4.98426	4.99852
1725	4.98426	5.00764
1726	4.98426	5.0037
1727	4.98426	4.98426
1728	4.98426	5.01243
1729	4.98426	5.14783
1730	4.98426	5.04169
1731	4.98426	4.99975
1732	4.98426	5.01969
1733	4.98426	5.07696
1734	4.98426	4.9858
1735	4.98426	4.98426
1736	4.98426	4.98426
1737	4.98426	4.98426
1738	4.98426	4.98426
1739	4.98426	4.98442
1740	4.98426	4.98991
1741	4.98426	5.01394
1742	4.98426	5.01226
1743	4.98426	5.04514
1744	4.98426	5.00543
1745	4.98426	4.9872
1746	4.98426	4.99092
1747	4.98426	4.98426
1748	4.98426	4.98426
1749	4.98426	4.98426
1750	4.98426	4.98426
1751	4.98426	4.98692
1752	4.98426	5.00487
1753	4.98426	5.0385
1754	4.98426	5.09066
1755	4.98426	5.07203
1756	4.98426	5.0703
1757	4.98426	5.06845
1758	4.98426	4.99022
1759	4.98426	4.999
1760	4.98426	4.98426
1761	4.98426	4.98426
1762	4.98426	4.99619
1763	4.98426	5.00329
1764	4.98426	4.98426
1765	4.98426	4.98426
1766	4.98426	4.98426
1767	4.98426	5.01716
1768	4.98426	5.01467
1769	4.98426	4.99267
1770	4.98426	5.04274
1771	4.98426	4.99456
1772	4.98426	4.99234
1773	4.98426	5.03558
1774	4.98426	4.99179
1775	4.98426	5.07821
1776	4.98426	5.09086
1777	4.98426	5.14947
1778	4.98426	5.07529
1779	4.98426	5.03916
1780	4.98426	5.00887
1781	4.98426	4.98426
1782	4.98426	4.99579
1783	4.98426	4.98952
1784	4.98426	4.9909
1785	4.98426	4.98444
1786	4.98426	5.03911
1787	4.98426	5.04406
1788	4.98426	5.04778
1789	4.98426	5.04637
1790	4.98426	4.99704
1791	4.98426	5.01996
1792	4.98426	4.99667
1793	4.98426	5.01401
1794	4.98426	5.0091
1795	4.98426	4.99532
1796	4.98426	5.02006
1797	4.98426	5.06311
1798	4.98426	5.06093
1799	4.98426	5.01831
1800	4.98426	5.01308
1801	4.98426	5.01452
1802	4.98426	4.99492
1803	4.98426	5.00256
1804	4.98426	5.00958
1805	4.98426	5.01488
1806	4.98426	4.98891
1807	4.98426	4.98512
1808	4.98426	4.98642
1809	4.98426	4.98711
1810	4.98426	4.98426
1811	4.98426	4.98509
1812	4.98426	4.99816
1813	4.98426	5.00502
1814	4.98426	5.04102
1815	4.98426	4.99253
1816	4.98426	5.07332
1817	4.98426	5.00964
1818	4.98426	5.10008
1819	4.98426	5.10033
1820	4.98426	5.06926
1821	4.98426	5.05959
1822	4.98426	5.02474
1823	4.98426	5.01704
1824	4.98426	5.07043
1825	4.98426	5.17891
1826	4.98426	5.00592
1827	4.98426	5.04871
1828	4.98426	5.08869
1829	4.98426	5.0709
1830	4.98426	5.00843
1831	4.98426	5.01428
1832	4.98426	5.01999
1833	4.98426	5.08385
1834	4.98426	5.04595
1835	4.98426	5.15322
1836	4.98426	5.0706
1837	4.98426	5.05006
1838	4.98426	5.03167
1839	4.98426	5.00032
1840	4.98426	5.00681
1841	4.98426	5.04113
1842	4.98426	5.00532
1843	4.98426	5.02162
1844	4.98426	4.99483
1845	4.98426	5.00539
1846	4.98426	4.98426
1847	4.98426	4.99098
1848	4.98426	5.00229
1849	4.98426	4.9918
1850	4.98426	5.04285
1851	4.98426	5.04291
1852	4.98426	5.01809
1853	4.98426	5.07738
1854	4.98426	5.04604
1855	4.98426	4.98426
1856	4.98426	5.00388
1857	4.98426	5.03262
1858	4.98426	5.01986
1859	4.98426	5.04134
1860	4.98426	5.00483
1861	4.98426	5.0059
1862	4.98426	5.01339
1863	4.98426	5.0183
1864	4.98426	5.07406
1865	4.98426	5.04438
1866	4.98426	5.08573
1867	4.98426	5.0537
1868	4.98426	4.99406
1869	4.98426	5.01317
1870	4.98426	4.98426
1871	4.98426	4.98472
1872	4.98426	4.9929
1873	4.98426	4.99765
1874	4.98426	4.98466
1875	4.98426	5.01349
1876	4.98426	5.01483
1877	4.98426	5.14709
1878	4.98426	5.0042
1879	4.98426	5.02366
1880	4.98426	5.06932
1881	4.98426	5.03882
1882	4.98426	5.01485
1883	4.98426	4.98463
1884	4.98426	4.98426
1885	4.98426	4.98683
1886	4.98426	4.9876
1887	4.98426	4.98484
1888	4.98426	4.98426
1889	4.98426	4.98426
1890	4.98426	5.00299
1891	4.98426	4.98426
1892	4.98426	4.98426
1893	4.98426	5.0325
1894	4.98426	5.03964
1895	4.98426	5.10527
1896	4.98426	5.1474
1897	4.98426	5.04238
1898	4.98426	5.0198
1899	4.98426	5.03518
1900	4.98426	5.03989
1901	4.98426	4.98426
1902	4.98426	4.99986
1903	4.98426	5.06411
1904	4.98426	5.05235
1905	4.98426	5.05503
1906	4.98426	5.04318
1907	4.98426	5.00115
1908	4.98426	4.98769
1909	4.98426	4.98426
1910	4.98426	4.98426
1911	4.98426	5.00881
1912	4.98426	4.98426
1913	4.98426	5.02453
1914	4.98426	5.01858
1915	4.98426	5.02057
1916	4.98426	5.09019
1917	4.98426	5.08068
1918	4.98426	5.10236
1919	4.98426	5.01611
1920	4.98426	5.03077
1921	4.98426	5.03061
1922	4.98426	5.01897
1923	4.98426	5.14458
1924	4.98426	5.04966
1925	4.98426	5.0234
1926	4.98426	4.99412
1927	4.98426	4.99752
1928	4.98426	5.00261
1929	4.98426	4.98796
1930	4.98426	5.0539
1931	4.98426	5.05523
1932	4.98426	5.04761
1933	4.98426	5.0408
1934	4.98426	5.03956
1935	4.98426	4.98434
1936	4.98426	5.00488
1937	4.98426	5.02853
1938	4.98426	5.0185
1939	4.98426	5.02844
1940	4.98426	5.01561
1941	4.98426	5.01797
1942	4.98426	4.98584
1943	4.98426	5.00017
1944	4.98426	4.98439
1945	4.98426	5.09215
1946	4.98426	5.11282
1947	4.98426	5.09633
1948	4.98426	5.06361
1949	4.98426	5.05514
1950	4.98426	5.1345
1951	4.98426	5.03604
1952	4.98426	5.05299
1953	4.98426	5.02107
1954	4.98426	5.02536
1955	4.98426	5.03203
1956	4.98426	4.9996
1957	4.98426	5.07875
1958	4.98426	5.00859
1959	4.98426	5.02911
1960	4.98426	5.02507
1961	4.98426	5.02026
1962	4.98426	5.00505
1963	4.98426	5.00181
1964	4.98426	5.015
1965	4.98426	5.001
1966	4.98426	5.0187
1967	4.98426	5.01511
1968	4.98426	5.00472
1969	4.98426	5.01171
1970	4.98426	5.08059
1971	4.98426	5.068
1972	4.98426	5.08143
1973	4.98426	4.99723
1974	4.98426	5.08319
1975	4.98426	5.03336
1976	4.98426	4.98451
1977	4.98426	4.98442
1978	4.98426	5.0073
1979	4.98426	4.99897
1980	4.98426	5.00012
1981	4.98426	4.99738
1982	4.98426	5.00648
1983	4.98426	5.00488
1984	4.98426	5.0445
1985	4.98426	5.0365
1986	4.98426	5.05452
1987	4.98426	5.01461
1988	4.98426	4.98683
1989	4.98426	4.99086
1990	4.98426	4.99338
1991	4.98426	4.98426
1992	4.98426	4.98434
1993	4.98426	5.01457
1994	4.98426	5.18265
1995	4.98426	5.09491
1996	4.98426	5.19324
1997	4.98426	5.13292
1998	4.98426	5.13193
1999	4.98426	5.23086
2000	4.98426	5.17066
2001	4.98426	5.13196
2002	4.98426	5.04285
2003	4.98426	5.02403
2004	4.98426	4.98695
2005	4.98426	5.01628
2006	4.98426	5.00649
2007	4.98426	5.01142
2008	4.98426	5.04178
2009	4.98426	5.08232
2010	4.98426	5.11812
2011	4.98426	5.02379
2012	4.98426	4.9985
2013	4.98426	5.01425
2014	4.98426	5.04285
2015	4.98426	5.0321
2016	4.98426	5.08655
2017	4.98426	5.11998
2018	4.98426	5.09486
2019	4.98426	5.03259
2020	4.98426	5.12736
2021	4.98426	5.12679
2022	4.98426	5.0299
2023	4.98426	4.98588
2024	4.98426	4.98474
2025	4.98426	5.00057
2026	4.98426	4.98917
2027	4.98426	4.98426
2028	4.98426	4.98426
2029	4.98426	5.06518
2030	4.98426	5.06162
2031	4.98426	5.09204
2032	4.98426	5.06332
2033	4.98426	5.0255
2034	4.98426	4.98613
2035	4.98426	5.01083
2036	4.98426	5.0136
2037	4.98426	5.05137
2038	4.98426	5.04369
2039	4.98426	5.01739
2040	4.98426	4.99082
2041	4.98426	5.03622
2042	4.98426	5.00994
2043	4.98426	4.98426
2044	4.98426	5.00129
2045	4.98426	5.00389
2046	4.98426	5.01121
2047	4.98426	4.99942
2048	4.98426	4.99863
2049	4.98426	5.09007
2050	4.98426	5.04414
2051	4.98426	5.01763
2052	4.98426	5.08618
2053	4.98426	5.04161
2054	4.98426	5.0188
2055	4.98426	5.09357
2056	4.98426	5.00696
2057	4.98426	4.99494
2058	4.98426	5.02168
2059	4.98426	5.01551
2060	4.98426	5.02683
2061	4.98426	4.99875
2062	4.98426	5.03357
2063	4.98426	5.02607
2064	4.98426	5.08673
2065	4.98426	5.05016
2066	4.98426	5.04885
2067	4.98426	4.99955
2068	4.98426	5.12222
2069	4.98426	5.03922
2070	4.98426	5.07188
2071	4.98426	5.00283
2072	4.98426	4.99153
2073	4.98426	5.03895
2074	4.98426	5.03762
2075	4.98426	5.05082
2076	4.98426	5.11616
2077	4.98426	5.09304
2078	4.98426	5.17039
2079	4.98426	5.10863
2080	4.98426	5.101
2081	4.98426	5.07827
2082	4.98426	5.13363
2083	4.98426	5.07172
2084	4.98426	5.00614
2085	4.98426	5.01004
2086	4.98426	4.98561
2087	4.98426	5.01796
2088	4.98426	5.13496
2089	4.98426	5.09923
2090	4.98426	5.10177
2091	4.98426	5.0551
2092	4.98426	5.20254
2093	4.98426	5.11974
2094	4.98426	5.08718
2095	4.98426	5.01609
2096	4.98426	5.09448
2097	4.98426	5.08159
2098	4.98426	5.07914
2099	4.98426	5.01233
2100	4.98426	5.08581
2101	4.98426	5.12004
2102	4.98426	5.05699
2103	4.98426	5.12496
2104	4.98426	5.08658
2105	4.98426	5.00399
2106	4.98426	5.01464
2107	4.98426	5.11746
2108	4.98426	5.07372
2109	4.98426	5.08366
2110	4.98426	5.00351
2111	4.98426	5.06526
2112	4.98426	5.05591
2113	4.98426	5.01089
2114	4.98426	5.0785
2115	4.98426	5.02156
2116	4.98426	5.01011
2117	4.98426	5.01174
2118	4.98426	5.07699
2119	4.98426	5.00641
2120	4.98426	5.00746
2121	4.98426	4.99506
2122	4.98426	5.00988
2123	4.98426	5.01556
2124	4.98426	4.99425
2125	4.98426	4.98426
2126	4.98426	4.98426
2127	4.98426	4.99554
2128	4.98426	4.99711
2129	4.98426	5.00766
2130	4.98426	5.01796
2131	4.98426	5.02695
2132	4.98426	4.98611
2133	4.98426	4.98618
2134	4.98426	4.98787
2135	4.98426	4.98826
2136	4.98426	4.98638
2137	4.98426	5.01714
2138	4.98426	5.08771
2139	4.98426	5.14508
2140	4.98426	5.14376
2141	4.98426	5.07688
2142	4.98426	5.04152
2143	4.98426	5.05442
2144	4.98426	5.01365
2145	4.98426	4.99874
2146	4.98426	4.99549
2147	4.98426	4.99505
2148	4.98426	4.98978
2149	4.98426	5.08313
2150	4.98426	5.14918
2151	4.98426	5.11272
2152	4.98426	5.06733
2153	4.98426	4.9975
2154	4.98426	5.04757
2155	4.98426	5.03256
2156	4.98426	5.01978
2157	4.98426	5.07903
2158	4.98426	5.12343
2159	4.98426	5.11763
2160	4.98426	5.12447
2161	4.98426	5.154
2162	4.98426	5.10722
2163	4.98426	5.04096
2164	4.98426	4.99557
2165	4.98426	5.00685
2166	4.98426	5.0379
2167	4.98426	5.07648
2168	4.98426	5.04379
2169	4.98426	4.99661
2170	4.98426	5.04138
2171	4.98426	5.05344
2172	4.98426	5.08054
2173	4.98426	5.08644
2174	4.98426	5.02345
2175	4.98426	5.20671
2176	4.98426	5.19451
2177	4.98426	5.13043
2178	4.98426	5.0483
2179	4.98426	5.11232
2180	4.98426	5.00359
2181	4.98426	5.06208
2182	4.98426	5.06203
2183	4.98426	5.04532
2184	4.98426	5.08928
2185	4.98426	5.01844
2186	4.98426	5.03051
2187	4.98426	5.04803
2188	4.98426	5.02337
2189	4.98426	4.98426
2190	4.98426	5.02578
2191	4.98426	5.06454
2192	4.98426	4.99027
2193	4.98426	5.07377
2194	4.98426	5.14302
2195	4.98426	5.04927
2196	4.98426	5.04157
2197	4.98426	5.06826
2198	4.98426	5.22068
2199	4.98426	5.10096
2200	4.98426	5.11283
2201	4.98426	5.11556
2202	4.98426	5.0047
2203	4.98426	4.99103
2204	4.98426	5.00892
2205	4.98426	5.0302
2206	4.98426	5.00942
2207	4.98426	5.03424
2208	4.98426	5.04409
2209	4.98426	5.03544
2210	4.98426	5.00554
2211	4.98426	4.99445
2212	4.98426	5.00136
2213	4.98426	5.05613
2214	4.98426	5.13682
2215	4.98426	5.08657
2216	4.98426	5.09408
2217	4.98426	5.05597
2218	4.98426	5.08627
2219	4.98426	4.99962
2220	4.98426	4.98624
2221	4.98426	5.0222
2222	4.98426	4.98802
2223	4.98426	5.00568
2224	4.98426	5.03837
2225	4.98426	5.01484
2226	4.98426	5.04112
2227	4.98426	4.99065
2228	4.98426	5.00175
2229	4.98426	5.00301
2230	4.98426	5.02197
2231	4.98426	5.00618
2232	4.98426	5.0489
2233	4.98426	5.01376
2234	4.98426	5.05187
2235	4.98426	5.03938
2236	4.98426	4.98895
2237	4.98426	4.99052
2238	4.98426	4.98426
2239	4.98426	4.98534
2240	4.98426	4.98463
2241	4.98426	4.98426
2242	4.98426	4.99905
2243	4.98426	5.00626
2244	4.98426	5.03585
2245	4.98426	5.05168
2246	4.98426	5.07582
2247	4.98426	5.14666
2248	4.98426	5.06459
2249	4.98426	5.0889
2250	4.98426	5.03266
2251	4.98426	5.03924
2252	4.98426	4.99052
2253	4.98426	5.13312
2254	4.98426	5.05736
2255	4.98426	5.02743
2256	4.98426	4.99304
2257	4.98426	4.9982
2258	4.98426	4.98881
2259	4.98426	4.99721
2260	4.98426	5.03463
2261	4.98426	5.14756
2262	4.98426	5.04577
2263	4.98426	5.07871
2264	4.98426	5.00231
2265	4.98426	4.98426
2266	4.98426	4.98561
2267	4.98426	5.06586
2268	4.98426	5.05901
2269	4.98426	5.10649
2270	4.98426	5.01746
2271	4.98426	5.05964
2272	4.98426	5.03743
2273	4.98426	5.01166
2274	4.98426	5.02814
2275	4.98426	5.03046
2276	4.98426	5.00286
2277	4.98426	4.99222
2278	4.98426	4.99729
2279	4.98426	4.9937
2280	4.98426	4.98481
2281	4.98426	4.98474
2282	4.98426	5.02893
2283	4.98426	4.99824
2284	4.98426	4.99688
2285	4.98426	5.02792
2286	4.98426	4.99226
2287	4.98426	4.99137
2288	4.98426	4.99817
2289	4.98426	5.06001
2290	4.98426	5.05743
2291	4.98426	5.03539
2292	4.98426	5.05006
2293	4.98426	4.99338
2294	4.98426	5.02405
2295	4.98426	5.02874
2296	4.98426	5.04997
2297	4.98426	5.02649
2298	4.98426	5.06489
2299	4.98426	5.00572
2300	4.98426	5.01059
2301	4.98426	4.98426
2302	4.98426	4.99929
2303	4.98426	5.01121
2304	4.98426	5.01577
2305	4.98426	5.04295
2306	4.98426	5.03802
2307	4.98426	5.04115
2308	4.98426	5.05679
2309	4.98426	5.01709
2310	4.98426	5.00707
2311	4.98426	5.02195
2312	4.98426	4.99459
2313	4.98426	4.98426
2314	4.98426	4.98426
2315	4.98426	4.98426
2316	4.98426	4.98426
2317	4.98426	4.98426
2318	4.98426	4.98426
2319	4.98426	4.98426
2320	4.98426	4.98426
2321	4.98426	4.98426
2322	4.98426	4.98426
2323	4.98426	4.9887
2324	4.98426	5.02484
2325	4.98426	5.03417
2326	4.98426	5.0096
2327	4.98426	4.9846
2328	4.98426	4.98503
2329	4.98426	4.98426
2330	4.98426	4.98426
2331	4.98426	4.98475
2332	4.98426	4.98426
2333	4.98426	4.98426
2334	4.98426	4.98475
2335	4.98426	5.00634
2336	4.98426	5.00382
2337	4.98426	4.98909
2338	4.98426	5.02324
2339	4.98426	5.06963
2340	4.98426	5.06009
2341	4.98426	5.02628
2342	4.98426	4.98426
2343	4.98426	4.98447
2344	4.98426	4.98692
2345	4.98426	4.98426
2346	4.98426	5.01472
2347	4.98426	5.02025
2348	4.98426	5.00265
2349	4.98426	5.07048
2350	4.98426	5.09262
2351	4.98426	5.0001
2352	4.98426	4.98512
2353	4.98426	4.98426
2354	4.98426	4.98426
2355	4.98426	5.00468
2356	4.98426	5.07762
2357	4.98426	5.11373
2358	4.98426	5.04721
2359	4.98426	5.03492
2360	4.98426	5.16655
2361	4.98426	5.1296
2362	4.98426	5.14311
2363	4.98426	5.13942
2364	4.98426	5.11235
2365	4.98426	5.12657
2366	4.98426	5.08849
2367	4.98426	5.03864
2368	4.98426	5.09089
2369	4.98426	5.05778
2370	4.98426	4.98426
2371	4.98426	4.98426
2372	4.98426	5.00416
2373	4.98426	4.98426
2374	4.98426	4.99123
2375	4.98426	4.98678
2376	4.98426	4.98759
2377	4.98426	5.00629
2378	4.98426	4.9996
2379	4.98426	4.99434
2380	4.98426	5.04784
2381	4.98426	4.99386
2382	4.98426	5.03858
2383	4.98426	4.9984
2384	4.98426	5.0443
2385	4.98426	5.04704
2386	4.98426	4.99408
2387	4.98426	5.04152
2388	4.98426	5.10901
2389	4.98426	5.20124
2390	4.98426	5.14031
2391	4.98426	5.176
2392	4.98426	5.0807
2393	4.98426	5.15212
2394	4.98426	5.08692
2395	4.98426	5.07392
2396	4.98426	5.11605
2397	4.98426	5.01931
2398	4.98426	5.09701
2399	4.98426	5.01544
2400	4.98426	4.98466
2401	4.98426	5.00288
2402	4.98426	4.98426
2403	4.98426	4.98654
2404	4.98426	5.00564
2405	4.98426	5.00566
2406	4.98426	5.01772
2407	4.98426	5.0071
2408	4.98426	4.98677
2409	4.98426	4.99743
2410	4.98426	5.06946
2411	4.98426	5.09794
2412	4.98426	5.06873
2413	4.98426	5.09132
2414	4.98426	4.98521
2415	4.98426	4.99501
2416	4.98426	5.03226
2417	4.98426	5.04987
2418	4.98426	5.00004
2419	4.98426	5.00074
2420	4.98426	4.98472
2421	4.98426	4.99907
2422	4.98426	4.99161
2423	4.98426	4.98453
2424	4.98426	4.99477
2425	4.98426	4.98921
2426	4.98426	5.00623
2427	4.98426	5.0127
2428	4.98426	5.0138
2429	4.98426	5.0498
2430	4.98426	5.02265
2431	4.98426	5.04062
2432	4.98426	5.03417
2433	4.98426	4.98426
2434	4.98426	4.98581
2435	4.98426	5.01151
2436	4.98426	5.01953
2437	4.98426	5.12626
2438	4.98426	5.10654
2439	4.98426	5.10424
2440	4.98426	5.00427
2441	4.98426	4.98578
2442	4.98426	5.06741
2443	4.98426	5.06804
2444	4.98426	5.02783
2445	4.98426	4.99573
2446	4.98426	5.0174
2447	4.98426	4.98426
2448	4.98426	4.9868
2449	4.98426	5.05966
2450	4.98426	5.09347
2451	4.98426	5.0438
2452	4.98426	5.05835
2453	4.98426	5.04871
2454	4.98426	5.03218
2455	4.98426	5.02131
2456	4.98426	5.02559
2457	4.98426	5.01642
2458	4.98426	5.0072
2459	4.98426	5.1131
2460	4.98426	5.05687
2461	4.98426	4.9864
2462	4.98426	5.01703
2463	4.98426	5.00506
2464	4.98426	4.98877
2465	4.98426	4.9857
2466	4.98426	4.98426
2467	4.98426	4.99929
2468	4.98426	5.02513
2469	4.98426	5.01197
2470	4.98426	4.98636
2471	4.98426	5.05918
2472	4.98426	4.98814
2473	4.98426	4.98426
2474	4.98426	4.98426
2475	4.98426	4.99224
2476	4.98426	5.00305
2477	4.98426	5.02999
2478	4.98426	5.07608
2479	4.98426	4.98426
2480	4.98426	4.98848
2481	4.98426	4.9925
2482	4.98426	5.06754
2483	4.98426	5.00558
2484	4.98426	5.02311
2485	4.98426	5.06982
2486	4.98426	5.05233
2487	4.98426	5.09144
2488	4.98426	5.00771
2489	4.98426	4.98426
2490	4.98426	4.98626
2491	4.98426	5.01833
2492	4.98426	4.98426
2493	4.98426	4.98622
2494	4.98426	4.98426
2495	4.98426	4.99706
2496	4.98426	5.08148
2497	4.98426	5.10553
2498	4.98426	5.0191
2499	4.98426	5.0115
2500	4.98426	4.98426
2501	4.98426	4.98514
2502	4.98426	4.98426
2503	4.98426	5.00193
2504	4.98426	5.01216
2505	4.98426	5.00502
2506	4.98426	4.98431
2507	4.98426	4.98426
2508	4.98426	4.98976
2509	4.98426	4.98426
2510	4.98426	4.98426
2511	4.98426	5.03371
2512	4.98426	5.03111
2513	4.98426	5.01697
2514	4.98426	5.01421
2515	4.98426	5.01398
2516	4.98426	5.03753
2517	4.98426	4.9944
2518	4.98426	5.02008
2519	4.98426	5.00368
2520	4.98426	5.01848
2521	4.98426	5.00408
2522	4.98426	4.99431
2523	4.98426	5.00439
2524	4.98426	4.98426
2525	4.98426	4.98426
2526	4.98426	4.98426
2527	4.98426	4.98717
2528	4.98426	4.98769
2529	4.98426	4.98466
2530	4.98426	5.01915
2531	4.98426	4.98905
2532	4.98426	4.99684
2533	4.98426	5.01159
2534	4.98426	4.98426
2535	4.98426	5.02753
2536	4.98426	4.98851
2537	4.98426	5.03367
2538	4.98426	4.98963
2539	4.98426	4.9924
2540	4.98426	4.99797
2541	4.98426	5.00455
2542	4.98426	4.98426
2543	4.98426	4.98426
2544	4.98426	4.98426
2545	4.98426	5.00528
2546	4.98426	5.0235
2547	4.98426	5.09297
2548	4.98426	5.04731
2549	4.98426	5.06002
2550	4.98426	5.03567
2551	4.98426	5.02762
2552	4.98426	5.06106
2553	4.98426	5.04191
2554	4.98426	4.99218
2555	4.98426	5.02756
2556	4.98426	4.98743
2557	4.98426	4.99225
2558	4.98426	5.04738
2559	4.98426	5.00685
2560	4.98426	4.98426
2561	4.98426	5.00229
2562	4.98426	5.0226
2563	4.98426	5.02268
2564	4.98426	5.09644
2565	4.98426	5.18548
2566	4.98426	5.14725
2567	4.98426	5.13536
2568	4.98426	5.00772
2569	4.98426	5.04993
2570	4.98426	5.02554
2571	4.98426	5.03903
2572	4.98426	5.09119
2573	4.98426	5.03905
2574	4.98426	4.99427
2575	4.98426	5.0772
2576	4.98426	4.99615
2577	4.98426	5.02872
2578	4.98426	4.99539
2579	4.98426	4.98426
2580	4.98426	4.98426
2581	4.98426	4.99192
2582	4.98426	5.01313
2583	4.98426	4.99807
2584	4.98426	4.98708
2585	4.98426	4.98489
2586	4.98426	4.99195
2587	4.98426	4.99324
2588	4.98426	4.98835
2589	4.98426	4.98426
2590	4.98426	5.00264
2591	4.98426	4.98426
2592	4.98426	5.01404
2593	4.98426	5.05816
2594	4.98426	5.05786
2595	4.98426	5.01695
2596	4.98426	5.04438
2597	4.98426	5.07114
2598	4.98426	4.99055
2599	4.98426	5.0181
2600	4.98426	4.99416
2601	4.98426	5.03451
2602	4.98426	4.98426
2603	4.98426	4.99129
2604	4.98426	4.98426
2605	4.98426	4.98426
2606	4.98426	4.98426
2607	4.98426	4.98426
2608	4.98426	5.00634
2609	4.98426	5.01916
2610	4.98426	5.04935
2611	4.98426	5.00544
2612	4.98426	4.98431
2613	4.98426	4.98765
2614	4.98426	5.04413
2615	4.98426	5.00094
2616	4.98426	5.08443
2617	4.98426	5.04312
2618	4.98426	5.01182
2619	4.98426	5.02292
2620	4.98426	4.99409
2621	4.98426	5.00945
2622	4.98426	5.05877
2623	4.98426	5.01781
2624	4.98426	5.00626
2625	4.98426	5.02043
2626	4.98426	5.03306
2627	4.98426	4.98426
2628	4.98426	5.00198
2629	4.98426	4.98426
2630	4.98426	4.99202
2631	4.98426	4.99039
2632	4.98426	4.9916
2633	4.98426	5.00203
2634	4.98426	5.01196
2635	4.98426	5.0129
2636	4.98426	5.00615
2637	4.98426	5.02551
2638	4.98426	5.06426
2639	4.98426	5.11849
2640	4.98426	5.13859
2641	4.98426	5.02688
2642	4.98426	5.06309
2643	4.98426	5.05336
2644	4.98426	4.99524
2645	4.98426	5.00467
2646	4.98426	4.99495
2647	4.98426	4.98468
2648	4.98426	5.02676
2649	4.98426	5.02389
2650	4.98426	5.04286
2651	4.98426	5.03021
2652	4.98426	4.99457
2653	4.98426	5.00347
2654	4.98426	5.01171
2655	4.98426	4.99964
2656	4.98426	5.033
2657	4.98426	5.07525
2658	4.98426	5.07219
2659	4.98426	5.08979
2660	4.98426	5.00412
2661	4.98426	5.03528
2662	4.98426	5.03674
2663	4.98426	5.03954
2664	4.98426	5.0827
2665	4.98426	5.04726
2666	4.98426	5.00418
2667	4.98426	5.01532
2668	4.98426	4.98426
2669	4.98426	4.98426
2670	4.98426	4.98426
2671	4.98426	4.98466
2672	4.98426	5.00154
2673	4.98426	5.00969
2674	4.98426	4.99034
2675	4.98426	5.00801
2676	4.98426	5.0051
2677	4.98426	4.98675
2678	4.98426	4.98955
2679	4.98426	4.99584
2680	4.98426	5.02516
2681	4.98426	5.00177
2682	4.98426	5.00943
2683	4.98426	5.01193
2684	4.98426	5.01464
2685	4.98426	4.98554
2686	4.98426	5.02103
2687	4.98426	5.03252
2688	4.98426	5.07108
2689	4.98426	5.11375
2690	4.98426	5.11239
2691	4.98426	5.09364
2692	4.98426	4.98426
2693	4.98426	4.98426
2694	4.98426	4.98426
2695	4.98426	4.99068
2696	4.98426	4.99488
2697	4.98426	5.03895
2698	4.98426	4.98426
2699	4.98426	4.98426
2700	4.98426	4.98426
2701	4.98426	4.98426
2702	4.98426	4.98434
2703	4.98426	5.01873
2704	4.98426	4.9894
2705	4.98426	5.06202
2706	4.98426	5.06473
2707	4.98426	5.0005
2708	4.98426	4.98426
2709	4.98426	5.00686
2710	4.98426	5.09859
2711	4.98426	5.06521
2712	4.98426	5.07958
2713	4.98426	5.02093
2714	4.98426	5.09636
2715	4.98426	5.02016
2716	4.98426	5.00611
2717	4.98426	5.0102
2718	4.98426	4.9878
2719	4.98426	4.99324
2720	4.98426	5.01136
2721	4.98426	5.02615
2722	4.98426	4.98552
2723	4.98426	4.98617
2724	4.98426	5.00505
2725	4.98426	5.08206
2726	4.98426	5.17506
2727	4.98426	5.04301
2728	4.98426	4.99414
2729	4.98426	4.99064
2730	4.98426	5.02766
2731	4.98426	5.03701
2732	4.98426	5.0344
2733	4.98426	5.0608
2734	4.98426	5.0601
2735	4.98426	5.0205
2736	4.98426	4.99963
2737	4.98426	5.00465
2738	4.98426	5.03063
2739	4.98426	4.98426
2740	4.98426	4.99609
2741	4.98426	5.04903
2742	4.98426	5.07562
2743	4.98426	5.04236
2744	4.98426	4.99051
2745	4.98426	5.0404
2746	4.98426	5.06645
2747	4.98426	5.14283
2748	4.98426	5.10524
2749	4.98426	5.00338
2750	4.98426	4.98426
2751	4.98426	4.98426
2752	4.98426	4.98434
2753	4.98426	4.98474
2754	4.98426	5.00787
2755	4.98426	5.08402
2756	4.98426	5.05757
2757	4.98426	4.99577
2758	4.98426	5.00752
2759	4.98426	5.00099
2760	4.98426	4.98806
2761	4.98426	5.00304
2762	4.98426	4.99312
2763	4.98426	4.98834
2764	4.98426	4.98426
2765	4.98426	4.99556
2766	4.98426	5.01914
2767	4.98426	4.98426
2768	4.98426	4.98558
2769	4.98426	5.03244
2770	4.98426	5.0199
2771	4.98426	4.98426
2772	4.98426	4.98985
2773	4.98426	4.98755
2774	4.98426	5.03908
2775	4.98426	5.08146
2776	4.98426	5.04754
2777	4.98426	5.03959
2778	4.98426	5.03298
2779	4.98426	4.98905
2780	4.98426	5.02086
2781	4.98426	5.00937
2782	4.98426	4.98668
2783	4.98426	5.02681
2784	4.98426	5.05038
2785	4.98426	5.00036
2786	4.98426	4.99117
2787	4.98426	4.98426
2788	4.98426	4.98426
2789	4.98426	5.01398
2790	4.98426	4.99748
2791	4.98426	5.01858
2792	4.98426	5.04525
2793	4.98426	5.01723
2794	4.98426	4.99697
2795	4.98426	4.98883
2796	4.98426	4.98933
2797	4.98426	4.99941
2798	4.98426	5.00172
2799	4.98426	5.02553
2800	4.98426	5.08089
2801	4.98426	5.03126
2802	4.98426	5.0005
2803	4.98426	5.05566
2804	4.98426	5.07363
2805	4.98426	5.03895
2806	4.98426	4.99971
2807	4.98426	4.99633
2808	4.98426	4.99111
2809	4.98426	5.01873
2810	4.98426	4.98973
2811	4.98426	4.99611
2812	4.98426	5.01024
2813	4.98426	5.04774
2814	4.98426	5.03012
2815	4.98426	5.1256
2816	4.98426	5.13691
2817	4.98426	5.01262
2818	4.98426	5.0018
2819	4.98426	4.98426
2820	4.98426	4.98506
2821	4.98426	5.00036
2822	4.98426	5.06204
2823	4.98426	5.18158
2824	4.98426	5.1514
2825	4.98426	5.13465
2826	4.98426	5.22205
2827	4.98426	5.11945
2828	4.98426	4.98924
2829	4.98426	4.98855
2830	4.98426	4.99331
2831	4.98426	5.0195
2832	4.98426	5.00117
2833	4.98426	4.99982
2834	4.98426	4.99379
2835	4.98426	5.04098
2836	4.98426	5.09372
2837	4.98426	5.06145
2838	4.98426	5.02354
2839	4.98426	4.98426
2840	4.98426	4.98426
2841	4.98426	5.03674
2842	4.98426	5.08166
2843	4.98426	5.20952
2844	4.98426	5.14977
2845	4.98426	5.13223
2846	4.98426	5.02533
2847	4.98426	5.0215
2848	4.98426	5.04365
2849	4.98426	5.01042
2850	4.98426	5.03539
2851	4.98426	5.00746
2852	4.98426	4.99144
2853	4.98426	4.9931
2854	4.98426	5.0321
2855	4.98426	5.21383
2856	4.98426	5.17933
2857	4.98426	5.06152
2858	4.98426	4.99644
2859	4.98426	5.02075
2860	4.98426	4.98458
2861	4.98426	4.98458
2862	4.98426	5.01775
2863	4.98426	4.98471
2864	4.98426	5.03333
2865	4.98426	5.00483
2866	4.98426	5.06419
2867	4.98426	5.0621
2868	4.98426	5.00855
2869	4.98426	5.06097
2870	4.98426	4.99696
2871	4.98426	5.04137
2872	4.98426	5.01486
2873	4.98426	4.98807
2874	4.98426	4.99288
2875	4.98426	4.98426
2876	4.98426	4.99114
2877	4.98426	4.98849
2878	4.98426	4.98426
2879	4.98426	4.98426
2880	4.98426	4.98618
2881	4.98426	4.98426
2882	4.98426	4.98426
2883	4.98426	4.98426
2884	4.98426	4.98426
2885	4.98426	4.98426
2886	4.98426	5.01276
2887	4.98426	5.03618
2888	4.98426	5.05222
2889	4.98426	5.04595
2890	4.98426	4.99098
2891	4.98426	5.03334
2892	4.98426	5.04792
2893	4.98426	5.14579
2894	4.98426	5.01406
2895	4.98426	5.08621
2896	4.98426	5.05669
2897	4.98426	5.10646
2898	4.98426	5.06212
2899	4.98426	4.98553
2900	4.98426	4.99419
2901	4.98426	4.99033
2902	4.98426	4.98504
2903	4.98426	5.09454
2904	4.98426	5.05639
2905	4.98426	5.01848
2906	4.98426	5.03806
2907	4.98426	5.02108
2908	4.98426	4.98463
2909	4.98426	5.00932
2910	4.98426	5.00684
2911	4.98426	4.993
2912	4.98426	5.00553
2913	4.98426	4.98426
2914	4.98426	4.98426
2915	4.98426	4.99455
2916	4.98426	5.03213
2917	4.98426	5.11445
2918	4.98426	5.23146
2919	4.98426	5.09897
2920	4.98426	5.22498
2921	4.98426	5.31039
2922	4.98426	5.12801
2923	4.98426	5.06406
2924	4.98426	5.04639
2925	4.98426	5.0718
2926	4.98426	5.02864
2927	4.98426	5.08994
2928	4.98426	5.06967
2929	4.98426	5.1716
2930	4.98426	5.0607
2931	4.98426	5.00835
2932	4.98426	5.00555
2933	4.98426	4.98491
2934	4.98426	5.01646
2935	4.98426	4.98554
2936	4.98426	4.99895
2937	4.98426	4.98444
2938	4.98426	5.02148
2939	4.98426	4.99285
2940	4.98426	4.98426
2941	4.98426	4.98426
2942	4.98426	4.98463
2943	4.98426	5.14899
2944	4.98426	5.14292
2945	4.98426	5.02267
2946	4.98426	5.02383
2947	4.98426	4.98783
2948	4.98426	5.00616
2949	4.98426	5.10546
2950	4.98426	5.1004
2951	4.98426	5.05595
2952	4.98426	5.02368
2953	4.98426	5.05887
2954	4.98426	5.12318
2955	4.98426	5.16076
2956	4.98426	5.08717
2957	4.98426	5.12087
2958	4.98426	5.16397
2959	4.98426	5.07461
2960	4.98426	5.10616
2961	4.98426	5.15522
2962	4.98426	5.09589
2963	4.98426	5.0389
2964	4.98426	5.02894
2965	4.98426	5.03351
2966	4.98426	5.09825
2967	4.98426	5.10449
2968	4.98426	5.10446
2969	4.98426	5.11101
2970	4.98426	5.12821
2971	4.98426	5.06648
2972	4.98426	5.05728
2973	4.98426	5.05139
2974	4.98426	5.01718
2975	4.98426	5.00421
2976	4.98426	5.00621
2977	4.98426	5.04088
2978	4.98426	5.02168
2979	4.98426	4.98548
2980	4.98426	4.98533
2981	4.98426	5.09588
2982	4.98426	5.13115
2983	4.98426	5.06073
2984	4.98426	5.03501
2985	4.98426	5.01099
2986	4.98426	5.12662
2987	4.98426	5.00651
2988	4.98426	5.01066
2989	4.98426	4.98646
2990	4.98426	5.03975
2991	4.98426	4.98426
2992	4.98426	5.09333
2993	4.98426	5.03837
2994	4.98426	4.99046
2995	4.98426	5.01949
2996	4.98426	4.98812
2997	4.98426	5.01875
2998	4.98426	5.03313
2999	4.98426	4.99816
3000	4.98426	5.07973
3001	4.98426	5.16826
3002	4.98426	5.1309
3003	4.98426	5.06021
3004	4.98426	5.05547
3005	4.98426	4.99905
3006	4.98426	5.01376
3007	4.98426	5.06315
3008	4.98426	5.03705
3009	4.98426	4.99798
3010	4.98426	5.02247
3011	4.98426	5.0247
3012	4.98426	5.09365
3013	4.98426	5.06282
3014	4.98426	5.06674
3015	4.98426	5.0295
3016	4.98426	5.00167
3017	4.98426	5.00746
3018	4.98426	4.98426
3019	4.98426	4.98426
3020	4.98426	4.98426
3021	4.98426	4.98504
3022	4.98426	5.00756
3023	4.98426	5.0637
3024	4.98426	4.98731
3025	4.98426	5.00453
3026	4.98426	5.00944
3027	4.98426	5.00936
3028	4.98426	5.06508
3029	4.98426	5.08275
3030	4.98426	5.05085
3031	4.98426	4.98426
3032	4.98426	4.98426
3033	4.98426	5.01881
3034	4.98426	4.99044
3035	4.98426	4.98426
3036	4.98426	5.01777
3037	4.98426	4.98426
3038	4.98426	5.06546
3039	4.98426	5.12519
3040	4.98426	5.13055
3041	4.98426	5.00322
3042	4.98426	4.99042
3043	4.98426	4.98859
3044	4.98426	4.9897
3045	4.98426	4.99518
3046	4.98426	5.06058
3047	4.98426	5.03342
3048	4.98426	5.02209
3049	4.98426	4.99537
3050	4.98426	5.00344
3051	4.98426	4.99836
3052	4.98426	4.98586
3053	4.98426	4.98463
3054	4.98426	5.04933
3055	4.98426	5.06266
3056	4.98426	5.03294
3057	4.98426	4.99721
3058	4.98426	5.05665
3059	4.98426	5.02587
3060	4.98426	4.99557
3061	4.98426	4.99428
3062	4.98426	5.00666
3063	4.98426	5.05106
3064	4.98426	5.03825
3065	4.98426	5.02883
3066	4.98426	5.00074
3067	4.98426	5.02215
3068	4.98426	5.02212
3069	4.98426	5.0287
3070	4.98426	4.99917
3071	4.98426	5.00047
3072	4.98426	4.9959
3073	4.98426	4.98644
3074	4.98426	5.06755
3075	4.98426	5.14578
3076	4.98426	5.06721
3077	4.98426	5.02764
3078	4.98426	5.0236
3079	4.98426	5.07144
3080	4.98426	5.15987
3081	4.98426	5.06785
3082	4.98426	4.9995
3083	4.98426	5.00927
3084	4.98426	5.00183
3085	4.98426	4.98426
3086	4.98426	4.98426
3087	4.98426	4.98426
3088	4.98426	5.03095
3089	4.98426	4.98944
3090	4.98426	4.98426
3091	4.98426	4.98426
3092	4.98426	4.98426
3093	4.98426	4.98426
3094	4.98426	4.98426
3095	4.98426	4.98495
3096	4.98426	4.98773
3097	4.98426	5.01559
3098	4.98426	5.0484
3099	4.98426	5.06309
3100	4.98426	5.01527
3101	4.98426	5.07977
3102	4.98426	5.00606
3103	4.98426	5.00899
3104	4.98426	5.02703
3105	4.98426	4.99507
3106	4.98426	5.00137
3107	4.98426	5.06535
3108	4.98426	5.01408
3109	4.98426	4.98472
3110	4.98426	4.99268
3111	4.98426	5.03678
3112	4.98426	4.98761
3113	4.98426	5.05074
3114	4.98426	4.98984
3115	4.98426	5.00874
3116	4.98426	5.00788
3117	4.98426	5.02019
3118	4.98426	5.04053
3119	4.98426	5.00974
3120	4.98426	5.01491
3121	4.98426	5.02513
3122	4.98426	4.98812
3123	4.98426	5.1047
3124	4.98426	5.15488
3125	4.98426	5.09798
3126	4.98426	5.20377
3127	4.98426	5.13996
3128	4.98426	5.04836
3129	4.98426	5.0297
3130	4.98426	5.02425
3131	4.98426	5.1562
3132	4.98426	5.15625
3133	4.98426	5.11478
3134	4.98426	5.11584
3135	4.98426	5.05853
3136	4.98426	5.04283
3137	4.98426	5.04779
3138	4.98426	5.00535
3139	4.98426	4.98546
3140	4.98426	5.02697
3141	4.98426	4.9921
3142	4.98426	4.98925
3143	4.98426	5.01019
3144	4.98426	5.07181
3145	4.98426	4.98826
3146	4.98426	5.03308
3147	4.98426	5.00783
3148	4.98426	4.99762
3149	4.98426	4.99838
3150	4.98426	4.98853
3151	4.98426	4.98426
3152	4.98426	5.00914
3153	4.98426	4.99219
3154	4.98426	4.98426
3155	4.98426	5.03209
3156	4.98426	5.02112
3157	4.98426	5.05035
3158	4.98426	5.04897
3159	4.98426	5.15621
3160	4.98426	5.05954
3161	4.98426	5.10643
3162	4.98426	5.13336
3163	4.98426	5.04096
3164	4.98426	5.00868
3165	4.98426	5.05018
3166	4.98426	4.98712
3167	4.98426	4.98942
3168	4.98426	4.99306
3169	4.98426	4.99204
3170	4.98426	5.08748
3171	4.98426	5.14584
3172	4.98426	5.0283
3173	4.98426	4.98426
3174	4.98426	5.08079
3175	4.98426	5.11674
3176	4.98426	5.09453
3177	4.98426	5.18153
3178	4.98426	5.09254
3179	4.98426	5.1324
3180	4.98426	5.11144
3181	4.98426	5.01919
3182	4.98426	4.98504
3183	4.98426	5.1213
3184	4.98426	5.20238
3185	4.98426	5.11413
3186	4.98426	5.19655
3187	4.98426	5.13557
3188	4.98426	5.14517
3189	4.98426	5.16573
3190	4.98426	5.12957
3191	4.98426	5.15065
3192	4.98426	5.00286
3193	4.98426	5.0024
3194	4.98426	5.07013
3195	4.98426	5.04783
3196	4.98426	5.05388
3197	4.98426	5.15264
3198	4.98426	5.05907
3199	4.98426	5.0274
3200	4.98426	5.00012
3201	4.98426	4.98426
3202	4.98426	4.98426
3203	4.98426	4.98426
3204	4.98426	4.99239
3205	4.98426	5.05516
3206	4.98426	5.08126
3207	4.98426	5.00783
3208	4.98426	5.0157
3209	4.98426	4.98668
3210	4.98426	5.0061
3211	4.98426	4.98689
3212	4.98426	5.0271
3213	4.98426	4.99157
3214	4.98426	4.98426
3215	4.98426	4.98426
3216	4.98426	4.98426
3217	4.98426	4.99837
3218	4.98426	4.99406
3219	4.98426	5.00065
3220	4.98426	5.12615
3221	4.98426	5.08668
3222	4.98426	5.05703
3223	4.98426	5.16808
3224	4.98426	5.06093
3225	4.98426	5.00673
3226	4.98426	5.00198
3227	4.98426	5.11527
3228	4.98426	4.98778
3229	4.98426	4.99602
3230	4.98426	5.10216
3231	4.98426	4.98474
3232	4.98426	4.99313
3233	4.98426	4.9967
3234	4.98426	5.00246
3235	4.98426	5.00766
3236	4.98426	5.02473
3237	4.98426	5.12523
3238	4.98426	5.09962
3239	4.98426	5.0747
3240	4.98426	5.09492
3241	4.98426	5.03441
3242	4.98426	5.0873
3243	4.98426	5.07916
3244	4.98426	5.10605
3245	4.98426	5.05473
3246	4.98426	5.08662
3247	4.98426	5.07084
3248	4.98426	5.02523
3249	4.98426	5.10777
3250	4.98426	5.09874
3251	4.98426	5.08238
3252	4.98426	5.04068
3253	4.98426	5.03675
3254	4.98426	5.0273
3255	4.98426	4.99035
3256	4.98426	5.01353
3257	4.98426	5.05715
3258	4.98426	5.02187
3259	4.98426	5.02133
3260	4.98426	5.00287
3261	4.98426	5.0777
3262	4.98426	4.98466
3263	4.98426	4.98426
3264	4.98426	5.00328
3265	4.98426	5.02031
3266	4.98426	5.01062
3267	4.98426	5.13146
3268	4.98426	5.19713
3269	4.98426	5.10742
3270	4.98426	5.18316
3271	4.98426	5.0412
3272	4.98426	5.04508
3273	4.98426	5.00291
3274	4.98426	5.01888
3275	4.98426	5.01047
3276	4.98426	5.00163
3277	4.98426	5.09102
3278	4.98426	5.11464
3279	4.98426	5.16724
3280	4.98426	5.00611
3281	4.98426	5.02123
3282	4.98426	5.11392
3283	4.98426	5.10816
3284	4.98426	5.07145
3285	4.98426	5.00867
3286	4.98426	5.04827
3287	4.98426	5.10872
3288	4.98426	5.13565
3289	4.98426	5.00585
3290	4.98426	4.99319
3291	4.98426	4.98642
3292	4.98426	4.98735
3293	4.98426	4.98426
3294	4.98426	4.99478
3295	4.98426	4.99644
3296	4.98426	5.00888
3297	4.98426	4.98426
3298	4.98426	4.98426
3299	4.98426	4.98426
3300	4.98426	4.98426
3301	4.98426	4.98426
3302	4.98426	4.98758
3303	4.98426	5.00595
3304	4.98426	4.98426
3305	4.98426	5.02451
3306	4.98426	5.03007
3307	4.98426	5.0311
3308	4.98426	5.07026
3309	4.98426	5.04265
3310	4.98426	5.09992
3311	4.98426	5.10196
3312	4.98426	5.04429
3313	4.98426	5.04078
3314	4.98426	5.03662
3315	4.98426	5.00842
3316	4.98426	4.9877
3317	4.98426	5.00492
3318	4.98426	5.0264
3319	4.98426	5.0578
3320	4.98426	5.146
3321	4.98426	4.9978
3322	4.98426	4.988
3323	4.98426	4.99012
3324	4.98426	4.98628
3325	4.98426	5.00421
3326	4.98426	4.99005
3327	4.98426	4.98466
3328	4.98426	4.98636
3329	4.98426	5.00903
3330	4.98426	5.07569
3331	4.98426	5.05664
3332	4.98426	5.05346
3333	4.98426	5.07442
3334	4.98426	5.02888
3335	4.98426	5.004
3336	4.98426	4.98967
3337	4.98426	4.98426
3338	4.98426	4.98426
3339	4.98426	5.00294
3340	4.98426	4.98426
3341	4.98426	4.99098
3342	4.98426	4.98748
3343	4.98426	5.00177
3344	4.98426	5.01161
3345	4.98426	4.99995
3346	4.98426	4.98426
3347	4.98426	5.01759
3348	4.98426	4.9968
3349	4.98426	5.04004
3350	4.98426	4.98426
3351	4.98426	4.99921
3352	4.98426	5.02952
3353	4.98426	5.0766
3354	4.98426	4.99914
3355	4.98426	4.98466
3356	4.98426	4.98426
3357	4.98426	4.98426
3358	4.98426	4.98426
3359	4.98426	5.01395
3360	4.98426	5.01621
3361	4.98426	5.03563
3362	4.98426	5.13054
3363	4.98426	5.14752
3364	4.98426	5.09763
3365	4.98426	5.07104
3366	4.98426	5.05732
3367	4.98426	5.01208
3368	4.98426	4.99164
3369	4.98426	4.98516
3370	4.98426	4.9912
3371	4.98426	5.00204
3372	4.98426	4.98426
3373	4.98426	4.98426
3374	4.98426	4.98426
3375	4.98426	4.99417
3376	4.98426	4.99716
3377	4.98426	5.00159
3378	4.98426	5.03463
3379	4.98426	5.00809
3380	4.98426	5.08157
3381	4.98426	5.06408
3382	4.98426	5.04085
3383	4.98426	4.9858
3384	4.98426	4.98426
3385	4.98426	4.98503
3386	4.98426	5.01025
3387	4.98426	5.04156
3388	4.98426	4.98585
3389	4.98426	4.99313
3390	4.98426	4.99185
3391	4.98426	5.01274
3392	4.98426	4.98935
3393	4.98426	4.98426
3394	4.98426	5.00049
3395	4.98426	5.07153
3396	4.98426	5.04136
3397	4.98426	5.0328
3398	4.98426	5.05784
3399	4.98426	5.0794
3400	4.98426	5.0844
3401	4.98426	5.00662
3402	4.98426	4.98426
3403	4.98426	4.98426
3404	4.98426	4.98426
3405	4.98426	4.99223
3406	4.98426	4.98426
3407	4.98426	4.9989
3408	4.98426	5.02645
3409	4.98426	5.06321
3410	4.98426	5.0582
3411	4.98426	5.06339
3412	4.98426	4.99946
3413	4.98426	4.99949
3414	4.98426	5.13931
3415	4.98426	5.04266
3416	4.98426	4.98546
3417	4.98426	5.06944
3418	4.98426	5.10814
3419	4.98426	5.09503
3420	4.98426	5.12044
3421	4.98426	5.14274
3422	4.98426	5.03949
3423	4.98426	5.09123
3424	4.98426	5.06884
3425	4.98426	5.00239
3426	4.98426	5.02486
3427	4.98426	5.07927
3428	4.98426	5.02692
3429	4.98426	4.98426
3430	4.98426	5.06908
3431	4.98426	5.03289
3432	4.98426	4.99324
3433	4.98426	4.99307
3434	4.98426	4.99087
3435	4.98426	5.01477
3436	4.98426	5.0038
3437	4.98426	4.99179
3438	4.98426	5.00899
3439	4.98426	5.01907
3440	4.98426	5.0226
3441	4.98426	5.0033
3442	4.98426	4.99193
3443	4.98426	4.98426
3444	4.98426	4.99955
3445	4.98426	5.0073
3446	4.98426	5.07741
3447	4.98426	5.07369
3448	4.98426	5.05449
3449	4.98426	5.0428
3450	4.98426	5.11184
3451	4.98426	5.09619
3452	4.98426	5.01716
3453	4.98426	5.02568
3454	4.98426	4.9976
3455	4.98426	4.99473
3456	4.98426	5.06303
3457	4.98426	4.99347
3458	4.98426	4.99871
3459	4.98426	5.00363
3460	4.98426	5.05763
3461	4.98426	5.00061
3462	4.98426	5.04979
3463	4.98426	5.01159
3464	4.98426	5.04854
3465	4.98426	5.12545
3466	4.98426	5.11476
3467	4.98426	5.11642
3468	4.98426	5.02189
3469	4.98426	5.10408
3470	4.98426	5.04743
3471	4.98426	5.12252
3472	4.98426	5.11356
3473	4.98426	5.07284
3474	4.98426	5.05031
3475	4.98426	5.0492
3476	4.98426	5.02142
3477	4.98426	5.01641
3478	4.98426	5.03211
3479	4.98426	5.03258
3480	4.98426	4.98598
3481	4.98426	4.98716
3482	4.98426	5.01088
3483	4.98426	5.00064
3484	4.98426	5.0239
3485	4.98426	5.08675
3486	4.98426	4.99353
3487	4.98426	5.06355
3488	4.98426	5.01781
3489	4.98426	5.08454
3490	4.98426	5.02352
3491	4.98426	4.99918
3492	4.98426	4.98426
3493	4.98426	4.98521
3494	4.98426	4.99767
3495	4.98426	5.014
3496	4.98426	5.02683
3497	4.98426	5.00298
3498	4.98426	4.98426
3499	4.98426	4.98426
3500	4.98426	4.98426
3501	4.98426	5.07656
3502	4.98426	5.14721
3503	4.98426	5.22779
3504	4.98426	5.27121
3505	4.98426	5.41018
3506	4.98426	5.39189
3507	4.98426	5.5135
3508	4.98426	5.27864
3509	4.98426	5.107
3510	4.98426	5.02784
3511	4.98426	5.02738
3512	4.98426	4.98524
3513	4.98426	4.98662
3514	4.98426	4.99771
3515	4.98426	4.99873
3516	4.98426	5.02965
3517	4.98426	4.98936
3518	4.98426	4.99567
3519	4.98426	4.98741
3520	4.98426	5.00712
3521	4.98426	5.07176
3522	4.98426	5.11
3523	4.98426	5.11837
3524	4.98426	5.047
3525	4.98426	5.04137
3526	4.98426	5.10509
3527	4.98426	5.10789
3528	4.98426	5.04662
3529	4.98426	5.04561
3530	4.98426	5.18415
3531	4.98426	5.2187
3532	4.98426	5.09497
3533	4.98426	5.0398
3534	4.98426	4.9922
3535	4.98426	5.0416
3536	4.98426	5.13704
3537	4.98426	5.1033
3538	4.98426	5.07135
3539	4.98426	5.08654
3540	4.98426	5.07574
3541	4.98426	5.01196
3542	4.98426	4.9867
3543	4.98426	4.99128
3544	4.98426	5.05781
3545	4.98426	5.00015
3546	4.98426	5.01478
3547	4.98426	4.98466
3548	4.98426	5.00576
3549	4.98426	4.98426
3550	4.98426	5.00479
3551	4.98426	4.98426
3552	4.98426	4.98905
3553	4.98426	4.98458
3554	4.98426	5.02616
3555	4.98426	5.02487
3556	4.98426	4.99086
3557	4.98426	5.00339
3558	4.98426	5.00439
3559	4.98426	5.06475
3560	4.98426	5.13825
3561	4.98426	5.16317
3562	4.98426	5.11831
3563	4.98426	5.2138
3564	4.98426	5.18362
3565	4.98426	5.06564
3566	4.98426	5.12762
3567	4.98426	5.10733
3568	4.98426	5.1758
3569	4.98426	5.17992
3570	4.98426	5.06261
3571	4.98426	5.02401
3572	4.98426	5.02407
3573	4.98426	5.12471
3574	4.98426	5.08027
3575	4.98426	5.14257
3576	4.98426	5.0271
3577	4.98426	5.00297
3578	4.98426	4.98565
3579	4.98426	5.05594
3580	4.98426	5.11627
3581	4.98426	5.09396
3582	4.98426	5.06589
3583	4.98426	5.03933
3584	4.98426	5.02515
3585	4.98426	4.98984
3586	4.98426	5.02267
3587	4.98426	4.99749
3588	4.98426	4.99983
3589	4.98426	4.98426
3590	4.98426	5.02661
3591	4.98426	5.04679
3592	4.98426	5.09206
3593	4.98426	5.05087
3594	4.98426	5.05804
3595	4.98426	5.04078
3596	4.98426	4.98426
3597	4.98426	5.03622
3598	4.98426	5.03067
3599	4.98426	4.98426
3600	4.98426	4.98426
3601	4.98426	4.98426
3602	4.98426	4.98426
3603	4.98426	4.98426
3604	4.98426	4.98426
3605	4.98426	4.98471
3606	4.98426	5.02343
3607	4.98426	4.98426
3608	4.98426	4.98574
3609	4.98426	4.98461
3610	4.98426	4.99097
3611	4.98426	5.00772
3612	4.98426	5.10571
3613	4.98426	5.05692
3614	4.98426	5.09694
3615	4.98426	5.04667
3616	4.98426	5.1059
3617	4.98426	5.13392
3618	4.98426	5.12288
3619	4.98426	5.09436
3620	4.98426	5.07812
3621	4.98426	5.16788
3622	4.98426	5.16057
3623	4.98426	5.1697
3624	4.98426	5.22531
3625	4.98426	5.14412
3626	4.98426	5.12303
3627	4.98426	4.99748
3628	4.98426	4.98426
3629	4.98426	4.98426
3630	4.98426	5.01739
3631	4.98426	5.15211
3632	4.98426	5.1683
3633	4.98426	5.1761
3634	4.98426	5.15121
3635	4.98426	5.10459
3636	4.98426	5.20049
3637	4.98426	5.06555
3638	4.98426	5.07618
3639	4.98426	5.07303
3640	4.98426	5.0645
3641	4.98426	4.98426
3642	4.98426	4.98426
3643	4.98426	4.98607
3644	4.98426	4.98426
3645	4.98426	4.99036
3646	4.98426	5.08123
3647	4.98426	5.11402
3648	4.98426	5.12785
3649	4.98426	5.04131
3650	4.98426	5.02387
3651	4.98426	5.02744
3652	4.98426	4.98442
3653	4.98426	5.08806
3654	4.98426	4.98631
3655	4.98426	4.98426
3656	4.98426	4.98426
3657	4.98426	5.04365
3658	4.98426	5.0898
3659	4.98426	5.11795
3660	4.98426	5.27432
3661	4.98426	5.31815
3662	4.98426	5.20256
3663	4.98426	5.04839
3664	4.98426	5.02551
3665	4.98426	5.03246
3666	4.98426	4.98426
3667	4.98426	4.98933
3668	4.98426	5.04596
3669	4.98426	5.00385
3670	4.98426	5.05075
3671	4.98426	5.01196
3672	4.98426	5.06271
3673	4.98426	4.98426
3674	4.98426	5.01381
3675	4.98426	5.11623
3676	4.98426	5.1334
3677	4.98426	5.0756
3678	4.98426	5.04279
3679	4.98426	4.99808
3680	4.98426	5.02639
3681	4.98426	4.98426
3682	4.98426	4.99188
3683	4.98426	5.00636
3684	4.98426	4.98707
3685	4.98426	4.98632
3686	4.98426	4.98426
3687	4.98426	4.98426
3688	4.98426	5.04758
3689	4.98426	5.02132
3690	4.98426	5.0064
3691	4.98426	5.00004
3692	4.98426	5.0028
3693	4.98426	5.03837
3694	4.98426	4.98434
3695	4.98426	4.99822
3696	4.98426	5.01134
3697	4.98426	5.04119
3698	4.98426	5.05116
3699	4.98426	4.99243
3700	4.98426	5.034
3701	4.98426	5.11942
3702	4.98426	5.05784
3703	4.98426	5.00211
3704	4.98426	5.00358
3705	4.98426	5.02502
3706	4.98426	5.03329
3707	4.98426	5.04925
3708	4.98426	5.01037
3709	4.98426	4.98774
3710	4.98426	4.98426
3711	4.98426	4.98426
3712	4.98426	5.01801
3713	4.98426	5.08918
3714	4.98426	5.07179
3715	4.98426	5.06069
3716	4.98426	5.02336
3717	4.98426	5.08379
3718	4.98426	4.98708
3719	4.98426	4.98444
3720	4.98426	4.98826
3721	4.98426	4.98444
3722	4.98426	5.00108
3723	4.98426	5.02584
3724	4.98426	5.03964
3725	4.98426	5.00121
3726	4.98426	5.0042
3727	4.98426	5.07508
3728	4.98426	5.0854
3729	4.98426	5.08129
3730	4.98426	5.12979
3731	4.98426	5.11396
3732	4.98426	5.07834
3733	4.98426	5.04148
3734	4.98426	5.0846
3735	4.98426	5.11879
3736	4.98426	5.09132
3737	4.98426	5.05091
3738	4.98426	5.10316
3739	4.98426	5.0644
3740	4.98426	5.01146
3741	4.98426	5.09718
3742	4.98426	4.98426
3743	4.98426	4.98426
3744	4.98426	5.01428
3745	4.98426	5.0063
3746	4.98426	5.09363
3747	4.98426	5.10206
3748	4.98426	5.39898
3749	4.98426	5.19156
3750	4.98426	5.06578
3751	4.98426	5.10291
3752	4.98426	5.04966
3753	4.98426	5.10832
3754	4.98426	5.18465
3755	4.98426	5.17382
3756	4.98426	5.03882
3757	4.98426	5.03353
3758	4.98426	4.9973
3759	4.98426	5.07184
3760	4.98426	5.03431
3761	4.98426	5.00969
3762	4.98426	4.99422
3763	4.98426	4.99629
3764	4.98426	4.9956
3765	4.98426	4.99662
3766	4.98426	5.03473
3767	4.98426	5.02038
3768	4.98426	5.02726
3769	4.98426	5.10328
3770	4.98426	5.11168
3771	4.98426	5.03516
3772	4.98426	5.04216
3773	4.98426	5.00595
3774	4.98426	5.09249
3775	4.98426	5.13504
3776	4.98426	5.08949
3777	4.98426	5.06954
3778	4.98426	5.09819
3779	4.98426	5.13143
3780	4.98426	5.04662
3781	4.98426	5.0395
3782	4.98426	5.02414
3783	4.98426	5.0966
3784	4.98426	5.01329
3785	4.98426	5.02262
3786	4.98426	5.04703
3787	4.98426	5.148
3788	4.98426	5.08651
3789	4.98426	5.01195
3790	4.98426	4.99877
3791	4.98426	4.98519
3792	4.98426	5.00241
3793	4.98426	4.99687
3794	4.98426	5.00866
3795	4.98426	4.98426
3796	4.98426	4.98426
3797	4.98426	4.98426
3798	4.98426	4.98426
3799	4.98426	4.98426
3800	4.98426	4.98426
3801	4.98426	4.99377
3802	4.98426	4.98913
3803	4.98426	4.98637
3804	4.98426	5.06907
3805	4.98426	5.00416
3806	4.98426	4.99556
3807	4.98426	5.01942
3808	4.98426	4.99335
3809	4.98426	5.03236
3810	4.98426	4.98879
3811	4.98426	5.06058
3812	4.98426	5.14625
3813	4.98426	5.14225
3814	4.98426	5.16844
3815	4.98426	5.02624
3816	4.98426	5.01698
3817	4.98426	5.02015
3818	4.98426	5.04079
3819	4.98426	4.98426
3820	4.98426	4.98841
3821	4.98426	4.98426
3822	4.98426	4.98426
3823	4.98426	4.98492
3824	4.98426	5.01883
3825	4.98426	4.98475
3826	4.98426	5.01304
3827	4.98426	5.14879
3828	4.98426	5.02191
3829	4.98426	5.04041
3830	4.98426	5.03174
3831	4.98426	5.07876
3832	4.98426	5.0214
3833	4.98426	5.01114
3834	4.98426	4.9883
3835	4.98426	5.15867
3836	4.98426	5.15871
3837	4.98426	5.07109
3838	4.98426	5.00489
3839	4.98426	4.99187
3840	4.98426	4.99811
3841	4.98426	4.98466
3842	4.98426	4.98431
3843	4.98426	4.98426
3844	4.98426	4.98426
3845	4.98426	4.98426
3846	4.98426	4.98426
3847	4.98426	5.00493
3848	4.98426	5.06481
3849	4.98426	5.11272
3850	4.98426	5.07682
3851	4.98426	5.05997
3852	4.98426	5.04138
3853	4.98426	4.99257
3854	4.98426	4.99256
3855	4.98426	4.98481
3856	4.98426	4.9853
3857	4.98426	4.98426
3858	4.98426	4.98426
3859	4.98426	4.98466
3860	4.98426	5.02923
3861	4.98426	4.99704
3862	4.98426	5.019
3863	4.98426	5.00634
3864	4.98426	5.1673
3865	4.98426	5.17518
3866	4.98426	5.14795
3867	4.98426	5.06962
3868	4.98426	5.03931
3869	4.98426	4.99125
3870	4.98426	4.98709
3871	4.98426	4.98426
3872	4.98426	4.98426
3873	4.98426	4.98426
3874	4.98426	4.98476
3875	4.98426	5.00341
3876	4.98426	4.98426
3877	4.98426	4.98426
3878	4.98426	4.98426
3879	4.98426	4.98426
3880	4.98426	5.0165
3881	4.98426	5.013
3882	4.98426	4.99978
3883	4.98426	5.01297
3884	4.98426	4.98426
3885	4.98426	5.00246
3886	4.98426	5.03655
3887	4.98426	5.02837
3888	4.98426	4.99078
3889	4.98426	5.01842
3890	4.98426	5.0024
3891	4.98426	4.99581
3892	4.98426	5.04291
3893	4.98426	5.06074
3894	4.98426	5.03468
3895	4.98426	5.05774
3896	4.98426	4.991
3897	4.98426	5.03219
3898	4.98426	4.98426
3899	4.98426	4.99386
3900	4.98426	5.03051
3901	4.98426	5.00255
3902	4.98426	4.98426
3903	4.98426	4.99436
3904	4.98426	4.99637
3905	4.98426	5.00585
3906	4.98426	4.998
3907	4.98426	5.0149
3908	4.98426	4.98426
3909	4.98426	4.98594
3910	4.98426	4.98747
3911	4.98426	5.03207
3912	4.98426	5.11989
3913	4.98426	5.07564
3914	4.98426	5.06799
3915	4.98426	5.03846
3916	4.98426	5.07493
3917	4.98426	5.0695
3918	4.98426	5.01738
3919	4.98426	4.99954
3920	4.98426	4.99963
3921	4.98426	4.9973
3922	4.98426	4.98867
3923	4.98426	5.0237
3924	4.98426	5.08316
3925	4.98426	5.00338
3926	4.98426	5.01319
3927	4.98426	5.03379
3928	4.98426	5.06296
3929	4.98426	5.07049
3930	4.98426	5.01787
3931	4.98426	5.01949
3932	4.98426	4.98652
3933	4.98426	4.98431
3934	4.98426	4.99199
3935	4.98426	5.01156
3936	4.98426	4.99075
3937	4.98426	4.98893
3938	4.98426	5.01296
3939	4.98426	5.01752
3940	4.98426	5.01959
3941	4.98426	5.01259
3942	4.98426	5.00911
3943	4.98426	5.0352
3944	4.98426	5.05893
3945	4.98426	5.1188
3946	4.98426	5.02764
3947	4.98426	5.08228
3948	4.98426	5.09117
3949	4.98426	5.06293
3950	4.98426	5.06494
3951	4.98426	5.06705
3952	4.98426	5.03032
3953	4.98426	5.03201
3954	4.98426	4.99991
3955	4.98426	5.0126
3956	4.98426	4.99221
3957	4.98426	5.00605
3958	4.98426	4.99324
3959	4.98426	5.0183
3960	4.98426	5.01285
3961	4.98426	5.08717
3962	4.98426	5.05344
3963	4.98426	5.03536
3964	4.98426	5.1171
3965	4.98426	5.07011
3966	4.98426	5.06554
3967	4.98426	5.08459
3968	4.98426	4.98426
3969	4.98426	5.03711
3970	4.98426	5.03348
3971	4.98426	4.98426
3972	4.98426	4.99091
3973	4.98426	4.98474
3974	4.98426	5.01463
3975	4.98426	5.11106
3976	4.98426	5.11435
3977	4.98426	4.98979
3978	4.98426	4.98976
3979	4.98426	5.00361
3980	4.98426	5.00943
3981	4.98426	5.04962
3982	4.98426	4.99332
3983	4.98426	5.00227
3984	4.98426	5.02165
3985	4.98426	5.03609
3986	4.98426	4.99922
3987	4.98426	4.99528
3988	4.98426	4.99248
3989	4.98426	4.98426
3990	4.98426	5.0083
3991	4.98426	4.98734
3992	4.98426	5.00557
3993	4.98426	4.98585
3994	4.98426	4.99744
3995	4.98426	5.00789
3996	4.98426	5.08065
3997	4.98426	5.11175
3998	4.98426	5.0955
3999	4.98426	5.10778
4000	4.98426	5.04252
4001	4.98426	5.02585
4002	4.98426	5.01333
4003	4.98426	5.02859
4004	4.98426	5.01335
4005	4.98426	5.03302
4006	4.98426	5.03045
4007	4.98426	4.98426
4008	4.98426	4.98426
4009	4.98426	4.98426
4010	4.98426	4.98426
4011	4.98426	4.99803
4012	4.98426	4.98444
4013	4.98426	5.009
4014	4.98426	4.98426
4015	4.98426	5.11641
4016	4.98426	5.12209
4017	4.98426	5.0734
4018	4.98426	5.03403
4019	4.98426	5.103
4020	4.98426	5.08289
4021	4.98426	5.10858
4022	4.98426	5.06837
4023	4.98426	5.02954
4024	4.98426	5.06136
4025	4.98426	5.01443
4026	4.98426	5.06284
4027	4.98426	5.07085
4028	4.98426	5.10886
4029	4.98426	5.11693
4030	4.98426	5.0435
4031	4.98426	4.99398
4032	4.98426	5.00129
4033	4.98426	4.98426
4034	4.98426	5.01653
4035	4.98426	5.07133
4036	4.98426	5.10203
4037	4.98426	5.07862
4038	4.98426	5.06284
4039	4.98426	5.12453
4040	4.98426	5.04353
4041	4.98426	5.00796
4042	4.98426	5.01247
4043	4.98426	5.06637
4044	4.98426	4.99838
4045	4.98426	5.04032
4046	4.98426	5.03806
4047	4.98426	5.02266
4048	4.98426	5.07804
4049	4.98426	5.12525
4050	4.98426	5.22268
4051	4.98426	5.12185
4052	4.98426	5.06286
4053	4.98426	5.08282
4054	4.98426	5.03259
4055	4.98426	5.04585
4056	4.98426	4.99312
4057	4.98426	4.98641
4058	4.98426	5.03766
4059	4.98426	5.11144
4060	4.98426	5.13397
4061	4.98426	5.17198
4062	4.98426	5.07523
4063	4.98426	5.1146
4064	4.98426	5.12899
4065	4.98426	5.08213
4066	4.98426	5.0398
4067	4.98426	5.06231
4068	4.98426	5.05962
4069	4.98426	5.05592
4070	4.98426	5.01609
4071	4.98426	5.00699
4072	4.98426	4.99512
4073	4.98426	4.98467
4074	4.98426	5.01113
4075	4.98426	4.98623
4076	4.98426	5.04774
4077	4.98426	4.98649
4078	4.98426	5.01698
4079	4.98426	4.98426
4080	4.98426	4.99285
4081	4.98426	5.0434
4082	4.98426	5.02712
4083	4.98426	5.00316
4084	4.98426	5.03014
4085	4.98426	5.06243
4086	4.98426	5.04804
4087	4.98426	4.98426
4088	4.98426	4.98426
4089	4.98426	4.99534
4090	4.98426	5.00536
4091	4.98426	5.02539
4092	4.98426	5.09428
4093	4.98426	5.0282
4094	4.98426	4.98426
4095	4.98426	4.99202
4096	4.98426	4.9985
4097	4.98426	4.98426
4098	4.98426	4.9858
4099	4.98426	4.98613
4100	4.98426	4.98426
4101	4.98426	4.98697
4102	4.98426	5.07931
4103	4.98426	4.99092
4104	4.98426	5.034
4105	4.98426	5.0697
4106	4.98426	5.07629
4107	4.98426	5.07655
4108	4.98426	5.06
4109	4.98426	5.0841
4110	4.98426	5.05611
4111	4.98426	5.05008
4112	4.98426	5.0075
4113	4.98426	4.98426
4114	4.98426	4.98466
4115	4.98426	4.98444
4116	4.98426	4.98474
4117	4.98426	5.02273
4118	4.98426	5.01258
4119	4.98426	4.98997
4120	4.98426	5.03706
4121	4.98426	5.01838
4122	4.98426	5.07091
4123	4.98426	5.07193
4124	4.98426	5.0797
4125	4.98426	5.09884
4126	4.98426	5.05581
4127	4.98426	4.99526
4128	4.98426	4.98842
4129	4.98426	5.02596
4130	4.98426	5.10047
4131	4.98426	5.06298
4132	4.98426	5.01506
4133	4.98426	5.05515
4134	4.98426	4.98452
4135	4.98426	4.98434
4136	4.98426	4.99359
4137	4.98426	5.00863
4138	4.98426	5.0132
4139	4.98426	5.0187
4140	4.98426	5.00852
4141	4.98426	5.1052
4142	4.98426	5.1063
4143	4.98426	5.04628
4144	4.98426	5.06434
4145	4.98426	4.9893
4146	4.98426	5.03393
4147	4.98426	5.05844
4148	4.98426	5.00511
4149	4.98426	5.05
4150	4.98426	4.99797
4151	4.98426	4.98954
4152	4.98426	5.00973
4153	4.98426	5.09506
4154	4.98426	5.09488
4155	4.98426	5.0318
4156	4.98426	5.12179
4157	4.98426	5.16902
4158	4.98426	5.03223
4159	4.98426	5.01425
4160	4.98426	5.02316
4161	4.98426	5.09969
4162	4.98426	5.05194
4163	4.98426	4.9972
4164	4.98426	5.0744
4165	4.98426	5.06355
4166	4.98426	5.05658
4167	4.98426	5.19666
4168	4.98426	5.16349
4169	4.98426	5.02213
4170	4.98426	5.01097
4171	4.98426	5.04715
4172	4.98426	4.98554
4173	4.98426	4.99966
4174	4.98426	5.00248
4175	4.98426	5.04038
4176	4.98426	5.01429
4177	4.98426	4.98426
4178	4.98426	4.9846
4179	4.98426	4.99251
4180	4.98426	4.98426
4181	4.98426	4.98599
4182	4.98426	4.98426
4183	4.98426	4.99788
4184	4.98426	5.09371
4185	4.98426	5.14423
4186	4.98426	5.04679
4187	4.98426	5.0714
4188	4.98426	5.13336
4189	4.98426	5.0501
4190	4.98426	5.20389
4191	4.98426	5.03867
4192	4.98426	5.01798
4193	4.98426	5.01158
4194	4.98426	4.99948
4195	4.98426	4.98426
4196	4.98426	4.98426
4197	4.98426	4.98849
4198	4.98426	5.00339
4199	4.98426	5.08001
4200	4.98426	5.00886
4201	4.98426	4.98426
4202	4.98426	4.98567
4203	4.98426	5.03722
4204	4.98426	5.01197
4205	4.98426	5.05552
4206	4.98426	5.03489
4207	4.98426	4.99401
4208	4.98426	5.0235
4209	4.98426	4.98559
4210	4.98426	5.00047
4211	4.98426	4.99264
4212	4.98426	5.02154
4213	4.98426	5.04436
4214	4.98426	5.06958
4215	4.98426	5.04046
4216	4.98426	5.01645
4217	4.98426	4.98466
4218	4.98426	4.99
4219	4.98426	5.0155
4220	4.98426	5.10634
4221	4.98426	5.10142
4222	4.98426	5.1381
4223	4.98426	5.0637
4224	4.98426	5.1307
4225	4.98426	5.12082
4226	4.98426	5.0187
4227	4.98426	4.9969
4228	4.98426	5.08654
4229	4.98426	5.09204
4230	4.98426	5.11994
4231	4.98426	5.09127
4232	4.98426	5.03201
4233	4.98426	5.06398
4234	4.98426	5.04994
4235	4.98426	5.07346
4236	4.98426	5.01677
4237	4.98426	5.01342
4238	4.98426	5.01001
4239	4.98426	5.00714
4240	4.98426	4.98426
4241	4.98426	5.03587
4242	4.98426	5.0388
4243	4.98426	5.0396
4244	4.98426	5.00475
4245	4.98426	5.01399
4246	4.98426	5.01126
4247	4.98426	5.00621
4248	4.98426	5.03144
4249	4.98426	5.13437
4250	4.98426	5.16106
4251	4.98426	5.05377
4252	4.98426	5.10191
4253	4.98426	5.06976
4254	4.98426	4.99124
4255	4.98426	4.98426
4256	4.98426	4.98426
4257	4.98426	5.00663
4258	4.98426	4.99623
4259	4.98426	5.03132
4260	4.98426	5.00099
4261	4.98426	5.04155
4262	4.98426	5.02255
4263	4.98426	5.08281
4264	4.98426	5.06667
4265	4.98426	5.0025
4266	4.98426	5.08458
4267	4.98426	5.0694
4268	4.98426	5.04701
4269	4.98426	5.09174
4270	4.98426	5.01713
4271	4.98426	5.06287
4272	4.98426	5.08112
4273	4.98426	5.01021
4274	4.98426	4.98426
4275	4.98426	5.04658
4276	4.98426	5.10536
4277	4.98426	5.02341
4278	4.98426	5.00162
4279	4.98426	5.02076
4280	4.98426	5.0741
4281	4.98426	5.04473
4282	4.98426	5.05066
4283	4.98426	5.06558
4284	4.98426	5.06981
4285	4.98426	5.02021
4286	4.98426	5.04911
4287	4.98426	5.05015
4288	4.98426	4.99539
4289	4.98426	5.0123
4290	4.98426	5.0207
4291	4.98426	5.09022
4292	4.98426	5.04515
4293	4.98426	4.99522
4294	4.98426	4.99612
4295	4.98426	5.0163
4296	4.98426	5.05589
4297	4.98426	5.0108
4298	4.98426	5.01019
4299	4.98426	4.98933
4300	4.98426	4.99973
4301	4.98426	5.02231
4302	4.98426	5.05015
4303	4.98426	4.98426
4304	4.98426	4.98426
4305	4.98426	5.00515
4306	4.98426	5.03096
4307	4.98426	4.98426
4308	4.98426	4.98946
4309	4.98426	4.99815
4310	4.98426	5.07747
4311	4.98426	5.01092
4312	4.98426	5.12078
4313	4.98426	4.98783
4314	4.98426	5.05733
4315	4.98426	5.03551
4316	4.98426	5.04202
4317	4.98426	5.10589
4318	4.98426	5.17917
4319	4.98426	5.15551
4320	4.98426	5.05203
4321	4.98426	5.01833
4322	4.98426	4.98628
4323	4.98426	5.08726
4324	4.98426	4.99415
4325	4.98426	5.10943
4326	4.98426	5.055
4327	4.98426	5.13465
4328	4.98426	5.02426
4329	4.98426	4.99467
4330	4.98426	5.01785
4331	4.98426	5.0221
4332	4.98426	5.07544
4333	4.98426	5.02899
4334	4.98426	4.99264
4335	4.98426	5.08473
4336	4.98426	5.11708
4337	4.98426	5.11014
4338	4.98426	4.98942
4339	4.98426	5.02142
4340	4.98426	4.98543
4341	4.98426	4.98426
4342	4.98426	5.02672
4343	4.98426	5.03444
4344	4.98426	5.04639
4345	4.98426	5.04047
4346	4.98426	5.03839
4347	4.98426	4.98426
4348	4.98426	4.98426
4349	4.98426	4.98471
4350	4.98426	5.03258
4351	4.98426	5.02666
4352	4.98426	4.98426
4353	4.98426	5.02761
4354	4.98426	5.01794
4355	4.98426	5.01759
4356	4.98426	4.99174
4357	4.98426	5.03723
4358	4.98426	5.08832
4359	4.98426	5.03241
4360	4.98426	4.99889
4361	4.98426	5.01019
4362	4.98426	5.03674
4363	4.98426	5.06411
4364	4.98426	5.12793
4365	4.98426	5.06345
4366	4.98426	4.99433
4367	4.98426	5.00326
4368	4.98426	4.98778
4369	4.98426	5.00725
4370	4.98426	4.98426
4371	4.98426	4.98426
4372	4.98426	4.98897
4373	4.98426	5.01473
4374	4.98426	5.00169
4375	4.98426	4.9965
4376	4.98426	5.06179
4377	4.98426	5.02218
4378	4.98426	4.99051
4379	4.98426	4.99487
4380	4.98426	4.98466
4381	4.98426	4.98457
4382	4.98426	4.99825
4383	4.98426	5.02031
4384	4.98426	4.9957
4385	4.98426	4.9855
4386	4.98426	4.98426
4387	4.98426	4.98629
4388	4.98426	4.99105
4389	4.98426	5.00071
4390	4.98426	5.07228
4391	4.98426	5.06754
4392	4.98426	5.02924
4393	4.98426	5.02341
4394	4.98426	5.0045
4395	4.98426	4.98426
4396	4.98426	4.98426
4397	4.98426	4.99345
4398	4.98426	5.03884
4399	4.98426	4.98426
4400	4.98426	4.98426
4401	4.98426	4.98426
4402	4.98426	4.98426
4403	4.98426	4.98426
4404	4.98426	4.98463
4405	4.98426	5.02175
4406	4.98426	4.98944
4407	4.98426	5.01441
4408	4.98426	5.00316
4409	4.98426	5.10473
4410	4.98426	5.01979
4411	4.98426	5.00007
4412	4.98426	4.98426
4413	4.98426	4.98744
4414	4.98426	5.03185
4415	4.98426	5.09378
4416	4.98426	5.16498
4417	4.98426	5.02826
4418	4.98426	5.11307
4419	4.98426	5.03883
4420	4.98426	5.04282
4421	4.98426	4.99478
4422	4.98426	5.00644
4423	4.98426	5.00836
4424	4.98426	5.04081
4425	4.98426	4.99595
4426	4.98426	5.02878
4427	4.98426	5.07371
4428	4.98426	5.01238
4429	4.98426	4.99143
4430	4.98426	5.01472
4431	4.98426	5.03816
4432	4.98426	5.0566
4433	4.98426	5.04388
4434	4.98426	5.04644
4435	4.98426	5.10392
4436	4.98426	5.1119
4437	4.98426	5.02956
4438	4.98426	5.1306
4439	4.98426	5.07181
4440	4.98426	5.06895
4441	4.98426	5.00926
4442	4.98426	4.98426
4443	4.98426	4.98714
4444	4.98426	4.98466
4445	4.98426	4.98426
4446	4.98426	5.03292
4447	4.98426	5.04344
4448	4.98426	5.04093
4449	4.98426	5.08845
4450	4.98426	5.06622
4451	4.98426	5.12041
4452	4.98426	5.01555
4453	4.98426	4.98783
4454	4.98426	4.98712
4455	4.98426	5.00793
4456	4.98426	5.00658
4457	4.98426	5.07101
4458	4.98426	5.07784
4459	4.98426	5.20274
4460	4.98426	5.01771
4461	4.98426	5.02944
4462	4.98426	4.99359
4463	4.98426	4.9986
4464	4.98426	5.02862
4465	4.98426	4.99491
4466	4.98426	4.98525
4467	4.98426	4.99549
4468	4.98426	5.02928
4469	4.98426	5.08462
4470	4.98426	5.15659
4471	4.98426	4.98794
4472	4.98426	5.02312
4473	4.98426	4.99745
4474	4.98426	5.04587
4475	4.98426	5.06732
4476	4.98426	5.03951
4477	4.98426	5.0084
4478	4.98426	5.01969
4479	4.98426	4.98426
4480	4.98426	5.03063
4481	4.98426	4.98596
4482	4.98426	4.98426
4483	4.98426	4.98426
4484	4.98426	4.98863
4485	4.98426	5.00474
4486	4.98426	5.02452
4487	4.98426	4.9876
4488	4.98426	4.9937
4489	4.98426	5.07305
4490	4.98426	4.98526
4491	4.98426	4.98426
4492	4.98426	4.98426
4493	4.98426	4.99241
4494	4.98426	4.98426
4495	4.98426	4.98837
4496	4.98426	4.9883
4497	4.98426	5.00124
4498	4.98426	5.09015
4499	4.98426	5.0313
4500	4.98426	5.00108
4501	4.98426	5.06219
4502	4.98426	5.08873
4503	4.98426	5.0219
4504	4.98426	5.10138
4505	4.98426	4.9881
4506	4.98426	5.01778
4507	4.98426	5.05391
4508	4.98426	5.03177
4509	4.98426	5.13299
4510	4.98426	5.10734
4511	4.98426	5.02152
4512	4.98426	4.98426
4513	4.98426	4.98426
4514	4.98426	5.11124
4515	4.98426	5.11759
4516	4.98426	5.10994
4517	4.98426	5.02913
4518	4.98426	5.00572
4519	4.98426	4.98426
4520	4.98426	4.98426
4521	4.98426	4.98647
4522	4.98426	4.98466
4523	4.98426	4.98426
4524	4.98426	4.98426
4525	4.98426	4.98973
4526	4.98426	5.02124
4527	4.98426	5.13003
4528	4.98426	5.18369
4529	4.98426	5.25069
4530	4.98426	5.19642
4531	4.98426	5.19199
4532	4.98426	5.08798
4533	4.98426	5.05191
4534	4.98426	5.01757
4535	4.98426	5.01013
4536	4.98426	4.98896
4537	4.98426	4.98447
4538	4.98426	4.98426
4539	4.98426	4.98426
4540	4.98426	4.98426
4541	4.98426	4.99564
4542	4.98426	5.02954
4543	4.98426	5.02717
4544	4.98426	4.98426
4545	4.98426	4.98466
4546	4.98426	5.01674
4547	4.98426	5.02072
4548	4.98426	5.01183
4549	4.98426	5.05832
4550	4.98426	5.0444
4551	4.98426	5.07181
4552	4.98426	5.15475
4553	4.98426	5.07222
4554	4.98426	5.06062
4555	4.98426	5.03832
4556	4.98426	4.99121
4557	4.98426	5.00322
4558	4.98426	5.02219
4559	4.98426	4.98615
4560	4.98426	5.01101
4561	4.98426	5.11545
4562	4.98426	5.09259
4563	4.98426	5.13719
4564	4.98426	5.18421
4565	4.98426	5.17412
4566	4.98426	5.09683
4567	4.98426	5.11699
4568	4.98426	5.03471
4569	4.98426	4.99099
4570	4.98426	4.98467
4571	4.98426	5.00942
4572	4.98426	5.0246
4573	4.98426	5.07331
4574	4.98426	5.09973
4575	4.98426	5.08843
4576	4.98426	5.01652
4577	4.98426	5.0016
4578	4.98426	4.99274
4579	4.98426	4.99622
4580	4.98426	5.01589
4581	4.98426	4.98501
4582	4.98426	4.99741
4583	4.98426	5.02311
4584	4.98426	5.04231
4585	4.98426	5.07649
4586	4.98426	5.06401
4587	4.98426	5.06862
4588	4.98426	5.14239
4589	4.98426	5.09857
4590	4.98426	5.00849
4591	4.98426	5.01443
4592	4.98426	4.98444
4593	4.98426	5.00191
4594	4.98426	4.9898
4595	4.98426	5.0167
4596	4.98426	5.02154
4597	4.98426	4.98426
4598	4.98426	5.02135
4599	4.98426	5.02634
4600	4.98426	5.14629
4601	4.98426	5.07788
4602	4.98426	5.17771
4603	4.98426	5.05555
4604	4.98426	5.04345
4605	4.98426	5.04583
4606	4.98426	5.09429
4607	4.98426	4.99902
4608	4.98426	5.03509
4609	4.98426	5.10378
4610	4.98426	5.07988
4611	4.98426	5.03415
4612	4.98426	4.98729
4613	4.98426	4.99229
4614	4.98426	5.11532
4615	4.98426	5.10018
4616	4.98426	5.06699
4617	4.98426	5.04259
4618	4.98426	5.02678
4619	4.98426	5.02017
4620	4.98426	5.02404
4621	4.98426	5.00664
4622	4.98426	4.99104
4623	4.98426	5.0031
4624	4.98426	5.08313
4625	4.98426	5.0903
4626	4.98426	5.11013
4627	4.98426	5.05428
4628	4.98426	5.01557
4629	4.98426	4.99293
4630	4.98426	4.9991
4631	4.98426	4.98426
4632	4.98426	5.01935
4633	4.98426	5.0389
4634	4.98426	5.03251
4635	4.98426	5.02292
4636	4.98426	4.9921
4637	4.98426	5.01997
4638	4.98426	5.00124
4639	4.98426	4.98426
4640	4.98426	4.98644
4641	4.98426	4.99381
4642	4.98426	4.99513
4643	4.98426	5.00081
4644	4.98426	4.99609
4645	4.98426	4.99853
4646	4.98426	5.01596
4647	4.98426	5.00129
4648	4.98426	5.04154
4649	4.98426	5.07139
4650	4.98426	5.00524
4651	4.98426	5.01566
4652	4.98426	5.07078
4653	4.98426	4.98431
4654	4.98426	4.9896
4655	4.98426	5.0779
4656	4.98426	5.04068
4657	4.98426	4.98787
4658	4.98426	4.98814
4659	4.98426	4.99068
4660	4.98426	5.01272
4661	4.98426	5.0238
4662	4.98426	4.99706
4663	4.98426	5.02701
4664	4.98426	5.07154
4665	4.98426	5.03754
4666	4.98426	5.02024
4667	4.98426	5.02839
4668	4.98426	5.03206
4669	4.98426	5.04218
4670	4.98426	5.05255
4671	4.98426	5.06813
4672	4.98426	5.07977
4673	4.98426	5.10498
4674	4.98426	4.9875
4675	4.98426	4.98816
4676	4.98426	4.98856
4677	4.98426	4.98426
4678	4.98426	4.99302
4679	4.98426	4.98426
4680	4.98426	4.98426
4681	4.98426	4.99154
4682	4.98426	5.00262
4683	4.98426	5.02811
4684	4.98426	5.09576
4685	4.98426	5.01818
4686	4.98426	4.98952
4687	4.98426	4.98426
4688	4.98426	5.05252
4689	4.98426	5.05781
4690	4.98426	5.02269
4691	4.98426	5.07893
4692	4.98426	5.05834
4693	4.98426	5.0681
4694	4.98426	5.02981
4695	4.98426	5.03858
4696	4.98426	5.04478
4697	4.98426	5.11054
4698	4.98426	5.05589
4699	4.98426	5.02099
4700	4.98426	5.08606
4701	4.98426	5.03223
4702	4.98426	5.02264
4703	4.98426	5.06357
4704	4.98426	5.0857
4705	4.98426	5.14558
4706	4.98426	5.09451
4707	4.98426	5.23186
4708	4.98426	5.06937
4709	4.98426	5.23514
4710	4.98426	5.10482
4711	4.98426	5.09915
4712	4.98426	5.06733
4713	4.98426	5.16076
4714	4.98426	5.06167
4715	4.98426	5.13062
4716	4.98426	5.03624
4717	4.98426	5.01203
4718	4.98426	5.06911
4719	4.98426	5.08874
4720	4.98426	5.00494
4721	4.98426	4.9858
4722	4.98426	4.9866
4723	4.98426	5.09409
4724	4.98426	5.12011
4725	4.98426	4.99463
4726	4.98426	5.01945
4727	4.98426	5.03091
4728	4.98426	5.02859
4729	4.98426	5.02304
4730	4.98426	5.05504
4731	4.98426	5.14574
4732	4.98426	5.09537
4733	4.98426	5.05405
4734	4.98426	5.11002
4735	4.98426	5.01851
4736	4.98426	5.00284
4737	4.98426	5.09049
4738	4.98426	5.09678
4739	4.98426	5.01021
4740	4.98426	4.98466
4741	4.98426	4.98426
4742	4.98426	5.02638
4743	4.98426	5.00921
4744	4.98426	4.99027
4745	4.98426	5.01098
4746	4.98426	5.05184
4747	4.98426	5.07815
4748	4.98426	5.00432
4749	4.98426	5.02294
4750	4.98426	4.99094
4751	4.98426	5.0381
4752	4.98426	5.09363
4753	4.98426	5.06185
4754	4.98426	5.09012
4755	4.98426	5.12385
4756	4.98426	5.15699
4757	4.98426	5.11594
4758	4.98426	5.20287
4759	4.98426	5.19583
4760	4.98426	5.06206
4761	4.98426	5.10567
4762	4.98426	5.08566
4763	4.98426	5.09203
4764	4.98426	5.06285
4765	4.98426	5.01308
4766	4.98426	5.02885
4767	4.98426	5.06355
4768	4.98426	5.16178
4769	4.98426	5.17358
4770	4.98426	5.11164
4771	4.98426	5.16762
4772	4.98426	5.07523
4773	4.98426	4.98506
4774	4.98426	4.98894
4775	4.98426	4.9932
4776	4.98426	4.98467
4777	4.98426	5.0362
4778	4.98426	5.03776
4779	4.98426	5.01137
4780	4.98426	5.04865
4781	4.98426	5.01223
4782	4.98426	4.99169
4783	4.98426	5.04504
4784	4.98426	5.02114
4785	4.98426	5.03605
4786	4.98426	5.0732
4787	4.98426	5.06936
4788	4.98426	5.07549
4789	4.98426	4.98663
4790	4.98426	4.98674
4791	4.98426	5.0706
4792	4.98426	5.11746
4793	4.98426	5.07849
4794	4.98426	5.00137
4795	4.98426	5.06255
4796	4.98426	5.00951
4797	4.98426	5.051
4798	4.98426	5.00406
4799	4.98426	5.04162
4800	4.98426	5.04876
4801	4.98426	4.99831
4802	4.98426	5.06589
4803	4.98426	5.11853
4804	4.98426	5.03902
4805	4.98426	5.01109
4806	4.98426	4.99828
4807	4.98426	4.98426
4808	4.98426	4.98426
4809	4.98426	4.98426
4810	4.98426	4.9906
4811	4.98426	5.11763
4812	4.98426	5.09727
4813	4.98426	4.98426
4814	4.98426	4.98748
4815	4.98426	5.06854
4816	4.98426	5.18934
4817	4.98426	5.07566
4818	4.98426	4.98426
4819	4.98426	5.008
4820	4.98426	4.98887
4821	4.98426	5.01348
4822	4.98426	5.01091
4823	4.98426	5.06381
4824	4.98426	5.00408
4825	4.98426	5.05205
4826	4.98426	5.21299
4827	4.98426	5.11833
4828	4.98426	5.0835
4829	4.98426	5.05542
4830	4.98426	5.06086
4831	4.98426	4.98426
4832	4.98426	4.98426
4833	4.98426	4.98426
4834	4.98426	4.98426
4835	4.98426	4.99939
4836	4.98426	4.98746
4837	4.98426	5.00151
4838	4.98426	5.01146
4839	4.98426	4.99628
4840	4.98426	5.02544
4841	4.98426	5.0931
4842	4.98426	5.00789
4843	4.98426	5.02603
4844	4.98426	5.01969
4845	4.98426	4.9848
4846	4.98426	4.98426
4847	4.98426	4.98426
4848	4.98426	4.98444
4849	4.98426	4.98444
4850	4.98426	4.99535
4851	4.98426	5.00138
4852	4.98426	4.98426
4853	4.98426	5.01409
4854	4.98426	5.01963
4855	4.98426	5.01251
4856	4.98426	5.0481
4857	4.98426	5.0712
4858	4.98426	5.02892
4859	4.98426	5.05707
4860	4.98426	4.985
4861	4.98426	5.079
4862	4.98426	5.1149
4863	4.98426	5.12768
4864	4.98426	5.07183
4865	4.98426	5.10481
4866	4.98426	5.07057
4867	4.98426	5.01138
4868	4.98426	4.99161
4869	4.98426	4.98822
4870	4.98426	4.98426
4871	4.98426	4.98636
4872	4.98426	4.98924
4873	4.98426	5.01084
4874	4.98426	5.05497
4875	4.98426	4.98426
4876	4.98426	4.99997
4877	4.98426	5.02144
4878	4.98426	4.98692
4879	4.98426	4.98862
4880	4.98426	4.98426
4881	4.98426	4.98566
4882	4.98426	4.99673
4883	4.98426	5.01944
4884	4.98426	5.01905
4885	4.98426	5.03203
4886	4.98426	5.01375
4887	4.98426	5.03989
4888	4.98426	5.00083
4889	4.98426	4.98466
4890	4.98426	4.98475
4891	4.98426	5.05863
4892	4.98426	4.9862
4893	4.98426	4.9859
4894	4.98426	5.03106
4895	4.98426	5.08447
4896	4.98426	5.06333
4897	4.98426	5.07083
4898	4.98426	4.98737
4899	4.98426	5.02769
4900	4.98426	5.09523
4901	4.98426	5.08301
4902	4.98426	5.00607
4903	4.98426	5.05828
4904	4.98426	5.07041
4905	4.98426	5.02893
4906	4.98426	5.00965
4907	4.98426	5.00255
4908	4.98426	5.04373
4909	4.98426	4.98521
4910	4.98426	4.9917
4911	4.98426	4.98831
4912	4.98426	4.98426
4913	4.98426	4.98426
4914	4.98426	4.98426
4915	4.98426	4.98426
4916	4.98426	4.98426
4917	4.98426	4.98594
4918	4.98426	5.0226
4919	4.98426	4.9936
4920	4.98426	4.98426
4921	4.98426	4.98426
4922	4.98426	4.98524
4923	4.98426	4.98426
4924	4.98426	4.98426
4925	4.98426	4.98426
4926	4.98426	4.99303
4927	4.98426	4.98426
4928	4.98426	5.01851
4929	4.98426	5.10674
4930	4.98426	5.10722
4931	4.98426	5.19968
4932	4.98426	5.11885
4933	4.98426	5.10537
4934	4.98426	5.00429
4935	4.98426	5.07479
4936	4.98426	5.07289
4937	4.98426	5.02595
4938	4.98426	5.01401
4939	4.98426	4.98642
4940	4.98426	5.11978
4941	4.98426	5.23784
4942	4.98426	5.25863
4943	4.98426	5.00464
4944	4.98426	4.98426
4945	4.98426	4.98628
4946	4.98426	5.13026
4947	4.98426	5.07775
4948	4.98426	5.00386
4949	4.98426	4.98474
4950	4.98426	4.98426
4951	4.98426	4.98426
4952	4.98426	4.98426
4953	4.98426	5.03755
4954	4.98426	4.98426
4955	4.98426	5.06132
4956	4.98426	5.02148
4957	4.98426	5.02987
4958	4.98426	5.10137
4959	4.98426	5.01225
4960	4.98426	5.03496
4961	4.98426	4.98599
4962	4.98426	5.02679
4963	4.98426	5.00687
4964	4.98426	5.03596
4965	4.98426	5.07264
4966	4.98426	5.01967
4967	4.98426	4.99001
4968	4.98426	5.03658
4969	4.98426	5.03305
4970	4.98426	5.04576
4971	4.98426	5.15489
4972	4.98426	5.06823
4973	4.98426	5.08133
4974	4.98426	5.13092
4975	4.98426	5.09005
4976	4.98426	5.08633
4977	4.98426	4.98842
4978	4.98426	4.99188
4979	4.98426	4.98753
4980	4.98426	4.99669
4981	4.98426	5.00565
4982	4.98426	4.98426
4983	4.98426	5.01982
4984	4.98426	5.12375
4985	4.98426	5.17399
4986	4.98426	5.09416
4987	4.98426	5.11635
4988	4.98426	5.0868
4989	4.98426	5.07966
4990	4.98426	5.00291
4991	4.98426	5.03825
4992	4.98426	5.0764
4993	4.98426	5.02425
4994	4.98426	5.07272
4995	4.98426	5.03193
4996	4.98426	5.04952
4997	4.98426	5.13255
4998	4.98426	5.06457
4999	4.98426	5.1178
5000	4.98426	5.09025
5001	4.98426	5.05854
5002	4.98426	5.05295
5003	4.98426	5.17364
5004	4.98426	5.03232
5005	4.98426	5.06763
5006	4.98426	5.05624
5007	4.98426	5.10274
5008	4.98426	5.1131
5009	4.98426	5.06314
5010	4.98426	5.12506
5011	4.98426	5.03591
5012	4.98426	4.99035
5013	4.98426	4.99079
5014	4.98426	5.05295
5015	4.98426	5.0098
5016	4.98426	4.99078
5017	4.98426	5.02572
5018	4.98426	5.00034
5019	4.98426	4.99256
5020	4.98426	4.98873
5021	4.98426	5.05616
5022	4.98426	5.1532
5023	4.98426	5.03665
5024	4.98426	5.00684
5025	4.98426	5.07747
5026	4.98426	5.07529
5027	4.98426	4.99539
5028	4.98426	4.98426
5029	4.98426	4.98426
5030	4.98426	4.98957
5031	4.98426	5.06521
5032	4.98426	5.03766
5033	4.98426	5.10394
5034	4.98426	5.04511
5035	4.98426	5.05717
5036	4.98426	5.14131
5037	4.98426	5.03947
5038	4.98426	5.00124
5039	4.98426	4.9986
5040	4.98426	5.03139
5041	4.98426	4.98506
5042	4.98426	5.01098
5043	4.98426	5.02696
5044	4.98426	5.07227
5045	4.98426	5.06392
5046	4.98426	5.05503
5047	4.98426	5.02055
5048	4.98426	5.08366
5049	4.98426	5.01202
5050	4.98426	4.99937
5051	4.98426	4.99938
5052	4.98426	5.03651
5053	4.98426	5.01802
5054	4.98426	4.99879
5055	4.98426	5.00208
5056	4.98426	5.01593
5057	4.98426	5.02886
5058	4.98426	5.06938
5059	4.98426	5.03748
5060	4.98426	5.04895
5061	4.98426	5.02229
5062	4.98426	5.08396
5063	4.98426	4.9857
5064	4.98426	5.01758
5065	4.98426	5.15312
5066	4.98426	5.11581
5067	4.98426	4.98426
5068	4.98426	4.98734
5069	4.98426	5.01644
5070	4.98426	4.98861
5071	4.98426	5.01004
5072	4.98426	5.01386
5073	4.98426	4.98426
5074	4.98426	4.98778
5075	4.98426	5.00063
5076	4.98426	4.98426
5077	4.98426	5.03122
5078	4.98426	5.01769
5079	4.98426	5.00984
5080	4.98426	5.01387
5081	4.98426	5.00227
5082	4.98426	5.07228
5083	4.98426	5.05982
5084	4.98426	5.02664
5085	4.98426	4.98804
5086	4.98426	5.14102
5087	4.98426	5.10991
5088	4.98426	5.12622
5089	4.98426	5.20746
5090	4.98426	5.0148
5091	4.98426	5.08035
5092	4.98426	5.07981
5093	4.98426	4.98426
5094	4.98426	4.98426
5095	4.98426	4.98426
5096	4.98426	4.99596
5097	4.98426	4.98494
5098	4.98426	5.04432
5099	4.98426	5.03474
5100	4.98426	5.02787
5101	4.98426	5.10589
5102	4.98426	5.11209
5103	4.98426	5.02682
5104	4.98426	5.04507
5105	4.98426	5.02934
5106	4.98426	5.09997
5107	4.98426	4.98611
5108	4.98426	4.99784
5109	4.98426	5.01994
5110	4.98426	5.1282
5111	4.98426	5.031
5112	4.98426	5.02223
5113	4.98426	5.00587
5114	4.98426	4.98735
5115	4.98426	5.00821
5116	4.98426	4.98636
5117	4.98426	4.98451
5118	4.98426	4.98481
5119	4.98426	4.99902
5120	4.98426	5.07811
5121	4.98426	5.02181
5122	4.98426	5.0781
5123	4.98426	5.08527
5124	4.98426	5.05143
5125	4.98426	4.99482
5126	4.98426	5.01047
5127	4.98426	4.9987
5128	4.98426	4.98426
5129	4.98426	4.98426
5130	4.98426	4.98426
5131	4.98426	4.98426
5132	4.98426	4.98426
5133	4.98426	4.98558
5134	4.98426	4.98668
5135	4.98426	4.98649
5136	4.98426	5.03695
5137	4.98426	5.00458
5138	4.98426	5.00481
5139	4.98426	5.00045
5140	4.98426	5.03018
5141	4.98426	5.0006
5142	4.98426	5.01697
5143	4.98426	4.98597
5144	4.98426	5.00677
5145	4.98426	5.06259
5146	4.98426	5.10088
5147	4.98426	5.03604
5148	4.98426	5.01157
5149	4.98426	5.00196
5150	4.98426	5.06816
5151	4.98426	5.05026
5152	4.98426	5.05577
5153	4.98426	5.02074
5154	4.98426	4.98426
5155	4.98426	4.98426
5156	4.98426	4.98426
5157	4.98426	4.98426
5158	4.98426	4.98426
5159	4.98426	4.98426
5160	4.98426	4.98426
5161	4.98426	4.98426
5162	4.98426	4.98426
5163	4.98426	5.00834
5164	4.98426	5.00433
5165	4.98426	5.01321
5166	4.98426	5.02266
5167	4.98426	5.07112
5168	4.98426	5.09754
5169	4.98426	5.07474
5170	4.98426	4.99837
5171	4.98426	4.9866
5172	4.98426	5.01926
5173	4.98426	5.02934
5174	4.98426	5.05508
5175	4.98426	5.07257
5176	4.98426	5.06353
5177	4.98426	5.0759
5178	4.98426	5.15733
5179	4.98426	5.03444
5180	4.98426	5.13852
5181	4.98426	5.17867
5182	4.98426	5.09983
5183	4.98426	5.07041
5184	4.98426	4.98882
5185	4.98426	4.99199
5186	4.98426	4.98563
5187	4.98426	5.01803
5188	4.98426	5.09451
5189	4.98426	5.10744
5190	4.98426	5.20947
5191	4.98426	5.25356
5192	4.98426	5.14052
5193	4.98426	5.16046
5194	4.98426	5.24488
5195	4.98426	5.09726
5196	4.98426	5.0517
5197	4.98426	5.14819
5198	4.98426	5.12093
5199	4.98426	5.12272
5200	4.98426	5.05264
5201	4.98426	5.06217
5202	4.98426	5.0086
5203	4.98426	4.98426
5204	4.98426	5.00676
5205	4.98426	4.98469
5206	4.98426	4.98832
5207	4.98426	5.06672
5208	4.98426	5.00257
5209	4.98426	4.99373
5210	4.98426	4.98426
5211	4.98426	4.98426
5212	4.98426	5.00939
5213	4.98426	5.02791
5214	4.98426	5.02791
5215	4.98426	5.06057
5216	4.98426	5.01058
5217	4.98426	5.02621
5218	4.98426	4.98426
5219	4.98426	4.98426
5220	4.98426	5.00253
5221	4.98426	5.03527
5222	4.98426	4.99844
5223	4.98426	5.01878
5224	4.98426	5.04782
5225	4.98426	5.02198
5226	4.98426	5.01472
5227	4.98426	5.00593
5228	4.98426	4.98629
5229	4.98426	5.00028
5230	4.98426	5.03723
5231	4.98426	5.00075
5232	4.98426	5.04567
5233	4.98426	5.00418
5234	4.98426	5.08187
5235	4.98426	5.08636
5236	4.98426	5.03076
5237	4.98426	5.05979
5238	4.98426	5.04548
5239	4.98426	5.01943
5240	4.98426	5.04673
5241	4.98426	5.15455
5242	4.98426	5.17444
5243	4.98426	5.08206
5244	4.98426	5.02033
5245	4.98426	5.05347
5246	4.98426	5.08589
5247	4.98426	4.99393
5248	4.98426	5.00865
5249	4.98426	5.03484
5250	4.98426	5.01593
5251	4.98426	5.0255
5252	4.98426	4.99318
5253	4.98426	5.00136
5254	4.98426	4.98834
5255	4.98426	5.01141
5256	4.98426	4.99392
5257	4.98426	5.01406
5258	4.98426	5.11467
5259	4.98426	5.04488
5260	4.98426	5.05312
5261	4.98426	5.00613
5262	4.98426	5.00709
5263	4.98426	5.03959
5264	4.98426	5.06638
5265	4.98426	5.20761
5266	4.98426	5.06168
5267	4.98426	5.03621
5268	4.98426	5.02881
5269	4.98426	5.03818
5270	4.98426	5.06283
5271	4.98426	4.99992
5272	4.98426	5.02478
5273	4.98426	4.98905
5274	4.98426	5.05175
5275	4.98426	5.01459
5276	4.98426	5.0344
5277	4.98426	4.98426
5278	4.98426	4.98426
5279	4.98426	5.03771
5280	4.98426	5.05967
5281	4.98426	5.07763
5282	4.98426	5.02055
5283	4.98426	5.02168
5284	4.98426	5.06997
5285	4.98426	5.13076
5286	4.98426	5.1129
5287	4.98426	4.99316
5288	4.98426	4.99651
5289	4.98426	4.99366
5290	4.98426	4.98426
5291	4.98426	4.98426
5292	4.98426	4.99137
5293	4.98426	5.11319
5294	4.98426	5.14659
5295	4.98426	5.11887
5296	4.98426	5.02462
5297	4.98426	5.11008
5298	4.98426	5.03493
5299	4.98426	5.04558
5300	4.98426	4.98851
5301	4.98426	4.98426
5302	4.98426	4.99777
5303	4.98426	5.04667
5304	4.98426	5.10106
5305	4.98426	5.086
5306	4.98426	5.13975
5307	4.98426	5.09621
5308	4.98426	5.12772
5309	4.98426	4.99458
5310	4.98426	4.99111
5311	4.98426	4.99128
5312	4.98426	4.9911
5313	4.98426	4.9907
5314	4.98426	5.00711
5315	4.98426	4.98426
5316	4.98426	4.99571
5317	4.98426	5.04944
5318	4.98426	5.04417
5319	4.98426	5.00349
5320	4.98426	5.04932
5321	4.98426	5.09616
5322	4.98426	5.04435
5323	4.98426	5.02322
5324	4.98426	4.99001
5325	4.98426	4.99812
5326	4.98426	4.98903
5327	4.98426	5.02244
5328	4.98426	4.98426
5329	4.98426	4.98542
5330	4.98426	5.01438
5331	4.98426	5.01926
5332	4.98426	5.0003
5333	4.98426	5.0482
5334	4.98426	5.0421
5335	4.98426	5.03087
5336	4.98426	4.98426
5337	4.98426	5.00892
5338	4.98426	4.99703
5339	4.98426	5.05363
5340	4.98426	5.05522
5341	4.98426	5.04325
5342	4.98426	5.02963
5343	4.98426	5.14142
5344	4.98426	5.19083
5345	4.98426	5.11843
5346	4.98426	5.00844
5347	4.98426	4.98717
5348	4.98426	4.98557
5349	4.98426	4.98609
5350	4.98426	4.98431
5351	4.98426	4.98993
5352	4.98426	4.98865
5353	4.98426	4.98426
5354	4.98426	4.98554
5355	4.98426	5.00369
5356	4.98426	5.06798
5357	4.98426	5.03466
5358	4.98426	5.01458
5359	4.98426	5.07474
5360	4.98426	5.05472
5361	4.98426	5.13734
5362	4.98426	5.16115
5363	4.98426	5.131
5364	4.98426	5.20078
5365	4.98426	5.10236
5366	4.98426	5.0115
5367	4.98426	5.055
5368	4.98426	5.07645
5369	4.98426	5.06723
5370	4.98426	4.99919
5371	4.98426	4.98455
5372	4.98426	5.0044
5373	4.98426	4.98426
5374	4.98426	5.02835
5375	4.98426	4.98767
5376	4.98426	5.18958
5377	4.98426	5.22409
5378	4.98426	5.19122
5379	4.98426	5.13799
5380	4.98426	5.1293
5381	4.98426	5.13964
5382	4.98426	5.11114
5383	4.98426	5.07386
5384	4.98426	5.03941
5385	4.98426	4.98476
5386	4.98426	5.00196
5387	4.98426	4.98495
5388	4.98426	4.98426
5389	4.98426	5.01084
5390	4.98426	4.99977
5391	4.98426	5.07539
5392	4.98426	5.06194
5393	4.98426	5.03845
5394	4.98426	5.07063
5395	4.98426	5.02983
5396	4.98426	4.99112
5397	4.98426	5.03507
5398	4.98426	5.01805
5399	4.98426	5.03221
5400	4.98426	5.05768
5401	4.98426	5.01805
5402	4.98426	5.03495
5403	4.98426	5.03578
5404	4.98426	5.01871
5405	4.98426	5.0179
5406	4.98426	5.0262
5407	4.98426	5.0913
5408	4.98426	5.0651
5409	4.98426	5.03579
5410	4.98426	5.03884
5411	4.98426	5.00218
5412	4.98426	4.98463
5413	4.98426	5.00843
5414	4.98426	5.00042
5415	4.98426	5.0994
5416	4.98426	5.12309
5417	4.98426	5.12596
5418	4.98426	5.07093
5419	4.98426	5.04461
5420	4.98426	4.99977
5421	4.98426	4.9932
5422	4.98426	5.01931
5423	4.98426	5.01624
5424	4.98426	5.00168
5425	4.98426	4.99452
5426	4.98426	4.99159
5427	4.98426	4.99079
5428	4.98426	4.98426
5429	4.98426	4.99367
5430	4.98426	5.00493
5431	4.98426	5.07098
5432	4.98426	5.01683
5433	4.98426	5.01058
5434	4.98426	4.99764
5435	4.98426	5.04223
5436	4.98426	4.9996
5437	4.98426	5.03191
5438	4.98426	5.01124
5439	4.98426	5.0709
5440	4.98426	5.09258
5441	4.98426	5.12368
5442	4.98426	5.12957
5443	4.98426	5.02466
5444	4.98426	4.99715
5445	4.98426	5.0844
5446	4.98426	5.04791
5447	4.98426	5.04708
5448	4.98426	5.00268
5449	4.98426	5.01588
5450	4.98426	5.04982
5451	4.98426	5.06959
5452	4.98426	5.11499
5453	4.98426	5.13345
5454	4.98426	5.031
5455	4.98426	4.99332
5456	4.98426	4.98426
5457	4.98426	4.98426
5458	4.98426	4.98992
5459	4.98426	5.00491
5460	4.98426	4.98895
5461	4.98426	5.00549
5462	4.98426	5.01282
5463	4.98426	5.02808
5464	4.98426	4.98484
5465	4.98426	4.98788
5466	4.98426	4.98636
5467	4.98426	5.00948
5468	4.98426	5.00067
5469	4.98426	4.9925
5470	4.98426	4.98515
5471	4.98426	4.98426
5472	4.98426	4.98426
5473	4.98426	5.00925
5474	4.98426	4.9868
5475	4.98426	5.01584
5476	4.98426	5.01704
5477	4.98426	5.05729
5478	4.98426	5.03512
5479	4.98426	4.98426
5480	4.98426	4.99596
5481	4.98426	5.06294
5482	4.98426	5.03368
5483	4.98426	5.05918
5484	4.98426	5.02399
5485	4.98426	4.99164
5486	4.98426	5.09332
5487	4.98426	5.03261
5488	4.98426	5.00089
5489	4.98426	4.99133
5490	4.98426	4.98426
5491	4.98426	4.99524
5492	4.98426	4.98628
5493	4.98426	4.99332
5494	4.98426	5.08122
5495	4.98426	5.03211
5496	4.98426	4.99239
5497	4.98426	5.01215
5498	4.98426	5.05687
5499	4.98426	5.11885
5500	4.98426	5.11933
5501	4.98426	5.00548
5502	4.98426	4.99339
5503	4.98426	4.98426
5504	4.98426	4.98426
5505	4.98426	4.98426
5506	4.98426	4.98426
5507	4.98426	4.98426
5508	4.98426	4.98732
5509	4.98426	4.98615
5510	4.98426	4.99556
5511	4.98426	4.98426
5512	4.98426	4.98439
5513	4.98426	5.00028
5514	4.98426	5.01859
5515	4.98426	5.05146
5516	4.98426	5.16435
5517	4.98426	5.05718
5518	4.98426	5.07216
5519	4.98426	5.12699
5520	4.98426	5.01451
5521	4.98426	5.0096
5522	4.98426	4.98928
5523	4.98426	4.99302
5524	4.98426	5.02414
5525	4.98426	5.13086
5526	4.98426	5.08946
5527	4.98426	5.02943
5528	4.98426	5.08751
5529	4.98426	5.03893
5530	4.98426	5.04992
5531	4.98426	4.98978
5532	4.98426	4.99994
5533	4.98426	5.07525
5534	4.98426	4.98426
5535	4.98426	4.98426
5536	4.98426	4.98466
5537	4.98426	4.9984
5538	4.98426	4.98426
5539	4.98426	4.98426
5540	4.98426	5.00793
5541	4.98426	4.98426
5542	4.98426	5.00906
5543	4.98426	5.02817
5544	4.98426	4.98654
5545	4.98426	4.99598
5546	4.98426	5.05517
5547	4.98426	5.04746
5548	4.98426	4.98613
5549	4.98426	4.98426
5550	4.98426	5.00917
5551	4.98426	4.98972
5552	4.98426	4.98426
5553	4.98426	4.98426
5554	4.98426	4.98426
5555	4.98426	4.98426
5556	4.98426	4.99471
5557	4.98426	4.98426
5558	4.98426	4.98426
5559	4.98426	4.98426
5560	4.98426	4.99621
5561	4.98426	5.11258
5562	4.98426	5.05794
5563	4.98426	5.01806
5564	4.98426	5.00092
5565	4.98426	4.98848
5566	4.98426	5.01215
5567	4.98426	5.05884
5568	4.98426	4.99269
5569	4.98426	5.00317
5570	4.98426	4.98426
5571	4.98426	4.99663
5572	4.98426	5.04178
5573	4.98426	5.02213
5574	4.98426	4.98493
5575	4.98426	4.99817
5576	4.98426	4.98636
5577	4.98426	5.08965
5578	4.98426	5.00956
5579	4.98426	5.1502
5580	4.98426	5.14801
5581	4.98426	5.03794
5582	4.98426	5.12013
5583	4.98426	5.09073
5584	4.98426	5.07995
5585	4.98426	5.05864
5586	4.98426	4.99218
5587	4.98426	4.98843
5588	4.98426	5.01356
5589	4.98426	5.01248
5590	4.98426	5.05263
5591	4.98426	5.15404
5592	4.98426	5.16591
5593	4.98426	5.14582
5594	4.98426	5.04316
5595	4.98426	4.98426
5596	4.98426	4.99589
5597	4.98426	5.01653
5598	4.98426	5.01929
5599	4.98426	5.05144
5600	4.98426	5.13906
5601	4.98426	5.17777
5602	4.98426	5.08292
5603	4.98426	5.04195
5604	4.98426	5.0565
5605	4.98426	5.13927
5606	4.98426	5.24911
5607	4.98426	5.14922
5608	4.98426	5.07895
5609	4.98426	5.06895
5610	4.98426	5.04144
5611	4.98426	5.075
5612	4.98426	5.02843
5613	4.98426	5.03508
5614	4.98426	5.0095
5615	4.98426	5.00115
5616	4.98426	4.98426
5617	4.98426	4.98426
5618	4.98426	4.98426
5619	4.98426	5.00077
5620	4.98426	5.02064
5621	4.98426	4.98742
5622	4.98426	4.98426
5623	4.98426	4.98786
5624	4.98426	4.98426
5625	4.98426	4.98426
5626	4.98426	4.98426
5627	4.98426	4.98426
5628	4.98426	4.98426
5629	4.98426	4.98426
5630	4.98426	4.98426
5631	4.98426	4.98463
5632	4.98426	5.0003
5633	4.98426	5.0159
5634	4.98426	5.11156
5635	4.98426	5.05003
5636	4.98426	5.03477
5637	4.98426	5.05193
5638	4.98426	5.03176
5639	4.98426	4.99257
5640	4.98426	5.00002
5641	4.98426	5.02361
5642	4.98426	5.13367
5643	4.98426	5.11307
5644	4.98426	5.12055
5645	4.98426	5.04796
5646	4.98426	5.08446
5647	4.98426	5.07301
5648	4.98426	4.99536
5649	4.98426	5.01016
5650	4.98426	5.05605
5651	4.98426	5.03176
5652	4.98426	5.0046
5653	4.98426	4.99541
5654	4.98426	4.9924
5655	4.98426	5.02933
5656	4.98426	5.02065
5657	4.98426	5.01662
5658	4.98426	5.03387
5659	4.98426	4.98696
5660	4.98426	5.03715
5661	4.98426	5.02379
5662	4.98426	5.03315
5663	4.98426	5.06853
5664	4.98426	4.9946
5665	4.98426	4.98505
5666	4.98426	5.00446
5667	4.98426	4.99972
5668	4.98426	5.09415
5669	4.98426	5.0275
5670	4.98426	5.07193
5671	4.98426	5.05133
5672	4.98426	5.00526
5673	4.98426	5.00114
5674	4.98426	5.01258
5675	4.98426	5.0316
5676	4.98426	5.1109
5677	4.98426	5.0472
5678	4.98426	5.14732
5679	4.98426	5.20486
5680	4.98426	5.15431
5681	4.98426	5.001
5682	4.98426	5.014
5683	4.98426	4.98766
5684	4.98426	4.98479
5685	4.98426	4.987
5686	4.98426	5.08335
5687	4.98426	4.99104
5688	4.98426	4.99546
5689	4.98426	5.02449
5690	4.98426	5.06484
5691	4.98426	5.03817
5692	4.98426	5.00466
5693	4.98426	4.99867
5694	4.98426	4.98426
5695	4.98426	5.01438
5696	4.98426	4.98639
5697	4.98426	4.9852
5698	4.98426	4.98481
5699	4.98426	4.98426
5700	4.98426	4.99043
5701	4.98426	5.01858
5702	4.98426	5.05053
5703	4.98426	5.03955
5704	4.98426	5.00328
5705	4.98426	5.01031
5706	4.98426	5.10244
5707	4.98426	4.99347
5708	4.98426	4.99619
5709	4.98426	5.00498
5710	4.98426	5.01684
5711	4.98426	5.00645
5712	4.98426	5.01073
5713	4.98426	5.01233
5714	4.98426	5.00306
5715	4.98426	4.98426
5716	4.98426	4.98426
5717	4.98426	4.98426
5718	4.98426	4.98426
5719	4.98426	4.98426
5720	4.98426	4.99236
5721	4.98426	4.98426
5722	4.98426	4.98426
5723	4.98426	5.06593
5724	4.98426	5.10558
5725	4.98426	5.07596
5726	4.98426	5.13604
5727	4.98426	5.10378
5728	4.98426	5.03044
5729	4.98426	4.99546
5730	4.98426	4.98426
5731	4.98426	5.07106
5732	4.98426	5.0437
5733	4.98426	5.11741
5734	4.98426	4.99455
5735	4.98426	4.99747
5736	4.98426	4.98453
5737	4.98426	4.98426
5738	4.98426	4.98426
5739	4.98426	4.98695
5740	4.98426	5.00901
5741	4.98426	5.15338
5742	4.98426	5.17243
5743	4.98426	5.21242
5744	4.98426	5.18489
5745	4.98426	5.09845
5746	4.98426	5.05403
5747	4.98426	5.0533
5748	4.98426	5.00207
5749	4.98426	5.03225
5750	4.98426	5.11635
5751	4.98426	5.10889
5752	4.98426	5.02093
5753	4.98426	5.1212
5754	4.98426	5.03011
5755	4.98426	5.01421
5756	4.98426	4.98932
5757	4.98426	4.98641
5758	4.98426	4.98426
5759	4.98426	4.9981
5760	4.98426	5.00026
5761	4.98426	5.1359
5762	4.98426	5.09835
5763	4.98426	5.16581
5764	4.98426	5.05857
5765	4.98426	5.09481
5766	4.98426	5.02787
5767	4.98426	5.032
5768	4.98426	5.06076
5769	4.98426	4.99722
5770	4.98426	4.98511
5771	4.98426	4.99836
5772	4.98426	5.00042
5773	4.98426	5.03929
5774	4.98426	5.02076
5775	4.98426	4.98426
5776	4.98426	5.00567
5777	4.98426	4.99345
5778	4.98426	4.98448
5779	4.98426	5.03547
5780	4.98426	5.06952
5781	4.98426	5.04769
5782	4.98426	5.04926
5783	4.98426	5.00463
5784	4.98426	5.03102
5785	4.98426	5.1332
5786	4.98426	5.01867
5787	4.98426	4.98494
5788	4.98426	4.99443
5789	4.98426	5.00488
5790	4.98426	5.01925
5791	4.98426	4.9917
5792	4.98426	4.98426
5793	4.98426	5.00032
5794	4.98426	5.00928
5795	4.98426	4.98475
5796	4.98426	4.98426
5797	4.98426	4.98584
5798	4.98426	5.01601
5799	4.98426	5.12947
5800	4.98426	5.05781
5801	4.98426	5.14296
5802	4.98426	5.07183
5803	4.98426	5.10555
5804	4.98426	5.00765
5805	4.98426	4.99411
5806	4.98426	4.99948
5807	4.98426	5.01454
5808	4.98426	4.98426
5809	4.98426	4.98426
5810	4.98426	4.98426
5811	4.98426	4.98426
5812	4.98426	4.98701
5813	4.98426	4.99371
5814	4.98426	5.00222
5815	4.98426	5.05608
5816	4.98426	5.14572
5817	4.98426	5.03749
5818	4.98426	5.0894
5819	4.98426	5.06062
5820	4.98426	5.04583
5821	4.98426	5.00488
5822	4.98426	5.01181
5823	4.98426	4.98426
5824	4.98426	4.99906
5825	4.98426	4.98537
5826	4.98426	5.02999
5827	4.98426	5.02727
5828	4.98426	5.00119
5829	4.98426	5.00502
5830	4.98426	5.0506
5831	4.98426	5.01634
5832	4.98426	5.02742
5833	4.98426	5.00372
5834	4.98426	5.01937
5835	4.98426	5.08384
5836	4.98426	5.02342
5837	4.98426	5.02715
5838	4.98426	5.07398
5839	4.98426	5.06095
5840	4.98426	5.03102
5841	4.98426	5.13297
5842	4.98426	5.03688
5843	4.98426	5.0488
5844	4.98426	5.05938
5845	4.98426	5.10294
5846	4.98426	5.05129
5847	4.98426	5.00692
5848	4.98426	4.98426
5849	4.98426	4.98426
5850	4.98426	5.01451
5851	4.98426	5.0158
5852	4.98426	5.05593
5853	4.98426	5.01752
5854	4.98426	5.06789
5855	4.98426	5.03483
5856	4.98426	5.116
5857	4.98426	5.0755
5858	4.98426	5.01983
5859	4.98426	5.08153
5860	4.98426	5.0008
5861	4.98426	4.9923
5862	4.98426	5.00662
5863	4.98426	4.98715
5864	4.98426	4.99402
5865	4.98426	4.99505
5866	4.98426	5.00005
5867	4.98426	4.99621
5868	4.98426	5.07091
5869	4.98426	5.085
5870	4.98426	5.01545
5871	4.98426	5.06406
5872	4.98426	5.05348
5873	4.98426	5.03657
5874	4.98426	4.98426
5875	4.98426	4.99933
5876	4.98426	4.99933
5877	4.98426	5.01721
5878	4.98426	4.99668
5879	4.98426	4.98976
5880	4.98426	5.0525
5881	4.98426	5.03648
5882	4.98426	5.02592
5883	4.98426	5.0541
5884	4.98426	5.12153
5885	4.98426	5.08583
5886	4.98426	5.01577
5887	4.98426	5.10684
5888	4.98426	5.16719
5889	4.98426	5.0277
5890	4.98426	5.10188
5891	4.98426	5.04472
5892	4.98426	5.06337
5893	4.98426	5.08441
5894	4.98426	5.08961
5895	4.98426	5.11278
5896	4.98426	5.09394
5897	4.98426	5.04899
5898	4.98426	5.01304
5899	4.98426	5.00588
5900	4.98426	5.02095
5901	4.98426	5.0291
5902	4.98426	5.0253
5903	4.98426	5.00008
5904	4.98426	5.15777
5905	4.98426	5.05621
5906	4.98426	5.03622
5907	4.98426	5.04909
5908	4.98426	5.09569
5909	4.98426	5.02894
5910	4.98426	5.01509
5911	4.98426	5.02783
5912	4.98426	5.02908
5913	4.98426	5.07703
5914	4.98426	5.03389
5915	4.98426	5.00242
5916	4.98426	4.99193
5917	4.98426	5.01157
5918	4.98426	5.01036
5919	4.98426	4.98774
5920	4.98426	5.02163
5921	4.98426	5.0202
5922	4.98426	5.04201
5923	4.98426	5.06269
5924	4.98426	5.0971
5925	4.98426	5.02954
5926	4.98426	5.108
5927	4.98426	5.12022
5928	4.98426	5.17016
5929	4.98426	5.08654
5930	4.98426	5.00517
5931	4.98426	5.01048
5932	4.98426	5.02847
5933	4.98426	5.07904
5934	4.98426	5.05888
5935	4.98426	5.02748
5936	4.98426	5.00756
5937	4.98426	5.01994
5938	4.98426	5.03758
5939	4.98426	5.03219
5940	4.98426	5.00399
5941	4.98426	5.05455
5942	4.98426	5.01408
5943	4.98426	4.98834
5944	4.98426	4.98426
5945	4.98426	4.98505
5946	4.98426	5.00261
5947	4.98426	5.00018
5948	4.98426	5.0036
5949	4.98426	4.99591
5950	4.98426	5.13239
5951	4.98426	5.09762
5952	4.98426	5.08646
5953	4.98426	5.02149
5954	4.98426	5.01077
5955	4.98426	4.99049
5956	4.98426	5.07018
5957	4.98426	5.01117
5958	4.98426	5.09641
5959	4.98426	5.14367
5960	4.98426	5.07609
5961	4.98426	5.10989
5962	4.98426	5.10919
5963	4.98426	5.08442
5964	4.98426	5.02898
5965	4.98426	5.11186
5966	4.98426	5.03867
5967	4.98426	5.0046
5968	4.98426	5.10428
5969	4.98426	5.03563
5970	4.98426	5.0212
5971	4.98426	4.9904
5972	4.98426	4.98434
5973	4.98426	4.98892
5974	4.98426	4.99647
5975	4.98426	5.00087
5976	4.98426	4.99325
5977	4.98426	5.03845
5978	4.98426	5.01649
5979	4.98426	5.06179
5980	4.98426	5.05152
5981	4.98426	5.03057
5982	4.98426	5.02122
5983	4.98426	5.03915
5984	4.98426	5.02734
5985	4.98426	4.98426
5986	4.98426	4.98426
5987	4.98426	4.98426
5988	4.98426	5.01589
5989	4.98426	5.05355
5990	4.98426	5.09384
5991	4.98426	5.06639
5992	4.98426	5.04483
5993	4.98426	4.99147
5994	4.98426	5.00397
5995	4.98426	4.98779
5996	4.98426	4.98506
5997	4.98426	4.98584
5998	4.98426	4.99506
5999	4.98426	5.01941
6000	4.98426	5.04581
6001	4.98426	5.01314
6002	4.98426	4.99135
6003	4.98426	5.01432
6004	4.98426	4.98895
6005	4.98426	5.04443
6006	4.98426	5.09144
6007	4.98426	5.00602
6008	4.98426	5.01395
6009	4.98426	5.0684
6010	4.98426	5.01965
6011	4.98426	5.13069
6012	4.98426	5.08316
6013	4.98426	5.07279
6014	4.98426	5.03862
6015	4.98426	5.02711
6016	4.98426	4.98548
6017	4.98426	5.04299
6018	4.98426	4.98886
6019	4.98426	4.99647
6020	4.98426	4.99645
6021	4.98426	4.98426
6022	4.98426	4.98426
6023	4.98426	5.02151
6024	4.98426	4.99976
6025	4.98426	5.01091
6026	4.98426	5.0316
6027	4.98426	4.99291
6028	4.98426	4.98426
6029	4.98426	4.9866
6030	4.98426	4.98553
6031	4.98426	4.98816
6032	4.98426	4.99653
6033	4.98426	5.01286
6034	4.98426	5.01307
6035	4.98426	5.05939
6036	4.98426	5.00222
6037	4.98426	4.99065
6038	4.98426	5.00581
6039	4.98426	5.02149
6040	4.98426	5.01397
6041	4.98426	5.01715
6042	4.98426	4.98426
6043	4.98426	4.99962
6044	4.98426	4.98426
6045	4.98426	5.01543
6046	4.98426	5.06472
6047	4.98426	5.07279
6048	4.98426	5.04407
6049	4.98426	4.98426
6050	4.98426	4.98426
6051	4.98426	4.98615
6052	4.98426	5.00444
6053	4.98426	5.00107
6054	4.98426	5.00133
6055	4.98426	5.03726
6056	4.98426	4.98673
6057	4.98426	4.98431
6058	4.98426	4.98426
6059	4.98426	5.01746
6060	4.98426	4.98431
6061	4.98426	5.02516
6062	4.98426	5.09179
6063	4.98426	4.98426
6064	4.98426	4.98426
6065	4.98426	5.09134
6066	4.98426	5.04526
6067	4.98426	5.08148
6068	4.98426	5.03434
6069	4.98426	5.02221
6070	4.98426	5.07305
6071	4.98426	5.15839
6072	4.98426	5.08495
6073	4.98426	5.11626
6074	4.98426	5.0241
6075	4.98426	5.07121
6076	4.98426	5.13254
6077	4.98426	5.01484
6078	4.98426	5.03624
6079	4.98426	5.0308
6080	4.98426	4.99162
6081	4.98426	4.99278
6082	4.98426	5.10796
6083	4.98426	5.0857
6084	4.98426	5.06405
6085	4.98426	5.20335
6086	4.98426	5.17315
6087	4.98426	5.03467
6088	4.98426	5.09111
6089	4.98426	4.99828
6090	4.98426	4.98986
6091	4.98426	5.001
6092	4.98426	4.98426
6093	4.98426	4.98426
6094	4.98426	4.98626
6095	4.98426	4.98426
6096	4.98426	5.01854
6097	4.98426	5.00983
6098	4.98426	5.05822
6099	4.98426	5.0854
6100	4.98426	5.22948
6101	4.98426	5.09821
6102	4.98426	5.04565
6103	4.98426	4.99116
6104	4.98426	4.98426
6105	4.98426	4.98646
6106	4.98426	4.98986
6107	4.98426	4.9984
6108	4.98426	4.98444
6109	4.98426	5.04771
6110	4.98426	5.10697
6111	4.98426	5.07006
6112	4.98426	5.06598
6113	4.98426	5.01147
6114	4.98426	4.99575
6115	4.98426	5.02499
6116	4.98426	5.00779
6117	4.98426	5.04495
6118	4.98426	5.031
6119	4.98426	5.07675
6120	4.98426	5.133
6121	4.98426	5.06103
6122	4.98426	5.07945
6123	4.98426	5.00796
6124	4.98426	5.00923
6125	4.98426	4.99077
6126	4.98426	5.00125
6127	4.98426	5.02318
6128	4.98426	5.02208
6129	4.98426	5.04678
6130	4.98426	5.0962
6131	4.98426	5.04739
6132	4.98426	5.00877
6133	4.98426	4.98959
6134	4.98426	4.98845
6135	4.98426	5.06468
6136	4.98426	5.02218
6137	4.98426	5.02873
6138	4.98426	4.98426
6139	4.98426	4.98426
6140	4.98426	4.98426
6141	4.98426	4.99668
6142	4.98426	4.98958
6143	4.98426	4.99063
6144	4.98426	4.98877
6145	4.98426	5.00587
6146	4.98426	5.01979
6147	4.98426	4.98444
6148	4.98426	4.98426
6149	4.98426	4.98426
6150	4.98426	5.02391
6151	4.98426	5.01016
6152	4.98426	5.00344
6153	4.98426	5.1162
6154	4.98426	5.00016
6155	4.98426	5.03547
6156	4.98426	5.08442
6157	4.98426	5.04419
6158	4.98426	5.00676
6159	4.98426	4.99046
6160	4.98426	4.98823
6161	4.98426	4.98426
6162	4.98426	4.98889
6163	4.98426	4.98426
6164	4.98426	4.98471
6165	4.98426	5.01449
6166	4.98426	5.06462
6167	4.98426	5.03135
6168	4.98426	5.08687
6169	4.98426	5.0664
6170	4.98426	4.98546
6171	4.98426	5.01748
6172	4.98426	5.00845
6173	4.98426	4.99127
6174	4.98426	4.98447
6175	4.98426	5.02516
6176	4.98426	5.04151
6177	4.98426	5.07842
6178	4.98426	5.03003
6179	4.98426	5.0918
6180	4.98426	5.14138
6181	4.98426	5.04107
6182	4.98426	4.99305
6183	4.98426	4.9846
6184	4.98426	4.98426
6185	4.98426	4.98426
6186	4.98426	4.98426
6187	4.98426	4.98673
6188	4.98426	5.01368
6189	4.98426	5.0399
6190	4.98426	5.09986
6191	4.98426	5.04561
6192	4.98426	4.98466
6193	4.98426	5.00409
6194	4.98426	5.04935
6195	4.98426	5.02027
6196	4.98426	5.06869
6197	4.98426	5.02337
6198	4.98426	5.2142
6199	4.98426	5.1129
6200	4.98426	5.0153
6201	4.98426	5.04632
6202	4.98426	5.01526
6203	4.98426	5.02247
6204	4.98426	5.00856
6205	4.98426	4.98426
6206	4.98426	5.01506
6207	4.98426	4.9847
6208	4.98426	5.00981
6209	4.98426	5.10981
6210	4.98426	5.14109
6211	4.98426	5.13112
6212	4.98426	5.07515
6213	4.98426	5.07006
6214	4.98426	5.0208
6215	4.98426	5.04704
6216	4.98426	5.05675
6217	4.98426	5.01036
6218	4.98426	4.9939
6219	4.98426	5.08224
6220	4.98426	5.10519
6221	4.98426	5.06033
6222	4.98426	5.0323
6223	4.98426	5.02112
6224	4.98426	5.05671
6225	4.98426	5.15788
6226	4.98426	5.10892
6227	4.98426	5.09497
6228	4.98426	5.09547
6229	4.98426	5.07012
6230	4.98426	5.06626
6231	4.98426	5.1266
6232	4.98426	5.04793
6233	4.98426	5.04791
6234	4.98426	5.03865
6235	4.98426	5.029
6236	4.98426	5.07798
6237	4.98426	4.98667
6238	4.98426	4.99932
6239	4.98426	5.02777
6240	4.98426	5.03283
6241	4.98426	5.16775
6242	4.98426	5.01953
6243	4.98426	4.98776
6244	4.98426	5.07527
6245	4.98426	5.00744
6246	4.98426	5.0256
6247	4.98426	5.03196
6248	4.98426	4.99313
6249	4.98426	4.99327
6250	4.98426	5.04299
6251	4.98426	5.01552
6252	4.98426	5.02602
6253	4.98426	5.01113
6254	4.98426	5.05842
6255	4.98426	5.06182
6256	4.98426	5.10844
6257	4.98426	5.05502
6258	4.98426	5.02622
6259	4.98426	4.98426
6260	4.98426	4.98426
6261	4.98426	5.00007
6262	4.98426	5.10054
6263	4.98426	5.13135
6264	4.98426	5.01255
6265	4.98426	5.00455
6266	4.98426	4.998
6267	4.98426	5.02083
6268	4.98426	5.00145
6269	4.98426	5.04113
6270	4.98426	5.06771
6271	4.98426	5.08356
6272	4.98426	4.99297
6273	4.98426	4.98466
6274	4.98426	5.02575
6275	4.98426	4.98734
6276	4.98426	4.98426
6277	4.98426	4.98476
6278	4.98426	4.99005
6279	4.98426	4.98748
6280	4.98426	5.01206
6281	4.98426	5.02007
6282	4.98426	4.99304
6283	4.98426	5.02399
6284	4.98426	5.00119
6285	4.98426	4.98875
6286	4.98426	5.01591
6287	4.98426	4.98771
6288	4.98426	5.02109
6289	4.98426	4.98426
6290	4.98426	4.99911
6291	4.98426	5.04379
6292	4.98426	5.04367
6293	4.98426	5.08756
6294	4.98426	5.04315
6295	4.98426	5.04665
6296	4.98426	4.99871
6297	4.98426	5.01288
6298	4.98426	5.01079
6299	4.98426	5.02902
6300	4.98426	5.03567
6301	4.98426	5.05854
6302	4.98426	5.16929
6303	4.98426	5.12981
6304	4.98426	5.15581
6305	4.98426	5.07004
6306	4.98426	5.07141
6307	4.98426	5.08974
6308	4.98426	5.06603
6309	4.98426	5.01904
6310	4.98426	5.01484
6311	4.98426	5.03132
6312	4.98426	4.98829
6313	4.98426	5.00675
6314	4.98426	4.99691
6315	4.98426	5.02608
6316	4.98426	5.03165
6317	4.98426	4.99072
6318	4.98426	4.98431
6319	4.98426	5.02906
6320	4.98426	5.17298
6321	4.98426	5.12561
6322	4.98426	5.11842
6323	4.98426	5.04616
6324	4.98426	5.10563
6325	4.98426	5.04279
6326	4.98426	5.0122
6327	4.98426	4.99452
6328	4.98426	4.98908
6329	4.98426	4.98434
6330	4.98426	4.98426
6331	4.98426	4.99694
6332	4.98426	4.98426
6333	4.98426	4.98426
6334	4.98426	5.00575
6335	4.98426	5.00421
6336	4.98426	5.03292
6337	4.98426	5.15848
6338	4.98426	5.0908
6339	4.98426	5.05117
6340	4.98426	5.00852
6341	4.98426	5.04455
6342	4.98426	5.05466
6343	4.98426	5.10097
6344	4.98426	5.07127
6345	4.98426	5.05401
6346	4.98426	5.04026
6347	4.98426	5.04533
6348	4.98426	4.98941
6349	4.98426	5.01069
6350	4.98426	5.03609
6351	4.98426	4.99099
6352	4.98426	5.01516
6353	4.98426	5.00202
6354	4.98426	5.02571
6355	4.98426	5.01487
6356	4.98426	5.03686
6357	4.98426	5.02344
6358	4.98426	5.04827
6359	4.98426	4.98895
6360	4.98426	4.98937
6361	4.98426	4.99345
6362	4.98426	5.08832
6363	4.98426	5.03453
6364	4.98426	5.05781
6365	4.98426	4.98901
6366	4.98426	4.98722
6367	4.98426	5.0138
6368	4.98426	5.09128
6369	4.98426	5.10158
6370	4.98426	5.06455
6371	4.98426	5.03188
6372	4.98426	5.01527
6373	4.98426	5.07625
6374	4.98426	5.05418
6375	4.98426	5.0463
6376	4.98426	5.04334
6377	4.98426	4.98598
6378	4.98426	4.99153
6379	4.98426	4.99294
6380	4.98426	5.06509
6381	4.98426	5.08627
6382	4.98426	5.09861
6383	4.98426	5.08058
6384	4.98426	5.10679
6385	4.98426	5.06009
6386	4.98426	5.03046
6387	4.98426	4.98426
6388	4.98426	5.02719
6389	4.98426	5.01819
6390	4.98426	4.99584
6391	4.98426	5.01632
6392	4.98426	5.03402
6393	4.98426	5.01208
6394	4.98426	5.04783
6395	4.98426	4.99738
6396	4.98426	4.98737
6397	4.98426	4.98426
6398	4.98426	4.9859
6399	4.98426	4.98486
6400	4.98426	4.98426
6401	4.98426	4.98481
6402	4.98426	4.98426
6403	4.98426	5.03617
6404	4.98426	5.00642
6405	4.98426	5.03044
6406	4.98426	5.01046
6407	4.98426	5.00445
6408	4.98426	4.99677
6409	4.98426	4.98426
6410	4.98426	4.98546
6411	4.98426	4.98911
6412	4.98426	4.98803
6413	4.98426	4.99284
6414	4.98426	4.98466
6415	4.98426	5.04661
6416	4.98426	5.07735
6417	4.98426	5.02754
6418	4.98426	5.00724
6419	4.98426	5.02137
6420	4.98426	4.98426
6421	4.98426	4.98426
6422	4.98426	4.9882
6423	4.98426	5.02648
6424	4.98426	4.98426
6425	4.98426	5.00054
6426	4.98426	5.00427
6427	4.98426	5.04699
6428	4.98426	5.06687
6429	4.98426	5.05086
6430	4.98426	5.03175
6431	4.98426	4.99945
6432	4.98426	4.98521
6433	4.98426	4.98896
6434	4.98426	4.98954
6435	4.98426	4.98878
6436	4.98426	4.98849
6437	4.98426	4.99054
6438	4.98426	4.98672
6439	4.98426	5.00167
6440	4.98426	5.02885
6441	4.98426	5.06716
6442	4.98426	4.99245
6443	4.98426	4.98426
6444	4.98426	4.99371
6445	4.98426	4.9927
6446	4.98426	5.01966
6447	4.98426	5.02596
6448	4.98426	4.98742
6449	4.98426	4.99343
6450	4.98426	4.98776
6451	4.98426	5.04436
6452	4.98426	5.05684
6453	4.98426	5.0334
6454	4.98426	5.02843
6455	4.98426	5.03169
6456	4.98426	4.98426
6457	4.98426	4.9886
6458	4.98426	5.09786
6459	4.98426	5.01774
6460	4.98426	5.093
6461	4.98426	5.02678
6462	4.98426	5.00907
6463	4.98426	4.98426
6464	4.98426	5.0002
6465	4.98426	4.99257
6466	4.98426	5.02809
6467	4.98426	5.02799
6468	4.98426	5.04242
6469	4.98426	5.03404
6470	4.98426	5.08047
6471	4.98426	5.12302
6472	4.98426	5.2049
6473	4.98426	5.1536
6474	4.98426	5.0774
6475	4.98426	5.05294
6476	4.98426	5.05977
6477	4.98426	5.08308
6478	4.98426	5.05099
6479	4.98426	5.05198
6480	4.98426	4.99628
6481	4.98426	5.00594
6482	4.98426	5.03037
6483	4.98426	5.00396
6484	4.98426	5.01645
6485	4.98426	5.12694
6486	4.98426	5.08888
6487	4.98426	5.12989
6488	4.98426	5.19498
6489	4.98426	5.1594
6490	4.98426	5.10672
6491	4.98426	5.02605
6492	4.98426	5.0608
6493	4.98426	4.99168
6494	4.98426	5.0123
6495	4.98426	5.0388
6496	4.98426	4.98857
6497	4.98426	4.99634
6498	4.98426	5.0532
6499	4.98426	5.04235
6500	4.98426	4.98426
6501	4.98426	5.0035
6502	4.98426	5.0445
6503	4.98426	5.02853
6504	4.98426	4.99064
6505	4.98426	4.9846
6506	4.98426	5.03492
6507	4.98426	5.02739
6508	4.98426	4.98466
6509	4.98426	4.98466
6510	4.98426	4.99
6511	4.98426	4.98978
6512	4.98426	5.0287
6513	4.98426	5.00198
6514	4.98426	5.03965
6515	4.98426	4.99574
6516	4.98426	4.98426
6517	4.98426	4.98426
6518	4.98426	4.98573
6519	4.98426	5.00109
6520	4.98426	4.98426
6521	4.98426	4.99466
6522	4.98426	4.99782
6523	4.98426	5.11074
6524	4.98426	5.01098
6525	4.98426	4.98426
6526	4.98426	5.00287
6527	4.98426	5.05967
6528	4.98426	5.02819
6529	4.98426	4.98702
6530	4.98426	5.02018
6531	4.98426	5.07165
6532	4.98426	4.99671
6533	4.98426	4.9854
6534	4.98426	4.98551
6535	4.98426	4.98426
6536	4.98426	5.01179
6537	4.98426	4.99867
6538	4.98426	4.98426
6539	4.98426	4.98426
6540	4.98426	4.98426
6541	4.98426	4.98782
6542	4.98426	4.99959
6543	4.98426	4.98447
6544	4.98426	4.99796
6545	4.98426	5.02454
6546	4.98426	4.99668
6547	4.98426	5.0306
6548	4.98426	5.01469
6549	4.98426	5.01883
6550	4.98426	5.03136
6551	4.98426	4.98431
6552	4.98426	4.9884
6553	4.98426	4.98943
6554	4.98426	4.98426
6555	4.98426	5.02459
6556	4.98426	5.03875
6557	4.98426	5.10945
6558	4.98426	5.15665
6559	4.98426	5.15442
6560	4.98426	5.08168
6561	4.98426	5.11158
6562	4.98426	5.01601
6563	4.98426	5.02524
6564	4.98426	5.03497
6565	4.98426	5.06549
6566	4.98426	5.05899
6567	4.98426	4.99834
6568	4.98426	5.00187
6569	4.98426	4.98807
6570	4.98426	4.98471
6571	4.98426	4.99348
6572	4.98426	5.16581
6573	4.98426	4.9959
6574	4.98426	5.01233
6575	4.98426	4.99004
6576	4.98426	4.98426
6577	4.98426	4.98431
6578	4.98426	4.98476
6579	4.98426	4.99017
6580	4.98426	4.99434
6581	4.98426	5.00027
6582	4.98426	5.00098
6583	4.98426	4.99886
6584	4.98426	4.98426
6585	4.98426	4.98601
6586	4.98426	4.99417
6587	4.98426	4.98506
6588	4.98426	4.98426
6589	4.98426	4.98426
6590	4.98426	4.98426
6591	4.98426	5.00415
6592	4.98426	5.09589
6593	4.98426	5.12415
6594	4.98426	5.00674
6595	4.98426	5.01755
6596	4.98426	5.00046
6597	4.98426	5.02646
6598	4.98426	5.11709
6599	4.98426	5.14213
6600	4.98426	5.06155
6601	4.98426	5.13745
6602	4.98426	5.05474
6603	4.98426	5.03658
6604	4.98426	4.99658
6605	4.98426	4.99492
6606	4.98426	5.02578
6607	4.98426	5.09603
6608	4.98426	5.05563
6609	4.98426	4.98426
6610	4.98426	4.98426
6611	4.98426	4.98426
6612	4.98426	4.98426
6613	4.98426	4.98426
6614	4.98426	4.98426
6615	4.98426	4.98426
6616	4.98426	5.01065
6617	4.98426	5.06901
6618	4.98426	5.07036
6619	4.98426	5.06019
6620	4.98426	5.10876
6621	4.98426	5.26144
6622	4.98426	5.14776
6623	4.98426	5.12536
6624	4.98426	5.11329
6625	4.98426	5.15124
6626	4.98426	5.08276
6627	4.98426	5.03403
6628	4.98426	5.02555
6629	4.98426	5.11973
6630	4.98426	5.16336
6631	4.98426	5.04443
6632	4.98426	4.98426
6633	4.98426	4.98426
6634	4.98426	5.00743
6635	4.98426	5.07485
6636	4.98426	5.05677
6637	4.98426	5.11358
6638	4.98426	5.04077
6639	4.98426	5.07033
6640	4.98426	5.08097
6641	4.98426	4.9941
6642	4.98426	4.98571
6643	4.98426	4.98426
6644	4.98426	5.09622
6645	4.98426	4.99973
6646	4.98426	5.0079
6647	4.98426	4.98439
6648	4.98426	4.99549
6649	4.98426	4.98544
6650	4.98426	4.98471
6651	4.98426	5.00043
6652	4.98426	4.98548
6653	4.98426	4.99449
6654	4.98426	5.1033
6655	4.98426	5.17527
6656	4.98426	5.07086
6657	4.98426	5.04496
6658	4.98426	4.99681
6659	4.98426	4.98487
6660	4.98426	4.99059
6661	4.98426	4.98748
6662	4.98426	4.98613
6663	4.98426	4.99998
6664	4.98426	4.98426
6665	4.98426	4.99425
6666	4.98426	5.04958
6667	4.98426	5.08716
6668	4.98426	5.0791
6669	4.98426	5.13159
6670	4.98426	4.98926
6671	4.98426	5.04474
6672	4.98426	5.03365
6673	4.98426	5.06963
6674	4.98426	5.03374
6675	4.98426	5.18531
6676	4.98426	5.15719
6677	4.98426	5.16057
6678	4.98426	5.12869
6679	4.98426	5.05959
6680	4.98426	5.02813
6681	4.98426	5.02538
6682	4.98426	5.01979
6683	4.98426	5.01546
6684	4.98426	4.98585
6685	4.98426	4.98781
6686	4.98426	5.0073
6687	4.98426	5.0147
6688	4.98426	4.99305
6689	4.98426	5.0403
6690	4.98426	5.00666
6691	4.98426	4.98698
6692	4.98426	4.98604
6693	4.98426	5.0173
6694	4.98426	5.0435
6695	4.98426	4.99163
6696	4.98426	5.09819
6697	4.98426	5.06307
6698	4.98426	4.99622
6699	4.98426	5.06354
6700	4.98426	5.08046
6701	4.98426	5.06673
6702	4.98426	5.02217
6703	4.98426	5.03186
6704	4.98426	5.03332
6705	4.98426	5.02225
6706	4.98426	5.02925
6707	4.98426	4.99977
6708	4.98426	5.00501
6709	4.98426	4.98932
6710	4.98426	4.98426
6711	4.98426	4.99255
6712	4.98426	4.99677
6713	4.98426	5.00088
6714	4.98426	5.01191
6715	4.98426	4.98962
6716	4.98426	5.01412
6717	4.98426	5.03193
6718	4.98426	5.0563
6719	4.98426	5.02131
6720	4.98426	4.99751
6721	4.98426	5.00875
6722	4.98426	5.01733
6723	4.98426	5.04219
6724	4.98426	5.08803
6725	4.98426	5.10081
6726	4.98426	5.07458
6727	4.98426	5.07425
6728	4.98426	5.01285
6729	4.98426	5.00776
6730	4.98426	5.06805
6731	4.98426	5.0182
6732	4.98426	5.08811
6733	4.98426	4.99912
6734	4.98426	4.98426
6735	4.98426	4.9866
6736	4.98426	5.01259
6737	4.98426	5.04873
6738	4.98426	5.18182
6739	4.98426	5.18302
6740	4.98426	5.09455
6741	4.98426	5.07938
6742	4.98426	5.07449
6743	4.98426	5.18259
6744	4.98426	5.20738
6745	4.98426	5.14488
6746	4.98426	5.08156
6747	4.98426	5.05518
6748	4.98426	4.99761
6749	4.98426	5.02744
6750	4.98426	5.02895
6751	4.98426	5.03858
6752	4.98426	5.0298
6753	4.98426	5.01842
6754	4.98426	5.05106
6755	4.98426	5.16362
6756	4.98426	5.02702
6757	4.98426	5.12056
6758	4.98426	5.1091
6759	4.98426	5.08013
6760	4.98426	5.07085
6761	4.98426	5.04417
6762	4.98426	5.01571
6763	4.98426	4.98496
6764	4.98426	5.0266
6765	4.98426	5.08106
6766	4.98426	5.10714
6767	4.98426	5.09049
6768	4.98426	5.02593
6769	4.98426	5.03552
6770	4.98426	5.00225
6771	4.98426	4.99377
6772	4.98426	5.02159
6773	4.98426	4.98426
6774	4.98426	4.98426
6775	4.98426	5.00652
6776	4.98426	4.98444
6777	4.98426	4.98918
6778	4.98426	4.99218
6779	4.98426	4.99774
6780	4.98426	5.08435
6781	4.98426	5.10924
6782	4.98426	5.09946
6783	4.98426	5.02794
6784	4.98426	4.99789
6785	4.98426	5.00927
6786	4.98426	5.0008
6787	4.98426	5.00599
6788	4.98426	5.02461
6789	4.98426	5.02109
6790	4.98426	5.02518
6791	4.98426	4.98562
6792	4.98426	4.99407
6793	4.98426	4.98426
6794	4.98426	5.01893
6795	4.98426	5.06615
6796	4.98426	5.03532
6797	4.98426	4.99195
6798	4.98426	5.03753
6799	4.98426	5.05628
6800	4.98426	5.0324
6801	4.98426	4.98892
6802	4.98426	4.98426
6803	4.98426	4.98739
6804	4.98426	4.99765
6805	4.98426	4.99208
6806	4.98426	5.00478
6807	4.98426	4.99166
6808	4.98426	4.98426
6809	4.98426	4.98677
6810	4.98426	4.99386
6811	4.98426	5.05127
6812	4.98426	5.01387
6813	4.98426	4.99819
6814	4.98426	4.98426
6815	4.98426	5.03405
6816	4.98426	4.99301
6817	4.98426	5.03013
6818	4.98426	5.01377
6819	4.98426	5.09189
6820	4.98426	5.02159
6821	4.98426	4.98481
6822	4.98426	4.98463
6823	4.98426	4.98981
6824	4.98426	4.99099
6825	4.98426	5.03833
6826	4.98426	4.98635
6827	4.98426	5.00447
6828	4.98426	4.98581
6829	4.98426	4.99919
6830	4.98426	4.98503
6831	4.98426	4.98629
6832	4.98426	4.98524
6833	4.98426	5.01678
6834	4.98426	4.98447
6835	4.98426	4.99511
6836	4.98426	5.04091
6837	4.98426	5.03838
6838	4.98426	5.0212
6839	4.98426	5.0917
6840	4.98426	5.22408
6841	4.98426	5.2743
6842	4.98426	5.1947
6843	4.98426	5.08239
6844	4.98426	5.02172
6845	4.98426	5.01481
6846	4.98426	5.01947
6847	4.98426	5.05379
6848	4.98426	4.98658
6849	4.98426	5.0314
6850	4.98426	4.99145
6851	4.98426	4.98548
6852	4.98426	4.99009
6853	4.98426	4.99807
6854	4.98426	5.00941
6855	4.98426	5.00325
6856	4.98426	5.00166
6857	4.98426	5.00324
6858	4.98426	4.98426
6859	4.98426	4.98426
6860	4.98426	4.98826
6861	4.98426	5.02049
6862	4.98426	4.98467
6863	4.98426	5.00661
6864	4.98426	4.98426
6865	4.98426	4.98888
6866	4.98426	5.0025
6867	4.98426	4.99048
6868	4.98426	5.02178
6869	4.98426	5.01855
6870	4.98426	5.00292
6871	4.98426	5.05495
6872	4.98426	5.12321
6873	4.98426	5.043
6874	4.98426	5.00126
6875	4.98426	5.01484
6876	4.98426	5.08837
6877	4.98426	5.03769
6878	4.98426	5.08721
6879	4.98426	5.08123
6880	4.98426	5.14137
6881	4.98426	5.0762
6882	4.98426	5.0145
6883	4.98426	5.06948
6884	4.98426	5.04452
6885	4.98426	5.00561
6886	4.98426	5.02555
6887	4.98426	5.04149
6888	4.98426	5.01125
6889	4.98426	5.0203
6890	4.98426	5.08864
6891	4.98426	5.14726
6892	4.98426	5.0606
6893	4.98426	5.04537
6894	4.98426	5.02389
6895	4.98426	5.05699
6896	4.98426	5.04319
6897	4.98426	5.02419
6898	4.98426	5.00878
6899	4.98426	5.07767
6900	4.98426	5.01651
6901	4.98426	4.98426
6902	4.98426	4.99166
6903	4.98426	5.06598
6904	4.98426	5.01777
6905	4.98426	5.02677
6906	4.98426	4.99558
6907	4.98426	5.04819
6908	4.98426	4.98839
6909	4.98426	4.98431
6910	4.98426	5.05328
6911	4.98426	5.09873
6912	4.98426	5.09186
6913	4.98426	5.1346
6914	4.98426	5.12062
6915	4.98426	5.10668
6916	4.98426	5.13797
6917	4.98426	5.10067
6918	4.98426	5.18189
6919	4.98426	5.0729
6920	4.98426	5.01825
6921	4.98426	5.02932
6922	4.98426	5.02914
6923	4.98426	4.98501
6924	4.98426	5.00566
6925	4.98426	4.98426
6926	4.98426	4.98426
6927	4.98426	4.98426
6928	4.98426	4.98426
6929	4.98426	4.98444
6930	4.98426	4.98685
6931	4.98426	5.02755
6932	4.98426	5.03513
6933	4.98426	5.00757
6934	4.98426	5.02597
6935	4.98426	5.04092
6936	4.98426	4.98466
6937	4.98426	4.98579
6938	4.98426	5.00488
6939	4.98426	4.99222
6940	4.98426	4.99224
6941	4.98426	5.03787
6942	4.98426	4.98739
6943	4.98426	4.98463
6944	4.98426	4.98426
6945	4.98426	5.03691
6946	4.98426	5.08153
6947	4.98426	5.03451
6948	4.98426	4.98597
6949	4.98426	5.0641
6950	4.98426	5.09079
6951	4.98426	5.02485
6952	4.98426	5.01578
6953	4.98426	5.07247
6954	4.98426	5.04897
6955	4.98426	5.04294
6956	4.98426	5.04057
6957	4.98426	5.03489
6958	4.98426	5.10608
6959	4.98426	5.09285
6960	4.98426	5.01173
6961	4.98426	5.02065
6962	4.98426	5.00164
6963	4.98426	4.99031
6964	4.98426	4.98641
6965	4.98426	5.09318
6966	4.98426	5.07309
6967	4.98426	5.00059
6968	4.98426	4.98431
6969	4.98426	5.02976
6970	4.98426	5.00989
6971	4.98426	4.98426
6972	4.98426	5.01399
6973	4.98426	4.98426
6974	4.98426	4.98426
6975	4.98426	4.98426
6976	4.98426	5.06545
6977	4.98426	5.08651
6978	4.98426	5.02195
6979	4.98426	5.05353
6980	4.98426	4.99693
6981	4.98426	5.00654
6982	4.98426	4.99849
6983	4.98426	4.9879
6984	4.98426	4.99671
6985	4.98426	5.00904
6986	4.98426	5.08152
6987	4.98426	5.03157
6988	4.98426	5.16232
6989	4.98426	5.13775
6990	4.98426	5.01968
6991	4.98426	5.02921
6992	4.98426	5.07085
6993	4.98426	5.0227
6994	4.98426	4.99705
6995	4.98426	5.00034
6996	4.98426	5.00167
6997	4.98426	4.98426
6998	4.98426	5.02216
6999	4.98426	5.00291
7000	4.98426	4.98516
7001	4.98426	4.98426
7002	4.98426	4.98459
7003	4.98426	5.03421
7004	4.98426	5.03632
7005	4.98426	5.06563
7006	4.98426	5.01196
7007	4.98426	5.05027
7008	4.98426	5.0098
7009	4.98426	5.02294
7010	4.98426	5.03527
7011	4.98426	5.10317
7012	4.98426	5.06005
7013	4.98426	5.10902
7014	4.98426	5.10015
7015	4.98426	5.05163
7016	4.98426	5.05048
7017	4.98426	5.02943
7018	4.98426	5.07788
7019	4.98426	5.06205
7020	4.98426	5.07125
7021	4.98426	5.08247
7022	4.98426	5.04421
7023	4.98426	5.0201
7024	4.98426	5.00402
7025	4.98426	4.98426
7026	4.98426	5.00076
7027	4.98426	5.04807
7028	4.98426	5.11778
7029	4.98426	5.03643
7030	4.98426	4.98683
7031	4.98426	5.08384
7032	4.98426	5.08231
7033	4.98426	5.01078
7034	4.98426	5.02654
7035	4.98426	5.03533
7036	4.98426	5.05887
7037	4.98426	5.04693
7038	4.98426	5.09741
7039	4.98426	5.02258
7040	4.98426	5.02774
7041	4.98426	5.04205
7042	4.98426	4.98967
7043	4.98426	4.98426
7044	4.98426	5.02154
7045	4.98426	5.04383
7046	4.98426	5.016
7047	4.98426	4.99411
7048	4.98426	4.98426
7049	4.98426	4.98426
7050	4.98426	5.02389
7051	4.98426	5.09535
7052	4.98426	5.14413
7053	4.98426	5.12098
7054	4.98426	5.08937
7055	4.98426	5.14563
7056	4.98426	5.11023
7057	4.98426	5.07516
7058	4.98426	5.06213
7059	4.98426	4.99644
7060	4.98426	5.0356
7061	4.98426	5.02542
7062	4.98426	5.05631
7063	4.98426	4.98976
7064	4.98426	4.98598
7065	4.98426	4.98426
7066	4.98426	4.99529
7067	4.98426	5.03613
7068	4.98426	4.98487
7069	4.98426	4.98426
7070	4.98426	4.98426
7071	4.98426	4.99526
7072	4.98426	4.98426
7073	4.98426	4.98426
7074	4.98426	4.98426
7075	4.98426	4.98426
7076	4.98426	4.98426
7077	4.98426	4.98426
7078	4.98426	4.98554
7079	4.98426	5.04546
7080	4.98426	5.00964
7081	4.98426	4.98426
7082	4.98426	4.98426
7083	4.98426	5.02038
7084	4.98426	5.01464
7085	4.98426	5.03509
7086	4.98426	5.01205
7087	4.98426	4.99198
7088	4.98426	4.9861
7089	4.98426	5.05038
7090	4.98426	5.06568
7091	4.98426	5.05156
7092	4.98426	5.07953
7093	4.98426	5.04137
7094	4.98426	5.16189
7095	4.98426	5.02285
7096	4.98426	4.9908
7097	4.98426	4.9866
7098	4.98426	4.98426
7099	4.98426	5.01249
7100	4.98426	5.03686
7101	4.98426	4.98426
7102	4.98426	4.99107
7103	4.98426	4.98426
7104	4.98426	4.98426
7105	4.98426	4.98426
7106	4.98426	4.98995
7107	4.98426	4.98969
7108	4.98426	5.1086
7109	4.98426	5.09597
7110	4.98426	4.98426
7111	4.98426	4.99757
7112	4.98426	5.0925
7113	4.98426	4.99667
7114	4.98426	5.00185
7115	4.98426	5.04927
7116	4.98426	5.00357
7117	4.98426	5.00244
7118	4.98426	5.05139
7119	4.98426	5.10964
7120	4.98426	5.01468
7121	4.98426	5.0187
7122	4.98426	5.00222
7123	4.98426	5.1068
7124	4.98426	5.08567
7125	4.98426	5.0623
7126	4.98426	5.10889
7127	4.98426	4.99344
7128	4.98426	4.98426
7129	4.98426	4.98426
7130	4.98426	5.09605
7131	4.98426	5.07857
7132	4.98426	5.0988
7133	4.98426	5.06822
7134	4.98426	5.02802
7135	4.98426	5.06526
7136	4.98426	5.06389
7137	4.98426	5.13939
7138	4.98426	5.09941
7139	4.98426	5.02859
7140	4.98426	5.0053
7141	4.98426	5.07055
7142	4.98426	5.16941
7143	4.98426	5.18017
7144	4.98426	5.09714
7145	4.98426	5.0719
7146	4.98426	5.04784
7147	4.98426	4.99309
7148	4.98426	4.98709
7149	4.98426	4.98426
7150	4.98426	4.98463
7151	4.98426	5.01854
7152	4.98426	4.98426
7153	4.98426	4.98426
7154	4.98426	5.02222
7155	4.98426	4.98426
7156	4.98426	4.98527
7157	4.98426	5.03626
7158	4.98426	5.0355
7159	4.98426	5.00343
7160	4.98426	4.99884
7161	4.98426	4.99526
7162	4.98426	5.03168
7163	4.98426	5.07684
7164	4.98426	5.14649
7165	4.98426	5.02838
7166	4.98426	5.02139
7167	4.98426	5.01665
7168	4.98426	4.99374
7169	4.98426	5.05055
7170	4.98426	4.99926
7171	4.98426	4.99812
7172	4.98426	4.98907
7173	4.98426	4.99962
7174	4.98426	5.10804
7175	4.98426	5.08953
7176	4.98426	5.05391
7177	4.98426	5.065
7178	4.98426	5.09021
7179	4.98426	5.06427
7180	4.98426	4.99074
7181	4.98426	5.02123
7182	4.98426	4.98848
7183	4.98426	5.0214
7184	4.98426	5.01276
7185	4.98426	5.07947
7186	4.98426	5.00722
7187	4.98426	5.01954
7188	4.98426	5.01922
7189	4.98426	4.99664
7190	4.98426	5.09288
7191	4.98426	4.99538
7192	4.98426	5.0361
7193	4.98426	5.01059
7194	4.98426	5.02323
7195	4.98426	5.06777
7196	4.98426	5.11024
7197	4.98426	5.02335
7198	4.98426	5.01433
7199	4.98426	4.98679
7200	4.98426	4.99592
7201	4.98426	4.98912
7202	4.98426	4.9927
7203	4.98426	4.98483
7204	4.98426	4.98807
7205	4.98426	5.00104
7206	4.98426	5.03488
7207	4.98426	5.00756
7208	4.98426	4.98769
7209	4.98426	4.99024
7210	4.98426	4.98434
7211	4.98426	4.98426
7212	4.98426	4.98426
7213	4.98426	4.98426
7214	4.98426	4.98426
7215	4.98426	4.98426
7216	4.98426	4.98668
7217	4.98426	4.98426
7218	4.98426	4.98683
7219	4.98426	4.98466
7220	4.98426	4.98466
7221	4.98426	4.98426
7222	4.98426	5.0188
7223	4.98426	5.02514
7224	4.98426	5.01188
7225	4.98426	4.9936
7226	4.98426	4.98426
7227	4.98426	4.98426
7228	4.98426	5.0104
7229	4.98426	5.00483
7230	4.98426	5.13546
7231	4.98426	5.02721
7232	4.98426	5.01778
7233	4.98426	4.99432
7234	4.98426	4.9849
7235	4.98426	4.99152
7236	4.98426	4.98652
7237	4.98426	5.00127
7238	4.98426	5.07156
7239	4.98426	5.04138
7240	4.98426	5.12927
7241	4.98426	5.19986
7242	4.98426	5.12815
7243	4.98426	5.06777
7244	4.98426	4.99493
7245	4.98426	4.9882
7246	4.98426	4.98426
7247	4.98426	4.98426
7248	4.98426	4.98426
7249	4.98426	4.99824
7250	4.98426	5.02046
7251	4.98426	5.0241
7252	4.98426	5.06295
7253	4.98426	5.03201
7254	4.98426	4.99944
7255	4.98426	5.00414
7256	4.98426	4.99876
7257	4.98426	5.04068
7258	4.98426	5.01687
7259	4.98426	5.02158
7260	4.98426	5.0443
7261	4.98426	5.04447
7262	4.98426	5.07524
7263	4.98426	5.10852
7264	4.98426	5.0094
7265	4.98426	5.07015
7266	4.98426	4.99654
7267	4.98426	5.04863
7268	4.98426	5.09632
7269	4.98426	5.05551
7270	4.98426	5.00853
7271	4.98426	5.04444
7272	4.98426	5.04364
7273	4.98426	4.98669
7274	4.98426	5.07486
7275	4.98426	5.18303
7276	4.98426	5.03098
7277	4.98426	4.98426
7278	4.98426	5.02352
7279	4.98426	5.08289
7280	4.98426	4.99807
7281	4.98426	4.99068
7282	4.98426	5.00903
7283	4.98426	4.98426
7284	4.98426	4.98426
7285	4.98426	4.98426
7286	4.98426	4.98426
7287	4.98426	5.00262
7288	4.98426	4.99189
7289	4.98426	5.00218
7290	4.98426	4.998
7291	4.98426	5.02645
7292	4.98426	5.04403
7293	4.98426	5.0144
7294	4.98426	5.01846
7295	4.98426	4.98792
7296	4.98426	4.98903
7297	4.98426	5.00736
7298	4.98426	5.00138
7299	4.98426	5.02792
7300	4.98426	5.02272
7301	4.98426	4.98426
7302	4.98426	4.99289
7303	4.98426	5.01712
7304	4.98426	5.03161
7305	4.98426	5.0328
7306	4.98426	5.02492
7307	4.98426	5.02438
7308	4.98426	5.00311
7309	4.98426	5.00998
7310	4.98426	4.9972
7311	4.98426	4.99438
7312	4.98426	5.0144
7313	4.98426	4.9847
7314	4.98426	4.98534
7315	4.98426	4.98426
7316	4.98426	5.04078
7317	4.98426	5.01977
7318	4.98426	4.98647
7319	4.98426	5.08736
7320	4.98426	5.09981
7321	4.98426	5.00668
7322	4.98426	4.98587
7323	4.98426	4.99353
7324	4.98426	5.10594
7325	4.98426	5.13235
7326	4.98426	4.98458
7327	4.98426	4.98683
7328	4.98426	5.01575
7329	4.98426	5.01911
7330	4.98426	5.09352
7331	4.98426	5.08162
7332	4.98426	4.98426
7333	4.98426	4.98426
7334	4.98426	4.98601
7335	4.98426	4.98552
7336	4.98426	4.99217
7337	4.98426	5.04984
7338	4.98426	5.01196
7339	4.98426	5.05402
7340	4.98426	5.00911
7341	4.98426	4.98426
7342	4.98426	4.98426
7343	4.98426	5.00153
7344	4.98426	4.98806
7345	4.98426	5.02684
7346	4.98426	5.08797
7347	4.98426	5.06475
7348	4.98426	5.05151
7349	4.98426	5.04117
7350	4.98426	5.02455
7351	4.98426	4.99978
7352	4.98426	4.98899
7353	4.98426	4.98889
7354	4.98426	5.00339
7355	4.98426	4.98666
7356	4.98426	4.98426
7357	4.98426	4.98426
7358	4.98426	4.98714
7359	4.98426	5.00174
7360	4.98426	4.98573
7361	4.98426	4.99475
7362	4.98426	4.98553
7363	4.98426	4.98637
7364	4.98426	5.01555
7365	4.98426	4.98873
7366	4.98426	4.99092
7367	4.98426	5.04677
7368	4.98426	5.06555
7369	4.98426	5.0725
7370	4.98426	4.98426
7371	4.98426	5.01748
7372	4.98426	5.00341
7373	4.98426	5.11392
7374	4.98426	5.00043
7375	4.98426	5.02385
7376	4.98426	5.00612
7377	4.98426	5.03259
7378	4.98426	5.14487
7379	4.98426	5.07904
7380	4.98426	5.18731
7381	4.98426	4.99466
7382	4.98426	5.02585
7383	4.98426	5.02435
7384	4.98426	5.03968
7385	4.98426	5.01842
7386	4.98426	5.03882
7387	4.98426	5.06259
7388	4.98426	5.03121
7389	4.98426	5.02335
7390	4.98426	4.9913
7391	4.98426	4.98848
7392	4.98426	5.04711
7393	4.98426	5.05879
7394	4.98426	4.98471
7395	4.98426	5.00039
7396	4.98426	5.01837
7397	4.98426	5.01681
7398	4.98426	5.01472
7399	4.98426	4.99765
7400	4.98426	5.00096
7401	4.98426	5.02672
7402	4.98426	4.99591
7403	4.98426	5.00602
7404	4.98426	5.10164
7405	4.98426	5.01899
7406	4.98426	5.05152
7407	4.98426	4.99549
7408	4.98426	5.03385
7409	4.98426	5.00554
7410	4.98426	5.02833
7411	4.98426	5.1687
7412	4.98426	5.26761
7413	4.98426	5.07026
7414	4.98426	5.05424
7415	4.98426	5.08097
7416	4.98426	5.03167
7417	4.98426	4.99872
7418	4.98426	5.05299
7419	4.98426	5.03237
7420	4.98426	5.00014
7421	4.98426	5.06287
7422	4.98426	5.02293
7423	4.98426	5.09794
7424	4.98426	5.07409
7425	4.98426	5.19377
7426	4.98426	5.11764
7427	4.98426	5.03059
7428	4.98426	5.0002
7429	4.98426	5.03019
7430	4.98426	5.02891
7431	4.98426	5.07681
7432	4.98426	5.08967
7433	4.98426	5.08472
7434	4.98426	5.0671
7435	4.98426	4.98426
7436	4.98426	4.98463
7437	4.98426	4.9846
7438	4.98426	4.9846
7439	4.98426	4.99954
7440	4.98426	5.02166
7441	4.98426	5.0229
7442	4.98426	5.0074
7443	4.98426	5.03368
7444	4.98426	5.06205
7445	4.98426	5.01409
7446	4.98426	5.04997
7447	4.98426	5.03846
7448	4.98426	5.19646
7449	4.98426	5.18359
7450	4.98426	5.11401
7451	4.98426	5.04434
7452	4.98426	5.00739
7453	4.98426	5.02384
7454	4.98426	5.10464
7455	4.98426	5.11603
7456	4.98426	5.02393
7457	4.98426	5.04291
7458	4.98426	4.98426
7459	4.98426	4.99554
7460	4.98426	5.01802
7461	4.98426	5.08325
7462	4.98426	5.15217
7463	4.98426	5.11927
7464	4.98426	5.05027
7465	4.98426	5.07763
7466	4.98426	5.02042
7467	4.98426	5.05373
7468	4.98426	5.06241
7469	4.98426	5.11306
7470	4.98426	5.07711
7471	4.98426	5.0414
7472	4.98426	5.04996
7473	4.98426	5.2025
7474	4.98426	5.082
7475	4.98426	5.07075
7476	4.98426	5.10208
7477	4.98426	5.04853
7478	4.98426	5.03079
7479	4.98426	4.99106
7480	4.98426	5.01756
7481	4.98426	5.01913
7482	4.98426	4.99412
7483	4.98426	4.98728
7484	4.98426	5.00511
7485	4.98426	5.10928
7486	4.98426	5.03174
7487	4.98426	5.03771
7488	4.98426	5.03591
7489	4.98426	5.05227
7490	4.98426	4.98447
7491	4.98426	4.98426
7492	4.98426	4.98515
7493	4.98426	4.99511
7494	4.98426	4.9869
7495	4.98426	4.98945
7496	4.98426	5.0693
7497	4.98426	5.02957
7498	4.98426	5.05298
7499	4.98426	5.0504
7500	4.98426	5.08098
7501	4.98426	5.11769
7502	4.98426	5.04558
7503	4.98426	5.03713
7504	4.98426	5.11975
7505	4.98426	5.19036
7506	4.98426	5.0574
7507	4.98426	5.07853
7508	4.98426	5.11673
7509	4.98426	5.02781
7510	4.98426	5.03237
7511	4.98426	5.04409
7512	4.98426	5.08713
7513	4.98426	5.04248
7514	4.98426	4.99135
7515	4.98426	5.11098
7516	4.98426	5.07591
7517	4.98426	5.10896
7518	4.98426	5.04321
7519	4.98426	5.07252
7520	4.98426	5.04357
7521	4.98426	5.01433
7522	4.98426	4.9901
7523	4.98426	5.10989
7524	4.98426	5.04737
7525	4.98426	4.99759
7526	4.98426	4.98426
7527	4.98426	4.98426
7528	4.98426	4.98505
7529	4.98426	5.0027
7530	4.98426	5.06066
7531	4.98426	5.03851
7532	4.98426	5.04684
7533	4.98426	5.01082
7534	4.98426	4.98426
7535	4.98426	4.9848
7536	4.98426	5.0029
7537	4.98426	5.01337
7538	4.98426	4.99015
7539	4.98426	4.98598
7540	4.98426	4.98874
7541	4.98426	4.98426
7542	4.98426	4.98426
7543	4.98426	4.9864
7544	4.98426	4.98503
7545	4.98426	4.99683
7546	4.98426	5.03426
7547	4.98426	5.02474
7548	4.98426	5.06524
7549	4.98426	5.09947
7550	4.98426	5.11705
7551	4.98426	5.00153
7552	4.98426	4.98447
7553	4.98426	4.98426
7554	4.98426	5.04823
7555	4.98426	5.22599
7556	4.98426	5.05037
7557	4.98426	4.99257
7558	4.98426	4.98582
7559	4.98426	4.9877
7560	4.98426	4.99037
7561	4.98426	4.98469
7562	4.98426	4.98964
7563	4.98426	4.9844
7564	4.98426	4.98426
7565	4.98426	4.98689
7566	4.98426	5.00145
7567	4.98426	5.13455
7568	4.98426	5.01106
7569	4.98426	4.99908
7570	4.98426	5.00527
7571	4.98426	4.99302
7572	4.98426	5.01299
7573	4.98426	5.03471
7574	4.98426	5.09877
7575	4.98426	4.99777
7576	4.98426	5.00191
7577	4.98426	5.06205
7578	4.98426	5.07554
7579	4.98426	5.00168
7580	4.98426	5.03866
7581	4.98426	5.0602
7582	4.98426	4.99136
7583	4.98426	4.99574
7584	4.98426	5.03662
7585	4.98426	4.98431
7586	4.98426	4.98426
7587	4.98426	4.98426
7588	4.98426	4.98444
7589	4.98426	5.00404
7590	4.98426	5.02703
7591	4.98426	5.02397
7592	4.98426	5.22709
7593	4.98426	5.37075
7594	4.98426	5.23831
7595	4.98426	5.20761
7596	4.98426	5.25067
7597	4.98426	5.16336
7598	4.98426	5.13913
7599	4.98426	5.04519
7600	4.98426	4.98972
7601	4.98426	4.99836
7602	4.98426	4.98471
7603	4.98426	5.11757
7604	4.98426	5.09613
7605	4.98426	5.15087
7606	4.98426	5.26519
7607	4.98426	5.35166
7608	4.98426	5.29492
7609	4.98426	5.07591
7610	4.98426	5.08561
7611	4.98426	5.02369
7612	4.98426	5.06772
7613	4.98426	5.00638
7614	4.98426	4.98426
7615	4.98426	4.99851
7616	4.98426	4.98773
7617	4.98426	4.98523
7618	4.98426	4.9935
7619	4.98426	5.0062
7620	4.98426	5.01027
7621	4.98426	4.98426
7622	4.98426	4.98426
7623	4.98426	5.0241
7624	4.98426	5.02327
7625	4.98426	5.01605
7626	4.98426	4.99578
7627	4.98426	5.05217
7628	4.98426	5.00328
7629	4.98426	4.98667
7630	4.98426	4.98426
7631	4.98426	5.00092
7632	4.98426	4.98447
7633	4.98426	5.01379
7634	4.98426	5.01879
7635	4.98426	4.99522
7636	4.98426	5.03852
7637	4.98426	5.08038
7638	4.98426	5.07636
7639	4.98426	5.07595
7640	4.98426	5.01053
7641	4.98426	4.98444
7642	4.98426	4.99754
7643	4.98426	5.01203
7644	4.98426	4.98426
7645	4.98426	4.9936
7646	4.98426	5.00066
7647	4.98426	5.01991
7648	4.98426	5.02847
7649	4.98426	5.11287
7650	4.98426	4.99647
7651	4.98426	4.99959
7652	4.98426	4.99003
7653	4.98426	4.99107
7654	4.98426	5.00107
7655	4.98426	4.98763
7656	4.98426	5.01209
7657	4.98426	4.98426
7658	4.98426	4.98681
7659	4.98426	4.98426
7660	4.98426	4.9933
7661	4.98426	5.02322
7662	4.98426	5.04503
7663	4.98426	4.99897
7664	4.98426	5.03114
7665	4.98426	5.13899
7666	4.98426	5.10825
7667	4.98426	5.07702
7668	4.98426	5.00609
7669	4.98426	5.03318
7670	4.98426	4.99176
7671	4.98426	4.98862
7672	4.98426	4.99596
7673	4.98426	4.99294
7674	4.98426	4.99334
7675	4.98426	5.02537
7676	4.98426	5.05362
7677	4.98426	5.0672
7678	4.98426	5.02148
7679	4.98426	5.00025
7680	4.98426	5.00037
7681	4.98426	5.10585
7682	4.98426	5.07842
7683	4.98426	5.06202
7684	4.98426	5.00862
7685	4.98426	4.98426
7686	4.98426	4.99371
7687	4.98426	5.06187
7688	4.98426	5.00226
7689	4.98426	5.01767
7690	4.98426	4.98815
7691	4.98426	4.99979
7692	4.98426	5.0406
7693	4.98426	5.16562
7694	4.98426	5.14742
7695	4.98426	5.0629
7696	4.98426	5.12257
7697	4.98426	5.16831
7698	4.98426	5.0879
7699	4.98426	5.08182
7700	4.98426	5.03439
7701	4.98426	5.20861
7702	4.98426	5.06451
7703	4.98426	5.02869
7704	4.98426	5.07283
7705	4.98426	5.05381
7706	4.98426	5.0794
7707	4.98426	5.11054
7708	4.98426	5.0421
7709	4.98426	5.05792
7710	4.98426	5.03083
7711	4.98426	5.08612
7712	4.98426	5.03347
7713	4.98426	4.99831
7714	4.98426	4.99063
7715	4.98426	5.11273
7716	4.98426	5.0176
7717	4.98426	5.00186
7718	4.98426	5.00642
7719	4.98426	5.00469
7720	4.98426	5.00542
7721	4.98426	5.01001
7722	4.98426	5.14892
7723	4.98426	5.12338
7724	4.98426	5.23276
7725	4.98426	5.19174
7726	4.98426	5.18948
7727	4.98426	5.20218
7728	4.98426	5.19329
7729	4.98426	5.00966
7730	4.98426	4.99289
7731	4.98426	4.98474
7732	4.98426	5.01489
7733	4.98426	5.11285
7734	4.98426	5.27455
7735	4.98426	5.23133
7736	4.98426	5.25803
7737	4.98426	5.13049
7738	4.98426	5.04444
7739	4.98426	4.9878
7740	4.98426	4.99377
7741	4.98426	4.9991
7742	4.98426	4.99855
7743	4.98426	5.05731
7744	4.98426	5.05437
7745	4.98426	5.06787
7746	4.98426	5.09794
7747	4.98426	5.14201
7748	4.98426	5.03781
7749	4.98426	4.99688
7750	4.98426	5.01301
7751	4.98426	5.04855
7752	4.98426	5.12299
7753	4.98426	5.12359
7754	4.98426	5.06064
7755	4.98426	5.04239
7756	4.98426	4.99901
7757	4.98426	4.98588
7758	4.98426	5.00073
7759	4.98426	5.05107
7760	4.98426	4.992
7761	4.98426	5.00078
7762	4.98426	5.02133
7763	4.98426	5.03097
7764	4.98426	4.99757
7765	4.98426	4.99793
7766	4.98426	5.01906
7767	4.98426	4.98839
7768	4.98426	5.05963
7769	4.98426	5.13789
7770	4.98426	5.04819
7771	4.98426	5.01275
7772	4.98426	5.04451
7773	4.98426	4.98426
7774	4.98426	4.98426
7775	4.98426	5.05519
7776	4.98426	5.01563
7777	4.98426	5.06976
7778	4.98426	5.08592
7779	4.98426	5.03948
7780	4.98426	5.05089
7781	4.98426	4.99792
7782	4.98426	4.98426
7783	4.98426	4.98426
7784	4.98426	4.98426
7785	4.98426	4.99948
7786	4.98426	5.00607
7787	4.98426	5.03536
7788	4.98426	5.01259
7789	4.98426	5.0024
7790	4.98426	4.98426
7791	4.98426	4.98506
7792	4.98426	4.98426
7793	4.98426	5.01114
7794	4.98426	4.98601
7795	4.98426	4.98444
7796	4.98426	4.99993
7797	4.98426	5.00284
7798	4.98426	4.98894
7799	4.98426	4.98426
7800	4.98426	4.98426
7801	4.98426	4.98426
7802	4.98426	5.03062
7803	4.98426	5.02125
7804	4.98426	4.98716
7805	4.98426	4.98426
7806	4.98426	4.99013
7807	4.98426	5.02789
7808	4.98426	5.0337
7809	4.98426	5.00603
7810	4.98426	5.03366
7811	4.98426	5.01592
7812	4.98426	5.10091
7813	4.98426	5.0466
7814	4.98426	5.14359
7815	4.98426	5.16052
7816	4.98426	5.0807
7817	4.98426	5.05577
7818	4.98426	4.99608
7819	4.98426	5.04651
7820	4.98426	5.2509
7821	4.98426	5.20562
7822	4.98426	5.01896
7823	4.98426	5.01353
7824	4.98426	5.03404
7825	4.98426	5.02673
7826	4.98426	5.13797
7827	4.98426	5.14322
7828	4.98426	5.17846
7829	4.98426	5.01102
7830	4.98426	5.06452
7831	4.98426	5.00871
7832	4.98426	5.02944
7833	4.98426	5.01599
7834	4.98426	4.98927
7835	4.98426	5.00112
7836	4.98426	4.99698
7837	4.98426	4.99363
7838	4.98426	4.99132
7839	4.98426	4.98426
7840	4.98426	4.99219
7841	4.98426	5.00489
7842	4.98426	5.09876
7843	4.98426	4.99736
7844	4.98426	5.03512
7845	4.98426	5.03
7846	4.98426	5.08858
7847	4.98426	5.02955
7848	4.98426	5.03829
7849	4.98426	5.02356
7850	4.98426	5.03316
7851	4.98426	5.0127
7852	4.98426	5.03886
7853	4.98426	5.1127
7854	4.98426	5.02661
7855	4.98426	5.03532
7856	4.98426	5.00033
7857	4.98426	4.98569
7858	4.98426	4.98426
7859	4.98426	4.99081
7860	4.98426	5.04319
7861	4.98426	5.01004
7862	4.98426	5.11097
7863	4.98426	5.06737
7864	4.98426	5.12318
7865	4.98426	5.03494
7866	4.98426	5.00576
7867	4.98426	5.02766
7868	4.98426	5.00839
7869	4.98426	4.98426
7870	4.98426	4.99708
7871	4.98426	5.03557
7872	4.98426	5.08844
7873	4.98426	5.06065
7874	4.98426	5.16341
7875	4.98426	5.1859
7876	4.98426	5.15378
7877	4.98426	5.1925
7878	4.98426	5.14466
7879	4.98426	5.07385
7880	4.98426	5.19546
7881	4.98426	5.14982
7882	4.98426	5.03856
7883	4.98426	5.09576
7884	4.98426	5.07687
7885	4.98426	5.1031
7886	4.98426	5.10979
7887	4.98426	5.04541
7888	4.98426	5.03151
7889	4.98426	4.98573
7890	4.98426	5.02112
7891	4.98426	4.98426
7892	4.98426	5.06506
7893	4.98426	5.10801
7894	4.98426	5.12773
7895	4.98426	5.02515
7896	4.98426	5.02052
7897	4.98426	4.99072
7898	4.98426	4.98868
7899	4.98426	4.98573
7900	4.98426	4.98426
7901	4.98426	4.98426
7902	4.98426	4.98426
7903	4.98426	4.98426
7904	4.98426	4.98426
7905	4.98426	4.98426
7906	4.98426	4.99888
7907	4.98426	5.07036
7908	4.98426	4.99089
7909	4.98426	5.00978
7910	4.98426	5.0471
7911	4.98426	5.15815
7912	4.98426	5.12532
7913	4.98426	5.06096
7914	4.98426	4.98789
7915	4.98426	4.98671
7916	4.98426	5.01917
7917	4.98426	5.00036
7918	4.98426	5.00216
7919	4.98426	5.00477
7920	4.98426	5.00605
7921	4.98426	5.01372
7922	4.98426	4.98426
7923	4.98426	4.99037
7924	4.98426	5.02794
7925	4.98426	5.15383
7926	4.98426	5.13683
7927	4.98426	5.18875
7928	4.98426	5.20503
7929	4.98426	5.19819
7930	4.98426	5.07213
7931	4.98426	5.0957
7932	4.98426	5.04593
7933	4.98426	5.0795
7934	4.98426	5.02704
7935	4.98426	5.01991
7936	4.98426	4.98721
7937	4.98426	5.01166
7938	4.98426	5.04276
7939	4.98426	5.04492
7940	4.98426	5.11846
7941	4.98426	5.0531
7942	4.98426	5.02663
7943	4.98426	5.04983
7944	4.98426	5.06023
7945	4.98426	5.07341
7946	4.98426	4.99882
7947	4.98426	5.02858
7948	4.98426	4.99207
7949	4.98426	5.00649
7950	4.98426	5.02343
7951	4.98426	5.05427
7952	4.98426	5.04143
7953	4.98426	4.98698
7954	4.98426	5.0244
7955	4.98426	5.02302
7956	4.98426	5.12983
7957	4.98426	5.11103
7958	4.98426	5.20612
7959	4.98426	5.15904
7960	4.98426	5.08277
7961	4.98426	5.00141
7962	4.98426	5.04168
7963	4.98426	4.98452
7964	4.98426	5.01553
7965	4.98426	5.0164
7966	4.98426	4.99445
7967	4.98426	4.99767
7968	4.98426	5.00097
7969	4.98426	4.98455
7970	4.98426	4.98495
7971	4.98426	4.98426
7972	4.98426	4.99128
7973	4.98426	4.99142
7974	4.98426	4.99494
7975	4.98426	5.06227
7976	4.98426	4.99786
7977	4.98426	5.0408
7978	4.98426	5.0692
7979	4.98426	4.98426
7980	4.98426	4.98426
7981	4.98426	4.98426
7982	4.98426	4.98426
7983	4.98426	5.00214
7984	4.98426	5.00589
7985	4.98426	5.00101
7986	4.98426	5.00703
7987	4.98426	5.06625
7988	4.98426	5.06816
7989	4.98426	5.10051
7990	4.98426	5.12975
7991	4.98426	5.20829
7992	4.98426	5.14772
7993	4.98426	5.04497
7994	4.98426	5.02156
7995	4.98426	4.98426
7996	4.98426	4.98426
7997	4.98426	4.98426
7998	4.98426	4.98426
7999	4.98426	4.99378
8000	4.98426	4.99197
8001	4.98426	5.00695
8002	4.98426	5.00125
8003	4.98426	4.99574
8004	4.98426	4.99685
8005	4.98426	4.98426
8006	4.98426	4.98471
8007	4.98426	4.98506
8008	4.98426	4.99402
8009	4.98426	5.02543
8010	4.98426	5.00424
8011	4.98426	4.98974
8012	4.98426	5.06497
8013	4.98426	5.02678
8014	4.98426	4.98426
8015	4.98426	5.04488
8016	4.98426	5.06759
8017	4.98426	5.01269
8018	4.98426	5.00751
8019	4.98426	5.08141
8020	4.98426	5.06113
8021	4.98426	5.01902
8022	4.98426	5.00599
8023	4.98426	5.02457
8024	4.98426	5.10462
8025	4.98426	5.02324
8026	4.98426	5.05495
8027	4.98426	4.99424
8028	4.98426	4.98426
8029	4.98426	4.98426
8030	4.98426	5.00275
8031	4.98426	5.00236
8032	4.98426	5.05994
8033	4.98426	5.14267
8034	4.98426	5.15275
8035	4.98426	5.14733
8036	4.98426	5.16818
8037	4.98426	4.99497
8038	4.98426	4.98471
8039	4.98426	4.99924
8040	4.98426	5.08764
8041	4.98426	5.1369
8042	4.98426	5.08722
8043	4.98426	5.08472
8044	4.98426	4.98525
8045	4.98426	5.00921
8046	4.98426	5.13509
8047	4.98426	5.24641
8048	4.98426	5.11177
8049	4.98426	5.05132
8050	4.98426	4.99962
8051	4.98426	5.0394
8052	4.98426	5.04571
8053	4.98426	5.02195
8054	4.98426	4.98935
8055	4.98426	4.98764
8056	4.98426	5.02728
8057	4.98426	5.04079
8058	4.98426	4.99728
8059	4.98426	5.07486
8060	4.98426	5.0261
8061	4.98426	5.00872
8062	4.98426	4.99071
8063	4.98426	5.18151
8064	4.98426	5.21183
8065	4.98426	5.16189
8066	4.98426	5.3042
8067	4.98426	5.30653
8068	4.98426	5.18403
8069	4.98426	5.18373
8070	4.98426	5.16162
8071	4.98426	5.08209
8072	4.98426	5.04959
8073	4.98426	5.01582
8074	4.98426	5.09318
8075	4.98426	5.15955
8076	4.98426	5.1606
8077	4.98426	5.0389
8078	4.98426	5.0025
8079	4.98426	5.00967
8080	4.98426	5.05496
8081	4.98426	5.12914
8082	4.98426	5.06608
8083	4.98426	5.04863
8084	4.98426	5.00424
8085	4.98426	5.00452
8086	4.98426	4.99086
8087	4.98426	5.00126
8088	4.98426	4.99005
8089	4.98426	5.01227
8090	4.98426	5.02794
8091	4.98426	4.99382
8092	4.98426	5.00435
8093	4.98426	4.98869
8094	4.98426	5.00802
8095	4.98426	4.98426
8096	4.98426	4.98426
8097	4.98426	5.02764
8098	4.98426	5.02001
8099	4.98426	4.99661
8100	4.98426	5.02597
8101	4.98426	5.00965
8102	4.98426	5.06386
8103	4.98426	5.00076
8104	4.98426	5.00827
8105	4.98426	5.02048
8106	4.98426	5.02362
8107	4.98426	5.02175
8108	4.98426	5.03413
8109	4.98426	5.06943
8110	4.98426	5.02544
8111	4.98426	5.02677
8112	4.98426	5.00977
8113	4.98426	4.99088
8114	4.98426	5.0173
8115	4.98426	4.98426
8116	4.98426	4.98426
8117	4.98426	4.98426
8118	4.98426	4.98426
8119	4.98426	4.99974
8120	4.98426	5.00984
8121	4.98426	5.05299
8122	4.98426	5.17423
8123	4.98426	5.16402
8124	4.98426	5.00223
8125	4.98426	5.03646
8126	4.98426	5.08624
8127	4.98426	5.05469
8128	4.98426	5.01294
8129	4.98426	5.12484
8130	4.98426	5.25002
8131	4.98426	5.21454
8132	4.98426	5.20863
8133	4.98426	5.19313
8134	4.98426	5.12923
8135	4.98426	5.05225
8136	4.98426	4.99956
8137	4.98426	4.98665
8138	4.98426	4.9905
8139	4.98426	5.06669
8140	4.98426	5.00543
8141	4.98426	5.08003
8142	4.98426	5.04745
8143	4.98426	5.07805
8144	4.98426	5.0045
8145	4.98426	5.06573
8146	4.98426	4.99596
8147	4.98426	4.98444
8148	4.98426	5.02267
8149	4.98426	4.99768
8150	4.98426	4.98471
8151	4.98426	5.01831
8152	4.98426	5.02644
8153	4.98426	5.07216
8154	4.98426	5.0024
8155	4.98426	4.99169
8156	4.98426	4.99884
8157	4.98426	4.98426
8158	4.98426	4.98621
8159	4.98426	5.02641
8160	4.98426	5.06548
8161	4.98426	5.11164
8162	4.98426	5.14662
8163	4.98426	5.15172
8164	4.98426	5.01543
8165	4.98426	5.0875
8166	4.98426	5.05656
8167	4.98426	5.03927
8168	4.98426	5.10855
8169	4.98426	5.12927
8170	4.98426	5.13644
8171	4.98426	5.24177
8172	4.98426	5.17813
8173	4.98426	5.17527
8174	4.98426	5.17627
8175	4.98426	5.2548
8176	4.98426	5.17464
8177	4.98426	5.09131
8178	4.98426	5.04489
8179	4.98426	5.01816
8180	4.98426	5.08468
8181	4.98426	5.09373
8182	4.98426	5.00466
8183	4.98426	5.03779
8184	4.98426	5.10563
8185	4.98426	5.08646
8186	4.98426	4.98426
8187	4.98426	4.98426
8188	4.98426	4.99358
8189	4.98426	4.98799
8190	4.98426	5.00062
8191	4.98426	5.05923
8192	4.98426	5.06284
8193	4.98426	5.08433
8194	4.98426	5.04276
8195	4.98426	5.13744
8196	4.98426	5.06139
8197	4.98426	5.10288
8198	4.98426	5.12888
8199	4.98426	5.07986
8200	4.98426	5.12328
8201	4.98426	5.22783
8202	4.98426	5.22714
8203	4.98426	5.09333
8204	4.98426	5.09237
8205	4.98426	5.09524
8206	4.98426	5.07866
8207	4.98426	5.11077
8208	4.98426	5.14363
8209	4.98426	5.08407
8210	4.98426	5.07902
8211	4.98426	5.03063
8212	4.98426	5.02026
8213	4.98426	5.13905
8214	4.98426	5.06655
8215	4.98426	5.02017
8216	4.98426	5.05379
8217	4.98426	5.1083
8218	4.98426	5.01274
8219	4.98426	5.0087
8220	4.98426	5.05206
8221	4.98426	5.02171
8222	4.98426	4.98426
8223	4.98426	4.99867
8224	4.98426	5.00731
8225	4.98426	4.99524
8226	4.98426	5.05318
8227	4.98426	5.07553
8228	4.98426	4.98956
8229	4.98426	4.9849
8230	4.98426	4.99108
8231	4.98426	5.00365
8232	4.98426	4.99011
8233	4.98426	4.98463
8234	4.98426	5.00537
8235	4.98426	5.01082
8236	4.98426	5.03018
8237	4.98426	5.02757
8238	4.98426	5.0132
8239	4.98426	5.0117
8240	4.98426	5.04701
8241	4.98426	5.12957
8242	4.98426	5.08401
8243	4.98426	5.03436
8244	4.98426	5.096
8245	4.98426	5.10134
8246	4.98426	5.09883
8247	4.98426	4.99425
8248	4.98426	5.03347
8249	4.98426	5.05215
8250	4.98426	5.08463
8251	4.98426	4.99425
8252	4.98426	5.00746
8253	4.98426	5.00296
8254	4.98426	5.01227
8255	4.98426	5.02512
8256	4.98426	5.15695
8257	4.98426	5.13627
8258	4.98426	5.08424
8259	4.98426	5.0733
8260	4.98426	5.0412
8261	4.98426	5.03642
8262	4.98426	5.01868
8263	4.98426	4.99686
8264	4.98426	4.99355
8265	4.98426	5.01366
8266	4.98426	4.99148
8267	4.98426	4.98903
8268	4.98426	4.98426
8269	4.98426	5.01662
8270	4.98426	5.00081
8271	4.98426	4.98852
8272	4.98426	4.99692
8273	4.98426	5.04023
8274	4.98426	5.0105
8275	4.98426	5.00846
8276	4.98426	4.98444
8277	4.98426	4.98426
8278	4.98426	4.99447
8279	4.98426	5.04543
8280	4.98426	4.98426
8281	4.98426	4.99103
8282	4.98426	4.98734
8283	4.98426	4.98941
8284	4.98426	5.00442
8285	4.98426	4.98426
8286	4.98426	4.98426
8287	4.98426	4.98426
8288	4.98426	4.99631
8289	4.98426	4.99003
8290	4.98426	4.99248
8291	4.98426	5.05727
8292	4.98426	5.10462
8293	4.98426	5.13678
8294	4.98426	5.01782
8295	4.98426	5.03212
8296	4.98426	5.11144
8297	4.98426	5.04135
8298	4.98426	5.14222
8299	4.98426	5.17319
8300	4.98426	5.08529
8301	4.98426	5.11501
8302	4.98426	5.07048
8303	4.98426	5.01109
8304	4.98426	5.0075
8305	4.98426	5.03631
8306	4.98426	5.12029
8307	4.98426	5.07896
8308	4.98426	4.98561
8309	4.98426	5.02502
8310	4.98426	4.98972
8311	4.98426	5.09505
8312	4.98426	5.05912
8313	4.98426	5.02199
8314	4.98426	5.06168
8315	4.98426	5.06392
8316	4.98426	5.11548
8317	4.98426	5.03789
8318	4.98426	5.02702
8319	4.98426	5.05374
8320	4.98426	5.13645
8321	4.98426	5.07207
8322	4.98426	5.07454
8323	4.98426	5.04373
8324	4.98426	5.02803
8325	4.98426	5.056
8326	4.98426	5.07797
8327	4.98426	5.00619
8328	4.98426	5.00208
8329	4.98426	4.98426
8330	4.98426	4.98426
8331	4.98426	5.0088
8332	4.98426	4.98426
8333	4.98426	4.98447
8334	4.98426	5.03689
8335	4.98426	5.02176
8336	4.98426	5.06516
8337	4.98426	5.07062
8338	4.98426	5.1536
8339	4.98426	5.05216
8340	4.98426	4.99817
8341	4.98426	5.00449
8342	4.98426	4.99866
8343	4.98426	5.07087
8344	4.98426	4.99573
8345	4.98426	5.06327
8346	4.98426	5.12788
8347	4.98426	5.0486
8348	4.98426	5.05424
8349	4.98426	5.11987
8350	4.98426	5.03592
8351	4.98426	4.9861
8352	4.98426	4.99334
8353	4.98426	4.98426
8354	4.98426	4.98426
8355	4.98426	4.98426
8356	4.98426	5.01695
8357	4.98426	4.98426
8358	4.98426	4.98426
8359	4.98426	4.98506
8360	4.98426	4.98426
8361	4.98426	5.10581
8362	4.98426	5.05973
8363	4.98426	5.02591
8364	4.98426	4.98882
8365	4.98426	5.06391
8366	4.98426	5.04087
8367	4.98426	5.13263
8368	4.98426	5.11458
8369	4.98426	4.98958
8370	4.98426	5.1018
8371	4.98426	5.04099
8372	4.98426	5.03489
8373	4.98426	5.02375
8374	4.98426	4.99484
8375	4.98426	5.03724
8376	4.98426	5.00206
8377	4.98426	5.02358
8378	4.98426	5.00902
8379	4.98426	5.10692
8380	4.98426	5.05802
8381	4.98426	5.09595
8382	4.98426	4.98687
8383	4.98426	4.99021
8384	4.98426	4.98426
8385	4.98426	5.04437
8386	4.98426	5.15287
8387	4.98426	5.06562
8388	4.98426	5.06855
8389	4.98426	5.08106
8390	4.98426	5.09294
8391	4.98426	5.06816
8392	4.98426	5.09989
8393	4.98426	5.01195
8394	4.98426	5.03874
8395	4.98426	4.98771
8396	4.98426	5.00215
8397	4.98426	5.04656
8398	4.98426	5.01498
8399	4.98426	5.0648
8400	4.98426	5.00968
8401	4.98426	5.03194
8402	4.98426	5.09196
8403	4.98426	5.15258
8404	4.98426	5.03071
8405	4.98426	5.01796
8406	4.98426	4.98426
8407	4.98426	4.98481
8408	4.98426	4.98426
8409	4.98426	4.98824
8410	4.98426	4.98426
8411	4.98426	5.03266
8412	4.98426	4.98697
8413	4.98426	4.98773
8414	4.98426	5.01135
8415	4.98426	5.07959
8416	4.98426	5.05376
8417	4.98426	5.01019
8418	4.98426	5.036
8419	4.98426	5.00687
8420	4.98426	5.01429
8421	4.98426	5.00023
8422	4.98426	4.98426
8423	4.98426	4.9848
8424	4.98426	4.9848
8425	4.98426	5.04384
8426	4.98426	4.99134
8427	4.98426	4.99461
8428	4.98426	5.0205
8429	4.98426	4.99124
8430	4.98426	5.00443
8431	4.98426	5.05339
8432	4.98426	5.04049
8433	4.98426	5.01319
8434	4.98426	4.98894
8435	4.98426	4.99223
8436	4.98426	5.05989
8437	4.98426	5.01238
8438	4.98426	5.00339
8439	4.98426	5.04438
8440	4.98426	5.10735
8441	4.98426	5.05709
8442	4.98426	5.04074
8443	4.98426	5.00907
8444	4.98426	5.0266
8445	4.98426	5.03559
8446	4.98426	4.98426
8447	4.98426	4.98426
8448	4.98426	4.98426
8449	4.98426	4.98426
8450	4.98426	4.98426
8451	4.98426	4.99447
8452	4.98426	5.00566
8453	4.98426	5.02188
8454	4.98426	5.08768
8455	4.98426	5.10103
8456	4.98426	5.11573
8457	4.98426	5.20505
8458	4.98426	5.04317
8459	4.98426	5.01816
8460	4.98426	4.99757
8461	4.98426	4.99446
8462	4.98426	4.99096
8463	4.98426	5.0008
8464	4.98426	5.06999
8465	4.98426	5.04658
8466	4.98426	5.06337
8467	4.98426	5.0313
8468	4.98426	5.09573
8469	4.98426	4.99774
8470	4.98426	5.06238
8471	4.98426	5.07417
8472	4.98426	5.00636
8473	4.98426	5.05047
8474	4.98426	5.10187
8475	4.98426	5.04545
8476	4.98426	5.05368
8477	4.98426	5.03955
8478	4.98426	5.00088
8479	4.98426	5.00251
8480	4.98426	5.00577
8481	4.98426	4.98453
8482	4.98426	4.99637
8483	4.98426	4.99933
8484	4.98426	5.00402
8485	4.98426	5.04781
8486	4.98426	5.01443
8487	4.98426	4.9992
8488	4.98426	5.01409
8489	4.98426	4.98426
8490	4.98426	4.98661
8491	4.98426	4.98426
8492	4.98426	4.98426
8493	4.98426	4.98426
8494	4.98426	4.98426
8495	4.98426	4.98902
8496	4.98426	5.00272
8497	4.98426	4.99562
8498	4.98426	5.02047
8499	4.98426	5.06112
8500	4.98426	5.08814
8501	4.98426	5.07673
8502	4.98426	5.19791
8503	4.98426	5.15254
8504	4.98426	5.08413
8505	4.98426	5.17264
8506	4.98426	5.05673
8507	4.98426	5.00052
8508	4.98426	5.04038
8509	4.98426	5.10242
8510	4.98426	5.08408
8511	4.98426	5.00321
8512	4.98426	4.98566
8513	4.98426	5.02894
8514	4.98426	5.05009
8515	4.98426	4.98426
8516	4.98426	5.01828
8517	4.98426	4.9945
8518	4.98426	5.04643
8519	4.98426	5.02843
8520	4.98426	5.01082
8521	4.98426	5.01388
8522	4.98426	5.01344
8523	4.98426	4.98546
8524	4.98426	4.98426
8525	4.98426	4.98503
8526	4.98426	4.9972
8527	4.98426	5.04142
8528	4.98426	5.01453
8529	4.98426	5.0517
8530	4.98426	5.07883
8531	4.98426	5.01988
8532	4.98426	5.00315
8533	4.98426	5.00325
8534	4.98426	5.09215
8535	4.98426	5.04576
8536	4.98426	5.16397
8537	4.98426	5.13517
8538	4.98426	5.10565
8539	4.98426	5.12463
8540	4.98426	5.04398
8541	4.98426	5.09641
8542	4.98426	5.07731
8543	4.98426	4.99546
8544	4.98426	4.98426
8545	4.98426	4.99095
8546	4.98426	4.98498
8547	4.98426	4.98444
8548	4.98426	4.98426
8549	4.98426	5.00273
8550	4.98426	5.01702
8551	4.98426	4.98903
8552	4.98426	4.99722
8553	4.98426	5.01511
8554	4.98426	4.99393
8555	4.98426	5.01712
8556	4.98426	4.99805
8557	4.98426	5.06953
8558	4.98426	5.07326
8559	4.98426	5.09636
8560	4.98426	5.11926
8561	4.98426	5.08093
8562	4.98426	5.15576
8563	4.98426	5.08479
8564	4.98426	5.11683
8565	4.98426	5.22764
8566	4.98426	5.20724
8567	4.98426	5.19942
8568	4.98426	5.15286
8569	4.98426	5.08586
8570	4.98426	5.12753
8571	4.98426	4.98434
8572	4.98426	4.98639
8573	4.98426	4.98426
8574	4.98426	4.98426
8575	4.98426	4.98887
8576	4.98426	4.98426
8577	4.98426	4.98461
8578	4.98426	4.98861
8579	4.98426	5.02607
8580	4.98426	5.02279
8581	4.98426	5.09346
8582	4.98426	5.00902
8583	4.98426	4.99384
8584	4.98426	5.02885
8585	4.98426	4.9935
8586	4.98426	5.0645
8587	4.98426	5.05711
8588	4.98426	5.0589
8589	4.98426	5.09949
8590	4.98426	5.10586
8591	4.98426	5.09247
8592	4.98426	5.113
8593	4.98426	5.0506
8594	4.98426	5.01496
8595	4.98426	5.00107
8596	4.98426	5.11101
8597	4.98426	5.13781
8598	4.98426	5.04832
8599	4.98426	5.00969
8600	4.98426	4.98426
8601	4.98426	5.0009
8602	4.98426	4.99325
8603	4.98426	5.0647
8604	4.98426	4.99172
8605	4.98426	4.98444
8606	4.98426	4.98426
8607	4.98426	4.99536
8608	4.98426	4.98887
8609	4.98426	5.00266
8610	4.98426	4.99649
8611	4.98426	5.00878
8612	4.98426	5.10445
8613	4.98426	5.08014
8614	4.98426	5.12982
8615	4.98426	5.09216
8616	4.98426	5.05612
8617	4.98426	5.03434
8618	4.98426	4.99943
8619	4.98426	5.0014
8620	4.98426	5.04457
8621	4.98426	5.12593
8622	4.98426	5.05068
8623	4.98426	5.02982
8624	4.98426	5.05965
8625	4.98426	5.03127
8626	4.98426	5.00425
8627	4.98426	5.02942
8628	4.98426	5.02691
8629	4.98426	5.04406
8630	4.98426	5.01165
8631	4.98426	5.08777
8632	4.98426	5.00393
8633	4.98426	5.02271
8634	4.98426	4.98596
8635	4.98426	5.02862
8636	4.98426	5.01124
8637	4.98426	4.99335
8638	4.98426	4.98426
8639	4.98426	4.98763
8640	4.98426	5.00083
8641	4.98426	4.9964
8642	4.98426	5.00033
8643	4.98426	4.99448
8644	4.98426	4.99338
8645	4.98426	5.00678
8646	4.98426	5.02436
8647	4.98426	5.00248
8648	4.98426	4.98684
8649	4.98426	5.00322
8650	4.98426	4.98426
8651	4.98426	5.00011
8652	4.98426	4.98426
8653	4.98426	4.98426
8654	4.98426	4.98426
8655	4.98426	5.00446
8656	4.98426	4.98471
8657	4.98426	5.02386
8658	4.98426	5.03945
8659	4.98426	5.04635
8660	4.98426	5.21888
8661	4.98426	5.18692
8662	4.98426	5.11539
8663	4.98426	5.01396
8664	4.98426	4.98885
8665	4.98426	5.04119
8666	4.98426	5.00956
8667	4.98426	5.04554
8668	4.98426	4.98426
8669	4.98426	5.01315
8670	4.98426	5.00491
8671	4.98426	5.03602
8672	4.98426	5.11279
8673	4.98426	5.06684
8674	4.98426	5.00615
8675	4.98426	5.0418
8676	4.98426	4.9848
8677	4.98426	4.98434
8678	4.98426	4.98444
8679	4.98426	4.98426
8680	4.98426	4.98426
8681	4.98426	5.00795
8682	4.98426	5.00055
8683	4.98426	4.98885
8684	4.98426	5.07287
8685	4.98426	5.01484
8686	4.98426	5.01318
8687	4.98426	5.0433
8688	4.98426	5.02511
8689	4.98426	5.02735
8690	4.98426	5.04541
8691	4.98426	5.14352
8692	4.98426	5.09796
8693	4.98426	5.11539
8694	4.98426	5.03456
8695	4.98426	5.11873
8696	4.98426	5.05627
8697	4.98426	5.09795
8698	4.98426	4.98652
8699	4.98426	5.04443
8700	4.98426	4.9951
8701	4.98426	5.00197
8702	4.98426	5.04255
8703	4.98426	5.02293
8704	4.98426	5.04194
8705	4.98426	5.0138
8706	4.98426	5.00321
8707	4.98426	4.99319
8708	4.98426	4.98733
8709	4.98426	5.01272
8710	4.98426	4.99999
8711	4.98426	5.00431
8712	4.98426	5.0597
8713	4.98426	4.99268
8714	4.98426	5.09285
8715	4.98426	5.1632
8716	4.98426	5.20213
8717	4.98426	5.16616
8718	4.98426	5.0479
8719	4.98426	5.15451
8720	4.98426	5.15337
8721	4.98426	5.07037
8722	4.98426	5.1164
8723	4.98426	5.19277
8724	4.98426	5.05691
8725	4.98426	5.04168
8726	4.98426	5.01701
8727	4.98426	5.0338
8728	4.98426	5.05674
8729	4.98426	5.06021
8730	4.98426	5.02836
8731	4.98426	4.98466
8732	4.98426	4.98524
8733	4.98426	5.02613
8734	4.98426	5.01736
8735	4.98426	4.99134
8736	4.98426	5.03892
8737	4.98426	5.04252
8738	4.98426	4.98735
8739	4.98426	5.01043
8740	4.98426	5.00756
8741	4.98426	5.05949
8742	4.98426	5.05502
8743	4.98426	5.01397
8744	4.98426	5.08324
8745	4.98426	5.02379
8746	4.98426	5.15472
8747	4.98426	5.00683
8748	4.98426	5.01991
8749	4.98426	4.99974
8750	4.98426	5.0183
8751	4.98426	4.98426
8752	4.98426	5.00011
8753	4.98426	5.03014
8754	4.98426	5.09978
8755	4.98426	5.02339
8756	4.98426	4.99973
8757	4.98426	5.00841
8758	4.98426	5.01089
8759	4.98426	5.05541
8760	4.98426	5.06089
8761	4.98426	4.98729
8762	4.98426	5.00166
8763	4.98426	4.98461
8764	4.98426	5.0601
8765	4.98426	5.01732
8766	4.98426	4.99627
8767	4.98426	5.0025
8768	4.98426	5.05678
8769	4.98426	4.98622
8770	4.98426	4.98426
8771	4.98426	5.02211
8772	4.98426	5.0104
8773	4.98426	5.00281
8774	4.98426	5.00641
8775	4.98426	4.98466
8776	4.98426	5.00557
8777	4.98426	5.05683
8778	4.98426	5.00652
8779	4.98426	4.98809
8780	4.98426	4.98677
8781	4.98426	4.99116
8782	4.98426	5.0134
8783	4.98426	5.08646
8784	4.98426	5.00013
8785	4.98426	4.98466
8786	4.98426	4.98475
8787	4.98426	5.05857
8788	4.98426	4.99914
8789	4.98426	4.98426
8790	4.98426	5.06518
8791	4.98426	5.08455
8792	4.98426	5.01124
8793	4.98426	4.99778
8794	4.98426	5.0477
8795	4.98426	5.02536
8796	4.98426	4.98431
8797	4.98426	4.98426
8798	4.98426	4.98426
8799	4.98426	4.98426
8800	4.98426	4.98426
8801	4.98426	4.99128
8802	4.98426	4.98426
8803	4.98426	4.98426
8804	4.98426	4.98426
8805	4.98426	4.98426
8806	4.98426	4.98426
8807	4.98426	4.98645
8808	4.98426	4.98426
8809	4.98426	5.05014
8810	4.98426	5.01966
8811	4.98426	5.04486
8812	4.98426	5.15153
8813	4.98426	5.12197
8814	4.98426	5.0258
8815	4.98426	5.03609
8816	4.98426	5.01535
8817	4.98426	5.01022
8818	4.98426	5.0484
8819	4.98426	5.11454
8820	4.98426	5.193
8821	4.98426	5.07743
8822	4.98426	5.13543
8823	4.98426	5.18891
8824	4.98426	5.13328
8825	4.98426	4.99534
8826	4.98426	5.01015
8827	4.98426	5.01636
8828	4.98426	4.99695
8829	4.98426	4.98426
8830	4.98426	5.01074
8831	4.98426	4.98613
8832	4.98426	5.00255
8833	4.98426	5.00626
8834	4.98426	5.00664
8835	4.98426	5.01427
8836	4.98426	5.00775
8837	4.98426	5.03583
8838	4.98426	5.09285
8839	4.98426	5.10947
8840	4.98426	5.02134
8841	4.98426	5.00641
8842	4.98426	4.98444
8843	4.98426	5.0019
8844	4.98426	4.99241
8845	4.98426	5.07983
8846	4.98426	5.06244
8847	4.98426	5.04246
8848	4.98426	5.03497
8849	4.98426	5.01205
8850	4.98426	4.9892
8851	4.98426	4.98431
8852	4.98426	4.98426
8853	4.98426	4.98426
8854	4.98426	4.997
8855	4.98426	5.07392
8856	4.98426	5.01699
8857	4.98426	5.04454
8858	4.98426	5.09066
8859	4.98426	4.98426
8860	4.98426	5.00093
8861	4.98426	4.99922
8862	4.98426	4.98912
8863	4.98426	4.98804
8864	4.98426	4.98658
8865	4.98426	5.01344
8866	4.98426	5.07073
8867	4.98426	5.18508
8868	4.98426	5.15948
8869	4.98426	5.21314
8870	4.98426	5.11838
8871	4.98426	5.06282
8872	4.98426	5.04539
8873	4.98426	5.10435
8874	4.98426	5.21226
8875	4.98426	5.15852
8876	4.98426	5.03094
8877	4.98426	5.04433
8878	4.98426	5.00984
8879	4.98426	5.00851
8880	4.98426	4.98998
8881	4.98426	4.98426
8882	4.98426	5.00927
8883	4.98426	4.99036
8884	4.98426	5.01235
8885	4.98426	4.98892
8886	4.98426	4.99381
8887	4.98426	4.99278
8888	4.98426	4.9962
8889	4.98426	5.01156
8890	4.98426	4.99618
8891	4.98426	4.99991
8892	4.98426	5.03151
8893	4.98426	5.02435
8894	4.98426	5.05529
8895	4.98426	4.98746
8896	4.98426	5.00005
8897	4.98426	4.98466
8898	4.98426	4.98586
8899	4.98426	5.04657
8900	4.98426	5.06862
8901	4.98426	5.00844
8902	4.98426	4.9942
8903	4.98426	5.01761
8904	4.98426	4.9899
8905	4.98426	5.10336
8906	4.98426	4.99847
8907	4.98426	5.05522
8908	4.98426	5.24021
8909	4.98426	5.19228
8910	4.98426	5.12474
8911	4.98426	5.09349
8912	4.98426	5.10026
8913	4.98426	5.14897
8914	4.98426	5.13492
8915	4.98426	5.10018
8916	4.98426	5.02827
8917	4.98426	4.99442
8918	4.98426	4.98426
8919	4.98426	4.99188
8920	4.98426	4.9882
8921	4.98426	4.99692
8922	4.98426	5.0122
8923	4.98426	4.98426
8924	4.98426	4.99262
8925	4.98426	5.00221
8926	4.98426	4.98973
8927	4.98426	5.01874
8928	4.98426	5.02805
8929	4.98426	5.07079
8930	4.98426	5.0768
8931	4.98426	5.09628
8932	4.98426	5.09668
8933	4.98426	5.10211
8934	4.98426	5.02421
8935	4.98426	5.00762
8936	4.98426	5.12414
8937	4.98426	5.111
8938	4.98426	5.00152
8939	4.98426	5.09365
8940	4.98426	5.18205
8941	4.98426	4.98759
8942	4.98426	4.99895
8943	4.98426	4.98573
8944	4.98426	4.99831
8945	4.98426	5.15877
8946	4.98426	5.17624
8947	4.98426	5.07445
8948	4.98426	5.01219
8949	4.98426	4.99629
8950	4.98426	5.02317
8951	4.98426	4.99485
8952	4.98426	5.13229
8953	4.98426	5.18182
8954	4.98426	5.14524
8955	4.98426	5.0763
8956	4.98426	5.0002
8957	4.98426	5.00265
8958	4.98426	5.05834
8959	4.98426	5.05384
8960	4.98426	4.99385
8961	4.98426	5.0568
8962	4.98426	5.1112
8963	4.98426	5.04361
8964	4.98426	5.0411
8965	4.98426	5.08223
8966	4.98426	5.03164
8967	4.98426	5.12701
8968	4.98426	5.01081
8969	4.98426	5.04846
8970	4.98426	5.07356
8971	4.98426	5.07323
8972	4.98426	5.00642
8973	4.98426	5.1259
8974	4.98426	5.0314
8975	4.98426	4.98928
8976	4.98426	5.00762
8977	4.98426	5.03183
8978	4.98426	5.04437
8979	4.98426	5.00349
8980	4.98426	4.99704
8981	4.98426	4.98613
8982	4.98426	5.01784
8983	4.98426	5.01939
8984	4.98426	4.98821
8985	4.98426	4.98662
8986	4.98426	4.98468
8987	4.98426	4.99961
8988	4.98426	4.98458
8989	4.98426	5.00315
8990	4.98426	4.99853
8991	4.98426	4.98426
8992	4.98426	5.00059
8993	4.98426	4.98712
8994	4.98426	5.02293
8995	4.98426	4.99242
8996	4.98426	4.98811
8997	4.98426	4.99752
8998	4.98426	4.98426
8999	4.98426	4.99383
9000	4.98426	5.03557
9001	4.98426	5.03619
9002	4.98426	5.04013
9003	4.98426	5.06378
9004	4.98426	5.06669
9005	4.98426	5.02194
9006	4.98426	5.05175
9007	4.98426	5.03964
9008	4.98426	5.02244
9009	4.98426	5.12917
9010	4.98426	5.04423
9011	4.98426	5.11404
9012	4.98426	5.17542
9013	4.98426	5.09211
9014	4.98426	5.05584
9015	4.98426	5.1023
9016	4.98426	5.09149
9017	4.98426	5.03609
9018	4.98426	4.99454
9019	4.98426	4.99871
9020	4.98426	5.02644
9021	4.98426	5.0158
9022	4.98426	5.03283
9023	4.98426	4.98426
9024	4.98426	5.12105
9025	4.98426	5.06243
9026	4.98426	5.0052
9027	4.98426	5.0004
9028	4.98426	5.06175
9029	4.98426	5.0521
9030	4.98426	4.9862
9031	4.98426	5.02028
9032	4.98426	5.01442
9033	4.98426	4.99054
9034	4.98426	5.00645
9035	4.98426	5.01184
9036	4.98426	5.0462
9037	4.98426	5.04424
9038	4.98426	5.038
9039	4.98426	5.00462
9040	4.98426	5.02424
9041	4.98426	5.04001
9042	4.98426	4.98444
9043	4.98426	4.99136
9044	4.98426	4.99632
9045	4.98426	5.07912
9046	4.98426	5.1243
9047	4.98426	5.18079
9048	4.98426	5.01096
9049	4.98426	4.98426
9050	4.98426	4.99953
9051	4.98426	4.98552
9052	4.98426	4.99723
9053	4.98426	5.00954
9054	4.98426	4.99829
9055	4.98426	5.00278
9056	4.98426	4.99629
9057	4.98426	4.98733
9058	4.98426	4.98525
9059	4.98426	4.98886
9060	4.98426	4.98447
9061	4.98426	4.98426
9062	4.98426	5.03469
9063	4.98426	5.04155
9064	4.98426	5.06232
9065	4.98426	5.08074
9066	4.98426	5.06699
9067	4.98426	5.01798
9068	4.98426	5.00129
9069	4.98426	5.00451
9070	4.98426	4.99354
9071	4.98426	4.98531
9072	4.98426	4.99713
9073	4.98426	5.00857
9074	4.98426	4.98426
9075	4.98426	4.98426
9076	4.98426	4.98453
9077	4.98426	4.99113
9078	4.98426	5.00715
9079	4.98426	4.98426
9080	4.98426	4.98426
9081	4.98426	4.98467
9082	4.98426	5.07722
9083	4.98426	5.02253
9084	4.98426	5.01482
9085	4.98426	5.03424
9086	4.98426	4.98471
9087	4.98426	4.98466
9088	4.98426	4.98426
9089	4.98426	5.0229
9090	4.98426	4.99923
9091	4.98426	5.0934
9092	4.98426	5.0811
9093	4.98426	5.04164
9094	4.98426	5.13887
9095	4.98426	5.08169
9096	4.98426	5.02319
9097	4.98426	5.0397
9098	4.98426	5.04056
9099	4.98426	5.14015
9100	4.98426	5.15532
9101	4.98426	5.06973
9102	4.98426	5.03793
9103	4.98426	5.1084
9104	4.98426	4.99248
9105	4.98426	5.0723
9106	4.98426	5.17581
9107	4.98426	5.26949
9108	4.98426	5.16394
9109	4.98426	5.05271
9110	4.98426	4.99072
9111	4.98426	4.99356
9112	4.98426	5.01905
9113	4.98426	5.04686
9114	4.98426	5.07269
9115	4.98426	5.092
9116	4.98426	5.00193
9117	4.98426	4.99911
9118	4.98426	5.10215
9119	4.98426	5.09188
9120	4.98426	5.07131
9121	4.98426	5.01105
9122	4.98426	4.99012
9123	4.98426	4.98426
9124	4.98426	4.99685
9125	4.98426	5.04548
9126	4.98426	5.08983
9127	4.98426	5.14921
9128	4.98426	5.17661
9129	4.98426	5.05553
9130	4.98426	5.04402
9131	4.98426	5.02881
9132	4.98426	5.05251
9133	4.98426	5.01103
9134	4.98426	5.05211
9135	4.98426	4.98426
9136	4.98426	4.98426
9137	4.98426	4.99107
9138	4.98426	4.99846
9139	4.98426	4.98426
9140	4.98426	4.98426
9141	4.98426	4.98426
9142	4.98426	4.98426
9143	4.98426	4.98426
9144	4.98426	4.99387
9145	4.98426	5.06532
9146	4.98426	5.10573
9147	4.98426	5.12548
9148	4.98426	5.11513
9149	4.98426	5.01991
9150	4.98426	5.0342
9151	4.98426	5.06169
9152	4.98426	5.06462
9153	4.98426	5.19602
9154	4.98426	5.12009
9155	4.98426	5.08882
9156	4.98426	5.11401
9157	4.98426	5.11055
9158	4.98426	5.05007
9159	4.98426	4.98784
9160	4.98426	5.07415
9161	4.98426	5.03385
9162	4.98426	5.02864
9163	4.98426	4.99326
9164	4.98426	5.03209
9165	4.98426	5.03403
9166	4.98426	5.00304
9167	4.98426	5.10988
9168	4.98426	5.09544
9169	4.98426	4.99679
9170	4.98426	4.98767
9171	4.98426	5.03538
9172	4.98426	4.99817
9173	4.98426	4.98466
9174	4.98426	5.01138
9175	4.98426	4.99431
9176	4.98426	5.03746
9177	4.98426	4.99163
9178	4.98426	5.01924
9179	4.98426	5.02784
9180	4.98426	5.03069
9181	4.98426	5.01082
9182	4.98426	5.04577
9183	4.98426	4.98426
9184	4.98426	4.98472
9185	4.98426	4.98426
9186	4.98426	4.98426
9187	4.98426	5.00114
9188	4.98426	5.0584
9189	4.98426	5.11342
9190	4.98426	5.03824
9191	4.98426	5.14215
9192	4.98426	5.24617
9193	4.98426	5.15611
9194	4.98426	5.03409
9195	4.98426	4.99077
9196	4.98426	4.99111
9197	4.98426	4.99885
9198	4.98426	5.11441
9199	4.98426	5.05989
9200	4.98426	5.01741
9201	4.98426	4.98807
9202	4.98426	4.98426
9203	4.98426	4.98439
9204	4.98426	4.98716
9205	4.98426	4.98426
9206	4.98426	4.98426
9207	4.98426	4.98426
9208	4.98426	4.99992
9209	4.98426	5.05736
9210	4.98426	5.00438
9211	4.98426	5.0016
9212	4.98426	5.00161
9213	4.98426	4.98705
9214	4.98426	4.99282
9215	4.98426	5.01745
9216	4.98426	5.00149
9217	4.98426	5.00301
9218	4.98426	5.03485
9219	4.98426	5.01244
9220	4.98426	5.00485
9221	4.98426	5.02536
9222	4.98426	5.01098
9223	4.98426	5.10922
9224	4.98426	5.0571
9225	4.98426	5.02541
9226	4.98426	5.07762
9227	4.98426	5.11367
9228	4.98426	5.16967
9229	4.98426	4.99893
9230	4.98426	4.98426
9231	4.98426	4.98426
9232	4.98426	4.98426
9233	4.98426	4.98538
9234	4.98426	4.99184
9235	4.98426	5.03266
9236	4.98426	4.99053
9237	4.98426	5.07715
9238	4.98426	5.06455
9239	4.98426	4.98516
9240	4.98426	5.00503
9241	4.98426	4.99155
9242	4.98426	5.01077
9243	4.98426	5.0699
9244	4.98426	5.06797
9245	4.98426	5.21531
9246	4.98426	5.02004
9247	4.98426	5.00716
9248	4.98426	4.9869
9249	4.98426	4.98481
9250	4.98426	4.99991
9251	4.98426	4.98464
9252	4.98426	4.98431
9253	4.98426	4.98781
9254	4.98426	5.01141
9255	4.98426	4.99962
9256	4.98426	5.01164
9257	4.98426	5.00805
9258	4.98426	5.00327
9259	4.98426	4.98426
9260	4.98426	4.98892
9261	4.98426	4.98426
9262	4.98426	5.03641
9263	4.98426	5.04344
9264	4.98426	5.0433
9265	4.98426	5.00444
9266	4.98426	5.00453
9267	4.98426	4.99625
9268	4.98426	5.00908
9269	4.98426	5.00655
9270	4.98426	4.99803
9271	4.98426	5.00663
9272	4.98426	5.01311
9273	4.98426	5.06437
9274	4.98426	5.10067
9275	4.98426	5.13825
9276	4.98426	5.09342
9277	4.98426	5.03089
9278	4.98426	4.98687
9279	4.98426	4.98426
9280	4.98426	4.98426
9281	4.98426	4.98551
9282	4.98426	4.99636
9283	4.98426	5.01057
9284	4.98426	4.98426
9285	4.98426	4.98544
9286	4.98426	5.05387
9287	4.98426	5.02573
9288	4.98426	5.12942
9289	4.98426	5.11174
9290	4.98426	5.14837
9291	4.98426	5.13765
9292	4.98426	5.03241
9293	4.98426	5.0175
9294	4.98426	5.07701
9295	4.98426	5.09385
9296	4.98426	5.25846
9297	4.98426	5.17833
9298	4.98426	5.02525
9299	4.98426	5.01625
9300	4.98426	5.03739
9301	4.98426	5.05737
9302	4.98426	4.99095
9303	4.98426	4.98751
9304	4.98426	4.98426
9305	4.98426	4.99213
9306	4.98426	4.99378
9307	4.98426	4.98497
9308	4.98426	5.0447
9309	4.98426	4.99729
9310	4.98426	4.98586
9311	4.98426	5.02601
9312	4.98426	5.04348
9313	4.98426	5.00452
9314	4.98426	4.98466
9315	4.98426	5.05961
9316	4.98426	5.04419
9317	4.98426	5.03777
9318	4.98426	5.00176
9319	4.98426	5.02013
9320	4.98426	5.00337
9321	4.98426	5.0838
9322	4.98426	5.13804
9323	4.98426	5.19311
9324	4.98426	5.09101
9325	4.98426	5.035
9326	4.98426	5.0322
9327	4.98426	5.01525
9328	4.98426	5.05046
9329	4.98426	5.04276
9330	4.98426	5.03419
9331	4.98426	5.12786
9332	4.98426	5.11375
9333	4.98426	5.16869
9334	4.98426	5.17683
9335	4.98426	5.05963
9336	4.98426	5.06944
9337	4.98426	5.00261
9338	4.98426	4.99025
9339	4.98426	4.98523
9340	4.98426	5.00195
9341	4.98426	5.03335
9342	4.98426	5.03484
9343	4.98426	5.05498
9344	4.98426	5.03503
9345	4.98426	5.11307
9346	4.98426	5.03254
9347	4.98426	5.01892
9348	4.98426	5.03954
9349	4.98426	5.07722
9350	4.98426	5.00082
9351	4.98426	5.05433
9352	4.98426	4.98426
9353	4.98426	5.00268
9354	4.98426	5.01352
9355	4.98426	5.01802
9356	4.98426	5.01624
9357	4.98426	5.00107
9358	4.98426	4.98494
9359	4.98426	4.99202
9360	4.98426	5.02269
9361	4.98426	5.05971
9362	4.98426	5.10834
9363	4.98426	5.04817
9364	4.98426	5.06767
9365	4.98426	5.16405
9366	4.98426	5.16054
9367	4.98426	5.12426
9368	4.98426	5.12249
9369	4.98426	5.09217
9370	4.98426	5.0202
9371	4.98426	5.03216
9372	4.98426	5.14243
9373	4.98426	5.09638
9374	4.98426	5.0266
9375	4.98426	5.02677
9376	4.98426	4.99555
9377	4.98426	4.99745
9378	4.98426	5.01028
9379	4.98426	4.98952
9380	4.98426	4.99375
9381	4.98426	5.01847
9382	4.98426	5.0277
9383	4.98426	5.0259
9384	4.98426	4.99361
9385	4.98426	4.98426
9386	4.98426	4.98483
9387	4.98426	4.98637
9388	4.98426	5.06762
9389	4.98426	5.08177
9390	4.98426	5.02187
9391	4.98426	4.99571
9392	4.98426	4.99403
9393	4.98426	5.01676
9394	4.98426	4.98824
9395	4.98426	5.00772
9396	4.98426	5.01656
9397	4.98426	4.98792
9398	4.98426	4.99013
9399	4.98426	4.98996
9400	4.98426	4.98426
9401	4.98426	4.98426
9402	4.98426	5.00427
9403	4.98426	4.99058
9404	4.98426	5.12844
9405	4.98426	5.16506
9406	4.98426	5.1168
9407	4.98426	5.06647
9408	4.98426	5.03894
9409	4.98426	5.00641
9410	4.98426	5.01008
9411	4.98426	5.00703
9412	4.98426	5.21333
9413	4.98426	5.10133
9414	4.98426	5.01873
9415	4.98426	5.02113
9416	4.98426	4.98426
9417	4.98426	4.98964
9418	4.98426	4.98524
9419	4.98426	4.98475
9420	4.98426	4.99172
9421	4.98426	4.98426
9422	4.98426	4.98426
9423	4.98426	4.98426
9424	4.98426	4.98594
9425	4.98426	4.99973
9426	4.98426	4.98426
9427	4.98426	4.98512
9428	4.98426	4.98819
9429	4.98426	5.02143
9430	4.98426	5.01897
9431	4.98426	5.03761
9432	4.98426	4.99631
9433	4.98426	4.99572
9434	4.98426	4.99139
9435	4.98426	4.98506
9436	4.98426	5.00514
9437	4.98426	5.00168
9438	4.98426	4.99086
9439	4.98426	4.99473
9440	4.98426	5.00487
9441	4.98426	4.98426
9442	4.98426	4.98426
9443	4.98426	5.00446
9444	4.98426	5.00522
9445	4.98426	5.17177
9446	4.98426	5.11546
9447	4.98426	5.10034
9448	4.98426	5.11006
9449	4.98426	5.10347
9450	4.98426	5.11037
9451	4.98426	5.1892
9452	4.98426	5.2156
9453	4.98426	5.06452
9454	4.98426	5.01454
9455	4.98426	5.02588
9456	4.98426	5.03108
9457	4.98426	5.016
9458	4.98426	4.99371
9459	4.98426	4.99485
9460	4.98426	4.98817
9461	4.98426	5.00719
9462	4.98426	5.02002
9463	4.98426	5.00464
9464	4.98426	5.00278
9465	4.98426	4.9847
9466	4.98426	4.98803
9467	4.98426	4.98668
9468	4.98426	4.98649
9469	4.98426	4.99147
9470	4.98426	4.99112
9471	4.98426	5.00749
9472	4.98426	5.02374
9473	4.98426	4.98879
9474	4.98426	5.00258
9475	4.98426	5.02985
9476	4.98426	5.06806
9477	4.98426	5.1089
9478	4.98426	5.22195
9479	4.98426	5.12946
9480	4.98426	5.0354
9481	4.98426	5.00429
9482	4.98426	5.04473
9483	4.98426	5.11964
9484	4.98426	5.01344
9485	4.98426	5.01651
9486	4.98426	5.01622
9487	4.98426	5.07592
9488	4.98426	5.13169
9489	4.98426	5.16542
9490	4.98426	5.17173
9491	4.98426	5.01558
9492	4.98426	5.01827
9493	4.98426	4.98426
9494	4.98426	4.9896
9495	4.98426	5.07846
9496	4.98426	5.05866
9497	4.98426	5.1054
9498	4.98426	5.09752
9499	4.98426	5.06727
9500	4.98426	5.08593
9501	4.98426	5.03573
9502	4.98426	5.20122
9503	4.98426	5.22737
9504	4.98426	5.11212
9505	4.98426	5.07387
9506	4.98426	5.07706
9507	4.98426	5.15157
9508	4.98426	5.29959
9509	4.98426	5.18909
9510	4.98426	5.09139
9511	4.98426	5.18008
9512	4.98426	5.14862
9513	4.98426	5.1197
9514	4.98426	5.04652
9515	4.98426	5.02835
9516	4.98426	5.00128
9517	4.98426	5.01452
9518	4.98426	5.01068
9519	4.98426	5.08964
9520	4.98426	5.00225
9521	4.98426	5.0549
9522	4.98426	5.0167
9523	4.98426	5.02615
9524	4.98426	5.02702
9525	4.98426	4.9912
9526	4.98426	5.01363
9527	4.98426	5.00528
9528	4.98426	4.98426
9529	4.98426	4.98426
9530	4.98426	4.98431
9531	4.98426	4.99117
9532	4.98426	4.98933
9533	4.98426	5.01457
9534	4.98426	5.00223
9535	4.98426	4.98426
9536	4.98426	5.00944
9537	4.98426	5.14567
9538	4.98426	5.16884
9539	4.98426	5.24643
9540	4.98426	5.01016
9541	4.98426	5.00665
9542	4.98426	5.00247
9543	4.98426	4.98978
9544	4.98426	5.00388
9545	4.98426	5.05994
9546	4.98426	5.09247
9547	4.98426	5.05044
9548	4.98426	5.11509
9549	4.98426	5.15194
9550	4.98426	5.144
9551	4.98426	5.01942
9552	4.98426	5.02097
9553	4.98426	5.08811
9554	4.98426	4.9978
9555	4.98426	5.06508
9556	4.98426	5.06074
9557	4.98426	5.10625
9558	4.98426	5.11481
9559	4.98426	5.09542
9560	4.98426	5.05989
9561	4.98426	5.11431
9562	4.98426	5.07779
9563	4.98426	5.00395
9564	4.98426	5.00162
9565	4.98426	5.04004
9566	4.98426	4.99276
9567	4.98426	4.99725
9568	4.98426	4.98556
9569	4.98426	4.98718
9570	4.98426	4.98969
9571	4.98426	4.98426
9572	4.98426	4.98426
9573	4.98426	5.01117
9574	4.98426	5.04715
9575	4.98426	5.20078
9576	4.98426	5.13565
9577	4.98426	5.1721
9578	4.98426	5.0929
9579	4.98426	5.164
9580	4.98426	5.05281
9581	4.98426	4.99293
9582	4.98426	5.05677
9583	4.98426	5.00516
9584	4.98426	5.06537
9585	4.98426	5.03419
9586	4.98426	5.01583
9587	4.98426	4.99263
9588	4.98426	4.99668
9589	4.98426	5.0043
9590	4.98426	5.01815
9591	4.98426	5.00945
9592	4.98426	5.02278
9593	4.98426	4.98426
9594	4.98426	5.01682
9595	4.98426	5.04403
9596	4.98426	5.07983
9597	4.98426	5.02988
9598	4.98426	4.98426
9599	4.98426	4.99098
9600	4.98426	5.02691
9601	4.98426	5.115
9602	4.98426	5.05101
9603	4.98426	5.0459
9604	4.98426	5.00731
9605	4.98426	5.07922
9606	4.98426	5.02147
9607	4.98426	5.02787
9608	4.98426	4.99707
9609	4.98426	4.98984
9610	4.98426	5.06529
9611	4.98426	5.0542
9612	4.98426	4.99819
9613	4.98426	5.0129
9614	4.98426	4.99104
9615	4.98426	5.00875
9616	4.98426	5.02591
9617	4.98426	4.99755
9618	4.98426	4.99052
9619	4.98426	5.03704
9620	4.98426	5.02413
9621	4.98426	5.02082
9622	4.98426	4.98426
9623	4.98426	5.02447
9624	4.98426	5.00854
9625	4.98426	5.00325
9626	4.98426	5.01264
9627	4.98426	5.07224
9628	4.98426	5.00129
9629	4.98426	4.98426
9630	4.98426	5.01871
9631	4.98426	4.99759
9632	4.98426	5.00496
9633	4.98426	5.06036
9634	4.98426	5.0026
9635	4.98426	5.07494
9636	4.98426	5.04231
9637	4.98426	5.10228
9638	4.98426	5.02981
9639	4.98426	5.03719
9640	4.98426	4.99609
9641	4.98426	5.02257
9642	4.98426	5.03058
9643	4.98426	4.98878
9644	4.98426	5.01361
9645	4.98426	5.07707
9646	4.98426	5.02422
9647	4.98426	5.01571
9648	4.98426	4.98794
9649	4.98426	5.01192
9650	4.98426	5.0086
9651	4.98426	5.02347
9652	4.98426	5.06885
9653	4.98426	5.04303
9654	4.98426	4.98582
9655	4.98426	5.04928
9656	4.98426	5.03969
9657	4.98426	5.00248
9658	4.98426	5.05193
9659	4.98426	5.12355
9660	4.98426	5.1016
9661	4.98426	5.10259
9662	4.98426	5.01718
9663	4.98426	4.99709
9664	4.98426	5.0707
9665	4.98426	5.08445
9666	4.98426	5.01272
9667	4.98426	5.02012
9668	4.98426	5.0305
9669	4.98426	5.0572
9670	4.98426	5.01007
9671	4.98426	4.98636
9672	4.98426	4.98426
9673	4.98426	4.99574
9674	4.98426	5.01007
9675	4.98426	5.04098
9676	4.98426	5.04424
9677	4.98426	5.00708
9678	4.98426	5.00366
9679	4.98426	5.04042
9680	4.98426	5.00576
9681	4.98426	5.00434
9682	4.98426	5.09774
9683	4.98426	5.08618
9684	4.98426	4.99859
9685	4.98426	5.00423
9686	4.98426	5.03989
9687	4.98426	4.98562
9688	4.98426	5.04619
9689	4.98426	4.98814
9690	4.98426	4.98426
9691	4.98426	4.99819
9692	4.98426	5.03822
9693	4.98426	5.03694
9694	4.98426	4.98971
9695	4.98426	4.98426
9696	4.98426	4.98426
9697	4.98426	5.00324
9698	4.98426	4.9989
9699	4.98426	5.0092
9700	4.98426	5.04535
9701	4.98426	4.99464
9702	4.98426	5.00038
9703	4.98426	4.98426
9704	4.98426	5.00883
9705	4.98426	5.06351
9706	4.98426	5.00801
9707	4.98426	5.10639
9708	4.98426	5.16595
9709	4.98426	5.13551
9710	4.98426	5.10493
9711	4.98426	5.04339
9712	4.98426	5.03411
9713	4.98426	5.1427
9714	4.98426	5.2573
9715	4.98426	5.19772
9716	4.98426	5.10527
9717	4.98426	5.05595
9718	4.98426	5.09684
9719	4.98426	5.09966
9720	4.98426	5.04341
9721	4.98426	5.01829
9722	4.98426	5.06986
9723	4.98426	5.07358
9724	4.98426	5.02395
9725	4.98426	5.00525
9726	4.98426	4.98458
9727	4.98426	5.06872
9728	4.98426	5.14165
9729	4.98426	5.04393
9730	4.98426	5.11997
9731	4.98426	5.01042
9732	4.98426	5.00658
9733	4.98426	5.20605
9734	4.98426	5.12714
9735	4.98426	5.04068
9736	4.98426	5.0022
9737	4.98426	5.05066
9738	4.98426	5.10119
9739	4.98426	5.13732
9740	4.98426	5.01363
9741	4.98426	4.98871
9742	4.98426	4.98466
9743	4.98426	4.99935
9744	4.98426	5.01012
9745	4.98426	5.00846
9746	4.98426	5.00708
9747	4.98426	5.05208
9748	4.98426	5.09324
9749	4.98426	5.04635
9750	4.98426	4.98466
9751	4.98426	4.99677
9752	4.98426	5.04927
9753	4.98426	5.062
9754	4.98426	5.08247
9755	4.98426	5.08876
9756	4.98426	5.0086
9757	4.98426	4.98426
9758	4.98426	4.99641
9759	4.98426	4.99247
9760	4.98426	5.00949
9761	4.98426	4.98426
9762	4.98426	4.98426
9763	4.98426	5.01479
9764	4.98426	5.07183
9765	4.98426	4.99552
9766	4.98426	5.05214
9767	4.98426	5.06406
9768	4.98426	5.03577
9769	4.98426	5.05267
9770	4.98426	5.12646
9771	4.98426	5.07124
9772	4.98426	4.98647
9773	4.98426	4.9865
9774	4.98426	4.99874
9775	4.98426	5.01866
9776	4.98426	5.12426
9777	4.98426	5.10553
9778	4.98426	5.17667
9779	4.98426	5.01433
9780	4.98426	5.18623
9781	4.98426	5.04824
9782	4.98426	5.09713
9783	4.98426	5.03774
9784	4.98426	4.98431
9785	4.98426	5.02048
9786	4.98426	5.02501
9787	4.98426	5.01799
9788	4.98426	5.11319
9789	4.98426	5.02763
9790	4.98426	5.0908
9791	4.98426	5.07887
9792	4.98426	5.06896
9793	4.98426	5.06825
9794	4.98426	5.00312
9795	4.98426	5.04058
9796	4.98426	4.98639
9797	4.98426	5.03979
9798	4.98426	5.01533
9799	4.98426	5.00254
9800	4.98426	5.06653
9801	4.98426	5.1176
9802	4.98426	5.07441
9803	4.98426	5.05663
9804	4.98426	4.99718
9805	4.98426	5.09839
9806	4.98426	5.04768
9807	4.98426	5.00313
9808	4.98426	4.98426
9809	4.98426	4.98426
9810	4.98426	4.98426
9811	4.98426	4.98494
9812	4.98426	4.9985
9813	4.98426	5.04377
9814	4.98426	4.99727
9815	4.98426	5.01917
9816	4.98426	5.03827
9817	4.98426	4.99743
9818	4.98426	4.98541
9819	4.98426	4.98651
9820	4.98426	4.99837
9821	4.98426	5.00659
9822	4.98426	4.98426
9823	4.98426	5.04906
9824	4.98426	4.99819
9825	4.98426	5.00272
9826	4.98426	5.06826
9827	4.98426	4.99117
9828	4.98426	5.00611
9829	4.98426	5.00905
9830	4.98426	5.02894
9831	4.98426	5.06995
9832	4.98426	4.99135
9833	4.98426	4.98694
9834	4.98426	5.00012
9835	4.98426	5.01282
9836	4.98426	5.0122
9837	4.98426	4.98708
9838	4.98426	4.98426
9839	4.98426	4.98426
9840	4.98426	5.00434
9841	4.98426	5.07433
9842	4.98426	5.14251
9843	4.98426	5.04066
9844	4.98426	5.08726
9845	4.98426	5.05828
9846	4.98426	5.07457
9847	4.98426	5.00391
9848	4.98426	5.08337
9849	4.98426	5.00775
9850	4.98426	5.02
9851	4.98426	5.04217
9852	4.98426	5.0225
9853	4.98426	4.98426
9854	4.98426	4.98516
9855	4.98426	4.9867
9856	4.98426	4.99001
9857	4.98426	4.99044
9858	4.98426	5.00799
9859	4.98426	5.00213
9860	4.98426	4.99507
9861	4.98426	4.98626
9862	4.98426	4.98426
9863	4.98426	5.02772
9864	4.98426	5.05671
9865	4.98426	5.00137
9866	4.98426	5.02874
9867	4.98426	4.99978
9868	4.98426	5.00117
9869	4.98426	5.06534
9870	4.98426	5.15177
9871	4.98426	5.07945
9872	4.98426	5.03587
9873	4.98426	5.11422
9874	4.98426	5.04189
9875	4.98426	5.05264
9876	4.98426	5.05076
9877	4.98426	5.00125
9878	4.98426	5.04678
9879	4.98426	5.08841
9880	4.98426	5.05286
9881	4.98426	5.08905
9882	4.98426	5.23213
9883	4.98426	5.15256
9884	4.98426	4.98426
9885	4.98426	4.98426
9886	4.98426	4.98426
9887	4.98426	4.98426
9888	4.98426	4.98426
9889	4.98426	5.03101
9890	4.98426	5.01217
9891	4.98426	5.04772
9892	4.98426	5.13577
9893	4.98426	5.03972
9894	4.98426	5.01895
9895	4.98426	5.06992
9896	4.98426	5.0711
9897	4.98426	5.00385
9898	4.98426	4.99226
9899	4.98426	5.00441
9900	4.98426	5.02438
9901	4.98426	5.13106
9902	4.98426	5.06285
9903	4.98426	5.0738
9904	4.98426	5.06203
9905	4.98426	5.07867
9906	4.98426	5.04587
9907	4.98426	5.03418
9908	4.98426	5.01702
9909	4.98426	5.01224
9910	4.98426	5.0046
9911	4.98426	5.10087
9912	4.98426	5.13292
9913	4.98426	5.10661
9914	4.98426	5.00373
9915	4.98426	5.09487
9916	4.98426	5.09827
9917	4.98426	5.10341
9918	4.98426	5.04366
9919	4.98426	5.01406
9920	4.98426	4.99633
9921	4.98426	5.01082
9922	4.98426	5.12818
9923	4.98426	5.13414
9924	4.98426	5.25104
9925	4.98426	5.13198
9926	4.98426	5.09783
9927	4.98426	5.00643
9928	4.98426	5.05646
9929	4.98426	4.99928
9930	4.98426	5.00927
9931	4.98426	5.00236
9932	4.98426	4.98585
9933	4.98426	4.98506
9934	4.98426	4.98426
9935	4.98426	4.98426
9936	4.98426	4.98553
9937	4.98426	4.98426
9938	4.98426	4.98426
9939	4.98426	4.98444
9940	4.98426	4.98426
9941	4.98426	4.98426
9942	4.98426	4.98426
9943	4.98426	4.98753
9944	4.98426	5.00281
9945	4.98426	5.02941
9946	4.98426	5.00174
9947	4.98426	5.02347
9948	4.98426	4.98426
9949	4.98426	4.98617
9950	4.98426	4.99235
9951	4.98426	5.00166
9952	4.98426	5.00221
9953	4.98426	5.04771
9954	4.98426	5.20035
9955	4.98426	5.1087
9956	4.98426	5.02582
9957	4.98426	5.03284
9958	4.98426	5.02222
9959	4.98426	5.00087
9960	4.98426	5.09644
9961	4.98426	5.00801
9962	4.98426	5.06928
9963	4.98426	5.05055
9964	4.98426	4.9884
9965	4.98426	4.99684
9966	4.98426	4.98426
9967	4.98426	4.99145
9968	4.98426	5.02224
9969	4.98426	4.98742
9970	4.98426	4.98466
9971	4.98426	4.99934
9972	4.98426	5.05103
9973	4.98426	5.15222
9974	4.98426	5.05358
9975	4.98426	5.0669
9976	4.98426	5.0029
9977	4.98426	4.99862
9978	4.98426	4.99103
9979	4.98426	5.00499
9980	4.98426	4.98426
9981	4.98426	4.98716
9982	4.98426	5.00679
9983	4.98426	5.03665
9984	4.98426	5.06015
9985	4.98426	5.09038
9986	4.98426	5.06789
9987	4.98426	5.0877
9988	4.98426	4.98466
9989	4.98426	4.99922
9990	4.98426	4.98426
9991	4.98426	5.05407
9992	4.98426	5.02691
9993	4.98426	5.04271
9994	4.98426	5.08627
9995	4.98426	5.0648
9996	4.98426	5.02835
9997	4.98426	4.99595
9998	4.98426	5.02862
9999	4.98426	5.08006
