0	14.7256	16.5282
1	13.8148	15.9201
2	13.1598	15.1152
3	13.1598	14.6363
4	12.8397	14.131
5	12.8324	13.7649
6	11.6822	13.3339
7	10.7979	12.8274
8	10.6799	12.3171
9	10.3508	11.7722
10	10.0938	11.1346
11	9.90085	10.9205
12	9.90085	10.8242
13	9.47207	10.5485
14	9.26884	10.4358
15	9.23856	10.1143
16	8.69373	9.72301
17	8.65714	9.51261
18	8.55518	9.35444
19	8.55518	9.15184
20	7.95164	8.84048
21	7.87525	8.65977
22	7.87525	8.54091
23	7.85038	8.33589
24	7.85038	8.32692
25	7.85038	8.177
26	7.85038	8.06968
27	7.49521	7.99616
28	7.49521	7.88353
29	7.49521	7.81628
30	7.49521	7.791
31	7.49521	7.79746
32	7.49521	7.66466
33	7.45509	7.60088
34	7.45509	7.61476
35	7.45509	7.58572
36	7.45509	7.66675
37	7.45509	7.64947
38	7.45509	7.70487
39	7.45509	7.6616
40	7.44523	7.67463
41	7.44523	7.61443
42	7.44523	7.55864
43	7.44523	7.5472
44	7.38627	7.51958
45	7.38627	7.52381
46	7.26862	7.47717
47	7.26121	7.40382
48	7.26121	7.36864
49	7.23014	7.34851
50	7.23014	7.30927
51	7.23014	7.32182
52	7.1423	7.30057
53	7.1423	7.29334
54	7.1423	7.37519
55	7.1423	7.2102
56	7.1423	7.27713
57	7.1423	7.23409
58	7.1423	7.23907
59	7.06633	7.19004
60	7.00525	7.25298
61	7.00525	7.23998
62	7.00525	7.35022
63	7.00525	7.29322
64	6.93828	7.16
65	6.57368	7.09652
66	6.57368	7.00712
67	6.57368	6.992
68	6.44718	6.99787
69	6.44718	6.89888
70	6.44718	6.81858
71	6.44718	6.86978
72	6.35072	6.62608
73	6.35072	6.49086
74	6.35072	6.42145
75	6.35072	6.39694
76	6.35072	6.40915
77	6.35072	6.49661
78	6.35072	6.48176
79	6.35072	6.47425
80	6.35072	6.45127
81	6.34885	6.45996
82	6.33459	6.38357
83	6.25473	6.36619
84	6.25473	6.36906
85	6.05098	6.34663
86	6.0326	6.34845
87	6.0326	6.33915
88	6.0326	6.27186
89	6.0326	6.12401
90	6.0326	6.16802
91	6.0326	6.1293
92	6.0326	6.11795
93	6.01481	6.08669
94	6.01481	6.03823
95	6.01481	6.03463
96	6.01481	6.04277
97	6.01481	6.0511
98	6.01481	6.07106
99	6.01481	6.03525
100	6.01481	6.03052
101	5.75049	6.11839
102	5.74948	6.12586
103	5.68266	6.16492
104	5.68266	6.12536
105	5.68266	6.11254
106	5.68266	6.16336
107	5.64724	6.13246
108	5.64724	5.98152
109	5.64724	5.93602
110	5.64724	5.77277
111	5.64724	5.75954
112	5.64724	5.71416
113	5.41117	5.77766
114	5.41117	5.75607
115	5.41117	5.6797
116	5.41117	5.64454
117	5.41117	5.54064
118	5.41117	5.52039
119	5.39294	5.4733
120	5.39294	5.50492
121	5.39294	5.53106
122	5.38908	5.56904
123	5.38908	5.63779
124	5.38908	5.64103
125	5.38908	5.58055
126	5.38908	5.58901
127	5.38908	5.47714
128	5.38908	5.46663
129	5.38908	5.39865
130	5.38908	5.38908
131	5.38908	5.38908
132	5.38908	5.38908
133	5.38908	5.39193
134	5.38908	5.38931
135	5.38908	5.46697
136	5.38908	5.42929
137	5.38908	5.41346
138	5.38908	5.49346
139	5.38908	5.45354
140	5.38908	5.38979
141	5.38908	5.38908
142	5.38908	5.39408
143	5.38908	5.38927
144	5.38908	5.41998
145	5.38908	5.411
146	5.38908	5.38923
147	5.38908	5.41039
148	5.38908	5.41981
149	5.38908	5.45317
150	5.38908	5.50626
151	5.38908	5.48979
152	5.38908	5.46475
153	5.38908	5.40266
154	5.38908	5.39105
155	5.38908	5.46755
156	5.38908	5.52742
157	5.38908	5.56697
158	5.38908	5.5367
159	5.38908	5.39432
160	5.38908	5.46961
161	5.38908	5.45477
162	5.38908	5.49198
163	5.31311	5.42458
164	5.31311	5.46523
165	5.28984	5.38624
166	5.28984	5.38277
167	5.28984	5.35742
168	5.28984	5.43503
169	5.28984	5.4904
170	5.28984	5.37105
171	5.28984	5.35494
172	5.28984	5.30745
173	5.28984	5.29242
174	5.28984	5.30589
175	5.28984	5.35763
176	5.28984	5.28984
177	5.28984	5.30969
178	5.28984	5.28984
179	5.28984	5.3471
180	5.28984	5.37605
181	5.28984	5.2926
182	5.28984	5.28984
183	5.28984	5.30258
184	5.28984	5.3682
185	5.28984	5.30735
186	5.28984	5.29252
187	5.28984	5.29517
188	5.28984	5.30065
189	5.28984	5.30628
190	5.28984	5.35359
191	5.28984	5.3706
192	5.28984	5.37789
193	5.28984	5.36572
194	5.28984	5.2923
195	5.28984	5.2916
196	5.28984	5.29141
197	5.28984	5.30099
198	5.28984	5.28984
199	5.28984	5.28984
200	5.28984	5.28984
201	5.28984	5.28984
202	5.28984	5.33754
203	5.28984	5.28992
204	5.28984	5.28984
205	5.28984	5.30239
206	5.28984	5.29564
207	5.28984	5.29108
208	5.28984	5.28984
209	5.28984	5.29953
210	5.28984	5.29351
211	5.28984	5.299
212	5.28984	5.29216
213	5.28984	5.30181
214	5.28984	5.29558
215	5.28984	5.29706
216	5.28984	5.30364
217	5.28984	5.30041
218	5.28984	5.28984
219	5.28984	5.42605
220	5.28984	5.36244
221	5.28984	5.38975
222	5.28984	5.44973
223	5.28984	5.31851
224	5.28984	5.32926
225	5.28984	5.36868
226	5.28984	5.2932
227	5.28984	5.32402
228	5.28984	5.31289
229	5.23774	5.31934
230	5.23774	5.37244
231	5.14922	5.32622
232	5.14922	5.28016
233	5.14922	5.28689
234	5.14922	5.24367
235	5.14922	5.22863
236	5.14922	5.22008
237	5.14922	5.18047
238	5.14922	5.17493
239	5.14922	5.22076
240	5.14922	5.1836
241	5.14922	5.15193
242	5.14922	5.16228
243	5.14922	5.171
244	5.14922	5.1882
245	5.14922	5.14926
246	5.14922	5.14922
247	5.14922	5.14922
248	5.14922	5.14922
249	5.14922	5.15225
250	5.14922	5.14922
251	5.14922	5.14922
252	5.14922	5.16072
253	5.14922	5.19867
254	5.14922	5.21857
255	5.14922	5.16809
256	5.14922	5.21748
257	5.14922	5.18461
258	5.14922	5.19718
259	5.14922	5.21528
260	5.14922	5.15641
261	5.14922	5.15406
262	5.14922	5.14922
263	5.14922	5.15071
264	5.14922	5.15076
265	5.14922	5.14922
266	5.14922	5.14922
267	5.14922	5.18826
268	5.14922	5.1829
269	5.14922	5.2293
270	5.14922	5.21293
271	5.14922	5.31526
272	5.14922	5.27444
273	5.14922	5.18279
274	5.14922	5.1569
275	5.14922	5.15788
276	5.14922	5.19988
277	5.14922	5.1523
278	5.14922	5.17473
279	5.14922	5.15578
280	5.14922	5.16413
281	5.14922	5.15363
282	5.14922	5.28672
283	5.14922	5.25011
284	5.14922	5.20103
285	5.14922	5.19671
286	5.14922	5.22089
287	5.14922	5.21033
288	5.14922	5.15508
289	5.14922	5.17251
290	5.14922	5.23334
291	5.14922	5.21012
292	5.14922	5.21324
293	5.14922	5.19711
294	5.14922	5.15148
295	5.14922	5.16994
296	5.14922	5.15156
297	5.14922	5.15447
298	5.14922	5.17685
299	5.14922	5.2039
300	5.14922	5.2349
301	4.98426	5.17192
302	4.98426	5.23285
303	4.98426	5.32061
304	4.98426	5.23398
305	4.98426	5.20864
306	4.98426	5.12902
307	4.98426	5.16483
308	4.98426	5.03853
309	4.98426	5.05001
310	4.98426	5.06879
311	4.98426	5.0363
312	4.98426	5.0582
313	4.98426	4.99262
314	4.98426	5.0155
315	4.98426	5.05212
316	4.98426	5.00064
317	4.98426	5.01737
318	4.98426	4.99603
319	4.98426	4.99851
320	4.98426	5.08646
321	4.98426	5.0306
322	4.98426	5.03175
323	4.98426	5.04351
324	4.98426	5.0286
325	4.98426	5.03909
326	4.98426	5.03235
327	4.98426	5.01964
328	4.98426	5.07124
329	4.98426	5.06192
330	4.98426	5.1014
331	4.98426	5.065
332	4.98426	5.09669
333	4.98426	5.05779
334	4.98426	5.08295
335	4.98426	5.08178
336	4.98426	5.02531
337	4.98426	5.04761
338	4.98426	4.98463
339	4.98426	4.98613
340	4.98426	5.01499
341	4.98426	4.99106
342	4.98426	4.98426
343	4.98426	5.02834
344	4.98426	5.00132
345	4.98426	5.00011
346	4.98426	4.9868
347	4.98426	5.04208
348	4.98426	5.01818
349	4.98426	4.9898
350	4.98426	4.98521
351	4.98426	4.99734
352	4.98426	4.99504
353	4.98426	4.98426
354	4.98426	4.98732
355	4.98426	5.06015
356	4.98426	5.01144
357	4.98426	5.06281
358	4.98426	5.02268
359	4.98426	5.00887
360	4.98426	5.01883
361	4.98426	5.01641
362	4.98426	4.99261
363	4.98426	4.98576
364	4.98426	4.98426
365	4.98426	4.98426
366	4.98426	5.00233
367	4.98426	5.01252
368	4.98426	4.99815
369	4.98426	4.98998
370	4.98426	4.99389
371	4.98426	5.00792
372	4.98426	5.04545
373	4.98426	5.05046
374	4.98426	4.99008
375	4.98426	5.01069
376	4.98426	5.08922
377	4.98426	5.0398
378	4.98426	5.04079
379	4.98426	5.0061
380	4.98426	4.98444
381	4.98426	5.06033
382	4.98426	5.05344
383	4.98426	4.98426
384	4.98426	4.98426
385	4.98426	4.99893
386	4.98426	5.01573
387	4.98426	5.08368
388	4.98426	5.05434
389	4.98426	4.98557
390	4.98426	4.99382
391	4.98426	5.06609
392	4.98426	5.0632
393	4.98426	5.08101
394	4.98426	5.17589
395	4.98426	5.17928
396	4.98426	5.27973
397	4.98426	5.13087
398	4.98426	5.24412
399	4.98426	5.02766
400	4.98426	4.99237
401	4.98426	4.9978
402	4.98426	5.00612
403	4.98426	5.01358
404	4.98426	5.02134
405	4.98426	4.9862
406	4.98426	4.98426
407	4.98426	4.98573
408	4.98426	5.01754
409	4.98426	4.9988
410	4.98426	5.03982
411	4.98426	5.00212
412	4.98426	4.98872
413	4.98426	4.98482
414	4.98426	4.98426
415	4.98426	5.00439
416	4.98426	5.05267
417	4.98426	5.07957
418	4.98426	5.02308
419	4.98426	5.00331
420	4.98426	4.98426
421	4.98426	4.985
422	4.98426	5.00286
423	4.98426	5.12469
424	4.98426	5.08278
425	4.98426	5.01476
426	4.98426	5.01214
427	4.98426	5.06966
428	4.98426	5.03684
429	4.98426	5.03292
430	4.98426	5.00498
431	4.98426	5.04268
432	4.98426	5.04524
433	4.98426	5.03728
434	4.98426	5.01758
435	4.98426	4.98548
436	4.98426	4.99232
437	4.98426	5.03075
438	4.98426	5.14451
439	4.98426	5.07157
440	4.98426	5.02062
441	4.98426	5.01397
442	4.98426	5.00136
443	4.98426	5.01151
444	4.98426	5.02626
445	4.98426	4.98702
446	4.98426	4.99565
447	4.98426	4.9846
448	4.98426	5.00399
449	4.98426	5.00287
450	4.98426	4.98426
451	4.98426	4.99541
452	4.98426	4.99729
453	4.98426	4.98546
454	4.98426	5.02207
455	4.98426	5.04383
456	4.98426	5.01519
457	4.98426	5.00627
458	4.98426	4.99065
459	4.98426	5.00079
460	4.98426	4.98426
461	4.98426	4.98449
462	4.98426	4.98516
463	4.98426	4.98426
464	4.98426	4.98426
465	4.98426	4.98426
466	4.98426	4.98426
467	4.98426	4.98426
468	4.98426	5.05113
469	4.98426	5.06543
470	4.98426	5.02963
471	4.98426	5.03565
472	4.98426	4.99736
473	4.98426	5.01158
474	4.98426	5.05302
475	4.98426	5.07187
476	4.98426	5.04526
477	4.98426	5.04377
478	4.98426	5.16306
479	4.98426	5.14856
480	4.98426	5.04057
481	4.98426	5.08984
482	4.98426	5.0642
483	4.98426	5.09449
484	4.98426	5.07099
485	4.98426	5.00656
486	4.98426	5.12042
487	4.98426	5.19375
488	4.98426	5.13042
489	4.98426	5.0311
490	4.98426	5.04514
491	4.98426	5.04833
492	4.98426	5.02912
493	4.98426	5.03816
494	4.98426	5.13291
495	4.98426	5.09111
496	4.98426	5.06539
497	4.98426	5.0656
498	4.98426	5.01804
499	4.98426	4.99688
500	4.98426	4.98426
501	4.98426	5.00235
502	4.98426	4.99172
503	4.98426	5.0191
504	4.98426	5.01319
505	4.98426	4.99175
506	4.98426	4.985
507	4.98426	5.02565
508	4.98426	5.02736
509	4.98426	5.03363
510	4.98426	4.98891
511	4.98426	4.98466
512	4.98426	5.01374
513	4.98426	5.04159
514	4.98426	5.15055
515	4.98426	5.11135
516	4.98426	5.13855
517	4.98426	5.12243
518	4.98426	5.13278
519	4.98426	5.10159
520	4.98426	4.99061
521	4.98426	5.00171
522	4.98426	5.04378
523	4.98426	5.0461
524	4.98426	4.99103
525	4.98426	4.9905
526	4.98426	4.98426
527	4.98426	4.98638
528	4.98426	5.01203
529	4.98426	4.99865
530	4.98426	5.04136
531	4.98426	5.09761
532	4.98426	5.13495
533	4.98426	5.08308
534	4.98426	5.07889
535	4.98426	5.01259
536	4.98426	4.9965
537	4.98426	5.02816
538	4.98426	5.03253
539	4.98426	5.10355
540	4.98426	5.16251
541	4.98426	5.10281
542	4.98426	5.04871
543	4.98426	5.01303
544	4.98426	5.06773
545	4.98426	5.05673
546	4.98426	5.02801
547	4.98426	5.04438
548	4.98426	5.04802
549	4.98426	5.04647
550	4.98426	4.98522
551	4.98426	4.98543
552	4.98426	5.02363
553	4.98426	4.98831
554	4.98426	4.99661
555	4.98426	4.98497
556	4.98426	4.99836
557	4.98426	5.0079
558	4.98426	4.99351
559	4.98426	4.99385
560	4.98426	4.98574
561	4.98426	4.99318
562	4.98426	4.98886
563	4.98426	4.98967
564	4.98426	5.02973
565	4.98426	5.08929
566	4.98426	5.0503
567	4.98426	5.09693
568	4.98426	5.09257
569	4.98426	5.08012
570	4.98426	5.03618
571	4.98426	4.99404
572	4.98426	4.9976
573	4.98426	4.99153
574	4.98426	5.06327
575	4.98426	5.00472
576	4.98426	4.98426
577	4.98426	5.02954
578	4.98426	5.06133
579	4.98426	5.08591
580	4.98426	5.01842
581	4.98426	5.03463
582	4.98426	5.05618
583	4.98426	5.01005
584	4.98426	5.02102
585	4.98426	4.99342
586	4.98426	5.0156
587	4.98426	5.02886
588	4.98426	5.07493
589	4.98426	5.02249
590	4.98426	5.05102
591	4.98426	5.0321
592	4.98426	5.07079
593	4.98426	4.99356
594	4.98426	4.99643
595	4.98426	4.98512
596	4.98426	5.00966
597	4.98426	5.01214
598	4.98426	5.08771
599	4.98426	5.04924
600	4.98426	5.01956
601	4.98426	5.02836
602	4.98426	5.03145
603	4.98426	5.10537
604	4.98426	5.05613
605	4.98426	5.04005
606	4.98426	4.99435
607	4.98426	4.98555
608	4.98426	4.98988
609	4.98426	4.99564
610	4.98426	5.04009
611	4.98426	4.99089
612	4.98426	4.98426
613	4.98426	5.00074
614	4.98426	5.01504
615	4.98426	5.05213
616	4.98426	4.99603
617	4.98426	4.98426
618	4.98426	4.98434
619	4.98426	4.98463
620	4.98426	4.99862
621	4.98426	5.01043
622	4.98426	4.98426
623	4.98426	4.98426
624	4.98426	4.98426
625	4.98426	4.98426
626	4.98426	4.987
627	4.98426	4.98426
628	4.98426	4.98426
629	4.98426	5.05321
630	4.98426	5.07323
631	4.98426	5.05111
632	4.98426	5.15884
633	4.98426	5.18402
634	4.98426	5.15851
635	4.98426	5.11412
636	4.98426	5.04991
637	4.98426	5.04514
638	4.98426	5.14283
639	4.98426	5.13816
640	4.98426	5.15195
641	4.98426	5.14798
642	4.98426	5.11998
643	4.98426	5.10503
644	4.98426	5.18519
645	4.98426	5.09336
646	4.98426	5.11326
647	4.98426	5.09757
648	4.98426	5.09503
649	4.98426	5.12729
650	4.98426	5.10197
651	4.98426	5.01261
652	4.98426	4.98475
653	4.98426	4.98475
654	4.98426	5.00808
655	4.98426	4.98426
656	4.98426	5.07094
657	4.98426	5.00383
658	4.98426	4.99107
659	4.98426	5.03282
660	4.98426	5.05104
661	4.98426	5.02702
662	4.98426	5.12473
663	4.98426	5.17531
664	4.98426	5.01256
665	4.98426	4.98426
666	4.98426	5.00354
667	4.98426	4.98714
668	4.98426	4.99452
669	4.98426	4.98644
670	4.98426	4.98847
671	4.98426	4.99536
672	4.98426	5.05482
673	4.98426	5.03042
674	4.98426	5.16176
675	4.98426	5.03925
676	4.98426	5.06109
677	4.98426	5.07355
678	4.98426	5.04708
679	4.98426	5.16578
680	4.98426	5.13344
681	4.98426	5.15953
682	4.98426	5.00435
683	4.98426	5.03761
684	4.98426	5.0645
685	4.98426	5.09519
686	4.98426	5.10713
687	4.98426	5.13999
688	4.98426	5.07056
689	4.98426	5.06586
690	4.98426	4.99519
691	4.98426	5.03361
692	4.98426	5.01073
693	4.98426	5.11692
694	4.98426	5.10556
695	4.98426	5.03056
696	4.98426	5.03314
697	4.98426	4.98426
698	4.98426	4.9947
699	4.98426	4.98426
700	4.98426	4.98818
701	4.98426	4.98426
702	4.98426	4.98426
703	4.98426	4.98426
704	4.98426	4.98426
705	4.98426	4.99748
706	4.98426	5.02338
707	4.98426	5.03435
708	4.98426	4.99364
709	4.98426	4.98426
710	4.98426	5.04362
711	4.98426	5.04458
712	4.98426	5.09136
713	4.98426	5.12009
714	4.98426	5.05643
715	4.98426	5.00716
716	4.98426	5.02221
717	4.98426	4.98474
718	4.98426	5.02777
719	4.98426	5.01138
720	4.98426	5.0065
721	4.98426	4.99786
722	4.98426	4.99845
723	4.98426	4.98426
724	4.98426	5.00371
725	4.98426	5.0658
726	4.98426	5.02186
727	4.98426	4.98426
728	4.98426	5.04212
729	4.98426	5.02994
730	4.98426	4.99818
731	4.98426	4.98501
732	4.98426	5.03713
733	4.98426	5.01489
734	4.98426	5.10931
735	4.98426	5.10832
736	4.98426	5.06387
737	4.98426	5.05719
738	4.98426	5.11013
739	4.98426	5.16384
740	4.98426	5.09216
741	4.98426	5.07769
742	4.98426	5.03862
743	4.98426	5.09586
744	4.98426	5.02801
745	4.98426	5.0045
746	4.98426	5.00544
747	4.98426	5.09633
748	4.98426	5.04589
749	4.98426	5.06663
750	4.98426	5.03
751	4.98426	5.05308
752	4.98426	4.98675
753	4.98426	4.98426
754	4.98426	4.98426
755	4.98426	4.98926
756	4.98426	5.00189
757	4.98426	5.10913
758	4.98426	5.08712
759	4.98426	5.02566
760	4.98426	4.9924
761	4.98426	5.03531
762	4.98426	5.01712
763	4.98426	5.00893
764	4.98426	5.07452
765	4.98426	5.00985
766	4.98426	4.98674
767	4.98426	4.98463
768	4.98426	5.00134
769	4.98426	5.05688
770	4.98426	5.01404
771	4.98426	4.98605
772	4.98426	5.00993
773	4.98426	4.98426
774	4.98426	4.99565
775	4.98426	5.00209
776	4.98426	5.01328
777	4.98426	5.10536
778	4.98426	5.07997
779	4.98426	5.01818
780	4.98426	5.01877
781	4.98426	5.06493
782	4.98426	5.03612
783	4.98426	5.04317
784	4.98426	5.0335
785	4.98426	5.04757
786	4.98426	5.01634
787	4.98426	5.01441
788	4.98426	5.14199
789	4.98426	5.02787
790	4.98426	5.0879
791	4.98426	5.04072
792	4.98426	5.04641
793	4.98426	5.01648
794	4.98426	4.98426
795	4.98426	4.98426
796	4.98426	4.98426
797	4.98426	4.98426
798	4.98426	5.00939
799	4.98426	5.05212
800	4.98426	5.04092
801	4.98426	5.03424
802	4.98426	5.02589
803	4.98426	5.03698
804	4.98426	4.98606
805	4.98426	5.04628
806	4.98426	5.0198
807	4.98426	5.0475
808	4.98426	5.02174
809	4.98426	5.02957
810	4.98426	5.00541
811	4.98426	5.02909
812	4.98426	5.01493
813	4.98426	5.00827
814	4.98426	5.039
815	4.98426	5.1485
816	4.98426	5.12612
817	4.98426	5.1778
818	4.98426	5.05751
819	4.98426	5.04121
820	4.98426	5.1793
821	4.98426	5.14416
822	4.98426	5.21001
823	4.98426	5.13954
824	4.98426	5.17228
825	4.98426	5.08494
826	4.98426	5.0173
827	4.98426	5.03556
828	4.98426	4.99405
829	4.98426	5.02523
830	4.98426	5.071
831	4.98426	5.00646
832	4.98426	5.02913
833	4.98426	5.0617
834	4.98426	5.02334
835	4.98426	5.05781
836	4.98426	5.01683
837	4.98426	5.00635
838	4.98426	5.02545
839	4.98426	5.02087
840	4.98426	4.98552
841	4.98426	5.03317
842	4.98426	4.99038
843	4.98426	4.99401
844	4.98426	4.98475
845	4.98426	4.99231
846	4.98426	5.07485
847	4.98426	5.05484
848	4.98426	5.06942
849	4.98426	4.99116
850	4.98426	4.98567
851	4.98426	4.98426
852	4.98426	4.98426
853	4.98426	4.98426
854	4.98426	4.98868
855	4.98426	5.0259
856	4.98426	5.02049
857	4.98426	5.12933
858	4.98426	5.11074
859	4.98426	5.03919
860	4.98426	5.06029
861	4.98426	5.07847
862	4.98426	5.0239
863	4.98426	5.05728
864	4.98426	5.04664
865	4.98426	4.99313
866	4.98426	5.01288
867	4.98426	5.02125
868	4.98426	5.04197
869	4.98426	4.98864
870	4.98426	5.00939
871	4.98426	5.02707
872	4.98426	5.01011
873	4.98426	5.02745
874	4.98426	4.98798
875	4.98426	5.05138
876	4.98426	5.23851
877	4.98426	5.22322
878	4.98426	5.15024
879	4.98426	5.05732
880	4.98426	5.05146
881	4.98426	5.04019
882	4.98426	5.0172
883	4.98426	5.06923
884	4.98426	5.02899
885	4.98426	4.98772
886	4.98426	5.00749
887	4.98426	5.0188
888	4.98426	4.99249
889	4.98426	4.99895
890	4.98426	4.99895
891	4.98426	5.04759
892	4.98426	5.07312
893	4.98426	5.12948
894	4.98426	5.04327
895	4.98426	5.06005
896	4.98426	5.01627
897	4.98426	5.04778
898	4.98426	5.04882
899	4.98426	5.06034
900	4.98426	5.04038
901	4.98426	4.99421
902	4.98426	4.98426
903	4.98426	4.9865
904	4.98426	5.01392
905	4.98426	5.00276
906	4.98426	5.04717
907	4.98426	5.12252
908	4.98426	5.12248
909	4.98426	5.08149
910	4.98426	5.02588
911	4.98426	5.09319
912	4.98426	5.00563
913	4.98426	5.04271
914	4.98426	5.05996
915	4.98426	5.00106
916	4.98426	4.99239
917	4.98426	5.02605
918	4.98426	5.0881
919	4.98426	5.15973
920	4.98426	5.10536
921	4.98426	5.06653
922	4.98426	4.98702
923	4.98426	5.07349
924	4.98426	5.00559
925	4.98426	5.0348
926	4.98426	5.06369
927	4.98426	5.06621
928	4.98426	5.08864
929	4.98426	5.06901
930	4.98426	5.09335
931	4.98426	5.04598
932	4.98426	5.05117
933	4.98426	4.98426
934	4.98426	4.99006
935	4.98426	4.99773
936	4.98426	5.01395
937	4.98426	5.02294
938	4.98426	5.04227
939	4.98426	5.02532
940	4.98426	5.02554
941	4.98426	5.00796
942	4.98426	5.10444
943	4.98426	5.02925
944	4.98426	5.02016
945	4.98426	5.05976
946	4.98426	5.0875
947	4.98426	5.13967
948	4.98426	5.14688
949	4.98426	5.06649
950	4.98426	5.10044
951	4.98426	5.09028
952	4.98426	5.05323
953	4.98426	5.02504
954	4.98426	5.00522
955	4.98426	4.99013
956	4.98426	5.13099
957	4.98426	5.09256
958	4.98426	5.0626
959	4.98426	5.01794
960	4.98426	4.99139
961	4.98426	5.05025
962	4.98426	5.05481
963	4.98426	5.00378
964	4.98426	5.02147
965	4.98426	5.06326
966	4.98426	4.98426
967	4.98426	4.98426
968	4.98426	4.98851
969	4.98426	4.98504
970	4.98426	4.99307
971	4.98426	5.06591
972	4.98426	5.07866
973	4.98426	5.05552
974	4.98426	4.99081
975	4.98426	5.091
976	4.98426	5.03293
977	4.98426	5.00385
978	4.98426	5.05986
979	4.98426	5.01562
980	4.98426	4.98472
981	4.98426	5.03614
982	4.98426	5.0697
983	4.98426	5.20211
984	4.98426	5.13732
985	4.98426	5.02227
986	4.98426	5.01547
987	4.98426	5.0475
988	4.98426	4.98426
989	4.98426	4.98426
990	4.98426	4.99123
991	4.98426	4.98686
992	4.98426	5.00033
993	4.98426	5.00622
994	4.98426	5.02055
995	4.98426	5.00015
996	4.98426	4.98784
997	4.98426	5.10667
998	4.98426	5.07425
999	4.98426	5.04156
1000	4.98426	5.00166
1001	4.98426	5.02411
1002	4.98426	5.0035
1003	4.98426	4.98426
1004	4.98426	4.98426
1005	4.98426	4.99813
1006	4.98426	5.00488
1007	4.98426	4.98426
1008	4.98426	5.02008
1009	4.98426	5.00189
1010	4.98426	5.02175
1011	4.98426	5.07226
1012	4.98426	5.08041
1013	4.98426	5.0591
1014	4.98426	5.15618
1015	4.98426	5.12842
1016	4.98426	5.05299
1017	4.98426	4.9887
1018	4.98426	4.98537
1019	4.98426	5.00587
1020	4.98426	5.02309
1021	4.98426	4.98426
1022	4.98426	4.98426
1023	4.98426	5.01034
1024	4.98426	4.98426
1025	4.98426	5.02089
1026	4.98426	5.12009
1027	4.98426	5.03472
1028	4.98426	5.00685
1029	4.98426	4.9994
1030	4.98426	4.99376
1031	4.98426	5.00279
1032	4.98426	5.07706
1033	4.98426	5.10581
1034	4.98426	5.07686
1035	4.98426	5.14034
1036	4.98426	5.11631
1037	4.98426	5.09221
1038	4.98426	5.02474
1039	4.98426	5.02045
1040	4.98426	4.98713
1041	4.98426	4.98472
1042	4.98426	5.03948
1043	4.98426	5.07206
1044	4.98426	5.11233
1045	4.98426	5.1675
1046	4.98426	5.11067
1047	4.98426	5.06141
1048	4.98426	5.05201
1049	4.98426	4.98765
1050	4.98426	4.98463
1051	4.98426	4.98426
1052	4.98426	4.98426
1053	4.98426	4.98426
1054	4.98426	4.99102
1055	4.98426	5.02721
1056	4.98426	5.0363
1057	4.98426	5.17883
1058	4.98426	5.02823
1059	4.98426	5.01595
1060	4.98426	4.99342
1061	4.98426	4.99039
1062	4.98426	5.06774
1063	4.98426	5.08165
1064	4.98426	5.08863
1065	4.98426	4.989
1066	4.98426	4.98571
1067	4.98426	4.99087
1068	4.98426	4.98506
1069	4.98426	5.00719
1070	4.98426	4.99448
1071	4.98426	5.00369
1072	4.98426	5.07977
1073	4.98426	5.09687
1074	4.98426	4.98643
1075	4.98426	4.98904
1076	4.98426	5.05626
1077	4.98426	5.01474
1078	4.98426	5.06002
1079	4.98426	4.98514
1080	4.98426	4.98426
1081	4.98426	4.98518
1082	4.98426	5.04474
1083	4.98426	5.03192
1084	4.98426	5.07458
1085	4.98426	5.07656
1086	4.98426	5.03653
1087	4.98426	5.04102
1088	4.98426	5.05258
1089	4.98426	5.12974
1090	4.98426	5.09427
1091	4.98426	4.98512
1092	4.98426	5.03542
1093	4.98426	5.00814
1094	4.98426	5.03889
1095	4.98426	4.99917
1096	4.98426	4.98463
1097	4.98426	4.98426
1098	4.98426	4.98426
1099	4.98426	4.98997
1100	4.98426	5.04711
1101	4.98426	5.04199
1102	4.98426	5.06249
1103	4.98426	5.14563
1104	4.98426	5.21885
1105	4.98426	5.11925
1106	4.98426	5.06541
1107	4.98426	5.04437
1108	4.98426	5.0985
1109	4.98426	5.05518
1110	4.98426	5.05355
1111	4.98426	5.0298
1112	4.98426	5.02257
1113	4.98426	5.01157
1114	4.98426	5.03402
1115	4.98426	4.99541
1116	4.98426	5.09395
1117	4.98426	5.03424
1118	4.98426	5.08814
1119	4.98426	5.01728
1120	4.98426	4.98426
1121	4.98426	4.9983
1122	4.98426	4.98426
1123	4.98426	4.99618
1124	4.98426	5.05882
1125	4.98426	5.0204
1126	4.98426	4.99364
1127	4.98426	5.02674
1128	4.98426	5.01315
1129	4.98426	5.03311
1130	4.98426	5.00197
1131	4.98426	5.05246
1132	4.98426	5.06003
1133	4.98426	5.00305
1134	4.98426	5.02436
1135	4.98426	5.00228
1136	4.98426	5.00722
1137	4.98426	5.08846
1138	4.98426	5.04326
1139	4.98426	5.06076
1140	4.98426	5.02725
1141	4.98426	5.02662
1142	4.98426	5.00941
1143	4.98426	4.98426
1144	4.98426	4.98426
1145	4.98426	5.00395
1146	4.98426	5.01972
1147	4.98426	5.07429
1148	4.98426	5.10006
1149	4.98426	5.14337
1150	4.98426	5.12765
1151	4.98426	5.07796
1152	4.98426	5.05957
1153	4.98426	5.01764
1154	4.98426	5.10276
1155	4.98426	5.06316
1156	4.98426	5.0001
1157	4.98426	5.06784
1158	4.98426	5.03708
1159	4.98426	5.09806
1160	4.98426	5.06679
1161	4.98426	5.01319
1162	4.98426	4.98915
1163	4.98426	5.0212
1164	4.98426	4.99061
1165	4.98426	4.98555
1166	4.98426	5.01418
1167	4.98426	4.99523
1168	4.98426	5.01207
1169	4.98426	5.10079
1170	4.98426	5.02997
1171	4.98426	5.08594
1172	4.98426	5.07264
1173	4.98426	5.07573
1174	4.98426	5.07256
1175	4.98426	5.04633
1176	4.98426	5.01203
1177	4.98426	4.99291
1178	4.98426	4.98537
1179	4.98426	4.99588
1180	4.98426	4.98426
1181	4.98426	4.99155
1182	4.98426	4.98426
1183	4.98426	4.98706
1184	4.98426	4.98524
1185	4.98426	4.98524
1186	4.98426	5.0245
1187	4.98426	5.05958
1188	4.98426	5.01676
1189	4.98426	5.04917
1190	4.98426	5.02758
1191	4.98426	5.00827
1192	4.98426	5.01278
1193	4.98426	4.98639
1194	4.98426	5.0168
1195	4.98426	5.02971
1196	4.98426	4.98426
1197	4.98426	4.98854
1198	4.98426	5.01988
1199	4.98426	5.00973
1200	4.98426	4.98426
1201	4.98426	4.98426
1202	4.98426	4.98426
1203	4.98426	4.98426
1204	4.98426	4.98426
1205	4.98426	4.98426
1206	4.98426	5.08142
1207	4.98426	5.12779
1208	4.98426	5.14246
1209	4.98426	5.11002
1210	4.98426	5.06187
1211	4.98426	5.01723
1212	4.98426	5.04181
1213	4.98426	5.039
1214	4.98426	5.06398
1215	4.98426	5.03024
1216	4.98426	5.0496
1217	4.98426	4.99164
1218	4.98426	4.98463
1219	4.98426	5.01702
1220	4.98426	4.99965
1221	4.98426	4.98989
1222	4.98426	4.98572
1223	4.98426	4.9889
1224	4.98426	4.98648
1225	4.98426	5.09785
1226	4.98426	5.00086
1227	4.98426	5.0091
1228	4.98426	5.10132
1229	4.98426	5.10471
1230	4.98426	5.1918
1231	4.98426	5.02811
1232	4.98426	5.02916
1233	4.98426	4.99778
1234	4.98426	4.98434
1235	4.98426	4.98426
1236	4.98426	4.98426
1237	4.98426	5.00078
1238	4.98426	5.06389
1239	4.98426	5.00614
1240	4.98426	5.03472
1241	4.98426	5.01217
1242	4.98426	4.98463
1243	4.98426	5.10494
1244	4.98426	5.02032
1245	4.98426	5.06663
1246	4.98426	5.0347
1247	4.98426	4.98463
1248	4.98426	4.98426
1249	4.98426	5.04545
1250	4.98426	4.99995
1251	4.98426	4.98517
1252	4.98426	4.98706
1253	4.98426	5.04553
1254	4.98426	5.02813
1255	4.98426	4.99345
1256	4.98426	5.01593
1257	4.98426	4.99274
1258	4.98426	4.99666
1259	4.98426	5.00039
1260	4.98426	5.02916
1261	4.98426	4.99142
1262	4.98426	5.02981
1263	4.98426	5.08744
1264	4.98426	5.05441
1265	4.98426	5.09666
1266	4.98426	5.12253
1267	4.98426	5.12039
1268	4.98426	5.06995
1269	4.98426	5.01496
1270	4.98426	5.0839
1271	4.98426	5.02464
1272	4.98426	4.98426
1273	4.98426	4.99649
1274	4.98426	4.98894
1275	4.98426	5.03093
1276	4.98426	5.0831
1277	4.98426	5.0925
1278	4.98426	5.09703
1279	4.98426	5.13605
1280	4.98426	5.03811
1281	4.98426	4.98426
1282	4.98426	4.99946
1283	4.98426	4.98671
1284	4.98426	5.01755
1285	4.98426	5.0341
1286	4.98426	5.05494
1287	4.98426	5.04056
1288	4.98426	4.99681
1289	4.98426	5.05412
1290	4.98426	5.04338
1291	4.98426	5.06463
1292	4.98426	5.01567
1293	4.98426	5.01093
1294	4.98426	4.99799
1295	4.98426	4.99411
1296	4.98426	4.98932
1297	4.98426	4.99807
1298	4.98426	4.99675
1299	4.98426	5.06008
1300	4.98426	5.08612
1301	4.98426	5.09798
1302	4.98426	5.25638
1303	4.98426	5.1706
1304	4.98426	5.13843
1305	4.98426	5.13199
1306	4.98426	5.01552
1307	4.98426	5.11222
1308	4.98426	5.00059
1309	4.98426	5.03319
1310	4.98426	5.13633
1311	4.98426	5.0449
1312	4.98426	5.05108
1313	4.98426	5.14958
1314	4.98426	5.0958
1315	4.98426	5.06729
1316	4.98426	5.0015
1317	4.98426	4.98426
1318	4.98426	4.98426
1319	4.98426	4.98426
1320	4.98426	4.98497
1321	4.98426	5.00352
1322	4.98426	4.98426
1323	4.98426	4.98466
1324	4.98426	4.98426
1325	4.98426	4.98426
1326	4.98426	5.02463
1327	4.98426	4.98426
1328	4.98426	4.98506
1329	4.98426	5.02502
1330	4.98426	5.00103
1331	4.98426	5.00979
1332	4.98426	5.002
1333	4.98426	5.01518
1334	4.98426	5.07152
1335	4.98426	5.06604
1336	4.98426	4.994
1337	4.98426	5.01249
1338	4.98426	5.02494
1339	4.98426	4.99006
1340	4.98426	4.98426
1341	4.98426	5.02557
1342	4.98426	5.10291
1343	4.98426	5.04175
1344	4.98426	5.007
1345	4.98426	4.99608
1346	4.98426	5.00347
1347	4.98426	5.00064
1348	4.98426	5.07806
1349	4.98426	5.06371
1350	4.98426	5.06327
1351	4.98426	5.05291
1352	4.98426	5.01851
1353	4.98426	5.06611
1354	4.98426	5.01373
1355	4.98426	5.02543
1356	4.98426	5.01825
1357	4.98426	5.02277
1358	4.98426	4.99152
1359	4.98426	5.12168
1360	4.98426	4.98848
1361	4.98426	4.99619
1362	4.98426	5.07148
1363	4.98426	5.03236
1364	4.98426	5.01759
1365	4.98426	5.08787
1366	4.98426	5.06806
1367	4.98426	5.01417
1368	4.98426	5.01533
1369	4.98426	4.99168
1370	4.98426	4.98426
1371	4.98426	4.98426
1372	4.98426	5.01454
1373	4.98426	5.08809
1374	4.98426	5.03301
1375	4.98426	5.02131
1376	4.98426	4.98769
1377	4.98426	4.98725
1378	4.98426	4.98426
1379	4.98426	4.98426
1380	4.98426	5.01178
1381	4.98426	4.98426
1382	4.98426	4.98426
1383	4.98426	4.98426
1384	4.98426	4.98426
1385	4.98426	4.98426
1386	4.98426	5.0217
1387	4.98426	4.99967
1388	4.98426	5.04288
1389	4.98426	5.01309
1390	4.98426	4.98426
1391	4.98426	4.98426
1392	4.98426	4.99398
1393	4.98426	4.98444
1394	4.98426	4.99495
1395	4.98426	5.00591
1396	4.98426	5.13442
1397	4.98426	5.10438
1398	4.98426	5.04539
1399	4.98426	5.1094
1400	4.98426	5.07154
1401	4.98426	5.08403
1402	4.98426	5.07314
1403	4.98426	5.09513
1404	4.98426	5.17018
1405	4.98426	5.08857
1406	4.98426	4.99919
1407	4.98426	4.99735
1408	4.98426	4.98918
1409	4.98426	4.99347
1410	4.98426	4.98474
1411	4.98426	4.98426
1412	4.98426	4.98426
1413	4.98426	5.02257
1414	4.98426	4.98426
1415	4.98426	4.99618
1416	4.98426	4.98426
1417	4.98426	4.98818
1418	4.98426	5.00797
1419	4.98426	5.00571
1420	4.98426	4.99979
1421	4.98426	5.09451
1422	4.98426	5.00691
1423	4.98426	5.04182
1424	4.98426	4.99499
1425	4.98426	4.98858
1426	4.98426	4.99093
1427	4.98426	5.01853
1428	4.98426	4.99604
1429	4.98426	5.06758
1430	4.98426	5.00495
1431	4.98426	4.99348
1432	4.98426	5.01468
1433	4.98426	4.98426
1434	4.98426	4.98426
1435	4.98426	4.99551
1436	4.98426	5.03125
1437	4.98426	5.04713
1438	4.98426	5.03596
1439	4.98426	5.1104
1440	4.98426	5.09621
1441	4.98426	5.09496
1442	4.98426	5.15345
1443	4.98426	5.141
1444	4.98426	5.0436
1445	4.98426	5.11322
1446	4.98426	5.15144
1447	4.98426	5.09653
1448	4.98426	5.04041
1449	4.98426	5.02214
1450	4.98426	5.02719
1451	4.98426	4.98728
1452	4.98426	5.00617
1453	4.98426	5.04844
1454	4.98426	4.98578
1455	4.98426	5.04501
1456	4.98426	5.05073
1457	4.98426	5.00631
1458	4.98426	5.00594
1459	4.98426	5.03325
1460	4.98426	5.07616
1461	4.98426	5.03199
1462	4.98426	5.02874
1463	4.98426	5.03049
1464	4.98426	5.0158
1465	4.98426	5.04183
1466	4.98426	5.11308
1467	4.98426	5.1141
1468	4.98426	4.98546
1469	4.98426	5.04246
1470	4.98426	5.08056
1471	4.98426	5.02926
1472	4.98426	5.04963
1473	4.98426	4.9957
1474	4.98426	5.04323
1475	4.98426	5.00852
1476	4.98426	5.07924
1477	4.98426	5.03755
1478	4.98426	5.10999
1479	4.98426	5.08923
1480	4.98426	5.05028
1481	4.98426	4.98998
1482	4.98426	4.99439
1483	4.98426	4.99398
1484	4.98426	4.99716
1485	4.98426	5.04742
1486	4.98426	4.99669
1487	4.98426	4.98426
1488	4.98426	4.98426
1489	4.98426	4.98426
1490	4.98426	4.98426
1491	4.98426	4.98709
1492	4.98426	4.99074
1493	4.98426	4.99288
1494	4.98426	4.98553
1495	4.98426	4.98929
1496	4.98426	5.00949
1497	4.98426	5.05829
1498	4.98426	5.0439
1499	4.98426	5.08599
1500	4.98426	5.04627
1501	4.98426	5.05439
1502	4.98426	5.02868
1503	4.98426	5.00689
1504	4.98426	5.01182
1505	4.98426	4.98426
1506	4.98426	4.98463
1507	4.98426	4.98652
1508	4.98426	5.02008
1509	4.98426	5.00823
1510	4.98426	5.02596
1511	4.98426	5.00876
1512	4.98426	5.02054
1513	4.98426	5.01833
1514	4.98426	5.04781
1515	4.98426	5.02923
1516	4.98426	5.04819
1517	4.98426	5.05469
1518	4.98426	5.04932
1519	4.98426	4.99496
1520	4.98426	5.11452
1521	4.98426	5.11589
1522	4.98426	5.14966
1523	4.98426	5.01042
1524	4.98426	4.98477
1525	4.98426	4.9851
1526	4.98426	4.99545
1527	4.98426	4.98696
1528	4.98426	5.0335
1529	4.98426	5.04178
1530	4.98426	5.08105
1531	4.98426	5.04772
1532	4.98426	4.99484
1533	4.98426	4.99569
1534	4.98426	5.03132
1535	4.98426	4.99943
1536	4.98426	5.02833
1537	4.98426	5.03765
1538	4.98426	5.01636
1539	4.98426	5.07573
1540	4.98426	5.11399
1541	4.98426	5.02539
1542	4.98426	5.1034
1543	4.98426	5.09427
1544	4.98426	5.09799
1545	4.98426	5.00693
1546	4.98426	5.0673
1547	4.98426	5.03735
1548	4.98426	5.02397
1549	4.98426	5.04426
1550	4.98426	5.05698
1551	4.98426	5.12704
1552	4.98426	5.07832
1553	4.98426	5.0222
1554	4.98426	5.06033
1555	4.98426	5.12571
1556	4.98426	5.11976
1557	4.98426	5.21981
1558	4.98426	5.25351
1559	4.98426	5.13385
1560	4.98426	5.10457
1561	4.98426	5.03295
1562	4.98426	5.04145
1563	4.98426	5.02706
1564	4.98426	5.02391
1565	4.98426	5.0114
1566	4.98426	5.07271
1567	4.98426	4.99119
1568	4.98426	4.99216
1569	4.98426	5.06671
1570	4.98426	4.99334
1571	4.98426	5.00259
1572	4.98426	5.07584
1573	4.98426	5.00455
1574	4.98426	4.99086
1575	4.98426	4.98434
1576	4.98426	4.98466
1577	4.98426	4.98426
1578	4.98426	5.01865
1579	4.98426	4.99198
1580	4.98426	5.05627
1581	4.98426	5.01049
1582	4.98426	5.01523
1583	4.98426	4.99359
1584	4.98426	5.02868
1585	4.98426	5.03662
1586	4.98426	4.98426
1587	4.98426	4.98577
1588	4.98426	4.98819
1589	4.98426	4.98426
1590	4.98426	4.98426
1591	4.98426	4.98558
1592	4.98426	4.9976
1593	4.98426	4.98426
1594	4.98426	5.00079
1595	4.98426	5.01204
1596	4.98426	5.00329
1597	4.98426	4.98444
1598	4.98426	4.98816
1599	4.98426	5.03398
1600	4.98426	4.98444
1601	4.98426	4.98426
1602	4.98426	4.99792
1603	4.98426	4.994
1604	4.98426	5.03914
1605	4.98426	5.0953
1606	4.98426	5.01562
1607	4.98426	5.04512
1608	4.98426	4.98861
1609	4.98426	4.99908
1610	4.98426	5.06889
1611	4.98426	5.09048
1612	4.98426	5.03721
1613	4.98426	5.03361
1614	4.98426	4.98844
1615	4.98426	5.07859
1616	4.98426	5.08491
1617	4.98426	5.00914
1618	4.98426	5.13553
1619	4.98426	5.23219
1620	4.98426	5.14446
1621	4.98426	5.04122
1622	4.98426	5.0663
1623	4.98426	5.02375
1624	4.98426	5.01758
1625	4.98426	5.01312
1626	4.98426	4.99654
1627	4.98426	4.99111
1628	4.98426	4.98426
1629	4.98426	4.98678
1630	4.98426	5.01376
1631	4.98426	4.99225
1632	4.98426	5.00778
1633	4.98426	4.9987
1634	4.98426	5.04422
1635	4.98426	5.08936
1636	4.98426	5.08866
1637	4.98426	5.00246
1638	4.98426	4.98471
1639	4.98426	5.03899
1640	4.98426	4.99226
1641	4.98426	4.99015
1642	4.98426	5.00809
1643	4.98426	5.00117
1644	4.98426	4.98426
1645	4.98426	5.01198
1646	4.98426	4.98426
1647	4.98426	4.98426
1648	4.98426	5.02917
1649	4.98426	4.99121
1650	4.98426	4.98463
1651	4.98426	4.99441
1652	4.98426	4.98426
1653	4.98426	5.08733
1654	4.98426	5.04576
1655	4.98426	5.04694
1656	4.98426	5.02078
1657	4.98426	5.00025
1658	4.98426	5.00811
1659	4.98426	5.02782
1660	4.98426	5.00461
1661	4.98426	5.04797
1662	4.98426	5.03594
1663	4.98426	5.02718
1664	4.98426	4.98426
1665	4.98426	4.9866
1666	4.98426	5.00083
1667	4.98426	5.12291
1668	4.98426	5.03886
1669	4.98426	5.06472
1670	4.98426	5.12815
1671	4.98426	5.10189
1672	4.98426	5.00597
1673	4.98426	5.00914
1674	4.98426	5.00735
1675	4.98426	5.02868
1676	4.98426	5.04451
1677	4.98426	5.02925
1678	4.98426	4.98506
1679	4.98426	4.98466
1680	4.98426	4.98426
1681	4.98426	5.03792
1682	4.98426	5.03111
1683	4.98426	4.98638
1684	4.98426	5.00211
1685	4.98426	4.9952
1686	4.98426	4.98426
1687	4.98426	5.00082
1688	4.98426	5.00384
1689	4.98426	5.08871
1690	4.98426	4.98596
1691	4.98426	4.99591
1692	4.98426	4.98426
1693	4.98426	4.98426
1694	4.98426	4.98426
1695	4.98426	4.98426
1696	4.98426	4.98426
1697	4.98426	4.99261
1698	4.98426	5.03286
1699	4.98426	5.08654
1700	4.98426	5.02868
1701	4.98426	5.05949
1702	4.98426	5.07464
1703	4.98426	5.05157
1704	4.98426	5.05039
1705	4.98426	5.03317
1706	4.98426	4.99959
1707	4.98426	4.99956
1708	4.98426	5.00233
1709	4.98426	4.99764
1710	4.98426	5.06348
1711	4.98426	5.029
1712	4.98426	5.03381
1713	4.98426	5.06786
1714	4.98426	5.07963
1715	4.98426	4.98426
1716	4.98426	5.01032
1717	4.98426	4.98426
1718	4.98426	4.98859
1719	4.98426	4.98548
1720	4.98426	4.98539
1721	4.98426	4.99034
1722	4.98426	5.00706
1723	4.98426	4.98659
1724	4.98426	5.0982
1725	4.98426	4.9937
1726	4.98426	5.00488
1727	4.98426	4.99723
1728	4.98426	5.05266
1729	4.98426	5.03958
1730	4.98426	5.10025
1731	4.98426	4.99077
1732	4.98426	4.99104
1733	4.98426	4.98426
1734	4.98426	5.01399
1735	4.98426	5.00712
1736	4.98426	5.00539
1737	4.98426	4.99757
1738	4.98426	5.03927
1739	4.98426	5.03574
1740	4.98426	5.01433
1741	4.98426	5.07009
1742	4.98426	5.03201
1743	4.98426	5.04771
1744	4.98426	5.06469
1745	4.98426	5.01722
1746	4.98426	5.01054
1747	4.98426	5.07197
1748	4.98426	5.06119
1749	4.98426	5.09025
1750	4.98426	5.08633
1751	4.98426	5.00883
1752	4.98426	4.99828
1753	4.98426	5.02861
1754	4.98426	5.0167
1755	4.98426	4.98471
1756	4.98426	4.98426
1757	4.98426	4.98426
1758	4.98426	5.01378
1759	4.98426	5.02699
1760	4.98426	5.03111
1761	4.98426	5.06748
1762	4.98426	5.07119
1763	4.98426	5.18199
1764	4.98426	5.12453
1765	4.98426	5.10424
1766	4.98426	5.18063
1767	4.98426	5.24676
1768	4.98426	5.12667
1769	4.98426	5.09418
1770	4.98426	5.11666
1771	4.98426	5.12862
1772	4.98426	5.12821
1773	4.98426	5.13173
1774	4.98426	5.11984
1775	4.98426	5.05893
1776	4.98426	5.01158
1777	4.98426	5.01161
1778	4.98426	4.99728
1779	4.98426	5.04
1780	4.98426	5.06668
1781	4.98426	5.02693
1782	4.98426	5.02724
1783	4.98426	5.02641
1784	4.98426	4.99903
1785	4.98426	4.99998
1786	4.98426	5.00047
1787	4.98426	4.98903
1788	4.98426	5.02484
1789	4.98426	5.03662
1790	4.98426	5.11086
1791	4.98426	5.02537
1792	4.98426	5.07994
1793	4.98426	5.05691
1794	4.98426	5.06024
1795	4.98426	5.07786
1796	4.98426	5.01305
1797	4.98426	5.04131
1798	4.98426	4.99203
1799	4.98426	5.04035
1800	4.98426	5.01993
1801	4.98426	5.07467
1802	4.98426	5.06177
1803	4.98426	5.08284
1804	4.98426	5.03266
1805	4.98426	5.01717
1806	4.98426	5.01215
1807	4.98426	5.01005
1808	4.98426	5.05431
1809	4.98426	5.05606
1810	4.98426	5.0169
1811	4.98426	5.07589
1812	4.98426	5.00603
1813	4.98426	5.04308
1814	4.98426	5.01649
1815	4.98426	5.01517
1816	4.98426	5.00028
1817	4.98426	5.00932
1818	4.98426	5.00152
1819	4.98426	5.02756
1820	4.98426	4.99771
1821	4.98426	5.01116
1822	4.98426	4.98426
1823	4.98426	4.98426
1824	4.98426	4.98644
1825	4.98426	5.05696
1826	4.98426	5.11013
1827	4.98426	5.09847
1828	4.98426	5.04812
1829	4.98426	4.9999
1830	4.98426	5.01658
1831	4.98426	4.98426
1832	4.98426	4.98426
1833	4.98426	4.98827
1834	4.98426	5.04482
1835	4.98426	4.99297
1836	4.98426	4.98426
1837	4.98426	4.98466
1838	4.98426	4.99927
1839	4.98426	5.13656
1840	4.98426	4.98792
1841	4.98426	5.01705
1842	4.98426	5.01553
1843	4.98426	5.0521
1844	4.98426	5.08172
1845	4.98426	5.01623
1846	4.98426	5.00215
1847	4.98426	5.0332
1848	4.98426	5.00111
1849	4.98426	4.98426
1850	4.98426	4.98836
1851	4.98426	4.99616
1852	4.98426	4.98855
1853	4.98426	5.02989
1854	4.98426	5.04024
1855	4.98426	5.15092
1856	4.98426	5.13279
1857	4.98426	5.07
1858	4.98426	4.98956
1859	4.98426	4.98767
1860	4.98426	4.98426
1861	4.98426	4.98426
1862	4.98426	4.98426
1863	4.98426	4.99252
1864	4.98426	5.0125
1865	4.98426	5.0162
1866	4.98426	5.03263
1867	4.98426	4.98858
1868	4.98426	4.98426
1869	4.98426	5.02959
1870	4.98426	5.09367
1871	4.98426	5.08691
1872	4.98426	5.03064
1873	4.98426	5.01713
1874	4.98426	4.98426
1875	4.98426	4.98671
1876	4.98426	4.9877
1877	4.98426	5.01533
1878	4.98426	5.04693
1879	4.98426	5.07027
1880	4.98426	5.00489
1881	4.98426	5.00331
1882	4.98426	5.02803
1883	4.98426	5.07429
1884	4.98426	5.06751
1885	4.98426	5.03413
1886	4.98426	5.02345
1887	4.98426	5.01789
1888	4.98426	4.98426
1889	4.98426	4.98426
1890	4.98426	4.98466
1891	4.98426	4.98426
1892	4.98426	4.98622
1893	4.98426	4.98442
1894	4.98426	4.98426
1895	4.98426	4.99476
1896	4.98426	4.99935
1897	4.98426	4.98426
1898	4.98426	5.00553
1899	4.98426	5.10258
1900	4.98426	5.08101
1901	4.98426	5.05203
1902	4.98426	4.99557
1903	4.98426	4.99343
1904	4.98426	5.03032
1905	4.98426	5.02446
1906	4.98426	4.98836
1907	4.98426	4.98426
1908	4.98426	4.99716
1909	4.98426	5.04333
1910	4.98426	5.10228
1911	4.98426	5.07751
1912	4.98426	5.10542
1913	4.98426	5.07455
1914	4.98426	5.06175
1915	4.98426	5.03466
1916	4.98426	5.03488
1917	4.98426	5.03409
1918	4.98426	5.00407
1919	4.98426	5.00762
1920	4.98426	5.00824
1921	4.98426	5.03521
1922	4.98426	5.04512
1923	4.98426	5.01978
1924	4.98426	5.04055
1925	4.98426	5.02264
1926	4.98426	5.03573
1927	4.98426	4.98952
1928	4.98426	5.00547
1929	4.98426	4.98444
1930	4.98426	5.05573
1931	4.98426	5.06618
1932	4.98426	5.0223
1933	4.98426	5.01991
1934	4.98426	5.0389
1935	4.98426	5.00599
1936	4.98426	4.98466
1937	4.98426	5.04751
1938	4.98426	5.00638
1939	4.98426	5.02943
1940	4.98426	5.05196
1941	4.98426	5.09438
1942	4.98426	5.09114
1943	4.98426	5.04968
1944	4.98426	5.01591
1945	4.98426	5.01769
1946	4.98426	5.04199
1947	4.98426	5.0242
1948	4.98426	5.06991
1949	4.98426	5.03491
1950	4.98426	5.03774
1951	4.98426	5.0249
1952	4.98426	5.0265
1953	4.98426	5.00602
1954	4.98426	4.99248
1955	4.98426	5.09765
1956	4.98426	5.06066
1957	4.98426	5.05642
1958	4.98426	4.99118
1959	4.98426	5.10112
1960	4.98426	5.02474
1961	4.98426	5.00264
1962	4.98426	5.06509
1963	4.98426	5.08961
1964	4.98426	5.04735
1965	4.98426	4.99262
1966	4.98426	5.00438
1967	4.98426	5.00477
1968	4.98426	4.98426
1969	4.98426	4.99159
1970	4.98426	4.98426
1971	4.98426	4.99563
1972	4.98426	5.09343
1973	4.98426	5.02221
1974	4.98426	5.06144
1975	4.98426	4.99751
1976	4.98426	4.98426
1977	4.98426	4.98463
1978	4.98426	4.98426
1979	4.98426	4.98426
1980	4.98426	4.98426
1981	4.98426	4.98426
1982	4.98426	5.00235
1983	4.98426	5.0091
1984	4.98426	5.03538
1985	4.98426	4.98444
1986	4.98426	4.99238
1987	4.98426	4.99582
1988	4.98426	5.05382
1989	4.98426	5.04702
1990	4.98426	4.98746
1991	4.98426	4.98426
1992	4.98426	4.98426
1993	4.98426	4.98426
1994	4.98426	5.0399
1995	4.98426	4.99933
1996	4.98426	5.01666
1997	4.98426	4.98463
1998	4.98426	4.99173
1999	4.98426	5.01996
2000	4.98426	5.02671
2001	4.98426	5.00089
2002	4.98426	5.15569
2003	4.98426	5.04249
2004	4.98426	5.07964
2005	4.98426	5.02405
2006	4.98426	5.00279
2007	4.98426	5.05524
2008	4.98426	5.01992
2009	4.98426	5.01472
2010	4.98426	5.01977
2011	4.98426	5.04698
2012	4.98426	5.00499
2013	4.98426	5.03847
2014	4.98426	5.02819
2015	4.98426	4.99155
2016	4.98426	5.04189
2017	4.98426	5.09049
2018	4.98426	5.03385
2019	4.98426	5.07173
2020	4.98426	5.08636
2021	4.98426	5.05983
2022	4.98426	5.01863
2023	4.98426	4.98968
2024	4.98426	4.99042
2025	4.98426	4.99699
2026	4.98426	5.00736
2027	4.98426	4.99719
2028	4.98426	5.00944
2029	4.98426	5.05299
2030	4.98426	5.01159
2031	4.98426	5.00951
2032	4.98426	4.98426
2033	4.98426	4.98697
2034	4.98426	5.01978
2035	4.98426	5.03281
2036	4.98426	5.0927
2037	4.98426	5.14106
2038	4.98426	5.02595
2039	4.98426	5.03643
2040	4.98426	4.99456
2041	4.98426	4.98726
2042	4.98426	5.05861
2043	4.98426	5.0625
2044	4.98426	5.04971
2045	4.98426	5.10869
2046	4.98426	5.14142
2047	4.98426	5.08239
2048	4.98426	5.01115
2049	4.98426	5.03811
2050	4.98426	5.10809
2051	4.98426	5.06865
2052	4.98426	5.05456
2053	4.98426	4.994
2054	4.98426	4.98426
2055	4.98426	4.98426
2056	4.98426	4.99878
2057	4.98426	4.98426
2058	4.98426	4.98426
2059	4.98426	5.01219
2060	4.98426	5.04556
2061	4.98426	5.05527
2062	4.98426	5.16339
2063	4.98426	5.11302
2064	4.98426	5.09349
2065	4.98426	5.06603
2066	4.98426	4.98627
2067	4.98426	5.02625
2068	4.98426	5.19043
2069	4.98426	5.04392
2070	4.98426	5.04364
2071	4.98426	5.09051
2072	4.98426	5.06377
2073	4.98426	5.02404
2074	4.98426	4.99865
2075	4.98426	4.9937
2076	4.98426	4.98615
2077	4.98426	5.01429
2078	4.98426	5.01805
2079	4.98426	4.99493
2080	4.98426	5.01642
2081	4.98426	4.98442
2082	4.98426	4.98426
2083	4.98426	4.98426
2084	4.98426	4.98426
2085	4.98426	4.98426
2086	4.98426	5.00498
2087	4.98426	5.08141
2088	4.98426	5.02871
2089	4.98426	5.02111
2090	4.98426	4.98426
2091	4.98426	4.98583
2092	4.98426	4.98426
2093	4.98426	4.98426
2094	4.98426	4.98466
2095	4.98426	4.99193
2096	4.98426	5.00512
2097	4.98426	5.01119
2098	4.98426	5.01057
2099	4.98426	4.98426
2100	4.98426	5.03634
2101	4.98426	5.04821
2102	4.98426	5.06698
2103	4.98426	5.09196
2104	4.98426	5.01826
2105	4.98426	5.01678
2106	4.98426	5.00293
2107	4.98426	4.9994
2108	4.98426	5.01092
2109	4.98426	5.0444
2110	4.98426	5.04476
2111	4.98426	5.05449
2112	4.98426	4.98857
2113	4.98426	5.02766
2114	4.98426	5.06739
2115	4.98426	4.99868
2116	4.98426	5.04718
2117	4.98426	4.99443
2118	4.98426	4.98426
2119	4.98426	4.98559
2120	4.98426	4.98426
2121	4.98426	4.99495
2122	4.98426	5.01143
2123	4.98426	4.98641
2124	4.98426	4.98834
2125	4.98426	5.03324
2126	4.98426	4.98796
2127	4.98426	4.99236
2128	4.98426	5.01117
2129	4.98426	5.01101
2130	4.98426	5.04588
2131	4.98426	5.04591
2132	4.98426	5.11371
2133	4.98426	5.08748
2134	4.98426	5.03432
2135	4.98426	5.07305
2136	4.98426	5.01857
2137	4.98426	5.02984
2138	4.98426	5.10719
2139	4.98426	5.01034
2140	4.98426	4.98774
2141	4.98426	5.03217
2142	4.98426	5.06114
2143	4.98426	5.00752
2144	4.98426	5.04009
2145	4.98426	5.03532
2146	4.98426	5.06013
2147	4.98426	5.17685
2148	4.98426	5.17617
2149	4.98426	5.13388
2150	4.98426	5.04105
2151	4.98426	5.00239
2152	4.98426	5.0275
2153	4.98426	5.02789
2154	4.98426	5.00079
2155	4.98426	5.01078
2156	4.98426	5.08971
2157	4.98426	5.05788
2158	4.98426	4.99964
2159	4.98426	5.03963
2160	4.98426	5.03989
2161	4.98426	5.02966
2162	4.98426	4.99133
2163	4.98426	4.99758
2164	4.98426	5.01005
2165	4.98426	5.00966
2166	4.98426	5.04985
2167	4.98426	5.02399
2168	4.98426	4.99531
2169	4.98426	5.02465
2170	4.98426	5.00685
2171	4.98426	4.99379
2172	4.98426	4.99393
2173	4.98426	5.03416
2174	4.98426	4.98564
2175	4.98426	4.98826
2176	4.98426	5.03036
2177	4.98426	5.00481
2178	4.98426	5.04608
2179	4.98426	5.04614
2180	4.98426	5.03719
2181	4.98426	5.0751
2182	4.98426	5.05277
2183	4.98426	5.02879
2184	4.98426	5.02831
2185	4.98426	5.17869
2186	4.98426	5.1727
2187	4.98426	5.19138
2188	4.98426	5.05353
2189	4.98426	5.06728
2190	4.98426	5.12611
2191	4.98426	5.05033
2192	4.98426	5.04936
2193	4.98426	5.01986
2194	4.98426	5.08788
2195	4.98426	5.07768
2196	4.98426	5.05644
2197	4.98426	5.10994
2198	4.98426	5.14737
2199	4.98426	5.17647
2200	4.98426	5.10869
2201	4.98426	5.03144
2202	4.98426	5.04788
2203	4.98426	5.12902
2204	4.98426	5.11668
2205	4.98426	5.01852
2206	4.98426	5.08681
2207	4.98426	5.04782
2208	4.98426	5.02704
2209	4.98426	5.01642
2210	4.98426	5.04339
2211	4.98426	5.00265
2212	4.98426	5.03571
2213	4.98426	5.11288
2214	4.98426	5.19757
2215	4.98426	5.17145
2216	4.98426	5.01266
2217	4.98426	5.08754
2218	4.98426	5.08284
2219	4.98426	5.102
2220	4.98426	5.06087
2221	4.98426	5.09536
2222	4.98426	5.04389
2223	4.98426	5.0871
2224	4.98426	5.10792
2225	4.98426	5.09965
2226	4.98426	5.1204
2227	4.98426	5.14487
2228	4.98426	5.047
2229	4.98426	5.03805
2230	4.98426	5.04152
2231	4.98426	5.0575
2232	4.98426	5.01865
2233	4.98426	5.00485
2234	4.98426	4.99667
2235	4.98426	5.01293
2236	4.98426	5.09905
2237	4.98426	5.02991
2238	4.98426	5.11688
2239	4.98426	5.05617
2240	4.98426	5.0208
2241	4.98426	5.06463
2242	4.98426	5.01579
2243	4.98426	4.98807
2244	4.98426	4.98585
2245	4.98426	4.98426
2246	4.98426	4.98426
2247	4.98426	4.98426
2248	4.98426	4.98426
2249	4.98426	5.00498
2250	4.98426	4.99584
2251	4.98426	4.99565
2252	4.98426	5.07192
2253	4.98426	5.07827
2254	4.98426	5.10545
2255	4.98426	5.11851
2256	4.98426	5.06535
2257	4.98426	5.08606
2258	4.98426	5.06161
2259	4.98426	4.98738
2260	4.98426	4.98426
2261	4.98426	4.98812
2262	4.98426	4.98426
2263	4.98426	4.98481
2264	4.98426	4.99843
2265	4.98426	4.98426
2266	4.98426	4.99809
2267	4.98426	4.98662
2268	4.98426	5.03777
2269	4.98426	5.02796
2270	4.98426	5.05794
2271	4.98426	5.0903
2272	4.98426	5.06756
2273	4.98426	5.00445
2274	4.98426	5.01462
2275	4.98426	5.00883
2276	4.98426	5.00328
2277	4.98426	5.10079
2278	4.98426	5.00664
2279	4.98426	5.04459
2280	4.98426	5.04451
2281	4.98426	4.98981
2282	4.98426	4.99619
2283	4.98426	5.0026
2284	4.98426	5.00497
2285	4.98426	5.08466
2286	4.98426	5.06397
2287	4.98426	5.17992
2288	4.98426	5.07347
2289	4.98426	5.04576
2290	4.98426	4.98426
2291	4.98426	4.99516
2292	4.98426	5.04721
2293	4.98426	5.06241
2294	4.98426	5.07288
2295	4.98426	5.08671
2296	4.98426	5.04297
2297	4.98426	4.99994
2298	4.98426	5.01175
2299	4.98426	5.06504
2300	4.98426	5.10013
2301	4.98426	5.09056
2302	4.98426	5.15249
2303	4.98426	5.05637
2304	4.98426	5.02873
2305	4.98426	4.99503
2306	4.98426	5.07365
2307	4.98426	5.02375
2308	4.98426	5.03645
2309	4.98426	5.07217
2310	4.98426	5.01305
2311	4.98426	5.01608
2312	4.98426	4.98829
2313	4.98426	5.0013
2314	4.98426	4.99012
2315	4.98426	5.03434
2316	4.98426	5.0447
2317	4.98426	5.13528
2318	4.98426	5.04253
2319	4.98426	4.99485
2320	4.98426	5.00347
2321	4.98426	5.00748
2322	4.98426	5.01447
2323	4.98426	5.02519
2324	4.98426	5.00227
2325	4.98426	5.01525
2326	4.98426	5.03965
2327	4.98426	5.00286
2328	4.98426	5.00621
2329	4.98426	5.04242
2330	4.98426	5.00498
2331	4.98426	5.00078
2332	4.98426	4.99668
2333	4.98426	5.00253
2334	4.98426	5.02083
2335	4.98426	5.07637
2336	4.98426	5.16983
2337	4.98426	5.13307
2338	4.98426	5.05076
2339	4.98426	5.09343
2340	4.98426	5.09673
2341	4.98426	5.0669
2342	4.98426	5.02683
2343	4.98426	4.99209
2344	4.98426	4.9984
2345	4.98426	4.98426
2346	4.98426	4.98426
2347	4.98426	4.98426
2348	4.98426	4.98426
2349	4.98426	4.98426
2350	4.98426	4.99615
2351	4.98426	4.98939
2352	4.98426	5.00251
2353	4.98426	5.02015
2354	4.98426	5.00415
2355	4.98426	4.99271
2356	4.98426	4.99066
2357	4.98426	4.99873
2358	4.98426	5.0051
2359	4.98426	4.99471
2360	4.98426	5.05916
2361	4.98426	5.04544
2362	4.98426	5.01712
2363	4.98426	4.98426
2364	4.98426	4.98426
2365	4.98426	4.98868
2366	4.98426	4.99371
2367	4.98426	5.03663
2368	4.98426	5.00122
2369	4.98426	5.00693
2370	4.98426	5.04911
2371	4.98426	5.00363
2372	4.98426	4.98788
2373	4.98426	5.0416
2374	4.98426	5.02192
2375	4.98426	5.00145
2376	4.98426	5.03292
2377	4.98426	4.99238
2378	4.98426	5.02765
2379	4.98426	5.02693
2380	4.98426	5.02571
2381	4.98426	5.03702
2382	4.98426	5.00865
2383	4.98426	5.03374
2384	4.98426	5.10824
2385	4.98426	5.03195
2386	4.98426	4.99041
2387	4.98426	5.09356
2388	4.98426	5.17003
2389	4.98426	5.21526
2390	4.98426	5.26075
2391	4.98426	5.10228
2392	4.98426	5.08297
2393	4.98426	5.04845
2394	4.98426	5.09699
2395	4.98426	5.06752
2396	4.98426	4.99954
2397	4.98426	4.98573
2398	4.98426	4.9852
2399	4.98426	4.98709
2400	4.98426	4.98854
2401	4.98426	4.98426
2402	4.98426	5.02182
2403	4.98426	5.06096
2404	4.98426	4.99486
2405	4.98426	4.98938
2406	4.98426	4.9897
2407	4.98426	4.98626
2408	4.98426	5.01208
2409	4.98426	5.03718
2410	4.98426	5.2182
2411	4.98426	4.9921
2412	4.98426	4.98534
2413	4.98426	5.02942
2414	4.98426	5.14165
2415	4.98426	5.01729
2416	4.98426	5.05581
2417	4.98426	5.03184
2418	4.98426	4.98843
2419	4.98426	4.98426
2420	4.98426	4.98489
2421	4.98426	5.02567
2422	4.98426	5.01562
2423	4.98426	5.01795
2424	4.98426	5.02699
2425	4.98426	5.03331
2426	4.98426	5.06365
2427	4.98426	5.16972
2428	4.98426	5.14894
2429	4.98426	5.0617
2430	4.98426	5.121
2431	4.98426	5.12483
2432	4.98426	5.01925
2433	4.98426	5.06317
2434	4.98426	5.04909
2435	4.98426	5.0324
2436	4.98426	5.0184
2437	4.98426	4.99963
2438	4.98426	5.0263
2439	4.98426	5.01394
2440	4.98426	5.03593
2441	4.98426	5.11497
2442	4.98426	5.13448
2443	4.98426	5.00963
2444	4.98426	5.01478
2445	4.98426	4.98426
2446	4.98426	5.00869
2447	4.98426	4.9889
2448	4.98426	4.98431
2449	4.98426	4.98546
2450	4.98426	4.98426
2451	4.98426	5.01965
2452	4.98426	5.03281
2453	4.98426	4.98808
2454	4.98426	4.98506
2455	4.98426	4.98426
2456	4.98426	4.99913
2457	4.98426	5.08884
2458	4.98426	5.05028
2459	4.98426	5.06255
2460	4.98426	5.01558
2461	4.98426	5.05907
2462	4.98426	5.01711
2463	4.98426	5.01929
2464	4.98426	4.9899
2465	4.98426	4.98426
2466	4.98426	4.98664
2467	4.98426	4.98426
2468	4.98426	4.98925
2469	4.98426	5.05644
2470	4.98426	5.11681
2471	4.98426	5.06451
2472	4.98426	5.18613
2473	4.98426	5.1162
2474	4.98426	5.13285
2475	4.98426	5.02658
2476	4.98426	5.06808
2477	4.98426	5.04755
2478	4.98426	5.11904
2479	4.98426	5.18309
2480	4.98426	5.15614
2481	4.98426	5.16106
2482	4.98426	5.21777
2483	4.98426	5.2241
2484	4.98426	5.20712
2485	4.98426	5.09137
2486	4.98426	5.09667
2487	4.98426	5.07298
2488	4.98426	5.07587
2489	4.98426	5.13988
2490	4.98426	5.09808
2491	4.98426	5.02784
2492	4.98426	5.03323
2493	4.98426	4.98712
2494	4.98426	4.98426
2495	4.98426	4.9876
2496	4.98426	5.00105
2497	4.98426	4.99379
2498	4.98426	4.98426
2499	4.98426	5.02209
2500	4.98426	5.0615
2501	4.98426	5.17289
2502	4.98426	5.09211
2503	4.98426	5.04865
2504	4.98426	5.00857
2505	4.98426	5.02182
2506	4.98426	5.05434
2507	4.98426	5.01658
2508	4.98426	5.04284
2509	4.98426	5.0411
2510	4.98426	4.98738
2511	4.98426	5.00237
2512	4.98426	5.06749
2513	4.98426	5.06563
2514	4.98426	4.9884
2515	4.98426	4.98426
2516	4.98426	5.04501
2517	4.98426	5.00936
2518	4.98426	5.08963
2519	4.98426	5.02321
2520	4.98426	4.98463
2521	4.98426	4.98475
2522	4.98426	4.98426
2523	4.98426	4.98426
2524	4.98426	4.98426
2525	4.98426	4.98426
2526	4.98426	4.98545
2527	4.98426	4.99562
2528	4.98426	4.99308
2529	4.98426	4.98868
2530	4.98426	4.98426
2531	4.98426	4.98426
2532	4.98426	4.98426
2533	4.98426	5.00943
2534	4.98426	5.09164
2535	4.98426	5.08476
2536	4.98426	5.03085
2537	4.98426	5.02386
2538	4.98426	5.03058
2539	4.98426	4.98455
2540	4.98426	4.98865
2541	4.98426	4.98442
2542	4.98426	5.00309
2543	4.98426	4.98617
2544	4.98426	4.991
2545	4.98426	4.99532
2546	4.98426	5.00015
2547	4.98426	5.01353
2548	4.98426	4.99903
2549	4.98426	4.9864
2550	4.98426	4.98552
2551	4.98426	4.98839
2552	4.98426	5.00019
2553	4.98426	5.0501
2554	4.98426	5.09432
2555	4.98426	5.08497
2556	4.98426	5.08193
2557	4.98426	5.06763
2558	4.98426	5.06236
2559	4.98426	5.07545
2560	4.98426	5.109
2561	4.98426	5.00828
2562	4.98426	4.99528
2563	4.98426	4.99174
2564	4.98426	5.04324
2565	4.98426	5.04321
2566	4.98426	5.13958
2567	4.98426	5.09942
2568	4.98426	5.10561
2569	4.98426	5.04473
2570	4.98426	5.07265
2571	4.98426	5.0392
2572	4.98426	5.09606
2573	4.98426	5.07764
2574	4.98426	5.20596
2575	4.98426	5.12629
2576	4.98426	5.06058
2577	4.98426	5.01863
2578	4.98426	4.99924
2579	4.98426	5.0149
2580	4.98426	5.04096
2581	4.98426	5.01353
2582	4.98426	5.10698
2583	4.98426	5.09345
2584	4.98426	5.09426
2585	4.98426	5.09199
2586	4.98426	5.14066
2587	4.98426	5.18188
2588	4.98426	5.09647
2589	4.98426	4.98631
2590	4.98426	4.98426
2591	4.98426	4.98787
2592	4.98426	5.00819
2593	4.98426	5.0201
2594	4.98426	5.06281
2595	4.98426	5.03737
2596	4.98426	5.05122
2597	4.98426	4.98911
2598	4.98426	4.98798
2599	4.98426	4.98426
2600	4.98426	5.0174
2601	4.98426	5.01145
2602	4.98426	5.00652
2603	4.98426	4.99054
2604	4.98426	5.02338
2605	4.98426	5.03199
2606	4.98426	5.09478
2607	4.98426	5.18079
2608	4.98426	5.09162
2609	4.98426	5.03716
2610	4.98426	5.03978
2611	4.98426	5.11077
2612	4.98426	5.09346
2613	4.98426	5.14172
2614	4.98426	5.10687
2615	4.98426	5.15454
2616	4.98426	5.15682
2617	4.98426	5.02518
2618	4.98426	5.06591
2619	4.98426	5.09321
2620	4.98426	5.0998
2621	4.98426	5.103
2622	4.98426	5.20353
2623	4.98426	5.05359
2624	4.98426	5.06598
2625	4.98426	5.0352
2626	4.98426	4.98426
2627	4.98426	5.01658
2628	4.98426	5.02442
2629	4.98426	5.09905
2630	4.98426	5.05958
2631	4.98426	5.01721
2632	4.98426	5.01454
2633	4.98426	4.98622
2634	4.98426	4.99382
2635	4.98426	4.99812
2636	4.98426	5.07406
2637	4.98426	5.08855
2638	4.98426	5.00568
2639	4.98426	4.98587
2640	4.98426	5.00579
2641	4.98426	4.99274
2642	4.98426	5.04282
2643	4.98426	4.99592
2644	4.98426	5.03069
2645	4.98426	4.98621
2646	4.98426	5.02503
2647	4.98426	5.01544
2648	4.98426	5.03845
2649	4.98426	5.08192
2650	4.98426	5.15722
2651	4.98426	5.04587
2652	4.98426	5.06417
2653	4.98426	5.05886
2654	4.98426	5.01679
2655	4.98426	4.98671
2656	4.98426	4.99538
2657	4.98426	4.99332
2658	4.98426	5.00859
2659	4.98426	4.98426
2660	4.98426	4.98426
2661	4.98426	4.98426
2662	4.98426	4.98585
2663	4.98426	4.99997
2664	4.98426	5.0186
2665	4.98426	5.04722
2666	4.98426	5.06629
2667	4.98426	5.10402
2668	4.98426	5.03774
2669	4.98426	5.03013
2670	4.98426	4.98516
2671	4.98426	4.98613
2672	4.98426	4.98434
2673	4.98426	5.02428
2674	4.98426	5.06606
2675	4.98426	5.11327
2676	4.98426	5.1406
2677	4.98426	5.05688
2678	4.98426	5.06245
2679	4.98426	5.04634
2680	4.98426	5.00957
2681	4.98426	4.98426
2682	4.98426	4.98426
2683	4.98426	4.98426
2684	4.98426	5.0103
2685	4.98426	5.04144
2686	4.98426	4.98498
2687	4.98426	4.99339
2688	4.98426	5.01582
2689	4.98426	5.00415
2690	4.98426	5.0021
2691	4.98426	5.01204
2692	4.98426	5.01593
2693	4.98426	5.03467
2694	4.98426	5.0241
2695	4.98426	5.00822
2696	4.98426	4.98945
2697	4.98426	5.0116
2698	4.98426	5.06345
2699	4.98426	5.02068
2700	4.98426	5.05733
2701	4.98426	5.02321
2702	4.98426	5.10063
2703	4.98426	4.99332
2704	4.98426	5.13633
2705	4.98426	5.1541
2706	4.98426	5.02047
2707	4.98426	4.98686
2708	4.98426	4.985
2709	4.98426	4.98595
2710	4.98426	5.04508
2711	4.98426	5.14306
2712	4.98426	5.06988
2713	4.98426	5.08896
2714	4.98426	5.04214
2715	4.98426	5.01607
2716	4.98426	5.04114
2717	4.98426	5.03318
2718	4.98426	5.08142
2719	4.98426	5.13059
2720	4.98426	5.06064
2721	4.98426	5.03905
2722	4.98426	5.12201
2723	4.98426	5.08322
2724	4.98426	5.0156
2725	4.98426	4.98549
2726	4.98426	4.98426
2727	4.98426	4.98426
2728	4.98426	5.01251
2729	4.98426	5.00205
2730	4.98426	5.04931
2731	4.98426	5.04152
2732	4.98426	5.01894
2733	4.98426	5.00631
2734	4.98426	5.0342
2735	4.98426	4.99625
2736	4.98426	5.02965
2737	4.98426	5.10618
2738	4.98426	5.04067
2739	4.98426	4.99518
2740	4.98426	5.04976
2741	4.98426	5.04426
2742	4.98426	5.013
2743	4.98426	5.03612
2744	4.98426	5.04348
2745	4.98426	5.05392
2746	4.98426	5.00634
2747	4.98426	5.00937
2748	4.98426	4.98814
2749	4.98426	4.98472
2750	4.98426	4.98426
2751	4.98426	5.00091
2752	4.98426	4.98845
2753	4.98426	4.98426
2754	4.98426	4.98426
2755	4.98426	5.01652
2756	4.98426	5.05712
2757	4.98426	4.99232
2758	4.98426	4.98426
2759	4.98426	4.98426
2760	4.98426	4.98426
2761	4.98426	4.99534
2762	4.98426	5.00077
2763	4.98426	5.00028
2764	4.98426	4.98504
2765	4.98426	5.08095
2766	4.98426	5.0935
2767	4.98426	5.04704
2768	4.98426	5.05122
2769	4.98426	5.03038
2770	4.98426	4.99115
2771	4.98426	4.98849
2772	4.98426	5.00075
2773	4.98426	5.09289
2774	4.98426	5.01842
2775	4.98426	5.04449
2776	4.98426	5.03977
2777	4.98426	5.08624
2778	4.98426	5.0444
2779	4.98426	5.02552
2780	4.98426	5.00884
2781	4.98426	4.98426
2782	4.98426	4.98426
2783	4.98426	4.99767
2784	4.98426	4.9911
2785	4.98426	5.06456
2786	4.98426	5.03997
2787	4.98426	5.09475
2788	4.98426	5.08721
2789	4.98426	4.99563
2790	4.98426	5.05081
2791	4.98426	5.03077
2792	4.98426	5.02508
2793	4.98426	4.98426
2794	4.98426	4.98431
2795	4.98426	4.99734
2796	4.98426	4.98426
2797	4.98426	5.03412
2798	4.98426	5.01049
2799	4.98426	5.00397
2800	4.98426	5.00354
2801	4.98426	4.98819
2802	4.98426	5.06225
2803	4.98426	5.12553
2804	4.98426	5.06811
2805	4.98426	4.98749
2806	4.98426	4.98923
2807	4.98426	4.98426
2808	4.98426	4.98781
2809	4.98426	5.02262
2810	4.98426	4.98914
2811	4.98426	4.98426
2812	4.98426	4.99187
2813	4.98426	5.0215
2814	4.98426	5.06549
2815	4.98426	5.04323
2816	4.98426	5.00619
2817	4.98426	4.98833
2818	4.98426	5.00604
2819	4.98426	5.02806
2820	4.98426	4.98797
2821	4.98426	5.02528
2822	4.98426	5.11157
2823	4.98426	5.05702
2824	4.98426	5.06051
2825	4.98426	5.04329
2826	4.98426	5.0036
2827	4.98426	4.98483
2828	4.98426	4.9848
2829	4.98426	5.00095
2830	4.98426	5.01017
2831	4.98426	5.04984
2832	4.98426	4.98843
2833	4.98426	5.02115
2834	4.98426	4.9929
2835	4.98426	5.07577
2836	4.98426	5.01486
2837	4.98426	5.01742
2838	4.98426	4.98426
2839	4.98426	4.98753
2840	4.98426	4.99895
2841	4.98426	5.01011
2842	4.98426	4.99615
2843	4.98426	4.98426
2844	4.98426	4.9868
2845	4.98426	5.06618
2846	4.98426	5.12625
2847	4.98426	5.17378
2848	4.98426	5.12455
2849	4.98426	5.06022
2850	4.98426	5.04947
2851	4.98426	5.08384
2852	4.98426	5.05134
2853	4.98426	5.11943
2854	4.98426	5.06836
2855	4.98426	5.08535
2856	4.98426	5.08878
2857	4.98426	5.11815
2858	4.98426	5.09635
2859	4.98426	5.06001
2860	4.98426	4.98592
2861	4.98426	5.04236
2862	4.98426	4.99467
2863	4.98426	5.01028
2864	4.98426	5.03473
2865	4.98426	5.02128
2866	4.98426	5.03536
2867	4.98426	5.05798
2868	4.98426	5.18009
2869	4.98426	5.17643
2870	4.98426	5.11918
2871	4.98426	5.02866
2872	4.98426	5.03209
2873	4.98426	5.04095
2874	4.98426	5.09921
2875	4.98426	5.10647
2876	4.98426	5.05884
2877	4.98426	5.03879
2878	4.98426	5.00978
2879	4.98426	5.00702
2880	4.98426	4.99435
2881	4.98426	5.02051
2882	4.98426	5.05714
2883	4.98426	5.07589
2884	4.98426	5.03926
2885	4.98426	5.0075
2886	4.98426	5.07086
2887	4.98426	5.075
2888	4.98426	4.98426
2889	4.98426	4.98426
2890	4.98426	4.98426
2891	4.98426	5.02059
2892	4.98426	5.03166
2893	4.98426	5.09241
2894	4.98426	5.01126
2895	4.98426	4.99239
2896	4.98426	5.01256
2897	4.98426	5.00823
2898	4.98426	4.99652
2899	4.98426	4.99583
2900	4.98426	4.98426
2901	4.98426	4.98426
2902	4.98426	5.03044
2903	4.98426	5.00196
2904	4.98426	5.00172
2905	4.98426	5.05149
2906	4.98426	5.17318
2907	4.98426	5.21345
2908	4.98426	5.1577
2909	4.98426	5.1893
2910	4.98426	5.12299
2911	4.98426	4.99128
2912	4.98426	4.98426
2913	4.98426	4.98597
2914	4.98426	5.00586
2915	4.98426	4.99431
2916	4.98426	5.0296
2917	4.98426	5.02641
2918	4.98426	5.04638
2919	4.98426	5.06442
2920	4.98426	5.01894
2921	4.98426	4.99281
2922	4.98426	5.03969
2923	4.98426	4.99606
2924	4.98426	5.02337
2925	4.98426	5.00987
2926	4.98426	4.98447
2927	4.98426	5.05422
2928	4.98426	5.01185
2929	4.98426	5.0094
2930	4.98426	5.03663
2931	4.98426	5.08039
2932	4.98426	5.1137
2933	4.98426	5.07998
2934	4.98426	5.01841
2935	4.98426	5.00979
2936	4.98426	5.04686
2937	4.98426	5.07116
2938	4.98426	5.05202
2939	4.98426	4.99794
2940	4.98426	5.04486
2941	4.98426	4.99652
2942	4.98426	5.00004
2943	4.98426	5.00514
2944	4.98426	5.11519
2945	4.98426	5.01551
2946	4.98426	5.01166
2947	4.98426	5.11568
2948	4.98426	5.03674
2949	4.98426	5.06386
2950	4.98426	5.00191
2951	4.98426	4.98426
2952	4.98426	4.98426
2953	4.98426	4.98541
2954	4.98426	5.02243
2955	4.98426	4.98426
2956	4.98426	4.98426
2957	4.98426	5.00323
2958	4.98426	5.10626
2959	4.98426	5.13818
2960	4.98426	5.05065
2961	4.98426	5.03768
2962	4.98426	5.05846
2963	4.98426	5.0916
2964	4.98426	5.05056
2965	4.98426	5.0792
2966	4.98426	5.0328
2967	4.98426	4.99566
2968	4.98426	4.98649
2969	4.98426	4.9858
2970	4.98426	4.98874
2971	4.98426	5.01243
2972	4.98426	5.00425
2973	4.98426	4.98652
2974	4.98426	5.03476
2975	4.98426	5.00031
2976	4.98426	5.00444
2977	4.98426	4.99785
2978	4.98426	4.99436
2979	4.98426	4.98907
2980	4.98426	4.98426
2981	4.98426	4.98426
2982	4.98426	4.98426
2983	4.98426	4.98426
2984	4.98426	5.0635
2985	4.98426	5.02467
2986	4.98426	5.02404
2987	4.98426	5.00012
2988	4.98426	4.99405
2989	4.98426	5.02297
2990	4.98426	5.00069
2991	4.98426	4.99669
2992	4.98426	5.05868
2993	4.98426	4.98426
2994	4.98426	4.98426
2995	4.98426	4.99168
2996	4.98426	4.98466
2997	4.98426	4.98552
2998	4.98426	4.98426
2999	4.98426	4.99297
3000	4.98426	4.99375
3001	4.98426	4.99007
3002	4.98426	5.00988
3003	4.98426	5.0137
3004	4.98426	4.99897
3005	4.98426	4.99337
3006	4.98426	5.07117
3007	4.98426	5.14838
3008	4.98426	5.04102
3009	4.98426	5.0523
3010	4.98426	5.02884
3011	4.98426	5.02766
3012	4.98426	4.98973
3013	4.98426	4.98426
3014	4.98426	5.00703
3015	4.98426	5.05161
3016	4.98426	4.98426
3017	4.98426	5.06436
3018	4.98426	5.1038
3019	4.98426	5.00169
3020	4.98426	5.03405
3021	4.98426	5.00372
3022	4.98426	5.00142
3023	4.98426	5.05959
3024	4.98426	5.09183
3025	4.98426	5.05607
3026	4.98426	4.98773
3027	4.98426	4.99145
3028	4.98426	4.98896
3029	4.98426	4.98426
3030	4.98426	4.98426
3031	4.98426	4.98426
3032	4.98426	4.98426
3033	4.98426	4.98426
3034	4.98426	4.98426
3035	4.98426	5.00116
3036	4.98426	5.02183
3037	4.98426	5.0617
3038	4.98426	5.0124
3039	4.98426	4.99475
3040	4.98426	5.00904
3041	4.98426	4.99379
3042	4.98426	4.99482
3043	4.98426	5.05175
3044	4.98426	5.00627
3045	4.98426	4.9898
3046	4.98426	4.99817
3047	4.98426	5.06798
3048	4.98426	5.09999
3049	4.98426	5.03494
3050	4.98426	5.07717
3051	4.98426	5.10486
3052	4.98426	5.01537
3053	4.98426	4.98548
3054	4.98426	4.98426
3055	4.98426	5.00442
3056	4.98426	5.00888
3057	4.98426	4.98426
3058	4.98426	4.99604
3059	4.98426	5.03065
3060	4.98426	4.99054
3061	4.98426	4.99332
3062	4.98426	4.98426
3063	4.98426	4.98426
3064	4.98426	4.99585
3065	4.98426	5.01408
3066	4.98426	5.12499
3067	4.98426	5.04839
3068	4.98426	5.00301
3069	4.98426	4.98426
3070	4.98426	5.01037
3071	4.98426	5.03178
3072	4.98426	5.0041
3073	4.98426	5.02353
3074	4.98426	5.02743
3075	4.98426	5.07779
3076	4.98426	5.0113
3077	4.98426	5.02624
3078	4.98426	5.02269
3079	4.98426	5.08025
3080	4.98426	5.00585
3081	4.98426	4.99258
3082	4.98426	5.04218
3083	4.98426	5.00827
3084	4.98426	5.05345
3085	4.98426	5.04907
3086	4.98426	5.01014
3087	4.98426	4.98802
3088	4.98426	5.04999
3089	4.98426	5.03005
3090	4.98426	4.98426
3091	4.98426	4.98472
3092	4.98426	4.98426
3093	4.98426	5.01918
3094	4.98426	5.03352
3095	4.98426	5.04696
3096	4.98426	4.99903
3097	4.98426	5.04309
3098	4.98426	5.03185
3099	4.98426	4.98572
3100	4.98426	5.00876
3101	4.98426	5.07913
3102	4.98426	5.06679
3103	4.98426	5.10413
3104	4.98426	5.05782
3105	4.98426	5.07456
3106	4.98426	5.07654
3107	4.98426	5.0722
3108	4.98426	4.98573
3109	4.98426	5.05515
3110	4.98426	5.06448
3111	4.98426	5.09802
3112	4.98426	5.09794
3113	4.98426	5.20487
3114	4.98426	5.02151
3115	4.98426	5.01736
3116	4.98426	5.01248
3117	4.98426	5.03145
3118	4.98426	5.04024
3119	4.98426	5.00158
3120	4.98426	4.98969
3121	4.98426	4.9888
3122	4.98426	5.01386
3123	4.98426	5.02663
3124	4.98426	4.98548
3125	4.98426	4.98426
3126	4.98426	4.98426
3127	4.98426	4.98426
3128	4.98426	4.99393
3129	4.98426	4.99912
3130	4.98426	5.00237
3131	4.98426	4.98426
3132	4.98426	4.98426
3133	4.98426	5.07415
3134	4.98426	5.03575
3135	4.98426	4.99966
3136	4.98426	5.01366
3137	4.98426	5.02688
3138	4.98426	5.06551
3139	4.98426	4.99184
3140	4.98426	5.05797
3141	4.98426	5.03065
3142	4.98426	5.0844
3143	4.98426	5.11863
3144	4.98426	5.03319
3145	4.98426	4.99084
3146	4.98426	4.98426
3147	4.98426	4.98426
3148	4.98426	4.9854
3149	4.98426	4.98426
3150	4.98426	4.98612
3151	4.98426	5.01609
3152	4.98426	5.05771
3153	4.98426	5.18265
3154	4.98426	5.24123
3155	4.98426	5.14817
3156	4.98426	5.14987
3157	4.98426	5.06847
3158	4.98426	4.98909
3159	4.98426	4.98426
3160	4.98426	4.98426
3161	4.98426	4.98426
3162	4.98426	4.98426
3163	4.98426	4.98426
3164	4.98426	5.02215
3165	4.98426	5.03343
3166	4.98426	5.02121
3167	4.98426	5.03671
3168	4.98426	4.98729
3169	4.98426	4.98537
3170	4.98426	5.04187
3171	4.98426	5.1196
3172	4.98426	5.03472
3173	4.98426	4.99476
3174	4.98426	4.98426
3175	4.98426	4.98509
3176	4.98426	5.03329
3177	4.98426	5.0093
3178	4.98426	4.99868
3179	4.98426	4.99121
3180	4.98426	5.0003
3181	4.98426	5.05471
3182	4.98426	5.04878
3183	4.98426	4.98558
3184	4.98426	4.99025
3185	4.98426	5.05447
3186	4.98426	5.11894
3187	4.98426	5.06544
3188	4.98426	5.10692
3189	4.98426	5.11333
3190	4.98426	5.16281
3191	4.98426	5.15365
3192	4.98426	5.24238
3193	4.98426	5.17337
3194	4.98426	5.04086
3195	4.98426	5.05684
3196	4.98426	5.02967
3197	4.98426	5.05138
3198	4.98426	4.99835
3199	4.98426	5.01722
3200	4.98426	5.04364
3201	4.98426	5.07667
3202	4.98426	5.05204
3203	4.98426	5.02376
3204	4.98426	5.01063
3205	4.98426	5.00481
3206	4.98426	4.99728
3207	4.98426	5.06385
3208	4.98426	5.08875
3209	4.98426	5.07269
3210	4.98426	5.08361
3211	4.98426	5.10675
3212	4.98426	5.09717
3213	4.98426	5.09663
3214	4.98426	5.09823
3215	4.98426	5.06424
3216	4.98426	5.01061
3217	4.98426	5.03806
3218	4.98426	5.03817
3219	4.98426	5.00043
3220	4.98426	5.01301
3221	4.98426	4.99521
3222	4.98426	4.99344
3223	4.98426	4.99277
3224	4.98426	4.98825
3225	4.98426	5.00009
3226	4.98426	4.98426
3227	4.98426	4.99108
3228	4.98426	4.98434
3229	4.98426	4.99471
3230	4.98426	5.01354
3231	4.98426	4.98903
3232	4.98426	4.98808
3233	4.98426	5.08198
3234	4.98426	5.01219
3235	4.98426	5.06495
3236	4.98426	5.00996
3237	4.98426	4.98426
3238	4.98426	4.98426
3239	4.98426	4.98534
3240	4.98426	5.00263
3241	4.98426	4.99808
3242	4.98426	4.98518
3243	4.98426	5.02556
3244	4.98426	4.99358
3245	4.98426	5.0397
3246	4.98426	5.12019
3247	4.98426	5.08321
3248	4.98426	5.1782
3249	4.98426	5.05088
3250	4.98426	5.03572
3251	4.98426	4.99589
3252	4.98426	4.98863
3253	4.98426	4.99977
3254	4.98426	5.02339
3255	4.98426	5.00876
3256	4.98426	5.0367
3257	4.98426	5.03938
3258	4.98426	4.98695
3259	4.98426	4.98434
3260	4.98426	5.0194
3261	4.98426	5.07953
3262	4.98426	5.01435
3263	4.98426	5.06644
3264	4.98426	5.08771
3265	4.98426	5.00991
3266	4.98426	4.98426
3267	4.98426	5.00085
3268	4.98426	4.98651
3269	4.98426	5.01595
3270	4.98426	4.99921
3271	4.98426	4.9937
3272	4.98426	4.99782
3273	4.98426	5.07454
3274	4.98426	5.0565
3275	4.98426	5.03168
3276	4.98426	5.01
3277	4.98426	5.00677
3278	4.98426	5.0686
3279	4.98426	5.04824
3280	4.98426	5.03487
3281	4.98426	5.05541
3282	4.98426	5.06358
3283	4.98426	5.10941
3284	4.98426	5.0079
3285	4.98426	5.04397
3286	4.98426	5.02046
3287	4.98426	5.03857
3288	4.98426	5.02938
3289	4.98426	5.02065
3290	4.98426	5.04
3291	4.98426	4.98426
3292	4.98426	5.02189
3293	4.98426	5.03178
3294	4.98426	5.00851
3295	4.98426	5.01247
3296	4.98426	5.0252
3297	4.98426	5.05061
3298	4.98426	4.98998
3299	4.98426	4.99257
3300	4.98426	4.98426
3301	4.98426	5.02081
3302	4.98426	5.14423
3303	4.98426	5.2246
3304	4.98426	5.34397
3305	4.98426	5.35102
3306	4.98426	5.30705
3307	4.98426	5.2925
3308	4.98426	5.21739
3309	4.98426	5.1987
3310	4.98426	5.06265
3311	4.98426	5.06987
3312	4.98426	4.99332
3313	4.98426	5.00121
3314	4.98426	5.08522
3315	4.98426	5.10424
3316	4.98426	5.01809
3317	4.98426	4.99807
3318	4.98426	5.00141
3319	4.98426	4.99772
3320	4.98426	5.10066
3321	4.98426	5.16184
3322	4.98426	5.08226
3323	4.98426	4.9972
3324	4.98426	4.98463
3325	4.98426	5.01619
3326	4.98426	4.98426
3327	4.98426	4.98521
3328	4.98426	4.99869
3329	4.98426	5.04542
3330	4.98426	5.0363
3331	4.98426	4.98652
3332	4.98426	4.98426
3333	4.98426	4.98426
3334	4.98426	4.99057
3335	4.98426	4.98452
3336	4.98426	5.02054
3337	4.98426	5.04085
3338	4.98426	5.10336
3339	4.98426	5.08574
3340	4.98426	5.04859
3341	4.98426	5.02837
3342	4.98426	4.98426
3343	4.98426	4.98859
3344	4.98426	5.01365
3345	4.98426	5.03417
3346	4.98426	5.01519
3347	4.98426	4.98568
3348	4.98426	4.99709
3349	4.98426	5.07485
3350	4.98426	5.00064
3351	4.98426	5.06873
3352	4.98426	5.01478
3353	4.98426	5.07614
3354	4.98426	5.0045
3355	4.98426	5.02306
3356	4.98426	4.99493
3357	4.98426	5.0313
3358	4.98426	5.06408
3359	4.98426	5.06313
3360	4.98426	5.12516
3361	4.98426	5.0677
3362	4.98426	5.06109
3363	4.98426	5.09541
3364	4.98426	5.02372
3365	4.98426	5.04231
3366	4.98426	5.08592
3367	4.98426	5.07428
3368	4.98426	5.00107
3369	4.98426	5.02953
3370	4.98426	4.99489
3371	4.98426	5.03897
3372	4.98426	5.07362
3373	4.98426	5.11088
3374	4.98426	5.14622
3375	4.98426	5.04597
3376	4.98426	5.03882
3377	4.98426	4.98511
3378	4.98426	4.98426
3379	4.98426	4.98426
3380	4.98426	4.98657
3381	4.98426	5.01613
3382	4.98426	4.98444
3383	4.98426	5.01596
3384	4.98426	5.00578
3385	4.98426	5.0253
3386	4.98426	5.12728
3387	4.98426	5.11279
3388	4.98426	5.01724
3389	4.98426	5.01342
3390	4.98426	5.1223
3391	4.98426	5.13532
3392	4.98426	5.00798
3393	4.98426	5.02666
3394	4.98426	5.11777
3395	4.98426	4.99897
3396	4.98426	5.02117
3397	4.98426	5.04452
3398	4.98426	5.03793
3399	4.98426	5.05263
3400	4.98426	5.06176
3401	4.98426	5.03781
3402	4.98426	5.10405
3403	4.98426	5.06555
3404	4.98426	5.00118
3405	4.98426	4.99664
3406	4.98426	5.00668
3407	4.98426	5.04586
3408	4.98426	5.00501
3409	4.98426	4.98516
3410	4.98426	4.98555
3411	4.98426	5.02596
3412	4.98426	4.98611
3413	4.98426	4.98885
3414	4.98426	4.98503
3415	4.98426	5.01462
3416	4.98426	5.07127
3417	4.98426	5.07431
3418	4.98426	5.00716
3419	4.98426	4.99781
3420	4.98426	4.99614
3421	4.98426	4.98426
3422	4.98426	4.98447
3423	4.98426	4.98426
3424	4.98426	4.98426
3425	4.98426	5.04159
3426	4.98426	4.98808
3427	4.98426	5.05693
3428	4.98426	5.1579
3429	4.98426	5.02562
3430	4.98426	5.01288
3431	4.98426	4.99092
3432	4.98426	5.04728
3433	4.98426	5.00365
3434	4.98426	5.0271
3435	4.98426	4.98426
3436	4.98426	4.985
3437	4.98426	4.995
3438	4.98426	5.03099
3439	4.98426	5.09373
3440	4.98426	5.1776
3441	4.98426	5.1284
3442	4.98426	5.01653
3443	4.98426	5.03134
3444	4.98426	5.0103
3445	4.98426	5.03262
3446	4.98426	5.00206
3447	4.98426	4.98426
3448	4.98426	4.98426
3449	4.98426	4.99152
3450	4.98426	5.00856
3451	4.98426	5.0299
3452	4.98426	5.05618
3453	4.98426	5.04245
3454	4.98426	5.16329
3455	4.98426	5.1099
3456	4.98426	5.05219
3457	4.98426	5.0125
3458	4.98426	5.01306
3459	4.98426	4.99499
3460	4.98426	5.05097
3461	4.98426	5.07028
3462	4.98426	5.0444
3463	4.98426	5.02449
3464	4.98426	5.01435
3465	4.98426	4.98475
3466	4.98426	4.99713
3467	4.98426	4.98426
3468	4.98426	4.98426
3469	4.98426	4.98765
3470	4.98426	4.99659
3471	4.98426	5.04491
3472	4.98426	5.01314
3473	4.98426	5.01995
3474	4.98426	5.03083
3475	4.98426	5.05473
3476	4.98426	5.02964
3477	4.98426	5.02222
3478	4.98426	5.05939
3479	4.98426	4.98447
3480	4.98426	4.98426
3481	4.98426	4.99473
3482	4.98426	5.07429
3483	4.98426	5.07411
3484	4.98426	5.0799
3485	4.98426	5.04834
3486	4.98426	5.06325
3487	4.98426	5.00116
3488	4.98426	5.00373
3489	4.98426	4.99809
3490	4.98426	5.06748
3491	4.98426	5.02698
3492	4.98426	5.02182
3493	4.98426	4.99657
3494	4.98426	4.99367
3495	4.98426	5.04813
3496	4.98426	5.05453
3497	4.98426	5.09987
3498	4.98426	5.16471
3499	4.98426	5.1395
3500	4.98426	5.15145
3501	4.98426	5.06414
3502	4.98426	5.04921
3503	4.98426	5.02109
3504	4.98426	4.99816
3505	4.98426	5.03731
3506	4.98426	5.11463
3507	4.98426	5.03716
3508	4.98426	4.99928
3509	4.98426	4.98426
3510	4.98426	4.99943
3511	4.98426	4.98426
3512	4.98426	4.99398
3513	4.98426	4.98666
3514	4.98426	5.03377
3515	4.98426	5.05105
3516	4.98426	5.0093
3517	4.98426	5.08149
3518	4.98426	5.14014
3519	4.98426	5.04177
3520	4.98426	5.17818
3521	4.98426	5.20215
3522	4.98426	5.08723
3523	4.98426	5.06505
3524	4.98426	4.99154
3525	4.98426	4.98495
3526	4.98426	4.99247
3527	4.98426	4.99278
3528	4.98426	4.98539
3529	4.98426	5.01134
3530	4.98426	4.98426
3531	4.98426	4.98426
3532	4.98426	5.00876
3533	4.98426	5.01058
3534	4.98426	5.0809
3535	4.98426	5.06244
3536	4.98426	4.98475
3537	4.98426	5.0029
3538	4.98426	5.03826
3539	4.98426	5.03404
3540	4.98426	4.98502
3541	4.98426	4.98973
3542	4.98426	4.98493
3543	4.98426	4.98436
3544	4.98426	4.98468
3545	4.98426	5.02948
3546	4.98426	4.98451
3547	4.98426	4.98463
3548	4.98426	5.04377
3549	4.98426	4.98426
3550	4.98426	4.98426
3551	4.98426	5.01721
3552	4.98426	4.98426
3553	4.98426	5.11063
3554	4.98426	5.05576
3555	4.98426	5.09166
3556	4.98426	5.00981
3557	4.98426	4.98588
3558	4.98426	5.06077
3559	4.98426	4.99611
3560	4.98426	5.01759
3561	4.98426	5.14266
3562	4.98426	5.22667
3563	4.98426	5.03773
3564	4.98426	5.06449
3565	4.98426	5.04385
3566	4.98426	5.09213
3567	4.98426	5.14365
3568	4.98426	5.11036
3569	4.98426	5.18153
3570	4.98426	5.14807
3571	4.98426	4.99911
3572	4.98426	5.01499
3573	4.98426	5.0052
3574	4.98426	5.03023
3575	4.98426	5.03052
3576	4.98426	5.00982
3577	4.98426	4.99821
3578	4.98426	4.99186
3579	4.98426	4.99091
3580	4.98426	5.06647
3581	4.98426	5.05356
3582	4.98426	5.10744
3583	4.98426	5.01913
3584	4.98426	4.99313
3585	4.98426	4.98827
3586	4.98426	4.99286
3587	4.98426	5.0469
3588	4.98426	4.98444
3589	4.98426	4.98426
3590	4.98426	5.01737
3591	4.98426	5.0701
3592	4.98426	5.07172
3593	4.98426	5.02606
3594	4.98426	5.10429
3595	4.98426	5.04829
3596	4.98426	4.99869
3597	4.98426	5.01185
3598	4.98426	4.99683
3599	4.98426	5.06114
3600	4.98426	5.03585
3601	4.98426	5.01932
3602	4.98426	4.98461
3603	4.98426	5.04461
3604	4.98426	5.11624
3605	4.98426	4.98426
3606	4.98426	4.98518
3607	4.98426	4.98426
3608	4.98426	4.98426
3609	4.98426	4.98506
3610	4.98426	5.01024
3611	4.98426	4.9935
3612	4.98426	4.99031
3613	4.98426	5.00977
3614	4.98426	4.99472
3615	4.98426	5.01685
3616	4.98426	5.11139
3617	4.98426	5.08551
3618	4.98426	5.04549
3619	4.98426	5.11823
3620	4.98426	5.11927
3621	4.98426	5.02414
3622	4.98426	4.9893
3623	4.98426	4.98913
3624	4.98426	5.02975
3625	4.98426	5.11075
3626	4.98426	5.12889
3627	4.98426	5.06245
3628	4.98426	5.07304
3629	4.98426	5.10838
3630	4.98426	5.04477
3631	4.98426	4.99567
3632	4.98426	5.05793
3633	4.98426	5.0265
3634	4.98426	4.99813
3635	4.98426	4.99288
3636	4.98426	4.98426
3637	4.98426	4.98883
3638	4.98426	4.99543
3639	4.98426	4.98506
3640	4.98426	4.98426
3641	4.98426	4.98426
3642	4.98426	4.98426
3643	4.98426	4.98426
3644	4.98426	4.98426
3645	4.98426	4.99713
3646	4.98426	5.02247
3647	4.98426	5.02449
3648	4.98426	5.06873
3649	4.98426	5.06018
3650	4.98426	5.04287
3651	4.98426	4.99808
3652	4.98426	4.98858
3653	4.98426	5.01207
3654	4.98426	5.01208
3655	4.98426	5.04209
3656	4.98426	5.0059
3657	4.98426	5.05388
3658	4.98426	5.05227
3659	4.98426	5.03497
3660	4.98426	5.12514
3661	4.98426	5.07174
3662	4.98426	5.00693
3663	4.98426	5.00906
3664	4.98426	5.06942
3665	4.98426	5.10504
3666	4.98426	5.10413
3667	4.98426	5.12139
3668	4.98426	5.05388
3669	4.98426	5.02414
3670	4.98426	5.01669
3671	4.98426	4.99335
3672	4.98426	4.99668
3673	4.98426	5.01492
3674	4.98426	5.08315
3675	4.98426	5.0613
3676	4.98426	5.03402
3677	4.98426	5.01371
3678	4.98426	4.98766
3679	4.98426	4.98426
3680	4.98426	4.99088
3681	4.98426	5.02111
3682	4.98426	5.01116
3683	4.98426	4.9876
3684	4.98426	4.98426
3685	4.98426	5.01639
3686	4.98426	5.00327
3687	4.98426	5.00372
3688	4.98426	5.01743
3689	4.98426	4.98643
3690	4.98426	5.0474
3691	4.98426	5.02675
3692	4.98426	5.03309
3693	4.98426	5.04816
3694	4.98426	5.0268
3695	4.98426	4.9872
3696	4.98426	5.02341
3697	4.98426	5.01186
3698	4.98426	4.98426
3699	4.98426	5.00964
3700	4.98426	4.99648
3701	4.98426	4.99317
3702	4.98426	4.98426
3703	4.98426	4.98426
3704	4.98426	4.99788
3705	4.98426	4.99779
3706	4.98426	5.09506
3707	4.98426	4.98563
3708	4.98426	5.06153
3709	4.98426	5.15694
3710	4.98426	5.04369
3711	4.98426	4.98426
3712	4.98426	5.05302
3713	4.98426	5.03963
3714	4.98426	5.03234
3715	4.98426	5.02475
3716	4.98426	5.01011
3717	4.98426	4.98426
3718	4.98426	4.98426
3719	4.98426	4.98555
3720	4.98426	4.98984
3721	4.98426	5.03103
3722	4.98426	5.04573
3723	4.98426	5.07812
3724	4.98426	5.04448
3725	4.98426	5.10528
3726	4.98426	5.16152
3727	4.98426	5.11575
3728	4.98426	5.03247
3729	4.98426	5.08839
3730	4.98426	5.03545
3731	4.98426	5.07423
3732	4.98426	5.06009
3733	4.98426	5.00688
3734	4.98426	5.05617
3735	4.98426	5.06844
3736	4.98426	5.07605
3737	4.98426	5.0429
3738	4.98426	5.08869
3739	4.98426	5.09021
3740	4.98426	5.07734
3741	4.98426	5.07331
3742	4.98426	5.18182
3743	4.98426	5.12213
3744	4.98426	5.13381
3745	4.98426	5.06692
3746	4.98426	5.0667
3747	4.98426	4.9978
3748	4.98426	4.99342
3749	4.98426	4.99244
3750	4.98426	5.01492
3751	4.98426	5.03975
3752	4.98426	5.04353
3753	4.98426	4.98426
3754	4.98426	4.98426
3755	4.98426	4.98654
3756	4.98426	4.99489
3757	4.98426	5.03495
3758	4.98426	5.01235
3759	4.98426	5.1285
3760	4.98426	5.20508
3761	4.98426	5.11965
3762	4.98426	5.0274
3763	4.98426	5.00483
3764	4.98426	5.01073
3765	4.98426	5.01451
3766	4.98426	4.99798
3767	4.98426	5.02405
3768	4.98426	4.99263
3769	4.98426	5.00946
3770	4.98426	5.02071
3771	4.98426	5.1911
3772	4.98426	5.17152
3773	4.98426	5.1504
3774	4.98426	5.09902
3775	4.98426	5.03367
3776	4.98426	5.0521
3777	4.98426	5.00929
3778	4.98426	5.0748
3779	4.98426	5.01148
3780	4.98426	4.98426
3781	4.98426	4.98426
3782	4.98426	4.98426
3783	4.98426	4.99212
3784	4.98426	4.98463
3785	4.98426	4.98789
3786	4.98426	4.98881
3787	4.98426	5.01517
3788	4.98426	4.99491
3789	4.98426	4.98737
3790	4.98426	4.99303
3791	4.98426	5.02477
3792	4.98426	5.00507
3793	4.98426	5.01278
3794	4.98426	5.10331
3795	4.98426	5.047
3796	4.98426	4.99336
3797	4.98426	5.01261
3798	4.98426	4.99988
3799	4.98426	4.99498
3800	4.98426	4.99716
3801	4.98426	5.01643
3802	4.98426	5.03527
3803	4.98426	5.10055
3804	4.98426	5.17227
3805	4.98426	5.04208
3806	4.98426	5.08769
3807	4.98426	5.05408
3808	4.98426	5.05696
3809	4.98426	5.08286
3810	4.98426	5.0097
3811	4.98426	5.02661
3812	4.98426	5.05285
3813	4.98426	5.04062
3814	4.98426	5.03624
3815	4.98426	5.00466
3816	4.98426	5.00501
3817	4.98426	4.99135
3818	4.98426	5.01443
3819	4.98426	5.11978
3820	4.98426	5.08946
3821	4.98426	5.09776
3822	4.98426	5.11236
3823	4.98426	5.07651
3824	4.98426	4.99157
3825	4.98426	4.98426
3826	4.98426	5.08658
3827	4.98426	5.09784
3828	4.98426	4.99153
3829	4.98426	4.9889
3830	4.98426	5.04259
3831	4.98426	5.06823
3832	4.98426	5.10413
3833	4.98426	5.12836
3834	4.98426	5.07836
3835	4.98426	5.07477
3836	4.98426	5.14814
3837	4.98426	5.15088
3838	4.98426	5.05474
3839	4.98426	5.0887
3840	4.98426	5.10968
3841	4.98426	5.16369
3842	4.98426	4.99905
3843	4.98426	5.0068
3844	4.98426	5.04015
3845	4.98426	4.99762
3846	4.98426	5.06542
3847	4.98426	5.07829
3848	4.98426	5.04308
3849	4.98426	4.99572
3850	4.98426	4.98426
3851	4.98426	5.02943
3852	4.98426	5.03682
3853	4.98426	5.17051
3854	4.98426	5.17719
3855	4.98426	5.05639
3856	4.98426	5.03953
3857	4.98426	5.02249
3858	4.98426	5.01568
3859	4.98426	5.02474
3860	4.98426	4.98736
3861	4.98426	4.9882
3862	4.98426	4.98426
3863	4.98426	4.98538
3864	4.98426	5.01628
3865	4.98426	5.06268
3866	4.98426	5.00368
3867	4.98426	4.98426
3868	4.98426	4.98426
3869	4.98426	4.98426
3870	4.98426	5.0087
3871	4.98426	5.04629
3872	4.98426	5.07017
3873	4.98426	5.03166
3874	4.98426	4.99517
3875	4.98426	4.98426
3876	4.98426	4.98978
3877	4.98426	5.01504
3878	4.98426	5.02158
3879	4.98426	5.04841
3880	4.98426	4.98426
3881	4.98426	5.06062
3882	4.98426	5.09891
3883	4.98426	5.08225
3884	4.98426	5.04206
3885	4.98426	4.9999
3886	4.98426	5.06405
3887	4.98426	5.04255
3888	4.98426	5.00005
3889	4.98426	5.03642
3890	4.98426	5.05666
3891	4.98426	5.06986
3892	4.98426	5.0738
3893	4.98426	5.05152
3894	4.98426	5.15789
3895	4.98426	5.08454
3896	4.98426	5.12044
3897	4.98426	5.04356
3898	4.98426	5.0006
3899	4.98426	4.98426
3900	4.98426	4.98426
3901	4.98426	4.98426
3902	4.98426	5.0828
3903	4.98426	5.05043
3904	4.98426	5.23809
3905	4.98426	5.0939
3906	4.98426	5.0921
3907	4.98426	5.05054
3908	4.98426	5.00157
3909	4.98426	4.99586
3910	4.98426	5.0219
3911	4.98426	4.98426
3912	4.98426	5.04477
3913	4.98426	5.05194
3914	4.98426	5.16763
3915	4.98426	5.17637
3916	4.98426	5.01588
3917	4.98426	5.09023
3918	4.98426	5.07974
3919	4.98426	5.07463
3920	4.98426	5.14588
3921	4.98426	5.15945
3922	4.98426	5.10514
3923	4.98426	5.02163
3924	4.98426	5.15925
3925	4.98426	5.08512
3926	4.98426	5.06753
3927	4.98426	5.07519
3928	4.98426	5.16812
3929	4.98426	5.21928
3930	4.98426	5.13365
3931	4.98426	5.10655
3932	4.98426	4.986
3933	4.98426	5.02097
3934	4.98426	5.01813
3935	4.98426	4.99255
3936	4.98426	5.00661
3937	4.98426	5.02021
3938	4.98426	4.99782
3939	4.98426	5.00048
3940	4.98426	4.99175
3941	4.98426	5.04632
3942	4.98426	5.01378
3943	4.98426	5.02987
3944	4.98426	5.01111
3945	4.98426	5.00604
3946	4.98426	5.01873
3947	4.98426	4.99499
3948	4.98426	4.99846
3949	4.98426	4.99388
3950	4.98426	4.98878
3951	4.98426	4.98853
3952	4.98426	5.02985
3953	4.98426	5.04101
3954	4.98426	5.02099
3955	4.98426	4.99918
3956	4.98426	4.99016
3957	4.98426	5.02697
3958	4.98426	5.14945
3959	4.98426	5.02175
3960	4.98426	5.02131
3961	4.98426	5.04945
3962	4.98426	5.06266
3963	4.98426	5.07107
3964	4.98426	4.98426
3965	4.98426	4.98426
3966	4.98426	5.0366
3967	4.98426	5.03932
3968	4.98426	4.98629
3969	4.98426	4.98869
3970	4.98426	4.98999
3971	4.98426	4.98426
3972	4.98426	4.98444
3973	4.98426	5.02941
3974	4.98426	4.99551
3975	4.98426	5.00403
3976	4.98426	5.10518
3977	4.98426	5.08212
3978	4.98426	5.12101
3979	4.98426	5.05988
3980	4.98426	5.16488
3981	4.98426	5.11364
3982	4.98426	5.04675
3983	4.98426	5.0561
3984	4.98426	5.06673
3985	4.98426	5.00922
3986	4.98426	5.02165
3987	4.98426	5.01933
3988	4.98426	4.99256
3989	4.98426	4.99282
3990	4.98426	4.98426
3991	4.98426	4.99664
3992	4.98426	5.06311
3993	4.98426	5.05048
3994	4.98426	5.03765
3995	4.98426	5.0036
3996	4.98426	4.98724
3997	4.98426	5.00308
3998	4.98426	5.06776
3999	4.98426	5.04083
4000	4.98426	5.06842
4001	4.98426	5.06369
4002	4.98426	5.13585
4003	4.98426	5.00267
4004	4.98426	4.98556
4005	4.98426	4.98547
4006	4.98426	5.00774
4007	4.98426	5.01337
4008	4.98426	5.05323
4009	4.98426	5.08062
4010	4.98426	5.0849
4011	4.98426	4.99458
4012	4.98426	5.14332
4013	4.98426	5.00754
4014	4.98426	5.01845
4015	4.98426	4.98825
4016	4.98426	4.99614
4017	4.98426	5.00265
4018	4.98426	5.01145
4019	4.98426	5.14653
4020	4.98426	5.13471
4021	4.98426	5.09296
4022	4.98426	5.00496
4023	4.98426	4.99534
4024	4.98426	4.98426
4025	4.98426	4.98426
4026	4.98426	4.99149
4027	4.98426	4.9851
4028	4.98426	5.00241
4029	4.98426	4.98426
4030	4.98426	5.03669
4031	4.98426	5.02125
4032	4.98426	5.00173
4033	4.98426	4.99805
4034	4.98426	5.01051
4035	4.98426	4.99646
4036	4.98426	4.98426
4037	4.98426	4.98426
4038	4.98426	4.99217
4039	4.98426	4.98932
4040	4.98426	5.01267
4041	4.98426	4.98767
4042	4.98426	5.05115
4043	4.98426	5.09742
4044	4.98426	5.07187
4045	4.98426	5.15143
4046	4.98426	5.17767
4047	4.98426	5.1749
4048	4.98426	5.10024
4049	4.98426	5.04701
4050	4.98426	5.00591
4051	4.98426	5.06946
4052	4.98426	5.01289
4053	4.98426	5.00256
4054	4.98426	4.99532
4055	4.98426	5.02747
4056	4.98426	5.00763
4057	4.98426	5.01766
4058	4.98426	5.00383
4059	4.98426	4.98453
4060	4.98426	4.98426
4061	4.98426	4.98426
4062	4.98426	5.02592
4063	4.98426	5.00117
4064	4.98426	5.06635
4065	4.98426	5.02989
4066	4.98426	4.9974
4067	4.98426	5.00141
4068	4.98426	5.06708
4069	4.98426	5.06706
4070	4.98426	5.00134
4071	4.98426	5.02316
4072	4.98426	5.0069
4073	4.98426	4.99305
4074	4.98426	4.98426
4075	4.98426	4.98426
4076	4.98426	4.98426
4077	4.98426	4.99039
4078	4.98426	5.00095
4079	4.98426	4.98965
4080	4.98426	4.98487
4081	4.98426	4.98426
4082	4.98426	4.98426
4083	4.98426	4.98426
4084	4.98426	4.98426
4085	4.98426	4.99472
4086	4.98426	5.02923
4087	4.98426	4.98448
4088	4.98426	4.98479
4089	4.98426	4.98426
4090	4.98426	4.98769
4091	4.98426	4.99034
4092	4.98426	5.00019
4093	4.98426	4.99211
4094	4.98426	5.00311
4095	4.98426	4.98426
4096	4.98426	5.02017
4097	4.98426	5.08288
4098	4.98426	5.05971
4099	4.98426	5.04718
4100	4.98426	5.05435
4101	4.98426	4.99549
4102	4.98426	4.98708
4103	4.98426	4.98609
4104	4.98426	4.98426
4105	4.98426	4.99276
4106	4.98426	5.0366
4107	4.98426	5.06409
4108	4.98426	5.0813
4109	4.98426	5.12067
4110	4.98426	5.06437
4111	4.98426	5.01498
4112	4.98426	5.12543
4113	4.98426	5.03862
4114	4.98426	5.11954
4115	4.98426	5.08559
4116	4.98426	5.17888
4117	4.98426	5.11201
4118	4.98426	5.05965
4119	4.98426	4.99723
4120	4.98426	4.98453
4121	4.98426	4.98777
4122	4.98426	5.0359
4123	4.98426	4.9951
4124	4.98426	4.98633
4125	4.98426	4.98426
4126	4.98426	4.98426
4127	4.98426	4.98463
4128	4.98426	4.98426
4129	4.98426	5.05293
4130	4.98426	5.0128
4131	4.98426	5.00757
4132	4.98426	4.98426
4133	4.98426	4.99905
4134	4.98426	5.01477
4135	4.98426	5.01965
4136	4.98426	5.00329
4137	4.98426	5.03443
4138	4.98426	4.98561
4139	4.98426	5.06158
4140	4.98426	5.0338
4141	4.98426	5.06318
4142	4.98426	5.01216
4143	4.98426	5.04236
4144	4.98426	5.0075
4145	4.98426	5.04265
4146	4.98426	5.03008
4147	4.98426	4.99338
4148	4.98426	4.99196
4149	4.98426	4.98426
4150	4.98426	4.98426
4151	4.98426	4.98647
4152	4.98426	5.00031
4153	4.98426	5.04167
4154	4.98426	5.0803
4155	4.98426	5.02525
4156	4.98426	4.988
4157	4.98426	5.01987
4158	4.98426	5.0782
4159	4.98426	5.10547
4160	4.98426	5.11353
4161	4.98426	5.02533
4162	4.98426	5.00101
4163	4.98426	4.98608
4164	4.98426	4.98515
4165	4.98426	4.98426
4166	4.98426	4.99905
4167	4.98426	4.98426
4168	4.98426	5.00053
4169	4.98426	5.04602
4170	4.98426	5.02314
4171	4.98426	5.01231
4172	4.98426	5.08514
4173	4.98426	5.08059
4174	4.98426	5.09664
4175	4.98426	5.12346
4176	4.98426	5.13577
4177	4.98426	5.10275
4178	4.98426	5.26618
4179	4.98426	5.10697
4180	4.98426	4.99967
4181	4.98426	4.98955
4182	4.98426	4.98426
4183	4.98426	5.03507
4184	4.98426	5.02265
4185	4.98426	5.02179
4186	4.98426	5.00535
4187	4.98426	5.03829
4188	4.98426	5.03084
4189	4.98426	5.02721
4190	4.98426	4.99547
4191	4.98426	5.04154
4192	4.98426	5.03168
4193	4.98426	5.08693
4194	4.98426	5.16376
4195	4.98426	5.06266
4196	4.98426	5.07796
4197	4.98426	5.10422
4198	4.98426	5.03819
4199	4.98426	5.05214
4200	4.98426	5.0926
4201	4.98426	5.13376
4202	4.98426	5.10567
4203	4.98426	5.11214
4204	4.98426	5.17122
4205	4.98426	5.19095
4206	4.98426	5.14203
4207	4.98426	5.08763
4208	4.98426	5.06803
4209	4.98426	5.05367
4210	4.98426	5.02638
4211	4.98426	5.14809
4212	4.98426	5.03931
4213	4.98426	4.99436
4214	4.98426	5.00498
4215	4.98426	5.06347
4216	4.98426	5.04162
4217	4.98426	5.02625
4218	4.98426	5.11388
4219	4.98426	5.07265
4220	4.98426	5.11004
4221	4.98426	5.00031
4222	4.98426	5.07548
4223	4.98426	5.09116
4224	4.98426	5.05327
4225	4.98426	5.00575
4226	4.98426	5.04132
4227	4.98426	5.04215
4228	4.98426	4.98974
4229	4.98426	4.99841
4230	4.98426	5.01655
4231	4.98426	5.02833
4232	4.98426	5.09423
4233	4.98426	5.03322
4234	4.98426	5.04308
4235	4.98426	5.01413
4236	4.98426	5.03859
4237	4.98426	5.13615
4238	4.98426	5.24135
4239	4.98426	5.24046
4240	4.98426	5.15597
4241	4.98426	5.14561
4242	4.98426	5.14088
4243	4.98426	5.15935
4244	4.98426	5.31647
4245	4.98426	5.15036
4246	4.98426	5.02107
4247	4.98426	5.03928
4248	4.98426	4.98426
4249	4.98426	4.99742
4250	4.98426	5.06694
4251	4.98426	5.0223
4252	4.98426	5.04094
4253	4.98426	4.98444
4254	4.98426	4.99715
4255	4.98426	4.98426
4256	4.98426	4.98506
4257	4.98426	4.99622
4258	4.98426	5.03632
4259	4.98426	4.99827
4260	4.98426	5.0811
4261	4.98426	5.10286
4262	4.98426	5.11312
4263	4.98426	5.09154
4264	4.98426	5.11965
4265	4.98426	5.11259
4266	4.98426	5.01945
4267	4.98426	5.00529
4268	4.98426	5.01839
4269	4.98426	5.0566
4270	4.98426	5.07038
4271	4.98426	5.02637
4272	4.98426	5.15488
4273	4.98426	5.11062
4274	4.98426	5.08195
4275	4.98426	5.1042
4276	4.98426	5.18891
4277	4.98426	5.09379
4278	4.98426	5.1094
4279	4.98426	5.05918
4280	4.98426	5.0344
4281	4.98426	5.01924
4282	4.98426	5.00403
4283	4.98426	5.05303
4284	4.98426	5.1028
4285	4.98426	5.04234
4286	4.98426	5.00121
4287	4.98426	4.98571
4288	4.98426	5.01306
4289	4.98426	4.9858
4290	4.98426	4.98581
4291	4.98426	4.98969
4292	4.98426	4.99362
4293	4.98426	5.00035
4294	4.98426	4.98426
4295	4.98426	4.99637
4296	4.98426	4.98853
4297	4.98426	5.02188
4298	4.98426	4.98426
4299	4.98426	4.99459
4300	4.98426	5.08661
4301	4.98426	5.22698
4302	4.98426	5.18657
4303	4.98426	5.14799
4304	4.98426	5.16569
4305	4.98426	5.10254
4306	4.98426	5.15557
4307	4.98426	5.16413
4308	4.98426	5.22097
4309	4.98426	5.18378
4310	4.98426	5.31736
4311	4.98426	5.14482
4312	4.98426	5.16176
4313	4.98426	5.0694
4314	4.98426	5.10835
4315	4.98426	5.01703
4316	4.98426	5.00504
4317	4.98426	5.00362
4318	4.98426	5.05269
4319	4.98426	5.15558
4320	4.98426	5.01933
4321	4.98426	5.06377
4322	4.98426	5.23387
4323	4.98426	5.17222
4324	4.98426	5.07127
4325	4.98426	5.13152
4326	4.98426	5.01176
4327	4.98426	4.98426
4328	4.98426	4.98426
4329	4.98426	4.98426
4330	4.98426	4.98426
4331	4.98426	4.98426
4332	4.98426	4.99147
4333	4.98426	5.02787
4334	4.98426	5.01304
4335	4.98426	5.02683
4336	4.98426	5.00545
4337	4.98426	5.00759
4338	4.98426	4.99408
4339	4.98426	5.01542
4340	4.98426	4.99306
4341	4.98426	4.98463
4342	4.98426	5.07966
4343	4.98426	5.00627
4344	4.98426	4.98426
4345	4.98426	4.98426
4346	4.98426	5.03081
4347	4.98426	4.99473
4348	4.98426	5.00356
4349	4.98426	5.00441
4350	4.98426	5.02021
4351	4.98426	5.01701
4352	4.98426	5.00088
4353	4.98426	5.03566
4354	4.98426	5.15092
4355	4.98426	5.06325
4356	4.98426	5.03668
4357	4.98426	5.04688
4358	4.98426	5.00498
4359	4.98426	4.99102
4360	4.98426	4.98426
4361	4.98426	4.98657
4362	4.98426	4.98455
4363	4.98426	5.00629
4364	4.98426	4.99699
4365	4.98426	5.06352
4366	4.98426	5.06226
4367	4.98426	4.99787
4368	4.98426	5.02716
4369	4.98426	4.98426
4370	4.98426	4.98426
4371	4.98426	4.98474
4372	4.98426	4.98811
4373	4.98426	5.00027
4374	4.98426	5.0516
4375	4.98426	5.08741
4376	4.98426	5.03708
4377	4.98426	5.07049
4378	4.98426	5.02129
4379	4.98426	4.98467
4380	4.98426	4.98922
4381	4.98426	4.99129
4382	4.98426	4.99816
4383	4.98426	4.99695
4384	4.98426	5.08473
4385	4.98426	5.14384
4386	4.98426	5.08312
4387	4.98426	5.08648
4388	4.98426	5.06474
4389	4.98426	5.22752
4390	4.98426	5.1741
4391	4.98426	5.10737
4392	4.98426	5.01135
4393	4.98426	5.02235
4394	4.98426	4.98426
4395	4.98426	5.00933
4396	4.98426	4.98507
4397	4.98426	5.00777
4398	4.98426	5.01501
4399	4.98426	4.99353
4400	4.98426	5.01779
4401	4.98426	4.9888
4402	4.98426	5.00297
4403	4.98426	5.05535
4404	4.98426	5.00852
4405	4.98426	5.02462
4406	4.98426	5.03691
4407	4.98426	5.10372
4408	4.98426	5.04622
4409	4.98426	5.00127
4410	4.98426	5.03197
4411	4.98426	5.01232
4412	4.98426	4.99077
4413	4.98426	5.13714
4414	4.98426	5.05175
4415	4.98426	5.07245
4416	4.98426	5.06596
4417	4.98426	4.99571
4418	4.98426	4.98426
4419	4.98426	4.98582
4420	4.98426	5.00829
4421	4.98426	4.99914
4422	4.98426	5.0209
4423	4.98426	5.01658
4424	4.98426	4.99303
4425	4.98426	4.98484
4426	4.98426	5.00209
4427	4.98426	4.99875
4428	4.98426	5.01065
4429	4.98426	5.0711
4430	4.98426	5.07738
4431	4.98426	5.00595
4432	4.98426	5.00581
4433	4.98426	5.0459
4434	4.98426	5.02382
4435	4.98426	5.02881
4436	4.98426	4.99802
4437	4.98426	5.01221
4438	4.98426	5.0452
4439	4.98426	5.04629
4440	4.98426	5.03359
4441	4.98426	5.14576
4442	4.98426	5.06129
4443	4.98426	5.00936
4444	4.98426	5.00763
4445	4.98426	5.02014
4446	4.98426	5.04581
4447	4.98426	5.06531
4448	4.98426	5.05883
4449	4.98426	5.02771
4450	4.98426	5.01516
4451	4.98426	4.98495
4452	4.98426	4.98426
4453	4.98426	5.00269
4454	4.98426	4.98498
4455	4.98426	4.98426
4456	4.98426	4.98426
4457	4.98426	4.98426
4458	4.98426	5.02459
4459	4.98426	5.02454
4460	4.98426	5.04166
4461	4.98426	5.03218
4462	4.98426	5.02357
4463	4.98426	4.98575
4464	4.98426	4.98511
4465	4.98426	5.03835
4466	4.98426	4.98793
4467	4.98426	4.98426
4468	4.98426	5.04565
4469	4.98426	5.00338
4470	4.98426	4.98426
4471	4.98426	4.98724
4472	4.98426	5.07114
4473	4.98426	5.14909
4474	4.98426	5.03562
4475	4.98426	5.07152
4476	4.98426	5.008
4477	4.98426	4.98426
4478	4.98426	5.05257
4479	4.98426	4.98951
4480	4.98426	4.98955
4481	4.98426	5.00235
4482	4.98426	4.99969
4483	4.98426	4.98426
4484	4.98426	4.98586
4485	4.98426	4.99664
4486	4.98426	5.07717
4487	4.98426	5.03637
4488	4.98426	4.98598
4489	4.98426	5.01384
4490	4.98426	5.01569
4491	4.98426	5.01379
4492	4.98426	5.0143
4493	4.98426	5.13816
4494	4.98426	5.0793
4495	4.98426	5.07494
4496	4.98426	5.00405
4497	4.98426	5.00885
4498	4.98426	4.98947
4499	4.98426	5.01319
4500	4.98426	5.02672
4501	4.98426	5.04145
4502	4.98426	5.03317
4503	4.98426	5.05623
4504	4.98426	5.08771
4505	4.98426	5.05919
4506	4.98426	4.98426
4507	4.98426	4.99496
4508	4.98426	4.99837
4509	4.98426	5.02323
4510	4.98426	5.01475
4511	4.98426	5.00893
4512	4.98426	4.98555
4513	4.98426	4.98426
4514	4.98426	4.99058
4515	4.98426	4.99963
4516	4.98426	5.05143
4517	4.98426	5.08533
4518	4.98426	4.98426
4519	4.98426	4.98466
4520	4.98426	4.99944
4521	4.98426	4.99698
4522	4.98426	5.0461
4523	4.98426	5.04988
4524	4.98426	5.09309
4525	4.98426	5.08963
4526	4.98426	5.08974
4527	4.98426	5.0259
4528	4.98426	4.99961
4529	4.98426	5.00169
4530	4.98426	5.0021
4531	4.98426	4.98736
4532	4.98426	4.99561
4533	4.98426	5.00344
4534	4.98426	5.01555
4535	4.98426	5.03362
4536	4.98426	5.05204
4537	4.98426	4.9927
4538	4.98426	4.98466
4539	4.98426	4.98426
4540	4.98426	4.98426
4541	4.98426	4.98447
4542	4.98426	4.99903
4543	4.98426	4.98497
4544	4.98426	4.99594
4545	4.98426	5.09972
4546	4.98426	5.06024
4547	4.98426	5.04134
4548	4.98426	5.07151
4549	4.98426	4.99568
4550	4.98426	4.98702
4551	4.98426	5.04464
4552	4.98426	5.15284
4553	4.98426	5.04991
4554	4.98426	5.0018
4555	4.98426	5.01347
4556	4.98426	5.00437
4557	4.98426	4.9914
4558	4.98426	4.98444
4559	4.98426	5.00178
4560	4.98426	4.98449
4561	4.98426	5.05578
4562	4.98426	4.98598
4563	4.98426	5.03094
4564	4.98426	5.04564
4565	4.98426	4.99169
4566	4.98426	4.98426
4567	4.98426	4.98466
4568	4.98426	5.04326
4569	4.98426	5.00841
4570	4.98426	5.05279
4571	4.98426	5.0936
4572	4.98426	5.074
4573	4.98426	4.99048
4574	4.98426	4.9879
4575	4.98426	4.98426
4576	4.98426	4.98426
4577	4.98426	4.99422
4578	4.98426	4.98474
4579	4.98426	4.98714
4580	4.98426	5.04793
4581	4.98426	5.09526
4582	4.98426	5.11158
4583	4.98426	5.04999
4584	4.98426	4.9858
4585	4.98426	5.01679
4586	4.98426	5.01268
4587	4.98426	5.04336
4588	4.98426	5.02319
4589	4.98426	5.01736
4590	4.98426	5.00233
4591	4.98426	4.98426
4592	4.98426	4.98426
4593	4.98426	4.99535
4594	4.98426	4.995
4595	4.98426	5.06719
4596	4.98426	5.012
4597	4.98426	4.99466
4598	4.98426	4.98461
4599	4.98426	4.99803
4600	4.98426	5.06105
4601	4.98426	4.99818
4602	4.98426	5.00008
4603	4.98426	5.03142
4604	4.98426	5.04844
4605	4.98426	5.02155
4606	4.98426	4.98426
4607	4.98426	4.98426
4608	4.98426	4.99436
4609	4.98426	4.99814
4610	4.98426	4.98466
4611	4.98426	4.98426
4612	4.98426	4.99955
4613	4.98426	4.99413
4614	4.98426	4.99998
4615	4.98426	5.05761
4616	4.98426	4.98871
4617	4.98426	5.02496
4618	4.98426	4.98541
4619	4.98426	4.98426
4620	4.98426	5.0054
4621	4.98426	4.98634
4622	4.98426	4.98463
4623	4.98426	4.9945
4624	4.98426	5.07487
4625	4.98426	5.00217
4626	4.98426	5.03718
4627	4.98426	5.08944
4628	4.98426	5.084
4629	4.98426	5.01637
4630	4.98426	5.01593
4631	4.98426	5.00309
4632	4.98426	4.99696
4633	4.98426	4.99033
4634	4.98426	4.98644
4635	4.98426	4.99071
4636	4.98426	5.00464
4637	4.98426	5.06219
4638	4.98426	5.06719
4639	4.98426	4.99361
4640	4.98426	5.0854
4641	4.98426	5.11672
4642	4.98426	5.10046
4643	4.98426	5.16272
4644	4.98426	5.15557
4645	4.98426	5.223
4646	4.98426	5.19913
4647	4.98426	5.05152
4648	4.98426	5.12372
4649	4.98426	5.0488
4650	4.98426	5.06782
4651	4.98426	5.01816
4652	4.98426	5.01055
4653	4.98426	4.98426
4654	4.98426	4.98426
4655	4.98426	4.98426
4656	4.98426	4.98426
4657	4.98426	4.98426
4658	4.98426	5.03649
4659	4.98426	5.05839
4660	4.98426	5.0675
4661	4.98426	5.1622
4662	4.98426	5.13262
4663	4.98426	5.07195
4664	4.98426	5.07187
4665	4.98426	5.05332
4666	4.98426	5.07334
4667	4.98426	5.02044
4668	4.98426	5.03211
4669	4.98426	5.02949
4670	4.98426	5.09202
4671	4.98426	4.99243
4672	4.98426	5.0478
4673	4.98426	5.03825
4674	4.98426	5.05335
4675	4.98426	5.08182
4676	4.98426	5.07516
4677	4.98426	5.04311
4678	4.98426	5.00714
4679	4.98426	5.07843
4680	4.98426	5.12532
4681	4.98426	5.06643
4682	4.98426	5.04985
4683	4.98426	4.98526
4684	4.98426	4.98426
4685	4.98426	4.99358
4686	4.98426	5.02855
4687	4.98426	5.07473
4688	4.98426	5.04932
4689	4.98426	5.0696
4690	4.98426	5.02143
4691	4.98426	5.02421
4692	4.98426	4.99298
4693	4.98426	5.0012
4694	4.98426	4.98851
4695	4.98426	5.01048
4696	4.98426	4.98426
4697	4.98426	4.98426
4698	4.98426	4.98426
4699	4.98426	5.05739
4700	4.98426	5.04121
4701	4.98426	5.0305
4702	4.98426	5.02197
4703	4.98426	5.08639
4704	4.98426	5.01614
4705	4.98426	5.07742
4706	4.98426	5.01978
4707	4.98426	5.06661
4708	4.98426	5.05917
4709	4.98426	5.05697
4710	4.98426	5.04674
4711	4.98426	5.02995
4712	4.98426	5.03639
4713	4.98426	4.98676
4714	4.98426	5.01348
4715	4.98426	5.07218
4716	4.98426	5.01171
4717	4.98426	4.98426
4718	4.98426	5.08339
4719	4.98426	5.08528
4720	4.98426	4.99254
4721	4.98426	5.11192
4722	4.98426	5.10694
4723	4.98426	5.06174
4724	4.98426	5.12657
4725	4.98426	5.08224
4726	4.98426	5.08328
4727	4.98426	5.07645
4728	4.98426	5.00568
4729	4.98426	5.02348
4730	4.98426	5.00795
4731	4.98426	4.98812
4732	4.98426	4.98484
4733	4.98426	4.98426
4734	4.98426	4.98426
4735	4.98426	4.99054
4736	4.98426	4.98606
4737	4.98426	5.02792
4738	4.98426	5.06457
4739	4.98426	4.98479
4740	4.98426	4.98508
4741	4.98426	4.99809
4742	4.98426	5.01879
4743	4.98426	5.07012
4744	4.98426	5.03437
4745	4.98426	4.99661
4746	4.98426	5.00363
4747	4.98426	5.00461
4748	4.98426	4.98426
4749	4.98426	4.98426
4750	4.98426	4.99119
4751	4.98426	4.98654
4752	4.98426	5.0025
4753	4.98426	5.03672
4754	4.98426	5.00811
4755	4.98426	4.98583
4756	4.98426	4.99592
4757	4.98426	5.00231
4758	4.98426	4.99548
4759	4.98426	4.98761
4760	4.98426	4.9861
4761	4.98426	4.9944
4762	4.98426	4.99813
4763	4.98426	5.00041
4764	4.98426	4.98426
4765	4.98426	4.98426
4766	4.98426	4.98627
4767	4.98426	5.00909
4768	4.98426	5.07065
4769	4.98426	5.01686
4770	4.98426	5.02366
4771	4.98426	4.98426
4772	4.98426	4.98591
4773	4.98426	4.98653
4774	4.98426	4.99205
4775	4.98426	4.99594
4776	4.98426	5.0224
4777	4.98426	5.0148
4778	4.98426	4.98827
4779	4.98426	4.98426
4780	4.98426	4.98426
4781	4.98426	4.98522
4782	4.98426	5.0138
4783	4.98426	4.98426
4784	4.98426	5.00966
4785	4.98426	5.01042
4786	4.98426	5.0451
4787	4.98426	4.99739
4788	4.98426	5.03276
4789	4.98426	5.11234
4790	4.98426	5.07903
4791	4.98426	5.01786
4792	4.98426	5.02878
4793	4.98426	5.02985
4794	4.98426	4.98613
4795	4.98426	5.01175
4796	4.98426	5.02135
4797	4.98426	5.00084
4798	4.98426	4.98426
4799	4.98426	4.98426
4800	4.98426	4.98466
4801	4.98426	4.98426
4802	4.98426	4.98426
4803	4.98426	4.98426
4804	4.98426	4.99323
4805	4.98426	5.02224
4806	4.98426	4.98662
4807	4.98426	5.00566
4808	4.98426	4.98426
4809	4.98426	4.98426
4810	4.98426	5.02466
4811	4.98426	5.03911
4812	4.98426	5.01605
4813	4.98426	5.03764
4814	4.98426	5.07992
4815	4.98426	5.10533
4816	4.98426	5.06318
4817	4.98426	5.02127
4818	4.98426	5.04321
4819	4.98426	5.01225
4820	4.98426	5.062
4821	4.98426	5.03341
4822	4.98426	5.09618
4823	4.98426	5.05969
4824	4.98426	5.05702
4825	4.98426	5.09942
4826	4.98426	5.04463
4827	4.98426	5.05532
4828	4.98426	5.08394
4829	4.98426	5.05833
4830	4.98426	5.01832
4831	4.98426	5.06567
4832	4.98426	5.12466
4833	4.98426	5.14744
4834	4.98426	5.10522
4835	4.98426	5.05673
4836	4.98426	5.03131
4837	4.98426	5.00358
4838	4.98426	4.98892
4839	4.98426	4.98471
4840	4.98426	5.00325
4841	4.98426	5.02461
4842	4.98426	5.0389
4843	4.98426	4.99839
4844	4.98426	5.06291
4845	4.98426	4.98718
4846	4.98426	4.98426
4847	4.98426	4.98426
4848	4.98426	5.00808
4849	4.98426	4.98426
4850	4.98426	4.98426
4851	4.98426	4.98426
4852	4.98426	4.98426
4853	4.98426	4.98426
4854	4.98426	4.98426
4855	4.98426	4.99809
4856	4.98426	4.98426
4857	4.98426	5.00349
4858	4.98426	5.04047
4859	4.98426	5.01916
4860	4.98426	5.09004
4861	4.98426	4.98783
4862	4.98426	5.0237
4863	4.98426	5.00079
4864	4.98426	5.01497
4865	4.98426	4.9858
4866	4.98426	5.11699
4867	4.98426	5.07598
4868	4.98426	4.98534
4869	4.98426	5.04144
4870	4.98426	5.09279
4871	4.98426	5.07343
4872	4.98426	5.04717
4873	4.98426	5.01804
4874	4.98426	5.03392
4875	4.98426	5.03596
4876	4.98426	4.99205
4877	4.98426	4.98528
4878	4.98426	4.98426
4879	4.98426	4.98426
4880	4.98426	4.98466
4881	4.98426	5.00803
4882	4.98426	5.03552
4883	4.98426	5.00362
4884	4.98426	4.99362
4885	4.98426	4.99828
4886	4.98426	5.02473
4887	4.98426	5.02831
4888	4.98426	4.9999
4889	4.98426	5.01215
4890	4.98426	4.98426
4891	4.98426	4.98426
4892	4.98426	4.98426
4893	4.98426	5.02753
4894	4.98426	5.06459
4895	4.98426	5.01769
4896	4.98426	4.98436
4897	4.98426	5.00787
4898	4.98426	4.99775
4899	4.98426	4.98426
4900	4.98426	5.01912
4901	4.98426	5.00357
4902	4.98426	4.99899
4903	4.98426	5.01912
4904	4.98426	5.00221
4905	4.98426	4.98449
4906	4.98426	4.98431
4907	4.98426	5.05726
4908	4.98426	4.99233
4909	4.98426	4.98871
4910	4.98426	5.05511
4911	4.98426	5.02852
4912	4.98426	5.11457
4913	4.98426	5.03038
4914	4.98426	5.06245
4915	4.98426	5.08671
4916	4.98426	5.02823
4917	4.98426	5.04815
4918	4.98426	4.98879
4919	4.98426	4.98426
4920	4.98426	4.99458
4921	4.98426	5.03894
4922	4.98426	5.04217
4923	4.98426	5.02064
4924	4.98426	5.02234
4925	4.98426	4.98874
4926	4.98426	5.02205
4927	4.98426	4.98537
4928	4.98426	5.06123
4929	4.98426	5.03892
4930	4.98426	5.02986
4931	4.98426	5.01072
4932	4.98426	5.02443
4933	4.98426	4.99482
4934	4.98426	5.00284
4935	4.98426	4.9889
4936	4.98426	5.01869
4937	4.98426	4.99839
4938	4.98426	5.05408
4939	4.98426	5.05213
4940	4.98426	5.00739
4941	4.98426	5.00708
4942	4.98426	5.12979
4943	4.98426	5.13083
4944	4.98426	5.0161
4945	4.98426	5.06334
4946	4.98426	5.04793
4947	4.98426	5.06952
4948	4.98426	5.05442
4949	4.98426	5.01093
4950	4.98426	5.00794
4951	4.98426	5.01006
4952	4.98426	4.98447
4953	4.98426	5.01276
4954	4.98426	5.03844
4955	4.98426	5.01202
4956	4.98426	5.05067
4957	4.98426	5.02978
4958	4.98426	5.05848
4959	4.98426	5.10594
4960	4.98426	5.12105
4961	4.98426	5.0857
4962	4.98426	5.05654
4963	4.98426	5.08608
4964	4.98426	5.05345
4965	4.98426	5.05936
4966	4.98426	5.00484
4967	4.98426	4.98426
4968	4.98426	4.98426
4969	4.98426	4.98426
4970	4.98426	4.99038
4971	4.98426	4.98426
4972	4.98426	5.00403
4973	4.98426	5.02383
4974	4.98426	5.0308
4975	4.98426	5.01293
4976	4.98426	4.99246
4977	4.98426	5.00934
4978	4.98426	5.06414
4979	4.98426	5.0513
4980	4.98426	5.02758
4981	4.98426	5.01648
4982	4.98426	5.00793
4983	4.98426	4.98434
4984	4.98426	4.99843
4985	4.98426	5.00432
4986	4.98426	4.99696
4987	4.98426	5.03131
4988	4.98426	4.98426
4989	4.98426	4.99517
4990	4.98426	5.0255
4991	4.98426	5.03883
4992	4.98426	4.98426
4993	4.98426	4.98958
4994	4.98426	4.98426
4995	4.98426	5.04005
4996	4.98426	5.0556
4997	4.98426	4.99278
4998	4.98426	4.98426
4999	4.98426	5.00133
5000	4.98426	5.02263
5001	4.98426	5.11811
5002	4.98426	5.21442
5003	4.98426	5.02598
5004	4.98426	5.01408
5005	4.98426	5.02248
5006	4.98426	4.99139
5007	4.98426	4.98426
5008	4.98426	5.00685
5009	4.98426	5.01492
5010	4.98426	5.05717
5011	4.98426	5.04618
5012	4.98426	5.02246
5013	4.98426	5.03941
5014	4.98426	5.10103
5015	4.98426	5.03383
5016	4.98426	5.02819
5017	4.98426	4.98787
5018	4.98426	5.00357
5019	4.98426	5.02842
5020	4.98426	5.05047
5021	4.98426	5.06134
5022	4.98426	5.0558
5023	4.98426	5.08046
5024	4.98426	4.99616
5025	4.98426	4.98843
5026	4.98426	4.9865
5027	4.98426	4.99372
5028	4.98426	5.00361
5029	4.98426	5.00627
5030	4.98426	5.1229
5031	4.98426	5.04248
5032	4.98426	5.02909
5033	4.98426	5.02936
5034	4.98426	4.9926
5035	4.98426	4.98828
5036	4.98426	4.99662
5037	4.98426	4.99522
5038	4.98426	5.03447
5039	4.98426	5.05142
5040	4.98426	5.01404
5041	4.98426	5.00078
5042	4.98426	5.02175
5043	4.98426	4.99245
5044	4.98426	4.98426
5045	4.98426	5.00353
5046	4.98426	4.98474
5047	4.98426	4.98431
5048	4.98426	5.02344
5049	4.98426	5.01133
5050	4.98426	5.08144
5051	4.98426	5.0553
5052	4.98426	5.03895
5053	4.98426	5.03112
5054	4.98426	4.99558
5055	4.98426	5.04929
5056	4.98426	5.0232
5057	4.98426	4.99603
5058	4.98426	5.05946
5059	4.98426	5.09878
5060	4.98426	5.11887
5061	4.98426	5.00052
5062	4.98426	5.03466
5063	4.98426	4.9889
5064	4.98426	5.01466
5065	4.98426	5.01526
5066	4.98426	5.03606
5067	4.98426	5.10403
5068	4.98426	4.99571
5069	4.98426	5.00471
5070	4.98426	5.00245
5071	4.98426	5.00878
5072	4.98426	5.01512
5073	4.98426	5.01712
5074	4.98426	4.99747
5075	4.98426	5.05057
5076	4.98426	5.09539
5077	4.98426	5.01429
5078	4.98426	5.07285
5079	4.98426	5.13445
5080	4.98426	5.10737
5081	4.98426	5.03196
5082	4.98426	4.98434
5083	4.98426	4.98836
5084	4.98426	5.01431
5085	4.98426	5.05799
5086	4.98426	5.02755
5087	4.98426	5.02292
5088	4.98426	4.99673
5089	4.98426	5.04577
5090	4.98426	4.99563
5091	4.98426	4.99924
5092	4.98426	4.98426
5093	4.98426	4.98707
5094	4.98426	4.98426
5095	4.98426	5.0169
5096	4.98426	5.02669
5097	4.98426	5.08106
5098	4.98426	5.02452
5099	4.98426	4.98764
5100	4.98426	4.98832
5101	4.98426	4.98986
5102	4.98426	5.00949
5103	4.98426	5.00426
5104	4.98426	5.01929
5105	4.98426	4.98564
5106	4.98426	4.98426
5107	4.98426	4.98866
5108	4.98426	5.02178
5109	4.98426	5.05576
5110	4.98426	5.10789
5111	4.98426	4.99555
5112	4.98426	5.00772
5113	4.98426	4.99575
5114	4.98426	5.01504
5115	4.98426	5.01143
5116	4.98426	5.03339
5117	4.98426	5.00892
5118	4.98426	5.00108
5119	4.98426	4.99204
5120	4.98426	5.02134
5121	4.98426	5.00282
5122	4.98426	5.13977
5123	4.98426	5.0387
5124	4.98426	4.993
5125	4.98426	5.03712
5126	4.98426	5.06469
5127	4.98426	5.09734
5128	4.98426	5.01375
5129	4.98426	5.02634
5130	4.98426	5.01201
5131	4.98426	5.08563
5132	4.98426	5.05413
5133	4.98426	4.99888
5134	4.98426	4.99691
5135	4.98426	5.0085
5136	4.98426	5.0061
5137	4.98426	4.98802
5138	4.98426	4.98426
5139	4.98426	4.98426
5140	4.98426	5.02094
5141	4.98426	5.0225
5142	4.98426	5.00995
5143	4.98426	5.0158
5144	4.98426	4.98533
5145	4.98426	4.98426
5146	4.98426	4.98426
5147	4.98426	4.98426
5148	4.98426	4.98447
5149	4.98426	5.04339
5150	4.98426	5.07979
5151	4.98426	5.00477
5152	4.98426	4.99815
5153	4.98426	5.00323
5154	4.98426	4.99346
5155	4.98426	4.99353
5156	4.98426	4.98426
5157	4.98426	4.98426
5158	4.98426	4.98426
5159	4.98426	4.98426
5160	4.98426	4.99701
5161	4.98426	5.08744
5162	4.98426	5.12736
5163	4.98426	5.04422
5164	4.98426	5.01931
5165	4.98426	4.98923
5166	4.98426	5.06127
5167	4.98426	5.04745
5168	4.98426	5.12995
5169	4.98426	5.23981
5170	4.98426	5.3333
5171	4.98426	5.23573
5172	4.98426	5.24338
5173	4.98426	5.04166
5174	4.98426	5.03553
5175	4.98426	5.00242
5176	4.98426	5.02865
5177	4.98426	5.00413
5178	4.98426	5.02248
5179	4.98426	5.07299
5180	4.98426	4.98981
5181	4.98426	5.01718
5182	4.98426	4.98426
5183	4.98426	4.98426
5184	4.98426	4.98551
5185	4.98426	5.04063
5186	4.98426	5.02838
5187	4.98426	5.02043
5188	4.98426	4.99818
5189	4.98426	5.0062
5190	4.98426	5.09326
5191	4.98426	5.06358
5192	4.98426	5.00219
5193	4.98426	5.04159
5194	4.98426	5
5195	4.98426	5.03529
5196	4.98426	5.01096
5197	4.98426	5.01752
5198	4.98426	5.02035
5199	4.98426	5.01811
5200	4.98426	5.02856
5201	4.98426	5.0718
5202	4.98426	5.03686
5203	4.98426	5.02988
5204	4.98426	5.08752
5205	4.98426	5.09122
5206	4.98426	5.08764
5207	4.98426	5.08617
5208	4.98426	5.00499
5209	4.98426	5.00535
5210	4.98426	5.17466
5211	4.98426	5.22818
5212	4.98426	5.0221
5213	4.98426	5.05972
5214	4.98426	5.11938
5215	4.98426	5.01784
5216	4.98426	5.05917
5217	4.98426	5.11254
5218	4.98426	5.03051
5219	4.98426	5.07706
5220	4.98426	5.01215
5221	4.98426	5.02397
5222	4.98426	5.02196
5223	4.98426	5.06084
5224	4.98426	5.09699
5225	4.98426	5.09667
5226	4.98426	5.08649
5227	4.98426	5.05939
5228	4.98426	5.03507
5229	4.98426	5.09326
5230	4.98426	5.16944
5231	4.98426	5.03049
5232	4.98426	5.01727
5233	4.98426	5.00681
5234	4.98426	5.07696
5235	4.98426	5.17277
5236	4.98426	5.12298
5237	4.98426	5.01585
5238	4.98426	4.99241
5239	4.98426	5.13011
5240	4.98426	5.08735
5241	4.98426	5.0359
5242	4.98426	5.01039
5243	4.98426	5.07853
5244	4.98426	5.0151
5245	4.98426	4.98859
5246	4.98426	5.00916
5247	4.98426	5.02233
5248	4.98426	5.04182
5249	4.98426	5.0937
5250	4.98426	5.05311
5251	4.98426	5.01184
5252	4.98426	5.00099
5253	4.98426	4.98426
5254	4.98426	5.01132
5255	4.98426	4.99121
5256	4.98426	4.98942
5257	4.98426	5.0207
5258	4.98426	4.98426
5259	4.98426	4.98636
5260	4.98426	4.99033
5261	4.98426	5.04027
5262	4.98426	4.98899
5263	4.98426	4.98618
5264	4.98426	5.00119
5265	4.98426	5.04325
5266	4.98426	5.01008
5267	4.98426	4.98426
5268	4.98426	5.06195
5269	4.98426	4.98815
5270	4.98426	5.05035
5271	4.98426	5.12353
5272	4.98426	5.18464
5273	4.98426	5.08346
5274	4.98426	5.05373
5275	4.98426	5.0164
5276	4.98426	5.04386
5277	4.98426	4.99676
5278	4.98426	4.98426
5279	4.98426	4.98426
5280	4.98426	4.98426
5281	4.98426	4.98426
5282	4.98426	4.98426
5283	4.98426	4.98426
5284	4.98426	4.98426
5285	4.98426	4.98772
5286	4.98426	4.99267
5287	4.98426	5.02175
5288	4.98426	5.00594
5289	4.98426	5.039
5290	4.98426	5.01269
5291	4.98426	5.10084
5292	4.98426	5.10248
5293	4.98426	5.05551
5294	4.98426	5.04462
5295	4.98426	5.02423
5296	4.98426	5.10324
5297	4.98426	5.08549
5298	4.98426	5.13846
5299	4.98426	5.12184
5300	4.98426	5.04827
5301	4.98426	5.08344
5302	4.98426	5.10908
5303	4.98426	5.09762
5304	4.98426	5.06553
5305	4.98426	5.08921
5306	4.98426	5.11913
5307	4.98426	5.07445
5308	4.98426	5.01314
5309	4.98426	5.04154
5310	4.98426	5.03634
5311	4.98426	4.99085
5312	4.98426	4.98426
5313	4.98426	5.00097
5314	4.98426	5.02868
5315	4.98426	5.13965
5316	4.98426	5.08553
5317	4.98426	5.04263
5318	4.98426	5.1043
5319	4.98426	5.03395
5320	4.98426	5.08806
5321	4.98426	5.08567
5322	4.98426	5.12767
5323	4.98426	5.05568
5324	4.98426	5.10971
5325	4.98426	5.05716
5326	4.98426	5.02937
5327	4.98426	5.07621
5328	4.98426	5.06836
5329	4.98426	5.00555
5330	4.98426	5.00394
5331	4.98426	4.99884
5332	4.98426	5.01599
5333	4.98426	4.99233
5334	4.98426	5.00228
5335	4.98426	5.0596
5336	4.98426	5.04535
5337	4.98426	5.03479
5338	4.98426	5.01437
5339	4.98426	5.06102
5340	4.98426	5.07738
5341	4.98426	5.045
5342	4.98426	5.04056
5343	4.98426	4.99184
5344	4.98426	4.99533
5345	4.98426	5.10945
5346	4.98426	5.06797
5347	4.98426	4.99562
5348	4.98426	5.13207
5349	4.98426	4.99869
5350	4.98426	5.03564
5351	4.98426	5.01561
5352	4.98426	4.99619
5353	4.98426	4.99822
5354	4.98426	4.99536
5355	4.98426	5.05773
5356	4.98426	5.00966
5357	4.98426	4.98611
5358	4.98426	4.99656
5359	4.98426	4.98426
5360	4.98426	4.9866
5361	4.98426	4.98426
5362	4.98426	4.98426
5363	4.98426	4.98426
5364	4.98426	4.98426
5365	4.98426	4.99126
5366	4.98426	5.04452
5367	4.98426	4.99147
5368	4.98426	4.98431
5369	4.98426	4.98504
5370	4.98426	4.98426
5371	4.98426	4.98471
5372	4.98426	4.98426
5373	4.98426	4.98447
5374	4.98426	4.98426
5375	4.98426	5.03034
5376	4.98426	4.99997
5377	4.98426	5.0596
5378	4.98426	4.99829
5379	4.98426	5.00293
5380	4.98426	5.03265
5381	4.98426	4.98663
5382	4.98426	4.99362
5383	4.98426	5.01608
5384	4.98426	5.0859
5385	4.98426	5.05936
5386	4.98426	4.98426
5387	4.98426	4.99794
5388	4.98426	5.06907
5389	4.98426	5.11983
5390	4.98426	5.15904
5391	4.98426	5.03684
5392	4.98426	4.9978
5393	4.98426	4.9871
5394	4.98426	5.03069
5395	4.98426	4.98431
5396	4.98426	4.98809
5397	4.98426	5.03991
5398	4.98426	5.00583
5399	4.98426	5.09466
5400	4.98426	5.10647
5401	4.98426	5.06088
5402	4.98426	5.07716
5403	4.98426	5.0142
5404	4.98426	5.01953
5405	4.98426	5.0078
5406	4.98426	5.10838
5407	4.98426	5.16665
5408	4.98426	5.08963
5409	4.98426	5.05444
5410	4.98426	5.06132
5411	4.98426	5.08364
5412	4.98426	5.00649
5413	4.98426	4.99954
5414	4.98426	4.98431
5415	4.98426	4.98426
5416	4.98426	4.98431
5417	4.98426	4.98426
5418	4.98426	4.98554
5419	4.98426	5.05259
5420	4.98426	5.00214
5421	4.98426	4.99307
5422	4.98426	4.98615
5423	4.98426	4.98426
5424	4.98426	5.00402
5425	4.98426	4.98819
5426	4.98426	5.00855
5427	4.98426	5.01726
5428	4.98426	5.00858
5429	4.98426	5.01101
5430	4.98426	5.02545
5431	4.98426	5.00728
5432	4.98426	5.07981
5433	4.98426	5.01869
5434	4.98426	4.99017
5435	4.98426	5.0211
5436	4.98426	5.05438
5437	4.98426	5.09015
5438	4.98426	5.08237
5439	4.98426	5.19438
5440	4.98426	5.10197
5441	4.98426	5.03769
5442	4.98426	5.16302
5443	4.98426	5.23273
5444	4.98426	5.21153
5445	4.98426	4.9909
5446	4.98426	4.9917
5447	4.98426	5.01339
5448	4.98426	4.98426
5449	4.98426	5.04307
5450	4.98426	5.02571
5451	4.98426	5.03225
5452	4.98426	5.12044
5453	4.98426	5.25113
5454	4.98426	5.01073
5455	4.98426	5.05046
5456	4.98426	4.98952
5457	4.98426	4.98426
5458	4.98426	5.03873
5459	4.98426	5.04466
5460	4.98426	5.15629
5461	4.98426	5.13031
5462	4.98426	5.05937
5463	4.98426	4.98817
5464	4.98426	5.12086
5465	4.98426	5.14725
5466	4.98426	5.04536
5467	4.98426	5.03857
5468	4.98426	5.00285
5469	4.98426	5.03252
5470	4.98426	4.99536
5471	4.98426	5.04183
5472	4.98426	5.05017
5473	4.98426	5.03776
5474	4.98426	5.03159
5475	4.98426	4.98426
5476	4.98426	4.99333
5477	4.98426	5.0086
5478	4.98426	5.01061
5479	4.98426	4.99863
5480	4.98426	5.00963
5481	4.98426	5.05943
5482	4.98426	5.01176
5483	4.98426	5.03668
5484	4.98426	5.10834
5485	4.98426	5.03793
5486	4.98426	4.98563
5487	4.98426	4.99037
5488	4.98426	5.03623
5489	4.98426	5.00843
5490	4.98426	5.04635
5491	4.98426	5.04743
5492	4.98426	5.05857
5493	4.98426	5.01864
5494	4.98426	5.07018
5495	4.98426	5.20454
5496	4.98426	5.14169
5497	4.98426	5.096
5498	4.98426	5.11363
5499	4.98426	5.0654
5500	4.98426	4.99519
5501	4.98426	5.01508
5502	4.98426	5.02183
5503	4.98426	4.98611
5504	4.98426	4.98759
5505	4.98426	5.02698
5506	4.98426	5.06312
5507	4.98426	5.09791
5508	4.98426	5.06723
5509	4.98426	5.08033
5510	4.98426	5.10717
5511	4.98426	5.14591
5512	4.98426	5.03035
5513	4.98426	5.00952
5514	4.98426	5.02782
5515	4.98426	5.02026
5516	4.98426	5.00304
5517	4.98426	4.99341
5518	4.98426	5.04338
5519	4.98426	5.00221
5520	4.98426	4.99404
5521	4.98426	4.99824
5522	4.98426	4.98426
5523	4.98426	4.98772
5524	4.98426	5.09836
5525	4.98426	5.06161
5526	4.98426	5.01119
5527	4.98426	5.01134
5528	4.98426	5.11508
5529	4.98426	5.11028
5530	4.98426	5.12006
5531	4.98426	5.02769
5532	4.98426	5.08029
5533	4.98426	5.06433
5534	4.98426	5.13276
5535	4.98426	5.04768
5536	4.98426	5.07427
5537	4.98426	5.00257
5538	4.98426	5.00655
5539	4.98426	5.01258
5540	4.98426	4.98742
5541	4.98426	5.0316
5542	4.98426	5.05521
5543	4.98426	5.06271
5544	4.98426	4.98731
5545	4.98426	5.01844
5546	4.98426	5.03096
5547	4.98426	5.04991
5548	4.98426	4.99498
5549	4.98426	5.02327
5550	4.98426	4.99457
5551	4.98426	4.9881
5552	4.98426	4.98426
5553	4.98426	4.98634
5554	4.98426	4.98843
5555	4.98426	4.98824
5556	4.98426	5.00145
5557	4.98426	5.0085
5558	4.98426	5.09364
5559	4.98426	5.00633
5560	4.98426	5.01263
5561	4.98426	5.02846
5562	4.98426	4.99157
5563	4.98426	4.98742
5564	4.98426	4.99371
5565	4.98426	5.02929
5566	4.98426	5.02277
5567	4.98426	5.04775
5568	4.98426	5.1124
5569	4.98426	5.1954
5570	4.98426	5.076
5571	4.98426	5.11415
5572	4.98426	5.01982
5573	4.98426	4.99113
5574	4.98426	5.00589
5575	4.98426	4.9893
5576	4.98426	5.01103
5577	4.98426	5.07173
5578	4.98426	5.0142
5579	4.98426	5.1334
5580	4.98426	5.16982
5581	4.98426	5.01596
5582	4.98426	5.01179
5583	4.98426	5.15804
5584	4.98426	5.34566
5585	4.98426	5.17388
5586	4.98426	5.16285
5587	4.98426	5.1251
5588	4.98426	5.18553
5589	4.98426	5.06335
5590	4.98426	4.98674
5591	4.98426	4.98797
5592	4.98426	4.98426
5593	4.98426	5.02768
5594	4.98426	5.12952
5595	4.98426	5.15628
5596	4.98426	5.09491
5597	4.98426	5.10824
5598	4.98426	5.08563
5599	4.98426	5.07595
5600	4.98426	5.0636
5601	4.98426	5.05593
5602	4.98426	5.11214
5603	4.98426	5.12739
5604	4.98426	5.14695
5605	4.98426	5.05634
5606	4.98426	5.00918
5607	4.98426	4.99246
5608	4.98426	5.03299
5609	4.98426	5.06724
5610	4.98426	5.00254
5611	4.98426	4.99001
5612	4.98426	5.00269
5613	4.98426	5.01245
5614	4.98426	4.98426
5615	4.98426	5.02402
5616	4.98426	4.9878
5617	4.98426	5.03383
5618	4.98426	5.01705
5619	4.98426	5.00456
5620	4.98426	4.99074
5621	4.98426	4.98426
5622	4.98426	5.05453
5623	4.98426	5.00964
5624	4.98426	4.98937
5625	4.98426	5.00083
5626	4.98426	5.05623
5627	4.98426	4.98985
5628	4.98426	5.05603
5629	4.98426	5.01602
5630	4.98426	4.9893
5631	4.98426	4.99331
5632	4.98426	5.007
5633	4.98426	5.00557
5634	4.98426	5.10434
5635	4.98426	5.05843
5636	4.98426	4.99954
5637	4.98426	5.05043
5638	4.98426	5.02454
5639	4.98426	5.04518
5640	4.98426	5.04661
5641	4.98426	4.98776
5642	4.98426	4.98426
5643	4.98426	5.01459
5644	4.98426	4.98426
5645	4.98426	4.98426
5646	4.98426	5.05336
5647	4.98426	5.09513
5648	4.98426	5.14622
5649	4.98426	5.23315
5650	4.98426	5.14722
5651	4.98426	5.15493
5652	4.98426	5.07769
5653	4.98426	5.03424
5654	4.98426	4.99274
5655	4.98426	5.03099
5656	4.98426	5.0626
5657	4.98426	5.03206
5658	4.98426	5.10132
5659	4.98426	5.0092
5660	4.98426	4.99209
5661	4.98426	5.01981
5662	4.98426	5.02161
5663	4.98426	5.05105
5664	4.98426	5.03481
5665	4.98426	5.01929
5666	4.98426	5.05716
5667	4.98426	4.98426
5668	4.98426	5.01571
5669	4.98426	5.01689
5670	4.98426	4.98851
5671	4.98426	5.04346
5672	4.98426	5.06027
5673	4.98426	5.06182
5674	4.98426	5.02881
5675	4.98426	5.07822
5676	4.98426	5.03281
5677	4.98426	5.06292
5678	4.98426	5.03188
5679	4.98426	5.01915
5680	4.98426	5.02953
5681	4.98426	5.09165
5682	4.98426	5.03936
5683	4.98426	5.1725
5684	4.98426	5.08409
5685	4.98426	5.021
5686	4.98426	5.00752
5687	4.98426	5.02738
5688	4.98426	5.03741
5689	4.98426	5.06269
5690	4.98426	5.20989
5691	4.98426	5.10782
5692	4.98426	5.11127
5693	4.98426	5.09207
5694	4.98426	5.04551
5695	4.98426	5.04938
5696	4.98426	5.06325
5697	4.98426	5.05129
5698	4.98426	5.04619
5699	4.98426	5.03042
5700	4.98426	4.99265
5701	4.98426	5.01318
5702	4.98426	4.98426
5703	4.98426	4.99459
5704	4.98426	4.98426
5705	4.98426	4.98846
5706	4.98426	5.10221
5707	4.98426	5.00922
5708	4.98426	4.99801
5709	4.98426	5.00845
5710	4.98426	5.04949
5711	4.98426	5.03421
5712	4.98426	5.01367
5713	4.98426	5.06897
5714	4.98426	5.07508
5715	4.98426	5.02897
5716	4.98426	5.18187
5717	4.98426	5.19107
5718	4.98426	5.20607
5719	4.98426	5.1276
5720	4.98426	5.09021
5721	4.98426	5.18343
5722	4.98426	5.1821
5723	4.98426	5.01112
5724	4.98426	5.0402
5725	4.98426	5.05093
5726	4.98426	5.02146
5727	4.98426	4.99021
5728	4.98426	5.10424
5729	4.98426	5.08772
5730	4.98426	5.04127
5731	4.98426	5.0429
5732	4.98426	5.00406
5733	4.98426	5.01269
5734	4.98426	5.07129
5735	4.98426	5.03614
5736	4.98426	4.99917
5737	4.98426	4.99322
5738	4.98426	4.98791
5739	4.98426	4.98841
5740	4.98426	4.98607
5741	4.98426	4.98444
5742	4.98426	4.98426
5743	4.98426	4.98426
5744	4.98426	4.98426
5745	4.98426	4.98426
5746	4.98426	4.99917
5747	4.98426	5.03106
5748	4.98426	4.98502
5749	4.98426	5.01442
5750	4.98426	5.03455
5751	4.98426	5.11013
5752	4.98426	5.08139
5753	4.98426	5.07413
5754	4.98426	5.02359
5755	4.98426	5.02711
5756	4.98426	5.04335
5757	4.98426	5.0025
5758	4.98426	5.0044
5759	4.98426	4.9878
5760	4.98426	5.02969
5761	4.98426	5.04559
5762	4.98426	5.0812
5763	4.98426	5.14361
5764	4.98426	5.0669
5765	4.98426	4.99843
5766	4.98426	4.98839
5767	4.98426	4.98672
5768	4.98426	5.01072
5769	4.98426	4.98571
5770	4.98426	4.9971
5771	4.98426	4.98687
5772	4.98426	5.06208
5773	4.98426	5.04447
5774	4.98426	5.0286
5775	4.98426	5.0872
5776	4.98426	5.02686
5777	4.98426	5.01524
5778	4.98426	5.05636
5779	4.98426	5.08724
5780	4.98426	5.10885
5781	4.98426	5.07088
5782	4.98426	5.11987
5783	4.98426	5.10981
5784	4.98426	5.03276
5785	4.98426	5.00329
5786	4.98426	5.02065
5787	4.98426	5.06847
5788	4.98426	5.05622
5789	4.98426	5.0105
5790	4.98426	5.0178
5791	4.98426	5.00029
5792	4.98426	5.02272
5793	4.98426	5.03544
5794	4.98426	5.02323
5795	4.98426	4.98518
5796	4.98426	5.00882
5797	4.98426	5.05413
5798	4.98426	5.08628
5799	4.98426	5.00239
5800	4.98426	4.98426
5801	4.98426	4.98426
5802	4.98426	5.00589
5803	4.98426	4.98948
5804	4.98426	5.00466
5805	4.98426	4.98426
5806	4.98426	4.98941
5807	4.98426	5.04815
5808	4.98426	4.99952
5809	4.98426	5.08131
5810	4.98426	5.14321
5811	4.98426	5.09886
5812	4.98426	5.02805
5813	4.98426	5.06762
5814	4.98426	4.99306
5815	4.98426	5.06114
5816	4.98426	5.08412
5817	4.98426	5.14529
5818	4.98426	5.03899
5819	4.98426	5.05015
5820	4.98426	5.03065
5821	4.98426	5.01537
5822	4.98426	4.99868
5823	4.98426	4.99351
5824	4.98426	5.13174
5825	4.98426	5.06759
5826	4.98426	4.98693
5827	4.98426	4.98426
5828	4.98426	4.98426
5829	4.98426	4.98867
5830	4.98426	5.00098
5831	4.98426	5.01244
5832	4.98426	5.06076
5833	4.98426	5.02879
5834	4.98426	4.98756
5835	4.98426	5.05802
5836	4.98426	4.98874
5837	4.98426	4.98764
5838	4.98426	4.98556
5839	4.98426	4.99088
5840	4.98426	4.98466
5841	4.98426	5.03201
5842	4.98426	4.99404
5843	4.98426	5.0151
5844	4.98426	5.0841
5845	4.98426	5.12308
5846	4.98426	5.09909
5847	4.98426	5.09299
5848	4.98426	5.10991
5849	4.98426	5.06321
5850	4.98426	5.08359
5851	4.98426	5.1475
5852	4.98426	5.09831
5853	4.98426	5.10229
5854	4.98426	5.05517
5855	4.98426	5.03623
5856	4.98426	4.99528
5857	4.98426	5.00329
5858	4.98426	4.99895
5859	4.98426	5.03377
5860	4.98426	5.01311
5861	4.98426	4.98426
5862	4.98426	4.98426
5863	4.98426	4.9867
5864	4.98426	4.98449
5865	4.98426	5.00223
5866	4.98426	4.98426
5867	4.98426	4.98426
5868	4.98426	4.98426
5869	4.98426	4.98426
5870	4.98426	4.98426
5871	4.98426	4.98792
5872	4.98426	5.033
5873	4.98426	5.08133
5874	4.98426	5.10192
5875	4.98426	5.11513
5876	4.98426	5.03581
5877	4.98426	4.98512
5878	4.98426	4.99814
5879	4.98426	4.99551
5880	4.98426	5.012
5881	4.98426	4.99842
5882	4.98426	5.00453
5883	4.98426	4.99675
5884	4.98426	5.07114
5885	4.98426	5.00508
5886	4.98426	4.9876
5887	4.98426	4.99027
5888	4.98426	4.98426
5889	4.98426	5.02724
5890	4.98426	4.98426
5891	4.98426	4.98426
5892	4.98426	4.98426
5893	4.98426	4.99152
5894	4.98426	4.98426
5895	4.98426	4.98613
5896	4.98426	5.01125
5897	4.98426	4.98426
5898	4.98426	5.04786
5899	4.98426	5.10816
5900	4.98426	5.16821
5901	4.98426	5.2564
5902	4.98426	5.26243
5903	4.98426	5.17641
5904	4.98426	5.18328
5905	4.98426	5.21589
5906	4.98426	5.14845
5907	4.98426	5.09976
5908	4.98426	5.07815
5909	4.98426	5.13871
5910	4.98426	5.05488
5911	4.98426	5.08001
5912	4.98426	5.10313
5913	4.98426	5.01635
5914	4.98426	5.09251
5915	4.98426	5.08551
5916	4.98426	5.02235
5917	4.98426	5.11737
5918	4.98426	5.03905
5919	4.98426	5.14826
5920	4.98426	5.10468
5921	4.98426	5.09164
5922	4.98426	5.08268
5923	4.98426	5.082
5924	4.98426	5.04091
5925	4.98426	5.10062
5926	4.98426	5.08383
5927	4.98426	5.17876
5928	4.98426	5.14279
5929	4.98426	5.12068
5930	4.98426	5.07003
5931	4.98426	5.00695
5932	4.98426	5.07811
5933	4.98426	5.02577
5934	4.98426	4.98976
5935	4.98426	4.98426
5936	4.98426	5.00226
5937	4.98426	4.98426
5938	4.98426	5.02039
5939	4.98426	5.06034
5940	4.98426	5.06623
5941	4.98426	5.0549
5942	4.98426	5.07594
5943	4.98426	5.21789
5944	4.98426	5.17055
5945	4.98426	5.17652
5946	4.98426	5.06216
5947	4.98426	5.00418
5948	4.98426	4.98434
5949	4.98426	4.98476
5950	4.98426	4.99321
5951	4.98426	5.04363
5952	4.98426	5.06914
5953	4.98426	5.1221
5954	4.98426	5.09415
5955	4.98426	5.08225
5956	4.98426	4.99849
5957	4.98426	5.05318
5958	4.98426	5.07318
5959	4.98426	5.08766
5960	4.98426	5.07476
5961	4.98426	5.04942
5962	4.98426	5.07782
5963	4.98426	4.98466
5964	4.98426	5.01053
5965	4.98426	5.04964
5966	4.98426	4.98426
5967	4.98426	4.98426
5968	4.98426	4.98426
5969	4.98426	4.98489
5970	4.98426	4.98426
5971	4.98426	5.0293
5972	4.98426	5.04423
5973	4.98426	5.06972
5974	4.98426	5.0442
5975	4.98426	5.02399
5976	4.98426	5.00543
5977	4.98426	5.0303
5978	4.98426	5.00226
5979	4.98426	5.02068
5980	4.98426	5.06945
5981	4.98426	5.09728
5982	4.98426	5.00935
5983	4.98426	5.02418
5984	4.98426	4.98841
5985	4.98426	5.07192
5986	4.98426	5.08677
5987	4.98426	5.21533
5988	4.98426	5.11801
5989	4.98426	5.11024
5990	4.98426	5.14559
5991	4.98426	5.09802
5992	4.98426	5.1003
5993	4.98426	5.00187
5994	4.98426	5.0108
5995	4.98426	5.05694
5996	4.98426	5.02906
5997	4.98426	5.03694
5998	4.98426	5.05298
5999	4.98426	4.98611
6000	4.98426	4.99202
6001	4.98426	4.99407
6002	4.98426	5.06623
6003	4.98426	5.01129
6004	4.98426	5.08024
6005	4.98426	5.06228
6006	4.98426	5.08727
6007	4.98426	5.04939
6008	4.98426	5.16208
6009	4.98426	5.1411
6010	4.98426	5.26575
6011	4.98426	5.16614
6012	4.98426	5.12551
6013	4.98426	5.00238
6014	4.98426	5.14352
6015	4.98426	5.09714
6016	4.98426	5.02716
6017	4.98426	5.05523
6018	4.98426	5.02861
6019	4.98426	5.04628
6020	4.98426	4.98601
6021	4.98426	4.98426
6022	4.98426	4.99438
6023	4.98426	4.9975
6024	4.98426	5.01262
6025	4.98426	5.08886
6026	4.98426	4.99832
6027	4.98426	4.98447
6028	4.98426	4.98426
6029	4.98426	4.98543
6030	4.98426	5.0023
6031	4.98426	4.99125
6032	4.98426	4.99028
6033	4.98426	5.05534
6034	4.98426	5.01719
6035	4.98426	5.02726
6036	4.98426	5.00792
6037	4.98426	5.01037
6038	4.98426	5.07024
6039	4.98426	5.03682
6040	4.98426	5.03101
6041	4.98426	5.01207
6042	4.98426	5.11523
6043	4.98426	5.12252
6044	4.98426	5.07159
6045	4.98426	5.05583
6046	4.98426	5.03204
6047	4.98426	5.07309
6048	4.98426	5.03284
6049	4.98426	4.99066
6050	4.98426	5.00274
6051	4.98426	5.00756
6052	4.98426	4.99051
6053	4.98426	4.98443
6054	4.98426	4.98804
6055	4.98426	4.99291
6056	4.98426	5.0327
6057	4.98426	5.13848
6058	4.98426	5.11436
6059	4.98426	5.1172
6060	4.98426	5.11415
6061	4.98426	5.04217
6062	4.98426	5.00336
6063	4.98426	4.99542
6064	4.98426	5.06866
6065	4.98426	5.07825
6066	4.98426	5.16552
6067	4.98426	5.12104
6068	4.98426	5.14649
6069	4.98426	5.15322
6070	4.98426	5.12673
6071	4.98426	5.15282
6072	4.98426	5.03663
6073	4.98426	5.00577
6074	4.98426	4.985
6075	4.98426	4.98447
6076	4.98426	4.9898
6077	4.98426	4.98538
6078	4.98426	4.99076
6079	4.98426	4.99631
6080	4.98426	4.9984
6081	4.98426	4.9936
6082	4.98426	4.99254
6083	4.98426	4.99289
6084	4.98426	4.98426
6085	4.98426	4.98426
6086	4.98426	4.98546
6087	4.98426	4.98638
6088	4.98426	5.00869
6089	4.98426	5.10988
6090	4.98426	4.99968
6091	4.98426	5.09635
6092	4.98426	5.04276
6093	4.98426	5.1221
6094	4.98426	5.08814
6095	4.98426	5.0632
6096	4.98426	5.06067
6097	4.98426	5.21262
6098	4.98426	5.14033
6099	4.98426	5.10421
6100	4.98426	5.08693
6101	4.98426	5.03834
6102	4.98426	5.05122
6103	4.98426	5.04952
6104	4.98426	5.00179
6105	4.98426	5.05158
6106	4.98426	5.04818
6107	4.98426	5.11751
6108	4.98426	5.11524
6109	4.98426	5.14704
6110	4.98426	5.03395
6111	4.98426	5.08577
6112	4.98426	5.01794
6113	4.98426	4.98573
6114	4.98426	5.00027
6115	4.98426	5.0564
6116	4.98426	5.00009
6117	4.98426	5.00822
6118	4.98426	5.06167
6119	4.98426	5.01849
6120	4.98426	4.99953
6121	4.98426	5.02989
6122	4.98426	5.04776
6123	4.98426	4.98426
6124	4.98426	4.98426
6125	4.98426	4.98426
6126	4.98426	4.98426
6127	4.98426	4.98426
6128	4.98426	4.98508
6129	4.98426	4.98899
6130	4.98426	4.98426
6131	4.98426	4.98426
6132	4.98426	5.01673
6133	4.98426	4.99826
6134	4.98426	4.99558
6135	4.98426	4.98881
6136	4.98426	5.13344
6137	4.98426	5.08102
6138	4.98426	5.03713
6139	4.98426	5.00526
6140	4.98426	4.98426
6141	4.98426	4.98913
6142	4.98426	4.99115
6143	4.98426	5.04271
6144	4.98426	4.98612
6145	4.98426	4.99275
6146	4.98426	5.03684
6147	4.98426	5.02181
6148	4.98426	4.988
6149	4.98426	4.98518
6150	4.98426	4.99146
6151	4.98426	5.01855
6152	4.98426	5.00071
6153	4.98426	4.98935
6154	4.98426	4.9844
6155	4.98426	4.98426
6156	4.98426	4.99235
6157	4.98426	4.98444
6158	4.98426	4.98804
6159	4.98426	5.01243
6160	4.98426	5.02296
6161	4.98426	4.99346
6162	4.98426	4.99828
6163	4.98426	5.00927
6164	4.98426	5.02273
6165	4.98426	5.05173
6166	4.98426	4.99804
6167	4.98426	5.00697
6168	4.98426	5.18428
6169	4.98426	5.06709
6170	4.98426	5.04854
6171	4.98426	5.01429
6172	4.98426	4.98426
6173	4.98426	5.02173
6174	4.98426	5.06321
6175	4.98426	5.00422
6176	4.98426	5.06964
6177	4.98426	5.09433
6178	4.98426	5.01841
6179	4.98426	5.05725
6180	4.98426	5.11912
6181	4.98426	5.00169
6182	4.98426	4.98621
6183	4.98426	4.98426
6184	4.98426	4.99265
6185	4.98426	5.04647
6186	4.98426	4.98844
6187	4.98426	5.01404
6188	4.98426	5.13893
6189	4.98426	5.02888
6190	4.98426	5.16132
6191	4.98426	5.04908
6192	4.98426	5.09054
6193	4.98426	5.13449
6194	4.98426	5.1716
6195	4.98426	5.10949
6196	4.98426	5.08454
6197	4.98426	5.0696
6198	4.98426	5.14445
6199	4.98426	5.0643
6200	4.98426	5.00232
6201	4.98426	5.0783
6202	4.98426	5.06317
6203	4.98426	5.05271
6204	4.98426	5.0044
6205	4.98426	4.99192
6206	4.98426	4.98426
6207	4.98426	4.987
6208	4.98426	5.02894
6209	4.98426	5.10334
6210	4.98426	5.03792
6211	4.98426	4.99033
6212	4.98426	5.107
6213	4.98426	5.0622
6214	4.98426	5.04096
6215	4.98426	5.06808
6216	4.98426	5.06835
6217	4.98426	5.17188
6218	4.98426	5.06974
6219	4.98426	5.0396
6220	4.98426	5.0753
6221	4.98426	4.99355
6222	4.98426	5.01697
6223	4.98426	5.02534
6224	4.98426	4.98886
6225	4.98426	4.98426
6226	4.98426	4.98426
6227	4.98426	4.98752
6228	4.98426	5.00706
6229	4.98426	5.02792
6230	4.98426	5.00349
6231	4.98426	4.99636
6232	4.98426	5.01647
6233	4.98426	5.02706
6234	4.98426	5.07056
6235	4.98426	5.05058
6236	4.98426	5.0138
6237	4.98426	5.01523
6238	4.98426	4.99307
6239	4.98426	5.04247
6240	4.98426	5.10095
6241	4.98426	4.995
6242	4.98426	5.05951
6243	4.98426	4.98927
6244	4.98426	5.03576
6245	4.98426	5.00169
6246	4.98426	5.03248
6247	4.98426	5.04145
6248	4.98426	5.03226
6249	4.98426	5.01305
6250	4.98426	5.02542
6251	4.98426	5.04102
6252	4.98426	5.07184
6253	4.98426	5.08115
6254	4.98426	5.04502
6255	4.98426	5.01249
6256	4.98426	5.0411
6257	4.98426	5.10781
6258	4.98426	5.08045
6259	4.98426	4.9946
6260	4.98426	5.00623
6261	4.98426	4.99959
6262	4.98426	5.02628
6263	4.98426	5.01289
6264	4.98426	4.98715
6265	4.98426	4.98426
6266	4.98426	4.98426
6267	4.98426	4.98426
6268	4.98426	4.98426
6269	4.98426	4.99445
6270	4.98426	4.99911
6271	4.98426	5.01624
6272	4.98426	4.99228
6273	4.98426	4.98453
6274	4.98426	4.98426
6275	4.98426	4.98648
6276	4.98426	4.98825
6277	4.98426	4.98426
6278	4.98426	4.98426
6279	4.98426	4.98426
6280	4.98426	5.02123
6281	4.98426	5.01769
6282	4.98426	5.03048
6283	4.98426	5.02287
6284	4.98426	5.01443
6285	4.98426	5.18575
6286	4.98426	5.14201
6287	4.98426	5.00526
6288	4.98426	5.02773
6289	4.98426	5.17223
6290	4.98426	5.14685
6291	4.98426	5.06769
6292	4.98426	5.06669
6293	4.98426	4.99865
6294	4.98426	4.98951
6295	4.98426	5.01351
6296	4.98426	4.99249
6297	4.98426	5.01001
6298	4.98426	5.02547
6299	4.98426	5.03319
6300	4.98426	5.02202
6301	4.98426	4.98426
6302	4.98426	5.03214
6303	4.98426	5.02939
6304	4.98426	5.10221
6305	4.98426	5.04142
6306	4.98426	4.99703
6307	4.98426	5.02114
6308	4.98426	5.03771
6309	4.98426	5.05335
6310	4.98426	5.16655
6311	4.98426	5.17104
6312	4.98426	5.06446
6313	4.98426	5.11134
6314	4.98426	5.046
6315	4.98426	5.13753
6316	4.98426	5.06985
6317	4.98426	5.12333
6318	4.98426	5.27693
6319	4.98426	5.20825
6320	4.98426	5.0696
6321	4.98426	5.07266
6322	4.98426	5.06485
6323	4.98426	5.05348
6324	4.98426	5.05935
6325	4.98426	5.1358
6326	4.98426	5.14533
6327	4.98426	5.30245
6328	4.98426	5.18634
6329	4.98426	5.14656
6330	4.98426	5.11429
6331	4.98426	5.00504
6332	4.98426	5.13797
6333	4.98426	5.13814
6334	4.98426	5.05178
6335	4.98426	5.079
6336	4.98426	5.11566
6337	4.98426	4.98466
6338	4.98426	4.99269
6339	4.98426	5.05466
6340	4.98426	5.05213
6341	4.98426	5.11376
6342	4.98426	5.0265
6343	4.98426	4.99262
6344	4.98426	5.09742
6345	4.98426	4.99234
6346	4.98426	4.98426
6347	4.98426	4.98426
6348	4.98426	4.98662
6349	4.98426	4.98493
6350	4.98426	5.00391
6351	4.98426	5.00285
6352	4.98426	5.03859
6353	4.98426	5.01251
6354	4.98426	5.07081
6355	4.98426	5.10181
6356	4.98426	5.18993
6357	4.98426	5.14364
6358	4.98426	5.20488
6359	4.98426	5.18864
6360	4.98426	5.05263
6361	4.98426	5.01438
6362	4.98426	5.04442
6363	4.98426	5.05121
6364	4.98426	5.19964
6365	4.98426	5.14309
6366	4.98426	5.05396
6367	4.98426	5.02512
6368	4.98426	4.99736
6369	4.98426	4.98426
6370	4.98426	5.00508
6371	4.98426	5.00391
6372	4.98426	5.01036
6373	4.98426	5.01788
6374	4.98426	5.00548
6375	4.98426	4.98475
6376	4.98426	5.01038
6377	4.98426	4.98866
6378	4.98426	4.99068
6379	4.98426	5.04326
6380	4.98426	5.0254
6381	4.98426	5.02248
6382	4.98426	5.01025
6383	4.98426	5.0128
6384	4.98426	5.00556
6385	4.98426	4.99766
6386	4.98426	4.98426
6387	4.98426	5.00002
6388	4.98426	5.14341
6389	4.98426	5.03507
6390	4.98426	5.00873
6391	4.98426	4.98578
6392	4.98426	4.99763
6393	4.98426	5.0389
6394	4.98426	5.03781
6395	4.98426	5.05476
6396	4.98426	5.06416
6397	4.98426	5.07251
6398	4.98426	5.04402
6399	4.98426	5.17338
6400	4.98426	5.10864
6401	4.98426	5.11218
6402	4.98426	5.07192
6403	4.98426	5.02437
6404	4.98426	5.03938
6405	4.98426	5.00284
6406	4.98426	5.02325
6407	4.98426	4.98466
6408	4.98426	5.02216
6409	4.98426	4.98792
6410	4.98426	4.98426
6411	4.98426	4.98611
6412	4.98426	5.05832
6413	4.98426	4.99889
6414	4.98426	5.03467
6415	4.98426	4.99901
6416	4.98426	4.99231
6417	4.98426	4.99578
6418	4.98426	4.99288
6419	4.98426	5.01196
6420	4.98426	4.98426
6421	4.98426	4.98524
6422	4.98426	5.00143
6423	4.98426	5.0573
6424	4.98426	5.03426
6425	4.98426	5.0129
6426	4.98426	5.08228
6427	4.98426	5.05528
6428	4.98426	5.00768
6429	4.98426	5.03563
6430	4.98426	5.01823
6431	4.98426	4.99353
6432	4.98426	5.0147
6433	4.98426	5.00763
6434	4.98426	5.02838
6435	4.98426	4.99347
6436	4.98426	5.0899
6437	4.98426	5.03035
6438	4.98426	5.02662
6439	4.98426	5.00505
6440	4.98426	4.99513
6441	4.98426	4.98991
6442	4.98426	4.98426
6443	4.98426	4.98426
6444	4.98426	4.98426
6445	4.98426	4.99204
6446	4.98426	4.98466
6447	4.98426	5.01786
6448	4.98426	5.04421
6449	4.98426	5.03838
6450	4.98426	4.98687
6451	4.98426	4.98786
6452	4.98426	4.99379
6453	4.98426	5.05863
6454	4.98426	5.00019
6455	4.98426	5.06783
6456	4.98426	5.04346
6457	4.98426	5.07282
6458	4.98426	5.00326
6459	4.98426	5.00814
6460	4.98426	5.03997
6461	4.98426	5.04503
6462	4.98426	5.04043
6463	4.98426	5.04682
6464	4.98426	4.98426
6465	4.98426	4.98426
6466	4.98426	4.98466
6467	4.98426	4.98508
6468	4.98426	4.99574
6469	4.98426	5.06182
6470	4.98426	5.06673
6471	4.98426	5.04318
6472	4.98426	5.14418
6473	4.98426	5.16715
6474	4.98426	5.09236
6475	4.98426	5.07873
6476	4.98426	5.02938
6477	4.98426	5.00243
6478	4.98426	5.05037
6479	4.98426	5.08264
6480	4.98426	5.00114
6481	4.98426	4.98426
6482	4.98426	5.01726
6483	4.98426	4.99107
6484	4.98426	5.00542
6485	4.98426	5.01741
6486	4.98426	5.01641
6487	4.98426	4.98683
6488	4.98426	4.98426
6489	4.98426	5.03824
6490	4.98426	5.05465
6491	4.98426	5.01884
6492	4.98426	5.07783
6493	4.98426	5.08048
6494	4.98426	5.08204
6495	4.98426	5.09691
6496	4.98426	4.99469
6497	4.98426	5.00151
6498	4.98426	5.03637
6499	4.98426	5.0785
6500	4.98426	5.06404
6501	4.98426	4.99437
6502	4.98426	4.99422
6503	4.98426	4.98426
6504	4.98426	4.99697
6505	4.98426	4.99357
6506	4.98426	4.998
6507	4.98426	4.99756
6508	4.98426	5.03162
6509	4.98426	4.99741
6510	4.98426	4.99137
6511	4.98426	5.05616
6512	4.98426	5.01937
6513	4.98426	5.00717
6514	4.98426	4.99655
6515	4.98426	4.99339
6516	4.98426	5.0178
6517	4.98426	5.11746
6518	4.98426	4.99607
6519	4.98426	5.00685
6520	4.98426	5.08586
6521	4.98426	5.12298
6522	4.98426	5.12648
6523	4.98426	5.05633
6524	4.98426	5.04886
6525	4.98426	4.98845
6526	4.98426	5.16363
6527	4.98426	5.09317
6528	4.98426	5.02268
6529	4.98426	4.98582
6530	4.98426	5.0343
6531	4.98426	5.04727
6532	4.98426	5.00912
6533	4.98426	5.03061
6534	4.98426	5.07769
6535	4.98426	5.04687
6536	4.98426	5.00294
6537	4.98426	5.02188
6538	4.98426	5.06644
6539	4.98426	5.01025
6540	4.98426	5.10138
6541	4.98426	5.05067
6542	4.98426	5.04358
6543	4.98426	4.99683
6544	4.98426	4.98431
6545	4.98426	4.98431
6546	4.98426	4.98426
6547	4.98426	4.98426
6548	4.98426	4.98426
6549	4.98426	4.98948
6550	4.98426	5.08922
6551	4.98426	5.14196
6552	4.98426	5.08556
6553	4.98426	5.0944
6554	4.98426	4.99721
6555	4.98426	4.98661
6556	4.98426	5.05026
6557	4.98426	5.06698
6558	4.98426	5.04846
6559	4.98426	4.98996
6560	4.98426	5.01511
6561	4.98426	5.04347
6562	4.98426	5.00382
6563	4.98426	5.01396
6564	4.98426	5.05343
6565	4.98426	5.08106
6566	4.98426	4.9878
6567	4.98426	4.98996
6568	4.98426	5.04876
6569	4.98426	5.06038
6570	4.98426	4.98466
6571	4.98426	5.0013
6572	4.98426	5.03983
6573	4.98426	5.00969
6574	4.98426	4.99542
6575	4.98426	4.98426
6576	4.98426	4.98426
6577	4.98426	4.98514
6578	4.98426	5.03409
6579	4.98426	5.10279
6580	4.98426	5.10748
6581	4.98426	5.10992
6582	4.98426	5.00498
6583	4.98426	5.00763
6584	4.98426	4.98642
6585	4.98426	4.99011
6586	4.98426	4.98487
6587	4.98426	4.99888
6588	4.98426	5.02465
6589	4.98426	5.07353
6590	4.98426	5.01956
6591	4.98426	5.00306
6592	4.98426	5.08417
6593	4.98426	4.99201
6594	4.98426	4.98538
6595	4.98426	4.98426
6596	4.98426	4.98426
6597	4.98426	4.98426
6598	4.98426	4.98598
6599	4.98426	5.0743
6600	4.98426	5.04969
6601	4.98426	5.06802
6602	4.98426	5.01286
6603	4.98426	5.04321
6604	4.98426	5.06655
6605	4.98426	5.07672
6606	4.98426	5.03634
6607	4.98426	4.99595
6608	4.98426	5.13514
6609	4.98426	5.14207
6610	4.98426	5.12019
6611	4.98426	5.03194
6612	4.98426	5.05297
6613	4.98426	5.10871
6614	4.98426	5.12941
6615	4.98426	5.06029
6616	4.98426	5.08082
6617	4.98426	5.05768
6618	4.98426	5.0797
6619	4.98426	5.0486
6620	4.98426	5.02509
6621	4.98426	4.98685
6622	4.98426	4.98472
6623	4.98426	4.98426
6624	4.98426	5.02936
6625	4.98426	4.99654
6626	4.98426	4.98962
6627	4.98426	4.99704
6628	4.98426	4.99019
6629	4.98426	5.00939
6630	4.98426	4.99945
6631	4.98426	4.99872
6632	4.98426	5.05154
6633	4.98426	5.10803
6634	4.98426	4.99304
6635	4.98426	5.03276
6636	4.98426	5.02128
6637	4.98426	5.01742
6638	4.98426	4.99113
6639	4.98426	4.98426
6640	4.98426	5.01145
6641	4.98426	4.98426
6642	4.98426	4.98426
6643	4.98426	4.99831
6644	4.98426	5.00201
6645	4.98426	4.99764
6646	4.98426	4.98825
6647	4.98426	4.99587
6648	4.98426	4.98426
6649	4.98426	5.02242
6650	4.98426	4.99684
6651	4.98426	4.99441
6652	4.98426	4.99311
6653	4.98426	5.03719
6654	4.98426	5.01472
6655	4.98426	4.98642
6656	4.98426	4.98426
6657	4.98426	4.98792
6658	4.98426	4.98426
6659	4.98426	5.00622
6660	4.98426	5.07836
6661	4.98426	5.10424
6662	4.98426	5.17867
6663	4.98426	5.00177
6664	4.98426	4.99497
6665	4.98426	4.99076
6666	4.98426	4.98426
6667	4.98426	4.98426
6668	4.98426	4.98426
6669	4.98426	4.98426
6670	4.98426	5.0284
6671	4.98426	5.03117
6672	4.98426	5.03035
6673	4.98426	5.07733
6674	4.98426	5.2809
6675	4.98426	5.14689
6676	4.98426	5.1854
6677	4.98426	5.0486
6678	4.98426	5.02672
6679	4.98426	5.15589
6680	4.98426	5.05975
6681	4.98426	5.03041
6682	4.98426	4.98503
6683	4.98426	4.98667
6684	4.98426	4.98426
6685	4.98426	4.98426
6686	4.98426	4.99023
6687	4.98426	4.99598
6688	4.98426	5.01863
6689	4.98426	5.02277
6690	4.98426	5.04888
6691	4.98426	5.03874
6692	4.98426	5.03693
6693	4.98426	5.05818
6694	4.98426	5.07933
6695	4.98426	5.0322
6696	4.98426	5.02166
6697	4.98426	5.00855
6698	4.98426	5.04217
6699	4.98426	4.98426
6700	4.98426	5.00021
6701	4.98426	5.08257
6702	4.98426	5.03403
6703	4.98426	5.01288
6704	4.98426	4.98468
6705	4.98426	5.07416
6706	4.98426	5.19363
6707	4.98426	5.1706
6708	4.98426	5.02694
6709	4.98426	5.11155
6710	4.98426	5.05687
6711	4.98426	5.02853
6712	4.98426	5.00147
6713	4.98426	4.99087
6714	4.98426	4.99937
6715	4.98426	5.03067
6716	4.98426	5.06571
6717	4.98426	5.07702
6718	4.98426	5.08503
6719	4.98426	5.09235
6720	4.98426	4.99045
6721	4.98426	5.08444
6722	4.98426	4.98713
6723	4.98426	5.0324
6724	4.98426	4.98615
6725	4.98426	4.99055
6726	4.98426	4.99057
6727	4.98426	4.98616
6728	4.98426	5.01047
6729	4.98426	4.99999
6730	4.98426	4.98669
6731	4.98426	5.01192
6732	4.98426	5.01871
6733	4.98426	5.01265
6734	4.98426	5.04654
6735	4.98426	5.03043
6736	4.98426	5.10808
6737	4.98426	4.99621
6738	4.98426	5.0109
6739	4.98426	4.99628
6740	4.98426	4.99529
6741	4.98426	5.04579
6742	4.98426	5.04114
6743	4.98426	5.03834
6744	4.98426	5.0327
6745	4.98426	5.06548
6746	4.98426	5.041
6747	4.98426	5.05856
6748	4.98426	5.03711
6749	4.98426	5.03882
6750	4.98426	5.04024
6751	4.98426	5.08418
6752	4.98426	5.01617
6753	4.98426	5.0832
6754	4.98426	4.98523
6755	4.98426	5.0198
6756	4.98426	5.09231
6757	4.98426	5.25551
6758	4.98426	5.11501
6759	4.98426	5.22145
6760	4.98426	5.13637
6761	4.98426	4.99354
6762	4.98426	5.0636
6763	4.98426	5.03651
6764	4.98426	5.02058
6765	4.98426	5.05041
6766	4.98426	5.02078
6767	4.98426	5.05744
6768	4.98426	5.00102
6769	4.98426	4.98426
6770	4.98426	4.98426
6771	4.98426	4.9862
6772	4.98426	4.98823
6773	4.98426	4.99377
6774	4.98426	5.02508
6775	4.98426	5.0134
6776	4.98426	5.02804
6777	4.98426	5.05027
6778	4.98426	5.02873
6779	4.98426	4.98797
6780	4.98426	5.04036
6781	4.98426	5.01595
6782	4.98426	4.98622
6783	4.98426	5.0403
6784	4.98426	5.04121
6785	4.98426	4.99614
6786	4.98426	5.0239
6787	4.98426	5.00668
6788	4.98426	5.04384
6789	4.98426	5.01162
6790	4.98426	4.98934
6791	4.98426	5.02422
6792	4.98426	5.0618
6793	4.98426	5.04533
6794	4.98426	5.03022
6795	4.98426	5.1188
6796	4.98426	5.24501
6797	4.98426	5.2971
6798	4.98426	5.08745
6799	4.98426	5.05201
6800	4.98426	4.99129
6801	4.98426	4.98516
6802	4.98426	5.02406
6803	4.98426	5.05181
6804	4.98426	5.00581
6805	4.98426	5.06405
6806	4.98426	5.03065
6807	4.98426	5.03572
6808	4.98426	4.98652
6809	4.98426	5.0041
6810	4.98426	5.05012
6811	4.98426	4.98426
6812	4.98426	4.98426
6813	4.98426	4.99132
6814	4.98426	5.00325
6815	4.98426	5.00156
6816	4.98426	5.01774
6817	4.98426	4.98461
6818	4.98426	4.99604
6819	4.98426	5.02503
6820	4.98426	5.08153
6821	4.98426	5.1111
6822	4.98426	5.05284
6823	4.98426	4.99506
6824	4.98426	4.99197
6825	4.98426	5.02705
6826	4.98426	5.02134
6827	4.98426	5.02377
6828	4.98426	5.00765
6829	4.98426	5.02235
6830	4.98426	4.98426
6831	4.98426	5.01277
6832	4.98426	5.0116
6833	4.98426	5.00732
6834	4.98426	5.01087
6835	4.98426	5.0059
6836	4.98426	4.99255
6837	4.98426	5.01142
6838	4.98426	5.09284
6839	4.98426	5.07412
6840	4.98426	5.05717
6841	4.98426	4.99841
6842	4.98426	5.00379
6843	4.98426	4.99555
6844	4.98426	4.99498
6845	4.98426	5.03405
6846	4.98426	5.0305
6847	4.98426	5.04033
6848	4.98426	5.01064
6849	4.98426	4.99147
6850	4.98426	4.98804
6851	4.98426	5.00856
6852	4.98426	5.02393
6853	4.98426	4.98902
6854	4.98426	4.98768
6855	4.98426	4.98447
6856	4.98426	5.00121
6857	4.98426	4.99772
6858	4.98426	5.01146
6859	4.98426	4.98506
6860	4.98426	5.0581
6861	4.98426	5.03258
6862	4.98426	4.99542
6863	4.98426	4.98693
6864	4.98426	5.01153
6865	4.98426	5.03024
6866	4.98426	5.09258
6867	4.98426	5.07707
6868	4.98426	5.03998
6869	4.98426	5.04307
6870	4.98426	5.02085
6871	4.98426	5.02241
6872	4.98426	4.99669
6873	4.98426	5.00158
6874	4.98426	5.02937
6875	4.98426	5.02228
6876	4.98426	5.02291
6877	4.98426	4.99256
6878	4.98426	5.02915
6879	4.98426	5.04496
6880	4.98426	5.00692
6881	4.98426	4.99259
6882	4.98426	5.10276
6883	4.98426	5.03346
6884	4.98426	4.98466
6885	4.98426	5.00107
6886	4.98426	5.00931
6887	4.98426	5.03306
6888	4.98426	5.04265
6889	4.98426	5.09708
6890	4.98426	4.98512
6891	4.98426	4.98886
6892	4.98426	5.02471
6893	4.98426	5.00055
6894	4.98426	4.98426
6895	4.98426	4.98444
6896	4.98426	4.98426
6897	4.98426	4.98475
6898	4.98426	5.00139
6899	4.98426	4.99146
6900	4.98426	5.01875
6901	4.98426	4.9899
6902	4.98426	5.01359
6903	4.98426	4.98497
6904	4.98426	4.98426
6905	4.98426	4.99333
6906	4.98426	5.14021
6907	4.98426	5.19392
6908	4.98426	5.13643
6909	4.98426	5.0464
6910	4.98426	5.0404
6911	4.98426	5.01578
6912	4.98426	5.00698
6913	4.98426	5.05618
6914	4.98426	5.08605
6915	4.98426	5.05768
6916	4.98426	5.06281
6917	4.98426	4.98426
6918	4.98426	5.01025
6919	4.98426	4.98978
6920	4.98426	5.01671
6921	4.98426	5.10524
6922	4.98426	5.00226
6923	4.98426	4.99741
6924	4.98426	5.05396
6925	4.98426	5.09329
6926	4.98426	5.05569
6927	4.98426	5.02323
6928	4.98426	5.00107
6929	4.98426	4.99477
6930	4.98426	4.99801
6931	4.98426	4.98834
6932	4.98426	4.98426
6933	4.98426	4.98426
6934	4.98426	5.00483
6935	4.98426	5.05692
6936	4.98426	5.06545
6937	4.98426	5.04834
6938	4.98426	5.02401
6939	4.98426	5.04041
6940	4.98426	5.02727
6941	4.98426	5.0059
6942	4.98426	5.03982
6943	4.98426	5.00044
6944	4.98426	4.99711
6945	4.98426	4.98426
6946	4.98426	4.98426
6947	4.98426	5.0419
6948	4.98426	5.0956
6949	4.98426	5.0927
6950	4.98426	5.03562
6951	4.98426	5.0099
6952	4.98426	5.0494
6953	4.98426	5.00326
6954	4.98426	4.98852
6955	4.98426	5.04001
6956	4.98426	5.02592
6957	4.98426	5.03785
6958	4.98426	4.9946
6959	4.98426	4.98426
6960	4.98426	5.00385
6961	4.98426	4.99202
6962	4.98426	4.98426
6963	4.98426	5.0382
6964	4.98426	5.18765
6965	4.98426	5.0394
6966	4.98426	4.98426
6967	4.98426	5.01639
6968	4.98426	5.02706
6969	4.98426	5.00303
6970	4.98426	4.98426
6971	4.98426	4.98518
6972	4.98426	4.9919
6973	4.98426	5.00986
6974	4.98426	4.98426
6975	4.98426	4.98706
6976	4.98426	4.98481
6977	4.98426	4.98426
6978	4.98426	4.98708
6979	4.98426	4.98585
6980	4.98426	5.01032
6981	4.98426	5.003
6982	4.98426	4.99001
6983	4.98426	5.02065
6984	4.98426	4.99412
6985	4.98426	5.11859
6986	4.98426	5.08407
6987	4.98426	5.09965
6988	4.98426	5.04751
6989	4.98426	5.017
6990	4.98426	5.08624
6991	4.98426	5.02879
6992	4.98426	5.08949
6993	4.98426	5.04184
6994	4.98426	4.98851
6995	4.98426	4.98426
6996	4.98426	4.98426
6997	4.98426	4.99741
6998	4.98426	4.98426
6999	4.98426	4.98426
7000	4.98426	4.98426
7001	4.98426	5.0092
7002	4.98426	5.01211
7003	4.98426	4.98426
7004	4.98426	5.04502
7005	4.98426	5.00592
7006	4.98426	5.03253
7007	4.98426	5.0328
7008	4.98426	4.98426
7009	4.98426	4.98426
7010	4.98426	5.00745
7011	4.98426	4.98431
7012	4.98426	4.98592
7013	4.98426	5.02138
7014	4.98426	5.03249
7015	4.98426	5.04069
7016	4.98426	5.04663
7017	4.98426	5.08131
7018	4.98426	5.08006
7019	4.98426	5.03183
7020	4.98426	5.13813
7021	4.98426	5.09525
7022	4.98426	5.10808
7023	4.98426	5.03898
7024	4.98426	5.00576
7025	4.98426	5.03915
7026	4.98426	5.02012
7027	4.98426	5.02903
7028	4.98426	5.09422
7029	4.98426	5.04453
7030	4.98426	4.99
7031	4.98426	5.01753
7032	4.98426	5.03611
7033	4.98426	5.03087
7034	4.98426	4.98426
7035	4.98426	4.98426
7036	4.98426	4.98621
7037	4.98426	5.01143
7038	4.98426	5.0162
7039	4.98426	5.05107
7040	4.98426	5.03947
7041	4.98426	5.02259
7042	4.98426	4.98607
7043	4.98426	5.02465
7044	4.98426	5.02455
7045	4.98426	5.05273
7046	4.98426	4.98644
7047	4.98426	5.07881
7048	4.98426	5.07836
7049	4.98426	5.08213
7050	4.98426	5.08825
7051	4.98426	4.98829
7052	4.98426	5.15492
7053	4.98426	5.025
7054	4.98426	5.03185
7055	4.98426	5.00629
7056	4.98426	5.02029
7057	4.98426	4.98466
7058	4.98426	5.00992
7059	4.98426	5.00806
7060	4.98426	5.03806
7061	4.98426	5.06758
7062	4.98426	5.0296
7063	4.98426	4.99989
7064	4.98426	5.04448
7065	4.98426	5.04657
7066	4.98426	5.15002
7067	4.98426	5.1758
7068	4.98426	5.09742
7069	4.98426	5.1311
7070	4.98426	5.08191
7071	4.98426	5.01767
7072	4.98426	4.98573
7073	4.98426	4.98996
7074	4.98426	5.00858
7075	4.98426	4.98515
7076	4.98426	4.98426
7077	4.98426	5.03418
7078	4.98426	5.09795
7079	4.98426	5.02193
7080	4.98426	5.05805
7081	4.98426	4.98426
7082	4.98426	5.0392
7083	4.98426	5.00937
7084	4.98426	4.98426
7085	4.98426	4.98426
7086	4.98426	4.98426
7087	4.98426	5.01988
7088	4.98426	4.98426
7089	4.98426	4.99783
7090	4.98426	4.98426
7091	4.98426	4.99166
7092	4.98426	4.98458
7093	4.98426	5.11236
7094	4.98426	4.99749
7095	4.98426	4.99838
7096	4.98426	4.99333
7097	4.98426	4.9936
7098	4.98426	5.1094
7099	4.98426	5.12722
7100	4.98426	5.09173
7101	4.98426	5.01143
7102	4.98426	5.04799
7103	4.98426	5.01888
7104	4.98426	5.00049
7105	4.98426	5.06412
7106	4.98426	5.00915
7107	4.98426	4.99148
7108	4.98426	4.99689
7109	4.98426	5.0155
7110	4.98426	5.02967
7111	4.98426	5.02027
7112	4.98426	5.04278
7113	4.98426	4.99908
7114	4.98426	5.07526
7115	4.98426	5.01329
7116	4.98426	4.99269
7117	4.98426	4.99425
7118	4.98426	4.98443
7119	4.98426	4.9846
7120	4.98426	5.0034
7121	4.98426	4.98606
7122	4.98426	4.99959
7123	4.98426	4.98516
7124	4.98426	5.02372
7125	4.98426	5.02758
7126	4.98426	5.11287
7127	4.98426	5.21213
7128	4.98426	5.24425
7129	4.98426	5.06682
7130	4.98426	5.05422
7131	4.98426	5.15378
7132	4.98426	5.11983
7133	4.98426	5.1351
7134	4.98426	5.1546
7135	4.98426	5.04451
7136	4.98426	5.02298
7137	4.98426	5.04586
7138	4.98426	5.07085
7139	4.98426	5.19615
7140	4.98426	5.05615
7141	4.98426	5.06682
7142	4.98426	5.05309
7143	4.98426	5.07255
7144	4.98426	5.12178
7145	4.98426	5.05978
7146	4.98426	5.05853
7147	4.98426	5.04843
7148	4.98426	5.06804
7149	4.98426	5.12197
7150	4.98426	5.17478
7151	4.98426	5.14009
7152	4.98426	5.03352
7153	4.98426	5.05514
7154	4.98426	5.07852
7155	4.98426	4.99038
7156	4.98426	5.00251
7157	4.98426	5.11276
7158	4.98426	5.11797
7159	4.98426	5.00855
7160	4.98426	5.10269
7161	4.98426	5.11274
7162	4.98426	5.0091
7163	4.98426	5.01355
7164	4.98426	5.01454
7165	4.98426	5.01242
7166	4.98426	4.98426
7167	4.98426	4.98426
7168	4.98426	5.02385
7169	4.98426	4.98426
7170	4.98426	4.98426
7171	4.98426	4.98475
7172	4.98426	4.99501
7173	4.98426	4.98426
7174	4.98426	4.98426
7175	4.98426	4.98426
7176	4.98426	4.98426
7177	4.98426	4.98426
7178	4.98426	4.98426
7179	4.98426	4.98426
7180	4.98426	4.98642
7181	4.98426	4.99748
7182	4.98426	5.06927
7183	4.98426	5.01647
7184	4.98426	5.00785
7185	4.98426	5.02888
7186	4.98426	5.01459
7187	4.98426	4.98426
7188	4.98426	4.99304
7189	4.98426	4.98426
7190	4.98426	5.02422
7191	4.98426	5.02277
7192	4.98426	4.98426
7193	4.98426	4.98426
7194	4.98426	5.02307
7195	4.98426	5.08483
7196	4.98426	5.0657
7197	4.98426	5.0225
7198	4.98426	5.00216
7199	4.98426	5.06355
7200	4.98426	4.98722
7201	4.98426	4.98673
7202	4.98426	4.99702
7203	4.98426	4.99001
7204	4.98426	5.00716
7205	4.98426	5.02194
7206	4.98426	5.09434
7207	4.98426	4.98969
7208	4.98426	5.00059
7209	4.98426	4.98588
7210	4.98426	4.98426
7211	4.98426	4.98426
7212	4.98426	4.98426
7213	4.98426	4.98426
7214	4.98426	4.98447
7215	4.98426	5.1207
7216	4.98426	5.1542
7217	4.98426	5.31099
7218	4.98426	5.24052
7219	4.98426	5.09179
7220	4.98426	5.0037
7221	4.98426	5.06236
7222	4.98426	4.98971
7223	4.98426	5.05498
7224	4.98426	4.98442
7225	4.98426	5.00499
7226	4.98426	5.01841
7227	4.98426	4.98541
7228	4.98426	5.00295
7229	4.98426	4.98426
7230	4.98426	4.98426
7231	4.98426	4.98426
7232	4.98426	5.01042
7233	4.98426	4.99884
7234	4.98426	5.00494
7235	4.98426	5.14354
7236	4.98426	5.0303
7237	4.98426	5.07881
7238	4.98426	5.15051
7239	4.98426	5.11112
7240	4.98426	5.12272
7241	4.98426	5.10911
7242	4.98426	5.07966
7243	4.98426	5.12581
7244	4.98426	5.10075
7245	4.98426	5.10988
7246	4.98426	5.03438
7247	4.98426	5.02243
7248	4.98426	5.05601
7249	4.98426	5.03321
7250	4.98426	5.03024
7251	4.98426	5.13416
7252	4.98426	5.07175
7253	4.98426	5.14396
7254	4.98426	5.07807
7255	4.98426	5.02134
7256	4.98426	5.0465
7257	4.98426	5.0966
7258	4.98426	5.14233
7259	4.98426	5.07774
7260	4.98426	5.03799
7261	4.98426	5.06201
7262	4.98426	5.03303
7263	4.98426	5.08448
7264	4.98426	5.12624
7265	4.98426	4.98616
7266	4.98426	4.9877
7267	4.98426	4.99996
7268	4.98426	5.09157
7269	4.98426	5.06048
7270	4.98426	5.12964
7271	4.98426	5.06492
7272	4.98426	5.08294
7273	4.98426	4.98466
7274	4.98426	4.99111
7275	4.98426	4.98426
7276	4.98426	4.98426
7277	4.98426	4.98426
7278	4.98426	4.98503
7279	4.98426	4.98426
7280	4.98426	4.98426
7281	4.98426	5.02936
7282	4.98426	4.98426
7283	4.98426	4.98444
7284	4.98426	4.98426
7285	4.98426	5.07382
7286	4.98426	5.05976
7287	4.98426	5.2475
7288	4.98426	5.12524
7289	4.98426	5.02004
7290	4.98426	4.99662
7291	4.98426	5.02458
7292	4.98426	5.07216
7293	4.98426	5.12702
7294	4.98426	5.11242
7295	4.98426	5.03304
7296	4.98426	5.02559
7297	4.98426	5.01476
7298	4.98426	5.02512
7299	4.98426	4.9846
7300	4.98426	4.98551
7301	4.98426	4.98426
7302	4.98426	4.98426
7303	4.98426	4.98426
7304	4.98426	4.98426
7305	4.98426	4.98426
7306	4.98426	4.98505
7307	4.98426	5.04624
7308	4.98426	5.03835
7309	4.98426	4.98972
7310	4.98426	4.98881
7311	4.98426	5.02806
7312	4.98426	5.11893
7313	4.98426	5.12525
7314	4.98426	5.18038
7315	4.98426	5.03753
7316	4.98426	4.99943
7317	4.98426	5.01565
7318	4.98426	4.98426
7319	4.98426	4.98426
7320	4.98426	4.98434
7321	4.98426	4.98426
7322	4.98426	4.98426
7323	4.98426	4.98426
7324	4.98426	4.99749
7325	4.98426	5.1218
7326	4.98426	5.0507
7327	4.98426	5.12961
7328	4.98426	5.09459
7329	4.98426	5.00856
7330	4.98426	5.04954
7331	4.98426	5.01524
7332	4.98426	5.0273
7333	4.98426	5.03757
7334	4.98426	5.12065
7335	4.98426	5.05568
7336	4.98426	5.11986
7337	4.98426	5.06001
7338	4.98426	4.98934
7339	4.98426	4.98982
7340	4.98426	4.986
7341	4.98426	4.98474
7342	4.98426	5.04475
7343	4.98426	5.02529
7344	4.98426	5.03368
7345	4.98426	5.07126
7346	4.98426	5.03035
7347	4.98426	5.10348
7348	4.98426	5.04171
7349	4.98426	4.98463
7350	4.98426	5.01147
7351	4.98426	4.98434
7352	4.98426	5.06066
7353	4.98426	5.08552
7354	4.98426	4.99189
7355	4.98426	5.08853
7356	4.98426	5.08369
7357	4.98426	5.00104
7358	4.98426	5.03578
7359	4.98426	5.01314
7360	4.98426	5.03465
7361	4.98426	5.05882
7362	4.98426	5.20812
7363	4.98426	5.16014
7364	4.98426	5.01283
7365	4.98426	5.04957
7366	4.98426	4.98729
7367	4.98426	5.01681
7368	4.98426	4.9989
7369	4.98426	5.00491
7370	4.98426	5.00669
7371	4.98426	4.98466
7372	4.98426	4.98426
7373	4.98426	4.98426
7374	4.98426	4.9854
7375	4.98426	4.98503
7376	4.98426	4.98426
7377	4.98426	4.98571
7378	4.98426	4.99709
7379	4.98426	4.99206
7380	4.98426	4.98426
7381	4.98426	4.99301
7382	4.98426	4.98426
7383	4.98426	4.98426
7384	4.98426	4.98426
7385	4.98426	5.0077
7386	4.98426	5.00132
7387	4.98426	5.06242
7388	4.98426	5.11731
7389	4.98426	5.15924
7390	4.98426	5.03891
7391	4.98426	5.01045
7392	4.98426	4.99397
7393	4.98426	4.98837
7394	4.98426	5.00043
7395	4.98426	4.99089
7396	4.98426	4.98426
7397	4.98426	4.98426
7398	4.98426	4.98501
7399	4.98426	4.98466
7400	4.98426	4.98426
7401	4.98426	4.98426
7402	4.98426	5.0309
7403	4.98426	5.12167
7404	4.98426	5.08154
7405	4.98426	5.04811
7406	4.98426	5.00793
7407	4.98426	5.01772
7408	4.98426	4.99066
7409	4.98426	5.00754
7410	4.98426	5.07254
7411	4.98426	5.07459
7412	4.98426	4.99529
7413	4.98426	4.98628
7414	4.98426	4.98459
7415	4.98426	4.99458
7416	4.98426	4.99012
7417	4.98426	4.99496
7418	4.98426	5.00837
7419	4.98426	5.02708
7420	4.98426	5.068
7421	4.98426	5.18208
7422	4.98426	5.14573
7423	4.98426	5.02924
7424	4.98426	5.01356
7425	4.98426	5.00642
7426	4.98426	5.00164
7427	4.98426	4.99332
7428	4.98426	5.06649
7429	4.98426	5.03299
7430	4.98426	4.98747
7431	4.98426	5.10746
7432	4.98426	5.01617
7433	4.98426	4.99334
7434	4.98426	5.01408
7435	4.98426	4.98466
7436	4.98426	5.0063
7437	4.98426	5.00975
7438	4.98426	5.02939
7439	4.98426	5.04817
7440	4.98426	5.04385
7441	4.98426	5.0181
7442	4.98426	4.99453
7443	4.98426	5.00406
7444	4.98426	5.11122
7445	4.98426	5.00408
7446	4.98426	5.01513
7447	4.98426	5.06125
7448	4.98426	4.9893
7449	4.98426	4.98426
7450	4.98426	4.98592
7451	4.98426	4.98592
7452	4.98426	4.98426
7453	4.98426	4.98629
7454	4.98426	4.99032
7455	4.98426	5.04916
7456	4.98426	5.03697
7457	4.98426	4.99534
7458	4.98426	5.07194
7459	4.98426	5.04214
7460	4.98426	5.05344
7461	4.98426	5.10475
7462	4.98426	5.01195
7463	4.98426	4.99431
7464	4.98426	4.99734
7465	4.98426	4.98722
7466	4.98426	5.03039
7467	4.98426	5.00737
7468	4.98426	5.08056
7469	4.98426	5.04575
7470	4.98426	5.00306
7471	4.98426	4.99926
7472	4.98426	4.99368
7473	4.98426	5.00534
7474	4.98426	5.12
7475	4.98426	5.01649
7476	4.98426	5.00667
7477	4.98426	5.00919
7478	4.98426	5.00453
7479	4.98426	4.98426
7480	4.98426	5.05771
7481	4.98426	4.98946
7482	4.98426	4.98426
7483	4.98426	4.99099
7484	4.98426	4.99127
7485	4.98426	4.9982
7486	4.98426	4.98426
7487	4.98426	4.98444
7488	4.98426	4.98865
7489	4.98426	4.98426
7490	4.98426	4.98426
7491	4.98426	4.98426
7492	4.98426	5.0159
7493	4.98426	5.09073
7494	4.98426	5.01019
7495	4.98426	5.02499
7496	4.98426	5.00798
7497	4.98426	4.99925
7498	4.98426	4.9922
7499	4.98426	5.05468
7500	4.98426	5.03268
7501	4.98426	5.0408
7502	4.98426	4.98426
7503	4.98426	4.98426
7504	4.98426	4.98426
7505	4.98426	4.98426
7506	4.98426	4.98899
7507	4.98426	5.02986
7508	4.98426	5.01692
7509	4.98426	4.98821
7510	4.98426	5.0711
7511	4.98426	4.99167
7512	4.98426	4.98521
7513	4.98426	4.98426
7514	4.98426	4.99503
7515	4.98426	4.98426
7516	4.98426	5.06043
7517	4.98426	5.11331
7518	4.98426	5.05831
7519	4.98426	5.06451
7520	4.98426	4.98837
7521	4.98426	4.99288
7522	4.98426	4.98426
7523	4.98426	4.98818
7524	4.98426	5.00792
7525	4.98426	4.98671
7526	4.98426	5.0153
7527	4.98426	5.0062
7528	4.98426	4.98426
7529	4.98426	4.98426
7530	4.98426	5.00716
7531	4.98426	5.05867
7532	4.98426	4.98727
7533	4.98426	4.98426
7534	4.98426	4.98426
7535	4.98426	4.98426
7536	4.98426	4.99754
7537	4.98426	4.99219
7538	4.98426	5.0232
7539	4.98426	5.05307
7540	4.98426	5.01907
7541	4.98426	4.99601
7542	4.98426	5.01861
7543	4.98426	5.00532
7544	4.98426	5.02124
7545	4.98426	4.98719
7546	4.98426	5.02165
7547	4.98426	5.07774
7548	4.98426	5.00032
7549	4.98426	4.9988
7550	4.98426	5.01952
7551	4.98426	5.03124
7552	4.98426	5.03891
7553	4.98426	5.00824
7554	4.98426	5.06333
7555	4.98426	5.13084
7556	4.98426	5.02518
7557	4.98426	5.2003
7558	4.98426	5.08795
7559	4.98426	5.05001
7560	4.98426	5.13694
7561	4.98426	5.11379
7562	4.98426	5.03119
7563	4.98426	5.06956
7564	4.98426	4.98426
7565	4.98426	5.03363
7566	4.98426	5.08547
7567	4.98426	5.01733
7568	4.98426	5.01891
7569	4.98426	4.99358
7570	4.98426	5.00756
7571	4.98426	4.98426
7572	4.98426	4.99396
7573	4.98426	5.03787
7574	4.98426	5.00394
7575	4.98426	5.05244
7576	4.98426	5.06014
7577	4.98426	5.00811
7578	4.98426	5.05956
7579	4.98426	5.09537
7580	4.98426	5.02411
7581	4.98426	5.04851
7582	4.98426	5.00213
7583	4.98426	5.03529
7584	4.98426	5.005
7585	4.98426	5.10117
7586	4.98426	5.07408
7587	4.98426	5.16785
7588	4.98426	5.10637
7589	4.98426	5.01836
7590	4.98426	5.00144
7591	4.98426	4.98634
7592	4.98426	5.00227
7593	4.98426	5.03326
7594	4.98426	5.11716
7595	4.98426	5.05024
7596	4.98426	5.09955
7597	4.98426	5.21669
7598	4.98426	5.00538
7599	4.98426	4.9987
7600	4.98426	5.01205
7601	4.98426	4.98954
7602	4.98426	4.99905
7603	4.98426	4.98791
7604	4.98426	4.98915
7605	4.98426	5.03278
7606	4.98426	5.01626
7607	4.98426	5.03645
7608	4.98426	4.98444
7609	4.98426	4.98829
7610	4.98426	5.08471
7611	4.98426	5.07386
7612	4.98426	5.06013
7613	4.98426	5.12185
7614	4.98426	5.04909
7615	4.98426	5.00831
7616	4.98426	4.99384
7617	4.98426	5.00602
7618	4.98426	5.09778
7619	4.98426	5.00323
7620	4.98426	4.98431
7621	4.98426	4.98426
7622	4.98426	4.98468
7623	4.98426	4.99345
7624	4.98426	5.02453
7625	4.98426	5.14768
7626	4.98426	5.15446
7627	4.98426	5.15178
7628	4.98426	5.05487
7629	4.98426	5.02672
7630	4.98426	4.99029
7631	4.98426	4.99416
7632	4.98426	5.00502
7633	4.98426	5.04208
7634	4.98426	5.11326
7635	4.98426	5.01096
7636	4.98426	5.09652
7637	4.98426	5.01977
7638	4.98426	4.99913
7639	4.98426	5.06683
7640	4.98426	5.11503
7641	4.98426	5.15641
7642	4.98426	5.03922
7643	4.98426	5.01272
7644	4.98426	5.02136
7645	4.98426	5.00018
7646	4.98426	5.02605
7647	4.98426	5.05295
7648	4.98426	5.08327
7649	4.98426	5.03835
7650	4.98426	5.0579
7651	4.98426	5.10468
7652	4.98426	5.03274
7653	4.98426	4.98426
7654	4.98426	4.98466
7655	4.98426	4.98426
7656	4.98426	4.9866
7657	4.98426	5.02769
7658	4.98426	4.99042
7659	4.98426	5.01041
7660	4.98426	4.98784
7661	4.98426	4.99091
7662	4.98426	5.05275
7663	4.98426	5.01052
7664	4.98426	5.01848
7665	4.98426	5.00062
7666	4.98426	4.98585
7667	4.98426	5.01768
7668	4.98426	4.99934
7669	4.98426	4.98657
7670	4.98426	5.0246
7671	4.98426	5.03139
7672	4.98426	5.05623
7673	4.98426	5.05377
7674	4.98426	5.08472
7675	4.98426	5.07565
7676	4.98426	5.06308
7677	4.98426	4.99466
7678	4.98426	4.99641
7679	4.98426	5.03095
7680	4.98426	4.9901
7681	4.98426	5.08286
7682	4.98426	5.12863
7683	4.98426	5.09702
7684	4.98426	5.10791
7685	4.98426	5.03499
7686	4.98426	5.01131
7687	4.98426	5.02056
7688	4.98426	4.98976
7689	4.98426	5.05987
7690	4.98426	5.06871
7691	4.98426	5.11458
7692	4.98426	5.05756
7693	4.98426	5.16335
7694	4.98426	5.09952
7695	4.98426	5.12131
7696	4.98426	5.0288
7697	4.98426	5.03931
7698	4.98426	5.00711
7699	4.98426	4.98498
7700	4.98426	4.98463
7701	4.98426	5.00143
7702	4.98426	4.99717
7703	4.98426	5.01549
7704	4.98426	5.0812
7705	4.98426	5.14409
7706	4.98426	5.0942
7707	4.98426	5.01163
7708	4.98426	5.00298
7709	4.98426	5.04316
7710	4.98426	5.0631
7711	4.98426	5.06907
7712	4.98426	5.02628
7713	4.98426	5.04246
7714	4.98426	5.08397
7715	4.98426	5.03492
7716	4.98426	5.04873
7717	4.98426	5.00655
7718	4.98426	5.01101
7719	4.98426	4.98638
7720	4.98426	4.98733
7721	4.98426	5.03939
7722	4.98426	5.01844
7723	4.98426	4.98808
7724	4.98426	4.98467
7725	4.98426	4.98426
7726	4.98426	4.98681
7727	4.98426	4.99319
7728	4.98426	4.98524
7729	4.98426	5.12226
7730	4.98426	5.00163
7731	4.98426	4.99065
7732	4.98426	5.00884
7733	4.98426	5.05472
7734	4.98426	5.07827
7735	4.98426	5.11725
7736	4.98426	5.12602
7737	4.98426	5.01875
7738	4.98426	5.06351
7739	4.98426	4.98481
7740	4.98426	5.02182
7741	4.98426	5.02084
7742	4.98426	5.06805
7743	4.98426	5.04515
7744	4.98426	5.11874
7745	4.98426	5.09749
7746	4.98426	5.06319
7747	4.98426	5.05071
7748	4.98426	4.98863
7749	4.98426	4.98968
7750	4.98426	5.06014
7751	4.98426	4.98591
7752	4.98426	5.05344
7753	4.98426	5.09714
7754	4.98426	4.99818
7755	4.98426	4.99802
7756	4.98426	4.98521
7757	4.98426	4.9963
7758	4.98426	4.99045
7759	4.98426	5.14956
7760	4.98426	5.0638
7761	4.98426	4.98426
7762	4.98426	4.98701
7763	4.98426	5.00355
7764	4.98426	5.00479
7765	4.98426	5.08673
7766	4.98426	5.08284
7767	4.98426	5.01719
7768	4.98426	5.05444
7769	4.98426	5.01579
7770	4.98426	4.98889
7771	4.98426	5.0027
7772	4.98426	4.98426
7773	4.98426	4.98426
7774	4.98426	4.98426
7775	4.98426	4.98555
7776	4.98426	4.98879
7777	4.98426	4.98653
7778	4.98426	5.00588
7779	4.98426	5.03929
7780	4.98426	5.03919
7781	4.98426	5.00762
7782	4.98426	5.05315
7783	4.98426	5.03526
7784	4.98426	4.98581
7785	4.98426	4.99446
7786	4.98426	4.9979
7787	4.98426	5.02869
7788	4.98426	5.01599
7789	4.98426	5.10094
7790	4.98426	5.15897
7791	4.98426	5.12847
7792	4.98426	5.0665
7793	4.98426	4.98776
7794	4.98426	4.98863
7795	4.98426	5.00371
7796	4.98426	5.0049
7797	4.98426	4.99046
7798	4.98426	4.98426
7799	4.98426	5.00282
7800	4.98426	5.01487
7801	4.98426	5.0681
7802	4.98426	5.0266
7803	4.98426	4.98624
7804	4.98426	5.04078
7805	4.98426	5.07953
7806	4.98426	5.1201
7807	4.98426	5.1115
7808	4.98426	5.03251
7809	4.98426	5.06712
7810	4.98426	4.99723
7811	4.98426	4.98703
7812	4.98426	4.99079
7813	4.98426	5.02985
7814	4.98426	4.98666
7815	4.98426	4.98426
7816	4.98426	4.98611
7817	4.98426	4.99663
7818	4.98426	5.00878
7819	4.98426	5.04198
7820	4.98426	5.05611
7821	4.98426	5.0871
7822	4.98426	5.1564
7823	4.98426	5.11509
7824	4.98426	5.00296
7825	4.98426	4.98426
7826	4.98426	5.04019
7827	4.98426	5.02832
7828	4.98426	5.04968
7829	4.98426	4.98764
7830	4.98426	4.98426
7831	4.98426	4.98898
7832	4.98426	4.98431
7833	4.98426	5.04404
7834	4.98426	5.05883
7835	4.98426	5.04133
7836	4.98426	5.01564
7837	4.98426	5.08289
7838	4.98426	5.02593
7839	4.98426	4.99014
7840	4.98426	4.9918
7841	4.98426	4.98426
7842	4.98426	4.98684
7843	4.98426	4.98431
7844	4.98426	4.99381
7845	4.98426	5.01493
7846	4.98426	5.05295
7847	4.98426	4.98431
7848	4.98426	4.98426
7849	4.98426	4.98426
7850	4.98426	4.98426
7851	4.98426	4.98426
7852	4.98426	4.99056
7853	4.98426	4.98426
7854	4.98426	4.98431
7855	4.98426	4.99607
7856	4.98426	5.04656
7857	4.98426	4.98637
7858	4.98426	5.05414
7859	4.98426	5.03166
7860	4.98426	5.03411
7861	4.98426	4.99102
7862	4.98426	5.00398
7863	4.98426	4.98426
7864	4.98426	4.98426
7865	4.98426	4.98426
7866	4.98426	5.07772
7867	4.98426	5.09256
7868	4.98426	5.198
7869	4.98426	5.0317
7870	4.98426	5.10749
7871	4.98426	5.11191
7872	4.98426	5.08714
7873	4.98426	5.08387
7874	4.98426	5.04103
7875	4.98426	5.0059
7876	4.98426	5.03289
7877	4.98426	4.98426
7878	4.98426	5.02709
7879	4.98426	5.05565
7880	4.98426	5.13519
7881	4.98426	5.09326
7882	4.98426	5.05539
7883	4.98426	5.09216
7884	4.98426	5.19065
7885	4.98426	5.12245
7886	4.98426	5.09987
7887	4.98426	5.0272
7888	4.98426	5.09891
7889	4.98426	5.0433
7890	4.98426	5.03852
7891	4.98426	4.98615
7892	4.98426	5.10009
7893	4.98426	5.15239
7894	4.98426	5.17671
7895	4.98426	5.07474
7896	4.98426	5.01885
7897	4.98426	4.98426
7898	4.98426	4.99528
7899	4.98426	5.00231
7900	4.98426	5.05193
7901	4.98426	5.13147
7902	4.98426	5.03937
7903	4.98426	5.00455
7904	4.98426	5.02442
7905	4.98426	5.08199
7906	4.98426	5.00357
7907	4.98426	5.00042
7908	4.98426	4.99245
7909	4.98426	4.98426
7910	4.98426	4.98426
7911	4.98426	4.98426
7912	4.98426	4.98426
7913	4.98426	5.00157
7914	4.98426	5.02925
7915	4.98426	5.03434
7916	4.98426	5.13529
7917	4.98426	5.16809
7918	4.98426	5.06577
7919	4.98426	5.07636
7920	4.98426	5.01971
7921	4.98426	4.98426
7922	4.98426	5.01452
7923	4.98426	5.096
7924	4.98426	5.11214
7925	4.98426	5.0236
7926	4.98426	4.99546
7927	4.98426	5.04077
7928	4.98426	5.00719
7929	4.98426	4.99368
7930	4.98426	4.98426
7931	4.98426	4.98426
7932	4.98426	5.00952
7933	4.98426	5.04728
7934	4.98426	4.98426
7935	4.98426	4.98618
7936	4.98426	4.98962
7937	4.98426	5.00607
7938	4.98426	4.99424
7939	4.98426	5.00705
7940	4.98426	5.02673
7941	4.98426	5.11815
7942	4.98426	5.0531
7943	4.98426	5.01415
7944	4.98426	5.03246
7945	4.98426	5.00163
7946	4.98426	5.00364
7947	4.98426	4.98602
7948	4.98426	4.98426
7949	4.98426	4.98426
7950	4.98426	4.98426
7951	4.98426	5.02121
7952	4.98426	4.98426
7953	4.98426	4.99548
7954	4.98426	4.99082
7955	4.98426	5.03387
7956	4.98426	5.13108
7957	4.98426	5.0776
7958	4.98426	5.14919
7959	4.98426	5.19619
7960	4.98426	5.12384
7961	4.98426	5.12324
7962	4.98426	5.21429
7963	4.98426	5.3152
7964	4.98426	5.22085
7965	4.98426	5.1599
7966	4.98426	5.06442
7967	4.98426	5.15065
7968	4.98426	5.04256
7969	4.98426	5.02396
7970	4.98426	5.11013
7971	4.98426	5.06114
7972	4.98426	5.02236
7973	4.98426	5.05705
7974	4.98426	5.02998
7975	4.98426	4.9971
7976	4.98426	4.99633
7977	4.98426	5.01321
7978	4.98426	4.99306
7979	4.98426	5.00199
7980	4.98426	5.07602
7981	4.98426	5.02813
7982	4.98426	5.07524
7983	4.98426	5.09612
7984	4.98426	5.12293
7985	4.98426	5.04686
7986	4.98426	4.98798
7987	4.98426	5.04977
7988	4.98426	5.03407
7989	4.98426	4.99349
7990	4.98426	4.99827
7991	4.98426	5.0795
7992	4.98426	5.00529
7993	4.98426	5.06052
7994	4.98426	5.07213
7995	4.98426	4.9889
7996	4.98426	4.98426
7997	4.98426	4.9855
7998	4.98426	5.06301
7999	4.98426	5.03038
8000	4.98426	5.09357
8001	4.98426	5.03502
8002	4.98426	5.03329
8003	4.98426	5.01411
8004	4.98426	5.03748
8005	4.98426	5.01446
8006	4.98426	4.99315
8007	4.98426	5.01591
8008	4.98426	5.00778
8009	4.98426	4.98496
8010	4.98426	5.00469
8011	4.98426	5.03572
8012	4.98426	4.98466
8013	4.98426	5.00337
8014	4.98426	5.03035
8015	4.98426	5.0269
8016	4.98426	5.06528
8017	4.98426	5.05995
8018	4.98426	5.08137
8019	4.98426	5.04263
8020	4.98426	5.05761
8021	4.98426	4.98887
8022	4.98426	5.02147
8023	4.98426	5.06064
8024	4.98426	5.12955
8025	4.98426	5.04513
8026	4.98426	5.03064
8027	4.98426	5.03458
8028	4.98426	5.01646
8029	4.98426	5.01557
8030	4.98426	5.00909
8031	4.98426	5.0263
8032	4.98426	5.01793
8033	4.98426	5.00491
8034	4.98426	5.0023
8035	4.98426	5.00408
8036	4.98426	4.99028
8037	4.98426	4.98453
8038	4.98426	5.04299
8039	4.98426	5.06814
8040	4.98426	5.0359
8041	4.98426	5.0216
8042	4.98426	4.99496
8043	4.98426	4.98543
8044	4.98426	4.98656
8045	4.98426	5.00437
8046	4.98426	4.9857
8047	4.98426	5.00292
8048	4.98426	4.98426
8049	4.98426	4.98466
8050	4.98426	5.01903
8051	4.98426	4.98426
8052	4.98426	4.99274
8053	4.98426	5.04339
8054	4.98426	5.04617
8055	4.98426	5.05236
8056	4.98426	5.04674
8057	4.98426	4.98687
8058	4.98426	4.99797
8059	4.98426	4.98583
8060	4.98426	5.10204
8061	4.98426	5.07375
8062	4.98426	5.00793
8063	4.98426	5.0893
8064	4.98426	5.02132
8065	4.98426	5.10142
8066	4.98426	5.05706
8067	4.98426	5.03234
8068	4.98426	5.12074
8069	4.98426	5.11852
8070	4.98426	5.17032
8071	4.98426	5.21198
8072	4.98426	5.11378
8073	4.98426	5.07093
8074	4.98426	4.98925
8075	4.98426	4.98479
8076	4.98426	4.99274
8077	4.98426	4.98511
8078	4.98426	4.98426
8079	4.98426	4.98947
8080	4.98426	4.99223
8081	4.98426	5.06108
8082	4.98426	4.99417
8083	4.98426	5.00357
8084	4.98426	5.07888
8085	4.98426	5.11189
8086	4.98426	5.16328
8087	4.98426	5.14119
8088	4.98426	5.19235
8089	4.98426	5.03568
8090	4.98426	5.03346
8091	4.98426	5.12468
8092	4.98426	5.069
8093	4.98426	5.07406
8094	4.98426	4.9904
8095	4.98426	5.04007
8096	4.98426	5.08605
8097	4.98426	5.06667
8098	4.98426	4.99123
8099	4.98426	4.98431
8100	4.98426	5.01345
8101	4.98426	4.98669
8102	4.98426	4.98426
8103	4.98426	4.99594
8104	4.98426	5.04092
8105	4.98426	5.0281
8106	4.98426	5.00711
8107	4.98426	5.02317
8108	4.98426	4.9886
8109	4.98426	5.18655
8110	4.98426	5.10919
8111	4.98426	5.0992
8112	4.98426	5.10887
8113	4.98426	5.0395
8114	4.98426	5.07324
8115	4.98426	5.09517
8116	4.98426	5.06446
8117	4.98426	5.04001
8118	4.98426	5.04554
8119	4.98426	5.01172
8120	4.98426	5.03005
8121	4.98426	4.98426
8122	4.98426	4.98642
8123	4.98426	5.01348
8124	4.98426	5.02337
8125	4.98426	4.99454
8126	4.98426	4.98426
8127	4.98426	5.00977
8128	4.98426	5.03144
8129	4.98426	4.98426
8130	4.98426	5.02836
8131	4.98426	4.98864
8132	4.98426	4.98679
8133	4.98426	4.99166
8134	4.98426	4.98963
8135	4.98426	4.98444
8136	4.98426	4.99169
8137	4.98426	5.01952
8138	4.98426	4.98696
8139	4.98426	4.99208
8140	4.98426	5.01705
8141	4.98426	5.09647
8142	4.98426	5.0964
8143	4.98426	5.08977
8144	4.98426	5.01634
8145	4.98426	5.02901
8146	4.98426	4.98832
8147	4.98426	4.98817
8148	4.98426	5.00262
8149	4.98426	4.98866
8150	4.98426	4.98426
8151	4.98426	4.98426
8152	4.98426	4.98426
8153	4.98426	4.98426
8154	4.98426	4.98426
8155	4.98426	4.98426
8156	4.98426	4.99046
8157	4.98426	5.03289
8158	4.98426	5.03444
8159	4.98426	5.00507
8160	4.98426	5.00631
8161	4.98426	4.98444
8162	4.98426	5.00225
8163	4.98426	4.98426
8164	4.98426	4.98426
8165	4.98426	4.98523
8166	4.98426	4.98426
8167	4.98426	4.99033
8168	4.98426	5.02644
8169	4.98426	5.00089
8170	4.98426	5.01147
8171	4.98426	5.01017
8172	4.98426	4.99629
8173	4.98426	4.98426
8174	4.98426	4.98426
8175	4.98426	5.02393
8176	4.98426	5.00096
8177	4.98426	5.0627
8178	4.98426	5.0803
8179	4.98426	5.00913
8180	4.98426	5.01977
8181	4.98426	4.99368
8182	4.98426	4.98564
8183	4.98426	4.98604
8184	4.98426	4.99877
8185	4.98426	4.99361
8186	4.98426	5.08819
8187	4.98426	5.05115
8188	4.98426	5.01175
8189	4.98426	5.07336
8190	4.98426	5.06391
8191	4.98426	4.98426
8192	4.98426	4.98426
8193	4.98426	4.98592
8194	4.98426	4.98426
8195	4.98426	4.98538
8196	4.98426	5.0029
8197	4.98426	4.99095
8198	4.98426	4.98426
8199	4.98426	4.98426
8200	4.98426	4.98426
8201	4.98426	4.99989
8202	4.98426	5.02342
8203	4.98426	5.07091
8204	4.98426	4.99316
8205	4.98426	4.99788
8206	4.98426	5.00132
8207	4.98426	5.10834
8208	4.98426	5.0512
8209	4.98426	5.04011
8210	4.98426	5.02984
8211	4.98426	4.98431
8212	4.98426	4.99891
8213	4.98426	5.02852
8214	4.98426	5.00766
8215	4.98426	5.0379
8216	4.98426	4.99487
8217	4.98426	5.07822
8218	4.98426	5.01648
8219	4.98426	5.06013
8220	4.98426	5.18528
8221	4.98426	5.04417
8222	4.98426	5.10448
8223	4.98426	5.10947
8224	4.98426	5.03534
8225	4.98426	5.08204
8226	4.98426	5.01279
8227	4.98426	5.0566
8228	4.98426	5.10176
8229	4.98426	5.1127
8230	4.98426	5.07032
8231	4.98426	4.98426
8232	4.98426	4.98691
8233	4.98426	4.98776
8234	4.98426	4.99155
8235	4.98426	5.05691
8236	4.98426	5.05293
8237	4.98426	5.12488
8238	4.98426	5.17489
8239	4.98426	5.11892
8240	4.98426	5.12604
8241	4.98426	5.02068
8242	4.98426	4.98623
8243	4.98426	4.98426
8244	4.98426	4.98448
8245	4.98426	4.98426
8246	4.98426	5.00816
8247	4.98426	4.99795
8248	4.98426	5.02093
8249	4.98426	5.03954
8250	4.98426	4.9929
8251	4.98426	4.99519
8252	4.98426	4.98426
8253	4.98426	4.99641
8254	4.98426	5.00909
8255	4.98426	5.07965
8256	4.98426	5.0534
8257	4.98426	5.04573
8258	4.98426	5.08943
8259	4.98426	5.04787
8260	4.98426	5.01954
8261	4.98426	5.01425
8262	4.98426	5.01691
8263	4.98426	5.12127
8264	4.98426	5.09453
8265	4.98426	5.09824
8266	4.98426	5.0283
8267	4.98426	4.98426
8268	4.98426	5.05077
8269	4.98426	5.01198
8270	4.98426	5.06285
8271	4.98426	5.12853
8272	4.98426	5.15231
8273	4.98426	5.08553
8274	4.98426	5.07242
8275	4.98426	4.99621
8276	4.98426	4.98967
8277	4.98426	4.99139
8278	4.98426	4.985
8279	4.98426	4.9862
8280	4.98426	5.01959
8281	4.98426	4.98426
8282	4.98426	4.98519
8283	4.98426	4.98426
8284	4.98426	4.98426
8285	4.98426	5.00008
8286	4.98426	4.99004
8287	4.98426	4.98538
8288	4.98426	5.01585
8289	4.98426	5.01258
8290	4.98426	5.00777
8291	4.98426	5.00707
8292	4.98426	5.11876
8293	4.98426	5.21183
8294	4.98426	5.11612
8295	4.98426	5.04172
8296	4.98426	5.0389
8297	4.98426	5.03911
8298	4.98426	5.14669
8299	4.98426	5.16957
8300	4.98426	5.02559
8301	4.98426	5.00483
8302	4.98426	5.01925
8303	4.98426	5.0194
8304	4.98426	5.01261
8305	4.98426	5.11558
8306	4.98426	5.01865
8307	4.98426	5.05899
8308	4.98426	4.99537
8309	4.98426	4.98426
8310	4.98426	5.01366
8311	4.98426	5.02491
8312	4.98426	4.99223
8313	4.98426	4.99176
8314	4.98426	4.99926
8315	4.98426	5.08609
8316	4.98426	5.12371
8317	4.98426	5.08368
8318	4.98426	5.00419
8319	4.98426	5.02245
8320	4.98426	5.00841
8321	4.98426	5.01661
8322	4.98426	5.01863
8323	4.98426	5.01503
8324	4.98426	5.01113
8325	4.98426	5.03108
8326	4.98426	5.0155
8327	4.98426	4.98711
8328	4.98426	4.98444
8329	4.98426	5.00979
8330	4.98426	4.98426
8331	4.98426	4.98426
8332	4.98426	4.98426
8333	4.98426	4.98444
8334	4.98426	5.02267
8335	4.98426	5.00229
8336	4.98426	5.05849
8337	4.98426	5.07331
8338	4.98426	5.04909
8339	4.98426	5.05878
8340	4.98426	5.00844
8341	4.98426	4.98426
8342	4.98426	4.98727
8343	4.98426	5.06104
8344	4.98426	5.04429
8345	4.98426	5.04659
8346	4.98426	4.99396
8347	4.98426	5.03727
8348	4.98426	5.12845
8349	4.98426	4.99196
8350	4.98426	4.98765
8351	4.98426	4.98426
8352	4.98426	4.98426
8353	4.98426	5.01577
8354	4.98426	5.01204
8355	4.98426	4.99263
8356	4.98426	5.0658
8357	4.98426	4.99719
8358	4.98426	5.01612
8359	4.98426	5.07152
8360	4.98426	5.22984
8361	4.98426	5.28595
8362	4.98426	5.19586
8363	4.98426	5.14094
8364	4.98426	5.12265
8365	4.98426	5.00978
8366	4.98426	5.02036
8367	4.98426	5.0224
8368	4.98426	4.98899
8369	4.98426	5.01794
8370	4.98426	4.98917
8371	4.98426	5.15505
8372	4.98426	5.11766
8373	4.98426	5.04054
8374	4.98426	5.00388
8375	4.98426	4.98434
8376	4.98426	4.98426
8377	4.98426	5.07671
8378	4.98426	5.0598
8379	4.98426	5.06513
8380	4.98426	5.07356
8381	4.98426	5.01809
8382	4.98426	5.02116
8383	4.98426	5.15777
8384	4.98426	5.14948
8385	4.98426	5.11374
8386	4.98426	5.13882
8387	4.98426	5.16333
8388	4.98426	5.04541
8389	4.98426	5.02009
8390	4.98426	5.00846
8391	4.98426	4.98426
8392	4.98426	4.99471
8393	4.98426	4.98892
8394	4.98426	4.99798
8395	4.98426	4.9932
8396	4.98426	4.99116
8397	4.98426	4.98774
8398	4.98426	4.98426
8399	4.98426	5.01185
8400	4.98426	5.08605
8401	4.98426	5.13804
8402	4.98426	5.13012
8403	4.98426	5.04515
8404	4.98426	5.12565
8405	4.98426	5.12705
8406	4.98426	4.99348
8407	4.98426	5.0913
8408	4.98426	5.17411
8409	4.98426	5.03051
8410	4.98426	5.0013
8411	4.98426	5.0141
8412	4.98426	5.01291
8413	4.98426	5.05435
8414	4.98426	5.02453
8415	4.98426	5.03622
8416	4.98426	5.07803
8417	4.98426	5.0274
8418	4.98426	5.08229
8419	4.98426	4.99729
8420	4.98426	5.02634
8421	4.98426	5.18374
8422	4.98426	5.08121
8423	4.98426	5.0513
8424	4.98426	5.14843
8425	4.98426	5.12779
8426	4.98426	5.10317
8427	4.98426	5.08256
8428	4.98426	5.04277
8429	4.98426	5.01161
8430	4.98426	5.03887
8431	4.98426	5.07265
8432	4.98426	5.04401
8433	4.98426	5.01738
8434	4.98426	4.98426
8435	4.98426	5.02668
8436	4.98426	5.04948
8437	4.98426	5.01788
8438	4.98426	5.07722
8439	4.98426	4.98759
8440	4.98426	4.98426
8441	4.98426	4.98426
8442	4.98426	4.99208
8443	4.98426	4.99723
8444	4.98426	5.03429
8445	4.98426	4.99709
8446	4.98426	4.99786
8447	4.98426	4.98638
8448	4.98426	4.99376
8449	4.98426	5.02199
8450	4.98426	5.03325
8451	4.98426	4.98489
8452	4.98426	5.00168
8453	4.98426	4.98426
8454	4.98426	4.98426
8455	4.98426	5.05494
8456	4.98426	5.04973
8457	4.98426	5.03294
8458	4.98426	5.00191
8459	4.98426	4.99564
8460	4.98426	4.99056
8461	4.98426	4.98699
8462	4.98426	5.002
8463	4.98426	4.99214
8464	4.98426	5.00379
8465	4.98426	4.99916
8466	4.98426	4.9891
8467	4.98426	4.9893
8468	4.98426	5.00523
8469	4.98426	4.99381
8470	4.98426	4.98889
8471	4.98426	5.07199
8472	4.98426	5.01071
8473	4.98426	5.03013
8474	4.98426	5.06214
8475	4.98426	5.05962
8476	4.98426	5.03043
8477	4.98426	4.99325
8478	4.98426	5.00693
8479	4.98426	5.09535
8480	4.98426	4.99857
8481	4.98426	5.16355
8482	4.98426	5.11602
8483	4.98426	5.14627
8484	4.98426	5.04707
8485	4.98426	5.01637
8486	4.98426	4.98426
8487	4.98426	4.992
8488	4.98426	5.0015
8489	4.98426	5.0321
8490	4.98426	5.0411
8491	4.98426	4.99677
8492	4.98426	4.98439
8493	4.98426	4.98545
8494	4.98426	4.98547
8495	4.98426	4.98448
8496	4.98426	4.98639
8497	4.98426	4.98546
8498	4.98426	4.99058
8499	4.98426	4.99629
8500	4.98426	5.075
8501	4.98426	5.01036
8502	4.98426	5.10201
8503	4.98426	5.04149
8504	4.98426	4.99694
8505	4.98426	5.05566
8506	4.98426	5.08506
8507	4.98426	4.99904
8508	4.98426	5.01443
8509	4.98426	5.05178
8510	4.98426	5.01466
8511	4.98426	5.0073
8512	4.98426	5.09035
8513	4.98426	5.08147
8514	4.98426	5.0311
8515	4.98426	5.07967
8516	4.98426	5.09354
8517	4.98426	5.0645
8518	4.98426	5.07909
8519	4.98426	5.00924
8520	4.98426	5.00355
8521	4.98426	4.99503
8522	4.98426	5.0434
8523	4.98426	4.98426
8524	4.98426	4.99733
8525	4.98426	5.05449
8526	4.98426	5.05043
8527	4.98426	5.05762
8528	4.98426	5.03845
8529	4.98426	5.00291
8530	4.98426	5.00056
8531	4.98426	4.99172
8532	4.98426	5.03191
8533	4.98426	5.00138
8534	4.98426	4.99956
8535	4.98426	4.99496
8536	4.98426	4.98876
8537	4.98426	5.02485
8538	4.98426	5.00986
8539	4.98426	4.9954
8540	4.98426	5.05548
8541	4.98426	5.11916
8542	4.98426	5.12741
8543	4.98426	5.08709
8544	4.98426	5.05294
8545	4.98426	5.0492
8546	4.98426	4.99805
8547	4.98426	4.98776
8548	4.98426	4.98829
8549	4.98426	5.00657
8550	4.98426	5.01716
8551	4.98426	4.99733
8552	4.98426	4.99484
8553	4.98426	5.01885
8554	4.98426	5.01316
8555	4.98426	5.04172
8556	4.98426	5.01321
8557	4.98426	5.052
8558	4.98426	5.05164
8559	4.98426	5.08898
8560	4.98426	5.12207
8561	4.98426	5.15885
8562	4.98426	5.27366
8563	4.98426	5.29432
8564	4.98426	5.09706
8565	4.98426	4.9849
8566	4.98426	5.03077
8567	4.98426	5.06766
8568	4.98426	5.04286
8569	4.98426	5.00669
8570	4.98426	5.00525
8571	4.98426	5.00292
8572	4.98426	4.9867
8573	4.98426	4.98665
8574	4.98426	5.0254
8575	4.98426	5.03052
8576	4.98426	5.0728
8577	4.98426	5.07619
8578	4.98426	5.19285
8579	4.98426	5.09816
8580	4.98426	5.03332
8581	4.98426	4.98426
8582	4.98426	5.01043
8583	4.98426	5.06359
8584	4.98426	5.04815
8585	4.98426	5.18652
8586	4.98426	5.02941
8587	4.98426	5.10749
8588	4.98426	5.0339
8589	4.98426	5.12533
8590	4.98426	5.03
8591	4.98426	5.04839
8592	4.98426	4.99632
8593	4.98426	5.04185
8594	4.98426	5.01803
8595	4.98426	5.03327
8596	4.98426	5.00741
8597	4.98426	5.04928
8598	4.98426	5.03692
8599	4.98426	4.98513
8600	4.98426	4.98426
8601	4.98426	5.01875
8602	4.98426	4.98426
8603	4.98426	5.00551
8604	4.98426	4.98426
8605	4.98426	4.98426
8606	4.98426	4.98426
8607	4.98426	4.98426
8608	4.98426	4.98426
8609	4.98426	4.98426
8610	4.98426	4.98586
8611	4.98426	4.98426
8612	4.98426	4.98426
8613	4.98426	4.98889
8614	4.98426	4.99564
8615	4.98426	5.00728
8616	4.98426	5.07999
8617	4.98426	5.03089
8618	4.98426	5.10357
8619	4.98426	5.06121
8620	4.98426	4.98426
8621	4.98426	4.98426
8622	4.98426	5.02483
8623	4.98426	4.98934
8624	4.98426	4.99342
8625	4.98426	5.00452
8626	4.98426	5.01044
8627	4.98426	4.98426
8628	4.98426	5.00007
8629	4.98426	4.99366
8630	4.98426	5.00108
8631	4.98426	5.0501
8632	4.98426	5.06306
8633	4.98426	5.0067
8634	4.98426	5.06105
8635	4.98426	5.09444
8636	4.98426	5.06696
8637	4.98426	5.16192
8638	4.98426	5.0991
8639	4.98426	5.11934
8640	4.98426	5.04868
8641	4.98426	5.05992
8642	4.98426	5.03702
8643	4.98426	5.11996
8644	4.98426	5.09561
8645	4.98426	5.10816
8646	4.98426	5.05546
8647	4.98426	5.11445
8648	4.98426	5.03323
8649	4.98426	5.04269
8650	4.98426	4.98426
8651	4.98426	4.98426
8652	4.98426	5.02491
8653	4.98426	5.02503
8654	4.98426	4.98706
8655	4.98426	4.98426
8656	4.98426	5.01911
8657	4.98426	5.02582
8658	4.98426	5.0592
8659	4.98426	4.98426
8660	4.98426	5.00904
8661	4.98426	5.00655
8662	4.98426	5.1433
8663	4.98426	5.08902
8664	4.98426	5.03771
8665	4.98426	5.05656
8666	4.98426	5.02606
8667	4.98426	5.06204
8668	4.98426	4.98637
8669	4.98426	5.0334
8670	4.98426	4.98426
8671	4.98426	4.98835
8672	4.98426	4.98481
8673	4.98426	4.98426
8674	4.98426	4.98426
8675	4.98426	5.02384
8676	4.98426	5.00295
8677	4.98426	5.05316
8678	4.98426	5.02369
8679	4.98426	5.04212
8680	4.98426	5.01332
8681	4.98426	4.98426
8682	4.98426	4.98966
8683	4.98426	5.02385
8684	4.98426	5.00616
8685	4.98426	5.06005
8686	4.98426	5.10461
8687	4.98426	5.00092
8688	4.98426	5.04079
8689	4.98426	5.06357
8690	4.98426	5.09451
8691	4.98426	5.14709
8692	4.98426	5.04925
8693	4.98426	5.0395
8694	4.98426	5.03931
8695	4.98426	4.99818
8696	4.98426	5.0011
8697	4.98426	5.01362
8698	4.98426	4.98434
8699	4.98426	4.98568
8700	4.98426	5.00189
8701	4.98426	5.03225
8702	4.98426	5.02613
8703	4.98426	4.98426
8704	4.98426	4.997
8705	4.98426	5.02203
8706	4.98426	5.03196
8707	4.98426	4.98426
8708	4.98426	4.98426
8709	4.98426	4.9874
8710	4.98426	4.98426
8711	4.98426	5.00651
8712	4.98426	5.06264
8713	4.98426	5.10798
8714	4.98426	5.1855
8715	4.98426	5.10682
8716	4.98426	5.03048
8717	4.98426	4.98436
8718	4.98426	4.98764
8719	4.98426	4.98426
8720	4.98426	4.98426
8721	4.98426	4.98426
8722	4.98426	4.98426
8723	4.98426	4.98426
8724	4.98426	4.98426
8725	4.98426	4.98426
8726	4.98426	4.98426
8727	4.98426	4.98506
8728	4.98426	4.98784
8729	4.98426	5.08293
8730	4.98426	4.9858
8731	4.98426	5.0605
8732	4.98426	5.12765
8733	4.98426	5.20472
8734	4.98426	5.08598
8735	4.98426	5.0163
8736	4.98426	4.99865
8737	4.98426	4.99358
8738	4.98426	4.997
8739	4.98426	4.98426
8740	4.98426	4.99339
8741	4.98426	5.03489
8742	4.98426	5.02346
8743	4.98426	5.05122
8744	4.98426	5.00146
8745	4.98426	4.98426
8746	4.98426	4.9901
8747	4.98426	5.01102
8748	4.98426	4.99799
8749	4.98426	4.98775
8750	4.98426	5.00991
8751	4.98426	5.02939
8752	4.98426	5.10161
8753	4.98426	5.00098
8754	4.98426	4.99769
8755	4.98426	5.04963
8756	4.98426	5.01821
8757	4.98426	5.00334
8758	4.98426	5.01011
8759	4.98426	4.98426
8760	4.98426	4.98426
8761	4.98426	5.01844
8762	4.98426	5.0082
8763	4.98426	4.9858
8764	4.98426	5.01525
8765	4.98426	5.03274
8766	4.98426	5.05022
8767	4.98426	5.03201
8768	4.98426	5.03468
8769	4.98426	4.9993
8770	4.98426	4.99668
8771	4.98426	4.98507
8772	4.98426	4.99411
8773	4.98426	5.09923
8774	4.98426	4.99693
8775	4.98426	5.0006
8776	4.98426	4.98996
8777	4.98426	4.99496
8778	4.98426	4.98426
8779	4.98426	4.99195
8780	4.98426	4.99785
8781	4.98426	5.00509
8782	4.98426	5.00824
8783	4.98426	5.00513
8784	4.98426	5.055
8785	4.98426	5.00495
8786	4.98426	5.06466
8787	4.98426	5.10801
8788	4.98426	5.07583
8789	4.98426	5.10567
8790	4.98426	5.02722
8791	4.98426	5.06008
8792	4.98426	4.98527
8793	4.98426	5.00792
8794	4.98426	4.99449
8795	4.98426	4.98942
8796	4.98426	5.02416
8797	4.98426	4.99956
8798	4.98426	5.00835
8799	4.98426	4.99423
8800	4.98426	5.03065
8801	4.98426	4.99102
8802	4.98426	5.00952
8803	4.98426	5.02429
8804	4.98426	4.98769
8805	4.98426	5.02321
8806	4.98426	5.02625
8807	4.98426	5.08979
8808	4.98426	5.02794
8809	4.98426	5.07495
8810	4.98426	5.09011
8811	4.98426	5.08984
8812	4.98426	5.00444
8813	4.98426	5.00718
8814	4.98426	5.01746
8815	4.98426	4.98426
8816	4.98426	4.98426
8817	4.98426	4.98426
8818	4.98426	4.98426
8819	4.98426	4.98426
8820	4.98426	5.06255
8821	4.98426	4.99931
8822	4.98426	5.03143
8823	4.98426	4.99581
8824	4.98426	5.01113
8825	4.98426	5.07856
8826	4.98426	5.11936
8827	4.98426	5.18099
8828	4.98426	5.09218
8829	4.98426	5.09691
8830	4.98426	5.07634
8831	4.98426	5.02658
8832	4.98426	5.04921
8833	4.98426	5.01412
8834	4.98426	5.04658
8835	4.98426	5.08963
8836	4.98426	5.09159
8837	4.98426	5.08004
8838	4.98426	5.06422
8839	4.98426	5.04567
8840	4.98426	5.05368
8841	4.98426	5.00784
8842	4.98426	5.00216
8843	4.98426	4.98942
8844	4.98426	4.98431
8845	4.98426	5.01143
8846	4.98426	4.99648
8847	4.98426	4.98515
8848	4.98426	5.00283
8849	4.98426	4.98426
8850	4.98426	4.98759
8851	4.98426	5.02758
8852	4.98426	5.01801
8853	4.98426	5.04109
8854	4.98426	4.99312
8855	4.98426	5.00081
8856	4.98426	4.98582
8857	4.98426	4.99495
8858	4.98426	5.01687
8859	4.98426	5.00049
8860	4.98426	5.00801
8861	4.98426	4.98431
8862	4.98426	4.99802
8863	4.98426	5.00455
8864	4.98426	5.07674
8865	4.98426	5.01964
8866	4.98426	4.98466
8867	4.98426	5.01684
8868	4.98426	5.07524
8869	4.98426	5.10656
8870	4.98426	5.12207
8871	4.98426	5.18387
8872	4.98426	5.04267
8873	4.98426	5.07084
8874	4.98426	4.99455
8875	4.98426	5.00515
8876	4.98426	5.19793
8877	4.98426	5.1011
8878	4.98426	5.11245
8879	4.98426	5.08242
8880	4.98426	5.03787
8881	4.98426	4.98426
8882	4.98426	4.98426
8883	4.98426	4.99315
8884	4.98426	5.00223
8885	4.98426	4.98426
8886	4.98426	5.01394
8887	4.98426	5.01071
8888	4.98426	5.03823
8889	4.98426	5.07256
8890	4.98426	5.13247
8891	4.98426	5.1003
8892	4.98426	5.0181
8893	4.98426	5.06953
8894	4.98426	5.21802
8895	4.98426	5.22838
8896	4.98426	5.10576
8897	4.98426	5.03594
8898	4.98426	5.06021
8899	4.98426	5.07793
8900	4.98426	4.99555
8901	4.98426	4.98651
8902	4.98426	4.98843
8903	4.98426	5.00465
8904	4.98426	5.08146
8905	4.98426	5.02524
8906	4.98426	4.99666
8907	4.98426	5.07171
8908	4.98426	5.05756
8909	4.98426	5.24716
8910	4.98426	5.06092
8911	4.98426	5.06322
8912	4.98426	5.11684
8913	4.98426	5.0508
8914	4.98426	5.07689
8915	4.98426	5.04897
8916	4.98426	5.01238
8917	4.98426	5.03166
8918	4.98426	4.9867
8919	4.98426	4.99341
8920	4.98426	4.98484
8921	4.98426	5.00422
8922	4.98426	4.99141
8923	4.98426	5.1254
8924	4.98426	5.10536
8925	4.98426	5.0052
8926	4.98426	5.04623
8927	4.98426	5.1467
8928	4.98426	5.11521
8929	4.98426	5.00975
8930	4.98426	5.00335
8931	4.98426	4.98744
8932	4.98426	5.00021
8933	4.98426	5.03642
8934	4.98426	4.98504
8935	4.98426	4.99795
8936	4.98426	5.06805
8937	4.98426	5.06279
8938	4.98426	5.06629
8939	4.98426	5.1447
8940	4.98426	5.22645
8941	4.98426	5.12547
8942	4.98426	4.99185
8943	4.98426	5.05006
8944	4.98426	5.06459
8945	4.98426	5.23063
8946	4.98426	5.08449
8947	4.98426	5.15418
8948	4.98426	5.16644
8949	4.98426	5.09976
8950	4.98426	4.98557
8951	4.98426	5.00733
8952	4.98426	5.05689
8953	4.98426	5.00164
8954	4.98426	4.98747
8955	4.98426	4.99023
8956	4.98426	4.98551
8957	4.98426	4.99147
8958	4.98426	4.99272
8959	4.98426	5.00494
8960	4.98426	5.01569
8961	4.98426	5.00386
8962	4.98426	4.99812
8963	4.98426	4.99167
8964	4.98426	4.98962
8965	4.98426	5.01123
8966	4.98426	4.98475
8967	4.98426	5.07284
8968	4.98426	5.04517
8969	4.98426	5.01438
8970	4.98426	5.00017
8971	4.98426	5.01237
8972	4.98426	5.02497
8973	4.98426	4.98967
8974	4.98426	4.98451
8975	4.98426	4.98426
8976	4.98426	4.98823
8977	4.98426	4.99053
8978	4.98426	5.05138
8979	4.98426	5.09331
8980	4.98426	5.08278
8981	4.98426	5.03765
8982	4.98426	4.98569
8983	4.98426	4.98867
8984	4.98426	4.98479
8985	4.98426	4.98426
8986	4.98426	4.98426
8987	4.98426	4.98426
8988	4.98426	5.012
8989	4.98426	5.0317
8990	4.98426	5.04853
8991	4.98426	5.0859
8992	4.98426	5.04829
8993	4.98426	5.1098
8994	4.98426	5.05843
8995	4.98426	5.06077
8996	4.98426	5.14778
8997	4.98426	5.2269
8998	4.98426	5.09477
8999	4.98426	5.12479
9000	4.98426	5.10286
9001	4.98426	5.08441
9002	4.98426	5.03468
9003	4.98426	4.99223
9004	4.98426	5.00254
9005	4.98426	4.98938
9006	4.98426	5.10256
9007	4.98426	5.04844
9008	4.98426	4.99359
9009	4.98426	4.98426
9010	4.98426	4.98463
9011	4.98426	5.06261
9012	4.98426	5.02624
9013	4.98426	5.07658
9014	4.98426	5.13358
9015	4.98426	5.04524
9016	4.98426	4.98643
9017	4.98426	5.01089
9018	4.98426	5.04365
9019	4.98426	5.04534
9020	4.98426	5.1424
9021	4.98426	5.15058
9022	4.98426	5.06155
9023	4.98426	5.04824
9024	4.98426	5.04472
9025	4.98426	5.01008
9026	4.98426	5.01267
9027	4.98426	5.0393
9028	4.98426	5.09506
9029	4.98426	5.06384
9030	4.98426	5.02774
9031	4.98426	5.02931
9032	4.98426	5.00693
9033	4.98426	5.01739
9034	4.98426	5.18536
9035	4.98426	5.10019
9036	4.98426	5.05041
9037	4.98426	5.06788
9038	4.98426	5.05466
9039	4.98426	5.10894
9040	4.98426	5.0115
9041	4.98426	5.04386
9042	4.98426	5.0691
9043	4.98426	5.01045
9044	4.98426	5.04844
9045	4.98426	5.11846
9046	4.98426	5.07289
9047	4.98426	5.05029
9048	4.98426	5.00211
9049	4.98426	4.99707
9050	4.98426	5.03107
9051	4.98426	5.01236
9052	4.98426	5.01379
9053	4.98426	5.00995
9054	4.98426	5.06083
9055	4.98426	5.08359
9056	4.98426	5.02478
9057	4.98426	4.99813
9058	4.98426	4.99524
9059	4.98426	4.98426
9060	4.98426	4.98426
9061	4.98426	4.99747
9062	4.98426	5.06065
9063	4.98426	5.15106
9064	4.98426	5.22627
9065	4.98426	5.16808
9066	4.98426	5.08195
9067	4.98426	5.02071
9068	4.98426	4.98466
9069	4.98426	4.9869
9070	4.98426	4.98426
9071	4.98426	4.98426
9072	4.98426	4.98426
9073	4.98426	4.99081
9074	4.98426	5.0398
9075	4.98426	5.03873
9076	4.98426	5.08973
9077	4.98426	5.05477
9078	4.98426	5.03833
9079	4.98426	5.05786
9080	4.98426	5.00736
9081	4.98426	4.98466
9082	4.98426	5.02776
9083	4.98426	5.04868
9084	4.98426	5.08813
9085	4.98426	5.04366
9086	4.98426	5.00852
9087	4.98426	4.99227
9088	4.98426	5.06875
9089	4.98426	5.08864
9090	4.98426	5.11986
9091	4.98426	5.1067
9092	4.98426	5.01005
9093	4.98426	5.03132
9094	4.98426	5.08167
9095	4.98426	4.99652
9096	4.98426	5.04935
9097	4.98426	4.98431
9098	4.98426	4.99056
9099	4.98426	5.0398
9100	4.98426	5.00328
9101	4.98426	5.01755
9102	4.98426	5.05392
9103	4.98426	5.0126
9104	4.98426	5.07295
9105	4.98426	5.16626
9106	4.98426	5.10006
9107	4.98426	5.20317
9108	4.98426	5.03001
9109	4.98426	5.04565
9110	4.98426	5.08366
9111	4.98426	5.10256
9112	4.98426	5.00871
9113	4.98426	5.06968
9114	4.98426	5.16717
9115	4.98426	5.23076
9116	4.98426	5.16181
9117	4.98426	5.11285
9118	4.98426	5.02328
9119	4.98426	5.02878
9120	4.98426	4.98444
9121	4.98426	5.05165
9122	4.98426	5.04435
9123	4.98426	5.01881
9124	4.98426	4.9861
9125	4.98426	4.98426
9126	4.98426	5.00386
9127	4.98426	5.11785
9128	4.98426	5.03398
9129	4.98426	5.0264
9130	4.98426	5.09297
9131	4.98426	5.10256
9132	4.98426	5.08772
9133	4.98426	5.01665
9134	4.98426	4.98426
9135	4.98426	5.0623
9136	4.98426	5.09983
9137	4.98426	5.08849
9138	4.98426	5.06844
9139	4.98426	5.03039
9140	4.98426	5.08546
9141	4.98426	5.0784
9142	4.98426	4.99707
9143	4.98426	5.01201
9144	4.98426	5.03287
9145	4.98426	5.08535
9146	4.98426	5.03421
9147	4.98426	5.0424
9148	4.98426	4.98878
9149	4.98426	5.00011
9150	4.98426	4.9908
9151	4.98426	4.98643
9152	4.98426	4.98426
9153	4.98426	4.98444
9154	4.98426	5.00556
9155	4.98426	5.04779
9156	4.98426	4.98459
9157	4.98426	4.98811
9158	4.98426	4.98426
9159	4.98426	4.98426
9160	4.98426	4.98561
9161	4.98426	4.98522
9162	4.98426	5.02992
9163	4.98426	4.99544
9164	4.98426	5.04312
9165	4.98426	4.99307
9166	4.98426	5.04089
9167	4.98426	5.0085
9168	4.98426	5.0534
9169	4.98426	4.98979
9170	4.98426	5.00569
9171	4.98426	4.98608
9172	4.98426	4.98426
9173	4.98426	5.06628
9174	4.98426	5.13089
9175	4.98426	4.99265
9176	4.98426	4.98426
9177	4.98426	4.99644
9178	4.98426	4.98426
9179	4.98426	4.99607
9180	4.98426	4.98795
9181	4.98426	4.98426
9182	4.98426	4.98903
9183	4.98426	5.02858
9184	4.98426	5.07169
9185	4.98426	5.14024
9186	4.98426	5.0396
9187	4.98426	4.99078
9188	4.98426	4.98477
9189	4.98426	4.98619
9190	4.98426	4.98716
9191	4.98426	4.98426
9192	4.98426	4.98426
9193	4.98426	4.99017
9194	4.98426	4.98426
9195	4.98426	5.00533
9196	4.98426	4.98426
9197	4.98426	4.98426
9198	4.98426	4.98466
9199	4.98426	4.98426
9200	4.98426	5.00386
9201	4.98426	5.06019
9202	4.98426	5.03524
9203	4.98426	4.99626
9204	4.98426	4.98426
9205	4.98426	5.15576
9206	4.98426	4.99502
9207	4.98426	5.03273
9208	4.98426	5.01504
9209	4.98426	5.01769
9210	4.98426	4.99584
9211	4.98426	5.02892
9212	4.98426	5.05059
9213	4.98426	5.04337
9214	4.98426	5.11048
9215	4.98426	5.06038
9216	4.98426	5.08623
9217	4.98426	5.17718
9218	4.98426	5.08665
9219	4.98426	5.10046
9220	4.98426	5.02877
9221	4.98426	5.07411
9222	4.98426	5.08854
9223	4.98426	5.09619
9224	4.98426	5.15153
9225	4.98426	5.1101
9226	4.98426	5.05007
9227	4.98426	5.18237
9228	4.98426	5.13683
9229	4.98426	5.11644
9230	4.98426	5.08412
9231	4.98426	5.10502
9232	4.98426	5.13199
9233	4.98426	5.0947
9234	4.98426	5.05358
9235	4.98426	5.01177
9236	4.98426	5.0184
9237	4.98426	5.00384
9238	4.98426	4.98426
9239	4.98426	4.98426
9240	4.98426	5.0145
9241	4.98426	5.03976
9242	4.98426	5.05753
9243	4.98426	5.05942
9244	4.98426	4.98555
9245	4.98426	5.07489
9246	4.98426	4.99353
9247	4.98426	5.03683
9248	4.98426	5.10742
9249	4.98426	5.05166
9250	4.98426	5.01908
9251	4.98426	5.03137
9252	4.98426	5.06988
9253	4.98426	5.06196
9254	4.98426	5.03718
9255	4.98426	4.99926
9256	4.98426	4.98426
9257	4.98426	4.98466
9258	4.98426	4.99056
9259	4.98426	5.00542
9260	4.98426	4.99324
9261	4.98426	5.09674
9262	4.98426	5.07003
9263	4.98426	5.04314
9264	4.98426	5.02445
9265	4.98426	4.99865
9266	4.98426	5.01278
9267	4.98426	5.09511
9268	4.98426	5.0149
9269	4.98426	5.00862
9270	4.98426	5.01942
9271	4.98426	4.99712
9272	4.98426	4.98471
9273	4.98426	4.98426
9274	4.98426	4.98426
9275	4.98426	4.98426
9276	4.98426	4.98426
9277	4.98426	5.00035
9278	4.98426	5.05548
9279	4.98426	4.99827
9280	4.98426	4.98802
9281	4.98426	4.99028
9282	4.98426	5.09594
9283	4.98426	5.00584
9284	4.98426	5.00676
9285	4.98426	5.04021
9286	4.98426	5.06474
9287	4.98426	5.04543
9288	4.98426	5.01463
9289	4.98426	4.99415
9290	4.98426	4.99233
9291	4.98426	5.02443
9292	4.98426	4.9875
9293	4.98426	5.01099
9294	4.98426	4.99785
9295	4.98426	5.01333
9296	4.98426	5.0078
9297	4.98426	4.99163
9298	4.98426	5.00598
9299	4.98426	4.98426
9300	4.98426	4.98426
9301	4.98426	5.0056
9302	4.98426	5.02512
9303	4.98426	5.00957
9304	4.98426	5.05042
9305	4.98426	4.98426
9306	4.98426	4.99201
9307	4.98426	5.11211
9308	4.98426	5.02489
9309	4.98426	5.00566
9310	4.98426	5.0565
9311	4.98426	5.01582
9312	4.98426	5.04809
9313	4.98426	5.12082
9314	4.98426	5.09416
9315	4.98426	5.10711
9316	4.98426	5.01784
9317	4.98426	5.00128
9318	4.98426	5.04911
9319	4.98426	5.05566
9320	4.98426	5.0853
9321	4.98426	5.10685
9322	4.98426	4.98684
9323	4.98426	4.98426
9324	4.98426	4.98485
9325	4.98426	5.0226
9326	4.98426	4.99006
9327	4.98426	5.01925
9328	4.98426	5.05701
9329	4.98426	4.9915
9330	4.98426	5.07615
9331	4.98426	5.02715
9332	4.98426	5.0814
9333	4.98426	5.00614
9334	4.98426	5.00792
9335	4.98426	5.09058
9336	4.98426	5.00218
9337	4.98426	4.98961
9338	4.98426	4.98812
9339	4.98426	4.99804
9340	4.98426	4.99289
9341	4.98426	4.99777
9342	4.98426	4.99343
9343	4.98426	4.99534
9344	4.98426	5.03042
9345	4.98426	5.00208
9346	4.98426	5.03416
9347	4.98426	5.04219
9348	4.98426	5.02508
9349	4.98426	4.98426
9350	4.98426	5.03234
9351	4.98426	5.03824
9352	4.98426	5.016
9353	4.98426	5.06417
9354	4.98426	4.99624
9355	4.98426	5.05654
9356	4.98426	5.07714
9357	4.98426	5.01926
9358	4.98426	5.00721
9359	4.98426	4.98458
9360	4.98426	4.98477
9361	4.98426	4.9854
9362	4.98426	5.00883
9363	4.98426	5.04345
9364	4.98426	5.08201
9365	4.98426	5.03785
9366	4.98426	5.00073
9367	4.98426	5.01238
9368	4.98426	5.01001
9369	4.98426	5.09639
9370	4.98426	5.07403
9371	4.98426	5.07459
9372	4.98426	5.0512
9373	4.98426	5.00125
9374	4.98426	4.99169
9375	4.98426	4.98426
9376	4.98426	4.99712
9377	4.98426	5.01733
9378	4.98426	5.00306
9379	4.98426	4.98555
9380	4.98426	4.98506
9381	4.98426	4.98909
9382	4.98426	4.99194
9383	4.98426	4.98434
9384	4.98426	4.98426
9385	4.98426	4.98426
9386	4.98426	5.00845
9387	4.98426	5.07226
9388	4.98426	5.04666
9389	4.98426	5.03847
9390	4.98426	5.03147
9391	4.98426	5.03542
9392	4.98426	5.01796
9393	4.98426	5.03766
9394	4.98426	5.00001
9395	4.98426	5.01402
9396	4.98426	4.99388
9397	4.98426	5.02018
9398	4.98426	5.11183
9399	4.98426	5.03802
9400	4.98426	5.02901
9401	4.98426	5.00794
9402	4.98426	4.98426
9403	4.98426	4.98426
9404	4.98426	4.98812
9405	4.98426	4.99634
9406	4.98426	4.98652
9407	4.98426	4.98581
9408	4.98426	4.98426
9409	4.98426	4.98426
9410	4.98426	4.98426
9411	4.98426	4.99346
9412	4.98426	4.98426
9413	4.98426	4.98426
9414	4.98426	5.01402
9415	4.98426	4.99348
9416	4.98426	4.99784
9417	4.98426	5.00296
9418	4.98426	5.02701
9419	4.98426	5.00909
9420	4.98426	4.99542
9421	4.98426	5.00249
9422	4.98426	5.00338
9423	4.98426	4.99185
9424	4.98426	4.98988
9425	4.98426	4.98426
9426	4.98426	4.98426
9427	4.98426	4.98426
9428	4.98426	4.98503
9429	4.98426	4.99125
9430	4.98426	4.98509
9431	4.98426	5.04418
9432	4.98426	5.0647
9433	4.98426	5.06524
9434	4.98426	4.98722
9435	4.98426	5.00206
9436	4.98426	5.05278
9437	4.98426	5.05506
9438	4.98426	5.09844
9439	4.98426	5.10443
9440	4.98426	5.09164
9441	4.98426	5.04833
9442	4.98426	5.06054
9443	4.98426	4.99655
9444	4.98426	4.98426
9445	4.98426	4.98426
9446	4.98426	4.98426
9447	4.98426	4.98426
9448	4.98426	5.00036
9449	4.98426	5.05045
9450	4.98426	5.00694
9451	4.98426	5.08632
9452	4.98426	5.01906
9453	4.98426	5.01591
9454	4.98426	5.04338
9455	4.98426	5.06434
9456	4.98426	4.99448
9457	4.98426	4.99844
9458	4.98426	5.04613
9459	4.98426	4.99271
9460	4.98426	5.08533
9461	4.98426	5.02427
9462	4.98426	5.03071
9463	4.98426	5.06869
9464	4.98426	5.01223
9465	4.98426	5.04918
9466	4.98426	5.06854
9467	4.98426	4.99642
9468	4.98426	5.04021
9469	4.98426	5.01822
9470	4.98426	5.052
9471	4.98426	5.04873
9472	4.98426	5.07268
9473	4.98426	5.06581
9474	4.98426	5.12341
9475	4.98426	5.08982
9476	4.98426	5.06386
9477	4.98426	5.07678
9478	4.98426	5.05216
9479	4.98426	5.07894
9480	4.98426	5.03632
9481	4.98426	5.05859
9482	4.98426	5.06699
9483	4.98426	5.11103
9484	4.98426	5.10342
9485	4.98426	5.13175
9486	4.98426	5.00135
9487	4.98426	5.0146
9488	4.98426	5.07949
9489	4.98426	5.03982
9490	4.98426	5.01826
9491	4.98426	4.99731
9492	4.98426	4.99112
9493	4.98426	4.99671
9494	4.98426	4.98652
9495	4.98426	4.98893
9496	4.98426	5.01007
9497	4.98426	5.00648
9498	4.98426	4.98547
9499	4.98426	5.00516
9500	4.98426	4.98998
9501	4.98426	4.98857
9502	4.98426	4.99094
9503	4.98426	5.05586
9504	4.98426	5.08008
9505	4.98426	5.06077
9506	4.98426	5.03435
9507	4.98426	5.04788
9508	4.98426	5.0708
9509	4.98426	5.0032
9510	4.98426	5.04106
9511	4.98426	5.0187
9512	4.98426	5.07336
9513	4.98426	5.09026
9514	4.98426	5.10484
9515	4.98426	5.04552
9516	4.98426	5.01026
9517	4.98426	4.99532
9518	4.98426	4.99103
9519	4.98426	4.98426
9520	4.98426	5.0057
9521	4.98426	5.095
9522	4.98426	5.06148
9523	4.98426	4.99253
9524	4.98426	4.99454
9525	4.98426	4.99985
9526	4.98426	5.01558
9527	4.98426	5.07095
9528	4.98426	5.03047
9529	4.98426	5.0433
9530	4.98426	5.02426
9531	4.98426	5.03339
9532	4.98426	4.98426
9533	4.98426	5.021
9534	4.98426	5.11892
9535	4.98426	5.07262
9536	4.98426	5.0917
9537	4.98426	5.03852
9538	4.98426	5.07831
9539	4.98426	5.10413
9540	4.98426	5.09527
9541	4.98426	5.06713
9542	4.98426	5.04025
9543	4.98426	4.9945
9544	4.98426	4.98662
9545	4.98426	5.03124
9546	4.98426	5.02178
9547	4.98426	5.01394
9548	4.98426	4.98528
9549	4.98426	5.04141
9550	4.98426	4.98426
9551	4.98426	5.01979
9552	4.98426	4.98669
9553	4.98426	4.98633
9554	4.98426	4.98444
9555	4.98426	4.98463
9556	4.98426	5.05269
9557	4.98426	5.04601
9558	4.98426	5.00481
9559	4.98426	5.06937
9560	4.98426	5.02736
9561	4.98426	5.10933
9562	4.98426	5.04705
9563	4.98426	4.98552
9564	4.98426	4.99034
9565	4.98426	4.98617
9566	4.98426	5.04491
9567	4.98426	4.99823
9568	4.98426	4.98986
9569	4.98426	4.99584
9570	4.98426	5.06288
9571	4.98426	5.03188
9572	4.98426	5.01405
9573	4.98426	4.98535
9574	4.98426	5.02525
9575	4.98426	5.01447
9576	4.98426	5.02675
9577	4.98426	4.99506
9578	4.98426	4.9969
9579	4.98426	4.98426
9580	4.98426	4.98426
9581	4.98426	4.98603
9582	4.98426	5.0407
9583	4.98426	5.06684
9584	4.98426	5.02571
9585	4.98426	5.01664
9586	4.98426	5.01301
9587	4.98426	4.99153
9588	4.98426	4.98426
9589	4.98426	5.01647
9590	4.98426	5.0213
9591	4.98426	5.01312
9592	4.98426	4.98717
9593	4.98426	4.98426
9594	4.98426	4.98481
9595	4.98426	5.01556
9596	4.98426	4.9969
9597	4.98426	5.04905
9598	4.98426	5.04742
9599	4.98426	5.07777
9600	4.98426	4.99088
9601	4.98426	4.98506
9602	4.98426	4.98426
9603	4.98426	5.00274
9604	4.98426	5.05549
9605	4.98426	5.01689
9606	4.98426	5.05689
9607	4.98426	5.04322
9608	4.98426	5.0406
9609	4.98426	5.06503
9610	4.98426	4.9898
9611	4.98426	4.99367
9612	4.98426	5.00003
9613	4.98426	5.04325
9614	4.98426	4.9857
9615	4.98426	4.98484
9616	4.98426	4.98426
9617	4.98426	4.99778
9618	4.98426	5.02195
9619	4.98426	5.04517
9620	4.98426	5.01108
9621	4.98426	5.03999
9622	4.98426	5.05787
9623	4.98426	5.01779
9624	4.98426	5.06071
9625	4.98426	5.06694
9626	4.98426	5.07406
9627	4.98426	4.9863
9628	4.98426	5.00103
9629	4.98426	4.99421
9630	4.98426	5.04182
9631	4.98426	5.07024
9632	4.98426	4.99352
9633	4.98426	5.00459
9634	4.98426	4.98955
9635	4.98426	5.00796
9636	4.98426	5.05022
9637	4.98426	5.04032
9638	4.98426	4.98434
9639	4.98426	4.98426
9640	4.98426	5.0271
9641	4.98426	5.0053
9642	4.98426	5.0038
9643	4.98426	5.02082
9644	4.98426	5.02288
9645	4.98426	5.07547
9646	4.98426	5.07981
9647	4.98426	4.98449
9648	4.98426	5.00554
9649	4.98426	4.98466
9650	4.98426	4.98426
9651	4.98426	5.00797
9652	4.98426	5.021
9653	4.98426	4.99149
9654	4.98426	5.09736
9655	4.98426	5.05261
9656	4.98426	5.07302
9657	4.98426	5.00153
9658	4.98426	5.00584
9659	4.98426	5.00239
9660	4.98426	4.98426
9661	4.98426	4.99956
9662	4.98426	5.02949
9663	4.98426	5.08651
9664	4.98426	5.04069
9665	4.98426	5.06135
9666	4.98426	5.04283
9667	4.98426	5.06884
9668	4.98426	5.15129
9669	4.98426	5.12344
9670	4.98426	5.03965
9671	4.98426	5.00633
9672	4.98426	4.98426
9673	4.98426	5.02659
9674	4.98426	5.15268
9675	4.98426	5.01269
9676	4.98426	4.98725
9677	4.98426	4.98739
9678	4.98426	5.00073
9679	4.98426	5.00103
9680	4.98426	5.05313
9681	4.98426	5.04628
9682	4.98426	5.01799
9683	4.98426	5.00265
9684	4.98426	5.04648
9685	4.98426	4.98662
9686	4.98426	5.00217
9687	4.98426	5.00063
9688	4.98426	4.99089
9689	4.98426	5.0107
9690	4.98426	4.99089
9691	4.98426	4.99292
9692	4.98426	4.99858
9693	4.98426	4.9963
9694	4.98426	4.98426
9695	4.98426	5.00069
9696	4.98426	5.03456
9697	4.98426	5.01779
9698	4.98426	5.05775
9699	4.98426	4.99997
9700	4.98426	5.03948
9701	4.98426	5.08519
9702	4.98426	5.113
9703	4.98426	5.11909
9704	4.98426	5.1466
9705	4.98426	5.03887
9706	4.98426	5.03853
9707	4.98426	5.05364
9708	4.98426	5.00977
9709	4.98426	5.00562
9710	4.98426	5.06327
9711	4.98426	5.08172
9712	4.98426	5.08677
9713	4.98426	5.04927
9714	4.98426	5.02264
9715	4.98426	5.07739
9716	4.98426	5.02124
9717	4.98426	5.00503
9718	4.98426	5.00914
9719	4.98426	4.98613
9720	4.98426	4.99366
9721	4.98426	5.02351
9722	4.98426	5.00981
9723	4.98426	4.98685
9724	4.98426	5.01076
9725	4.98426	4.9992
9726	4.98426	5.03436
9727	4.98426	4.98426
9728	4.98426	4.98426
9729	4.98426	4.99602
9730	4.98426	4.99152
9731	4.98426	5.03005
9732	4.98426	4.99355
9733	4.98426	4.98524
9734	4.98426	4.98722
9735	4.98426	5.00457
9736	4.98426	5.05922
9737	4.98426	4.99471
9738	4.98426	5.03043
9739	4.98426	4.98466
9740	4.98426	5.01339
9741	4.98426	4.98426
9742	4.98426	4.98426
9743	4.98426	4.98426
9744	4.98426	4.98426
9745	4.98426	4.98426
9746	4.98426	4.98718
9747	4.98426	4.98426
9748	4.98426	5.00775
9749	4.98426	5.02592
9750	4.98426	5.02465
9751	4.98426	5.1439
9752	4.98426	5.05477
9753	4.98426	5.09867
9754	4.98426	5.13086
9755	4.98426	5.03671
9756	4.98426	5.05507
9757	4.98426	4.98426
9758	4.98426	5.06769
9759	4.98426	5.09797
9760	4.98426	5.09368
9761	4.98426	5.03265
9762	4.98426	5.06512
9763	4.98426	5.1258
9764	4.98426	5.07782
9765	4.98426	5.01183
9766	4.98426	5.15737
9767	4.98426	4.98426
9768	4.98426	4.98581
9769	4.98426	4.99604
9770	4.98426	4.99691
9771	4.98426	4.99193
9772	4.98426	5.08189
9773	4.98426	4.99256
9774	4.98426	4.98426
9775	4.98426	4.98694
9776	4.98426	5.06447
9777	4.98426	4.98426
9778	4.98426	4.98426
9779	4.98426	4.99623
9780	4.98426	5.02819
9781	4.98426	5.05457
9782	4.98426	5.01136
9783	4.98426	5.00062
9784	4.98426	4.98426
9785	4.98426	5.00264
9786	4.98426	5.07838
9787	4.98426	4.99413
9788	4.98426	5.05742
9789	4.98426	5.1514
9790	4.98426	5.11277
9791	4.98426	5.14957
9792	4.98426	5.13207
9793	4.98426	5.1478
9794	4.98426	5.09053
9795	4.98426	5.01275
9796	4.98426	4.99939
9797	4.98426	4.98873
9798	4.98426	5.00156
9799	4.98426	5.13532
9800	4.98426	5.04607
9801	4.98426	5.11138
9802	4.98426	5.15091
9803	4.98426	5.01603
9804	4.98426	4.99085
9805	4.98426	4.99179
9806	4.98426	5.01598
9807	4.98426	4.98882
9808	4.98426	5.09296
9809	4.98426	5.02134
9810	4.98426	5.06802
9811	4.98426	5.02573
9812	4.98426	4.99328
9813	4.98426	5.06739
9814	4.98426	5.09604
9815	4.98426	5.01311
9816	4.98426	5.0536
9817	4.98426	5.05299
9818	4.98426	5.08984
9819	4.98426	5.11761
9820	4.98426	5.07059
9821	4.98426	5.14993
9822	4.98426	5.02132
9823	4.98426	5.02074
9824	4.98426	5.00456
9825	4.98426	4.99632
9826	4.98426	4.99421
9827	4.98426	4.99077
9828	4.98426	4.98676
9829	4.98426	4.98555
9830	4.98426	5.03388
9831	4.98426	5.07207
9832	4.98426	5.09696
9833	4.98426	5.03079
9834	4.98426	5.03778
9835	4.98426	5.05857
9836	4.98426	5.07678
9837	4.98426	5.38059
9838	4.98426	5.37145
9839	4.98426	5.25836
9840	4.98426	5.16248
9841	4.98426	5.07238
9842	4.98426	5.06301
9843	4.98426	4.99057
9844	4.98426	4.98426
9845	4.98426	4.98426
9846	4.98426	4.98426
9847	4.98426	4.98426
9848	4.98426	4.98731
9849	4.98426	4.98426
9850	4.98426	5.01861
9851	4.98426	4.98989
9852	4.98426	5.0072
9853	4.98426	5.00292
9854	4.98426	5.1155
9855	4.98426	5.03047
9856	4.98426	5.01785
9857	4.98426	5.01973
9858	4.98426	5.01994
9859	4.98426	4.9922
9860	4.98426	4.98484
9861	4.98426	5.01095
9862	4.98426	5.00254
9863	4.98426	5.04837
9864	4.98426	5.0205
9865	4.98426	5.0492
9866	4.98426	4.99033
9867	4.98426	4.98426
9868	4.98426	4.98426
9869	4.98426	5.02853
9870	4.98426	5.0474
9871	4.98426	5.09485
9872	4.98426	5.1349
9873	4.98426	4.99094
9874	4.98426	4.9929
9875	4.98426	4.99163
9876	4.98426	4.98426
9877	4.98426	4.99222
9878	4.98426	5.0117
9879	4.98426	4.98665
9880	4.98426	5.02367
9881	4.98426	5.00495
9882	4.98426	5.04257
9883	4.98426	5.02154
9884	4.98426	5.09457
9885	4.98426	5.09924
9886	4.98426	5.07531
9887	4.98426	5.04737
9888	4.98426	5.02207
9889	4.98426	5.04378
9890	4.98426	5.06813
9891	4.98426	5.02437
9892	4.98426	5.01361
9893	4.98426	5.0809
9894	4.98426	5.11733
9895	4.98426	5.02104
9896	4.98426	5.0741
9897	4.98426	5.03488
9898	4.98426	5.0858
9899	4.98426	5.09665
9900	4.98426	5.07713
9901	4.98426	5.01647
9902	4.98426	5.04137
9903	4.98426	5.03454
9904	4.98426	4.98618
9905	4.98426	5.02514
9906	4.98426	5.00047
9907	4.98426	5.02934
9908	4.98426	4.99065
9909	4.98426	5.06083
9910	4.98426	5.01014
9911	4.98426	5.02314
9912	4.98426	4.9949
9913	4.98426	5.02942
9914	4.98426	5.0335
9915	4.98426	5.00086
9916	4.98426	4.98577
9917	4.98426	5.02117
9918	4.98426	4.99833
9919	4.98426	5.06482
9920	4.98426	5.08513
9921	4.98426	5.09899
9922	4.98426	5.07531
9923	4.98426	4.99701
9924	4.98426	4.99155
9925	4.98426	4.99095
9926	4.98426	4.99072
9927	4.98426	4.98756
9928	4.98426	5.0128
9929	4.98426	4.98573
9930	4.98426	4.98426
9931	4.98426	4.98426
9932	4.98426	5.00486
9933	4.98426	4.98426
9934	4.98426	4.98426
9935	4.98426	4.98426
9936	4.98426	4.98426
9937	4.98426	4.98426
9938	4.98426	4.98426
9939	4.98426	5.00507
9940	4.98426	4.98906
9941	4.98426	4.985
9942	4.98426	4.99188
9943	4.98426	4.99709
9944	4.98426	5.01389
9945	4.98426	4.99629
9946	4.98426	4.98426
9947	4.98426	4.98426
9948	4.98426	4.98592
9949	4.98426	5.00306
9950	4.98426	5.01012
9951	4.98426	5.01991
9952	4.98426	5.07
9953	4.98426	5.0294
9954	4.98426	5.04652
9955	4.98426	5.05892
9956	4.98426	5.05318
9957	4.98426	5.02775
9958	4.98426	5.00854
9959	4.98426	5.02008
9960	4.98426	5.02556
9961	4.98426	5.03291
9962	4.98426	5.00848
9963	4.98426	4.99177
9964	4.98426	4.98466
9965	4.98426	5.02308
9966	4.98426	5.10724
9967	4.98426	5.00505
9968	4.98426	5.01288
9969	4.98426	5.02086
9970	4.98426	5.02166
9971	4.98426	5.01769
9972	4.98426	5.01192
9973	4.98426	5.08585
9974	4.98426	5.05552
9975	4.98426	5.05304
9976	4.98426	5.07378
9977	4.98426	5.0128
9978	4.98426	5.01218
9979	4.98426	5.078
9980	4.98426	5.01218
9981	4.98426	5.00387
9982	4.98426	5.02032
9983	4.98426	5.08873
9984	4.98426	5.03267
9985	4.98426	5.01706
9986	4.98426	5.10509
9987	4.98426	5.09608
9988	4.98426	4.99705
9989	4.98426	5.04108
9990	4.98426	4.99087
9991	4.98426	5.02767
9992	4.98426	4.99545
9993	4.98426	4.98426
9994	4.98426	5.03031
9995	4.98426	4.99499
9996	4.98426	4.99921
9997	4.98426	5.03882
9998	4.98426	5.0153
9999	4.98426	5.01621
