# VELOCITY:        AVE_POFV:        ERROR:
   0.0942809       0.004       0.004           0
    0.282843       0.206       0.206           0
    0.471405       0.316       0.316           0
    0.659966       0.576       0.576           0
    0.848528       0.538       0.538           0
     1.03709        1.01        1.01           0
     1.22565       1.608       1.608           0
     1.41421       2.636       2.636           0
     1.60278       3.934       3.934           0
     1.79134       6.216       6.216           0
      1.9799       8.744       8.744           0
     2.16846       8.662       8.662           0
     2.35702      15.132      15.132           0
     2.54558       27.13       27.13           0
     2.73415      11.978      11.978           0
     2.92271       6.782       6.782           0
     3.11127       4.572       4.572           0
     3.29983       3.628       3.628           0
     3.48839       1.726       1.726           0
     3.67696       0.894       0.894           0
     3.86552       0.962       0.962           0
     4.05408       0.432       0.432           0
     4.24264       0.202       0.202           0
      4.4312        0.04        0.04           0
     4.61976       0.072       0.072           0
     4.80833           0           0           0
     4.99689           0           0           0
     5.18545           0           0           0
     5.37401           0           0           0
     5.56257           0           0           0
   0.0942809           0       0.002  0.00141421
    0.282843       0.038       0.122    0.059397
    0.471405        1.09       0.703     0.27365
    0.659966       1.944        1.26    0.483661
    0.848528       3.222        1.88    0.948937
     1.03709       5.656       3.333     1.64261
     1.22565       5.662       3.635     1.43331
     1.41421       6.072       4.354     1.21481
     1.60278       6.978       5.456     1.07622
     1.79134       9.956       8.086     1.32229
      1.9799        9.05       8.897    0.108187
     2.16846       7.736       8.199     0.32739
     2.35702      10.472      12.802     1.64756
     2.54558       6.664      16.897     7.23582
     2.73415        8.21      10.094     1.33219
     2.92271       5.032       5.907    0.618718
     3.11127       6.122       5.347    0.548008
     3.29983       5.376       4.502    0.618011
     3.48839        2.53       2.128    0.284257
     3.67696       1.734       1.314    0.296985
     3.86552       1.136       1.049   0.0615183
     4.05408       1.142       0.787    0.251023
     4.24264       0.904       0.553    0.248194
      4.4312       0.622       0.331    0.205768
     4.61976        0.29       0.181   0.0770746
     4.80833       0.206       0.103    0.072832
     4.99689       0.156       0.078   0.0551543
     5.18545           0           0           0
     5.37401           0           0           0
     5.56257           0           0           0
   0.0942809        0.22   0.0746667   0.0593396
    0.282843         0.4    0.214667   0.0853975
    0.471405       1.068    0.824667    0.207727
    0.659966        1.64     1.38667    0.338621
    0.848528       4.838       2.866     1.02389
     1.03709       4.564     3.74333     1.14518
     1.22565       5.308     4.19267     1.05848
     1.41421       7.304     5.33733     1.14041
     1.60278      12.208     7.70667     1.97276
     1.79134      10.128     8.76667     1.04209
      1.9799        9.59       9.128    0.201931
     2.16846       8.864     8.42067     0.28354
     2.35702        6.46      10.688     2.04591
     2.54558       6.726     13.5067     5.56172
     2.73415        8.46     9.54933    0.993248
     2.92271       6.524     6.11267    0.445352
     3.11127       4.316     5.00333    0.460663
     3.29983       2.942       3.982    0.591622
     3.48839       2.452       2.236    0.209017
     3.67696       1.152        1.26     0.20284
     3.86552       1.054     1.05067   0.0410348
     4.05408       1.782     1.11867    0.318341
     4.24264           0    0.368667    0.223675
      4.4312           0    0.220667    0.164115
     4.61976           0    0.120667   0.0711826
     4.80833           0   0.0686667   0.0560661
     4.99689           0       0.052   0.0424578
     5.18545           0           0           0
     5.37401           0           0           0
     5.56257           0           0           0
   0.0942809       0.158      0.0955   0.0480228
    0.282843        1.28       0.481    0.239379
    0.471405       0.828      0.8255    0.155797
    0.659966       2.822      1.7455    0.401335
    0.848528        3.42      3.0045    0.777226
     1.03709       5.058       4.072    0.904819
     1.22565        5.26      4.4595    0.826809
     1.41421       6.894      5.7265    0.919311
     1.60278       13.27      9.0975     1.90786
     1.79134        8.15      8.6125    0.792892
      1.9799        8.56       8.986    0.195088
     2.16846      10.988      9.0625    0.595134
     2.35702       9.728      10.448     1.54845
     2.54558        8.79     12.3275     4.29447
     2.73415       9.436       9.521     0.74534
     2.92271       3.694       5.508    0.621113
     3.11127        2.58      4.3975    0.628207
     3.29983       1.612      3.3895    0.678363
     3.48839       2.304       2.253    0.157452
     3.67696       0.422      1.0505    0.236772
     3.86552       1.624       1.194    0.127889
     4.05408       1.122      1.1195    0.238757
     4.24264           0      0.2765    0.185777
      4.4312           0      0.1655    0.132033
     4.61976           0      0.0905   0.0594364
     4.80833           0      0.0515   0.0446003
     4.99689           0       0.039    0.033775
     5.18545           0           0           0
     5.37401           0           0           0
     5.56257           0           0           0
   0.0942809        0.07      0.0904   0.0386881
    0.282843       0.584      0.5016    0.192387
    0.471405       1.372      0.9348    0.158404
    0.659966       5.008       2.398      0.6661
    0.848528       3.938      3.1912    0.643815
     1.03709        5.16      4.2896    0.749564
     1.22565       8.348      5.2372    0.959878
     1.41421       9.086      6.3984     0.94976
     1.60278       9.542      9.1864     1.52836
     1.79134       8.274      8.5448    0.637198
      1.9799       8.612      8.9112    0.169806
     2.16846      12.796      9.8092    0.820199
     2.35702       7.452      9.8488     1.34972
     2.54558       6.836     11.2292     3.57326
     2.73415        8.15      9.2468     0.64474
     2.92271       2.606      4.9276    0.718604
     3.11127        2.95       4.108     0.56535
     3.29983        2.48      3.2076    0.566554
     3.48839       1.118       2.026    0.238934
     3.67696        0.13      0.8664    0.250985
     3.86552       0.492      1.0536    0.161979
     4.05408       0.802       1.056    0.199271
     4.24264       0.506      0.3224    0.154188
      4.4312       0.708       0.274    0.143439
     4.61976       0.846      0.2416    0.143269
     4.80833       0.134       0.068   0.0386119
     4.99689           0      0.0312   0.0279061
     5.18545           0           0           0
     5.37401           0           0           0
     5.56257           0           0           0
   0.0942809        0.33    0.130333   0.0486653
    0.282843       0.888       0.566    0.170762
    0.471405        0.79    0.910667    0.133829
    0.659966       3.404     2.56567    0.575799
    0.848528       5.784     3.62333    0.665929
     1.03709       5.736     4.53067    0.662268
     1.22565       9.808       5.999     1.05993
     1.41421       8.142       6.689    0.834742
     1.60278       10.14     9.34533     1.28187
     1.79134       9.964     8.78133    0.573221
      1.9799       8.784        8.89    0.142822
     2.16846       9.514        9.76    0.684973
     2.35702       10.06       9.884     1.12523
     2.54558       5.212     10.2263     3.11527
     2.73415       5.852       8.681    0.745284
     2.92271       4.202     4.80667    0.608927
     3.11127        3.23     3.96167    0.489697
     3.29983       0.622     2.77667    0.614539
     3.48839        1.19     1.88667     0.23627
     3.67696       0.348        0.78    0.223531
     3.86552       1.084     1.05867    0.135062
     4.05408       0.738       1.003    0.172964
     4.24264       0.178    0.298333    0.130355
      4.4312           1       0.395    0.162754
     4.61976           1       0.368    0.166037
     4.80833           0   0.0566667    0.033799
     4.99689           0       0.026   0.0237346
     5.18545           0           0           0
     5.37401           0           0           0
     5.56257           0           0           0
   0.0942809           0    0.111714   0.0451346
    0.282843        0.02       0.488    0.163212
    0.471405       1.022    0.926571    0.115652
    0.659966        3.58     2.71057     0.51145
    0.848528       6.022       3.966    0.653035
     1.03709       5.468     4.66457    0.581038
     1.22565      11.132     6.73229     1.13415
     1.41421      12.702       7.548     1.06977
     1.60278      11.012     9.58343     1.12064
     1.79134       8.718     8.77229    0.491404
      1.9799       8.338     8.81114    0.142536
     2.16846       7.486     9.43514    0.659671
     2.35702       6.978     9.46886     1.03824
     2.54558       4.788     9.44943     2.76541
     2.73415       5.586     8.23886    0.758714
     2.92271       4.474     4.75914    0.523789
     3.11127        4.06     3.97571    0.419942
     3.29983        0.75     2.48714    0.591026
     3.48839       0.516     1.69086    0.271804
     3.67696       1.182    0.837429    0.198839
     3.86552        1.98     1.19029     0.16808
     4.05408       0.184       0.886    0.183611
     4.24264       0.002       0.256    0.118407
      4.4312        0.27    0.377143     0.14048
     4.61976        1.45    0.522571    0.201825
     4.80833        0.28   0.0885714   0.0413738
     4.99689           0   0.0222857   0.0206326
     5.18545           0           0           0
     5.37401           0           0           0
     5.56257           0           0           0
   0.0942809        0.24     0.12775   0.0422455
    0.282843       0.794     0.52625    0.147225
    0.471405       2.188     1.08425    0.178872
    0.659966       4.512     2.93575    0.494612
    0.848528       4.928     4.08625    0.582372
     1.03709       5.798     4.80625    0.525397
     1.22565      11.836     7.37025     1.15799
     1.41421      14.368      8.4005     1.22967
     1.60278        9.59     9.58425     0.98056
     1.79134      10.352     8.96975    0.467974
      1.9799       6.488     8.52075    0.298901
     2.16846        6.71      9.0945    0.659323
     2.35702       7.896     9.27225     0.92689
     2.54558        4.82     8.87075     2.47954
     2.73415        2.95     7.57775    0.907281
     2.92271       3.286       4.575    0.489615
     3.11127       2.262      3.7615    0.418534
     3.29983       1.728     2.39225    0.524711
     3.48839       1.156       1.624    0.245914
     3.67696       1.186       0.881    0.178694
     3.86552       1.302     1.20425    0.147649
     4.05408       0.396     0.82475     0.17057
     4.24264       1.116      0.3635    0.144381
      4.4312       0.818     0.43225    0.133291
     4.61976        1.28     0.61725     0.19756
     4.80833           0      0.0775   0.0376543
     4.99689           0      0.0195   0.0182406
     5.18545           0           0           0
     5.37401           0           0           0
     5.56257           0           0           0
   0.0942809       0.124    0.127333   0.0375536
    0.282843        0.98    0.576667    0.139231
    0.471405       2.822     1.27733      0.2417
    0.659966       3.026     2.94578    0.439756
    0.848528        6.62     4.36778    0.581745
     1.03709       6.836     5.03178    0.513146
     1.22565      12.558     7.94667     1.16398
     1.41421      12.426     8.84778     1.17157
     1.60278        8.47     9.46044     0.87939
     1.79134       9.098       8.984    0.416193
      1.9799       5.284     8.16111    0.430767
     2.16846       7.424     8.90889    0.611634
     2.35702       8.546     9.19156    0.827408
     2.54558       5.768       8.526     2.22788
     2.73415       3.862     7.16489    0.895496
     2.92271       3.564     4.46267    0.447915
     3.11127        3.26     3.70578    0.375721
     3.29983       0.822     2.21778    0.494566
     3.48839       1.574     1.61844    0.218653
     3.67696       0.446    0.832667    0.165246
     3.86552       0.748     1.15356    0.139675
     4.05408       0.378    0.775111    0.158676
     4.24264        1.18    0.454222     0.15423
      4.4312       0.184    0.404667    0.121301
     4.61976           2    0.770889    0.227642
     4.80833           0   0.0688889    0.034441
     4.99689           0   0.0173333    0.016342
     5.18545           0           0           0
     5.37401           0           0           0
     5.56257           0           0           0
   0.0942809       0.292      0.1438   0.0372338
    0.282843       1.076      0.6266    0.133963
    0.471405       1.208      1.2704     0.21763
    0.659966       2.912      2.9424    0.395794
    0.848528       6.688      4.5998    0.567958
     1.03709       7.042      5.2328    0.499657
     1.22565      11.544      8.3064     1.10177
     1.41421      11.544      9.1174     1.08499
     1.60278        7.62      9.2764    0.810481
     1.79134      10.568      9.1424    0.403593
      1.9799       8.526      8.1976    0.389233
     2.16846       8.802      8.8982    0.550564
     2.35702        9.86      9.2584    0.747362
     2.54558       4.062      8.0796     2.04932
     2.73415       2.912      6.7396    0.901295
     2.92271       3.118      4.3282    0.422825
     3.11127       2.332      3.5684    0.362395
     3.29983       3.496      2.3456    0.461332
     3.48839       0.884       1.545    0.208758
     3.67696       0.316       0.781    0.156591
     3.86552       0.028       1.041    0.164937
     4.05408       0.638      0.7614      0.1434
     4.24264       1.092       0.518    0.151421
      4.4312       0.436      0.4078    0.109212
     4.61976       0.574      0.7512    0.205727
     4.80833        0.43       0.105   0.0461998
     4.99689           0      0.0156   0.0147995
     5.18545           0           0           0
     5.37401           0           0           0
     5.56257           0           0           0
   0.0942809       0.604    0.185636   0.0523155
    0.282843       0.852    0.647091    0.123342
    0.471405       1.128     1.25745     0.19823
    0.659966       4.334     3.06891    0.379493
    0.848528        5.14     4.64891    0.518445
     1.03709       8.484     5.52836    0.534551
     1.22565      11.692     8.61418     1.04371
     1.41421      13.028     9.47291     1.04297
     1.60278       7.128     9.08109    0.759969
     1.79134       9.644       9.188     0.36947
      1.9799       7.452     8.12982    0.359701
     2.16846       8.114     8.82691    0.505107
     2.35702        7.13     9.06491    0.704022
     2.54558         6.1     7.89964     1.87091
     2.73415       4.646     6.54927    0.839214
     2.92271       3.762     4.27673    0.387507
     3.11127        1.52     3.38218    0.374249
     3.29983       3.912       2.488    0.440823
     3.48839       0.274     1.42945    0.219439
     3.67696       0.202    0.728364    0.150943
     3.86552        0.01    0.947273    0.174554
     4.05408        0.01    0.693091    0.145728
     4.24264        0.55    0.520909    0.137683
      4.4312       1.728    0.527818    0.151499
     4.61976       0.556    0.733455    0.187788
     4.80833           0   0.0954545   0.0429746
     4.99689           0   0.0141818   0.0135218
     5.18545           0           0           0
     5.37401           0           0           0
     5.56257           0           0           0
   0.0942809       0.554    0.216333   0.0562454
    0.282843       0.818    0.661333    0.113883
    0.471405       1.664     1.29133    0.184583
    0.659966       3.542     3.10833     0.34991
    0.848528       4.306     4.62033    0.476028
     1.03709        9.43      5.8535    0.580525
     1.22565      10.422     8.76483    0.967547
     1.41421       7.678     9.32333    0.966726
     1.60278       8.886     9.06483    0.696812
     1.79134      12.156     9.43533    0.413256
      1.9799      10.798     8.35217    0.392477
     2.16846       9.364     8.87167    0.464993
     2.35702       9.652     9.11383    0.647051
     2.54558       4.456     7.61267     1.73687
     2.73415       4.614       6.388    0.784623
     2.92271       2.414      4.1215    0.385052
     3.11127        1.96     3.26367     0.36134
     3.29983       1.424     2.39933    0.412908
     3.48839       0.772     1.37467     0.20788
     3.67696        0.09    0.675167    0.147441
     3.86552           0    0.868333    0.176959
     4.05408           0    0.635333    0.144577
     4.24264       1.818       0.629    0.163214
      4.4312       1.008    0.567833    0.144062
     4.61976       0.174    0.686833    0.177832
     4.80833           0      0.0875   0.0401228
     4.99689           0       0.013   0.0124466
     5.18545           0           0           0
     5.37401           0           0           0
     5.56257           0           0           0
   0.0942809       0.532    0.240615   0.0569195
    0.282843       0.608    0.657231    0.105196
    0.471405        2.46     1.38123    0.191025
    0.659966       2.742     3.08015    0.324127
    0.848528       3.526     4.53615    0.446791
     1.03709       9.118     6.10462    0.587677
     1.22565       14.19     9.18215    0.978991
     1.41421        6.95     9.14077    0.909437
     1.60278       8.484     9.02015    0.644642
     1.79134      10.676     9.53077    0.392332
      1.9799      13.606     8.75631    0.531053
     2.16846       8.578     8.84908    0.429773
     2.35702       8.128       9.038    0.601705
     2.54558        4.12       7.344     1.62391
     2.73415       3.754     6.18538    0.749972
     2.92271       1.972     3.95615    0.389318
     3.11127       1.546     3.13154    0.356885
     3.29983       1.658     2.34231    0.385064
     3.48839        0.85     1.33431    0.195767
     3.67696       1.428    0.733077    0.147033
     3.86552        0.15    0.813077    0.171758
     4.05408       0.016    0.587692    0.141087
     4.24264        1.93    0.729077    0.178727
      4.4312       0.424    0.556769    0.133404
     4.61976       0.452    0.668769    0.165068
     4.80833       0.102   0.0886154   0.0370519
     4.99689           0       0.012   0.0115292
     5.18545           0           0           0
     5.37401           0           0           0
     5.56257           0           0           0
   0.0942809       0.494    0.258714    0.055657
    0.282843        1.46    0.714571    0.112227
    0.471405       2.734     1.47786    0.200334
    0.659966       1.684     2.98043    0.315944
    0.848528       3.016     4.42757    0.427869
     1.03709       8.668     6.28771    0.573514
     1.22565        9.52     9.20629    0.909361
     1.41421       9.034     9.13314     0.84451
     1.60278      10.552     9.12957    0.607811
     1.79134       9.498     9.52843    0.364315
      1.9799      13.096     9.06629    0.576534
     2.16846       9.802     8.91714    0.404429
     2.35702       8.556     9.00357     0.55971
     2.54558       5.854     7.23757      1.5114
     2.73415       4.776     6.08471    0.703127
     2.92271       3.352       3.913    0.363894
     3.11127       0.572     2.94871    0.375311
     3.29983       0.368     2.20129    0.382512
     3.48839        1.39     1.33829    0.181824
     3.67696       0.746       0.734    0.136533
     3.86552       0.276    0.774714    0.163717
     4.05408       0.086    0.551857    0.135484
     4.24264       1.262    0.767143    0.169966
      4.4312       0.204    0.531571    0.126233
     4.61976           1    0.692429    0.154964
     4.80833           0   0.0822857   0.0349419
     4.99689           0   0.0111429   0.0107375
     5.18545           0           0           0
     5.37401           0           0           0
     5.56257           0           0           0
   0.0942809       0.024    0.243067   0.0541014
    0.282843       2.348    0.823467    0.148456
    0.471405       1.602     1.48613    0.187149
    0.659966        2.39     2.94107    0.297323
    0.848528       4.362      4.4232    0.399366
     1.03709       6.516     6.30293    0.535482
     1.22565       10.87      9.3172    0.855474
     1.41421      11.388     9.28347    0.801476
     1.60278      11.052     9.25773    0.580645
     1.79134       8.746     9.47627    0.343742
      1.9799      10.234     9.14413    0.543329
     2.16846        9.58     8.96133    0.379874
     2.35702       8.414     8.96427    0.523775
     2.54558       5.332     7.11053     1.41597
     2.73415       5.784     6.06467    0.656537
     2.92271        2.19     3.79813    0.357304
     3.11127        2.85     2.94213    0.350348
     3.29983       0.144     2.06413    0.380807
     3.48839       1.504     1.34933    0.170038
     3.67696       0.422      0.7132    0.129006
     3.86552       0.052    0.726533    0.159735
     4.05408        0.07    0.519733    0.130204
     4.24264       1.126    0.791067     0.16031
      4.4312           0    0.496133    0.122691
     4.61976           1    0.712933    0.145983
     4.80833           0      0.0768   0.0330402
     4.99689           0      0.0104   0.0100474
     5.18545           0           0           0
     5.37401           0           0           0
     5.56257           0           0           0
   0.0942809           0    0.227875   0.0528099
    0.282843        2.11    0.903875    0.159474
    0.471405        2.93     1.57638    0.196005
    0.659966        2.74      2.9285    0.279006
    0.848528         4.3      4.4155     0.37448
     1.03709       7.842     6.39912    0.510581
     1.22565       9.996     9.35963    0.803058
     1.41421      12.772      9.5015    0.780477
     1.60278        7.14     9.12537    0.559237
     1.79134      10.418     9.53513    0.327258
      1.9799       8.636     9.11238    0.510298
     2.16846      11.184     9.10025    0.380686
     2.35702       5.172     8.72725    0.542019
     2.54558       6.762     7.08875     1.32764
     2.73415       6.526      6.0935    0.616137
     2.92271       2.352     3.70775    0.346215
     3.11127       2.766     2.93113    0.328624
     3.29983       0.354     1.95725    0.371704
     3.48839           1      1.3275    0.160806
     3.67696           1    0.731125    0.122182
     3.86552       0.048    0.684125    0.155279
     4.05408       0.062    0.491125     0.12517
     4.24264        0.89     0.79725    0.150409
      4.4312        0.04    0.467625    0.118288
     4.61976        0.96    0.728375    0.137673
     4.80833           0       0.072   0.0313219
     4.99689           0     0.00975   0.0094404
     5.18545           0           0           0
     5.37401           0           0           0
     5.56257           0           0           0
   0.0942809           0    0.214471   0.0513765
    0.282843        1.59    0.944235    0.155116
    0.471405       2.444     1.62741    0.191005
    0.659966       3.902     2.98576    0.268406
    0.848528       5.016     4.45082    0.354114
     1.03709        7.88     6.48624    0.487921
     1.22565       9.206     9.35059     0.75587
     1.41421      10.126     9.53824    0.735431
     1.60278       8.184        9.07    0.529075
     1.79134      10.214     9.57506    0.310435
      1.9799       9.374     9.12776    0.480512
     2.16846       12.48     9.29906    0.406907
     2.35702       6.136     8.57482    0.531136
     2.54558       5.094     6.97141     1.25471
     2.73415       6.428     6.11318    0.580207
     2.92271        1.76     3.59318    0.344286
     3.11127       2.798     2.92329    0.309387
     3.29983        0.79     1.88859    0.356124
     3.48839       1.492     1.33718    0.151638
     3.67696       1.036    0.749059    0.116303
     3.86552       0.326    0.663059    0.147567
     4.05408       0.048    0.465059     0.12049
     4.24264       0.126    0.757765    0.146653
      4.4312         1.2    0.510706    0.118917
     4.61976       0.056    0.688824    0.135137
     4.80833       0.086   0.0728235   0.0294903
     4.99689       0.134   0.0170588   0.0113676
     5.18545       0.074  0.00435294  0.00422297
     5.37401           0           0           0
     5.56257           0           0           0
   0.0942809           0    0.202556   0.0498848
    0.282843       0.186    0.902111    0.152111
    0.471405        0.49     1.56422    0.190559
    0.659966       4.004     3.04233    0.259387
    0.848528       8.014     4.64878    0.385823
     1.03709       6.508     6.48744    0.460816
     1.22565       9.228     9.34378    0.713908
     1.41421       9.798     9.55267    0.694715
     1.60278       9.406     9.08867    0.500012
     1.79134       10.82     9.64422    0.300794
      1.9799       7.546     9.03989    0.461783
     2.16846       9.646     9.31833    0.384757
     2.35702       8.208     8.55444    0.502019
     2.54558       7.214     6.98489     1.18508
     2.73415       3.406     5.96278    0.567132
     2.92271       3.322     3.57811    0.325489
     3.11127        3.54     2.95756     0.29409
     3.29983       4.036     2.00789    0.355761
     3.48839       0.924     1.31422    0.144941
     3.67696        0.52    0.736333    0.110536
     3.86552       0.184    0.636444    0.141749
     4.05408           0    0.439222    0.116534
     4.24264           0    0.715667    0.144422
      4.4312           1    0.537889    0.115375
     4.61976           0    0.650556    0.132937
     4.80833           0   0.0687778   0.0281281
     4.99689           0   0.0161111   0.0107755
     5.18545           0  0.00411111  0.00399528
     5.37401           0           0           0
     5.56257           0           0           0
   0.0942809           0    0.191895    0.048385
    0.282843           0    0.854632    0.151334
    0.471405       0.898     1.52916    0.183728
    0.659966       3.836     3.08411    0.249076
    0.848528       7.368     4.79189    0.391161
     1.03709       9.718     6.65747    0.466878
     1.22565       8.678     9.30874    0.677194
     1.41421       7.258     9.43189    0.668567
     1.60278        7.91     9.02663    0.477528
     1.79134       10.71     9.70032    0.290146
      1.9799      11.502     9.16947    0.455297
     2.16846      10.886     9.40084    0.373249
     2.35702       6.246     8.43295    0.490079
     2.54558       7.688     7.02189     1.12329
     2.73415       2.556     5.78347    0.564916
     2.92271       3.654     3.58211    0.308382
     3.11127       3.624     2.99263    0.280695
     3.29983       2.222     2.01916    0.337215
     3.48839        1.67     1.33295    0.138516
     3.67696       0.642    0.731368     0.10483
     3.86552       0.016    0.603789    0.137999
     4.05408       0.016    0.416947    0.112509
     4.24264       0.148    0.685789    0.139877
      4.4312       0.664    0.544526    0.109494
     4.61976        0.09    0.621053    0.129173
     4.80833           0   0.0651579   0.0268796
     4.99689           0   0.0152632   0.0102416
     5.18545           0  0.00389474  0.00379086
     5.37401           0           0           0
     5.56257           0           0           0
   0.0942809       0.068      0.1857   0.0463606
    0.282843       0.108      0.8173      0.1483
    0.471405       1.684      1.5369    0.174704
    0.659966        4.53      3.1564    0.246891
    0.848528       8.696      4.9871    0.417479
     1.03709       6.694      6.6593    0.443538
     1.22565       9.212      9.3039    0.643351
     1.41421       6.766      9.2986     0.64829
     1.60278        6.66      8.9083    0.468083
     1.79134      13.964      9.9135    0.345184
      1.9799       9.762      9.1991    0.433495
     2.16846      12.522      9.5569    0.385834
     2.35702       5.656      8.2941    0.484845
     2.54558       5.752      6.9584     1.06891
     2.73415       1.794       5.584    0.570802
     2.92271       3.656      3.5858    0.292985
     3.11127        6.74        3.18    0.323202
     3.29983       2.088      2.0226    0.320372
     3.48839       0.472      1.2899    0.138118
     3.67696       0.176      0.7036    0.103201
     3.86552           0      0.5736     0.13436
     4.05408           0      0.3961    0.108798
     4.24264       0.678      0.6854    0.132883
      4.4312       0.322      0.5334    0.104583
     4.61976           0        0.59    0.126392
     4.80833           0      0.0619   0.0257323
     4.99689           0      0.0145  0.00975795
     5.18545           0      0.0037  0.00360631
     5.37401           0           0           0
     5.56257           0           0           0
   0.0942809       0.112     0.18219   0.0442856
    0.282843       0.254    0.790476    0.143644
    0.471405       2.974     1.60533    0.179288
    0.659966       7.766      3.3759    0.318082
    0.848528         9.5       5.202     0.44952
     1.03709       3.524        6.51    0.446839
     1.22565       8.356     9.25876    0.614297
     1.41421        5.95     9.13914    0.636728
     1.60278       9.866      8.9539     0.44801
     1.79134      11.988     10.0123     0.34259
      1.9799       7.942     9.13924    0.416965
     2.16846       9.314     9.54533    0.367634
     2.35702       6.696       8.218    0.467691
     2.54558       5.578     6.89267     1.02003
     2.73415       3.928     5.50514    0.549041
     2.92271       5.338     3.66924    0.290672
     3.11127       4.096     3.22362    0.310741
     3.29983       1.518     1.99857    0.306016
     3.48839       1.854     1.31676    0.134127
     3.67696        0.41    0.689619   0.0992287
     3.86552       0.036       0.548    0.130378
     4.05408        0.03    0.378667    0.105005
     4.24264       0.474    0.675333    0.126936
      4.4312       0.496    0.531619   0.0996179
     4.61976           0    0.561905    0.123456
     4.80833           0   0.0589524   0.0246752
     4.99689           0   0.0138095  0.00931768
     5.18545           0  0.00352381  0.00343889
     5.37401           0           0           0
     5.56257           0           0           0
   0.0942809           0    0.173909     0.04304
    0.282843       0.774    0.789727    0.137116
    0.471405        1.63     1.60645    0.171142
    0.659966       5.846     3.48818    0.322832
    0.848528       9.482     5.39655    0.469301
     1.03709       8.146     6.58436    0.432672
     1.22565       9.916     9.28864      0.5871
     1.41421       4.254     8.91709    0.645344
     1.60278      10.932     9.04382    0.436575
     1.79134      12.436     10.1225    0.344277
      1.9799       4.776     8.94091    0.442674
     2.16846       8.892     9.51564    0.352121
     2.35702        7.51     8.18582    0.447539
     2.54558       4.918     6.80291    0.977609
     2.73415         5.8     5.51855    0.524249
     2.92271        3.67     3.66927    0.277459
     3.11127       2.796     3.20418    0.297223
     3.29983        2.55     2.02364    0.293131
     3.48839       1.844     1.34073    0.130154
     3.67696       0.596    0.685364   0.0948095
     3.86552       0.668    0.553455    0.124566
     4.05408       0.564    0.387091    0.100569
     4.24264           0    0.644636    0.124823
      4.4312           0    0.507455   0.0979768
     4.61976           0    0.536364    0.120457
     4.80833           0   0.0562727   0.0236986
     4.99689           0   0.0131818  0.00891527
     5.18545           0  0.00336364   0.0032863
     5.37401           0           0           0
     5.56257           0           0           0
   0.0942809           0    0.166348   0.0418276
    0.282843       0.462    0.775478    0.131893
    0.471405       2.206     1.63252    0.165674
    0.659966       7.286      3.6533    0.348475
    0.848528        7.46     5.48626    0.457391
     1.03709       7.768     6.63583    0.416909
     1.22565       8.392     9.24965    0.562867
     1.41421       8.482     8.89817    0.617563
     1.60278       5.784     8.90209    0.439998
     1.79134       9.866     10.1113    0.329488
      1.9799       10.82     9.02261    0.430901
     2.16846       8.848     9.48661    0.338006
     2.35702       6.502     8.11261    0.434027
     2.54558       6.274     6.77991    0.935375
     2.73415       5.352      5.5113    0.501505
     2.92271       4.414     3.70165    0.267279
     3.11127       2.102     3.15626    0.288138
     3.29983       1.178     1.98687    0.282682
     3.48839        2.34     1.38417    0.131547
     3.67696       2.178    0.750261    0.110692
     3.86552       0.244        0.54    0.119874
     4.05408       0.042    0.372087   0.0973092
     4.24264           0    0.616609    0.122502
      4.4312           0    0.485391   0.0961691
     4.61976           0    0.513043    0.117456
     4.80833           0   0.0538261   0.0227942
     4.99689           0   0.0126087  0.00854605
     5.18545           0  0.00321739  0.00314667
     5.37401           0           0           0
     5.56257           0           0           0
   0.0942809       0.198    0.167667   0.0401055
    0.282843       0.768    0.775167    0.126398
    0.471405       2.938     1.68692    0.167463
    0.659966       6.344     3.76542    0.351527
    0.848528        6.02      5.5085    0.438874
     1.03709      10.714     6.80575    0.432784
     1.22565      10.536     9.30325     0.54196
     1.41421       9.754     8.93383     0.59286
     1.60278       5.312      8.7525    0.446369
     1.79134       9.276     10.0765    0.317593
      1.9799      10.434     9.08142     0.41694
     2.16846       8.698     9.45375    0.325515
     2.35702       2.958     7.89783    0.466063
     2.54558       2.646     6.60767    0.912122
     2.73415       8.166     5.62192    0.492657
     2.92271       3.938      3.7115    0.256323
     3.11127       2.076     3.11125    0.279626
     3.29983       3.588     2.05358    0.278665
     3.48839       1.546     1.39092    0.126239
     3.67696       0.654     0.74625    0.106153
     3.86552       0.328    0.531167    0.115205
     4.05408        0.02    0.357417    0.094354
     4.24264        0.51    0.612167    0.117479
      4.4312       0.394    0.481583   0.0922374
     4.61976       0.184    0.499333    0.113359
     4.80833           0   0.0515833   0.0219545
     4.99689           0   0.0120833  0.00820609
     5.18545           0  0.00308333  0.00301841
     5.37401           0           0           0
     5.56257           0           0           0
   0.0942809           0     0.16096    0.039058
    0.282843       0.484     0.76352    0.121877
    0.471405       2.566     1.72208    0.164415
    0.659966       3.942     3.77248    0.337537
    0.848528       6.748     5.55808     0.42411
     1.03709       6.626     6.79856    0.415532
     1.22565       9.164     9.29768     0.52031
     1.41421      15.452     9.19456    0.623847
     1.60278       6.804     8.67456    0.435266
     1.79134       11.46     10.1318    0.309673
      1.9799      10.258     9.12848     0.40291
     2.16846       8.442     9.41328    0.315001
     2.35702       3.316     7.71456     0.48211
     2.54558       4.486      6.5228    0.879576
     2.73415       5.966     5.63568    0.473142
     2.92271       5.564      3.7856    0.256558
     3.11127       2.292     3.07848    0.270354
     3.29983       1.764       2.042    0.267759
     3.48839       0.406     1.35152    0.127188
     3.67696        0.26      0.7268    0.103673
     3.86552           0     0.50992    0.112539
     4.05408       0.428     0.36024   0.0906221
     4.24264       0.406     0.60392    0.113068
      4.4312       0.612      0.4868   0.0886953
     4.61976       0.554     0.50152    0.108846
     4.80833           0     0.04952    0.021173
     4.99689           0      0.0116  0.00789207
     5.18545           0     0.00296   0.0029002
     5.37401           0           0           0
     5.56257           0           0           0
   0.0942809       0.038    0.156231    0.037841
    0.282843       1.494    0.791615    0.120384
    0.471405       2.816     1.76415    0.163386
    0.659966       2.948     3.74077    0.326041
    0.848528       6.626     5.59915    0.409782
     1.03709        7.39     6.82131    0.400172
     1.22565        8.17     9.25431    0.502103
     1.41421       13.48     9.35938    0.621246
     1.60278       10.47     8.74362    0.423967
     1.79134       9.368     10.1025    0.299153
      1.9799       9.998     9.16192    0.388799
     2.16846       7.792     9.35092    0.308995
     2.35702        7.03     7.68823    0.464286
     2.54558       2.794     6.37938    0.857359
     2.73415       6.924     5.68523    0.457532
     2.92271       2.362     3.73085    0.252465
     3.11127       2.362     3.05092    0.261356
     3.29983        2.41     2.05615    0.257835
     3.48839       0.744     1.32815    0.124424
     3.67696        0.54    0.719615   0.0999342
     3.86552        0.87    0.523769    0.109059
     4.05408       0.374    0.360769   0.0871381
     4.24264           0    0.580692     0.11108
      4.4312           0    0.468077   0.0872377
     4.61976           1    0.520692    0.106335
     4.80833           0   0.0476154   0.0204442
     4.99689           0   0.0111538  0.00760113
     5.18545           0  0.00284615  0.00279088
     5.37401           0           0           0
     5.56257           0           0           0
   0.0942809           0    0.150444   0.0368793
    0.282843       1.408    0.814444    0.118071
    0.471405       2.314     1.78452    0.158598
    0.659966       3.286     3.72393      0.3144
    0.848528       7.188       5.658    0.398808
     1.03709       9.462     6.91911    0.397123
     1.22565       9.408        9.26    0.483539
     1.41421       8.078     9.31193    0.600047
     1.60278        9.94     8.78793    0.410574
     1.79134       8.784     10.0536    0.292031
      1.9799       11.49     9.24815    0.383841
     2.16846       6.986     9.26333    0.309717
     2.35702       7.672     7.68763    0.447091
     2.54558        5.53     6.34793    0.826182
     2.73415       4.694     5.64852    0.442057
     2.92271       2.332     3.67904    0.248374
     3.11127        3.26     3.05867    0.251791
     3.29983       1.276     2.02726    0.249899
     3.48839        1.37      1.3297    0.119825
     3.67696        1.25    0.739259   0.0981447
     3.86552        1.88       0.574    0.116012
     4.05408       0.214    0.355333   0.0840802
     4.24264       0.014    0.559704    0.108931
      4.4312       0.018    0.451407   0.0855845
     4.61976       0.146    0.506815    0.103298
     4.80833           0   0.0458519   0.0197629
     4.99689           0   0.0107407  0.00733082
     5.18545           0  0.00274074  0.00268951
     5.37401           0           0           0
     5.56257           0           0           0
   0.0942809           0    0.145071   0.0359514
    0.282843       1.094    0.824429    0.114275
    0.471405        3.44     1.84364    0.163584
    0.659966       3.896     3.73007    0.303232
    0.848528       5.598     5.65586    0.384571
     1.03709      12.024     7.10143    0.422724
     1.22565      10.166     9.29236    0.467351
     1.41421      10.036     9.33779    0.579173
     1.60278       6.908     8.72079    0.401362
     1.79134       6.118     9.91307    0.313609
      1.9799       8.524     9.22229    0.371003
     2.16846      11.962     9.35971    0.313293
     2.35702       5.314     7.60286    0.439087
     2.54558       4.344     6.27636    0.799769
     2.73415       4.782     5.61757    0.427351
     2.92271       3.678       3.679    0.239503
     3.11127       2.394     3.03493    0.243915
     3.29983       1.916     2.02329    0.241006
     3.48839       1.262     1.32729     0.11557
     3.67696        2.37      0.7975    0.110578
     3.86552       0.984    0.588643    0.112789
     4.05408        1.19    0.385143   0.0861998
     4.24264           0    0.539714    0.106859
      4.4312           0    0.435286   0.0840326
     4.61976           0    0.488714    0.101182
     4.80833           0   0.0442143   0.0191248
     4.99689           0   0.0103571  0.00707904
     5.18545           0  0.00264286  0.00259523
     5.37401           0           0           0
     5.56257           0           0           0
   0.0942809           0    0.140069    0.035058
    0.282843       0.278    0.805586    0.111877
    0.471405        1.01      1.8149    0.160449
    0.659966       5.902     3.80497    0.301883
    0.848528       6.366     5.68034    0.372088
     1.03709        9.61     7.18793    0.416904
     1.22565      10.056     9.31869    0.451976
     1.41421      12.238     9.43779     0.56777
     1.60278       7.438     8.67655    0.389952
     1.79134       7.816     9.84076     0.31102
      1.9799       9.232     9.22262     0.35821
     2.16846       8.962       9.346     0.30279
     2.35702       5.922      7.5449    0.427754
     2.54558       7.786     6.32841    0.773883
     2.73415       4.004     5.56193    0.416221
     2.92271       1.824     3.61503    0.239634
     3.11127       1.196     2.97152    0.243607
     3.29983       0.824     1.98193    0.236216
     3.48839       1.972     1.34952    0.113703
     3.67696       3.702    0.897655    0.145203
     3.86552       0.968    0.601724    0.109656
     4.05408       0.894     0.40269   0.0849945
     4.24264           0    0.521103    0.104782
      4.4312           0    0.420276   0.0824646
     4.61976           0    0.471862   0.0990865
     4.80833           0   0.0426897    0.018526
     4.99689           0        0.01  0.00684394
     5.18545           0  0.00255172  0.00250734
     5.37401           0           0           0
     5.56257           0           0           0
   0.0942809       0.068    0.137667   0.0339716
    0.282843       0.818       0.806    0.108149
    0.471405       2.046      1.8226    0.155285
    0.659966       6.888     3.90773    0.308817
    0.848528       6.566     5.70987    0.360855
     1.03709       8.452     7.23007    0.405131
     1.22565        8.63     9.29573    0.437493
     1.41421       10.99     9.48953    0.551197
     1.60278       6.434      8.6018    0.384052
     1.79134       6.028     9.71367    0.325586
      1.9799       9.488     9.23147    0.346379
     2.16846      11.964     9.43327    0.305013
     2.35702       5.734     7.48453    0.417733
     2.54558        7.33      6.3618    0.748807
     2.73415       4.302     5.51993     0.40446
     2.92271        2.25     3.56953    0.235927
     3.11127       2.308      2.9494    0.236489
     3.29983       1.276      1.9584    0.229512
     3.48839       2.664     1.39333    0.118054
     3.67696        1.33    0.912067    0.141076
     3.86552       1.886    0.644533    0.114051
     4.05408       0.368    0.401533   0.0821692
     4.24264        0.18    0.509733    0.101904
      4.4312           0    0.406267    0.080897
     4.61976           0    0.456133    0.097024
     4.80833           0   0.0412667    0.017963
     4.99689           0  0.00966667  0.00662392
     5.18545           0  0.00246667  0.00242521
     5.37401           0           0           0
     5.56257           0           0           0
   0.0942809       0.226    0.140516   0.0329951
    0.282843       1.122    0.816194    0.105139
    0.471405       2.502     1.84452    0.151815
    0.659966       4.186     3.91671    0.298986
    0.848528       8.008       5.784    0.356748
     1.03709        7.91       7.252    0.392655
     1.22565       9.854     9.31374    0.423751
     1.41421       6.634     9.39742    0.541059
     1.60278       9.314     8.62477     0.37235
     1.79134      10.396     9.73568    0.315826
      1.9799      10.502     9.27245    0.337621
     2.16846       6.092     9.32548     0.31364
     2.35702        8.51     7.51761    0.405565
     2.54558       4.196     6.29194    0.727904
     2.73415       5.366     5.51497    0.391444
     2.92271       2.638     3.53948    0.230222
     3.11127        2.73     2.94232    0.228966
     3.29983       3.336     2.00284    0.226369
     3.48839        1.84     1.40774    0.115122
     3.67696       0.082     0.88529    0.139043
     3.86552       1.444    0.670323     0.11325
     4.05408       0.628    0.408839   0.0798427
     4.24264       0.346    0.504452   0.0987538
      4.4312       0.064    0.395226   0.0790372
     4.61976       0.074    0.443806    0.094674
     4.80833           0   0.0399355   0.0174328
     4.99689           0  0.00935484  0.00641758
     5.18545           0   0.0023871  0.00234828
     5.37401           0           0           0
     5.56257           0           0           0
   0.0942809       0.832    0.162125   0.0383933
    0.282843       1.146      0.8265    0.102358
    0.471405       1.918     1.84681    0.147088
    0.659966        2.09     3.85962    0.295042
    0.848528       6.064     5.79275    0.345707
     1.03709       9.404     7.31925    0.386101
     1.22565       11.06     9.36831    0.414008
     1.41421        9.59     9.40344    0.524184
     1.60278       7.004     8.57413    0.364142
     1.79134       8.166     9.68663    0.309742
      1.9799       12.55     9.37488    0.342254
     2.16846        9.53     9.33187    0.303904
     2.35702       5.922     7.46775    0.395945
     2.54558       3.182     6.19475    0.711615
     2.73415       6.626     5.54969    0.380748
     2.92271       3.734     3.54556    0.223108
     3.11127       3.978     2.97469    0.224087
     3.29983       2.532     2.01937    0.219898
     3.48839       0.672     1.38475    0.113797
     3.67696       0.328    0.867875    0.135784
     3.86552       1.046    0.682062    0.110318
     4.05408       0.482    0.411125   0.0773803
     4.24264       0.144    0.493188   0.0963081
      4.4312           0    0.382875   0.0775263
     4.61976           0    0.429937   0.0927257
     4.80833           0   0.0386875   0.0169327
     4.99689           0   0.0090625  0.00622368
     5.18545           0   0.0023125  0.00227608
     5.37401           0           0           0
     5.56257           0           0           0
   0.0942809       0.004    0.157333   0.0375277
    0.282843        2.65    0.881758    0.113193
    0.471405       2.318     1.86109    0.143322
    0.659966        3.63     3.85267    0.286183
    0.848528       6.006     5.79921    0.335291
     1.03709       7.166     7.31461    0.374429
     1.22565       6.972      9.2957     0.40778
     1.41421        9.71     9.41273    0.508382
     1.60278       7.872     8.55285    0.353729
     1.79134      11.226     9.73327    0.303848
      1.9799        9.92     9.39139    0.332281
     2.16846      11.284     9.39103    0.300397
     2.35702       5.916     7.42073    0.386729
     2.54558       2.704     6.08897    0.697869
     2.73415       6.266     5.57139    0.369828
     2.92271       5.066     3.59164    0.221053
     3.11127       3.826     3.00048    0.218776
     3.29983       2.712     2.04036    0.214234
     3.48839       0.716     1.36448    0.112139
     3.67696       1.866    0.898121    0.134996
     3.86552       0.128    0.665273    0.108245
     4.05408       0.042    0.399939   0.0758396
     4.24264           0    0.478242   0.0945421
      4.4312           0    0.371273   0.0760402
     4.61976           0    0.416909   0.0908265
     4.80833           0   0.0375152   0.0164601
     4.99689           0  0.00878788  0.00604114
     5.18545           0  0.00224242  0.00220819
     5.37401           0           0           0
     5.56257           0           0           0
   0.0942809           0    0.152706   0.0367081
    0.282843       1.398    0.896941    0.110877
    0.471405       3.418     1.90688    0.146239
    0.659966       3.344     3.83771    0.278157
    0.848528       5.978     5.80447    0.325471
     1.03709        7.42     7.31771    0.363429
     1.22565       8.866     9.28306    0.395983
     1.41421       9.418     9.41288     0.49343
     1.60278       8.728       8.558    0.343362
     1.79134       8.668     9.70194    0.296523
      1.9799        8.64     9.36929    0.323242
     2.16846      10.708     9.42976    0.294049
     2.35702       8.082     7.44018    0.375843
     2.54558       5.744     6.07882    0.677417
     2.73415       5.466     5.56829    0.358964
     2.92271       3.264       3.582    0.214761
     3.11127       2.304        2.98    0.213298
     3.29983       2.302     2.04806    0.208071
     3.48839        2.73     1.40465    0.115809
     3.67696       1.314    0.910353    0.131579
     3.86552       0.208    0.651824    0.105894
     4.05408           0    0.388176   0.0745157
     4.24264           0    0.464176   0.0928019
      4.4312           0    0.360353   0.0745837
     4.61976           0    0.404647    0.088979
     4.80833           0   0.0364118   0.0160129
     4.99689           0  0.00852941  0.00586899
     5.18545           0  0.00217647  0.00214422
     5.37401           0           0           0
     5.56257           0           0           0
   0.0942809           0    0.148343   0.0359177
    0.282843       1.142    0.903943     0.10793
    0.471405        5.22     2.00154    0.169959
    0.659966       3.938     3.84057    0.270224
    0.848528       6.962     5.83754    0.317848
     1.03709       7.968     7.33629     0.35352
     1.22565       7.908     9.24377    0.386613
     1.41421        6.82      9.3388    0.484861
     1.60278       9.522     8.58554    0.334655
     1.79134       8.886     9.67863    0.288966
      1.9799      10.114     9.39057    0.314706
     2.16846        10.1     9.44891     0.28627
     2.35702       6.636      7.4172    0.365806
     2.54558       5.654     6.06669    0.658171
     2.73415       3.654      5.5136     0.35285
     2.92271       3.662     3.58429    0.208637
     3.11127       2.522     2.96691    0.207605
     3.29983       2.986     2.07486    0.203845
     3.48839       3.006      1.4504    0.121202
     3.67696       0.192    0.889829     0.12941
     3.86552       0.708    0.653429     0.10288
     4.05408       0.324    0.386343   0.0724092
     4.24264       0.076    0.453086   0.0908107
      4.4312           0    0.350057   0.0731599
     4.61976           0    0.393086   0.0871846
     4.80833           0   0.0353714   0.0155892
     4.99689           0  0.00828571  0.00570636
     5.18545           0  0.00211429  0.00208386
     5.37401           0           0           0
     5.56257           0           0           0
   0.0942809       0.022    0.144833    0.035091
    0.282843       1.508    0.920722    0.106228
    0.471405       3.146     2.03333    0.168184
    0.659966       3.646     3.83517    0.262772
    0.848528       9.096     5.92806    0.321648
     1.03709       8.196     7.36017    0.344506
     1.22565       6.954     9.18017     0.38107
     1.41421       9.036     9.33039    0.471466
     1.60278       8.694     8.58856    0.325372
     1.79134        9.19     9.66506    0.281257
      1.9799       8.632      9.3695    0.306669
     2.16846       9.586     9.45272    0.278343
     2.35702       8.908     7.45861    0.357981
     2.54558        4.99     6.03678    0.640567
     2.73415       2.826     5.43894    0.350857
     2.92271       4.356     3.60572     0.20394
     3.11127        1.79     2.93422    0.204396
     3.29983       2.482     2.08617    0.198496
     3.48839         3.1     1.49622      0.1262
     3.67696        0.93    0.890944     0.12582
     3.86552       0.652    0.653389    0.100023
     4.05408       0.208    0.381389   0.0705671
     4.24264       0.052    0.441944    0.088969
      4.4312           0    0.340333    0.071771
     4.61976           0    0.382167   0.0854438
     4.80833           0   0.0343889   0.0151871
     4.99689           0  0.00805556  0.00555249
     5.18545           0  0.00205556  0.00202681
     5.37401           0           0           0
     5.56257           0           0           0
   0.0942809       0.012    0.141243   0.0343258
    0.282843       0.914    0.920541    0.103358
    0.471405       1.928     2.03049    0.163663
    0.659966       2.192     3.79076    0.259396
    0.848528        7.32     5.96568    0.315147
     1.03709      10.376     7.44168    0.344702
     1.22565       11.22      9.2353    0.374737
     1.41421        4.75     9.20659    0.474698
     1.60278         9.6     8.61589    0.317725
     1.79134      10.354     9.68368    0.274272
      1.9799       7.634     9.32259    0.301946
     2.16846       8.928     9.43854    0.271182
     2.35702      10.488     7.54049    0.357547
     2.54558       5.206     6.01432    0.623648
     2.73415       4.656     5.41778    0.342012
     2.92271       4.236     3.62276    0.199138
     3.11127       1.902     2.90632    0.200767
     3.29983       2.772      2.1047    0.193995
     3.48839       1.818     1.50492    0.123088
     3.67696       0.474    0.879676    0.122923
     3.86552        1.22    0.668703   0.0984847
     4.05408           0    0.371081   0.0694087
     4.24264           0        0.43   0.0873626
      4.4312           0    0.331135   0.0704182
     4.61976           0    0.371838   0.0837565
     4.80833           0   0.0334595    0.014805
     4.99689           0  0.00783784  0.00540669
     5.18545           0       0.002  0.00197279
     5.37401           0           0           0
     5.56257           0           0           0
   0.0942809       0.014    0.137895   0.0335854
    0.282843        0.48    0.908947    0.101286
    0.471405       2.806     2.05089    0.160623
    0.659966       3.358     3.77937    0.252819
    0.848528       7.036     5.99384     0.30811
     1.03709         9.2     7.48795    0.338722
     1.22565       8.268     9.20984    0.365739
     1.41421        7.92     9.17274    0.463412
     1.60278       9.796     8.64695    0.310878
     1.79134       9.138     9.66932    0.267429
      1.9799       8.568     9.30274    0.294653
     2.16846      12.756     9.52584    0.277743
     2.35702       7.574     7.54137    0.348139
     2.54558       4.476     5.97384    0.608549
     2.73415        6.04     5.43416    0.333404
     2.92271       3.242     3.61274     0.19415
     3.11127       1.926     2.88053    0.197134
     3.29983       2.576     2.11711    0.189286
     3.48839       1.766     1.51179    0.120041
     3.67696        0.06    0.858105    0.121566
     3.86552           1    0.677421   0.0962781
     4.05408           0    0.361316   0.0682656
     4.24264           0    0.418684   0.0857933
      4.4312           0    0.322421   0.0691022
     4.61976           0    0.362053    0.082122
     4.80833           0   0.0325789   0.0144416
     4.99689           0  0.00763158  0.00526834
     5.18545           0  0.00194737  0.00192157
     5.37401           0           0           0
     5.56257           0           0           0
   0.0942809       0.008    0.134564   0.0328889
    0.282843       1.236    0.917333   0.0990352
    0.471405        1.86       2.046    0.156579
    0.659966       4.554     3.79923    0.247116
    0.848528       5.848      5.9901    0.300232
     1.03709       8.858     7.52308    0.331854
     1.22565        8.01     9.17908    0.357653
     1.41421       12.24     9.25138    0.458155
     1.60278       9.626     8.67205    0.303918
     1.79134       9.054     9.65354    0.261037
      1.9799        9.44     9.30626    0.287119
     2.16846       9.596     9.52764    0.270627
     2.35702       4.818     7.47154    0.346144
     2.54558       5.674     5.96615    0.592994
     2.73415       4.586     5.41241    0.325563
     2.92271       3.534     3.61072    0.189182
     3.11127        2.44     2.86923    0.192403
     3.29983       4.428     2.17636    0.193484
     3.48839       0.688     1.49067    0.118807
     3.67696       0.262    0.842821    0.119406
     3.86552        1.06    0.687231   0.0943079
     4.05408        0.18    0.356667   0.0666733
     4.24264           0    0.407949   0.0842625
      4.4312           0    0.314154    0.067823
     4.61976           0    0.352769   0.0805393
     4.80833           0   0.0317436   0.0140954
     4.99689           0   0.0074359  0.00513689
     5.18545           0  0.00189744  0.00187295
     5.37401           0           0           0
     5.56257           0           0           0
   0.0942809           0      0.1312   0.0322383
    0.282843       2.156      0.9483    0.101285
    0.471405       0.338      2.0033     0.15838
    0.659966       1.898      3.7517    0.245466
    0.848528       7.616     6.03075    0.295465
     1.03709      11.122     7.61305    0.335533
     1.22565       6.812      9.1199    0.353574
     1.41421       7.908      9.2178     0.44793
     1.60278      10.042      8.7063    0.298244
     1.79134       12.12      9.7152    0.261693
      1.9799       10.98      9.3481    0.282973
     2.16846       8.076     9.49135    0.266283
     2.35702       6.518      7.4477    0.338311
     2.54558       5.066     5.94365    0.578596
     2.73415        5.89     5.42435    0.317643
     2.92271       4.678      3.6374    0.186325
     3.11127        1.73     2.84075    0.189689
     3.29983       3.254      2.2033    0.190514
     3.48839       0.436      1.4643    0.118726
     3.67696       0.114      0.8246    0.117803
     3.86552       1.048     0.69625   0.0923805
     4.05408       0.198      0.3527   0.0651244
     4.24264           0     0.39775   0.0827708
      4.4312           0      0.3063   0.0665806
     4.61976           0     0.34395   0.0790072
     4.80833           0     0.03095   0.0137654
     4.99689           0     0.00725  0.00501183
     5.18545           0     0.00185  0.00182673
     5.37401           0           0           0
     5.56257           0           0           0
   0.0942809           0       0.128   0.0316104
    0.282843       1.324    0.957463   0.0992283
    0.471405       1.138      1.9822    0.155917
    0.659966        3.85      3.7541    0.239491
    0.848528       5.604     6.02034    0.288442
     1.03709      10.558     7.68488    0.334949
     1.22565       7.968      9.0918    0.346064
     1.41421       8.836     9.20849    0.437102
     1.60278       7.928     8.68732    0.291573
     1.79134      13.656     9.81132     0.27239
      1.9799       8.896     9.33707    0.276286
     2.16846       8.846     9.47561    0.260253
     2.35702       7.948      7.4599    0.330279
     2.54558       5.332     5.92873    0.564676
     2.73415       6.506     5.45073    0.310989
     2.92271        3.51     3.63429    0.181806
     3.11127       1.836     2.81624    0.186639
     3.29983        2.24      2.2042    0.185869
     3.48839        0.13     1.43176    0.120208
     3.67696       0.064    0.806049    0.116381
     3.86552       0.742    0.697366    0.090134
     4.05408       0.312    0.351707   0.0635436
     4.24264       0.562    0.401756   0.0808489
      4.4312       0.214    0.304049   0.0649948
     4.61976           0    0.335561   0.0775243
     4.80833           0   0.0301951   0.0134503
     4.99689           0  0.00707317  0.00489271
     5.18545           0  0.00180488  0.00178273
     5.37401           0           0           0
     5.56257           0           0           0
   0.0942809           0    0.124952   0.0310044
    0.282843       0.646    0.950048   0.0971424
    0.471405        2.58     1.99643    0.152853
    0.659966       5.798     3.80276    0.238682
    0.848528       8.376     6.07643    0.286976
     1.03709       8.968     7.71543    0.328364
     1.22565      13.132       9.188     0.35094
     1.41421       5.584     9.12219     0.43513
     1.60278       2.762     8.54624    0.316929
     1.79134         9.3     9.79914    0.266177
      1.9799       10.13     9.35595    0.270352
     2.16846       7.982     9.44005    0.256475
     2.35702       7.646     7.46433    0.322445
     2.54558       6.074     5.93219    0.551242
     2.73415       6.504     5.47581    0.304594
     2.92271       5.608     3.68129     0.18345
     3.11127       2.968     2.81986     0.18223
     3.29983        2.08     2.20124    0.181467
     3.48839       0.538     1.41048    0.119215
     3.67696       0.162    0.790714    0.114616
     3.86552       0.012    0.681048   0.0894529
     4.05408       0.058    0.344714   0.0624142
     4.24264       0.172    0.396286   0.0791088
      4.4312        0.81    0.316095    0.064554
     4.61976        0.11     0.33019   0.0758643
     4.80833           0   0.0294762   0.0131492
     4.99689           0  0.00690476  0.00477911
     5.18545           0   0.0017619   0.0017408
     5.37401           0           0           0
     5.56257           0           0           0
   0.0942809       0.014    0.122372   0.0303905
    0.282843       0.852    0.947767   0.0949101
    0.471405       2.788     2.01484    0.150403
    0.659966       3.764     3.80186    0.233133
    0.848528      10.222     6.17284    0.296053
     1.03709       7.772     7.71674    0.320731
     1.22565       9.168     9.18753    0.342779
     1.41421       8.828     9.11535    0.425064
     1.60278       5.316     8.47112    0.318337
     1.79134       8.058     9.75865    0.263048
      1.9799      11.934     9.41591    0.270631
     2.16846       8.072     9.40823    0.252476
     2.35702       6.568     7.44349    0.315619
     2.54558       5.592     5.92428    0.538479
     2.73415       9.146     5.56116    0.309238
     2.92271       3.504     3.67716     0.17923
     3.11127       3.104     2.82647    0.178112
     3.29983       1.984     2.19619    0.177317
     3.48839       0.314     1.38498    0.119138
     3.67696           0    0.772326    0.113416
     3.86552           0    0.665209   0.0887637
     4.05408       0.216    0.341721   0.0610345
     4.24264       0.406    0.396512   0.0772694
      4.4312       0.378    0.317535   0.0630688
     4.61976           0    0.322512   0.0744876
     4.80833           0   0.0287907   0.0128613
     4.99689           0  0.00674419  0.00467067
     5.18545           0  0.00172093   0.0017008
     5.37401           0           0           0
     5.56257           0           0           0
   0.0942809           0    0.119591   0.0298268
    0.282843       1.202    0.953545   0.0929287
    0.471405        1.43     2.00155    0.147571
    0.659966       4.758     3.82359    0.228845
    0.848528       6.588     6.18227    0.289475
     1.03709       8.944     7.74464    0.314652
     1.22565      10.178     9.21005    0.335727
     1.41421       9.534     9.12486     0.41551
     1.60278       6.488     8.42605    0.314277
     1.79134       7.866     9.71564    0.260563
      1.9799      13.488     9.50845    0.279858
     2.16846       9.576     9.41205    0.246767
     2.35702        6.64     7.42523    0.308974
     2.54558       5.926     5.92432    0.526241
     2.73415       3.926       5.524    0.304435
     2.92271        3.23       3.667    0.175445
     3.11127       3.448     2.84059    0.174623
     3.29983       1.024     2.16955    0.175277
     3.48839       1.732     1.39286    0.116691
     3.67696       0.874    0.774636    0.110862
     3.86552       0.148    0.653455   0.0875212
     4.05408           1    0.356682   0.0614536
     4.24264           0      0.3875   0.0760369
      4.4312           0    0.310318   0.0620469
     4.61976           0    0.315182   0.0731545
     4.80833           0   0.0281364   0.0125856
     4.99689           0  0.00659091  0.00456703
     5.18545           0  0.00168182   0.0016626
     5.37401           0           0           0
     5.56257           0           0           0
   0.0942809       0.192      0.1212   0.0292074
    0.282843       1.396    0.963378   0.0913823
    0.471405       3.466     2.03409    0.147836
    0.659966       4.488     3.83836    0.224235
    0.848528       6.236     6.18347    0.283045
     1.03709        8.02     7.75076    0.307719
     1.22565       8.122     9.18587    0.329135
     1.41421       9.026     9.12267    0.406283
     1.60278       9.178     8.44276    0.307737
     1.79134       5.864     9.63004    0.268463
      1.9799       12.52     9.57538    0.281527
     2.16846       8.724     9.39676    0.241756
     2.35702       9.936     7.48102    0.307104
     2.54558       7.142     5.95138    0.515242
     2.73415        4.55     5.50236    0.298438
     2.92271       3.522     3.66378    0.171576
     3.11127       1.912     2.81996    0.171957
     3.29983       1.258     2.14929    0.172549
     3.48839       0.504     1.37311    0.115758
     3.67696       0.534    0.769289    0.108527
     3.86552       0.126    0.641733   0.0863576
     4.05408        0.26    0.354533   0.0601255
     4.24264       0.896      0.3988   0.0751822
      4.4312       0.128    0.306267   0.0608002
     4.61976           0    0.308178   0.0718633
     4.80833           0   0.0275111   0.0123215
     4.99689           0  0.00644444  0.00446789
     5.18545           0  0.00164444  0.00162607
     5.37401           0           0           0
     5.56257           0           0           0
   0.0942809           0    0.118565    0.028691
    0.282843       1.596     0.97713   0.0904247
    0.471405       4.022      2.0773    0.150806
    0.659966       3.986     3.84157    0.219384
    0.848528       4.634     6.14978    0.278889
     1.03709       5.324       7.698    0.305518
     1.22565        8.03     9.16074    0.322938
     1.41421      10.768     9.15843    0.399022
     1.60278       8.538     8.44483    0.301054
     1.79134       6.888     9.57043    0.269163
      1.9799      13.662     9.66422    0.289084
     2.16846      10.212     9.41448    0.237149
     2.35702       8.522     7.50365    0.301261
     2.54558       8.656     6.01017    0.507385
     2.73415       3.966     5.46896    0.293813
     2.92271       4.262     3.67678    0.168338
     3.11127       2.802     2.81957     0.16822
     3.29983       0.538     2.11426    0.172316
     3.48839       1.166     1.36861    0.113329
     3.67696       0.428     0.76187    0.106422
     3.86552           0    0.627783   0.0855997
     4.05408           0    0.346826   0.0593104
     4.24264           0     0.39013    0.074046
      4.4312           0    0.299609   0.0598419
     4.61976           0    0.301478   0.0706127
     4.80833           0    0.026913   0.0120681
     4.99689           0  0.00630435  0.00437296
     5.18545           0   0.0016087  0.00159111
     5.37401           0           0           0
     5.56257           0           0           0
   0.0942809       0.088    0.117915   0.0280879
    0.282843       2.656     1.01285   0.0952953
    0.471405       4.312     2.12485    0.154912
    0.659966       2.554     3.81417     0.21642
    0.848528        5.36     6.13298    0.273461
     1.03709       5.542     7.65213    0.302442
     1.22565        6.85     9.11157    0.319788
     1.41421       9.284     9.16111    0.390541
     1.60278       8.508     8.44617    0.294652
     1.79134       7.924      9.5354    0.265706
      1.9799      10.738     9.68706    0.283835
     2.16846       9.746     9.42153    0.232209
     2.35702        7.77     7.50932    0.294904
     2.54558      11.258     6.12183    0.508726
     2.73415       6.608     5.49319     0.28856
     2.92271       3.634     3.67587    0.164759
     3.11127       3.168     2.82698    0.164804
     3.29983       0.108     2.07157    0.173857
     3.48839       1.758     1.37689     0.11122
     3.67696       0.134    0.748511    0.104992
     3.86552           0    0.614426   0.0848142
     4.05408           0    0.339447   0.0585057
     4.24264           0     0.38183   0.0729343
      4.4312           0    0.293234   0.0589073
     4.61976           0    0.295064    0.069401
     4.80833           0   0.0263404   0.0118249
     4.99689           0  0.00617021  0.00428197
     5.18545           0  0.00157447  0.00155763
     5.37401           0           0           0
     5.56257           0           0           0
   0.0942809       0.026       0.116    0.027568
    0.282843       0.298    0.997958   0.0944666
    0.471405       3.026     2.14363    0.152818
    0.659966       4.464     3.82771    0.212334
    0.848528       4.578     6.10058    0.269676
     1.03709        5.52     7.60771    0.299385
     1.22565       9.306     9.11562    0.313151
     1.41421       9.224     9.16242    0.382407
     1.60278        9.45     8.46708    0.289254
     1.79134       8.492     9.51367    0.261058
      1.9799      10.028     9.69417     0.27801
     2.16846      10.322     9.44029    0.228127
     2.35702      11.076     7.58362    0.297975
     2.54558       8.736     6.17629    0.501035
     2.73415       2.524     5.43133    0.289102
     2.92271       4.478     3.69258    0.162171
     3.11127       3.956      2.8505     0.16304
     3.29983       1.112     2.05158     0.17138
     3.48839       1.292     1.37512    0.108917
     3.67696       0.064     0.73425    0.103769
     3.86552       0.028    0.602208   0.0839225
     4.05408           0    0.332375   0.0577126
     4.24264           0    0.373875   0.0718473
      4.4312           0    0.287125   0.0579959
     4.61976           0    0.288917   0.0682268
     4.80833           0   0.0257917   0.0115913
     4.99689           0  0.00604167  0.00419469
     5.18545           0  0.00154167  0.00152552
     5.37401           0           0           0
     5.56257           0           0           0
   0.0942809           0    0.113633   0.0271068
    0.282843       0.224    0.982163   0.0938499
    0.471405        1.82     2.13702    0.149842
    0.659966       4.878     3.84914     0.20908
    0.848528       3.842     6.05449    0.268082
     1.03709        9.01     7.63633     0.29464
     1.22565       9.032     9.11392    0.306765
     1.41421        8.39     9.14665    0.374927
     1.60278       10.18     8.50204    0.285456
     1.79134       6.774     9.45776     0.26165
      1.9799      10.296     9.70645    0.272608
     2.16846      10.758     9.46718    0.225051
     2.35702      10.984     7.65302    0.299866
     2.54558       4.988     6.15204    0.491396
     2.73415       6.006     5.44306     0.28344
     2.92271       4.928      3.7178     0.16081
     3.11127       3.318     2.86004    0.159992
     3.29983       1.086     2.03188    0.169012
     3.48839        0.27     1.35257    0.109004
     3.67696       0.428       0.728    0.101839
     3.86552       0.378    0.597633   0.0823344
     4.05408        0.41    0.333959   0.0565566
     4.24264           0    0.366245    0.070785
      4.4312           0    0.281265   0.0571076
     4.61976           0     0.28302   0.0670888
     4.80833           0   0.0252653   0.0113667
     4.99689           0  0.00591837   0.0041109
     5.18545           0   0.0015102  0.00149471
     5.37401           0           0           0
     5.56257           0           0           0
   0.0942809       0.004     0.11144   0.0266532
    0.282843       0.806     0.97864    0.092039
    0.471405       1.448     2.12324    0.147477
    0.659966       3.478     3.84172     0.20503
    0.848528        6.22      6.0578    0.262741
     1.03709        6.51      7.6138    0.289607
     1.22565       9.506     9.12176     0.30073
     1.41421       8.008     9.12388     0.36812
     1.60278      11.594     8.56388    0.286366
     1.79134       9.586     9.46032    0.256429
      1.9799       9.566     9.70364     0.26717
     2.16846       8.626     9.45036    0.221178
     2.35702      11.158     7.72312    0.301951
     2.54558       5.806     6.14512    0.481617
     2.73415        5.29        5.44    0.277788
     2.92271        3.75     3.71844    0.157595
     3.11127       2.878      2.8604    0.156792
     3.29983       1.572     2.02268    0.165882
     3.48839       0.744      1.3404    0.107502
     3.67696       0.168      0.7168    0.100416
     3.86552       0.236      0.5904   0.0810048
     4.05408       1.046      0.3482   0.0571902
     4.24264           0     0.35892   0.0697473
      4.4312           0     0.27564   0.0562418
     4.61976           0     0.27736   0.0659853
     4.80833           0     0.02476   0.0111506
     4.99689           0      0.0058  0.00403038
     5.18545           0     0.00148  0.00146513
     5.37401           0           0           0
     5.56257           0           0           0
   0.0942809           0    0.109255     0.02622
    0.282843        1.25    0.983961    0.090388
    0.471405       0.772     2.09675    0.146946
    0.659966       2.284     3.81118    0.203272
    0.848528       5.926     6.05522    0.257602
     1.03709       6.948     7.60075    0.284223
     1.22565      10.668     9.15208    0.296357
     1.41421       10.01     9.14125    0.361311
     1.60278       12.32     8.63753    0.290068
     1.79134       5.448     9.38165    0.263193
      1.9799       12.08     9.75024    0.265964
     2.16846       6.212     9.38686    0.225772
     2.35702      11.002     7.78741    0.302797
     2.54558        7.99     6.18129     0.47353
     2.73415        5.35     5.43824    0.272347
     2.92271       3.984     3.72365    0.154591
     3.11127       1.676     2.83718    0.155428
     3.29983       0.644     1.99565    0.164817
     3.48839       1.334     1.34027    0.105394
     3.67696        0.85    0.719412   0.0984815
     3.86552       0.252    0.583765   0.0796878
     4.05408           1     0.36098   0.0574792
     4.24264           0    0.351882   0.0687338
      4.4312           0    0.270235   0.0553981
     4.61976           0    0.271922   0.0649152
     4.80833           0   0.0242745   0.0109425
     4.99689           0  0.00568627  0.00395296
     5.18545           0  0.00145098  0.00143668
     5.37401           0           0           0
     5.56257           0           0           0
   0.0942809           0    0.107154   0.0257998
    0.282843       1.132    0.986808   0.0886946
    0.471405       1.682     2.08877    0.144337
    0.659966       2.582     3.78754    0.200733
    0.848528       6.892     6.07131     0.25315
     1.03709       4.834     7.54754    0.283693
     1.22565      10.244     9.17308    0.291401
     1.41421      11.474     9.18612    0.357137
     1.60278       9.932     8.66242    0.285556
     1.79134      10.054     9.39458    0.258449
      1.9799       9.288     9.74135    0.260998
     2.16846       6.666     9.33454    0.227413
     2.35702        8.95     7.80977    0.297798
     2.54558       6.866     6.19446    0.464607
     2.73415       6.838     5.46515    0.268436
     2.92271       4.534     3.73923    0.152401
     3.11127       1.962     2.82035    0.153348
     3.29983       1.364      1.9835    0.162095
     3.48839       1.164     1.33688    0.103422
     3.67696       0.542       0.716   0.0966467
     3.86552           0    0.572538   0.0789421
     4.05408           1    0.373269   0.0576725
     4.24264           0    0.345115   0.0677443
      4.4312           0    0.265038    0.054576
     4.61976           0    0.266692   0.0638771
     4.80833           0   0.0238077    0.010742
     4.99689           0  0.00557692  0.00387846
     5.18545           0  0.00142308  0.00140933
     5.37401           0           0           0
     5.56257           0           0           0
   0.0942809       0.308    0.110943   0.0255898
    0.282843       2.024     1.00638   0.0891539
    0.471405       1.702     2.08147    0.141798
    0.659966       3.622     3.78442    0.196969
    0.848528        4.29      6.0377    0.250595
     1.03709       8.264     7.56106    0.278662
     1.22565       7.506     9.14162    0.287596
     1.41421       11.63     9.23223    0.353363
     1.60278       9.024     8.66925    0.280249
     1.79134         9.7     9.40034    0.253637
      1.9799        9.38     9.73453    0.256162
     2.16846       7.868     9.30687    0.224799
     2.35702       7.814     7.80985     0.29218
     2.54558       4.312     6.15894    0.457196
     2.73415       8.594     5.52419    0.269785
     2.92271        7.21     3.80472    0.162989
     3.11127       2.018     2.80521      0.1512
     3.29983       0.506     1.95562    0.161416
     3.48839       0.464     1.32042    0.102773
     3.67696       0.492    0.711774   0.0949155
     3.86552        0.73    0.575509   0.0775085
     4.05408        0.31    0.372075   0.0565967
     4.24264       0.232    0.342981   0.0664997
      4.4312           0    0.260038   0.0537749
     4.61976           0     0.26166   0.0628698
     4.80833           0   0.0233585   0.0105487
     4.99689           0   0.0054717   0.0038067
     5.18545           0  0.00139623  0.00138299
     5.37401           0           0           0
     5.56257           0           0           0
   0.0942809           0    0.108889   0.0251983
    0.282843        0.69     1.00052   0.0876952
    0.471405        1.05     2.06237    0.140453
    0.659966       2.614     3.76274    0.194511
    0.848528       8.902     6.09074    0.251505
     1.03709       8.448     7.57748    0.273986
     1.22565       8.618     9.13193    0.282433
     1.41421       7.876     9.20711    0.347711
     1.60278       10.26      8.6987    0.276603
     1.79134      10.636     9.42322     0.24997
      1.9799      12.514       9.786    0.256538
     2.16846        7.81     9.27915    0.222339
     2.35702       4.554     7.74956    0.292924
     2.54558        5.74     6.15119    0.448795
     2.73415       7.212     5.55544    0.266593
     2.92271       4.408     3.81589    0.160353
     3.11127       3.428     2.81674    0.148839
     3.29983       1.036     1.93859    0.159322
     3.48839       1.132     1.31693    0.100929
     3.67696       0.954    0.716259   0.0932638
     3.86552       0.118    0.567037   0.0765348
     4.05408           0    0.365185   0.0559664
     4.24264           0     0.33663   0.0655709
      4.4312           0    0.255222   0.0529942
     4.61976           0    0.256815    0.061892
     4.80833           0   0.0229259   0.0103623
     4.99689           0  0.00537037  0.00373756
     5.18545           0  0.00137037  0.00135762
     5.37401           0           0           0
     5.56257           0           0           0
   0.0942809           0    0.106909   0.0248178
    0.282843       0.462    0.990727   0.0866456
    0.471405       0.638     2.03647    0.140266
    0.659966       3.434     3.75676    0.191066
    0.848528      10.418     6.16942    0.258946
     1.03709       6.398     7.55604    0.269842
     1.22565       6.872     9.09084    0.280271
     1.41421          10     9.22153    0.341687
     1.60278      11.864     8.75625    0.277497
     1.79134       9.896     9.43182    0.245573
      1.9799      11.018      9.8084    0.252849
     2.16846       8.968     9.27349    0.218368
     2.35702       6.032     7.71833    0.289258
     2.54558       3.862     6.10956    0.442561
     2.73415        4.91     5.54371    0.262004
     2.92271        6.59     3.86633     0.16518
     3.11127       4.048     2.83913    0.147807
     3.29983       1.388     1.92858     0.15674
     3.48839       0.212     1.29684    0.101074
     3.67696       0.764    0.717127   0.0915721
     3.86552       0.226    0.560836   0.0753941
     4.05408           0    0.358545   0.0553413
     4.24264           0    0.330509   0.0646637
      4.4312           0    0.250582   0.0522334
     4.61976           0    0.252145   0.0609426
     4.80833           0   0.0225091   0.0101822
     4.99689           0  0.00527273  0.00367088
     5.18545           0  0.00134545  0.00133317
     5.37401           0           0           0
     5.56257           0           0           0
   0.0942809           0       0.105   0.0244479
    0.282843           0    0.973036   0.0868857
    0.471405       0.926     2.01664    0.139156
    0.659966        3.32     3.74896    0.187813
    0.848528       9.184     6.22325    0.259858
     1.03709       9.014     7.58207    0.266276
     1.22565       8.852     9.08657    0.275299
     1.41421       9.736     9.23071    0.335709
     1.60278       6.962     8.72421    0.274385
     1.79134        9.88     9.43982    0.241318
      1.9799      10.462     9.82007    0.248603
     2.16846       9.014     9.26886    0.214518
     2.35702       8.118     7.72546    0.284181
     2.54558       3.656     6.06575    0.436822
     2.73415        5.62     5.54507    0.257329
     2.92271         5.4     3.89371    0.164485
     3.11127       2.812     2.83864    0.145168
     3.29983       2.916     1.94621    0.154929
     3.48839           1     1.29154   0.0994077
     3.67696       0.896    0.720321   0.0899926
     3.86552       0.096    0.552536   0.0745033
     4.05408       0.136    0.354571   0.0544956
     4.24264           0    0.324607   0.0637778
      4.4312           0    0.246107    0.051492
     4.61976           0    0.247643   0.0600204
     4.80833           0   0.0221071   0.0100083
     4.99689           0  0.00517857  0.00360653
     5.18545           0  0.00132143  0.00130958
     5.37401           0           0           0
     5.56257           0           0           0
   0.0942809           0    0.103158   0.0240883
    0.282843       0.574    0.966035    0.085643
    0.471405       1.452     2.00674    0.137067
    0.659966         4.2     3.75688    0.184685
    0.848528       5.138     6.20421    0.255995
     1.03709       8.706     7.60179    0.262334
     1.22565       11.71      9.1326    0.274289
     1.41421      10.818     9.25856    0.330973
     1.60278       9.872     8.74435    0.270309
     1.79134       8.894     9.43025    0.237274
      1.9799       7.334     9.77646    0.248038
     2.16846      10.022     9.28207    0.211161
     2.35702       7.008     7.71288    0.279474
     2.54558       3.028     6.01246    0.432397
     2.73415        6.55      5.5627    0.253418
     2.92271       4.944     3.91214    0.162628
     3.11127       2.828     2.83846    0.142622
     3.29983       2.352     1.95333    0.152375
     3.48839       2.052     1.30488   0.0985549
     3.67696       0.518    0.716772   0.0884837
     3.86552           0    0.542842   0.0738241
     4.05408           0    0.348351   0.0538934
     4.24264           0    0.318912   0.0629126
      4.4312           0    0.241789   0.0507693
     4.61976           0    0.243298   0.0591245
     4.80833           0   0.0217193  0.00984027
     4.99689           0  0.00508772  0.00354441
     5.18545           0  0.00129825  0.00128681
     5.37401           0           0           0
     5.56257           0           0           0
   0.0942809       0.064    0.102483   0.0236825
    0.282843       0.988    0.966414   0.0841672
    0.471405       2.188     2.00986    0.134739
    0.659966        2.13     3.72883    0.183618
    0.848528       3.614     6.15955    0.255447
     1.03709       6.778     7.58759    0.258195
     1.22565      10.324     9.15314    0.270328
     1.41421      13.302     9.32828    0.332527
     1.60278      12.838     8.81493    0.274709
     1.79134       7.672     9.39993    0.235112
      1.9799       8.608     9.75631    0.244579
     2.16846        9.53     9.28634    0.207563
     2.35702       8.396     7.72466    0.274903
     2.54558       4.102     5.97952    0.426195
     2.73415       4.466     5.54379    0.249753
     2.92271       5.072     3.93214    0.161049
     3.11127       5.084     2.87717    0.145323
     3.29983        1.12     1.93897    0.150424
     3.48839       1.452     1.30741   0.0968883
     3.67696       0.272    0.709103   0.0872898
     3.86552           0    0.533483   0.0731422
     4.05408           0    0.342345   0.0532978
     4.24264           0    0.313414   0.0620677
      4.4312           0    0.237621   0.0500649
     4.61976           0    0.239103   0.0582537
     4.80833           0   0.0213448  0.00967773
     4.99689           0       0.005  0.00348438
     5.18545           0  0.00127586  0.00126482
     5.37401           0           0           0
     5.56257           0           0           0
   0.0942809           0    0.100746   0.0233447
    0.282843       0.872    0.964814   0.0827559
    0.471405       0.918     1.99136     0.13372
    0.659966       2.998     3.71644    0.180923
    0.848528       3.912     6.12146    0.253942
     1.03709       7.556     7.58705     0.25382
     1.22565       12.11     9.20325    0.270352
     1.41421        9.23     9.32661    0.326895
     1.60278      11.454     8.85966     0.27367
     1.79134       7.316     9.36461    0.233765
      1.9799      10.998     9.77736    0.241337
     2.16846        9.78     9.29471    0.204214
     2.35702        8.91     7.74475    0.270977
     2.54558       5.318     5.96831    0.419118
     2.73415        3.42      5.5078      0.2481
     2.92271        4.99     3.95007    0.159314
     3.11127       6.084     2.93153    0.152686
     3.29983       1.118     1.92505    0.148516
     3.48839       0.312     1.29054   0.0967039
     3.67696       0.704    0.709017   0.0858104
     3.86552           0    0.524441   0.0724592
     4.05408           0    0.336542   0.0527094
     4.24264           0    0.308102   0.0612426
      4.4312           0    0.233593    0.049378
     4.61976           0    0.235051   0.0574071
     4.80833           0   0.0209831  0.00952046
     4.99689           0  0.00491525  0.00342635
     5.18545           0  0.00125424  0.00124356
     5.37401           0           0           0
     5.56257           0           0           0
   0.0942809       0.062      0.1001   0.0229645
    0.282843         0.7      0.9604   0.0814942
    0.471405       2.134     1.99373    0.131513
    0.659966        3.08     3.70583    0.178219
    0.848528       3.092     6.07097     0.25468
     1.03709       5.496      7.5522     0.25197
     1.22565      11.978      9.2495    0.269772
     1.41421        7.24     9.29183    0.323292
     1.60278      12.574     8.92157    0.276022
     1.79134       10.11     9.37703    0.230199
      1.9799       9.194     9.76763     0.23751
     2.16846      11.294     9.32803    0.203511
     2.35702       8.496     7.75727     0.26675
     2.54558       6.926     5.98427    0.412437
     2.73415       5.038     5.49997    0.244089
     2.92271       2.586     3.92733    0.158273
     3.11127       5.296     2.97093    0.155143
     3.29983       1.216     1.91323     0.14651
     3.48839       0.824     1.28277   0.0954043
     3.67696         0.5    0.705533   0.0844509
     3.86552       0.164    0.518433   0.0715002
     4.05408           0    0.330933   0.0521285
     4.24264           0    0.302967   0.0604368
      4.4312           0      0.2297   0.0487083
     4.61976           0    0.231133   0.0565838
     4.80833           0   0.0206333  0.00936821
     4.99689           0  0.00483333  0.00337023
     5.18545           0  0.00123333  0.00122301
     5.37401           0           0           0
     5.56257           0           0           0
   0.0942809        0.01    0.098623   0.0226355
    0.282843       0.046     0.94541   0.0815253
    0.471405       1.586     1.98705    0.129527
    0.659966       3.118      3.6962    0.175557
    0.848528       5.942     6.06885    0.250514
     1.03709       6.896     7.54144    0.248069
     1.22565      13.008     9.31111    0.272295
     1.41421       4.272     9.20954    0.328298
     1.60278       8.908     8.92134    0.271497
     1.79134       8.156     9.35702    0.227294
      1.9799      11.754      9.8002    0.235838
     2.16846      14.602     9.41449    0.217767
     2.35702       8.058      7.7622    0.262422
     2.54558        4.98      5.9678    0.406004
     2.73415        5.68     5.50292    0.240105
     2.92271        4.76     3.94098    0.156266
     3.11127       4.368     2.99384    0.154281
     3.29983        0.92     1.89695     0.14501
     3.48839       0.614      1.2718   0.0944681
     3.67696       0.206    0.697344   0.0834625
     3.86552       0.116    0.511836   0.0706317
     4.05408           0    0.325508   0.0515554
     4.24264           0       0.298   0.0596498
      4.4312           0    0.225934   0.0480551
     4.61976           0    0.227344    0.055783
     4.80833           0   0.0202951  0.00922073
     4.99689           0   0.0047541  0.00331591
     5.18545           0  0.00121311  0.00120313
     5.37401           0           0           0
     5.56257           0           0           0
   0.0942809           0   0.0970323   0.0223263
    0.282843       0.502    0.938258   0.0805234
    0.471405       2.804     2.00023    0.128106
    0.659966        3.93     3.69997    0.172766
    0.848528        5.21       6.055    0.246856
     1.03709       8.508     7.55703    0.244558
     1.22565       6.856     9.27152    0.270767
     1.41421       7.712     9.18539    0.323891
     1.60278        7.93     8.90535    0.267588
     1.79134       9.252     9.35532    0.223634
      1.9799       10.46     9.81084    0.232275
     2.16846      11.448     9.44729     0.21671
     2.35702       8.376      7.7721    0.258376
     2.54558       7.586      5.9939    0.400294
     2.73415       4.652     5.48919    0.236625
     2.92271       6.066     3.97526    0.157459
     3.11127       4.804     3.02303    0.154531
     3.29983       1.478     1.89019    0.142829
     3.48839       0.272     1.25568   0.0943108
     3.67696       0.154    0.688581   0.0825752
     3.86552           0    0.503581   0.0699733
     4.05408           0    0.320258   0.0509905
     4.24264           0    0.293194    0.058881
      4.4312           0     0.22229    0.047418
     4.61976           0    0.223677   0.0550036
     4.80833           0   0.0199677  0.00907782
     4.99689           0  0.00467742  0.00326331
     5.18545           0  0.00119355  0.00118388
     5.37401           0           0           0
     5.56257           0           0           0
   0.0942809           0   0.0954921   0.0220249
    0.282843       0.496    0.931238   0.0795507
    0.471405        1.09     1.98578    0.126885
    0.659966       3.502     3.69683    0.170053
    0.848528       8.492     6.09368     0.24595
     1.03709        8.11     7.56581    0.240833
     1.22565       7.082     9.23676    0.268691
     1.41421        7.99     9.16641    0.319305
     1.60278      11.402     8.94498    0.266259
     1.79134       9.008     9.34981    0.220152
      1.9799       11.77     9.84194     0.23066
     2.16846      10.424     9.46279    0.213824
     2.35702       3.698     7.70743    0.262243
     2.54558       3.972     5.96181    0.395224
     2.73415       6.052     5.49813    0.233037
     2.92271       4.912     3.99013     0.15566
     3.11127       5.988      3.0701    0.159083
     3.29983       2.584     1.90121    0.140986
     3.48839       0.486     1.24346   0.0936017
     3.67696       0.148        0.68   0.0817091
     3.86552       0.332    0.500857   0.0689156
     4.05408       0.462    0.322508   0.0502307
     4.24264           0     0.28854     0.05813
      4.4312           0    0.218762   0.0467965
     4.61976           0    0.220127    0.054245
     4.80833           0   0.0196508  0.00893926
     4.99689           0  0.00460317  0.00321236
     5.18545           0   0.0011746  0.00116524
     5.37401           0           0           0
     5.56257           0           0           0
   0.0942809       0.216    0.097375   0.0217611
    0.282843       0.378    0.922594    0.078776
    0.471405       1.464     1.97763    0.125164
    0.659966       2.066     3.67134    0.169294
    0.848528       6.028     6.09266    0.242109
     1.03709       5.796     7.53816    0.238652
     1.22565      13.624     9.30531    0.273097
     1.41421       8.876     9.16188    0.314348
     1.60278       12.18     8.99553    0.266854
     1.79134       8.882      9.3425    0.216834
      1.9799      12.258     9.87969    0.230125
     2.16846      10.148      9.4735    0.210751
     2.35702        5.84     7.67825    0.259764
     2.54558       3.426     5.92219     0.39103
     2.73415       4.348     5.48016    0.230088
     2.92271       3.544     3.98316    0.153384
     3.11127       5.518     3.10834     0.16113
     3.29983       1.776     1.89925    0.138796
     3.48839       0.528     1.23228   0.0928044
     3.67696       1.104    0.686625   0.0807005
     3.86552           0    0.493031   0.0682817
     4.05408           0    0.317469    0.049698
     4.24264           0    0.284031   0.0573963
      4.4312           0    0.215344   0.0461899
     4.61976           0    0.216687   0.0535064
     4.80833           0   0.0193438  0.00880486
     4.99689           0  0.00453125  0.00316297
     5.18545           0  0.00115625  0.00114718
     5.37401           0           0           0
     5.56257           0           0           0
   0.0942809           0   0.0958769   0.0214778
    0.282843        0.15    0.910708   0.0784556
    0.471405       2.286     1.98237    0.123328
    0.659966       3.408     3.66729    0.166738
    0.848528       4.092     6.06188    0.240333
     1.03709       8.294     7.54978    0.235264
     1.22565       9.372     9.30634    0.268898
     1.41421       9.844     9.17237    0.309687
     1.60278      11.772     9.03825    0.266145
     1.79134       9.296     9.34178    0.213499
      1.9799      10.878     9.89505    0.227096
     2.16846      10.786     9.49369    0.208474
     2.35702        5.93     7.65135    0.257156
     2.54558       7.798     5.95105    0.386078
     2.73415       4.748     5.46889    0.226824
     2.92271       2.892     3.96637     0.15194
     3.11127        3.83     3.11945    0.159033
     3.29983        1.02     1.88572    0.137319
     3.48839       0.026     1.21372   0.0932137
     3.67696        0.44    0.682831   0.0795481
     3.86552       0.228    0.488954   0.0673528
     4.05408       0.262    0.316615   0.0489408
     4.24264       0.526    0.287754   0.0566339
      4.4312       0.122    0.213908   0.0455016
     4.61976           0    0.213354   0.0527869
     4.80833           0   0.0190462  0.00867442
     4.99689           0  0.00446154  0.00311508
     5.18545           0  0.00113846  0.00112967
     5.37401           0           0           0
     5.56257           0           0           0
   0.0942809           0   0.0944242   0.0212015
    0.282843        0.05    0.897667   0.0783432
    0.471405       0.954     1.96679     0.12244
    0.659966       4.292     3.67676     0.16448
    0.848528       4.598      6.0397    0.237712
     1.03709        6.86     7.53933    0.231931
     1.22565        6.94     9.27048    0.267203
     1.41421      13.154      9.2327    0.310815
     1.60278      10.416     9.05912     0.26293
     1.79134      11.798       9.379    0.213483
      1.9799      10.464     9.90367    0.223819
     2.16846       8.902     9.48473    0.205508
     2.35702        8.05     7.65739    0.253331
     2.54558       6.074     5.95291    0.380232
     2.73415       7.978     5.50691     0.22655
     2.92271       2.688       3.947    0.150868
     3.11127       3.278     3.12185    0.156642
     3.29983       0.504     1.86479    0.136825
     3.48839           0     1.19533   0.0935978
     3.67696           0    0.672485   0.0790127
     3.86552           0    0.481545   0.0667385
     4.05408           1     0.32697   0.0492824
     4.24264           0    0.283394   0.0559433
      4.4312           0    0.210667   0.0449275
     4.61976           0    0.210121    0.052086
     4.80833           0   0.0187576  0.00854779
     4.99689           0  0.00439394  0.00306861
     5.18545           0  0.00112121  0.00111269
     5.37401           0           0           0
     5.56257           0           0           0
   0.0942809           0   0.0930149   0.0209318
    0.282843       0.082    0.885493   0.0781141
    0.471405       3.124     1.98406    0.121824
    0.659966       3.916     3.68033    0.162064
    0.848528       4.656     6.01904     0.23506
     1.03709        9.61     7.57024     0.23052
     1.22565       7.478     9.24373    0.264551
     1.41421       8.176     9.21693    0.306576
     1.60278       9.436     9.06475    0.259066
     1.79134      12.478     9.42525    0.215249
      1.9799      10.466     9.91206    0.220636
     2.16846       8.118     9.46433     0.20345
     2.35702        7.78     7.65922    0.249556
     2.54558        6.87      5.9666    0.374804
     2.73415       5.772     5.51087    0.223204
     2.92271       3.538      3.9409    0.148739
     3.11127        2.17     3.10764    0.154947
     3.29983       2.224     1.87015    0.134887
     3.48839       1.106       1.194   0.0922103
     3.67696           0    0.662448   0.0784684
     3.86552           0    0.474358   0.0661283
     4.05408         0.4     0.32806   0.0485589
     4.24264         0.6    0.288119   0.0553076
      4.4312           0    0.207522   0.0443668
     4.61976           0    0.206985    0.051403
     4.80833           0   0.0184776   0.0084248
     4.99689           0  0.00432836  0.00302351
     5.18545           0  0.00110448   0.0010962
     5.37401           0           0           0
     5.56257           0           0           0
   0.0942809           0   0.0916471   0.0206687
    0.282843        0.03    0.872912   0.0779719
    0.471405       1.032     1.97006    0.120835
    0.659966       6.458     3.72118    0.164748
    0.848528       5.212     6.00718    0.231903
     1.03709       9.054     7.59206     0.22816
     1.22565      10.398     9.26071    0.261204
     1.41421       7.266     9.18824    0.303407
     1.60278       9.824     9.07591    0.255496
     1.79134       9.204       9.422    0.212108
      1.9799      11.074     9.92915    0.218052
     2.16846       9.508     9.46497    0.200459
     2.35702       3.896     7.60388    0.251948
     2.54558        5.74     5.96326    0.369307
     2.73415       7.286     5.53697    0.221442
     2.92271       3.958     3.94115    0.146552
     3.11127        2.62     3.10047    0.152834
     3.29983       2.178     1.87468     0.13298
     3.48839       1.286     1.19535   0.0908642
     3.67696       0.948    0.666647   0.0774267
     3.86552        0.56    0.475618   0.0651678
     4.05408       0.258    0.327029   0.0478557
     4.24264       0.056    0.284706   0.0545995
      4.4312       0.154    0.206735   0.0437214
     4.61976           0    0.203941   0.0507371
     4.80833           0   0.0182059  0.00830528
     4.99689           0  0.00426471  0.00297972
     5.18545           0  0.00108824   0.0010802
     5.37401           0           0           0
     5.56257           0           0           0
   0.0942809       0.252    0.093971   0.0204994
    0.282843       1.174    0.877275   0.0769639
    0.471405       1.144     1.95809    0.119675
    0.659966       4.234     3.72861    0.162528
    0.848528       9.402     6.05638    0.233703
     1.03709       7.074     7.58455    0.224977
     1.22565      12.328     9.30516    0.261174
     1.41421        7.96     9.17043    0.299531
     1.60278      11.534     9.11154    0.254265
     1.79134       7.676      9.3967    0.210538
      1.9799        6.85     9.88452     0.21941
     2.16846       6.496     9.42194     0.20212
     2.35702       5.896     7.57913    0.249509
     2.54558        7.65     5.98771    0.364762
     2.73415       4.166      5.5171    0.219123
     2.92271       3.774     3.93872    0.144448
     3.11127       3.688     3.10899    0.150856
     3.29983       2.538     1.88429      0.1314
     3.48839       0.244     1.18157   0.0905874
     3.67696       2.006    0.686058   0.0787001
     3.86552        1.02    0.483507   0.0646992
     4.05408        0.75    0.333159   0.0475531
     4.24264       0.144    0.282667   0.0538463
      4.4312           0    0.203739   0.0431903
     4.61976           0    0.200986   0.0500878
     4.80833           0    0.017942  0.00818911
     4.99689           0   0.0042029  0.00293718
     5.18545           0  0.00107246  0.00106466
     5.37401           0           0           0
     5.56257           0           0           0
   0.0942809       1.304    0.111257   0.0265112
    0.282843       1.396    0.884686   0.0762203
    0.471405       1.588      1.9528    0.118082
    0.659966       5.174     3.74926    0.161512
    0.848528       9.368     6.10369    0.235104
     1.03709       7.986     7.59029    0.221836
     1.22565       9.374     9.30614    0.257445
     1.41421       9.678     9.17769     0.29534
     1.60278      10.484     9.13114    0.251387
     1.79134       5.734     9.34437    0.213934
      1.9799       6.406     9.83483    0.221832
     2.16846       8.856     9.41386    0.199394
     2.35702       6.742     7.56717    0.246231
     2.54558       6.552     5.99577    0.359641
     2.73415       3.526     5.48866    0.217831
     2.92271       4.072     3.94063    0.142397
     3.11127       3.836     3.11937    0.149058
     3.29983       1.458      1.8782    0.129663
     3.48839       0.466     1.17134   0.0898682
     3.67696       1.958    0.704229   0.0796459
     3.86552       1.188    0.493571   0.0645529
     4.05408       0.854      0.3406   0.0474523
     4.24264           0    0.278629   0.0532282
      4.4312           0    0.200829   0.0426712
     4.61976           0    0.198114   0.0494545
     4.80833           0   0.0176857  0.00807613
     4.99689           0  0.00414286  0.00289583
     5.18545           0  0.00105714  0.00104956
     5.37401           0           0           0
     5.56257           0           0           0
   0.0942809        0.34    0.114479   0.0263328
    0.282843       1.512    0.893521   0.0756571
    0.471405        2.15     1.95558    0.116452
    0.659966       4.586     3.76104    0.159667
    0.848528       9.228     6.14769    0.235874
     1.03709       9.646     7.61924    0.220593
     1.22565       8.906     9.30051    0.253881
     1.41421       7.444     9.15327    0.292188
     1.60278      10.754       9.154    0.248884
     1.79134        7.59     9.31966    0.212343
      1.9799        6.75     9.79138    0.222922
     2.16846        5.89     9.36423    0.202668
     2.35702       9.214     7.59037    0.243853
     2.54558       4.654     5.97687    0.355071
     2.73415        4.87     5.47994    0.214937
     2.92271        7.27     3.98752    0.147911
     3.11127        2.29     3.10769    0.147415
     3.29983       0.918     1.86468    0.128541
     3.48839       0.834     1.16659   0.0887279
     3.67696       0.854    0.706338    0.078552
     3.86552       1.312    0.505099   0.0646647
     4.05408       0.988    0.349718    0.047652
     4.24264           0    0.274704    0.052623
      4.4312           0       0.198   0.0421638
     4.61976           0    0.195324   0.0488366
     4.80833           0   0.0174366  0.00796622
     4.99689           0  0.00408451  0.00285563
     5.18545           0  0.00104225  0.00103489
     5.37401           0           0           0
     5.56257           0           0           0
   0.0942809       0.034    0.113361   0.0259908
    0.282843       2.956    0.922167   0.0798453
    0.471405        2.28     1.96008    0.114921
    0.659966       3.334     3.75511     0.15756
    0.848528       7.808     6.17075    0.233723
     1.03709         8.1     7.62592     0.21763
     1.22565       10.58     9.31828    0.250976
     1.41421       11.84     9.19058    0.290503
     1.60278       6.118     9.11183    0.248973
     1.79134        9.01     9.31536    0.209437
      1.9799      10.364     9.79933    0.219967
     2.16846       5.744     9.31394    0.205996
     2.35702        8.28     7.59994    0.240654
     2.54558       4.286     5.95339    0.350916
     2.73415       6.276       5.491    0.212236
     2.92271       5.168     4.00392    0.146763
     3.11127         1.8     3.08953    0.146483
     3.29983        0.83     1.85031    0.127556
     3.48839       0.442     1.15653   0.0880645
     3.67696       0.624    0.705194   0.0774694
     3.86552       0.354       0.503   0.0638007
     4.05408       1.172    0.361139   0.0483394
     4.24264       0.424    0.276778    0.051933
      4.4312       0.176    0.197694   0.0415793
     4.61976           0    0.192611   0.0482336
     4.80833           0   0.0171944  0.00785926
     4.99689           0  0.00402778  0.00281653
     5.18545           0  0.00102778  0.00102062
     5.37401           0           0           0
     5.56257           0           0           0
   0.0942809           0    0.111808   0.0256811
    0.282843        1.29    0.927205   0.0789104
    0.471405       2.322     1.96504    0.113454
    0.659966        4.71     3.76819    0.155943
    0.848528       5.648     6.16359    0.230631
     1.03709       6.554     7.61123    0.215144
     1.22565      11.338     9.34595    0.249058
     1.41421      12.414     9.23474     0.28986
     1.60278      10.364     9.12899    0.246153
     1.79134       8.886     9.30948    0.206651
      1.9799      10.554     9.80967    0.217197
     2.16846       5.564     9.26258    0.209481
     2.35702        6.34     7.58268    0.237976
     2.54558        4.51     5.93362    0.346665
     2.73415        4.21     5.47345    0.210053
     2.92271       6.076      4.0323    0.147472
     3.11127       2.666     3.08373    0.144591
     3.29983       0.526     1.83216    0.127092
     3.48839       2.082     1.16921   0.0877659
     3.67696       0.022    0.695836   0.0769714
     3.86552       0.026    0.496466   0.0632604
     4.05408       0.046    0.356822   0.0478696
     4.24264       0.048    0.273644    0.051316
      4.4312       0.916    0.207534    0.042158
     4.61976       0.888    0.202137   0.0485044
     4.80833           0   0.0169589  0.00775513
     4.99689           0   0.0039726  0.00277849
     5.18545           0   0.0010137  0.00100673
     5.37401           0           0           0
     5.56257           0           0           0
   0.0942809       0.012    0.110459   0.0253695
    0.282843       1.004    0.928243   0.0778509
    0.471405       1.834     1.96327    0.111935
    0.659966        4.91     3.78362    0.154597
    0.848528       5.324     6.15224    0.227793
     1.03709       4.746     7.57251    0.215692
     1.22565      11.076     9.36932    0.246787
     1.41421      11.076     9.25962    0.287009
     1.60278      13.856     9.19286    0.250978
     1.79134      10.648     9.32757    0.204648
      1.9799        8.35     9.78995    0.215156
     2.16846       8.372     9.25054    0.206996
     2.35702       7.546     7.58219    0.234761
     2.54558       4.726      5.9173    0.342364
     2.73415       3.314     5.44427    0.209231
     2.92271       3.362     4.02324    0.145757
     3.11127       1.824      3.0667    0.143636
     3.29983       1.612     1.82919     0.12541
     3.48839       1.672       1.176   0.0868425
     3.67696       0.918    0.698838   0.0759897
     3.86552         0.6    0.497865    0.062421
     4.05408       0.126    0.353703   0.0473242
     4.24264       0.044    0.270541   0.0507163
      4.4312       0.134    0.206541      0.0416
     4.61976        0.11    0.200892   0.0478649
     4.80833       0.066   0.0176216  0.00767859
     4.99689        0.65   0.0127027  0.00909382
     5.18545       0.088  0.00218919  0.00153278
     5.37401           0           0           0
     5.56257           0           0           0
   0.0942809           0    0.108987   0.0250739
    0.282843       0.298     0.91984    0.077265
    0.471405       0.348     1.94173    0.112495
    0.659966       3.382     3.77827    0.152629
    0.848528       6.662     6.15904    0.224857
     1.03709        5.38     7.54328    0.214788
     1.22565      14.254     9.43445    0.251944
     1.41421      11.712     9.29232    0.285039
     1.60278       9.362     9.19512    0.247642
     1.79134      11.862     9.36136     0.20469
      1.9799       10.27     9.79635    0.212382
     2.16846       7.298     9.22451    0.205867
     2.35702       8.034     7.58821    0.231708
     2.54558       5.438     5.91091    0.337859
     2.73415        3.62     5.41995    0.207851
     2.92271       3.162     4.01176    0.144265
     3.11127       2.318     3.05672    0.142067
     3.29983       1.472     1.82443    0.123828
     3.48839       0.874     1.17197   0.0857779
     3.67696       0.254    0.692907   0.0752077
     3.86552           1     0.50456   0.0619467
     4.05408           0    0.348987   0.0469276
     4.24264           0    0.266933   0.0501682
      4.4312           0    0.203787   0.0411364
     4.61976           0    0.198213   0.0473016
     4.80833        0.41   0.0228533  0.00918721
     4.99689        0.59      0.0204   0.0117884
     5.18545           0     0.00216  0.00151262
     5.37401           0           0           0
     5.56257           0           0           0
   0.0942809       0.308    0.111605   0.0248804
    0.282843       0.304    0.911737   0.0766721
    0.471405       1.538     1.93642     0.11114
    0.659966       2.734     3.76453    0.151238
    0.848528       6.482     6.16329    0.221939
     1.03709       7.298     7.54005    0.211987
     1.22565      13.858     9.49266    0.255264
     1.41421       6.864     9.26037    0.283073
     1.60278       8.946     9.19184    0.244405
     1.79134       11.91     9.39489    0.204726
      1.9799      13.566     9.84595    0.215302
     2.16846       7.838     9.20626    0.203965
     2.35702       7.366     7.58529    0.228677
     2.54558       4.338     5.89021    0.334047
     2.73415        4.31     5.40534    0.205628
     2.92271       4.862     4.02295      0.1428
     3.11127       2.198     3.04542    0.140646
     3.29983       0.642     1.80887    0.123172
     3.48839       0.638     1.16495   0.0849365
     3.67696           0    0.683789   0.0747687
     3.86552           1    0.511079   0.0614737
     4.05408           0    0.344395   0.0465343
     4.24264           0    0.263421   0.0496309
      4.4312           0    0.201105   0.0406824
     4.61976           0    0.195605    0.046751
     4.80833       0.176   0.0248684  0.00928469
     4.99689        0.74   0.0298684   0.0149601
     5.18545       0.084  0.00323684  0.00183645
     5.37401           0           0           0
     5.56257           0           0           0
   0.0942809       0.104    0.111506   0.0245575
    0.282843        0.77    0.909896   0.0756985
    0.471405       2.052     1.93792    0.109707
    0.659966       2.962      3.7541    0.149632
    0.848528       6.164      6.1633    0.219056
     1.03709        9.78     7.56914     0.21122
     1.22565       8.592     9.48096    0.252217
     1.41421       7.498     9.23748    0.280321
     1.60278        8.76     9.18623    0.241295
     1.79134      12.804     9.43917    0.206799
      1.9799       8.052     9.82265    0.213763
     2.16846      10.358     9.22122    0.201864
     2.35702       7.934     7.58982    0.225752
     2.54558       6.798       5.902    0.329917
     2.73415       5.618      5.4081    0.202976
     2.92271       5.014     4.03582    0.141524
     3.11127       1.066     3.01971    0.141149
     3.29983       0.424     1.79088    0.122878
     3.48839        1.29     1.16657    0.083849
     3.67696       0.008    0.675013    0.074311
     3.86552       1.008    0.517532   0.0610131
     4.05408       0.012    0.340078   0.0461297
     4.24264        0.01     0.26013   0.0490953
      4.4312       0.014    0.198675   0.0402266
     4.61976        0.11    0.194494   0.0461571
     4.80833       0.482   0.0308052   0.0108981
     4.99689       0.316   0.0335844   0.0152203
     5.18545           0  0.00319481  0.00181308
     5.37401           0           0           0
     5.56257           0           0           0
   0.0942809       0.082    0.111128   0.0242455
    0.282843       0.334    0.902513   0.0750872
    0.471405        1.62     1.93385    0.108376
    0.659966       4.216     3.76003    0.147831
    0.848528       6.088     6.16233     0.21625
     1.03709       7.234     7.56485    0.208556
     1.22565        7.65     9.45749    0.250073
     1.41421        9.88     9.24572    0.276848
     1.60278       9.394      9.1889    0.238217
     1.79134      14.324     9.50179     0.21342
      1.9799       9.638     9.82028    0.211035
     2.16846       8.784     9.21562    0.199353
     2.35702        9.14     7.60969    0.223731
     2.54558        3.52     5.87146    0.327097
     2.73415       5.788     5.41297    0.200432
     2.92271       4.134     4.03708    0.139716
     3.11127       2.046     3.00723    0.139891
     3.29983        1.02       1.781      0.1217
     3.48839       1.108     1.16582   0.0827773
     3.67696       0.292    0.670103   0.0735203
     3.86552       0.708    0.519974   0.0602798
     4.05408           0    0.335718   0.0457439
     4.24264           0    0.256795   0.0485791
      4.4312           0    0.196128   0.0397914
     4.61976           0       0.192   0.0456326
     4.80833       0.556   0.0375385   0.0126688
     4.99689       0.444   0.0388462   0.0159087
     5.18545           0  0.00315385  0.00179029
     5.37401           0           0           0
     5.56257           0           0           0
   0.0942809        0.25    0.112886   0.0240023
    0.282843       0.034    0.891519   0.0749372
    0.471405       0.964     1.92157    0.107697
    0.659966       4.206     3.76567    0.146068
    0.848528       5.812      6.1579    0.213558
     1.03709       7.656       7.566    0.205919
     1.22565       8.192     9.44147     0.24742
     1.41421      12.578      9.2879    0.276538
     1.60278      11.942     9.22375    0.237737
     1.79134      12.086     9.53451     0.21321
      1.9799       7.236     9.78757    0.210884
     2.16846        8.08     9.20124    0.197347
     2.35702         7.5      7.6083    0.220903
     2.54558        5.44       5.866    0.323002
     2.73415       5.278     5.41127    0.197903
     2.92271       3.394     4.02894    0.138184
     3.11127       2.936     3.00633    0.138123
     3.29983       0.862     1.76937    0.120714
     3.48839       1.554     1.17073   0.0818752
     3.67696           1    0.674278   0.0727082
     3.86552           0    0.513392    0.059875
     4.05408           0    0.331468   0.0453618
     4.24264           0    0.253544   0.0480728
      4.4312           0    0.193646   0.0393651
     4.61976           0     0.18957   0.0451197
     4.80833           0   0.0370633   0.0125173
     4.99689       0.976   0.0507089   0.0196383
     5.18545       0.024  0.00341772  0.00178697
     5.37401           0           0           0
     5.56257           0           0           0
   0.0942809           0    0.111475   0.0237437
    0.282843       0.106      0.8817    0.074641
    0.471405       1.098     1.91128    0.106842
    0.659966        7.02     3.80635    0.149799
    0.848528       5.788     6.15327    0.210939
     1.03709       6.124     7.54797    0.204132
     1.22565       7.858     9.42167    0.245118
     1.41421      10.874     9.30773    0.273791
     1.60278      11.058     9.24667    0.235868
     1.79134       13.78     9.58757    0.217049
      1.9799       8.352     9.76963     0.20901
     2.16846        6.78     9.17097    0.197188
     2.35702       6.036     7.58865    0.219015
     2.54558        6.32     5.87167    0.319015
     2.73415       5.702      5.4149    0.195462
     2.92271       2.958     4.01555    0.137104
     3.11127       4.298     3.02248    0.137337
     3.29983       1.024     1.76005    0.119564
     3.48839       0.318     1.16008   0.0815427
     3.67696       0.576     0.67305   0.0718097
     3.86552        0.93      0.5186   0.0593526
     4.05408           0    0.327325   0.0449836
     4.24264           0    0.250375   0.0475762
      4.4312           0    0.191225   0.0389474
     4.61976           0      0.1872   0.0446179
     4.80833           0      0.0366   0.0123694
     4.99689       0.456    0.055775   0.0200356
     5.18545       0.544    0.010175  0.00694291
     5.37401           0           0           0
     5.56257           0           0           0
   0.0942809       0.358    0.114519   0.0236448
    0.282843       0.336    0.874963   0.0740229
    0.471405       0.882     1.89857    0.106276
    0.659966       6.514     3.83978    0.151634
    0.848528       8.692     6.18462     0.21065
     1.03709        7.85      7.5517    0.201646
     1.22565       5.774     9.37664    0.246194
     1.41421       9.966     9.31585    0.270532
     1.60278      13.276     9.29642    0.238144
     1.79134       8.898     9.57906    0.214537
      1.9799       7.578     9.74257    0.208173
     2.16846       6.888     9.14279    0.196757
     2.35702       5.852     7.56721    0.217358
     2.54558       5.934     5.87244    0.315077
     2.73415       5.796      5.4196    0.193106
     2.92271       4.976     4.02741    0.135923
     3.11127       4.182     3.03679    0.136385
     3.29983       1.642     1.75859    0.118097
     3.48839       0.318     1.14968    0.081196
     3.67696        0.33    0.668815   0.0710479
     3.86552       1.394    0.529407   0.0595957
     4.05408       0.294    0.326914   0.0444301
     4.24264        0.02    0.247531   0.0470738
      4.4312       0.016    0.189062   0.0385266
     4.61976       0.014    0.185062   0.0441182
     4.80833       0.018   0.0363704   0.0122189
     4.99689       0.022    0.055358   0.0197926
     5.18545        0.18   0.0122716  0.00716677
     5.37401           0           0           0
     5.56257           0           0           0
   0.0942809        0.34    0.117268   0.0235158
    0.282843       0.488    0.870244   0.0732705
    0.471405       0.236     1.87829    0.106897
    0.659966        4.09     3.84283    0.149815
    0.848528        8.84       6.217    0.210556
     1.03709       6.136     7.53444    0.199925
     1.22565       9.642     9.37988    0.243212
     1.41421       12.21     9.35115    0.269525
     1.60278      10.494     9.31102    0.235687
     1.79134        11.6     9.60371    0.213331
      1.9799        7.23     9.71193    0.207878
     2.16846       6.658     9.11249    0.196677
     2.35702        3.86       7.522    0.219358
     2.54558       5.346     5.86602      0.3113
     2.73415       7.636     5.44663    0.192633
     2.92271       5.086     4.04032    0.134877
     3.11127       3.382       3.041    0.134787
     3.29983       2.386     1.76624    0.116904
     3.48839       0.904     1.14668    0.080261
     3.67696       1.118    0.674293   0.0703924
     3.86552         0.1    0.524171   0.0590985
     4.05408       0.082    0.323927   0.0439886
     4.24264       0.136    0.246171   0.0465194
      4.4312           0    0.186756   0.0381257
     4.61976           0    0.182805   0.0436379
     4.80833           0   0.0359268   0.0120779
     4.99689           0   0.0546829   0.0195627
     5.18545           0    0.012122  0.00708093
     5.37401           0           0           0
     5.56257           0           0           0
   0.0942809       0.252    0.118892   0.0232884
    0.282843        0.81    0.869518   0.0723913
    0.471405       1.268     1.87094    0.105861
    0.659966       4.568     3.85157    0.148265
    0.848528       8.684     6.24672    0.210106
     1.03709       6.134     7.51757    0.198227
     1.22565      12.042     9.41195    0.242388
     1.41421       9.976     9.35867    0.266383
     1.60278       6.722     9.27983    0.234903
     1.79134      12.306     9.63627    0.213231
      1.9799       8.024     9.69159    0.206365
     2.16846        6.48     9.08077    0.196849
     2.35702        3.77      7.4768    0.221324
     2.54558       4.164     5.84552    0.308224
     2.73415       7.344     5.46949    0.191664
     2.92271       6.726     4.07267    0.137078
     3.11127        4.43     3.05773    0.134198
     3.29983       1.972     1.76872    0.115522
     3.48839       1.454     1.15039   0.0793794
     3.67696       0.592    0.673301   0.0695512
     3.86552       0.282    0.521253   0.0584585
     4.05408           0    0.320024   0.0436314
     4.24264           0    0.243205   0.0460533
      4.4312           0    0.184506   0.0377327
     4.61976           0    0.180602   0.0431677
     4.80833           0    0.035494   0.0119401
     4.99689           0   0.0540241   0.0193381
     5.18545           0   0.0119759  0.00699713
     5.37401           0           0           0
     5.56257           0           0           0
   0.0942809           0    0.117476   0.0230542
    0.282843        0.64    0.866786   0.0715811
    0.471405        2.85      1.8826    0.105241
    0.659966       4.312     3.85705    0.146601
    0.848528       5.928     6.24293    0.207639
     1.03709        6.02     7.49974    0.196667
     1.22565      13.986      9.4664    0.245543
     1.41421      11.724     9.38683    0.264696
     1.60278       6.922     9.25176    0.233777
     1.79134      10.386     9.64519    0.210879
      1.9799       7.702      9.6679    0.205263
     2.16846        5.61     9.03945    0.198794
     2.35702       5.104     7.44855    0.220485
     2.54558        4.59     5.83057    0.304917
     2.73415       6.942     5.48702    0.190182
     2.92271        7.11     4.10883    0.140134
     3.11127       3.808     3.06667    0.132897
     3.29983       2.442     1.77674    0.114425
     3.48839        1.61     1.15586   0.0786228
     3.67696       0.314    0.669024   0.0688547
     3.86552           0    0.515048   0.0580909
     4.05408           0    0.316214    0.043278
     4.24264           0     0.24031    0.045596
      4.4312           0     0.18231   0.0373473
     4.61976           0    0.178452   0.0427073
     4.80833           0   0.0350714   0.0118055
     4.99689           0    0.053381   0.0191186
     5.18545           0   0.0118333  0.00691528
     5.37401           0           0           0
     5.56257           0           0           0
   0.0942809           0    0.116094   0.0228243
    0.282843       1.328    0.872212   0.0709443
    0.471405       3.084     1.89673    0.104947
    0.659966       1.512     3.82946    0.147449
    0.848528       5.376     6.23273    0.205447
     1.03709        7.08      7.4948    0.194415
     1.22565      12.126     9.49769    0.244639
     1.41421      15.606        9.46    0.271506
     1.60278       7.096      9.2264    0.232399
     1.79134       10.54     9.65572    0.208661
      1.9799       6.164     9.62668    0.206946
     2.16846       4.874     8.99045    0.202406
     2.35702       8.174     7.45708    0.218056
     2.54558         3.8     5.80668    0.302264
     2.73415        5.32     5.48506    0.187955
     2.92271       4.956      4.1188    0.138839
     3.11127       6.028     3.10151    0.135824
     3.29983        2.82     1.78901    0.113735
     3.48839       1.246     1.15692   0.0777049
     3.67696        0.78    0.670329    0.068057
     3.86552        0.09    0.510047   0.0576224
     4.05408           0    0.312494   0.0429284
     4.24264           0    0.237482   0.0451471
      4.4312           0    0.180165   0.0369695
     4.61976           0    0.176353   0.0422564
     4.80833           0   0.0346588   0.0116738
     4.99689           0   0.0527529    0.018904
     5.18545           0   0.0116941  0.00683532
     5.37401           0           0           0
     5.56257           0           0           0
   0.0942809           0    0.114744   0.0225988
    0.282843       0.804    0.871419   0.0701238
    0.471405       2.836     1.90765    0.104294
    0.659966           2     3.80819    0.147261
    0.848528        7.73     6.25014    0.203794
     1.03709        8.03     7.50102    0.192254
     1.22565       8.454     9.48556    0.242096
     1.41421      12.614     9.49667    0.270814
     1.60278      10.828     9.24502    0.230441
     1.79134       8.122     9.63788    0.206995
      1.9799       9.086      9.6204    0.204636
     2.16846       7.726     8.97574    0.200585
     2.35702       4.616     7.42405    0.218009
     2.54558       4.062      5.7864     0.29943
     2.73415       8.928     5.52509    0.189985
     2.92271       4.498     4.12321    0.137295
     3.11127       3.214     3.10281     0.13425
     3.29983        2.48     1.79705    0.112696
     3.48839        0.89     1.15381   0.0768634
     3.67696       0.792    0.671744   0.0672803
     3.86552        0.29    0.507488   0.0570091
     4.05408           0     0.30886   0.0425828
     4.24264           0    0.234721   0.0447065
      4.4312           0     0.17807   0.0365989
     4.61976           0    0.174302   0.0418148
     4.80833           0   0.0342558    0.011545
     4.99689           0   0.0521395   0.0186941
     5.18545           0   0.0115581   0.0067572
     5.37401           0           0           0
     5.56257           0           0           0
   0.0942809        0.02    0.113655   0.0223653
    0.282843       0.456    0.866644   0.0694801
    0.471405       3.632     1.92747    0.104961
    0.659966       2.512     3.79329     0.14632
    0.848528       8.376     6.27457    0.202911
     1.03709       7.138     7.49685     0.19009
     1.22565      10.008     9.49156    0.239387
     1.41421       9.614     9.49802    0.267705
     1.60278      11.064     9.26593    0.228739
     1.79134       6.064      9.5968    0.208652
      1.9799        8.12     9.60315    0.203009
     2.16846       8.182     8.96662    0.198487
     2.35702       3.498     7.37892    0.220124
     2.54558       9.392     5.82784    0.298842
     2.73415       7.264     5.54508     0.18885
     2.92271       5.424     4.13816    0.136529
     3.11127       3.768     3.11046    0.132925
     3.29983         1.6     1.79478    0.111423
     3.48839       0.924     1.15117   0.0760252
     3.67696       0.858    0.673885    0.066541
     3.86552       0.086    0.502644   0.0565593
     4.05408           0     0.30531    0.042241
     4.24264           0    0.232023    0.044274
      4.4312           0    0.176023   0.0362354
     4.61976           0    0.172299   0.0413821
     4.80833           0   0.0338621    0.011419
     4.99689           0   0.0515402   0.0184889
     5.18545           0   0.0114253  0.00668083
     5.37401           0           0           0
     5.56257           0           0           0
   0.0942809       0.006    0.112432   0.0221446
    0.282843       1.028    0.868477   0.0687148
    0.471405       2.132      1.9298    0.103794
    0.659966       2.794     3.78193    0.145098
    0.848528       6.926     6.28198    0.200741
     1.03709       9.232     7.51657     0.18895
     1.22565       9.198     9.48823     0.23669
     1.41421       10.59     9.51043     0.26495
     1.60278       10.61      9.2812    0.226649
     1.79134       5.824     9.55393     0.21064
      1.9799      10.226     9.61023    0.200825
     2.16846       9.454     8.97216    0.196309
     2.35702       6.592     7.36998    0.217804
     2.54558        7.06     5.84184    0.295774
     2.73415       5.334     5.54268    0.186719
     2.92271       2.488     4.11941    0.136259
     3.11127        3.06     3.10989    0.131416
     3.29983       2.718     1.80527     0.11065
     3.48839       1.212     1.15186   0.0751645
     3.67696        1.26    0.680545   0.0661174
     3.86552       0.216    0.499386   0.0560103
     4.05408        0.04    0.302295   0.0418685
     4.24264           0    0.229386   0.0438493
      4.4312           0    0.174023   0.0358788
     4.61976           0    0.170341   0.0409582
     4.80833           0   0.0334773   0.0112957
     4.99689           0   0.0509545    0.018288
     5.18545           0   0.0112955  0.00660618
     5.37401           0           0           0
     5.56257           0           0           0
   0.0942809       0.032    0.111528   0.0219142
    0.282843       0.984    0.869775    0.067955
    0.471405       0.352     1.91207    0.104131
    0.659966       3.178     3.77515    0.143626
    0.848528       5.874     6.27739    0.198537
     1.03709       9.254     7.53609    0.187832
     1.22565       11.75     9.51364    0.235391
     1.41421        7.85     9.49178    0.262629
     1.60278      11.442     9.30548    0.225399
     1.79134        9.89     9.55771    0.208307
      1.9799      11.582     9.63238    0.199787
     2.16846       6.854     8.94836     0.19554
     2.35702       6.258     7.35748    0.215715
     2.54558        3.89     5.81991    0.293263
     2.73415       5.996     5.54778     0.18469
     2.92271       3.886     4.11679    0.134753
     3.11127       2.808     3.10649    0.129983
     3.29983        2.67     1.81499    0.109832
     3.48839        1.87     1.15993   0.0747518
     3.67696       0.916    0.683191   0.0654274
     3.86552       0.552    0.499978   0.0553841
     4.05408       0.112    0.300157   0.0414526
     4.24264           0    0.226809   0.0434323
      4.4312           0    0.172067   0.0355289
     4.61976           0    0.168427   0.0405427
     4.80833           0   0.0331011   0.0111751
     4.99689           0    0.050382   0.0180915
     5.18545           0   0.0111685  0.00653317
     5.37401           0           0           0
     5.56257           0           0           0
   0.0942809           0    0.110289   0.0217057
    0.282843           0    0.860111   0.0678836
    0.471405       1.366       1.906    0.103151
    0.659966       2.524     3.76124    0.142701
    0.848528       6.014     6.27447    0.196353
     1.03709       7.554     7.53629    0.185745
     1.22565      12.822      9.5504    0.235628
     1.41421       9.884     9.49613    0.259747
     1.60278      11.482     9.32967    0.224188
     1.79134      11.884     9.58356     0.20759
      1.9799       8.574     9.62062    0.197913
     2.16846        8.83     8.94704    0.193372
     2.35702       5.078     7.33216      0.2148
     2.54558       3.608     5.79533    0.291032
     2.73415        5.13     5.54313    0.182697
     2.92271         4.6     4.12216    0.133363
     3.11127       3.948     3.11584    0.128874
     3.29983       3.118     1.82947    0.109562
     3.48839       1.314     1.16164   0.0739408
     3.67696       0.204    0.677867   0.0649167
     3.86552       0.066    0.495156   0.0549782
     4.05408           0    0.296822    0.041126
     4.24264           0    0.224289   0.0430228
      4.4312           0    0.170156   0.0351856
     4.61976           0    0.166556   0.0401354
     4.80833           0   0.0327333    0.011057
     4.99689           0   0.0498222   0.0178992
     5.18545           0   0.0110444  0.00646176
     5.37401           0           0           0
     5.56257           0           0           0
   0.0942809           0    0.109077    0.021501
    0.282843       0.058    0.851297   0.0677075
    0.471405        2.99     1.91791    0.102703
    0.659966       3.632     3.75982     0.14114
    0.848528        2.53     6.23332     0.19846
     1.03709        9.02     7.55259    0.184418
     1.22565      14.584     9.60571    0.239444
     1.41421       4.724     9.44369    0.262133
     1.60278      12.018     9.35921    0.223663
     1.79134       8.026     9.56644    0.206013
      1.9799      10.128      9.6262    0.195817
     2.16846      10.408      8.9631    0.191913
     2.35702      11.098     7.37354    0.216389
     2.54558       3.018     5.76481     0.28943
     2.73415       5.326     5.54075    0.180705
     2.92271       5.288     4.13497    0.132511
     3.11127        1.84     3.10182    0.128219
     3.29983       2.014     1.83149    0.108377
     3.48839       0.798     1.15765   0.0732362
     3.67696         0.5    0.675912   0.0642328
     3.86552           0    0.489714   0.0546427
     4.05408           0     0.29356   0.0408032
     4.24264           0    0.221824   0.0426206
      4.4312           0    0.168286   0.0348486
     4.61976           0    0.164725    0.039736
     4.80833           0   0.0323736   0.0109413
     4.99689           0   0.0492747   0.0177108
     5.18545           0   0.0109231  0.00639189
     5.37401           0           0           0
     5.56257           0           0           0
   0.0942809           0    0.107891   0.0212999
    0.282843       0.328    0.845609     0.06721
    0.471405       1.542     1.91383    0.101668
    0.659966       2.172     3.74257    0.140657
    0.848528       2.636     6.19422    0.200118
     1.03709        9.14     7.56985    0.183219
     1.22565      12.528     9.63748    0.238939
     1.41421       9.906     9.44872    0.259332
     1.60278      10.776     9.37461    0.221761
     1.79134      12.582     9.59922    0.206365
      1.9799      10.378     9.63437    0.193859
     2.16846        9.33     8.96709    0.189868
     2.35702      11.412     7.41743    0.218444
     2.54558       1.424     5.71763    0.290104
     2.73415       3.324     5.51665     0.18034
     2.92271       5.776      4.1528    0.132266
     3.11127       2.352     3.09367    0.127084
     3.29983       0.358     1.81548    0.108376
     3.48839       0.832     1.15411   0.0725256
     3.67696       0.124    0.669913   0.0638141
     3.86552       0.102      0.4855    0.054211
     4.05408       0.018    0.290565   0.0404694
     4.24264        0.96    0.229848   0.0429059
      4.4312           0    0.166457   0.0345178
     4.61976           0    0.162935   0.0393444
     4.80833           0   0.0320217    0.010828
     4.99689           0   0.0487391   0.0175264
     5.18545           0   0.0108043  0.00632351
     5.37401           0           0           0
     5.56257           0           0           0
   0.0942809           0    0.106731   0.0211025
    0.282843           0    0.836516   0.0670996
    0.471405        1.81     1.91271    0.100581
    0.659966       3.034     3.73495    0.139351
    0.848528        5.45     6.18622    0.198126
     1.03709       9.298     7.58843    0.182189
     1.22565       9.648     9.63759    0.236369
     1.41421       12.55     9.48206    0.258679
     1.60278      11.646     9.39903    0.220717
     1.79134       7.976     9.58176    0.204883
      1.9799      11.266     9.65191    0.192566
     2.16846       8.496     8.96202    0.187894
     2.35702       8.636     7.43054    0.216488
     2.54558       3.736     5.69632    0.287766
     2.73415       3.876     5.49901    0.179261
     2.92271       5.016     4.16209    0.131169
     3.11127       1.936     3.08123    0.126325
     3.29983       0.872     1.80533    0.107684
     3.48839       0.288      1.1448   0.0723412
     3.67696       0.736    0.670624   0.0631319
     3.86552       0.612     0.48686   0.0536451
     4.05408       0.118     0.28871   0.0400768
     4.24264       0.958    0.237677    0.043153
      4.4312       0.042    0.165118   0.0341725
     4.61976           0    0.161183   0.0389604
     4.80833           0   0.0316774   0.0107171
     4.99689           0   0.0482151   0.0173458
     5.18545           0   0.0106882  0.00625659
     5.37401           0           0           0
     5.56257           0           0           0
   0.0942809           0    0.105596   0.0209085
    0.282843           0    0.827617   0.0669733
    0.471405        2.65     1.92055    0.099816
    0.659966       3.468     3.73211    0.137897
    0.848528       6.016      6.1844    0.196026
     1.03709        8.69     7.60015    0.180627
     1.22565      13.854     9.68245    0.238073
     1.41421       9.234     9.47943     0.25594
     1.60278       8.372     9.38811    0.218639
     1.79134        7.43     9.55887    0.203978
      1.9799      11.606      9.6727    0.191637
     2.16846       9.354     8.96619    0.185941
     2.35702        7.21     7.42819    0.214197
     2.54558       3.768     5.67581    0.285435
     2.73415       4.556     5.48898    0.177635
     2.92271       4.298     4.16353    0.129782
     3.11127       3.426     3.08489    0.125035
     3.29983       0.372     1.79009    0.107613
     3.48839       0.594     1.13894   0.0718085
     3.67696       1.188    0.676128   0.0626997
     3.86552        0.72     0.48934   0.0531318
     4.05408       0.186    0.287617   0.0396654
     4.24264       0.008    0.235234   0.0427631
      4.4312        0.85    0.172404    0.034577
     4.61976        0.15    0.161064   0.0385461
     4.80833           0   0.0313404   0.0106084
     4.99689           0   0.0477021   0.0171689
     5.18545           0   0.0105745  0.00619106
     5.37401           0           0           0
     5.56257           0           0           0
   0.0942809       0.016    0.104653   0.0207097
    0.282843       0.132    0.820295   0.0666674
    0.471405       2.974     1.93164   0.0993793
    0.659966       2.598     3.72017    0.136962
    0.848528       7.058      6.1936    0.194179
     1.03709       9.234     7.61735    0.179543
     1.22565       10.45     9.69053    0.235704
     1.41421       9.704     9.48179    0.253257
     1.60278        8.24     9.37602    0.216672
     1.79134      10.796     9.57189    0.202246
      1.9799       10.61     9.68257    0.189873
     2.16846       8.794     8.96438    0.183993
     2.35702       5.992     7.41307    0.212475
     2.54558       4.164     5.65989    0.282874
     2.73415       5.818     5.49244    0.175799
     2.92271       2.682     4.14794    0.129349
     3.11127       2.476     3.07848    0.123883
     3.29983       2.386     1.79636    0.106663
     3.48839       0.606     1.13333   0.0712715
     3.67696       2.164    0.691789   0.0639659
     3.86552       0.042    0.484632   0.0527807
     4.05408       0.064    0.285263   0.0393176
     4.24264       0.352    0.236463   0.0423306
      4.4312       0.648    0.177411   0.0345735
     4.61976           0    0.159368   0.0381776
     4.80833           0   0.0310105   0.0105018
     4.99689           0      0.0472   0.0169955
     5.18545           0   0.0104632  0.00612689
     5.37401           0           0           0
     5.56257           0           0           0
   0.0942809        0.01    0.103667   0.0205174
    0.282843       2.246    0.835146   0.0676068
    0.471405       2.918     1.94192   0.0988738
    0.659966       1.326     3.69523    0.137787
    0.848528         4.8     6.17908    0.192698
     1.03709        9.77     7.63977    0.179067
     1.22565       9.814     9.69181    0.233252
     1.41421       8.986     9.47663    0.250672
     1.60278       6.278     9.34375    0.216805
     1.79134       11.33     9.59021    0.200967
      1.9799      12.784     9.71488    0.190624
     2.16846      10.986     8.98544    0.183277
     2.35702        7.43     7.41325    0.210262
     2.54558       3.846       5.641    0.280558
     2.73415       4.118     5.47813     0.17455
     2.92271       3.222     4.13829    0.128361
     3.11127        2.49     3.07235    0.122744
     3.29983        1.99     1.79838    0.105571
     3.48839       1.532     1.13748   0.0706499
     3.67696        1.17    0.696771   0.0634933
     3.86552        0.66    0.486458   0.0522625
     4.05408       0.022    0.282521   0.0390036
     4.24264       0.024     0.23425   0.0419475
      4.4312       0.078    0.176375   0.0342289
     4.61976        0.17    0.159479   0.0377801
     4.80833           0   0.0306875   0.0103974
     4.99689           0   0.0467083   0.0168255
     5.18545           0   0.0103542  0.00606404
     5.37401           0           0           0
     5.56257           0           0           0
   0.0942809       0.318    0.105876   0.0204245
    0.282843       1.946    0.846598   0.0678729
    0.471405        3.37     1.95664   0.0989445
    0.659966       4.184     3.70027    0.136459
    0.848528       5.356      6.1706    0.190898
     1.03709       5.278     7.61542    0.178869
     1.22565       9.028     9.68497    0.230948
     1.41421        7.12     9.45233    0.249262
     1.60278       7.428       9.324    0.215467
     1.79134      14.006     9.63573    0.203986
      1.9799      12.856     9.74726     0.19139
     2.16846       9.358     8.98928    0.181428
     2.35702       9.928     7.43918    0.209687
     2.54558       4.958     5.63396    0.277754
     2.73415       2.546      5.4479    0.175348
     2.92271       2.504     4.12144    0.128138
     3.11127        1.89     3.06016    0.122082
     3.29983       2.832     1.80903    0.105019
     3.48839        0.76     1.13359   0.0700287
     3.67696       1.902    0.709196   0.0640429
     3.86552       0.012    0.481567   0.0519521
     4.05408       0.326    0.282969    0.038604
     4.24264       0.094    0.232804   0.0415399
      4.4312           0    0.174557   0.0339243
     4.61976           0    0.157835   0.0374263
     4.80833           0   0.0303711    0.010295
     4.99689           0   0.0462268    0.016659
     5.18545           0   0.0102474  0.00600246
     5.37401           0           0           0
     5.56257           0           0           0
   0.0942809       0.026    0.105061   0.0202324
    0.282843       0.226    0.840265   0.0674751
    0.471405       5.424     1.99202    0.104069
    0.659966       4.622     3.70967     0.13539
    0.848528        6.45     6.17345    0.188971
     1.03709       5.402     7.59284    0.178464
     1.22565       8.442     9.67229    0.228939
     1.41421       5.154     9.40847    0.250548
     1.60278       7.554     9.30594    0.214024
     1.79134      16.408     9.70484    0.213289
      1.9799      10.842     9.75843    0.189762
     2.16846      11.326     9.01312    0.181137
     2.35702       8.082     7.44573     0.20765
     2.54558       3.078     5.60788    0.276141
     2.73415       4.462     5.43784    0.173847
     2.92271       3.532     4.11543    0.126972
     3.11127        1.75      3.0468    0.121566
     3.29983       0.962     1.80039    0.104302
     3.48839       1.258     1.13486   0.0693256
     3.67696       1.924    0.721592   0.0645779
     3.86552       0.076    0.477429   0.0515866
     4.05408           1    0.290286   0.0388973
     4.24264           0    0.230429   0.0411839
      4.4312           0    0.172776   0.0336249
     4.61976           0    0.156224   0.0370791
     4.80833           0   0.0300612   0.0101946
     4.99689           0   0.0457551   0.0164957
     5.18545           0   0.0101429  0.00594212
     5.37401           0           0           0
     5.56257           0           0           0
   0.0942809       0.694     0.11101   0.0208843
    0.282843       0.752    0.839374   0.0667994
    0.471405       4.802      2.0204    0.106818
    0.659966       6.292     3.73576    0.136512
    0.848528       3.324     6.14467    0.189242
     1.03709        5.04     7.56705    0.178515
     1.22565       7.686     9.65222    0.227504
     1.41421       7.492     9.38911    0.248764
     1.60278       9.544     9.30834    0.211876
     1.79134       16.29     9.77135    0.221263
      1.9799       8.286     9.74356    0.188428
     2.16846      10.936     9.03255    0.180346
     2.35702       8.588     7.45727    0.205872
     2.54558       3.758     5.58919    0.273983
     2.73415       4.532     5.42869    0.172332
     2.92271       2.708     4.10121    0.126483
     3.11127       1.914     3.03535    0.120876
     3.29983       0.384     1.78608    0.104225
     3.48839       2.466      1.1483   0.0699171
     3.67696       1.512    0.729576   0.0644173
     3.86552           0    0.472606   0.0512904
     4.05408           1    0.297455   0.0391594
     4.24264           0    0.228101   0.0408336
      4.4312           0     0.17103   0.0333305
     4.61976           0    0.154646   0.0367381
     4.80833           0   0.0297576   0.0100962
     4.99689           0   0.0452929   0.0163355
     5.18545           0   0.0100404  0.00588299
     5.37401           0           0           0
     5.56257           0           0           0
   0.0942809       0.018     0.11008   0.0206961
    0.282843       1.538     0.84636   0.0664957
    0.471405       5.832     2.05852    0.112345
    0.659966       3.934     3.73774    0.135161
    0.848528       6.786     6.15108    0.187458
     1.03709       6.134     7.55272    0.177304
     1.22565       7.558     9.63128    0.226191
     1.41421       5.262     9.34784    0.249676
     1.60278       8.808     9.30334    0.209816
     1.79134      11.786      9.7915    0.219966
      1.9799       9.002     9.73614    0.186689
     2.16846      12.372     9.06594    0.181608
     2.35702       8.316     7.46586    0.203993
     2.54558       5.404     5.58734     0.27125
     2.73415       4.884     5.42324    0.170694
     2.92271       1.998     4.08018    0.126955
     3.11127        2.55      3.0305    0.119764
     3.29983       1.098      1.7792     0.10341
     3.48839       1.674     1.15356   0.0694153
     3.67696       1.612      0.7384   0.0643747
     3.86552       0.434     0.47222    0.050779
     4.05408           1     0.30448    0.039393
     4.24264           0     0.22582    0.040489
      4.4312           0     0.16932    0.033041
     4.61976           0      0.1531   0.0364033
     4.80833           0     0.02946  0.00999959
     4.99689           0     0.04484   0.0161784
     5.18545           0     0.00994  0.00582501
     5.37401           0           0           0
     5.56257           0           0           0
   0.0942809           0     0.10899   0.0205199
    0.282843       0.652    0.844436   0.0658652
    0.471405       5.672      2.0943     0.11679
    0.659966       4.958     3.74982    0.134362
    0.848528       5.732     6.14693    0.185648
     1.03709       7.612     7.55331    0.175549
     1.22565        8.57     9.62077    0.224195
     1.41421       9.422     9.34857    0.247205
     1.60278        7.78     9.28826     0.20828
     1.79134      10.064      9.7942    0.217805
      1.9799       9.154     9.73038     0.18493
     2.16846       7.938     9.05477    0.180153
     2.35702        9.86     7.48956    0.203346
     2.54558       5.364     5.58513    0.268573
     2.73415       5.774     5.42671     0.16904
     2.92271       2.996     4.06945    0.126151
     3.11127       1.418     3.01453    0.119638
     3.29983       0.992     1.77141    0.102679
     3.48839       0.576     1.14784   0.0689632
     3.67696       1.426    0.745208   0.0640963
     3.86552       0.834    0.475802   0.0504024
     4.05408       0.862        0.31   0.0393878
     4.24264       0.268    0.226238   0.0400902
      4.4312       0.076    0.168396   0.0327268
     4.61976           0    0.151584   0.0360744
     4.80833           0   0.0291683  0.00990484
     4.99689           0    0.044396   0.0160243
     5.18545           0  0.00984158  0.00576817
     5.37401           0           0           0
     5.56257           0           0           0
   0.0942809       0.254    0.110412   0.0203679
    0.282843         0.9     0.84498   0.0652217
    0.471405       4.644     2.11929     0.11829
    0.659966        3.93     3.75159    0.133056
    0.848528        3.93      6.1252    0.185096
     1.03709       7.648     7.55424    0.173831
     1.22565       11.25     9.63675    0.222566
     1.41421       10.61     9.36094    0.245091
     1.60278       6.838     9.26424    0.207619
     1.79134        6.95     9.76631    0.217447
      1.9799       9.798     9.73104    0.183118
     2.16846       9.542     9.05955     0.17845
     2.35702       7.984     7.49441     0.20141
     2.54558       8.146     5.61024    0.267111
     2.73415       7.186     5.44396     0.16826
     2.92271       2.586      4.0549    0.125749
     3.11127        1.36     2.99831     0.11956
     3.29983       1.534     1.76908    0.101699
     3.48839       0.416     1.14067   0.0686593
     3.67696       0.862    0.746353   0.0634781
     3.86552       0.716    0.478157   0.0499632
     4.05408       0.588    0.312725   0.0390959
     4.24264       0.328    0.227235   0.0397096
      4.4312           0    0.166745   0.0324476
     4.61976           0    0.150098   0.0357513
     4.80833           0   0.0288824  0.00981186
     4.99689           0   0.0439608   0.0158732
     5.18545           0   0.0097451  0.00571243
     5.37401           0           0           0
     5.56257           0           0           0
   0.0942809           0     0.10934   0.0201983
    0.282843           1    0.846485   0.0646059
    0.471405         4.7     2.14435    0.119766
    0.659966       5.456     3.76814    0.132789
    0.848528       4.242     6.10691    0.184199
     1.03709       9.212     7.57033    0.172887
     1.22565       8.916     9.62975    0.220515
     1.41421      10.586     9.37283       0.243
     1.60278       9.186     9.26348    0.205605
     1.79134       5.738      9.7272    0.218825
      1.9799        9.52     9.72899    0.181351
     2.16846       5.754     9.02746     0.17958
     2.35702       8.018      7.4995    0.199518
     2.54558       8.248     5.63584    0.265743
     2.73415       6.018     5.44953    0.166719
     2.92271       3.954     4.05392    0.124532
     3.11127       1.854      2.9872    0.118914
     3.29983       1.626     1.76769    0.100721
     3.48839       1.608      1.1452   0.0681424
     3.67696       2.128    0.759767   0.0642635
     3.86552       0.236    0.475806   0.0495334
     4.05408           0    0.309689    0.038834
     4.24264           0    0.225029   0.0393853
      4.4312           0    0.165126   0.0321729
     4.61976           0    0.148641   0.0354339
     4.80833           0   0.0286019  0.00972061
     4.99689           0    0.043534   0.0157248
     5.18545           0  0.00965049  0.00565775
     5.37401           0           0           0
     5.56257           0           0           0
   0.0942809           0    0.108288   0.0200315
    0.282843           1    0.847962   0.0640015
    0.471405       3.652     2.15885    0.119488
    0.659966       5.976     3.78937    0.133199
    0.848528       5.774     6.10371    0.182456
     1.03709      10.288     7.59646    0.173188
     1.22565       4.622      9.5816     0.22359
     1.41421        9.42     9.37329    0.240663
     1.60278       9.898     9.26958    0.203718
     1.79134       6.624     9.69737    0.218746
      1.9799       7.164     9.70433    0.181277
     2.16846       9.964     9.03646    0.178079
     2.35702       8.492     7.50904    0.197828
     2.54558       8.102     5.65956    0.264243
     2.73415       4.922     5.44446    0.165193
     2.92271       4.694     4.06008    0.123487
     3.11127       1.664     2.97448    0.118449
     3.29983        0.74     1.75781    0.100236
     3.48839       1.672     1.15027   0.0676752
     3.67696       1.746     0.76925   0.0643414
     3.86552       1.448    0.485154   0.0499314
     4.05408       0.138    0.308038   0.0384957
     4.24264           0    0.222865    0.039066
      4.4312           0    0.163538   0.0319027
     4.61976           0    0.147212    0.035122
     4.80833           0   0.0283269  0.00963103
     4.99689           0   0.0431154   0.0155792
     5.18545           0  0.00955769  0.00560411
     5.37401           0           0           0
     5.56257           0           0           0
   0.0942809       0.138    0.108571   0.0198427
    0.282843       0.986    0.849276   0.0634055
    0.471405       1.488     2.15246    0.118521
    0.659966       6.588     3.81602     0.13457
    0.848528        4.28     6.08634    0.181543
     1.03709        8.58     7.60583    0.171791
     1.22565       4.964     9.53762    0.225744
     1.41421      13.918     9.41657    0.242232
     1.60278        9.22      9.2691    0.201779
     1.79134       7.682     9.67817    0.217503
      1.9799      10.182     9.70888    0.179608
     2.16846      10.464     9.05006    0.176901
     2.35702       7.628     7.51017    0.195947
     2.54558       4.292     5.64653    0.262047
     2.73415        6.15     5.45118    0.163756
     2.92271       5.704     4.07573    0.123299
     3.11127       0.838     2.95413    0.119056
     3.29983       0.684     1.74758   0.0998019
     3.48839       2.148     1.15977   0.0676945
     3.67696       0.828     0.76981   0.0637311
     3.86552       0.224    0.482667   0.0495178
     4.05408       0.686    0.311638    0.038297
     4.24264        0.25    0.223124   0.0386948
      4.4312       0.078    0.162724   0.0316093
     4.61976           0     0.14581   0.0348155
     4.80833           0   0.0280571  0.00954308
     4.99689           0   0.0427048   0.0154362
     5.18545           0  0.00946667  0.00555148
     5.37401           0           0           0
     5.56257           0           0           0
   0.0942809       0.036    0.107887   0.0196673
    0.282843       0.878    0.849547   0.0628079
    0.471405       0.964     2.14125    0.117932
    0.659966       4.348     3.82104    0.133394
    0.848528       5.636     6.08209     0.17988
     1.03709       8.674     7.61591    0.170466
     1.22565       9.442     9.53672    0.223616
     1.41421      12.232     9.44313    0.241399
     1.60278       9.982     9.27583    0.199987
     1.79134       7.306     9.65579    0.216599
      1.9799      10.224     9.71374    0.177979
     2.16846       7.968     9.03985    0.175526
     2.35702        8.31     7.51772    0.194244
     2.54558       4.706     5.63766    0.259725
     2.73415       6.506     5.46113    0.162513
     2.92271       3.902     4.07409    0.122147
     3.11127       2.794     2.95262    0.117942
     3.29983       1.092      1.7414   0.0990519
     3.48839           2      1.1677   0.0675184
     3.67696           0    0.762547   0.0635423
     3.86552           0    0.478113   0.0492596
     4.05408           0    0.308698   0.0380484
     4.24264       0.964    0.230113   0.0389559
      4.4312       0.036    0.161528   0.0313337
     4.61976           0    0.144434   0.0345142
     4.80833           0   0.0277925  0.00945672
     4.99689           0   0.0423019   0.0152958
     5.18545           0  0.00937736  0.00549982
     5.37401           0           0           0
     5.56257           0           0           0
   0.0942809       0.098    0.107794   0.0194837
    0.282843        1.18    0.852636   0.0622968
    0.471405         2.9     2.14834    0.117043
    0.659966       3.964     3.82237    0.132154
    0.848528       5.444     6.07613    0.178298
     1.03709        7.45     7.61436     0.16888
     1.22565       8.044     9.52277    0.221961
     1.41421      10.786     9.45568    0.239469
     1.60278      14.068     9.32062    0.203071
     1.79134       7.242     9.63323    0.215746
      1.9799      10.716      9.7231    0.176562
     2.16846        7.82     9.02845    0.174256
     2.35702           7     7.51288    0.192489
     2.54558       5.954     5.64062    0.257315
     2.73415       4.492     5.45207    0.161247
     2.92271       2.318     4.05768    0.122103
     3.11127       2.948     2.95258     0.11684
     3.29983       2.638     1.74978   0.0984799
     3.48839        1.83     1.17389   0.0671705
     3.67696       0.108     0.75643   0.0632422
     3.86552           0    0.473645   0.0490014
     4.05408        0.94    0.314598   0.0381475
     4.24264        0.06    0.228523   0.0386242
      4.4312           0    0.160019   0.0310772
     4.61976           0    0.143084    0.034218
     4.80833           0   0.0275327  0.00937191
     4.99689           0   0.0419065    0.015158
     5.18545           0  0.00928972  0.00544912
     5.37401           0           0           0
     5.56257           0           0           0
   0.0942809           0    0.106796   0.0193289
    0.282843        0.56    0.849926   0.0617788
    0.471405       4.058     2.16602    0.117287
    0.659966       5.278     3.83585    0.131616
    0.848528       6.032     6.07572    0.176647
     1.03709       9.834     7.63491    0.168562
     1.22565       8.856     9.51659    0.219991
     1.41421       6.804     9.43113    0.238507
     1.60278       9.506     9.32233    0.201198
     1.79134       9.448     9.63152    0.213755
      1.9799       8.594     9.71265    0.175236
     2.16846       8.052     9.01941    0.172877
     2.35702       7.514     7.51289    0.190707
     2.54558       5.806     5.64215    0.254937
     2.73415       4.638     5.44454     0.15993
     2.92271       4.058     4.05769    0.120972
     3.11127       2.746     2.95067    0.115774
     3.29983       3.212     1.76331   0.0984944
     3.48839       1.994     1.18148   0.0669764
     3.67696        0.01    0.749519   0.0630332
     3.86552           0    0.469259   0.0487436
     4.05408           1    0.320944   0.0383185
     4.24264           0    0.226407   0.0383245
      4.4312           0    0.158537   0.0308247
     4.61976           0    0.141759   0.0339268
     4.80833           0   0.0272778   0.0092886
     4.99689           0   0.0415185   0.0150226
     5.18545           0   0.0092037  0.00539934
     5.37401           0           0           0
     5.56257           0           0           0
   0.0942809       0.172    0.107394   0.0191608
    0.282843       0.606    0.847688   0.0612526
    0.471405       3.734      2.1804     0.11709
    0.659966       4.548     3.84239    0.130571
    0.848528       5.118     6.06694    0.175245
     1.03709      11.074     7.66646    0.169943
     1.22565       6.556     9.48943    0.219644
     1.41421       8.634     9.42382    0.236431
     1.60278      10.874     9.33657    0.199855
     1.79134       8.664     9.62264    0.211979
      1.9799       5.606     9.67497    0.177633
     2.16846      10.366     9.03176    0.171732
     2.35702       5.834     7.49749    0.189578
     2.54558       6.832     5.65306    0.252832
     2.73415       4.958     5.44007    0.158525
     2.92271       5.882     4.07442    0.121015
     3.11127       4.026     2.96053    0.115131
     3.29983       0.882     1.75523   0.0979221
     3.48839       2.406     1.19272   0.0672975
     3.67696         0.3    0.745394   0.0625896
     3.86552       0.026    0.465193   0.0484657
     4.05408       0.522    0.322789   0.0380113
     4.24264        0.38    0.227817   0.0379988
      4.4312           0    0.157083   0.0305762
     4.61976           0    0.140459   0.0336405
     4.80833           0   0.0270275  0.00920675
     4.99689           0   0.0411376   0.0148896
     5.18545           0  0.00911927  0.00535047
     5.37401           0           0           0
     5.56257           0           0           0
   0.0942809           0    0.106418   0.0190115
    0.282843       0.198    0.841782   0.0609798
    0.471405       3.218     2.18984    0.116405
    0.659966        3.81     3.84209    0.129384
    0.848528       5.476     6.06156    0.173734
     1.03709      10.822     7.69515    0.170802
     1.22565       9.122     9.48609    0.217672
     1.41421        6.27     9.39515    0.236014
     1.60278       9.748     9.34031    0.198073
     1.79134       9.252     9.61927    0.210078
      1.9799        7.72      9.6572    0.176905
     2.16846       8.146     9.02371    0.170359
     2.35702       7.966     7.50175    0.187902
     2.54558       8.956     5.68309     0.25231
     2.73415        5.28     5.43862     0.15709
     2.92271       4.286     4.07635     0.11993
     3.11127       3.174     2.96247    0.114101
     3.29983       0.924     1.74767    0.097323
     3.48839       2.374     1.20345   0.0675371
     3.67696       0.264    0.741018   0.0621734
     3.86552       0.072    0.461618   0.0481568
     4.05408        0.09    0.320673   0.0377247
     4.24264       0.356    0.228982   0.0376712
      4.4312       0.224    0.157691   0.0303043
     4.61976       0.212    0.141109   0.0333409
     4.80833        0.04   0.0271455  0.00912381
     4.99689           0   0.0407636   0.0147589
     5.18545           0  0.00903636  0.00530247
     5.37401           0           0           0
     5.56257           0           0           0
   0.0942809       0.026    0.105694    0.018854
    0.282843       0.888    0.842198   0.0604319
    0.471405        2.08     2.18885     0.11536
    0.659966        5.31     3.85532    0.128893
    0.848528       2.986     6.03386    0.174365
     1.03709      10.004     7.71595    0.170525
     1.22565       8.406     9.47636    0.215929
     1.41421      10.352     9.40377    0.234045
     1.60278       9.318     9.34011    0.196289
     1.79134       11.64     9.63748    0.208973
      1.9799      10.332     9.66328    0.175415
     2.16846       5.878     8.99537    0.171165
     2.35702       6.882     7.49616    0.186292
     2.54558       6.298     5.68863    0.250098
     2.73415       5.054     5.43515    0.155713
     2.92271       2.232     4.05973    0.119995
     3.11127        3.06     2.96335    0.113076
     3.29983       1.838     1.74849   0.0964496
     3.48839       2.614     1.21616   0.0681137
     3.67696       0.802    0.741568   0.0616158
     3.86552           1    0.466468   0.0479666
     4.05408           0    0.317784   0.0374952
     4.24264        0.93    0.235297   0.0378575
      4.4312        0.07    0.156901   0.0300416
     4.61976           0    0.139838   0.0330648
     4.80833           0   0.0269009  0.00904489
     4.99689           0   0.0403964   0.0146305
     5.18545           0  0.00895495  0.00525532
     5.37401           0           0           0
     5.56257           0           0           0
   0.0942809       0.208    0.106607   0.0187078
    0.282843        1.09    0.844411   0.0599328
    0.471405       3.926     2.20436    0.115368
    0.659966       3.398     3.85123    0.127806
    0.848528       2.754     6.00457     0.17525
     1.03709       8.352     7.72162    0.169097
     1.22565      12.866     9.50663    0.216111
     1.41421      11.466     9.42218    0.232678
     1.60278        8.28     9.33064    0.194764
     1.79134        9.36       9.635    0.207122
      1.9799       11.07     9.67584    0.174298
     2.16846       5.486     8.96404    0.172481
     2.35702       7.602     7.49711    0.184632
     2.54558       6.654     5.69725    0.248013
     2.73415       3.424      5.4172    0.155355
     2.92271       2.708     4.04766    0.119529
     3.11127        1.87     2.95359    0.112487
     3.29983         1.6     1.74716   0.0955976
     3.48839        2.79     1.23021   0.0689398
     3.67696       1.096    0.744732   0.0611468
     3.86552           1    0.471232   0.0477743
     4.05408           0    0.314946   0.0372677
     4.24264         0.6    0.238554   0.0376593
      4.4312       0.244    0.157679   0.0297834
     4.61976       0.156    0.139982   0.0327699
     4.80833           0   0.0266607  0.00896732
     4.99689           0   0.0400357   0.0145044
     5.18545           0    0.008875  0.00520901
     5.37401           0           0           0
     5.56257           0           0           0
   0.0942809       0.208    0.107504   0.0185637
    0.282843       0.728    0.843381   0.0594113
    0.471405       3.422     2.21513     0.11485
    0.659966       3.568     3.84873      0.1267
    0.848528       4.226     5.98883    0.174404
     1.03709       9.524     7.73758    0.168351
     1.22565      11.586     9.52503    0.214981
     1.41421      11.382     9.43952    0.231264
     1.60278       9.496     9.33211    0.193046
     1.79134        7.33      9.6146    0.206291
      1.9799       7.874     9.65989    0.173484
     2.16846       9.692     8.97048    0.171075
     2.35702       5.454     7.47903    0.183881
     2.54558       8.208     5.71947    0.246812
     2.73415       3.808     5.40296    0.154631
     2.92271       3.102     4.03929    0.118764
     3.11127        1.68     2.94232    0.112055
     3.29983       3.396     1.76175   0.0958587
     3.48839        0.37      1.2226   0.0687487
     3.67696       0.946    0.746513   0.0606316
     3.86552           1    0.475912   0.0475801
     4.05408           0    0.312159   0.0370419
     4.24264           0    0.236442   0.0373852
      4.4312           0    0.156283   0.0295525
     4.61976           1    0.147593    0.033352
     4.80833           0   0.0264248  0.00889107
     4.99689           0   0.0396814   0.0143803
     5.18545           0  0.00879646  0.00516351
     5.37401           0           0           0
     5.56257           0           0           0
   0.0942809       0.164       0.108   0.0184075
    0.282843       2.074    0.854175   0.0598628
    0.471405       3.042     2.22239    0.114071
    0.659966       3.616     3.84668    0.125605
    0.848528        5.48     5.98437    0.172932
     1.03709       8.302     7.74253    0.166947
     1.22565      12.798     9.55374    0.215003
     1.41421       9.168     9.43714    0.229248
     1.60278      10.198      9.3397    0.191502
     1.79134       7.328     9.59454    0.205454
      1.9799       7.472      9.6407     0.17302
     2.16846       7.976     8.96175    0.169797
     2.35702       6.606     7.47137    0.182427
     2.54558       7.948     5.73902     0.24542
     2.73415       5.802     5.40646    0.153315
     2.92271       1.292     4.01519    0.120142
     3.11127        3.26     2.94511    0.111107
     3.29983       2.124     1.76493   0.0950705
     3.48839       1.212     1.22251   0.0681457
     3.67696       0.042    0.740333   0.0604139
     3.86552       0.886    0.479509   0.0472985
     4.05408        0.21    0.311263   0.0367278
     4.24264           0    0.234368   0.0371147
      4.4312           0    0.154912   0.0293251
     4.61976           1     0.15507   0.0338872
     4.80833           0    0.026193   0.0088161
     4.99689           0   0.0393333   0.0142584
     5.18545           0   0.0087193  0.00511879
     5.37401           0           0           0
     5.56257           0           0           0
   0.0942809       0.516    0.111548   0.0185862
    0.282843        0.88      0.8544   0.0593427
    0.471405       2.524     2.22501    0.113109
    0.659966         2.4      3.8341    0.125141
    0.848528       5.558     5.98066    0.171467
     1.03709       7.102     7.73696    0.165589
     1.22565      11.298      9.5689    0.213668
     1.41421      10.942     9.45023    0.227628
     1.60278      11.702     9.36024    0.190936
     1.79134       7.956      9.5803    0.204161
      1.9799      11.094     9.65334    0.171976
     2.16846       8.704     8.95951    0.168335
     2.35702       6.244      7.4607    0.181153
     2.54558       5.594     5.73776    0.243289
     2.73415       4.272     5.39659    0.152299
     2.92271       2.102     3.99856    0.120244
     3.11127       2.056     2.93737    0.110409
     3.29983       2.526     1.77155   0.0944738
     3.48839        2.61     1.23457   0.0686129
     3.67696       0.534    0.738539   0.0599152
     3.86552        0.19    0.476991   0.0469542
     4.05408       0.196    0.310261   0.0364221
     4.24264           0     0.23233   0.0368479
      4.4312           0    0.153565    0.029101
     4.61976           1    0.162417   0.0343798
     4.80833           0   0.0259652  0.00874238
     4.99689           0   0.0389913   0.0141385
     5.18545           0  0.00864348  0.00507484
     5.37401           0           0           0
     5.56257           0           0           0
   0.0942809       0.202    0.112328   0.0184423
    0.282843       1.142    0.856879   0.0588829
    0.471405       2.562     2.22791    0.112171
    0.659966        2.74     3.82467    0.124417
    0.848528       6.544     5.98552    0.170058
     1.03709        8.24     7.74129    0.164218
     1.22565        9.15     9.56529    0.211857
     1.41421        8.91     9.44557    0.225713
     1.60278      10.422      9.3694    0.189509
     1.79134       9.552     9.58005    0.202401
      1.9799       10.97     9.66469    0.170868
     2.16846      10.964     8.97679    0.167768
     2.35702       6.344     7.45107    0.179847
     2.54558       4.038      5.7231    0.241632
     2.73415       3.568     5.38083    0.151799
     2.92271       3.218     3.99183    0.119395
     3.11127        2.35     2.93231    0.109574
     3.29983       4.266     1.79305   0.0960756
     3.48839       1.582     1.23757   0.0680867
     3.67696       0.236    0.734207   0.0595551
     3.86552           0    0.472879   0.0467291
     4.05408           0    0.307586   0.0362062
     4.24264           0    0.230328   0.0365846
      4.4312       0.056    0.152724   0.0288623
     4.61976       0.688    0.166948   0.0343807
     4.80833       0.194   0.0274138   0.0087862
     4.99689       0.062   0.0391897    0.014018
     5.18545           0  0.00856897  0.00503164
     5.37401           0           0           0
     5.56257           0           0           0
   0.0942809       0.006    0.111419    0.018307
    0.282843       0.114     0.85053   0.0587209
    0.471405       1.346     2.22038    0.111466
    0.659966       4.156      3.8275    0.123386
    0.848528        4.42     5.97214     0.16913
     1.03709       7.056     7.73544    0.162919
     1.22565      11.308     9.58019    0.210569
     1.41421      10.468     9.45431    0.223953
     1.60278       9.456     9.37014    0.187891
     1.79134      11.648     9.59773    0.201442
      1.9799      12.612     9.68988    0.171255
     2.16846      10.084     8.98626    0.166601
     2.35702       6.438     7.44241    0.178518
     2.54558       4.908     5.71614    0.239667
     2.73415       3.214     5.36231    0.151627
     2.92271       2.516     3.97921    0.119039
     3.11127        2.68     2.93015    0.108658
     3.29983       2.796     1.80162   0.0956361
     3.48839       0.694     1.23292   0.0676631
     3.67696       0.762    0.734444   0.0590466
     3.86552       0.318    0.471556   0.0463484
     4.05408           0    0.304957   0.0359921
     4.24264           0    0.228359   0.0363249
      4.4312           0    0.151419   0.0286451
     4.61976           0    0.165521   0.0341165
     4.80833           1   0.0357265   0.0120164
     4.99689           0   0.0388547   0.0139022
     5.18545           0  0.00849573  0.00498916
     5.37401           0           0           0
     5.56257           0           0           0
   0.0942809       0.014    0.110593   0.0181705
    0.282843       0.436    0.847017   0.0583283
    0.471405       1.442     2.21378    0.110716
    0.659966        4.24       3.831     0.12239
    0.848528       4.144     5.95664    0.168405
     1.03709       5.746     7.71858    0.162408
     1.22565      10.022     9.58393    0.208818
     1.41421      10.976      9.4672    0.222426
     1.60278      11.596       9.389    0.187243
     1.79134         9.7     9.59859    0.199736
      1.9799       9.338      9.6869    0.169829
     2.16846      11.846     9.01049    0.166943
     2.35702      10.268     7.46636    0.178604
     2.54558         5.6     5.71515    0.237638
     2.73415       2.572     5.33866    0.152175
     2.92271       3.128       3.972    0.118249
     3.11127       1.462     2.91771    0.108447
     3.29983       2.672       1.809   0.0951096
     3.48839       0.788     1.22915   0.0671947
     3.67696       0.946    0.736237   0.0585734
     3.86552       0.064    0.468102   0.0460842
     4.05408           0    0.302373   0.0357797
     4.24264           0    0.226424   0.0360685
      4.4312           0    0.150136   0.0284311
     4.61976           0    0.164119   0.0338562
     4.80833           1   0.0438983   0.0144281
     4.99689           0   0.0385254   0.0137883
     5.18545           0  0.00842373   0.0049474
     5.37401           0           0           0
     5.56257           0           0           0
   0.0942809           0    0.109664   0.0180416
    0.282843       1.594    0.853294   0.0581749
    0.471405       0.596     2.20018    0.110617
    0.659966        4.77     3.83889    0.121616
    0.848528        5.92     5.95634     0.16699
     1.03709       6.358     7.70714    0.161445
     1.22565       7.922     9.56997    0.207529
     1.41421      15.286      9.5161    0.225868
     1.60278       10.02      9.3943    0.185744
     1.79134       7.762     9.58316    0.198653
      1.9799        9.52      9.6855    0.168408
     2.16846       8.536      9.0065    0.165587
     2.35702       7.638      7.4678    0.177109
     2.54558       5.016     5.70928    0.235714
     2.73415       3.512     5.32331    0.151668
     2.92271       4.182     3.97376    0.117268
     3.11127       3.268     2.92066    0.107576
     3.29983         2.6     1.81565   0.0945424
     3.48839        2.16     1.23697   0.0670838
     3.67696       0.164    0.731429   0.0582782
     3.86552       0.176    0.465647   0.0457622
     4.05408           0    0.299832   0.0355692
     4.24264           0    0.224521   0.0358156
      4.4312           0    0.148874   0.0282201
     4.61976           0    0.162739   0.0335997
     4.80833       0.956    0.051563   0.0162154
     4.99689       0.044   0.0385714   0.0136725
     5.18545           0  0.00835294  0.00490633
     5.37401           0           0           0
     5.56257           0           0           0
   0.0942809           0     0.10875   0.0179143
    0.282843       0.694    0.851967   0.0577053
    0.471405       1.668     2.19575    0.109784
    0.659966       2.878     3.83088    0.120866
    0.848528       7.114     5.96598    0.165877
     1.03709       6.682      7.6986    0.160326
     1.22565        11.2     9.58355    0.206244
     1.41421      13.104       9.546    0.225956
     1.60278      10.188     9.40092    0.184314
     1.79134       7.908      9.5692    0.197488
      1.9799      10.082      9.6888    0.167037
     2.16846       6.738      8.9876    0.165283
     2.35702        6.85     7.46265    0.175708
     2.54558       6.754     5.71798     0.23391
     2.73415       5.406       5.324    0.150406
     2.92271       3.894      3.9731    0.116293
     3.11127       0.782     2.90283    0.108146
     3.29983       2.866      1.8244   0.0941588
     3.48839       0.236     1.22863   0.0670413
     3.67696       1.106     0.73455   0.0578761
     3.86552        0.54    0.466267   0.0453851
     4.05408       0.376    0.300467   0.0352784
     4.24264       0.012     0.22275   0.0355609
      4.4312       0.012    0.147733    0.028008
     4.61976       0.446      0.1651   0.0334025
     4.80833       0.464       0.055   0.0164405
     4.99689           0     0.03825   0.0135623
     5.18545           0  0.00828333  0.00486594
     5.37401           0           0           0
     5.56257           0           0           0
   0.0942809       0.418    0.111306   0.0179477
    0.282843         1.7    0.858975   0.0576524
    0.471405        1.95     2.19372    0.108896
    0.659966       2.974      3.8238    0.120074
    0.848528       5.588     5.96286    0.164535
     1.03709         7.2     7.69448    0.159054
     1.22565       12.15     9.60476    0.205627
     1.41421      10.936     9.55749     0.22438
     1.60278       10.01     9.40595     0.18286
     1.79134      10.264     9.57494    0.195939
      1.9799       9.274     9.68537    0.165692
     2.16846       6.776     8.96932    0.164925
     2.35702       7.424     7.46233    0.174256
     2.54558        4.58     5.70858    0.232166
     2.73415        4.15      5.3143    0.149476
     2.92271        3.44     3.96869    0.115415
     3.11127       1.512     2.89134    0.107861
     3.29983       3.846     1.84111   0.0948514
     3.48839        1.04     1.22707   0.0665054
     3.67696       1.318    0.739372   0.0575983
     3.86552       0.428     0.46595   0.0450111
     4.05408       0.022    0.298165   0.0350619
     4.24264           0    0.220909   0.0353146
      4.4312           0    0.146512   0.0278031
     4.61976           0    0.163736   0.0331543
     4.80833       0.306   0.0570744    0.016435
     4.99689       0.694   0.0436694   0.0144926
     5.18545           0  0.00821488  0.00482621
     5.37401           0           0           0
     5.56257           0           0           0
   0.0942809        0.24    0.112361   0.0178315
    0.282843       2.498     0.87241   0.0587243
    0.471405       2.524     2.19643    0.108037
    0.659966       3.828     3.82384     0.11909
    0.848528       4.056     5.94723    0.163927
     1.03709       6.142     7.68175    0.158258
     1.22565       6.746     9.58133    0.205273
     1.41421      11.206       9.571    0.222948
     1.60278      14.704     9.44938    0.186446
     1.79134      11.268     9.58882    0.194824
      1.9799       9.258     9.68187     0.16437
     2.16846       6.232     8.94689    0.165092
     2.35702       6.022     7.45052    0.173227
     2.54558       6.692     5.71664    0.230403
     2.73415       4.624     5.30864    0.148358
     2.92271       2.494     3.95661    0.115101
     3.11127       3.288     2.89459    0.107026
     3.29983        3.13     1.85167   0.0946604
     3.48839       1.048     1.22561   0.0659765
     3.67696       0.662    0.738738   0.0571297
     3.86552       0.246    0.464148   0.0446782
     4.05408       0.092    0.296475   0.0348152
     4.24264           0    0.219098   0.0350715
      4.4312           0    0.145311   0.0276012
     4.61976           0    0.162393   0.0329097
     4.80833       0.752   0.0627705   0.0172591
     4.99689       0.248   0.0453443   0.0144703
     5.18545           0  0.00814754  0.00478712
     5.37401           0           0           0
     5.56257           0           0           0
   0.0942809        0.35    0.114293   0.0177909
    0.282843       2.874    0.888683   0.0604596
    0.471405       1.718     2.19254    0.107228
    0.659966       4.246     3.82727    0.118171
    0.848528       5.996     5.94763    0.162595
     1.03709       7.704     7.68193    0.156972
     1.22565       7.446     9.56397    0.204337
     1.41421       10.77     9.58075    0.221348
     1.60278        8.06     9.43808    0.185272
     1.79134       9.468     9.58784    0.193242
      1.9799       8.916     9.67564    0.163152
     2.16846        7.77     8.93732    0.164027
     2.35702        6.08     7.43938    0.172177
     2.54558       7.038     5.72738     0.22878
     2.73415       5.892     5.31338    0.147227
     2.92271       4.098     3.95776    0.114171
     3.11127        2.49      2.8913    0.106207
     3.29983       3.298     1.86343   0.0946183
     3.48839       2.288     1.23424    0.066003
     3.67696        0.36    0.735659   0.0567481
     3.86552       0.138    0.461496   0.0443936
     4.05408           0    0.294065   0.0346155
     4.24264           0    0.217317   0.0348316
      4.4312           0     0.14413    0.027402
     4.61976           0    0.161073   0.0326687
     4.80833       0.578   0.0669593   0.0176198
     4.99689       0.422   0.0484065   0.0146731
     5.18545           0   0.0080813  0.00474866
     5.37401           0           0           0
     5.56257           0           0           0
   0.0942809       0.386    0.116484   0.0177819
    0.282843       1.648    0.894806   0.0602813
    0.471405       1.894     2.19013    0.106391
    0.659966       4.948     3.83631    0.117563
    0.848528       5.368     5.94295    0.161351
     1.03709       8.356     7.68737      0.1558
     1.22565       7.926     9.55076    0.203115
     1.41421        9.55      9.5805    0.219563
     1.60278       8.102     9.42731    0.184091
     1.79134       8.494     9.57902    0.191885
      1.9799      11.744     9.69232    0.162687
     2.16846       6.426     8.91706    0.163949
     2.35702       8.374     7.44692    0.170953
     2.54558       8.622     5.75073    0.228123
     2.73415       4.372     5.30579    0.146235
     2.92271       2.836     3.94871    0.113608
     3.11127       2.378     2.88716    0.105431
     3.29983       3.232     1.87447   0.0944968
     3.48839       1.748     1.23839   0.0656007
     3.67696       0.596    0.734532   0.0563017
     3.86552           0    0.457774   0.0441913
     4.05408           0    0.291694   0.0344174
     4.24264           0    0.215565   0.0345948
      4.4312           0    0.142968   0.0272057
     4.61976           0    0.159774    0.032431
     4.80833       0.196       0.068   0.0175084
     4.99689       0.692   0.0535968   0.0154455
     5.18545       0.112  0.00891935  0.00478374
     5.37401           0           0           0
     5.56257           0           0           0
   0.0942809       0.048    0.115936   0.0176481
    0.282843       1.316    0.898176   0.0598931
    0.471405       2.298     2.19099    0.105543
    0.659966       3.756     3.83566    0.116624
    0.848528       6.486      5.9473    0.160119
     1.03709       7.666      7.6872    0.154553
     1.22565       9.088     9.54706    0.201524
     1.41421       9.076     9.57646    0.217844
     1.60278       7.422     9.41126    0.183316
     1.79134      11.694     9.59594    0.191095
      1.9799      10.608     9.69965     0.16155
     2.16846       8.302     8.91214    0.162712
     2.35702       8.582       7.456    0.169826
     2.54558         5.2     5.74632    0.226341
     2.73415       5.528     5.30757    0.145076
     2.92271        2.96      3.9408    0.112974
     3.11127       2.044     2.88042    0.104803
     3.29983       2.738     1.88138    0.093993
     3.48839        1.47     1.24024    0.065102
     3.67696       0.478     0.73248   0.0558886
     3.86552        0.24    0.456032   0.0438721
     4.05408           0     0.28936   0.0342211
     4.24264           0     0.21384    0.034361
      4.4312           0    0.141824   0.0270121
     4.61976       0.898     0.16568   0.0327049
     4.80833       0.102    0.068272   0.0173705
     4.99689           0    0.053168   0.0153279
     5.18545           0    0.008848    0.004746
     5.37401           0           0           0
     5.56257           0           0           0
   0.0942809           0    0.115016    0.017532
    0.282843       1.304    0.901397   0.0595043
    0.471405       1.894     2.18863    0.104732
    0.659966       4.546      3.8413    0.115835
    0.848528       7.842     5.96233    0.159553
     1.03709       5.668     7.67117    0.154155
     1.22565      10.426     9.55403    0.200045
     1.41421        7.55     9.56038    0.216708
     1.60278       7.972     9.39984    0.182217
     1.79134      10.418     9.60246    0.189689
      1.9799      11.724     9.71571    0.161065
     2.16846      10.044     8.92113    0.161668
     2.35702       5.898     7.44363    0.168928
     2.54558       5.704     5.74598    0.224545
     2.73415       5.526      5.3093    0.143935
     2.92271       3.082     3.93398    0.112283
     3.11127       3.498     2.88532    0.104086
     3.29983       3.098     1.89103   0.0937417
     3.48839       0.506     1.23441   0.0648456
     3.67696       0.244    0.728603   0.0555794
     3.86552       0.056    0.452857   0.0436387
     4.05408           0    0.287063   0.0340265
     4.24264           0    0.212143   0.0341301
      4.4312           0    0.140698   0.0268211
     4.61976           1    0.172302   0.0331089
     4.80833           0   0.0677302   0.0172411
     4.99689           0    0.052746    0.015212
     5.18545           0  0.00877778  0.00470886
     5.37401           0           0           0
     5.56257           0           0           0
   0.0942809           0     0.11411   0.0174173
    0.282843       0.068    0.894835   0.0593965
    0.471405       2.398     2.19028     0.10392
    0.659966       4.486     3.84638    0.115034
    0.848528       4.688      5.9523    0.158611
     1.03709       6.694     7.66348    0.153134
     1.22565        9.09     9.55038    0.198504
     1.41421       9.316     9.55846     0.21501
     1.60278       9.968     9.40431    0.180837
     1.79134       9.026     9.59792     0.18825
      1.9799      12.802     9.74002    0.161619
     2.16846       9.588     8.92638     0.16048
     2.35702       7.592      7.4448    0.167602
     2.54558       7.194     5.75739    0.223066
     2.73415       5.342     5.30956    0.142802
     2.92271        1.95     3.91836     0.11248
     3.11127       1.506     2.87446    0.103831
     3.29983        1.98     1.89173   0.0930062
     3.48839       2.704     1.24598   0.0653593
     3.67696        0.38    0.725858   0.0552095
     3.86552       0.214    0.450976   0.0433356
     4.05408       0.014    0.284913   0.0338264
     4.24264           0    0.210472   0.0339023
      4.4312           0    0.139591   0.0266328
     4.61976           1    0.178819   0.0334835
     4.80833           0   0.0671969   0.0171136
     4.99689           0   0.0523307   0.0150979
     5.18545           0  0.00870866  0.00467229
     5.37401           0           0           0
     5.56257           0           0           0
   0.0942809       0.342    0.115891    0.017372
    0.282843       0.218    0.889547   0.0591674
    0.471405       0.738     2.17894    0.103726
    0.659966        4.75     3.85344    0.114352
    0.848528       7.314     5.96294    0.157729
     1.03709         6.6     7.65517    0.152162
     1.22565       9.006     9.54613    0.196998
     1.41421       8.614     9.55108    0.213457
     1.60278       8.792     9.39953    0.179487
     1.79134      10.692     9.60647    0.186973
      1.9799      13.744      9.7713    0.163356
     2.16846      12.324     8.95292    0.161407
     2.35702       5.566     7.43012    0.166934
     2.54558        3.21     5.73748    0.222209
     2.73415       5.954     5.31459    0.141775
     2.92271       2.702     3.90886    0.112002
     3.11127        1.55     2.86411    0.103534
     3.29983       1.774     1.89081   0.0922841
     3.48839       0.614     1.24105   0.0650349
     3.67696        1.31    0.730422   0.0549665
     3.86552       0.786    0.453594    0.043076
     4.05408         0.4    0.285812   0.0335741
     4.24264           0    0.208828   0.0336772
      4.4312           0      0.1385   0.0264471
     4.61976           1    0.185234   0.0338309
     4.80833           0   0.0666719   0.0169879
     4.99689           0   0.0519219   0.0149855
     5.18545           0  0.00864063  0.00463628
     5.37401           0           0           0
     5.56257           0           0           0
   0.0942809       0.126    0.115969   0.0172375
    0.282843        0.83    0.889085   0.0587105
    0.471405       2.618     2.18234    0.102977
    0.659966       5.182     3.86374    0.113928
    0.848528       2.934     5.93946    0.158244
     1.03709       6.756      7.6482    0.151142
     1.22565       8.754     9.53998    0.195567
     1.41421        9.31     9.54921     0.21181
     1.60278      11.268     9.41402    0.178679
     1.79134      11.562     9.62163    0.186137
      1.9799      13.924     9.80349    0.165231
     2.16846        8.31     8.94794    0.160233
     2.35702       5.464     7.41488    0.166334
     2.54558        5.54     5.73595    0.220492
     2.73415       4.802     5.31062    0.140732
     2.92271       2.138     3.89513    0.111972
     3.11127        2.58     2.86191    0.102755
     3.29983       2.068     1.89219   0.0915789
     3.48839       0.718     1.23699   0.0646571
     3.67696       0.526    0.728837   0.0545632
     3.86552        1.28        0.46   0.0432158
     4.05408        0.31       0.286   0.0333144
     4.24264           0    0.207209   0.0334551
      4.4312           0    0.137426   0.0262638
     4.61976           1     0.19155   0.0341531
     4.80833           0    0.066155   0.0168641
     4.99689           0   0.0515194   0.0148747
     5.18545           0  0.00857364  0.00460082
     5.37401           0           0           0
     5.56257           0           0           0
   0.0942809       0.048    0.115446   0.0171128
    0.282843        0.31    0.884631   0.0584277
    0.471405       3.886     2.19545    0.103016
    0.659966       4.388     3.86777    0.113123
    0.848528       5.166     5.93351    0.157139
     1.03709       6.736     7.64118    0.150143
     1.22565      10.002     9.54354    0.194095
     1.41421       6.754     9.52771    0.211269
     1.60278       7.566      9.3998    0.177869
     1.79134      13.232      9.6494    0.186766
      1.9799       11.91     9.81969    0.164753
     2.16846       8.798     8.94678    0.159004
     2.35702       8.346     7.42205    0.165209
     2.54558       5.312     5.73269     0.21882
     2.73415       3.728     5.29845    0.140175
     2.92271       3.458     3.89177    0.111161
     3.11127        1.69     2.85289    0.102359
     3.29983       2.482     1.89672   0.0909868
     3.48839       1.058     1.23562   0.0641744
     3.67696       0.584    0.727723   0.0541549
     3.86552       0.244    0.458338   0.0429153
     4.05408        0.78      0.2898   0.0332741
     4.24264       0.468    0.209215   0.0332578
      4.4312       0.054    0.136785   0.0260696
     4.61976           1    0.197769   0.0344519
     4.80833           0   0.0656462    0.016742
     4.99689           0   0.0511231   0.0147656
     5.18545           0  0.00850769   0.0045659
     5.37401           0           0           0
     5.56257           0           0           0
   0.0942809           0    0.114565   0.0170049
    0.282843           0    0.877878   0.0583706
    0.471405       1.236     2.18812    0.102489
    0.659966        5.91     3.88336    0.113329
    0.848528       3.724     5.91664    0.156842
     1.03709       4.296     7.61565    0.151152
     1.22565       8.646     9.53669    0.192734
     1.41421      10.246     9.53319    0.209728
     1.60278      10.946      9.4116    0.176903
     1.79134      10.984     9.65959    0.185618
      1.9799      10.144     9.82217    0.163514
     2.16846      10.534      8.9589    0.158251
     2.35702      11.316     7.45177      0.1666
     2.54558       5.642       5.732    0.217151
     2.73415       3.284     5.28307    0.139946
     2.92271       3.806     3.89111    0.110314
     3.11127       2.754     2.85214    0.101581
     3.29983        1.02     1.89003   0.0905381
     3.48839       1.366     1.23661   0.0636922
     3.67696       0.214    0.723802   0.0538833
     3.86552       0.642     0.45974   0.0426106
     4.05408       0.386    0.290534   0.0330282
     4.24264       0.182    0.209008   0.0330046
      4.4312        0.07    0.136275   0.0258756
     4.61976       0.558    0.200519   0.0342985
     4.80833       0.094   0.0658626   0.0166156
     4.99689           0   0.0507328    0.014658
     5.18545           0  0.00844275  0.00453151
     5.37401           0           0           0
     5.56257           0           0           0
   0.0942809       0.018    0.113833   0.0168918
    0.282843        0.24    0.873045   0.0581281
    0.471405       0.708     2.17691    0.102325
    0.659966       4.112     3.88509    0.112483
    0.848528       4.784     5.90806    0.155888
     1.03709       7.378     7.61385    0.150018
     1.22565      11.432     9.55105    0.191808
     1.41421       9.292     9.53136    0.208147
     1.60278       8.594     9.40541    0.175671
     1.79134       8.128     9.64798    0.184574
      1.9799       9.768     9.82176    0.162275
     2.16846       7.466     8.94759    0.157456
     2.35702      12.486     7.48991    0.169647
     2.54558       7.248     5.74348    0.215809
     2.73415       6.886     5.29521    0.139412
     2.92271       4.018     3.89208    0.109483
     3.11127       1.756     2.84383     0.10115
     3.29983       0.682     1.88088   0.0903135
     3.48839       0.634     1.23205   0.0633731
     3.67696        0.37    0.721121   0.0535417
     3.86552           1    0.463833   0.0424839
     4.05408           0    0.288333   0.0328513
     4.24264           1       0.215   0.0332941
      4.4312           0    0.135242   0.0257002
     4.61976           0       0.199   0.0340723
     4.80833           0   0.0653636   0.0164972
     4.99689           0   0.0503485    0.014552
     5.18545           0  0.00837879  0.00449763
     5.37401           0           0           0
     5.56257           0           0           0
   0.0942809           0    0.112977   0.0167864
    0.282843       0.238    0.868271   0.0578868
    0.471405       0.362     2.16326    0.102461
    0.659966       4.492     3.88965     0.11173
    0.848528       8.032     5.92403    0.155532
     1.03709       9.264     7.62626    0.149402
     1.22565      10.714     9.55979    0.190565
     1.41421       6.644     9.50965    0.207711
     1.60278       6.898     9.38656    0.175359
     1.79134        9.93     9.65011    0.183198
      1.9799      11.354     9.83328    0.161464
     2.16846       6.002     8.92544    0.157822
     2.35702       6.012      7.4788    0.168735
     2.54558       9.114     5.76883    0.215669
     2.73415       11.68     5.34322    0.146396
     2.92271       2.398     3.88084    0.109234
     3.11127       1.754     2.83564    0.100721
     3.29983        0.15     1.86786   0.0905673
     3.48839       1.018     1.23044    0.062917
     3.67696       0.022    0.715865   0.0533965
     3.86552       0.314    0.462707   0.0421794
     4.05408       0.338    0.288707   0.0326064
     4.24264       1.146       0.222   0.0337716
      4.4312        0.03    0.134451   0.0255191
     4.61976       0.094    0.198211   0.0338253
     4.80833           0   0.0648722   0.0163805
     4.99689           0   0.0499699   0.0144475
     5.18545           0  0.00831579  0.00446426
     5.37401           0           0           0
     5.56257           0           0           0
   0.0942809       0.022    0.112299   0.0166749
    0.282843         0.1    0.862537    0.057738
    0.471405       1.266     2.15657    0.101915
    0.659966       3.878     3.88957    0.110896
    0.848528       4.244     5.91149    0.154875
     1.03709       8.754     7.63467    0.148524
     1.22565      11.084     9.57116    0.189482
     1.41421      12.156      9.5294    0.207098
     1.60278       8.012      9.3763     0.17435
     1.79134      10.642     9.65751    0.181981
      1.9799        7.13      9.8131    0.161514
     2.16846       8.658     8.92345    0.156657
     2.35702       6.232     7.46949    0.167733
     2.54558       6.418     5.77367    0.214114
     2.73415      10.038     5.37825    0.149437
     2.92271       3.366       3.877    0.108487
     3.11127        2.64     2.83418   0.0999797
     3.29983        0.28     1.85601   0.0906633
     3.48839       0.246     1.22309   0.0628749
     3.67696       0.606    0.715045   0.0530043
     3.86552        0.07    0.459776   0.0419663
     4.05408       0.074    0.287104   0.0324024
     4.24264       1.772    0.233567   0.0354452
      4.4312       0.286    0.135582   0.0253537
     4.61976       0.026    0.196925   0.0335972
     4.80833           0   0.0643881   0.0162654
     4.99689           0    0.049597   0.0143445
     5.18545           0  0.00825373  0.00443137
     5.37401           0           0           0
     5.56257           0           0           0
   0.0942809       0.022     0.11163   0.0165648
    0.282843       0.124    0.857067   0.0575689
    0.471405       1.176      2.1493    0.101419
    0.659966       3.448      3.8863    0.110123
    0.848528       5.232     5.90646     0.15381
     1.03709       9.332     7.64724    0.147955
     1.22565      12.142     9.59021    0.189033
     1.41421      11.472     9.54379    0.206063
     1.60278        7.86     9.36507     0.17342
     1.79134        8.06     9.64567    0.181017
      1.9799       8.242     9.80147    0.160736
     2.16846      11.684      8.9439    0.156826
     2.35702        3.95     7.44342    0.168504
     2.54558       5.192     5.76936    0.212571
     2.73415       6.222      5.3845     0.14846
     2.92271       4.374     3.88068    0.107746
     3.11127       5.298     2.85243    0.100891
     3.29983       1.032     1.84991   0.0901969
     3.48839       0.138     1.21505   0.0629208
     3.67696           0    0.709748   0.0528757
     3.86552       0.472    0.459867   0.0416556
     4.05408       0.482    0.288548   0.0321945
     4.24264       1.414    0.242311   0.0362451
      4.4312       0.632    0.139259   0.0254312
     4.61976           0    0.195467     0.03338
     4.80833           0   0.0639111   0.0161519
     4.99689           0   0.0492296    0.014243
     5.18545           0  0.00819259  0.00439897
     5.37401           0           0           0
     5.56257           0           0           0
   0.0942809       0.034    0.111059   0.0164528
    0.282843        0.53    0.854662   0.0571958
    0.471405       2.114     2.14904    0.100673
    0.659966       2.634     3.87709    0.109698
    0.848528        5.45      5.9031    0.152716
     1.03709       8.024     7.65001    0.146893
     1.22565       12.21     9.60947    0.188622
     1.41421      14.298     9.57875    0.207492
     1.60278       9.352     9.36497    0.172145
     1.79134        7.86     9.63254    0.180161
      1.9799       5.672      9.7711    0.162397
     2.16846        8.61     8.94144    0.155692
     2.35702       5.724     7.43078    0.167739
     2.54558       6.734     5.77646    0.211127
     2.73415        6.29     5.39116    0.147518
     2.92271       3.196     3.87565    0.107071
     3.11127         4.4     2.86381    0.100789
     3.29983       1.054     1.84406   0.0897234
     3.48839       0.676     1.21109   0.0625829
     3.67696       0.172    0.705794   0.0526345
     3.86552       0.136    0.457485   0.0414173
     4.05408       0.186    0.287794   0.0319666
     4.24264       1.388    0.250735   0.0369446
      4.4312       0.738    0.143662   0.0256224
     4.61976        0.25    0.195868    0.033137
     4.80833       0.268   0.0654118   0.0161027
     4.99689           0   0.0488676   0.0141428
     5.18545           0  0.00813235  0.00436704
     5.37401           0           0           0
     5.56257           0           0           0
   0.0942809        0.03    0.110467   0.0163434
    0.282843       0.724    0.853708   0.0567863
    0.471405       3.196     2.15669    0.100228
    0.659966       3.344      3.8732    0.108966
    0.848528       3.202     5.88339    0.152868
     1.03709       9.992     7.66711    0.146812
     1.22565         9.5     9.60867    0.187247
     1.41421      11.978     9.59626    0.206715
     1.60278      12.486     9.38775    0.172389
     1.79134       9.204     9.62942    0.178874
      1.9799       6.806     9.74946    0.162648
     2.16846       5.778     8.91835    0.156258
     2.35702       3.706     7.40359    0.168703
     2.54558       7.474     5.78885    0.209949
     2.73415       7.856     5.40915    0.147534
     2.92271       4.692     3.88161    0.106455
     3.11127       2.954     2.86447    0.100055
     3.29983       0.778     1.83628   0.0894053
     3.48839       1.482     1.21307   0.0621573
     3.67696       0.308    0.702891   0.0523304
     3.86552        0.51    0.457869   0.0411167
     4.05408       0.068     0.28619   0.0317735
     4.24264       1.018    0.256336    0.037097
      4.4312       0.404    0.145562   0.0255058
     4.61976       0.192    0.195839   0.0328951
     4.80833       0.072   0.0654599   0.0159853
     4.99689        0.16   0.0496788   0.0140629
     5.18545       0.086  0.00870073  0.00437199
     5.37401           0           0           0
     5.56257           0           0           0
   0.0942809       0.002    0.109681   0.0162438
    0.282843       0.764    0.853058   0.0563785
    0.471405        1.42     2.15135   0.0996437
    0.659966       2.418     3.86265    0.108685
    0.848528        4.67     5.87459    0.152013
     1.03709       9.556      7.6808    0.146385
     1.22565       9.316     9.60655    0.185902
     1.41421      11.964     9.61342    0.205928
     1.60278       9.302     9.38713    0.171141
     1.79134       9.974     9.63191    0.177595
      1.9799      10.528      9.7551    0.161567
     2.16846       5.732     8.89526    0.156822
     2.35702       5.174     7.38743    0.168253
     2.54558       7.738     5.80297    0.208902
     2.73415       6.732     5.41874    0.146776
     2.92271       4.922     3.88914     0.10595
     3.11127       2.738     2.86355   0.0993346
     3.29983       1.278     1.83223   0.0888489
     3.48839       0.982     1.21139   0.0617295
     3.67696       0.734    0.703116   0.0519516
     3.86552       0.654     0.45929   0.0408433
     4.05408       0.446    0.287348   0.0315644
     4.24264       0.956    0.261406   0.0371731
      4.4312           0    0.144507   0.0253427
     4.61976           0     0.19442   0.0326874
     4.80833           0   0.0649855   0.0158765
     4.99689           0   0.0493188   0.0139656
     5.18545           0  0.00863768  0.00434077
     5.37401           0           0           0
     5.56257           0           0           0
   0.0942809           0    0.108892   0.0161461
    0.282843       0.022    0.847079   0.0562891
    0.471405       0.992     2.14301   0.0992753
    0.659966        5.47     3.87422    0.108517
    0.848528       6.982     5.88256    0.151128
     1.03709       7.874     7.68219    0.145339
     1.22565       9.508     9.60584    0.184566
     1.41421       9.788     9.61468     0.20445
     1.60278      10.492     9.39508    0.170094
     1.79134       12.57     9.65305    0.177571
      1.9799        9.72     9.75485    0.160405
     2.16846       5.614     8.87165    0.157461
     2.35702       5.238     7.37197    0.167751
     2.54558       3.922     5.78944    0.207837
     2.73415       4.902     5.41502    0.145767
     2.92271       5.972     3.90413    0.106242
     3.11127        4.29     2.87381   0.0991486
     3.29983       0.724     1.82426   0.0885667
     3.48839        1.38      1.2126   0.0612973
     3.67696        0.38    0.700791   0.0516299
     3.86552       0.738    0.461295   0.0405987
     4.05408       1.328    0.294835    0.032213
     4.24264       0.094    0.260201   0.0369251
      4.4312           0    0.143468   0.0251817
     4.61976           0    0.193022   0.0324821
     4.80833           0    0.064518   0.0157691
     4.99689           0    0.048964   0.0138696
     5.18545           0  0.00857554  0.00430998
     5.37401           0           0           0
     5.56257           0           0           0
   0.0942809       0.012      0.1082   0.0160456
    0.282843       0.024      0.8412   0.0561932
    0.471405       1.486     2.13831   0.0986771
    0.659966        3.74     3.87326    0.107746
    0.848528       8.552     5.90163    0.151247
     1.03709       10.29     7.70081    0.145489
     1.22565       9.172     9.60274    0.183274
     1.41421      10.356     9.61997    0.203058
     1.60278       8.662     9.38984     0.16896
     1.79134      11.382      9.6654    0.176731
      1.9799       9.784     9.75506    0.159259
     2.16846        4.72       8.842    0.159104
     2.35702       8.122     7.37733    0.166639
     2.54558        3.46      5.7728    0.207017
     2.73415       4.554     5.40887    0.144856
     2.92271        4.79     3.91046    0.105672
     3.11127       3.486     2.87819   0.0985368
     3.29983        1.43     1.82144   0.0879788
     3.48839       1.582     1.21524   0.0609162
     3.67696       0.254      0.6976   0.0513596
     3.86552       1.142    0.466157   0.0405988
     4.05408       0.362    0.295314   0.0319864
     4.24264       0.638      0.2629   0.0367599
      4.4312           0    0.142443   0.0250227
     4.61976           0    0.191643   0.0322793
     4.80833           0   0.0640571   0.0156632
     4.99689           0   0.0486143   0.0137749
     5.18545           0  0.00851429  0.00427963
     5.37401           0           0           0
     5.56257           0           0           0
   0.0942809       0.138    0.108411   0.0159332
    0.282843        0.78    0.840766   0.0557963
    0.471405       1.678     2.13505   0.0980312
    0.659966       4.838      3.8801    0.107199
    0.848528       7.516     5.91308    0.150607
     1.03709       7.284     7.69786    0.144487
     1.22565       9.076     9.59901    0.182012
     1.41421       8.514     9.61213     0.20177
     1.60278       9.606     9.39138    0.167769
     1.79134      13.926     9.69562    0.178042
      1.9799       8.976     9.74953    0.158225
     2.16846       5.668     8.81949     0.15956
     2.35702       9.514     7.39248    0.166144
     2.54558       3.276     5.75509    0.206305
     2.73415       3.548     5.39567    0.144428
     2.92271       4.566     3.91511    0.105025
     3.11127       3.132     2.87999   0.0978544
     3.29983       2.206     1.82417   0.0873971
     3.48839       0.892     1.21295   0.0605273
     3.67696       1.252    0.701532   0.0511457
     3.86552       1.072    0.470454   0.0405376
     4.05408       0.542    0.297064   0.0318074
     4.24264           0    0.261035   0.0365464
      4.4312           0    0.141433   0.0248656
     4.61976           0    0.190284    0.032079
     4.80833           0   0.0636028   0.0155587
     4.99689           0   0.0482695   0.0136816
     5.18545           0   0.0084539  0.00424971
     5.37401           0           0           0
     5.56257           0           0           0
   0.0942809           0    0.107648   0.0158393
    0.282843       0.738    0.840042   0.0554081
    0.471405       1.898     2.13338   0.0973551
    0.659966       4.382     3.88363    0.106502
    0.848528       5.636     5.91113    0.149559
     1.03709       7.594     7.69713    0.143472
     1.22565      11.764     9.61425    0.181368
     1.41421       7.924     9.60024    0.200699
     1.60278      10.452     9.39885    0.166753
     1.79134       13.26     9.72072    0.178549
      1.9799       8.566      9.7412    0.157331
     2.16846       8.142     8.81472    0.158508
     2.35702       5.916     7.38208    0.165299
     2.54558       3.226     5.73728     0.20562
     2.73415       3.954     5.38552    0.143768
     2.92271       4.136     3.91666    0.104297
     3.11127       3.778     2.88631   0.0973694
     3.29983       1.898     1.82469   0.0867832
     3.48839       2.048     1.21883   0.0603861
     3.67696       1.688    0.708479   0.0512551
     3.86552           1    0.474183   0.0404233
     4.05408           0    0.294972   0.0316521
     4.24264           0    0.259197   0.0363352
      4.4312           0    0.140437   0.0247105
     4.61976           0    0.188944   0.0318811
     4.80833           0   0.0631549   0.0154556
     4.99689           0   0.0479296   0.0135894
     5.18545           0  0.00839437   0.0042202
     5.37401           0           0           0
     5.56257           0           0           0
   0.0942809           0    0.106895   0.0157464
    0.282843       0.642    0.838657   0.0550379
    0.471405       2.538     2.13621   0.0967154
    0.659966       2.932     3.87698    0.105965
    0.848528       6.546     5.91557    0.148579
     1.03709       9.436     7.70929    0.142983
     1.22565        8.14     9.60394    0.180392
     1.41421       11.35     9.61248    0.199668
     1.60278       8.682     9.39383    0.165663
     1.79134       10.94     9.72924    0.177504
      1.9799        8.48     9.73238    0.156477
     2.16846      10.176     8.82424    0.157685
     2.35702       7.036     7.37966    0.164161
     2.54558       2.808      5.7168      0.2052
     2.73415        5.03     5.38303    0.142784
     2.92271       3.028     3.91045    0.103752
     3.11127       2.964     2.88685     0.09669
     3.29983       3.468     1.83618   0.0869338
     3.48839       2.096     1.22497   0.0602745
     3.67696        0.42    0.706462   0.0509364
     3.86552       0.406    0.473706   0.0401434
     4.05408       0.882    0.299077   0.0316959
     4.24264           0    0.257385   0.0361263
      4.4312           0    0.139455   0.0245572
     4.61976           0    0.187622   0.0316855
     4.80833           0   0.0627133   0.0153538
     4.99689           0   0.0475944   0.0134985
     5.18545           0  0.00833566  0.00419109
     5.37401           0           0           0
     5.56257           0           0           0
   0.0942809       0.006    0.106194   0.0156526
    0.282843       0.096      0.8335   0.0548968
    0.471405       2.102     2.13597    0.096044
    0.659966           4     3.87783    0.105233
    0.848528       4.908     5.90857    0.147712
     1.03709       7.642     7.70882    0.141991
     1.22565      12.268     9.62244    0.180086
     1.41421      12.482      9.6324    0.199273
     1.60278      10.818     9.40372    0.164807
     1.79134      10.142     9.73211    0.176294
      1.9799       5.138     9.70047     0.15861
     2.16846       8.008     8.81857    0.156692
     2.35702       8.288     7.38597    0.163142
     2.54558       4.846     5.71075    0.203864
     2.73415       4.164     5.37457    0.142043
     2.92271       3.062     3.90456    0.103199
     3.11127       3.998     2.89457    0.096326
     3.29983       2.118     1.83814   0.0863522
     3.48839       1.742     1.22856   0.0599628
     3.67696       0.996    0.708472   0.0506223
     3.86552       0.176    0.471639   0.0399179
     4.05408       0.772    0.302361   0.0316454
     4.24264       0.228    0.257181    0.035876
      4.4312           0    0.138486   0.0244057
     4.61976           0    0.186319   0.0314922
     4.80833           0   0.0622778   0.0152534
     4.99689           0   0.0472639   0.0134088
     5.18545           0  0.00827778  0.00416239
     5.37401           0           0           0
     5.56257           0           0           0
   0.0942809       0.058    0.105862   0.0155482
    0.282843       0.392    0.830455   0.0546026
    0.471405       2.468     2.13826   0.0954089
    0.659966       3.418     3.87466    0.104555
    0.848528       8.638     5.92739    0.147888
     1.03709       7.634      7.7083    0.141012
     1.22565       8.782     9.61665    0.178937
     1.41421       8.682     9.62585    0.198006
     1.60278      10.532      9.4115    0.163854
     1.79134      10.922     9.74032     0.17527
      1.9799       6.234     9.67657    0.159308
     2.16846       9.708      8.8247    0.155731
     2.35702       7.768     7.38861    0.162038
     2.54558       5.382     5.70848     0.20247
     2.73415       3.428     5.36114    0.141696
     2.92271       3.906     3.90457    0.102487
     3.11127       3.562     2.89917   0.0957716
     3.29983        3.09     1.84677   0.0861871
     3.48839       0.844      1.2259   0.0596079
     3.67696       1.402    0.713255   0.0504986
     3.86552       0.342    0.470745   0.0396526
     4.05408       0.366      0.3028   0.0314302
     4.24264       0.442    0.258455   0.0356512
      4.4312           0    0.137531   0.0242561
     4.61976           0    0.185034   0.0313013
     4.80833           0   0.0618483   0.0151542
     4.99689           0   0.0469379   0.0133203
     5.18545           0  0.00822069  0.00413407
     5.37401           0           0           0
     5.56257           0           0           0
   0.0942809           0    0.105137   0.0154586
    0.282843       1.532     0.83526   0.0544396
    0.471405        2.14     2.13827   0.0947555
    0.659966       7.416     3.89892    0.106615
    0.848528       5.704     5.92586    0.146883
     1.03709       7.702     7.70826    0.140047
     1.22565       8.008     9.60563     0.17805
     1.41421       7.972     9.61452    0.196974
     1.60278       9.716     9.41359    0.162745
     1.79134      10.586     9.74611    0.174165
      1.9799       9.132     9.67284     0.15826
     2.16846      10.134     8.83367    0.154923
     2.35702       6.142     7.38007    0.161153
     2.54558       4.648     5.70122    0.201214
     2.73415       5.058     5.35907    0.140741
     2.92271        3.37      3.9009    0.101851
     3.11127        3.78     2.90521   0.0953054
     3.29983        1.87     1.84693    0.085597
     3.48839       0.308     1.21962   0.0595302
     3.67696       2.132    0.722973   0.0510791
     3.86552       0.424    0.470425   0.0393823
     4.05408       0.044    0.301027   0.0312649
     4.24264       0.182    0.257932   0.0354109
      4.4312           0    0.136589   0.0241082
     4.61976           0    0.183767   0.0311125
     4.80833           0   0.0614247   0.0150564
     4.99689           0   0.0466164    0.013233
     5.18545           0  0.00816438  0.00410614
     5.37401           0           0           0
     5.56257           0           0           0
   0.0942809           0    0.104422     0.01537
    0.282843       0.414    0.832395   0.0541447
    0.471405       2.176     2.13853   0.0941112
    0.659966       5.392     3.90907    0.106373
    0.848528        7.56     5.93698    0.146304
     1.03709         8.4     7.71297    0.139173
     1.22565      10.226     9.60985    0.176889
     1.41421        8.62     9.60776     0.19575
     1.60278       8.036     9.40422    0.161908
     1.79134      10.748     9.75293    0.173113
      1.9799       7.464     9.65781    0.157895
     2.16846       9.206      8.8362    0.153889
     2.35702      10.986      7.4046    0.161913
     2.54558       4.708     5.69446    0.199958
     2.73415       2.938      5.3426    0.140744
     2.92271        2.94     3.89437    0.101367
     3.11127       2.828     2.90468   0.0946586
     3.29983       2.448     1.85102   0.0851123
     3.48839       0.282     1.21324    0.059466
     3.67696       1.112    0.725619   0.0508002
     3.86552       0.802     0.47268   0.0391789
     4.05408       0.714    0.303837   0.0311782
     4.24264           0    0.256177   0.0352135
      4.4312           0     0.13566   0.0239621
     4.61976           0    0.182517    0.030926
     4.80833           0   0.0610068   0.0149597
     4.99689           0   0.0462993   0.0131467
     5.18545           0  0.00810884  0.00407858
     5.37401           0           0           0
     5.56257           0           0           0
   0.0942809           0    0.103716   0.0152823
    0.282843       0.066    0.827216   0.0540259
    0.471405         2.3     2.13962   0.0934817
    0.659966       2.744      3.9012    0.105945
    0.848528       5.004     5.93068    0.145451
     1.03709        8.51     7.71835    0.138337
     1.22565      11.542     9.62291    0.176175
     1.41421       9.594     9.60766    0.194428
     1.60278       8.296     9.39673    0.160987
     1.79134      12.258     9.76985    0.172769
      1.9799       8.834     9.65224    0.156927
     2.16846       9.572     8.84118     0.15293
     2.35702        9.17     7.41653    0.161258
     2.54558       4.738       5.688    0.198712
     2.73415        1.82      5.3188    0.141791
     2.92271       2.298     3.88358    0.101255
     3.11127       4.148     2.91308    0.094391
     3.29983        3.24     1.86041    0.085053
     3.48839       2.174     1.21973   0.0594175
     3.67696       1.692    0.732149   0.0508748
     3.86552           0    0.469486   0.0390441
     4.05408           0    0.301784    0.031035
     4.24264           0    0.254446    0.035018
      4.4312           0    0.134743   0.0238177
     4.61976           0    0.181284   0.0307416
     4.80833           0   0.0605946   0.0148643
     4.99689           0   0.0459865   0.0130616
     5.18545           0  0.00805405  0.00405139
     5.37401           0           0           0
     5.56257           0           0           0
   0.0942809       0.018    0.103141   0.0151906
    0.282843       0.518    0.825141   0.0537031
    0.471405       0.966     2.13174   0.0931855
    0.659966       1.698     3.88642    0.106261
    0.848528        3.99     5.91765    0.145057
     1.03709       7.444     7.71651     0.13742
     1.22565      11.048     9.63247    0.175252
     1.41421      12.436     9.62664    0.194047
     1.60278      10.016     9.40089     0.15996
     1.79134       11.84     9.78374    0.172167
      1.9799       9.722     9.65271    0.155874
     2.16846        7.36     8.83123    0.152226
     2.35702       8.804     7.42584    0.160444
     2.54558       3.312     5.67205    0.198017
     2.73415       5.218     5.31812    0.140841
     2.92271       3.226     3.87917    0.100671
     3.11127       5.158     2.92815   0.0949524
     3.29983       2.052     1.86169   0.0844919
     3.48839       2.378      1.2275    0.059525
     3.67696       0.796    0.732577   0.0505352
     3.86552           0    0.466336    0.038909
     4.05408           0    0.299758   0.0308928
     4.24264           0    0.252738   0.0348246
      4.4312           0    0.133839   0.0236751
     4.61976           0    0.180067   0.0305593
     4.80833           0   0.0601879   0.0147701
     4.99689           0   0.0456779   0.0129776
     5.18545           0       0.008  0.00402456
     5.37401           0           0           0
     5.56257           0           0           0
   0.0942809           0    0.102453   0.0151049
    0.282843       1.356     0.82868   0.0534616
    0.471405       0.626     2.12171   0.0931034
    0.659966       2.662     3.87825    0.105865
    0.848528       5.638     5.91579    0.144101
     1.03709       7.744     7.71669    0.136504
     1.22565       9.324     9.63041    0.174096
     1.41421      11.222     9.63728    0.193045
     1.60278       11.98     9.41808    0.159815
     1.79134       9.456     9.78156    0.171033
      1.9799       9.006      9.6484    0.154894
     2.16846        7.99     8.82563    0.151315
     2.35702        7.27      7.4248    0.159378
     2.54558       5.376     5.67008    0.196707
     2.73415       4.586     5.31324    0.139987
     2.92271       4.526     3.88348    0.100092
     3.11127        4.35     2.93763   0.0947913
     3.29983        1.69     1.86055   0.0839364
     3.48839       1.816     1.23143   0.0592574
     3.67696       0.994     0.73432   0.0502284
     3.86552       0.306    0.465267   0.0386643
     4.05408       0.082    0.298307   0.0307209
     4.24264           0    0.251053   0.0346332
      4.4312           0    0.132947    0.023534
     4.61976           0    0.178867   0.0303792
     4.80833           0   0.0597867   0.0146771
     4.99689           0   0.0453733   0.0128947
     5.18545           0  0.00794667  0.00399809
     5.37401           0           0           0
     5.56257           0           0           0
   0.0942809        0.01    0.101841   0.0150172
    0.282843       2.044    0.836728     0.05371
    0.471405       0.844     2.11325   0.0928705
    0.659966       2.702     3.87046     0.10545
    0.848528       4.338     5.90534    0.143525
     1.03709       7.108     7.71266     0.13566
     1.22565       11.61     9.64352    0.173436
     1.41421      10.618     9.64377    0.191876
     1.60278        9.63     9.41948    0.158763
     1.79134      11.674     9.79409    0.170359
      1.9799        7.27     9.63265    0.154667
     2.16846        9.11     8.82751    0.150324
     2.35702       5.126     7.40958    0.159048
     2.54558       5.114      5.6664    0.195438
     2.73415         6.3     5.31977    0.139212
     2.92271       5.336      3.8931   0.0998906
     3.11127       4.708     2.94935   0.0948858
     3.29983       0.786     1.85343   0.0836817
     3.48839       1.356     1.23225   0.0588707
     3.67696       1.744    0.741007   0.0503388
     3.86552       0.246    0.463815   0.0384355
     4.05408       0.082    0.296874   0.0305508
     4.24264       0.114    0.250146   0.0344157
      4.4312       0.046    0.132371   0.0233852
     4.61976       0.084    0.178238   0.0301845
     4.80833           0   0.0593907   0.0145853
     4.99689           0   0.0450728   0.0128128
     5.18545           0  0.00789404  0.00397196
     5.37401           0           0           0
     5.56257           0           0           0
   0.0942809        0.22    0.102618   0.0149385
    0.282843       1.284    0.839671   0.0534372
    0.471405       0.848     2.10492   0.0926318
    0.659966       2.144     3.85911    0.105366
    0.848528       7.546     5.91613    0.142987
     1.03709       6.294     7.70333    0.135088
     1.22565      12.644     9.66326    0.173414
     1.41421       10.51     9.64947    0.190698
     1.60278       8.768      9.4152    0.157776
     1.79134      11.454     9.80501    0.169588
      1.9799       6.428     9.61157     0.15508
     2.16846      12.052     8.84872    0.150825
     2.35702       6.178     7.40147    0.158208
     2.54558       4.978     5.66187    0.194205
     2.73415        5.06     5.31807    0.138307
     2.92271       4.432     3.89664   0.0992963
     3.11127       1.602     2.94049   0.0946747
     3.29983         1.3     1.84979   0.0832103
     3.48839       2.098     1.23795   0.0587582
     3.67696       1.028    0.742895    0.050043
     3.86552       0.132    0.461632   0.0382446
     4.05408           0    0.294921   0.0304122
     4.24264       0.546    0.252092   0.0342443
      4.4312       0.442    0.134408   0.0233199
     4.61976       0.012    0.177145   0.0300057
     4.80833           0       0.059   0.0144945
     4.99689           0   0.0447763   0.0127319
     5.18545           0  0.00784211  0.00394616
     5.37401           0           0           0
     5.56257           0           0           0
   0.0942809        0.01    0.102013   0.0148532
    0.282843       1.508    0.844039   0.0532661
    0.471405       2.262     2.10595   0.0920321
    0.659966        3.29     3.85539    0.104743
    0.848528       8.352     5.93205    0.142936
     1.03709       3.802     7.67783    0.136591
     1.22565      10.382     9.66796    0.172344
     1.41421       13.11     9.67209    0.190788
     1.60278      10.408     9.42169    0.156878
     1.79134        7.16     9.78773    0.169359
      1.9799       6.094     9.58858    0.155761
     2.16846       10.48     8.85939    0.150215
     2.35702       8.634     7.40953    0.157379
     2.54558       6.298     5.66603     0.19298
     2.73415       2.606     5.30034    0.138534
     2.92271       5.654     3.90813   0.0993094
     3.11127       1.996     2.93431    0.094257
     3.29983       1.922     1.85026   0.0826678
     3.48839       1.088     1.23697   0.0583824
     3.67696       1.798    0.749791   0.0501889
     3.86552       0.146    0.459569   0.0380502
     4.05408           0    0.292993   0.0302745
     4.24264           1     0.25698   0.0343676
      4.4312           0    0.133529    0.023184
     4.61976           0    0.175987   0.0298319
     4.80833           0   0.0586144   0.0144049
     4.99689           0   0.0444837   0.0126521
     5.18545           0  0.00779085   0.0039207
     5.37401           0           0           0
     5.56257           0           0           0
   0.0942809       0.016    0.101455   0.0147672
    0.282843        1.97    0.851351   0.0534197
    0.471405       0.898      2.0981   0.0917681
    0.659966       2.716     3.84799    0.104324
    0.848528        6.54       5.936    0.142062
     1.03709       7.356     7.67574     0.13572
     1.22565      14.278      9.6979    0.173806
     1.41421       8.094     9.66184    0.189824
     1.60278        9.29     9.42083    0.155862
     1.79134       8.248     9.77773    0.168554
      1.9799       7.098      9.5724    0.155587
     2.16846      10.262     8.86849    0.149516
     2.35702       7.096     7.40749     0.15637
     2.54558        6.24     5.66975    0.191763
     2.73415       3.914     5.29134    0.137927
     2.92271       4.818     3.91404   0.0988401
     3.11127       2.166     2.92932   0.0937769
     3.29983       2.402     1.85384   0.0822086
     3.48839       2.082     1.24245   0.0582606
     3.67696       0.836    0.750351   0.0498661
     3.86552       0.188    0.457805    0.037844
     4.05408       0.018    0.291208   0.0301305
     4.24264       0.798    0.260494   0.0343235
      4.4312       0.336    0.134844   0.0230707
     4.61976        0.34    0.177052   0.0296572
     4.80833           0   0.0582338   0.0143164
     4.99689           0   0.0441948   0.0125732
     5.18545           0  0.00774026  0.00389557
     5.37401           0           0           0
     5.56257           0           0           0
   0.0942809       0.032    0.101006   0.0146787
    0.282843       1.442    0.855161   0.0532108
    0.471405       1.608     2.09494   0.0912305
    0.659966       3.106      3.8432    0.103761
    0.848528       6.698     5.94092     0.14123
     1.03709       8.218     7.67924    0.134889
     1.22565      12.742     9.71754     0.17379
     1.41421       6.592     9.64204     0.18963
     1.60278        8.25     9.41328    0.155039
     1.79134         9.8     9.77787    0.167466
      1.9799      10.346     9.57739    0.154664
     2.16846       8.974     8.86917    0.148553
     2.35702       8.114     7.41205    0.155428
     2.54558       5.324     5.66752    0.190539
     2.73415       4.362     5.28534    0.137167
     2.92271       4.258     3.91626   0.0982274
     3.11127       2.016     2.92343   0.0933568
     3.29983       1.614      1.8523   0.0816928
     3.48839       0.544     1.23795   0.0580587
     3.67696       1.468    0.754981   0.0497589
     3.86552        1.27    0.463045   0.0379609
     4.05408       0.232    0.290826   0.0299385
     4.24264       0.106    0.259497   0.0341166
      4.4312       0.338    0.136155   0.0229591
     4.61976       0.088    0.176477   0.0294714
     4.80833       0.072   0.0583226   0.0142243
     4.99689       0.386      0.0464    0.012684
     5.18545           0  0.00769032  0.00387076
     5.37401           0           0           0
     5.56257           0           0           0
   0.0942809           0    0.100359   0.0145989
    0.282843       0.514    0.852974   0.0529146
    0.471405       0.908     2.08733   0.0909624
    0.659966       5.684       3.855    0.103765
    0.848528       7.024     5.94786    0.140496
     1.03709       5.106     7.66274    0.135029
     1.22565        7.27     9.70185    0.173383
     1.41421      12.454     9.66006    0.189269
     1.60278       7.396     9.40035    0.154584
     1.79134      10.538     9.78274    0.166464
      1.9799      10.252     9.58172    0.153733
     2.16846      10.394     8.87895    0.147922
     2.35702      10.678     7.43299    0.155835
     2.54558       5.534     5.66667     0.18932
     2.73415       2.418     5.26696    0.137514
     2.92271       2.848     3.90941   0.0978361
     3.11127       2.384     2.91997   0.0928224
     3.29983       2.776     1.85822   0.0813834
     3.48839        1.46     1.23937    0.057704
     3.67696       1.438    0.759359   0.0496321
     3.86552       0.096    0.460692   0.0377904
     4.05408       0.454    0.291872   0.0297649
     4.24264        0.04     0.25809   0.0339269
      4.4312       0.242    0.136833    0.022822
     4.61976       0.092    0.175936   0.0292875
     4.80833           0   0.0579487   0.0141381
     4.99689           0   0.0461026   0.0126062
     5.18545           0  0.00764103  0.00384626
     5.37401           0           0           0
     5.56257           0           0           0
   0.0942809           0   0.0997197   0.0145199
    0.282843       0.196     0.84879   0.0527428
    0.471405       0.232     2.07552   0.0911475
    0.659966       4.284     3.85773     0.10314
    0.848528       8.206     5.96224    0.140335
     1.03709       5.372     7.64815    0.134955
     1.22565       9.344     9.69957    0.172294
     1.41421      10.878     9.66782    0.188222
     1.60278       8.114     9.39215    0.153816
     1.79134      11.894     9.79619    0.165946
      1.9799      12.206     9.59843    0.153659
     2.16846       9.318     8.88175    0.147006
     2.35702        7.62     7.43418    0.154847
     2.54558       6.814     5.67397    0.188255
     2.73415       3.708     5.25703    0.136996
     2.92271       3.146     3.90455   0.0973337
     3.11127        1.62     2.91169   0.0925997
     3.29983       1.882     1.85837   0.0808652
     3.48839       1.166      1.2389   0.0573383
     3.67696           1    0.760892   0.0493397
     3.86552           0    0.457758   0.0376634
     4.05408           0    0.290013   0.0296333
     4.24264           0    0.256446   0.0337506
      4.4312       0.516    0.139248    0.022804
     4.61976       0.484    0.177898   0.0291666
     4.80833           0   0.0575796   0.0140528
     4.99689           0   0.0458089   0.0125293
     5.18545           0  0.00759236  0.00382207
     5.37401           0           0           0
     5.56257           0           0           0
   0.0942809           0   0.0990886   0.0144417
    0.282843       0.368    0.845747   0.0524967
    0.471405       1.254     2.07032   0.0907187
    0.659966       3.432     3.85504    0.102522
    0.848528       6.622     5.96642    0.139509
     1.03709       8.764     7.65522    0.134286
     1.22565       5.966     9.67594    0.172816
     1.41421       9.638     9.66763    0.187031
     1.60278       9.094     9.39027    0.152854
     1.79134      11.278     9.80557     0.16516
      1.9799       12.16     9.61465     0.15354
     2.16846       7.612     8.87371    0.146295
     2.35702      10.518      7.4537    0.155092
     2.54558       8.636     5.69272    0.187994
     2.73415       3.994     5.24904    0.136362
     2.92271       3.004     3.89885   0.0968844
     3.11127       1.296     2.90147   0.0925765
     3.29983       0.386     1.84905   0.0808885
     3.48839        0.54     1.23448   0.0571458
     3.67696       2.186    0.769911    0.049845
     3.86552       0.252    0.456456   0.0374476
     4.05408           0    0.288177   0.0295025
     4.24264           0    0.254823    0.033576
      4.4312           0    0.138367   0.0226767
     4.61976       0.726    0.181367   0.0291876
     4.80833       0.274   0.0589494   0.0140305
     4.99689           0    0.045519   0.0124534
     5.18545           0   0.0075443  0.00379818
     5.37401           0           0           0
     5.56257           0           0           0
   0.0942809           0   0.0984654   0.0143643
    0.282843       0.044    0.840704   0.0524081
    0.471405       1.546     2.06702   0.0902081
    0.659966       2.218     3.84474    0.102393
    0.848528       6.446     5.96943    0.138664
     1.03709       8.696     7.66176    0.133601
     1.22565       7.988     9.66532    0.172055
     1.41421      11.002     9.67603    0.186043
     1.60278       12.26     9.40831    0.152955
     1.79134       8.834     9.79946    0.164234
      1.9799       9.698     9.61517    0.152575
     2.16846       8.554      8.8717    0.145389
     2.35702       8.334     7.45923    0.154215
     2.54558       6.006     5.69469    0.186822
     2.73415       5.768      5.2523    0.135543
     2.92271       5.124     3.90655    0.096581
     3.11127       1.164     2.89054    0.092637
     3.29983       0.586     1.84111   0.0807689
     3.48839       0.284      1.2285   0.0570982
     3.67696       2.194    0.778868   0.0503298
     3.86552       0.254    0.455182   0.0372337
     4.05408           0    0.286365   0.0293726
     4.24264           0     0.25322    0.033403
      4.4312       0.632    0.141472   0.0227456
     4.61976       0.368    0.182541   0.0290276
     4.80833           0   0.0585786   0.0139471
     4.99689           0   0.0452327   0.0123783
     5.18545           0  0.00749686  0.00377459
     5.37401           0           0           0
     5.56257           0           0           0
   0.0942809        0.02    0.097975   0.0142829
    0.282843        0.49    0.838513   0.0521264
    0.471405       2.026     2.06676   0.0896447
    0.659966       3.338     3.84158    0.101802
    0.848528        7.22     5.97725    0.138018
     1.03709       6.878     7.65686    0.132855
     1.22565        7.72     9.65316    0.171409
     1.41421      12.282     9.69231    0.185592
     1.60278      10.464     9.41491    0.152141
     1.79134        8.34     9.79034    0.163461
      1.9799      10.926     9.62336    0.151841
     2.16846        8.41     8.86881    0.144509
     2.35702       5.842     7.44913    0.153582
     2.54558       6.778     5.70146    0.185777
     2.73415       3.308     5.24015     0.13524
     2.92271       6.322     3.92165   0.0971501
     3.11127       2.944     2.89087   0.0920586
     3.29983         1.9     1.84148   0.0802649
     3.48839       0.484     1.22385   0.0569306
     3.67696        1.78    0.785125   0.0504027
     3.86552        0.08    0.452838   0.0370747
     4.05408       0.052      0.2849   0.0292255
     4.24264       0.014    0.251725   0.0332277
      4.4312       0.038    0.140825   0.0226127
     4.61976       0.344     0.18355   0.0288637
     4.80833           0   0.0582125   0.0138648
     4.99689           0     0.04495   0.0123042
     5.18545           0     0.00745  0.00375129
     5.37401           0           0           0
     5.56257           0           0           0
   0.0942809           0   0.0973665   0.0142072
    0.282843        1.26     0.84113   0.0518683
    0.471405       1.848      2.0654   0.0890982
    0.659966       5.118      3.8495    0.101478
    0.848528        5.03     5.97137    0.137286
     1.03709       7.176     7.65388    0.132064
     1.22565       8.996     9.64908    0.170393
     1.41421      11.852     9.70573    0.184923
     1.60278       8.278     9.40785     0.15136
     1.79134       9.502     9.78855    0.162456
      1.9799      11.678     9.63612    0.151433
     2.16846       7.058     8.85757    0.144048
     2.35702       8.904     7.45816    0.152894
     2.54558       5.348     5.69927    0.184636
     2.73415       2.968     5.22604    0.135134
     2.92271       4.572     3.92569   0.0966306
     3.11127       1.936     2.88494   0.0916777
     3.29983       1.912     1.84191   0.0797676
     3.48839       3.088     1.23543   0.0577424
     3.67696       0.824    0.785366   0.0500902
     3.86552       0.178     0.45113   0.0368837
     4.05408       0.014    0.283217   0.0290924
     4.24264       0.254    0.251739   0.0330213
      4.4312       0.206     0.14123   0.0224758
     4.61976           0     0.18241   0.0287069
     4.80833           0   0.0578509   0.0137834
     4.99689           0   0.0446708   0.0122309
     5.18545           0  0.00740373  0.00372827
     5.37401           0           0           0
     5.56257           0           0           0
   0.0942809           0   0.0967654   0.0141322
    0.282843        0.24     0.83742   0.0516807
    0.471405       1.514       2.062   0.0886132
    0.659966       5.526     3.85985    0.101378
    0.848528       6.446      5.9743     0.13647
     1.03709      10.702     7.67269    0.132582
     1.22565      10.348      9.6534    0.169395
     1.41421      12.992     9.72601    0.184891
     1.60278       6.146     9.38772    0.151759
     1.79134        7.03     9.77152    0.162343
      1.9799        9.59     9.63584    0.150499
     2.16846       4.544     8.83094    0.145599
     2.35702        9.37     7.46996    0.152405
     2.54558        6.32      5.7031    0.183536
     2.73415       2.948     5.21198     0.13503
     2.92271       5.042     3.93258   0.0962795
     3.11127       2.986     2.88557   0.0911139
     3.29983       3.008     1.84911   0.0795993
     3.48839       2.222     1.24152   0.0577062
     3.67696       0.026    0.780679   0.0499998
     3.86552           0    0.448346    0.036761
     4.05408       0.858    0.286765   0.0291284
     4.24264       0.142    0.251062   0.0328244
      4.4312           0    0.140358    0.022354
     4.61976           0    0.181284   0.0285518
     4.80833           0   0.0574938   0.0137029
     4.99689           0   0.0443951   0.0121585
     5.18545           0  0.00735802  0.00370554
     5.37401           0           0           0
     5.56257           0           0           0
   0.0942809           0   0.0961718   0.0140579
    0.282843           0    0.832282   0.0516184
    0.471405       0.846     2.05454    0.088383
    0.659966       4.384     3.86307    0.100807
    0.848528       9.594      5.9965    0.137427
     1.03709       8.938     7.68045    0.131996
     1.22565      13.772     9.67866     0.17023
     1.41421      13.144     9.74698    0.184942
     1.60278       5.554      9.3642    0.152639
     1.79134       3.938     9.73573    0.165244
      1.9799       8.466     9.62866    0.149747
     2.16846       7.256     8.82128    0.145026
     2.35702        8.21      7.4745    0.151538
     2.54558        7.23     5.71247    0.182649
     2.73415       3.488      5.2014    0.134615
     2.92271       4.522      3.9362   0.0957567
     3.11127       3.422     2.88886   0.0906143
     3.29983       1.246     1.84541   0.0791969
     3.48839       1.724     1.24448   0.0574281
     3.67696       0.264    0.777509   0.0497935
     3.86552       0.768    0.450307   0.0365878
     4.05408       1.234    0.292577   0.0295237
     4.24264           0    0.249521   0.0326592
      4.4312           0    0.139497   0.0222334
     4.61976           0    0.180172   0.0283983
     4.80833           0   0.0571411   0.0136234
     4.99689           0   0.0441227    0.012087
     5.18545           0  0.00731288  0.00368308
     5.37401           0           0           0
     5.56257           0           0           0
   0.0942809           0   0.0955854   0.0139844
    0.282843       0.222    0.828561   0.0514376
    0.471405       0.438     2.04468    0.088392
    0.659966       5.318     3.87194    0.100582
    0.848528       8.464     6.01155     0.13741
     1.03709       9.018     7.68861    0.131443
     1.22565       12.05     9.69312    0.169805
     1.41421       9.396     9.74484    0.183827
     1.60278       6.138     9.34452    0.152971
     1.79134       6.808     9.71788    0.165198
      1.9799       9.118     9.62555    0.148866
     2.16846       9.184     8.82349    0.144159
     2.35702      11.264     7.49761    0.152365
     2.54558        6.73     5.71867    0.181641
     2.73415       2.326     5.18387    0.134931
     2.92271        3.13     3.93128   0.0952989
     3.11127       2.128     2.88422   0.0901805
     3.29983       1.358     1.84244   0.0787698
     3.48839       1.508     1.24609   0.0571004
     3.67696       0.632    0.776622   0.0494977
     3.86552         1.1    0.454268   0.0365785
     4.05408       1.306    0.298756   0.0299833
     4.24264       0.364     0.25022   0.0324675
      4.4312           0    0.138646   0.0221141
     4.61976           0    0.179073   0.0282464
     4.80833           0   0.0567927   0.0135448
     4.99689           0   0.0438537   0.0120163
     5.18545           0  0.00726829  0.00366089
     5.37401           0           0           0
     5.56257           0           0           0
   0.0942809           0   0.0950061   0.0139117
    0.282843       0.146    0.824424   0.0512919
    0.471405       1.646     2.04227   0.0878893
    0.659966        2.87     3.86587    0.100155
    0.848528      10.438     6.03838    0.139172
     1.03709       7.632     7.68827    0.130646
     1.22565        7.76     9.68141     0.16918
     1.41421       9.356     9.74248    0.182728
     1.60278        7.14     9.33116    0.152626
     1.79134       9.518     9.71667    0.164202
      1.9799       9.936     9.62743    0.147976
     2.16846       9.398     8.82697    0.143327
     2.35702      11.562     7.52224     0.15342
     2.54558       7.954     5.73222    0.181045
     2.73415       1.918     5.16407    0.135557
     2.92271       2.282     3.92128   0.0952441
     3.11127        1.25     2.87432   0.0901762
     3.29983        2.09     1.84394   0.0783066
     3.48839        1.22     1.24593   0.0567545
     3.67696       1.294    0.779758    0.049297
     3.86552       1.526    0.460764    0.036929
     4.05408       0.662    0.300958   0.0298823
     4.24264       0.268    0.250327   0.0322709
      4.4312       0.134    0.138618   0.0219801
     4.61976           0    0.177988    0.028096
     4.80833           0   0.0564485    0.013467
     4.99689           0   0.0435879   0.0119464
     5.18545           0  0.00722424  0.00363897
     5.37401           0           0           0
     5.56257           0           0           0
   0.0942809           0   0.0944337   0.0138396
    0.282843       0.044    0.819723   0.0511979
    0.471405        2.23      2.0434   0.0873671
    0.659966       4.724     3.87104   0.0996853
    0.848528       7.146     6.04505    0.138493
     1.03709       4.422     7.66859    0.131333
     1.22565      11.118     9.69006    0.168382
     1.41421      12.274     9.75773    0.182262
     1.60278       7.104     9.31775    0.152295
     1.79134      11.444     9.72707    0.163542
      1.9799       9.646     9.62754    0.147084
     2.16846       5.978     8.80981    0.143487
     2.35702        9.91     7.53663    0.153169
     2.54558       5.714     5.73211    0.179954
     2.73415        3.76     5.15561    0.135004
     2.92271        2.79     3.91447   0.0949139
     3.11127        3.35     2.87718   0.0896785
     3.29983       2.632     1.84869   0.0779787
     3.48839       1.564     1.24784    0.056445
     3.67696         0.5    0.778072   0.0490288
     3.86552       0.904    0.463434    0.036803
     4.05408       0.682    0.303253   0.0297904
     4.24264       0.064    0.249205    0.032096
      4.4312           0    0.137783   0.0218636
     4.61976           0    0.176916   0.0279472
     4.80833           0   0.0561084   0.0133902
     4.99689           0   0.0433253   0.0118773
     5.18545           0  0.00718072  0.00361731
     5.37401           0           0           0
     5.56257           0           0           0
   0.0942809       0.026    0.094024   0.0137628
    0.282843       0.824    0.819749   0.0508914
    0.471405       4.846     2.06018   0.0884411
    0.659966        4.28     3.87349   0.0991185
    0.848528       4.396     6.03517    0.138015
     1.03709       6.638     7.66242    0.130691
     1.22565       7.588     9.67747    0.167843
     1.41421      11.298     9.76696    0.181404
     1.60278      12.452     9.33651    0.152536
     1.79134       7.998     9.71672     0.16289
      1.9799       5.986     9.60574    0.147811
     2.16846       8.036     8.80517    0.142703
     2.35702       8.662     7.54337      0.1524
     2.54558        7.11     5.74036    0.179065
     2.73415       6.316     5.16256    0.134375
     2.92271       3.282     3.91068    0.094421
     3.11127       1.176     2.86699   0.0897182
     3.29983       2.842     1.85463   0.0777383
     3.48839       2.234     1.25375    0.056415
     3.67696       0.532    0.776599   0.0487574
     3.86552       0.822    0.465581   0.0366452
     4.05408       0.656    0.305365   0.0296868
     4.24264           0    0.247713   0.0319385
      4.4312           0    0.136958   0.0217482
     4.61976           0    0.175856      0.0278
     4.80833           0   0.0557725   0.0133142
     4.99689           0   0.0430659    0.011809
     5.18545           0  0.00713772  0.00359591
     5.37401           0           0           0
     5.56257           0           0           0
   0.0942809           0   0.0934643   0.0136923
    0.282843       0.762    0.819405   0.0505896
    0.471405       3.246     2.06724   0.0881959
    0.659966       6.538     3.88935   0.0997893
    0.848528       5.128     6.02977      0.1373
     1.03709       6.338     7.65454    0.130151
     1.22565        5.79     9.65433    0.168432
     1.41421       9.066     9.76279    0.180372
     1.60278       13.57     9.36171    0.153695
     1.79134       7.956     9.70624    0.162257
      1.9799       6.948     9.58992    0.147775
     2.16846       7.922     8.79992     0.14195
     2.35702       9.706     7.55624    0.152035
     2.54558       7.368     5.75005    0.178261
     2.73415       8.102     5.18006    0.134709
     2.92271       2.782     3.90396   0.0940977
     3.11127       1.582     2.85935   0.0895096
     3.29983       2.588       1.859    0.077398
     3.48839        1.46     1.25498   0.0560926
     3.67696       0.454    0.774679   0.0485049
     3.86552       0.194    0.463964   0.0364627
     4.05408       0.042    0.303798   0.0295514
     4.24264       0.458    0.248964   0.0317729
      4.4312           0    0.136143    0.021634
     4.61976           0     0.17481   0.0276542
     4.80833           0   0.0554405   0.0132391
     4.99689           0   0.0428095   0.0117415
     5.18545           0  0.00709524  0.00357475
     5.37401           0           0           0
     5.56257           0           0           0
   0.0942809           0   0.0929112   0.0136224
    0.282843       0.048     0.81484   0.0504957
    0.471405       2.544     2.07006   0.0877191
    0.659966       7.606     3.91134    0.101593
    0.848528       3.144      6.0127    0.137545
     1.03709       3.972     7.63275    0.131192
     1.22565      10.046     9.65665    0.167451
     1.41421       8.478     9.75518    0.179465
     1.60278      14.202     9.39036    0.155431
     1.79134      11.312     9.71574    0.161575
      1.9799       8.014     9.58059    0.147195
     2.16846       6.492     8.78626    0.141766
     2.35702       4.848     7.54021    0.151978
     2.54558        8.08     5.76383    0.177739
     2.73415       8.568     5.20011    0.135395
     2.92271       2.862      3.8978   0.0937427
     3.11127       3.224      2.8615   0.0890059
     3.29983       3.268     1.86734   0.0773878
     3.48839       0.292     1.24928   0.0560493
     3.67696       0.572    0.773479   0.0482327
     3.86552       0.428    0.463751   0.0362476
     4.05408           0       0.302   0.0294312
     4.24264           0    0.247491    0.031619
      4.4312           0    0.135337    0.021521
     4.61976           0    0.173775   0.0275099
     4.80833           0   0.0551124   0.0131649
     4.99689           0   0.0425562   0.0116748
     5.18545           0  0.00705325  0.00355385
     5.37401           0           0           0
     5.56257           0           0           0
   0.0942809       0.032   0.0925529    0.013547
    0.282843       0.648    0.813859   0.0502082
    0.471405       3.092     2.07607   0.0874089
    0.659966       6.822     3.92846    0.102428
    0.848528       4.976      6.0066    0.136871
     1.03709       4.588     7.61484    0.131637
     1.22565       9.384     9.65505    0.166474
     1.41421      14.198     9.78132    0.180302
     1.60278        8.65       9.386    0.154578
     1.79134      10.254     9.71891    0.160656
      1.9799       7.406      9.5678    0.146884
     2.16846       7.194     8.77689    0.141241
     2.35702       6.594     7.53465    0.151186
     2.54558       4.972     5.75918    0.176755
     2.73415       5.874     5.20407    0.134657
     2.92271       2.254     3.88813   0.0936886
     3.11127        4.22     2.86949   0.0888404
     3.29983       4.132     1.88066   0.0780707
     3.48839       1.018     1.24792   0.0557362
     3.67696       0.386      0.7712   0.0480028
     3.86552       1.298    0.468659    0.036365
     4.05408       0.008    0.300271   0.0293088
     4.24264           0    0.246035   0.0314665
      4.4312           0    0.134541   0.0214091
     4.61976           0    0.172753    0.027367
     4.80833           0   0.0547882   0.0130914
     4.99689           0   0.0423059   0.0116088
     5.18545           0  0.00701176  0.00353318
     5.37401           0           0           0
     5.56257           0           0           0
   0.0942809         0.3   0.0937661    0.013522
    0.282843       0.564    0.812398   0.0499359
    0.471405       3.366     2.08361   0.0872226
    0.659966       4.674     3.93282    0.101922
    0.848528         6.4      6.0089     0.13609
     1.03709       7.098     7.61181    0.130902
     1.22565       8.626     9.64903    0.165609
     1.41421       9.768     9.78124    0.179248
     1.60278      11.904     9.40073    0.154374
     1.79134       10.72     9.72476    0.159823
      1.9799        7.13     9.55354    0.146715
     2.16846        5.98     8.76054    0.141359
     2.35702       5.456     7.52249    0.150789
     2.54558       5.972     5.76042    0.175725
     2.73415        6.96     5.21434     0.13426
     2.92271       4.014     3.88887   0.0931436
     3.11127       3.688     2.87428   0.0884497
     3.29983       3.298     1.88895   0.0780529
     3.48839       1.082     1.24695   0.0554187
     3.67696           0     0.76669   0.0479335
     3.86552       0.922     0.47131   0.0362489
     4.05408       0.078    0.298971   0.0291662
     4.24264           0    0.244596   0.0313154
      4.4312           0    0.133754   0.0212984
     4.61976           0    0.171743   0.0272256
     4.80833           0   0.0544678   0.0130188
     4.99689           0   0.0420585   0.0115435
     5.18545           0  0.00697076  0.00351276
     5.37401           0           0           0
     5.56257           0           0           0
   0.0942809       0.048      0.0935    0.013446
    0.282843        0.35    0.809709   0.0497179
    0.471405       3.312     2.09076   0.0870074
    0.659966       4.224     3.93451    0.101344
    0.848528       6.448     6.01145    0.135323
     1.03709       7.018     7.60836    0.130187
     1.22565       8.706     9.64355    0.164737
     1.41421       11.24     9.78972    0.178406
     1.60278       8.836     9.39744    0.153511
     1.79134       9.636     9.72424    0.158894
      1.9799       9.208     9.55153    0.145876
     2.16846       8.288     8.75779    0.140564
     2.35702       4.176     7.50303    0.151163
     2.54558       7.032     5.76781    0.174859
     2.73415       5.346      5.2151    0.133482
     2.92271       3.764     3.88814   0.0926049
     3.11127       3.368     2.87715    0.087982
     3.29983       4.062     1.90158    0.078615
     3.48839       1.938     1.25097   0.0552419
     3.67696       0.402     0.76457   0.0477017
     3.86552       0.374    0.470744   0.0360425
     4.05408       0.224    0.298535   0.0289999
     4.24264           0    0.243174   0.0311656
      4.4312           0    0.132977   0.0211887
     4.61976           0    0.170744   0.0270857
     4.80833           0   0.0541512   0.0129469
     4.99689           0    0.041814    0.011479
     5.18545           0  0.00693023  0.00349257
     5.37401           0           0           0
     5.56257           0           0           0
   0.0942809        0.04   0.0931908   0.0133718
    0.282843       0.806    0.809688   0.0494305
    0.471405       2.582      2.0936   0.0865508
    0.659966       4.298     3.93661     0.10078
    0.848528        7.61     6.02069    0.134855
     1.03709       6.402     7.60139    0.129621
     1.22565       5.966     9.62229    0.165151
     1.41421      14.328     9.81595    0.179293
     1.60278       7.922     9.38891     0.15286
     1.79134      10.998     9.73161    0.158146
      1.9799      11.272     9.56148    0.145371
     2.16846       7.132     8.74839    0.140065
     2.35702       4.776     7.48727    0.151109
     2.54558       5.478     5.76614    0.173856
     2.73415       3.438     5.20483    0.133105
     2.92271       5.274     3.89615   0.0924155
     3.11127       4.198     2.88479   0.0878041
     3.29983       2.612     1.90569   0.0782677
     3.48839        1.86     1.25449   0.0550346
     3.67696        0.25    0.761595   0.0475186
     3.86552       0.758    0.472405   0.0358724
     4.05408           0    0.296809   0.0288836
     4.24264           0    0.241769   0.0310171
      4.4312           0    0.132208   0.0210802
     4.61976           0    0.169757   0.0269471
     4.80833           0   0.0538382   0.0128759
     4.99689           0   0.0415723   0.0114152
     5.18545           0  0.00689017  0.00347261
     5.37401           0           0           0
     5.56257           0           0           0
   0.0942809       0.104   0.0932529   0.0132951
    0.282843       1.632    0.814414   0.0493718
    0.471405       1.564     2.09055   0.0861069
    0.659966        4.12     3.93767    0.100206
    0.848528       6.736      6.0248    0.134143
     1.03709       8.108      7.6043    0.128908
     1.22565        5.23     9.59705    0.166119
     1.41421      10.856     9.82193    0.178362
     1.60278      11.522     9.40117    0.152473
     1.79134      10.228     9.73446    0.157263
      1.9799       10.57     9.56728    0.144651
     2.16846       7.078     8.73879    0.139589
     2.35702       6.344      7.4807    0.150383
     2.54558       6.724     5.77164    0.172944
     2.73415       4.642      5.2016    0.132379
     2.92271       3.314      3.8928   0.0919449
     3.11127       4.244      2.8926   0.0876463
     3.29983       1.266     1.90201   0.0779042
     3.48839       1.902     1.25821    0.054844
     3.67696        1.04    0.763195   0.0472724
     3.86552       0.776    0.474149   0.0357086
     4.05408           0    0.295103   0.0287679
     4.24264           0    0.240379     0.03087
      4.4312           0    0.131448   0.0209727
     4.61976           0    0.168782   0.0268099
     4.80833           0   0.0535287   0.0128056
     4.99689           0   0.0413333   0.0113521
     5.18545           0  0.00685057  0.00345288
     5.37401           0           0           0
     5.56257           0           0           0
   0.0942809           0     0.09272   0.0132298
    0.282843       0.534    0.812811   0.0491157
    0.471405       1.092     2.08485   0.0858037
    0.659966        5.54     3.94682    0.100051
    0.848528        7.11     6.03101     0.13352
     1.03709       9.598     7.61569    0.128674
     1.22565       5.906     9.57595    0.166504
     1.41421        8.49     9.81432    0.177506
     1.60278      11.574     9.41359    0.152106
     1.79134       5.078     9.70785      0.1586
      1.9799       9.418     9.56642    0.143827
     2.16846       9.388      8.7425     0.13884
     2.35702      10.244     7.49649     0.15035
     2.54558       6.178     5.77397    0.171972
     2.73415       5.266     5.20197    0.131624
     2.92271       3.428     3.89015   0.0914579
     3.11127       3.704     2.89723    0.087268
     3.29983       1.534     1.89991   0.0774874
     3.48839       2.154     1.26333    0.054769
     3.67696        0.47     0.76152    0.047032
     3.86552       1.106     0.47776   0.0356867
     4.05408       0.188    0.294491     0.02861
     4.24264           0    0.239006   0.0307241
      4.4312           0    0.130697   0.0208663
     4.61976           0    0.167817    0.026674
     4.80833           0   0.0532229   0.0127361
     4.99689           0   0.0410971   0.0112897
     5.18545           0  0.00681143  0.00343337
     5.37401           0           0           0
     5.56257           0           0           0
   0.0942809        0.15   0.0930455   0.0131587
    0.282843       1.436    0.816352   0.0489641
    0.471405       1.962     2.08415    0.085319
    0.659966       5.768     3.95717    0.100016
    0.848528       8.044     6.04244     0.13325
     1.03709       6.102     7.60709     0.12823
     1.22565       7.438     9.56381       0.166
     1.41421       6.976     9.79819    0.177228
     1.60278      10.256     9.41837    0.151317
     1.79134       7.792     9.69697    0.158072
      1.9799      12.282     9.58185    0.143835
     2.16846      10.434     8.75211    0.138384
     2.35702      10.198     7.51184    0.150278
     2.54558       3.012     5.75827    0.171709
     2.73415       4.522      5.1981    0.130932
     2.92271       3.204     3.88625   0.0910213
     3.11127       3.214     2.89903   0.0867907
     3.29983       3.004     1.90618   0.0773007
     3.48839       0.806     1.26073   0.0545194
     3.67696        0.42     0.75958   0.0468048
     3.86552       0.064    0.475409   0.0355613
     4.05408       0.116    0.293477   0.0284654
     4.24264       0.408    0.239966   0.0305646
      4.4312       0.258     0.13142   0.0207603
     4.61976       0.134    0.167625   0.0265231
     4.80833           0   0.0529205   0.0126673
     4.99689           0   0.0408636    0.011228
     5.18545           0  0.00677273  0.00341408
     5.37401           0           0           0
     5.56257           0           0           0
   0.0942809        0.45   0.0950621    0.013238
    0.282843       1.998    0.823028   0.0491405
    0.471405       0.956     2.07777   0.0850747
    0.659966       4.446     3.95993   0.0994889
    0.848528       8.326     6.05534     0.13312
     1.03709       6.786     7.60245     0.12759
     1.22565       10.12     9.56695    0.165092
     1.41421       6.642     9.78036    0.177122
     1.60278      10.824     9.42632    0.150671
     1.79134       8.132     9.68812    0.157426
      1.9799       9.426     9.58097    0.143025
     2.16846       7.448     8.74475    0.137798
     2.35702       9.666     7.52401    0.149921
     2.54558       5.442     5.75649    0.170748
     2.73415       5.264     5.19847    0.130193
     2.92271       3.194     3.88234    0.090591
     3.11127        3.54     2.90266   0.0863759
     3.29983       3.792     1.91684   0.0775947
     3.48839        0.42     1.25598   0.0544179
     3.67696       0.128    0.756011   0.0466762
     3.86552           0    0.472723   0.0354616
     4.05408           0    0.291819   0.0283529
     4.24264           1     0.24426    0.030692
      4.4312           0    0.130678   0.0206563
     4.61976           0    0.166678   0.0263902
     4.80833           0   0.0526215   0.0125993
     4.99689           0   0.0406328   0.0111669
     5.18545           0  0.00673446  0.00339501
     5.37401           0           0           0
     5.56257           0           0           0
   0.0942809       0.148   0.0953596   0.0131669
    0.282843       1.304     0.82573   0.0489386
    0.471405       2.562     2.08049   0.0846402
    0.659966       3.582     3.95781   0.0989527
    0.848528       8.624     6.06978    0.133152
     1.03709       6.542     7.59649    0.127012
     1.22565      12.008     9.58066    0.164733
     1.41421       4.822     9.75251    0.178304
     1.60278       7.918     9.41784    0.150062
     1.79134       9.538     9.68728    0.156543
      1.9799       8.786     9.57651    0.142291
     2.16846       9.312     8.74793    0.137061
     2.35702       6.638     7.51903    0.149161
     2.54558       8.202     5.77022    0.170341
     2.73415       4.604     5.19513    0.129505
     2.92271       4.564     3.88617    0.090163
     3.11127       5.862     2.91928    0.087476
     3.29983       1.872     1.91658   0.0771592
     3.48839       0.136     1.24969   0.0544747
     3.67696       0.032    0.751944   0.0465908
     3.86552       0.332    0.471933   0.0352712
     4.05408       0.128    0.290899   0.0282085
     4.24264       0.326    0.244719    0.030523
      4.4312       0.158    0.130831   0.0205408
     4.61976           0    0.165742   0.0262585
     4.80833           0   0.0523258   0.0125319
     4.99689           0   0.0404045   0.0111065
     5.18545           0  0.00669663  0.00337615
     5.37401           0           0           0
     5.56257           0           0           0
   0.0942809           0   0.0948268   0.0131041
    0.282843           1    0.826704   0.0486749
    0.471405       1.566     2.07762   0.0842162
    0.659966       4.722     3.96208   0.0984919
    0.848528        4.47     6.06084    0.132708
     1.03709       9.426     7.60672    0.126713
     1.22565      10.858      9.5878    0.163967
     1.41421       7.732     9.74122    0.177664
     1.60278      10.668     9.42483    0.149386
     1.79134       9.214     9.68464    0.155691
      1.9799      10.142     9.57966    0.141532
     2.16846       7.598     8.74151    0.136445
     2.35702       5.502     7.50777    0.148753
     2.54558       6.962     5.77688    0.169519
     2.73415       5.998     5.19962    0.128859
     2.92271       5.136     3.89315   0.0899292
     3.11127       4.094     2.92584   0.0872332
     3.29983       1.134     1.91221   0.0768519
     3.48839       0.742     1.24685   0.0542442
     3.67696       0.354    0.749721   0.0463836
     3.86552       0.418    0.471631   0.0350755
     4.05408       0.264    0.290749   0.0280513
     4.24264           0    0.243352   0.0303831
      4.4312           0    0.130101   0.0204391
     4.61976           0    0.164816   0.0261282
     4.80833           0   0.0520335   0.0124653
     4.99689           0   0.0401788   0.0110467
     5.18545           0  0.00665922  0.00335749
     5.37401           0           0           0
     5.56257           0           0           0
   0.0942809       0.038   0.0945111   0.0130351
    0.282843       0.684    0.825911   0.0484109
    0.471405       2.576     2.08039   0.0837938
    0.659966       1.672     3.94936    0.098763
    0.848528       7.364     6.06808    0.132168
     1.03709      10.194     7.62109    0.126822
     1.22565      11.022     9.59577     0.16325
     1.41421       8.674     9.73529    0.176776
     1.60278       8.174     9.41788    0.148718
     1.79134       8.916     9.68037    0.154885
      1.9799        8.46     9.57344    0.140882
     2.16846       9.092     8.74346    0.135701
     2.35702       7.444     7.50741    0.147927
     2.54558        4.82     5.77157    0.168661
     2.73415       6.682     5.20786    0.128406
     2.92271       5.316     3.90106   0.0897764
     3.11127       2.564     2.92383   0.0867717
     3.29983       2.054       1.913    0.076429
     3.48839       0.784     1.24428   0.0540037
     3.67696       0.274    0.747078   0.0462011
     3.86552       0.798    0.473444   0.0349274
     4.05408       0.398    0.291344   0.0279018
     4.24264           0       0.242   0.0302444
      4.4312           0    0.129378   0.0203383
     4.61976           0      0.1639    0.025999
     4.80833           0   0.0517444   0.0123994
     4.99689           0   0.0399556   0.0109876
     5.18545           0  0.00662222  0.00333904
     5.37401           0           0           0
     5.56257           0           0           0
   0.0942809       0.032   0.0941657   0.0129677
    0.282843        1.34    0.828751   0.0482267
    0.471405       5.298     2.09817   0.0851957
    0.659966        2.44     3.94102   0.0985688
    0.848528        7.75     6.07737    0.131764
     1.03709        8.73     7.62722    0.126269
     1.22565        6.93     9.58104    0.163011
     1.41421       7.722     9.72417    0.176149
     1.60278       12.02     9.43225     0.14859
     1.79134       9.612     9.67999     0.15403
      1.9799       8.964     9.57008    0.140144
     2.16846       7.618     8.73724    0.135094
     2.35702       6.458     7.50161    0.147223
     2.54558        4.49     5.76449    0.167878
     2.73415       4.574     5.20435    0.127744
     2.92271       4.652      3.9052   0.0893762
     3.11127        3.09     2.92475   0.0862971
     3.29983       2.824     1.91803   0.0761723
     3.48839       1.074     1.24334   0.0537136
     3.67696       1.224    0.749713   0.0460209
     3.86552       0.372    0.472884    0.034739
     4.05408       0.628    0.293204   0.0278096
     4.24264       0.158    0.241536   0.0300809
      4.4312           0    0.128663   0.0202385
     4.61976           0    0.162994   0.0258712
     4.80833           0   0.0514586   0.0123342
     4.99689           0   0.0397348   0.0109291
     5.18545           0  0.00658564   0.0033208
     5.37401           0           0           0
     5.56257           0           0           0
   0.0942809       0.712   0.0975604   0.0133334
    0.282843       1.514    0.832516   0.0481085
    0.471405       4.006     2.10865     0.08537
    0.659966       3.904     3.94081   0.0980274
    0.848528       11.36      6.1064    0.134199
     1.03709       8.536     7.63221    0.125674
     1.22565        4.94     9.55554    0.164098
     1.41421       5.882     9.70305    0.176442
     1.60278       7.726     9.42288    0.148069
     1.79134       9.336      9.6781    0.153195
      1.9799        8.66     9.56508    0.139463
     2.16846      12.176     8.75613    0.135666
     2.35702       5.584     7.49108    0.146791
     2.54558       3.864     5.75404     0.16728
     2.73415       6.342      5.2106    0.127195
     2.92271       5.366     3.91323   0.0892448
     3.11127       2.598     2.92296   0.0858417
     3.29983       2.136     1.91923   0.0757631
     3.48839       1.802     1.24641   0.0535061
     3.67696       0.318    0.747341   0.0458292
     3.86552       0.254    0.471681   0.0345689
     4.05408       0.386    0.293714   0.0276615
     4.24264        0.34    0.242077   0.0299204
      4.4312       0.258    0.129374   0.0201398
     4.61976           0    0.162099   0.0257445
     4.80833           0   0.0511758   0.0122697
     4.99689           0   0.0395165   0.0108713
     5.18545           0  0.00654945  0.00330275
     5.37401           0           0           0
     5.56257           0           0           0
   0.0942809       0.792    0.101355     0.01379
    0.282843       0.436     0.83035   0.0478944
    0.471405           2     2.10805   0.0849056
    0.659966       5.754     3.95072   0.0979912
    0.848528       9.526     6.12508     0.13476
     1.03709       7.962     7.63401       0.125
     1.22565       6.434     9.53848    0.164085
     1.41421       6.812     9.68726    0.176183
     1.60278       9.156     9.42142    0.147267
     1.79134        6.56     9.66106    0.153302
      1.9799        12.8     9.58275    0.139817
     2.16846      11.414     8.77066      0.1357
     2.35702       6.494     7.48563     0.14609
     2.54558       2.924     5.73858    0.167079
     2.73415        5.17     5.21038      0.1265
     2.92271       5.122     3.91984   0.0890012
     3.11127       3.664     2.92701    0.085468
     3.29983        1.67     1.91787   0.0753614
     3.48839       1.318      1.2468   0.0532151
     3.67696       1.314    0.750437   0.0456832
     3.86552       0.678    0.472809   0.0343984
     4.05408           0    0.292109   0.0275568
     4.24264           0    0.240754   0.0297862
      4.4312           0    0.128667   0.0200421
     4.61976           0    0.161213   0.0256191
     4.80833           0   0.0508962   0.0122058
     4.99689           0   0.0393005    0.010814
     5.18545           0  0.00651366  0.00328489
     5.37401           0           0           0
     5.56257           0           0           0
   0.0942809       0.018    0.100902   0.0137225
    0.282843       0.446    0.828261   0.0476796
    0.471405       1.462     2.10454   0.0845167
    0.659966        6.12     3.96251   0.0981653
    0.848528       7.934     6.13491    0.134386
     1.03709       5.064     7.62004    0.125098
     1.22565       8.108     9.53071    0.163377
     1.41421        8.24     9.67939    0.175401
     1.60278      12.678     9.43912    0.147526
     1.79134       9.484      9.6601    0.152472
      1.9799       8.182     9.57514    0.139264
     2.16846       6.864     8.76029    0.135358
     2.35702       8.268     7.48988    0.145357
     2.54558       6.484     5.74263     0.16622
     2.73415       4.914     5.20877    0.125823
     2.92271       4.816     3.92471   0.0886507
     3.11127       3.806     2.93178   0.0851369
     3.29983       2.398     1.92048    0.074997
     3.48839       1.184     1.24646    0.052927
     3.67696        0.53    0.749239   0.0454506
     3.86552       0.582    0.473402   0.0342165
     4.05408       0.418    0.292793   0.0274156
     4.24264           0    0.239446    0.029653
      4.4312           0    0.127967   0.0199454
     4.61976           0    0.160337   0.0254948
     4.80833           0   0.0506196   0.0121426
     4.99689           0    0.039087   0.0107573
     5.18545           0  0.00647826  0.00326723
     5.37401           0           0           0
     5.56257           0           0           0
   0.0942809           0    0.100357   0.0136591
    0.282843        0.76    0.827892   0.0474233
    0.471405       1.588     2.10175    0.084106
    0.659966       4.366     3.96469   0.0976589
    0.848528        8.16     6.14586    0.134105
     1.03709      10.906     7.63781    0.125677
     1.22565        7.18       9.518    0.162988
     1.41421       5.734     9.65806    0.175745
     1.60278      10.144     9.44293    0.146778
     1.79134       9.716      9.6604    0.151648
      1.9799       9.738     9.57602    0.138514
     2.16846       5.678     8.74363    0.135648
     2.35702          10     7.50345    0.145204
     2.54558       5.768     5.74277    0.165321
     2.73415       4.568     5.20531     0.12519
     2.92271       4.584     3.92827   0.0882431
     3.11127       2.878     2.93149   0.0846772
     3.29983       2.438     1.92328   0.0746437
     3.48839       2.396     1.25267   0.0530044
     3.67696       0.764    0.749319    0.045205
     3.86552       0.178    0.471805   0.0340688
     4.05408       0.456    0.293676   0.0272816
     4.24264           0    0.238151    0.029521
      4.4312           0    0.127276   0.0198496
     4.61976           0     0.15947   0.0253717
     4.80833           0   0.0503459   0.0120801
     4.99689           0   0.0388757   0.0107013
     5.18545           0  0.00644324  0.00324976
     5.37401           0           0           0
     5.56257           0           0           0
   0.0942809       0.714    0.103656   0.0139784
    0.282843        0.69    0.827151   0.0471741
    0.471405       0.898     2.09528   0.0839024
    0.659966       3.498     3.96218   0.0971661
    0.848528      10.968     6.17178    0.135867
     1.03709       5.542     7.62654    0.125505
     1.22565       6.056     9.49939    0.163171
     1.41421      10.162     9.66077    0.174821
     1.60278       7.996     9.43515    0.146195
     1.79134       9.522     9.65966    0.150835
      1.9799       10.41     9.58051    0.137842
     2.16846       8.552      8.7426    0.134922
     2.35702       11.36     7.52418    0.145896
     2.54558       5.128     5.73946    0.164466
     2.73415        3.41     5.19566    0.124889
     2.92271       4.304     3.93029   0.0877918
     3.11127       4.592     2.94042   0.0846913
     3.29983       2.022     1.92381   0.0742443
     3.48839       1.048     1.25157   0.0527309
     3.67696       1.086    0.751129   0.0449982
     3.86552       0.042    0.469495   0.0339639
     4.05408           0    0.292097   0.0271805
     4.24264           0    0.236871     0.02939
      4.4312           0    0.126591   0.0197546
     4.61976           0    0.158613   0.0252498
     4.80833           0   0.0500753   0.0120182
     4.99689           0   0.0386667   0.0106458
     5.18545           0   0.0064086  0.00323247
     5.37401           0           0           0
     5.56257           0           0           0
   0.0942809       0.378    0.105123   0.0139805
    0.282843       0.974    0.827936   0.0469284
    0.471405       1.764     2.09351   0.0834724
    0.659966       3.802     3.96133   0.0966502
    0.848528       9.004     6.18693    0.135982
     1.03709        5.81     7.61682     0.12521
     1.22565           7     9.48602    0.162845
     1.41421       9.514     9.65999    0.173888
     1.60278       9.446     9.43521    0.145413
     1.79134       9.952     9.66122    0.150036
      1.9799       9.222     9.57859    0.137118
     2.16846       6.736     8.73187    0.134627
     2.35702       9.976     7.53729    0.145704
     2.54558       7.996     5.75153    0.164028
     2.73415       5.036      5.1948    0.124224
     2.92271       4.678     3.93429   0.0874133
     3.11127        2.19     2.93641   0.0843334
     3.29983       2.044     1.92445   0.0738501
     3.48839        2.12     1.25621    0.052653
     3.67696       0.338     0.74892   0.0448118
     3.86552        0.02    0.467091   0.0338673
     4.05408           0    0.290535     0.02708
     4.24264           0    0.235604   0.0292601
      4.4312           0    0.125914   0.0196606
     4.61976           0    0.157765    0.025129
     4.80833           0   0.0498075   0.0119569
     4.99689           0   0.0384599   0.0105909
     5.18545           0  0.00637433  0.00321537
     5.37401           0           0           0
     5.56257           0           0           0
   0.0942809       0.084    0.105011   0.0139065
    0.282843       0.812    0.827851   0.0466789
    0.471405       2.168      2.0939   0.0830294
    0.659966       5.146     3.96763   0.0963414
    0.848528       5.036     6.18081    0.135396
     1.03709       6.846     7.61272    0.124611
     1.22565       8.796     9.48235     0.16202
     1.41421       6.636      9.6439    0.173705
     1.60278      11.266     9.44495    0.144965
     1.79134       8.352     9.65426      0.1494
      1.9799       8.316     9.57187    0.136553
     2.16846       9.786     8.73748    0.134027
     2.35702      11.628     7.55905    0.146544
     2.54558       6.556     5.75581    0.163212
     2.73415       5.766     5.19784      0.1236
     2.92271       4.288     3.93617   0.0869686
     3.11127       2.794     2.93565   0.0838882
     3.29983       2.772     1.92896   0.0735947
     3.48839       0.842     1.25401    0.052419
     3.67696       0.036    0.745128   0.0447336
     3.86552       0.074       0.465   0.0337516
     4.05408           0    0.288989     0.02698
     4.24264           0    0.234351   0.0291313
      4.4312           0    0.125245   0.0195674
     4.61976           0    0.156926   0.0250094
     4.80833           0   0.0495426   0.0118962
     4.99689           0   0.0382553   0.0105365
     5.18545           0  0.00634043  0.00319844
     5.37401           0           0           0
     5.56257           0           0           0
   0.0942809           0    0.104455   0.0138441
    0.282843       0.846    0.827947    0.046432
    0.471405       2.132     2.09411   0.0825903
    0.659966       4.908      3.9726     0.09596
    0.848528        2.99     6.16393    0.135728
     1.03709        7.98     7.61467    0.123966
     1.22565        6.12     9.46456    0.162136
     1.41421        9.82     9.64484    0.172789
     1.60278      10.878     9.45253    0.144396
     1.79134       9.406     9.65294    0.148615
      1.9799       11.11     9.58001    0.136073
     2.16846       8.534      8.7364    0.133323
     2.35702       8.106     7.56195    0.145797
     2.54558        8.82     5.77202    0.163151
     2.73415       5.666     5.20032    0.122971
     2.92271        3.15     3.93201   0.0866078
     3.11127       4.568     2.94429   0.0838878
     3.29983       2.846     1.93381   0.0733651
     3.48839        0.12     1.24801   0.0524839
     3.67696           0    0.741185   0.0446703
     3.86552           0     0.46254   0.0336626
     4.05408           0     0.28746   0.0268806
     4.24264           0    0.233111   0.0290035
      4.4312           0    0.124582   0.0194751
     4.61976           0    0.156095   0.0248908
     4.80833           0   0.0492804   0.0118362
     4.99689           0   0.0380529   0.0104827
     5.18545           0  0.00630688  0.00318169
     5.37401           0           0           0
     5.56257           0           0           0
   0.0942809           0    0.103905   0.0137821
    0.282843           0    0.823589   0.0463916
    0.471405       1.708     2.09207   0.0821806
    0.659966       3.282     3.96897   0.0955238
    0.848528        3.01     6.14733    0.136025
     1.03709       9.118     7.62258    0.123566
     1.22565      10.288     9.46889    0.161341
     1.41421       8.506     9.63884    0.171983
     1.60278      12.334     9.46769     0.14443
     1.79134        9.24     9.65077    0.147849
      1.9799       9.554     9.57987    0.135357
     2.16846       8.818     8.73683    0.132622
     2.35702       6.904     7.55848    0.145071
     2.54558      10.426     5.79652    0.164121
     2.73415       5.228     5.20046    0.122324
     2.92271        3.43     3.92937   0.0861923
     3.11127        3.12     2.94521   0.0834514
     3.29983       1.738     1.93278   0.0729862
     3.48839       1.296     1.24826   0.0522083
     3.67696           0    0.737284   0.0446052
     3.86552           0    0.460105   0.0335733
     4.05408           0    0.285947   0.0267817
     4.24264           0    0.231884   0.0288768
      4.4312           0    0.123926   0.0193836
     4.61976           0    0.155274   0.0247734
     4.80833           0   0.0490211   0.0117767
     4.99689           0   0.0378526   0.0104294
     5.18545           0  0.00627368  0.00316512
     5.37401           0           0           0
     5.56257           0           0           0
   0.0942809           0    0.103361   0.0137207
    0.282843       0.352     0.82112   0.0462144
    0.471405       1.324     2.08805   0.0818487
    0.659966        4.51      3.9718   0.0950656
    0.848528       7.148     6.15257    0.135414
     1.03709       6.444     7.61641    0.123073
     1.22565       7.612     9.45917    0.160789
     1.41421        5.94     9.61948     0.17217
     1.60278      10.872     9.47505    0.143861
     1.79134      11.596     9.66095    0.147425
      1.9799      11.496     9.58991    0.135019
     2.16846        8.71     8.73669    0.131927
     2.35702      11.312     7.57814    0.145637
     2.54558       7.948     5.80778    0.163648
     2.73415       5.576     5.20243    0.121699
     2.92271         2.3     3.92084   0.0861621
     3.11127        2.76     2.94424   0.0830201
     3.29983       0.624     1.92593    0.072925
     3.48839       1.272     1.24839   0.0519351
     3.67696       0.204    0.734492    0.044459
     3.86552           0    0.457696   0.0334839
     4.05408           0     0.28445   0.0266832
     4.24264           0     0.23067   0.0287512
      4.4312           0    0.123277    0.019293
     4.61976           0    0.154461    0.024657
     4.80833           0   0.0487644   0.0117178
     4.99689           0   0.0376545   0.0103767
     5.18545           0  0.00624084  0.00314872
     5.37401           0           0           0
     5.56257           0           0           0
   0.0942809           0    0.102823   0.0136598
    0.282843        1.35    0.823875   0.0460557
    0.471405       1.844     2.08678   0.0814323
    0.659966         4.8     3.97611   0.0946683
    0.848528       5.756      6.1505    0.134724
     1.03709       7.504     7.61582    0.122434
     1.22565       7.518     9.44906    0.160269
     1.41421       8.762     9.61501    0.171331
     1.60278       10.13     9.47846    0.143152
     1.79134      12.284     9.67461    0.147289
      1.9799       6.002     9.57122    0.135603
     2.16846        9.82     8.74233    0.131361
     2.35702        8.72     7.58408       0.145
     2.54558        7.78     5.81805    0.163118
     2.73415       6.504     5.20921    0.121254
     2.92271       3.188     3.91702   0.0857979
     3.11127       3.054     2.94481   0.0825897
     3.29983       2.134     1.92701   0.0725533
     3.48839       0.552     1.24476   0.0517911
     3.67696       0.298    0.732219   0.0442855
     3.86552           0    0.455312   0.0333942
     4.05408           0    0.282969   0.0265854
     4.24264           0    0.229469   0.0286265
      4.4312           0    0.122635   0.0192032
     4.61976           0    0.153656   0.0245417
     4.80833           0   0.0485104   0.0116596
     4.99689           0   0.0374583   0.0103245
     5.18545           0  0.00620833  0.00313249
     5.37401           0           0           0
     5.56257           0           0           0
   0.0942809           0     0.10229   0.0135994
    0.282843        1.84     0.82914    0.046117
    0.471405       1.828     2.08544   0.0810214
    0.659966       3.068     3.97141   0.0942947
    0.848528       7.434     6.15715     0.13419
     1.03709      10.048     7.62842    0.122446
     1.22565       7.206     9.43744    0.159859
     1.41421       6.938     9.60114    0.171004
     1.60278        8.53     9.47354    0.142495
     1.79134      10.202     9.67735    0.146551
      1.9799       8.686     9.56663    0.134978
     2.16846       8.174     8.73939    0.130713
     2.35702      10.528     7.59934    0.145048
     2.54558       6.846     5.82338    0.162359
     2.73415       7.104     5.21903    0.121023
     2.92271       2.984     3.91219   0.0854894
     3.11127       2.584     2.94294   0.0821829
     3.29983       2.888     1.93199    0.072348
     3.48839       0.856     1.24275   0.0515619
     3.67696       0.256    0.729751   0.0441247
     3.86552           0    0.452953   0.0333044
     4.05408           0    0.281503    0.026488
     4.24264           0     0.22828   0.0285029
      4.4312           0       0.122   0.0191142
     4.61976           0     0.15286   0.0244275
     4.80833           0   0.0482591   0.0116019
     4.99689           0   0.0372642   0.0102728
     5.18545           0  0.00617617  0.00311642
     5.37401           0           0           0
     5.56257           0           0           0
   0.0942809           0    0.101763   0.0135395
    0.282843           1    0.830021   0.0458877
    0.471405        2.18     2.08593   0.0806052
    0.659966       4.588     3.97459   0.0938622
    0.848528       7.462     6.16388    0.133667
     1.03709        9.31     7.63709    0.122121
     1.22565       7.414     9.42701    0.159375
     1.41421       6.822     9.58681    0.170721
     1.60278       4.714     9.44901    0.143857
     1.79134      11.982     9.68923    0.146276
      1.9799       8.888     9.56313    0.134328
     2.16846       11.27     8.75243    0.130689
     2.35702      11.052     7.61713    0.145388
     2.54558       5.676     5.82262    0.161524
     2.73415       4.482     5.21523    0.120459
     2.92271       3.374     3.90941   0.0850938
     3.11127        2.74      2.9419   0.0817659
     3.29983       3.574     1.94045   0.0724685
     3.48839       1.472     1.24393   0.0513097
     3.67696           0     0.72599   0.0440573
     3.86552           0    0.450619   0.0332145
     4.05408           0    0.280052   0.0263912
     4.24264           0    0.227103   0.0283802
      4.4312           0    0.121371    0.019026
     4.61976           0    0.152072   0.0243142
     4.80833           0   0.0480103   0.0115447
     4.99689           0   0.0370722   0.0102217
     5.18545           0  0.00614433  0.00310052
     5.37401           0           0           0
     5.56257           0           0           0
   0.0942809           0    0.101241   0.0134801
    0.282843       0.886    0.830308   0.0456533
    0.471405        3.04     2.09082   0.0803402
    0.659966       3.754     3.97346   0.0933876
    0.848528       6.906     6.16768    0.133036
     1.03709      10.364     7.65108    0.122293
     1.22565        8.03     9.41985    0.158719
     1.41421       6.348     9.57021    0.170652
     1.60278       4.716     9.42474    0.145152
     1.79134       8.414     9.68269    0.145672
      1.9799       11.62     9.57368    0.134052
     2.16846       14.16     8.78016    0.132928
     2.35702       9.516     7.62687    0.144969
     2.54558       2.978     5.80803    0.161353
     2.73415       7.152     5.22516     0.12025
     2.92271       3.516     3.90739   0.0846813
     3.11127       2.456     2.93941   0.0813846
     3.29983       1.758     1.93952   0.0721029
     3.48839       2.098     1.24831   0.0512331
     3.67696       0.288    0.723744   0.0438886
     3.86552           0    0.448308   0.0331244
     4.05408           0    0.278615   0.0262949
     4.24264           0    0.225938   0.0282586
      4.4312           0    0.120749   0.0189386
     4.61976           0    0.151292   0.0242021
     4.80833           0   0.0477641   0.0114882
     4.99689           0   0.0368821    0.010171
     5.18545           0  0.00611282  0.00308478
     5.37401           0           0           0
     5.56257           0           0           0
   0.0942809           0    0.100724   0.0134212
    0.282843        0.47    0.828469   0.0454574
    0.471405       2.972     2.09532    0.080056
    0.659966       5.112     3.97927   0.0930916
    0.848528       5.434     6.16394     0.13241
     1.03709       8.842     7.65715     0.12182
     1.22565       6.608      9.4055    0.158556
     1.41421       6.306     9.55355    0.170592
     1.60278       7.306     9.41393    0.144814
     1.79134      10.274      9.6857     0.14496
      1.9799        9.77     9.57468    0.133372
     2.16846       15.24     8.81312    0.136274
     2.35702       8.534      7.6315    0.144303
     2.54558       4.632     5.80203    0.160642
     2.73415        6.68     5.23258    0.119865
     2.92271       3.974     3.90773   0.0842499
     3.11127       2.942     2.93942   0.0809693
     3.29983       1.018     1.93482   0.0718881
     3.48839       0.978     1.24693   0.0509903
     3.67696       0.406    0.722122   0.0436946
     3.86552       0.336    0.447735   0.0329604
     4.05408       0.166    0.278041    0.026167
     4.24264           0    0.224786   0.0281379
      4.4312           0    0.120133    0.018852
     4.61976           0     0.15052   0.0240909
     4.80833           0   0.0475204   0.0114321
     4.99689           0   0.0366939   0.0101209
     5.18545           0  0.00608163   0.0030692
     5.37401           0           0           0
     5.56257           0           0           0
   0.0942809       0.032    0.100376   0.0133576
    0.282843       0.294    0.825756   0.0453075
    0.471405       1.818     2.09391    0.079662
    0.659966       5.186     3.98539   0.0928204
    0.848528       5.568     6.16091    0.131772
     1.03709       9.776     7.66791    0.121676
     1.22565       8.352     9.40015    0.157841
     1.41421       8.816     9.54981    0.169767
     1.60278       9.222     9.41295    0.144082
     1.79134       8.432     9.67934    0.144364
      1.9799        7.63     9.56481     0.13306
     2.16846       8.138      8.8097    0.135626
     2.35702       8.064      7.6337    0.143587
     2.54558         7.5     5.81065    0.160057
     2.73415       7.996     5.24661    0.120074
     2.92271       3.102     3.90364   0.0839215
     3.11127       4.024     2.94492   0.0807453
     3.29983       3.404     1.94227    0.071909
     3.48839       0.646     1.24388   0.0508226
     3.67696           0    0.718457   0.0436263
     3.86552           0    0.445462   0.0328713
     4.05408           0    0.276629   0.0260722
     4.24264           0    0.223645   0.0280182
      4.4312           0    0.119523   0.0187662
     4.61976           0    0.149756   0.0239807
     4.80833           0   0.0472792   0.0113766
     4.99689           0   0.0365076   0.0100712
     5.18545           0  0.00605076  0.00305378
     5.37401           0           0           0
     5.56257           0           0           0
   0.0942809       0.256    0.101162   0.0133133
    0.282843       0.332    0.823263   0.0451473
    0.471405       1.402     2.09041   0.0793363
    0.659966        4.67     3.98885    0.092416
    0.848528        9.42     6.17737    0.132131
     1.03709       7.462     7.66687    0.121066
     1.22565        9.14     9.39884     0.15705
     1.41421        5.58     9.52976    0.170089
     1.60278       7.912     9.40537    0.143554
     1.79134       7.802     9.66986    0.143946
      1.9799       10.58     9.56994    0.132487
     2.16846      10.358     8.81752    0.135166
     2.35702       7.462     7.63283    0.142864
     2.54558       9.036     5.82694    0.160076
     2.73415       6.624     5.25357    0.119669
     2.92271        3.45     3.90135   0.0835289
     3.11127       2.414     2.94224    0.080382
     3.29983       2.302     1.94409   0.0715688
     3.48839       1.354     1.24443    0.050569
     3.67696       0.366    0.716677   0.0434423
     3.86552       0.078    0.443606   0.0327577
     4.05408           0    0.275232    0.025978
     4.24264           0    0.222515   0.0278994
      4.4312           0    0.118919   0.0186811
     4.61976           0       0.149   0.0238715
     4.80833           0   0.0470404   0.0113217
     4.99689           0   0.0363232    0.010022
     5.18545           0   0.0060202  0.00303851
     5.37401           0           0           0
     5.56257           0           0           0
   0.0942809           0    0.100653   0.0132561
    0.282843       1.466    0.826492   0.0450358
    0.471405       3.706     2.09853   0.0793519
    0.659966       4.882     3.99334   0.0920605
    0.848528       7.988     6.18647    0.131779
     1.03709       6.904     7.66304    0.120518
     1.22565       7.726     9.39043    0.156485
     1.41421       6.654     9.51531    0.169847
     1.60278       8.606     9.40136    0.142888
     1.79134       8.914     9.66606    0.143273
      1.9799       9.944     9.57182    0.131834
     2.16846       7.634     8.81157    0.134618
     2.35702      10.572      7.6476    0.142908
     2.54558       6.122     5.82842    0.159278
     2.73415       5.844     5.25653    0.119105
     2.92271        3.87      3.9012   0.0831093
     3.11127       1.518     2.93509   0.0802961
     3.29983       2.988     1.94934   0.0714011
     3.48839       1.268     1.24455    0.050315
     3.67696       0.838    0.717286   0.0432282
     3.86552       0.556    0.444171   0.0325979
     4.05408           0    0.273849   0.0258842
     4.24264           0    0.221397   0.0277816
      4.4312           0    0.118322   0.0185968
     4.61976           0    0.148251   0.0237633
     4.80833           0    0.046804   0.0112673
     4.99689           0   0.0361407  0.00997335
     5.18545           0  0.00598995  0.00302339
     5.37401           0           0           0
     5.56257           0           0           0
   0.0942809           0     0.10015   0.0131994
    0.282843        1.97     0.83221   0.0451721
    0.471405       5.474     2.11541     0.08073
    0.659966        2.43     3.98552   0.0919315
    0.848528       6.172      6.1864    0.131121
     1.03709       6.536      7.6574    0.120047
     1.22565       6.332     9.37514    0.156448
     1.41421       8.846     9.51196    0.169031
     1.60278      10.852     9.40861    0.142358
     1.79134       6.654       9.651    0.143346
      1.9799      11.606     9.58199    0.131567
     2.16846      11.024     8.82263    0.134398
     2.35702       8.186     7.65029    0.142219
     2.54558       4.574     5.82215    0.158605
     2.73415        5.83      5.2594    0.118544
     2.92271       3.052     3.89695   0.0828022
     3.11127       1.124     2.92603   0.0804036
     3.29983       2.776     1.95347   0.0711637
     3.48839       2.554      1.2511   0.0504876
     3.67696       1.562     0.72151   0.0432179
     3.86552       0.446     0.44418   0.0324349
     4.05408           0     0.27248    0.025791
     4.24264           0     0.22029   0.0276648
      4.4312           0     0.11773   0.0185132
     4.61976           0     0.14751    0.023656
     4.80833           0     0.04657   0.0112134
     4.99689           0     0.03596  0.00992512
     5.18545           0     0.00596  0.00300842
     5.37401           0           0           0
     5.56257           0           0           0
   0.0942809       0.006   0.0996816    0.013142
    0.282843       0.486    0.830488   0.0449802
    0.471405        3.31     2.12135   0.0805468
    0.659966       2.204     3.97666   0.0919004
    0.848528       5.574     6.18335    0.130504
     1.03709       6.462     7.65145    0.119597
     1.22565       9.888     9.37769    0.155691
     1.41421      10.706      9.5179    0.168295
     1.60278      11.538      9.4192    0.142043
     1.79134       7.574     9.64067    0.143005
      1.9799      10.802     9.58806    0.131052
     2.16846       10.57     8.83132    0.134011
     2.35702       6.904     7.64658     0.14156
     2.54558       5.206     5.81908    0.157846
     2.73415       5.598     5.26108    0.117966
     2.92271       1.696       3.886   0.0831111
     3.11127        2.53     2.92406   0.0800277
     3.29983       2.174     1.95457   0.0708181
     3.48839       4.264     1.26609   0.0524144
     3.67696       0.508    0.720448    0.043016
     3.86552           0     0.44197   0.0323488
     4.05408           0    0.271124   0.0256983
     4.24264           0    0.219194   0.0275488
      4.4312           0    0.117144   0.0184304
     4.61976           0    0.146776   0.0235497
     4.80833           0   0.0463383     0.01116
     4.99689           0   0.0357811  0.00987735
     5.18545           0  0.00593035   0.0029936
     5.37401           0           0           0
     5.56257           0           0           0
   0.0942809           0   0.0991881   0.0130862
    0.282843       0.202    0.827376    0.044865
    0.471405        1.82     2.11986   0.0801619
    0.659966       3.812     3.97584    0.091449
    0.848528       5.904     6.18197    0.129865
     1.03709       5.946     7.64301    0.119302
     1.22565      11.806     9.38971    0.155383
     1.41421       8.174     9.51125    0.167593
     1.60278       10.26     9.42337    0.141401
     1.79134       9.892     9.64191    0.142302
      1.9799      14.212     9.61095    0.132387
     2.16846       8.478     8.82957    0.133359
     2.35702       7.006     7.64341    0.140894
     2.54558       4.008     5.81012    0.157319
     2.73415       3.978     5.25473    0.117553
     2.92271       1.972     3.87652    0.083238
     3.11127       2.764     2.92327   0.0796354
     3.29983       3.476      1.9621   0.0708669
     3.48839       3.416     1.27673   0.0532245
     3.67696        0.74    0.720545   0.0428031
     3.86552       0.082    0.440188   0.0322377
     4.05408       0.006    0.269812   0.0256045
     4.24264       0.008    0.218149   0.0274323
      4.4312       0.008    0.116604   0.0183471
     4.61976        0.01    0.146099   0.0234429
     4.80833       0.018    0.046198   0.0111056
     4.99689       0.002   0.0356139  0.00982987
     5.18545           0  0.00590099  0.00297892
     5.37401           0           0           0
     5.56257           0           0           0
   0.0942809           0   0.0986995   0.0130309
    0.282843         1.5     0.83069   0.0447662
    0.471405       3.138     2.12488   0.0799238
    0.659966       3.004     3.97105   0.0911238
    0.848528       6.954     6.18577    0.129281
     1.03709        5.58     7.63285    0.119147
     1.22565       6.002     9.37302    0.155512
     1.41421        9.82     9.51277    0.166774
     1.60278      11.916     9.43565    0.141237
     1.79134      13.836     9.66257    0.143093
      1.9799       13.38     9.62952    0.133031
     2.16846       8.294     8.82694    0.132728
     2.35702       6.614     7.63833    0.140292
     2.54558       4.036     5.80138    0.156786
     2.73415         1.9     5.23821     0.11813
     2.92271       3.506      3.8747    0.082848
     3.11127       1.622     2.91686   0.0795007
     3.29983       1.058     1.95765   0.0706576
     3.48839       4.636     1.29328   0.0554752
     3.67696       0.204       0.718   0.0426678
     3.86552           0     0.43802   0.0321517
     4.05408           0    0.268483   0.0255129
     4.24264           0    0.217074   0.0273182
      4.4312           0     0.11603   0.0182657
     4.61976       0.452    0.147606   0.0233758
     4.80833        0.38   0.0478424    0.011172
     4.99689       0.168    0.036266  0.00980306
     5.18545           0  0.00587192  0.00296439
     5.37401           0           0           0
     5.56257           0           0           0
   0.0942809        0.25   0.0994412   0.0129881
    0.282843       0.314    0.828157   0.0446183
    0.471405        2.26     2.12554   0.0795347
    0.659966       5.558     3.97883   0.0910085
    0.848528       8.158     6.19544    0.129008
     1.03709       5.416     7.62198    0.119057
     1.22565       4.134     9.34734    0.156855
     1.41421      10.942     9.51977    0.166104
     1.60278      13.556     9.45584    0.141981
     1.79134       11.54     9.67177    0.142687
      1.9799       9.398     9.62838    0.132384
     2.16846       8.816     8.82688    0.132077
     2.35702       8.754      7.6438     0.13971
     2.54558       4.728     5.79612    0.156106
     2.73415        3.88     5.23155    0.117738
     2.92271       2.572     3.86831   0.0826876
     3.11127       1.412     2.90948   0.0794525
     3.29983       0.422     1.95012   0.0707111
     3.48839       4.256      1.3078   0.0570727
     3.67696       0.634    0.717588   0.0424607
     3.86552           0    0.435873   0.0320657
     4.05408           0    0.267167   0.0254217
     4.24264           0     0.21601    0.027205
      4.4312           0    0.115461    0.018185
     4.61976           1    0.151784   0.0236317
     4.80833           0   0.0476078   0.0111197
     4.99689           0   0.0360882  0.00975661
     5.18545           0  0.00584314     0.00295
     5.37401           0           0           0
     5.56257           0           0           0
   0.0942809        0.29    0.100371   0.0129579
    0.282843       0.634     0.82721   0.0444107
    0.471405       1.146     2.12076   0.0792901
    0.659966       3.024     3.97418   0.0906837
    0.848528       9.168     6.20994    0.129191
     1.03709       8.858     7.62801    0.118629
     1.22565       5.534     9.32874    0.157189
     1.41421       7.214     9.50853    0.165674
     1.60278      11.986     9.46819    0.141824
     1.79134      13.002     9.68802    0.142913
      1.9799      11.154     9.63582    0.131947
     2.16846       6.064      8.8134    0.132119
     2.35702      10.172     7.65614    0.139572
     2.54558       6.646     5.80026      0.1554
     2.73415       3.194     5.22161    0.117583
     2.92271       2.558     3.86192   0.0825309
     3.11127       1.804     2.90409   0.0792477
     3.29983       1.104     1.94599   0.0704865
     3.48839       1.922      1.3108   0.0568729
     3.67696        1.29     0.72038   0.0423453
     3.86552       0.236    0.434898   0.0319241
     4.05408           0    0.265863   0.0253311
     4.24264           0    0.214956   0.0270927
      4.4312           0    0.114898    0.018105
     4.61976           1    0.155922   0.0238759
     4.80833           0   0.0473756   0.0110678
     4.99689           0   0.0359122  0.00971061
     5.18545           0  0.00581463  0.00293575
     5.37401           0           0           0
     5.56257           0           0           0
   0.0942809           0   0.0998835   0.0129042
    0.282843        0.36    0.824942    0.044253
    0.471405       1.754     2.11898   0.0789252
    0.659966       2.774     3.96835   0.0904304
    0.848528       8.202     6.21961    0.128925
     1.03709       7.204     7.62595    0.118071
     1.22565       7.226     9.31853    0.156757
     1.41421        8.32     9.50276     0.16497
     1.60278      12.098     9.48095    0.141709
     1.79134       9.002     9.68469    0.142258
      1.9799      12.224     9.64839    0.131903
     2.16846       9.164     8.81511    0.131488
     2.35702       9.296      7.6641    0.139121
     2.54558       8.228     5.81205    0.155091
     2.73415       3.134     5.21148    0.117448
     2.92271       3.402     3.85969   0.0821605
     3.11127       1.346     2.89652   0.0792231
     3.29983       1.098     1.94187   0.0702645
     3.48839       1.204     1.31028   0.0565991
     3.67696       0.042    0.717087   0.0422676
     3.86552       0.746    0.436408   0.0318048
     4.05408       0.248    0.265777   0.0252083
     4.24264       0.014    0.213981   0.0269787
      4.4312       0.026    0.114466   0.0180223
     4.61976        0.73    0.158709   0.0239221
     4.80833       0.158   0.0479126   0.0110271
     4.99689           0   0.0357379  0.00966503
     5.18545           0  0.00578641  0.00292163
     5.37401           0           0           0
     5.56257           0           0           0
   0.0942809           0    0.099401   0.0128509
    0.282843       1.302    0.827246   0.0440992
    0.471405       1.626      2.1166   0.0785799
    0.659966        2.12     3.95942   0.0904333
    0.848528       6.438     6.22067    0.128307
     1.03709       9.872      7.6368    0.117998
     1.22565       8.218     9.31322     0.15609
     1.41421       9.244     9.50151    0.164178
     1.60278      12.292     9.49453    0.141674
     1.79134       8.562     9.67927    0.141674
      1.9799      12.444     9.66189    0.131955
     2.16846        9.98     8.82073    0.130973
     2.35702       5.514     7.65371    0.138837
     2.54558       7.034     5.81795    0.154454
     2.73415       4.144     5.20632    0.116993
     2.92271       2.426     3.85276    0.082055
     3.11127       2.186     2.89309   0.0789147
     3.29983       1.352     1.93902   0.0699828
     3.48839       0.806     1.30785   0.0563781
     3.67696        0.12    0.714203   0.0421617
     3.86552        1.32    0.440676   0.0319364
     4.05408           0    0.264493   0.0251192
     4.24264           0    0.212947   0.0268682
      4.4312           0    0.113913   0.0179437
     4.61976           1    0.162773   0.0241493
     4.80833           0   0.0476812   0.0109763
     4.99689           0   0.0355652  0.00961989
     5.18545           0  0.00575845  0.00290765
     5.37401           0           0           0
     5.56257           0           0           0
   0.0942809           0   0.0989231    0.012798
    0.282843       1.276    0.829404   0.0439399
    0.471405       2.408       2.118   0.0782146
    0.659966       3.152     3.95554   0.0900818
    0.848528       2.964     6.20501    0.128642
     1.03709       9.372     7.64514    0.117725
     1.22565       11.89     9.32561    0.155831
     1.41421       9.428     9.50115    0.163389
     1.60278      10.166     9.49776    0.141029
     1.79134      12.216     9.69146    0.141517
      1.9799       9.584     9.66152    0.131322
     2.16846        8.76     8.82044    0.130344
     2.35702       4.896     7.64045    0.138801
     2.54558       8.328     5.83002    0.154183
     2.73415         4.8     5.20437    0.116447
     2.92271       1.628     3.84207   0.0823546
     3.11127       0.758     2.88283   0.0792001
     3.29983       2.294     1.94073   0.0696671
     3.48839        0.75     1.30516   0.0561708
     3.67696       0.616    0.713731   0.0419616
     3.86552       1.738    0.446913   0.0323861
     4.05408       0.054    0.263481   0.0250188
     4.24264       0.016       0.212   0.0267557
      4.4312       0.022    0.113471   0.0178628
     4.61976       0.706    0.165385    0.024174
     4.80833       0.178   0.0483077   0.0109414
     4.99689           0   0.0353942  0.00957516
     5.18545           0  0.00573077   0.0028938
     5.37401           0           0           0
     5.56257           0           0           0
   0.0942809       0.214   0.0994737   0.0127486
    0.282843       0.406    0.827378   0.0437763
    0.471405       1.026     2.11278   0.0780147
    0.659966       4.664     3.95893   0.0897146
    0.848528       3.082     6.19007    0.128891
     1.03709      11.216     7.66223    0.118395
     1.22565      11.862     9.33774    0.155557
     1.41421      10.988     9.50827    0.162762
     1.60278       7.092     9.48625    0.140823
     1.79134      13.544     9.70989    0.142035
      1.9799       11.02     9.66802    0.130854
     2.16846       8.712     8.81992    0.129721
     2.35702       5.396     7.62971    0.138551
     2.54558        4.34     5.82289     0.15361
     2.73415       3.284     5.19518    0.116252
     2.92271       2.786     3.83701   0.0821155
     3.11127       1.274     2.87513   0.0791944
     3.29983       1.874     1.94041   0.0693345
     3.48839       1.378     1.30551   0.0559031
     3.67696       0.604    0.713206   0.0417641
     3.86552       1.594    0.452402   0.0326929
     4.05408       0.644    0.265301   0.0249653
     4.24264           0    0.210986   0.0266469
      4.4312           0    0.112928   0.0177856
     4.61976           1    0.169378   0.0243859
     4.80833           0   0.0480766   0.0108915
     4.99689           0   0.0352249  0.00953084
     5.18545           0  0.00570335  0.00288009
     5.37401           0           0           0
     5.56257           0           0           0
   0.0942809       0.012   0.0990571   0.0126947
    0.282843       0.186    0.824324   0.0436743
    0.471405       2.164     2.11302   0.0776435
    0.659966       4.884     3.96333   0.0893955
    0.848528       6.786      6.1929    0.128309
     1.03709       12.14     7.68355    0.119736
     1.22565       8.196      9.3323    0.154911
     1.41421        6.81     9.49542    0.162493
     1.60278       8.724     9.48262      0.1402
     1.79134       14.79     9.73409    0.143404
      1.9799      10.048     9.66983    0.130243
     2.16846       7.336     8.81286    0.129296
     2.35702       5.264     7.61845    0.138349
     2.54558        6.63     5.82673    0.152926
     2.73415       2.836     5.18394     0.11624
     2.92271       3.536     3.83558    0.081737
     3.11127        1.12     2.86677   0.0792571
     3.29983       1.002     1.93594   0.0691482
     3.48839       1.884     1.30827   0.0557048
     3.67696       0.652    0.712914   0.0415663
     3.86552       1.038     0.45519    0.032656
     4.05408       0.962    0.268619   0.0250659
     4.24264           0    0.209981   0.0265389
      4.4312       0.584    0.115171   0.0178418
     4.61976       0.416    0.170552   0.0242981
     4.80833           0   0.0478476    0.010842
     4.99689           0   0.0350571  0.00948693
     5.18545           0  0.00567619   0.0028665
     5.37401           0           0           0
     5.56257           0           0           0
   0.0942809           0   0.0985877   0.0126432
    0.282843        0.41     0.82236   0.0435114
    0.471405       1.776     2.11142    0.077292
    0.659966        5.18      3.9691   0.0891576
    0.848528       5.188     6.18814    0.127789
     1.03709       7.422     7.68231    0.119175
     1.22565       9.736     9.33422    0.154189
     1.41421      11.364     9.50427    0.161964
     1.60278      11.642     9.49285    0.139908
     1.79134      11.526     9.74258    0.142976
      1.9799       8.884      9.6661    0.129679
     2.16846       8.344     8.81064    0.128702
     2.35702       5.848     7.61006    0.137947
     2.54558        7.66     5.83542    0.152448
     2.73415       2.992     5.17355    0.116152
     2.92271       1.228     3.82322   0.0822785
     3.11127       0.542     2.85575   0.0796436
     3.29983       2.362     1.93796     0.06885
     3.48839        1.88     1.31098   0.0555066
     3.67696       0.322    0.711062   0.0414105
     3.86552       1.328    0.459327   0.0327621
     4.05408       1.128    0.272692   0.0252758
     4.24264       0.238    0.210114   0.0264135
      4.4312       0.078    0.114995   0.0177581
     4.61976       0.922    0.174114   0.0244425
     4.80833           0   0.0476209    0.010793
     4.99689           0    0.034891  0.00944342
     5.18545           0  0.00564929  0.00285304
     5.37401           0           0           0
     5.56257           0           0           0
   0.0942809       0.058   0.0983962    0.012585
    0.282843       0.534       0.821   0.0433274
    0.471405       2.226     2.11196   0.0769293
    0.659966       6.066     3.97899    0.089284
    0.848528       4.904     6.18208     0.12733
     1.03709       7.714     7.68246    0.118613
     1.22565      11.386      9.3439    0.153765
     1.41421       9.752     9.50544    0.161205
     1.60278      13.478     9.51165    0.140505
     1.79134       6.812     9.72875    0.142968
      1.9799        9.07     9.66329    0.129098
     2.16846       7.866     8.80618    0.128172
     2.35702       7.592     7.60997    0.137297
     2.54558       5.888     5.83567    0.151729
     2.73415        4.45     5.17014    0.115655
     2.92271       1.204     3.81087   0.0828128
     3.11127       1.448     2.84911   0.0795442
     3.29983       1.928     1.93792   0.0685252
     3.48839       1.006     1.30954   0.0552634
     3.67696       1.254    0.713623   0.0412943
     3.86552        1.62    0.464802   0.0330619
     4.05408       0.228    0.272481   0.0251574
     4.24264        0.03    0.209264   0.0263026
      4.4312       1.012    0.119226   0.0181715
     4.61976       0.014    0.173358   0.0243389
     4.80833       0.316   0.0488868   0.0108161
     4.99689       0.144   0.0354057  0.00941289
     5.18545           0  0.00562264  0.00283971
     5.37401           0           0           0
     5.56257           0           0           0
   0.0942809           0   0.0979343   0.0125344
    0.282843       0.032    0.817296   0.0432821
    0.471405       1.672      2.1099   0.0765958
    0.659966       4.488     3.98138   0.0888968
    0.848528        4.65     6.17489    0.126935
     1.03709        9.41     7.69057    0.118333
     1.22565        9.15     9.34299    0.153046
     1.41421      11.186     9.51333    0.160641
     1.60278      13.532     9.53053    0.141108
     1.79134       11.04     9.73491    0.142429
      1.9799        8.84     9.65943     0.12855
     2.16846       6.888     8.79717    0.127887
     2.35702       7.094     7.60755    0.136673
     2.54558       4.084     5.82745     0.15124
     2.73415       2.738     5.15872    0.115674
     2.92271       3.874     3.81116   0.0824245
     3.11127        2.83     2.84902   0.0791708
     3.29983       1.256     1.93471   0.0682782
     3.48839       0.844     1.30735   0.0550472
     3.67696       1.992    0.719624   0.0415343
     3.86552         1.3    0.468723   0.0331384
     4.05408       0.118    0.271756   0.0250498
     4.24264       0.026    0.208404   0.0261931
      4.4312       0.714    0.122019   0.0182994
     4.61976       0.128    0.173146   0.0242255
     4.80833       0.024     0.04877   0.0107659
     4.99689        0.09    0.035662  0.00937219
     5.18545           0  0.00559624   0.0028265
     5.37401           0           0           0
     5.56257           0           0           0
   0.0942809           0   0.0974766   0.0124842
    0.282843       0.044    0.813682   0.0432304
    0.471405        1.78     2.10836   0.0762534
    0.659966       4.082     3.98185   0.0884826
    0.848528        3.18      6.1609    0.127111
     1.03709       7.676      7.6905     0.11778
     1.22565       9.178     9.34221    0.152333
     1.41421      11.536     9.52279    0.160168
     1.60278      11.512     9.53979    0.140752
     1.79134      14.504      9.7572    0.143497
      1.9799        8.21     9.65265    0.128127
     2.16846       7.966     8.79329    0.127348
     2.35702       5.954     7.59982    0.136253
     2.54558       4.272     5.82018    0.150707
     2.73415       4.104     5.15379    0.115238
     2.92271        4.84     3.81597   0.0821795
     3.11127       1.994     2.84503   0.0789016
     3.29983       3.036     1.93986   0.0681528
     3.48839       0.996      1.3059   0.0548092
     3.67696       1.478    0.723168   0.0414911
     3.86552       1.324     0.47272   0.0332237
     4.05408       0.334    0.272047   0.0249344
     4.24264           0     0.20743   0.0260888
      4.4312           0    0.121449   0.0182228
     4.61976           0    0.172336   0.0241258
     4.80833           0   0.0485421    0.010718
     4.99689           0   0.0354953  0.00932988
     5.18545           0  0.00557009  0.00281341
     5.37401           0           0           0
     5.56257           0           0           0
   0.0942809        0.27   0.0982791   0.0124519
    0.282843       0.216    0.810902   0.0431186
    0.471405       1.388       2.105   0.0759723
    0.659966       2.076     3.97299    0.088514
    0.848528       5.926      6.1598    0.126524
     1.03709       8.664     7.69503     0.11732
     1.22565        6.74     9.33011    0.152104
     1.41421        7.86     9.51505    0.159609
     1.60278      14.794     9.56422    0.142203
     1.79134      13.164     9.77304    0.143701
      1.9799       8.268     9.64621    0.127693
     2.16846        8.34     8.79118    0.126773
     2.35702       6.098     7.59284    0.135798
     2.54558       6.686      5.8242     0.15006
     2.73415       4.378     5.15019    0.114759
     2.92271       4.392     3.81865   0.0818409
     3.11127       1.944     2.84084   0.0786459
     3.29983       3.772     1.94838   0.0683665
     3.48839       1.036     1.30464   0.0545686
     3.67696       1.988    0.729051   0.0417131
     3.86552           0    0.470521   0.0331418
     4.05408           0    0.270781   0.0248505
     4.24264           0    0.206465   0.0259853
      4.4312           0    0.120884   0.0181468
     4.61976           0    0.171535   0.0240269
     4.80833           0   0.0483163   0.0106706
     4.99689           0   0.0353302  0.00928794
     5.18545           0  0.00554419  0.00280045
     5.37401           0           0           0
     5.56257           0           0           0
   0.0942809           0   0.0978241   0.0124025
    0.282843       0.954    0.811565   0.0429241
    0.471405       1.332     2.10143   0.0757049
    0.659966       3.726     3.97184   0.0881116
    0.848528        5.98     6.15897    0.125941
     1.03709      10.578     7.70838    0.117533
     1.22565       6.532     9.31716    0.151951
     1.41421       9.266      9.5139    0.158875
     1.60278       9.194     9.56251    0.141555
     1.79134       12.57     9.78599    0.143618
      1.9799        7.11     9.63447    0.127641
     2.16846      11.578     8.80408    0.126841
     2.35702       7.264     7.59131    0.135178
     2.54558       5.194     5.82129    0.149394
     2.73415       4.684     5.14803    0.114248
     2.92271       2.868     3.81425   0.0815803
     3.11127       2.068     2.83726   0.0783631
     3.29983        2.22     1.94964   0.0680616
     3.48839       1.624     1.30612    0.054336
     3.67696       1.472    0.732491   0.0416616
     3.86552       1.336    0.474528   0.0332297
     4.05408        0.39    0.271333   0.0247416
     4.24264        0.06    0.205787   0.0258739
      4.4312           0    0.120324   0.0180714
     4.61976           0    0.170741   0.0239288
     4.80833           0   0.0480926   0.0106235
     4.99689           0   0.0351667  0.00924638
     5.18545           0  0.00551852   0.0027876
     5.37401           0           0           0
     5.56257           0           0           0
   0.0942809           0   0.0973733   0.0123536
    0.282843       0.264    0.809041   0.0428004
    0.471405       1.642     2.09931   0.0753856
    0.659966       1.324     3.95964   0.0885464
    0.848528        8.45     6.16953    0.125803
     1.03709       8.542     7.71222    0.117054
     1.22565       6.754     9.30535    0.151709
     1.41421       9.714     9.51482    0.158145
     1.60278      11.822     9.57292    0.141285
     1.79134      11.428     9.79356    0.143156
      1.9799      12.636      9.6483      0.1278
     2.16846       7.378     8.79751    0.126427
     2.35702         7.9     7.59274    0.134563
     2.54558        3.25     5.80944    0.149175
     2.73415       4.196     5.14364    0.113806
     2.92271        3.78     3.81409   0.0812045
     3.11127        1.48       2.831   0.0782512
     3.29983        1.63     1.94817   0.0677639
     3.48839       1.636     1.30764   0.0541069
     3.67696       1.482    0.735945   0.0416125
     3.86552        2.28    0.482848   0.0341023
     4.05408       0.412    0.271982   0.0246361
     4.24264           0    0.204839    0.025772
      4.4312           0     0.11977   0.0179966
     4.61976           0    0.169954   0.0238315
     4.80833           0    0.047871   0.0105769
     4.99689           0   0.0350046  0.00920519
     5.18545           0  0.00549309  0.00277487
     5.37401           0           0           0
     5.56257           0           0           0
   0.0942809       0.008   0.0969633   0.0123037
    0.282843       0.936    0.809624    0.042608
    0.471405       1.004     2.09428    0.075207
    0.659966       2.758     3.95413   0.0883116
    0.848528        5.24     6.16527    0.125298
     1.03709        9.56      7.7207    0.116824
     1.22565       9.234     9.30502    0.151013
     1.41421      12.876     9.53024     0.15817
     1.60278      11.742     9.58287    0.140987
     1.79134      11.242      9.8002    0.142653
      1.9799       6.776     9.63513    0.127891
     2.16846      10.324     8.80451     0.12604
     2.35702         5.7     7.58406    0.134225
     2.54558       4.164     5.80189    0.148681
     2.73415       3.226     5.13484    0.113623
     2.92271       3.746     3.81378   0.0808326
     3.11127        4.57     2.83898   0.0782978
     3.29983       1.194     1.94471   0.0675413
     3.48839         2.2     1.31173   0.0540133
     3.67696       1.094    0.737587    0.041454
     3.86552       0.234    0.481706   0.0339649
     4.05408       0.092    0.271156   0.0245369
     4.24264        0.08    0.204266   0.0256602
      4.4312           0     0.11922   0.0179225
     4.61976           0    0.169174   0.0237349
     4.80833           0   0.0476514   0.0105306
     4.99689           0    0.034844  0.00916437
     5.18545           0  0.00546789  0.00276225
     5.37401           0           0           0
     5.56257           0           0           0
   0.0942809           0   0.0965205   0.0122555
    0.282843       0.072    0.806256   0.0425464
    0.471405       0.506     2.08703   0.0752125
    0.659966        1.99     3.94516   0.0883626
    0.848528       8.062     6.17393    0.125025
     1.03709       7.334     7.71893    0.116304
     1.22565       9.116     9.30416    0.150326
     1.41421      12.312     9.54294    0.157957
     1.60278      13.624     9.60132    0.141546
     1.79134        8.93     9.79623    0.142057
      1.9799        9.28     9.63351    0.127317
     2.16846      11.208     8.81549    0.125942
     2.35702       4.904     7.57182    0.134169
     2.54558       3.326     5.79058    0.148431
     2.73415       4.444     5.13169    0.113148
     2.92271        3.91     3.81422   0.0804647
     3.11127       3.838     2.84354    0.078073
     3.29983       1.072     1.94072   0.0673503
     3.48839       2.474     1.31704   0.0540268
     3.67696        1.45     0.74084   0.0413922
     3.86552       0.148    0.480183    0.033844
     4.05408           0    0.269918   0.0244561
     4.24264           0    0.203333   0.0255599
      4.4312           0    0.118676   0.0178489
     4.61976           0    0.168402   0.0236391
     4.80833           0   0.0474338   0.0104848
     4.99689           0   0.0346849   0.0091239
     5.18545           0  0.00544292  0.00274975
     5.37401           0           0           0
     5.56257           0           0           0
   0.0942809       0.018   0.0961636    0.012205
    0.282843       0.062    0.802873   0.0424873
    0.471405       0.308     2.07895   0.0753041
    0.659966       2.018      3.9364   0.0883941
    0.848528       5.718     6.17185    0.124474
     1.03709        6.54     7.71357    0.115899
     1.22565      10.632     9.31019    0.149764
     1.41421        9.35     9.54206    0.157241
     1.60278      16.832     9.63419    0.144668
     1.79134       11.19     9.80256    0.141553
      1.9799      10.228     9.63621    0.126767
     2.16846       8.156     8.81249    0.125405
     2.35702       5.332     7.56164    0.133945
     2.54558        5.66     5.78999    0.147758
     2.73415       5.002      5.1311    0.112635
     2.92271       3.222     3.81153   0.0801439
     3.11127       2.122     2.84026    0.077787
     3.29983       1.778     1.93998   0.0670483
     3.48839       2.788     1.32373   0.0541933
     3.67696       0.044    0.737673   0.0413251
     3.86552           1    0.482545   0.0337726
     4.05408           0    0.268691   0.0243757
     4.24264           0    0.202409   0.0254605
      4.4312           0    0.118136   0.0177759
     4.61976           0    0.167636   0.0235441
     4.80833           0   0.0472182   0.0104393
     4.99689           0   0.0345273  0.00908379
     5.18545           0  0.00541818  0.00273737
     5.37401           0           0           0
     5.56257           0           0           0
   0.0942809           0   0.0957285   0.0121575
    0.282843       0.176    0.800036   0.0423896
    0.471405       2.716     2.08183   0.0750185
    0.659966       2.834     3.93141   0.0881347
    0.848528       3.764     6.16096    0.124386
     1.03709       4.008     7.69681    0.116581
     1.22565       9.678     9.31186    0.149095
     1.41421      11.874     9.55262    0.156883
     1.60278      12.612     9.64767    0.144639
     1.79134      11.612     9.81075    0.141149
      1.9799      10.446     9.63987    0.126247
     2.16846       9.534     8.81576     0.12488
     2.35702        6.53     7.55697     0.13342
     2.54558       6.876      5.7949    0.147171
     2.73415       6.622     5.13785    0.112327
     2.92271       1.964     3.80317   0.0802161
     3.11127       1.994     2.83643   0.0775292
     3.29983       2.164       1.941   0.0667525
     3.48839       1.596     1.32496   0.0539621
     3.67696       0.002    0.734344   0.0412719
     3.86552        0.67    0.483394   0.0336304
     4.05408       0.328    0.268959   0.0242669
     4.24264           0    0.201493   0.0253617
      4.4312           0    0.117602   0.0177035
     4.61976           0    0.166878   0.0234497
     4.80833           0   0.0470045   0.0103943
     4.99689           0    0.034371  0.00904403
     5.18545           0  0.00539367  0.00272509
     5.37401           0           0           0
     5.56257           0           0           0
   0.0942809       0.438   0.0972703   0.0122001
    0.282843       0.562    0.798964   0.0422122
    0.471405       2.872     2.08539    0.074765
    0.659966       1.956     3.92251   0.0881858
    0.848528       2.736     6.14553    0.124779
     1.03709       6.762     7.69259    0.116132
     1.22565      11.298      9.3208    0.148692
     1.41421      11.238     9.56021     0.15636
     1.60278       12.46     9.66033    0.144541
     1.79134       11.08     9.81647    0.140629
      1.9799       8.674     9.63552    0.125753
     2.16846       7.716      8.8108    0.124416
     2.35702        6.91     7.55405    0.132851
     2.54558        8.93     5.80903    0.147184
     2.73415       6.542     5.14417    0.111999
     2.92271        2.84     3.79883    0.079972
     3.11127       0.964       2.828   0.0776374
     3.29983       1.394     1.93853   0.0664973
     3.48839       1.262     1.32468   0.0537198
     3.67696       0.228    0.732063    0.041149
     3.86552         0.2    0.482117   0.0335031
     4.05408       0.018    0.267829   0.0241839
     4.24264       0.694    0.203712   0.0253443
      4.4312       0.226     0.11809   0.0176305
     4.61976           0    0.166126   0.0233561
     4.80833           0   0.0467928   0.0103496
     4.99689           0   0.0342162  0.00900462
     5.18545           0  0.00536937  0.00271292
     5.37401           0           0           0
     5.56257           0           0           0
   0.0942809           0   0.0968341   0.0121532
    0.282843       0.496    0.797605   0.0420448
    0.471405        2.21     2.08595   0.0744318
    0.659966       2.778     3.91738   0.0879396
    0.848528       6.264     6.14606    0.124221
     1.03709       8.022     7.69407     0.11562
     1.22565       9.422     9.32126    0.148026
     1.41421       9.048     9.55791    0.155676
     1.60278       12.16     9.67154    0.144327
     1.79134      11.504     9.82404    0.140201
      1.9799        8.85       9.632    0.125238
     2.16846       6.948     8.80245    0.124138
     2.35702       7.526     7.55393    0.132255
     2.54558        8.88      5.8228    0.147167
     2.73415       7.554     5.15498    0.112017
     2.92271       1.638     3.78914   0.0801983
     3.11127       0.402     2.81712   0.0780478
     3.29983       1.298     1.93566   0.0662611
     3.48839           1     1.32322   0.0534986
     3.67696           1    0.733265    0.040982
     3.86552           0    0.479955   0.0334226
     4.05408       0.484    0.268798   0.0240948
     4.24264       0.516    0.205112   0.0252693
      4.4312           0    0.117561   0.0175594
     4.61976           0    0.165381   0.0232633
     4.80833           0    0.046583   0.0103053
     4.99689           0   0.0340628  0.00896555
     5.18545           0  0.00534529  0.00270086
     5.37401           0           0           0
     5.56257           0           0           0
   0.0942809           0   0.0964018   0.0121066
    0.282843       0.066    0.794339   0.0419837
    0.471405       1.436     2.08304    0.074156
    0.659966       3.444     3.91527   0.0875724
    0.848528       5.998      6.1454    0.123668
     1.03709      13.094     7.71818     0.11759
     1.22565       9.786     9.32333     0.14738
     1.41421       7.602     9.54918    0.155225
     1.60278      11.226     9.67848     0.14385
     1.79134       9.178     9.82115    0.139605
      1.9799      13.602     9.64972    0.125927
     2.16846       6.504     8.79219    0.124007
     2.35702       3.232     7.53463    0.133065
     2.54558       6.388     5.82532    0.146531
     2.73415       6.972     5.16309     0.11181
     2.92271        1.69     3.77977   0.0803859
     3.11127       3.384     2.81965   0.0777404
     3.29983       1.552     1.93395   0.0659874
     3.48839       0.192     1.31817   0.0534976
     3.67696       0.892    0.733973   0.0408052
     3.86552       0.204    0.478723   0.0332961
     4.05408       1.558    0.274554   0.0246651
     4.24264           0    0.204196   0.0251731
      4.4312           0    0.117036   0.0174888
     4.61976           0    0.164643   0.0231711
     4.80833           0    0.046375   0.0102614
     4.99689           0   0.0339107  0.00892681
     5.18545           0  0.00532143  0.00268891
     5.37401           0           0           0
     5.56257           0           0           0
   0.0942809       0.044   0.0961689    0.012055
    0.282843       0.304     0.79216   0.0418537
    0.471405       3.598     2.08978   0.0741315
    0.659966       4.996     3.92007   0.0873148
    0.848528       4.106     6.13634     0.12345
     1.03709       9.002     7.72388    0.117206
     1.22565       9.492     9.32408    0.146727
     1.41421       9.052     9.54697    0.154551
     1.60278      12.772     9.69223    0.143866
     1.79134       9.116     9.81802     0.13902
      1.9799       11.01     9.65577    0.125512
     2.16846      10.572      8.8001    0.123708
     2.35702        4.35     7.52048    0.133224
     2.54558        1.15     5.80454    0.147346
     2.73415       5.238     5.16342    0.111314
     2.92271       3.308     3.77767    0.080056
     3.11127        2.74      2.8193   0.0773957
     3.29983       2.332     1.93572   0.0657179
     3.48839        2.47     1.32329   0.0535042
     3.67696       0.296    0.732027   0.0406702
     3.86552       0.486    0.478756   0.0331481
     4.05408       0.692    0.276409   0.0246251
     4.24264       0.874    0.207173   0.0252366
      4.4312           0    0.116516   0.0174189
     4.61976           0    0.163911   0.0230797
     4.80833           0   0.0461689   0.0102179
     4.99689           0     0.03376  0.00888841
     5.18545           0  0.00529778  0.00267707
     5.37401           0           0           0
     5.56257           0           0           0
   0.0942809           0   0.0957434   0.0120092
    0.282843       0.506    0.790894   0.0416876
    0.471405        3.71     2.09695   0.0741493
    0.659966       4.082     3.92079   0.0869314
    0.848528        4.42     6.12874    0.123137
     1.03709       6.142     7.71688    0.116896
     1.22565      10.442     9.32903    0.146161
     1.41421        6.84     9.53499    0.154331
     1.60278      11.924     9.70211    0.143568
     1.79134      14.126     9.83708    0.139706
      1.9799        9.77     9.65627    0.124958
     2.16846      11.052     8.81006    0.123561
     2.35702       5.554     7.51178    0.132918
     2.54558       3.592     5.79475    0.147019
     2.73415        2.87     5.15327    0.111283
     2.92271       3.876     3.77811   0.0797029
     3.11127        1.49     2.81342   0.0772764
     3.29983       2.122     1.93654   0.0654323
     3.48839       2.704      1.3294   0.0536151
     3.67696       0.286    0.730053   0.0405381
     3.86552       0.554    0.479088   0.0330031
     4.05408       0.848    0.278938   0.0246457
     4.24264       0.386    0.207965   0.0251374
      4.4312       0.556     0.11846     0.01745
     4.61976       0.012    0.163239   0.0229874
     4.80833       0.072   0.0462832   0.0101733
     4.99689       0.064   0.0338938  0.00885009
     5.18545           0  0.00527434  0.00266532
     5.37401           0           0           0
     5.56257           0           0           0
   0.0942809           0   0.0953216   0.0119637
    0.282843       0.118     0.78793   0.0416092
    0.471405       3.214     2.10187   0.0739858
    0.659966       2.372     3.91396   0.0868158
    0.848528       7.394     6.13432    0.122721
     1.03709       9.218      7.7235    0.116568
     1.22565        9.08     9.32793    0.145521
     1.41421        8.45     9.53021    0.153725
     1.60278       9.356     9.70058    0.142943
     1.79134      11.078     9.84255    0.139197
      1.9799      12.716     9.66975    0.125132
     2.16846       9.708     8.81402     0.12308
     2.35702       4.306     7.49766    0.133081
     2.54558       3.378     5.78411    0.146756
     2.73415       4.314     5.14958    0.110854
     2.92271       4.746     3.78237   0.0794658
     3.11127       2.292     2.81112   0.0769701
     3.29983       1.432     1.93432   0.0651817
     3.48839       1.378     1.32961   0.0533794
     3.67696       1.266    0.732414   0.0404282
     3.86552        0.65    0.479841   0.0328663
     4.05408       0.392    0.279436   0.0245422
     4.24264       0.142    0.207674   0.0250283
      4.4312           0    0.117938   0.0173809
     4.61976       0.522    0.164819   0.0229404
     4.80833       0.478    0.048185   0.0103047
     4.99689           0   0.0337445  0.00881236
     5.18545           0   0.0052511  0.00265368
     5.37401           0           0           0
     5.56257           0           0           0
   0.0942809        0.12   0.0954298   0.0119117
    0.282843       1.494    0.791026   0.0415418
    0.471405       3.108     2.10628   0.0737928
    0.659966       3.298     3.91126    0.086477
    0.848528       6.914     6.13774     0.12223
     1.03709       7.254     7.72144    0.116075
     1.22565      11.048     9.33547    0.145078
     1.41421         8.8     9.52701    0.153084
     1.60278       5.848     9.68368    0.143312
     1.79134      13.426     9.85826    0.139471
      1.9799        9.04     9.66699    0.124614
     2.16846       9.848     8.81855    0.122624
     2.35702       7.454     7.49746    0.132497
     2.54558       4.052     5.77651    0.146309
     2.73415       3.476     5.14224    0.110611
     2.92271       3.932     3.78303     0.07912
     3.11127       2.474     2.80964   0.0766467
     3.29983       1.472     1.93229   0.0649274
     3.48839         2.3     1.33387   0.0533147
     3.67696       1.078     0.73393   0.0402793
     3.86552       0.564    0.480211   0.0327242
     4.05408           0    0.278211   0.0244651
     4.24264           0    0.206763   0.0249351
      4.4312           0    0.117421   0.0173124
     4.61976           1    0.168482   0.0231304
     4.80833           0   0.0479737   0.0102617
     4.99689           0   0.0335965  0.00877495
     5.18545           0  0.00522807  0.00264214
     5.37401           0           0           0
     5.56257           0           0           0
   0.0942809        0.88   0.0988559   0.0123426
    0.282843        1.95    0.796087   0.0416676
    0.471405       4.988     2.11886   0.0745358
    0.659966       2.076     3.90325   0.0864699
    0.848528       5.806     6.13629    0.121705
     1.03709       8.012     7.72271    0.115575
     1.22565       6.808     9.32444    0.144864
     1.41421       9.018     9.52479    0.152432
     1.60278       9.862     9.68446    0.142688
     1.79134      12.644     9.87043    0.139391
      1.9799       9.512     9.66631    0.124072
     2.16846       5.754     8.80517    0.122817
     2.35702       7.714     7.49841    0.131922
     2.54558       4.528     5.77106    0.145772
     2.73415       3.226     5.13387    0.110444
     2.92271       5.154     3.78901   0.0790006
     3.11127       3.128     2.81103   0.0763246
     3.29983        3.28     1.93817     0.06491
     3.48839       1.686     1.33541    0.053104
     3.67696       0.476    0.732803   0.0401192
     3.86552       0.498    0.480288   0.0325814
     4.05408           0    0.276996   0.0243884
     4.24264           0     0.20586   0.0248426
      4.4312           0    0.116908   0.0172444
     4.61976       0.678    0.170707   0.0231361
     4.80833       0.322   0.0491703   0.0102864
     4.99689           0   0.0334498  0.00873786
     5.18545           0  0.00520524   0.0026307
     5.37401           0           0           0
     5.56257           0           0           0
   0.0942809       0.572    0.100913   0.0124592
    0.282843       1.768    0.800313   0.0417001
    0.471405       4.894     2.13093    0.075182
    0.659966        5.45     3.90997   0.0863551
    0.848528       5.456     6.13333    0.121212
     1.03709       5.394     7.71258    0.115515
     1.22565       6.708     9.31306     0.14468
     1.41421        6.83     9.51307    0.152219
     1.60278      10.576     9.68834     0.14212
     1.79134      13.216     9.88497    0.139542
      1.9799       9.512     9.66564    0.123534
     2.16846       8.114     8.80217    0.122319
     2.35702       6.286     7.49314    0.131454
     2.54558       3.502     5.76119    0.145472
     2.73415       6.066     5.13792    0.110038
     2.92271       3.666     3.78848    0.078659
     3.11127        5.15      2.8212   0.0766673
     3.29983       1.588     1.93665   0.0646457
     3.48839       2.252     1.33939   0.0530225
     3.67696           0    0.729617   0.0400711
     3.86552           0      0.4782   0.0325066
     4.05408           0    0.275791   0.0243121
     4.24264           0    0.204965   0.0247507
      4.4312           0      0.1164   0.0171769
     4.61976           1    0.174313   0.0233148
     4.80833           0   0.0489565   0.0102439
     4.99689           0   0.0333043  0.00870108
     5.18545           0  0.00518261  0.00261936
     5.37401           0           0           0
     5.56257           0           0           0
   0.0942809       0.196    0.101325    0.012412
    0.282843        1.55    0.803558   0.0416457
    0.471405        3.21      2.1356   0.0750015
    0.659966       5.776     3.91805   0.0863583
    0.848528       4.318     6.12547    0.120941
     1.03709       5.852     7.70453    0.115296
     1.22565      14.094     9.33376    0.145526
     1.41421       7.122     9.50272    0.151911
     1.60278        7.02     9.67679    0.141974
     1.79134      10.406     9.88723    0.138956
      1.9799       9.148      9.6634     0.12302
     2.16846      11.554     8.81408    0.122368
     2.35702       7.214     7.49193     0.13089
     2.54558       3.028     5.74936    0.145322
     2.73415       4.508     5.13519    0.109595
     2.92271       4.308     3.79073   0.0783506
     3.11127       2.642     2.82042   0.0763393
     3.29983       2.274     1.93811   0.0643823
     3.48839       1.712       1.341   0.0528175
     3.67696       0.942    0.730537   0.0399081
     3.86552       0.126    0.476675   0.0324016
     4.05408           0    0.274597   0.0242361
     4.24264           0    0.204078   0.0246594
      4.4312       0.864    0.119636   0.0174047
     4.61976       0.136    0.174147   0.0232145
     4.80833           0   0.0487446   0.0102018
     4.99689           0   0.0331602   0.0086646
     5.18545           0  0.00516017  0.00260812
     5.37401           0           0           0
     5.56257           0           0           0
   0.0942809           0    0.100888   0.0123662
    0.282843       1.146    0.805034   0.0414924
    0.471405       5.692     2.15093   0.0762287
    0.659966       3.888     3.91792   0.0859861
    0.848528       4.382     6.11796    0.120653
     1.03709       5.266     7.69402    0.115277
     1.22565       10.28     9.33784    0.144956
     1.41421      10.428     9.50671    0.151309
     1.60278      11.324     9.68389    0.141539
     1.79134      10.134     9.88829    0.138362
      1.9799       7.386     9.65359     0.12288
     2.16846       8.104     8.81102    0.121879
     2.35702       8.052     7.49434    0.130348
     2.54558        4.91     5.74574    0.144741
     2.73415       4.968     5.13447    0.109125
     2.92271        3.92     3.79128   0.0780149
     3.11127       1.596     2.81515   0.0761925
     3.29983       2.354     1.93991   0.0641298
     3.48839       1.654     1.34235    0.052607
     3.67696       1.516    0.733922   0.0398795
     3.86552           0    0.474621    0.032327
     4.05408           0    0.273414   0.0241606
     4.24264           0    0.203198   0.0245688
      4.4312           1    0.123431   0.0177386
     4.61976           0    0.173397   0.0231265
     4.80833           0   0.0485345     0.01016
     4.99689           0   0.0330172  0.00862844
     5.18545           0  0.00513793  0.00259697
     5.37401           0           0           0
     5.56257           0           0           0
   0.0942809       0.006    0.100481   0.0123199
    0.282843       1.968    0.810026   0.0416134
    0.471405       3.236     2.15559   0.0760436
    0.659966       3.124     3.91452   0.0856846
    0.848528       4.904     6.11275    0.120248
     1.03709       5.024     7.68256     0.11535
     1.22565      10.576     9.34315    0.144432
     1.41421       10.73     9.51196     0.15075
     1.60278      10.624     9.68792    0.140989
     1.79134        9.18     9.88525    0.137801
      1.9799       9.202     9.65165    0.122368
     2.16846       7.576     8.80572    0.121471
     2.35702       9.568     7.50324    0.130092
     2.54558       7.058     5.75137    0.144229
     2.73415        3.43     5.12716    0.108902
     2.92271       3.896     3.79173   0.0776813
     3.11127        1.09     2.80774   0.0762243
     3.29983       2.342     1.94163   0.0638777
     3.48839       1.584     1.34339   0.0523915
     3.67696       1.882     0.73885   0.0400116
     3.86552           0    0.472584   0.0322524
     4.05408           0     0.27224   0.0240853
     4.24264           0    0.202326   0.0244788
      4.4312       0.412     0.12467   0.0177056
     4.61976       0.588    0.175176   0.0230956
     4.80833           0   0.0483262   0.0101185
     4.99689           0   0.0328755  0.00859257
     5.18545           0  0.00511588  0.00258592
     5.37401           0           0           0
     5.56257           0           0           0
   0.0942809       0.282    0.101256   0.0122916
    0.282843       1.378    0.812453   0.0415063
    0.471405       2.598     2.15748   0.0757421
    0.659966       4.808     3.91833   0.0854034
    0.848528       4.366     6.10528    0.119966
     1.03709       3.768     7.66583    0.116064
     1.22565       6.504     9.33102    0.144323
     1.41421      12.846     9.52621    0.150778
     1.60278       9.404     9.68671    0.140392
     1.79134      10.632     9.88844    0.137249
      1.9799      10.184     9.65392    0.121867
     2.16846       8.798     8.80568    0.120952
     2.35702      10.252     7.51499    0.130066
     2.54558        7.29     5.75795    0.143763
     2.73415       5.466     5.12861    0.108446
     2.92271       3.964     3.79247   0.0773529
     3.11127       1.086     2.80038   0.0762529
     3.29983        2.22     1.94282   0.0636158
     3.48839       0.154     1.33831   0.0524135
     3.67696        0.58    0.738171   0.0398463
     3.86552        0.28    0.471761   0.0321251
     4.05408       0.124    0.271607   0.0239907
     4.24264       0.016     0.20153   0.0243872
      4.4312           1     0.12841   0.0180208
     4.61976           0    0.174427   0.0230091
     4.80833           0   0.0481197   0.0100774
     4.99689           0    0.032735    0.008557
     5.18545           0  0.00509402  0.00257496
     5.37401           0           0           0
     5.56257           0           0           0
   0.0942809       0.006    0.100851    0.012246
    0.282843       1.512     0.81543   0.0414363
    0.471405       3.886     2.16483   0.0757761
    0.659966       3.188     3.91523   0.0850965
    0.848528       4.202     6.09718    0.119728
     1.03709       6.182     7.65951    0.115742
     1.22565        7.04     9.32127    0.144038
     1.41421       10.65     9.53099    0.150212
     1.60278       10.99     9.69226    0.139904
     1.79134        7.83     9.87969    0.136944
      1.9799      10.036     9.65555    0.121359
     2.16846      10.362     8.81231    0.120619
     2.35702      10.212     7.52647    0.130018
     2.54558       6.688     5.76191    0.143205
     2.73415       6.108     5.13277    0.108065
     2.92271        3.68     3.79199   0.0770252
     3.11127        0.96     2.79255   0.0763295
     3.29983       2.512     1.94524   0.0633912
     3.48839        0.02      1.3327   0.0524899
     3.67696       0.022    0.735123   0.0397931
     3.86552       0.032    0.469889   0.0320428
     4.05408       0.536    0.272732    0.023915
     4.24264       0.232     0.20166   0.0242838
      4.4312       1.114    0.132604   0.0184257
     4.61976           0    0.173685   0.0229231
     4.80833           0   0.0479149   0.0100366
     4.99689           0   0.0325957  0.00852172
     5.18545           0  0.00507234   0.0025641
     5.37401           0           0           0
     5.56257           0           0           0
   0.0942809           0    0.100424   0.0122015
    0.282843       0.944    0.815975   0.0412643
    0.471405       3.674     2.17123   0.0757244
    0.659966       2.124     3.90764   0.0850738
    0.848528       2.796     6.08319    0.120035
     1.03709       3.346     7.64124    0.116686
     1.22565       9.528     9.32214     0.14343
     1.41421       9.752     9.53192    0.149579
     1.60278      12.648     9.70478    0.139871
     1.79134       9.696     9.87891    0.136366
      1.9799      10.294     9.65825    0.120875
     2.16846      11.662     8.82438    0.120711
     2.35702       11.82     7.54466    0.130733
     2.54558        8.04     5.77156    0.142923
     2.73415       4.208     5.12886    0.107678
     2.92271       1.698     3.78312   0.0772082
     3.11127       1.042     2.78514   0.0763656
     3.29983       1.816     1.94469    0.063125
     3.48839       0.756     1.33025   0.0523243
     3.67696       0.156    0.732669   0.0397001
     3.86552       0.294    0.469144   0.0319157
     4.05408       0.706    0.274568   0.0238841
     4.24264           0    0.200805   0.0241959
      4.4312           1     0.13628   0.0187106
     4.61976           0    0.172949   0.0228378
     4.80833           0   0.0477119  0.00999609
     4.99689           0   0.0324576  0.00848673
     5.18545           0  0.00505085  0.00255332
     5.37401           0           0           0
     5.56257           0           0           0
   0.0942809           0         0.1   0.0121574
    0.282843       0.162    0.813215   0.0411823
    0.471405       4.126     2.17948   0.0758527
    0.659966       2.244     3.90062   0.0850039
    0.848528        2.73     6.06905     0.12036
     1.03709       5.132     7.63065    0.116673
     1.22565      11.236     9.33022    0.143052
     1.41421      10.624     9.53653    0.149019
     1.60278       11.04     9.71041    0.139394
     1.79134       8.474     9.87298     0.13592
      1.9799      12.672     9.67097    0.121032
     2.16846       8.816     8.82435    0.120201
     2.35702      10.264     7.55614    0.130684
     2.54558       6.088     5.77289    0.142327
     2.73415       4.718     5.12712    0.107238
     2.92271       2.622     3.77822   0.0770377
     3.11127       1.654     2.78036   0.0761924
     3.29983       1.236      1.9417   0.0629294
     3.48839       1.918     1.33273   0.0521623
     3.67696       0.244    0.730608   0.0395861
     3.86552           1    0.471384   0.0318595
     4.05408           0    0.273409   0.0238114
     4.24264           0    0.199958   0.0241086
      4.4312           1    0.139924   0.0189832
     4.61976           0    0.172219   0.0227531
     4.80833           0   0.0475105  0.00995594
     4.99689           0   0.0323207  0.00845202
     5.18545           0  0.00502954  0.00254264
     5.37401           0           0           0
     5.56257           0           0           0
   0.0942809           0   0.0995798   0.0121136
    0.282843        0.78    0.813076   0.0410095
    0.471405       2.686     2.18161   0.0755639
    0.659966       2.582     3.89508   0.0848271
    0.848528        4.03     6.06048    0.120158
     1.03709       7.738      7.6311    0.116183
     1.22565       6.236     9.31722    0.143041
     1.41421       11.97     9.54676    0.148743
     1.60278      12.528     9.72225     0.13931
     1.79134         6.4     9.85839     0.13613
      1.9799      11.922     9.68043    0.120892
     2.16846      13.708     8.84487    0.121435
     2.35702        9.22     7.56313    0.130322
     2.54558       6.586     5.77631     0.14177
     2.73415       1.952     5.11378    0.107614
     2.92271       1.472     3.76853    0.077321
     3.11127       1.238     2.77388   0.0761474
     3.29983       1.342     1.93918   0.0627154
     3.48839       2.542     1.33782     0.05219
     3.67696       0.598     0.73005   0.0394237
     3.86552        1.23    0.474571   0.0318847
     4.05408        0.24    0.273269   0.0237117
     4.24264           0    0.199118    0.024022
      4.4312           1    0.143538   0.0192444
     4.61976           0    0.171496    0.022669
     4.80833           0   0.0473109  0.00991611
     4.99689           0   0.0321849   0.0084176
     5.18545           0   0.0050084  0.00253204
     5.37401           0           0           0
     5.56257           0           0           0
   0.0942809        0.01    0.099205   0.0120687
    0.282843       0.786    0.812962   0.0408381
    0.471405       1.758     2.17983   0.0752685
    0.659966       3.824     3.89478   0.0844727
    0.848528       2.818     6.04691    0.120419
     1.03709       8.346     7.63409    0.115736
     1.22565       8.462     9.31364    0.142487
     1.41421      11.896     9.55659    0.148445
     1.60278       8.868     9.71868    0.138773
     1.79134       9.646      9.8575    0.135563
      1.9799      15.026     9.70279    0.122438
     2.16846        9.83     8.84899    0.120997
     2.35702        7.55     7.56307    0.129777
     2.54558       7.238     5.78243    0.141308
     2.73415         2.9     5.10452    0.107561
     2.92271       1.036      3.7571   0.0778382
     3.11127       1.456     2.76837   0.0760282
     3.29983       1.068     1.93554   0.0625589
     3.48839       0.854     1.33579   0.0520108
     3.67696       1.738    0.734268   0.0394837
     3.86552       1.088    0.477138   0.0318545
     4.05408       0.056     0.27236   0.0236299
     4.24264       0.496     0.20036   0.0239535
      4.4312       0.738    0.146025   0.0193239
     4.61976       0.348    0.172234   0.0225862
     4.80833       0.164   0.0477992  0.00988663
     4.99689           0   0.0320502  0.00838346
     5.18545           0  0.00498745  0.00252153
     5.37401           0           0           0
     5.56257           0           0           0
   0.0942809           0   0.0987917   0.0120255
    0.282843        0.03      0.8097    0.040798
    0.471405        1.59     2.17738    0.074995
    0.659966       3.324      3.8924   0.0841542
    0.848528        4.58      6.0408    0.120072
     1.03709         5.8     7.62645    0.115505
     1.22565        10.3     9.31775    0.141952
     1.41421      11.296     9.56383    0.148003
     1.60278      12.632     9.73082    0.138725
     1.79134       10.19     9.85888    0.135005
      1.9799      11.194     9.70901    0.122085
     2.16846      12.684     8.86497    0.121543
     2.35702       7.014     7.56078    0.129256
     2.54558        6.11     5.78379    0.140726
     2.73415       2.386     5.09319    0.107708
     2.92271       2.228     3.75073   0.0777742
     3.11127       1.592     2.76347   0.0758692
     3.29983         0.4     1.92914   0.0626245
     3.48839       0.348     1.33167   0.0519567
     3.67696       0.306    0.732483   0.0393595
     3.86552        0.26    0.476233   0.0317346
     4.05408        0.84    0.274725   0.0236495
     4.24264       1.446     0.20555   0.0244096
      4.4312        0.86       0.149    0.019471
     4.61976        0.36    0.173017   0.0225056
     4.80833        0.23   0.0485583  0.00987454
     4.99689           0   0.0319167  0.00834959
     5.18545           0  0.00496667  0.00251111
     5.37401           0           0           0
     5.56257           0           0           0
   0.0942809       0.008   0.0984149   0.0119815
    0.282843       0.096    0.806739   0.0407361
    0.471405       2.892     2.18034   0.0747424
    0.659966       5.048      3.8972   0.0839415
    0.848528       4.408     6.03402    0.119765
     1.03709       5.816     7.61894     0.11527
     1.22565        9.52     9.31859    0.141366
     1.41421      10.016     9.56571    0.147401
     1.60278      11.578     9.73848    0.138361
     1.79134       8.664     9.85393    0.134536
      1.9799       14.48      9.7288    0.123173
     2.16846       9.406     8.86721     0.12106
     2.35702       7.296     7.55968    0.128725
     2.54558       4.824     5.77981    0.140199
     2.73415       4.388     5.09027    0.107301
     2.92271       2.242     3.74446    0.077703
     3.11127       1.472     2.75811   0.0757434
     3.29983        1.67     1.92807   0.0623739
     3.48839       0.056     1.32638   0.0520101
     3.67696       1.022    0.733685   0.0392145
     3.86552       0.098    0.474664   0.0316417
     4.05408       0.978    0.277643   0.0237308
     4.24264       1.022    0.208938   0.0245422
      4.4312       0.412    0.150091   0.0194208
     4.61976       0.588    0.174739    0.022478
     4.80833           0   0.0483568  0.00983562
     4.99689           0   0.0317842    0.008316
     5.18545           0  0.00494606  0.00250078
     5.37401           0           0           0
     5.56257           0           0           0
   0.0942809           0   0.0980083   0.0119389
    0.282843       0.372    0.804942   0.0406074
    0.471405       2.096     2.17999   0.0744344
    0.659966        4.76     3.90076   0.0836703
    0.848528        7.67     6.04079    0.119461
     1.03709       5.742     7.61118    0.115054
     1.22565       9.394      9.3189    0.140782
     1.41421      10.422     9.56925    0.146834
     1.60278       9.596     9.73789     0.13779
     1.79134       7.384     9.84372    0.134367
      1.9799       13.97     9.74633    0.123905
     2.16846       9.302     8.86901    0.120573
     2.35702       4.698     7.54786    0.128735
     2.54558       8.356     5.79045    0.140023
     2.73415       2.578     5.07988    0.107358
     2.92271       3.492     3.74342   0.0773889
     3.11127       1.972     2.75486   0.0755001
     3.29983       3.226     1.93343   0.0623463
     3.48839       0.478     1.32288   0.0519132
     3.67696       0.288    0.731843   0.0390957
     3.86552       0.086    0.473058   0.0315517
     4.05408       0.242    0.277496   0.0236332
     4.24264        0.82    0.211463   0.0245704
      4.4312       1.056    0.153835    0.019698
     4.61976           0    0.174017   0.0223967
     4.80833           0    0.048157  0.00979701
     4.99689           0   0.0316529  0.00828267
     5.18545           0  0.00492562  0.00249053
     5.37401           0           0           0
     5.56257           0           0           0
   0.0942809           0   0.0976049   0.0118966
    0.282843        1.06    0.805992   0.0404538
    0.471405       2.174     2.17997   0.0741281
    0.659966       2.296     3.89416   0.0835862
    0.848528       6.044      6.0408    0.118969
     1.03709        4.85     7.59982    0.115141
     1.22565      12.984     9.33398    0.141008
     1.41421      11.412     9.57683    0.146426
     1.60278         9.7     9.73774    0.137223
     1.79134       7.166      9.8327    0.134265
      1.9799      15.698     9.77082    0.125792
     2.16846      11.174     8.87849    0.120449
     2.35702       5.386     7.53896    0.128512
     2.54558       4.156     5.78373    0.139608
     2.73415       4.282      5.0766    0.106967
     2.92271        1.61     3.73464   0.0775668
     3.11127        3.15     2.75649   0.0752069
     3.29983       2.496     1.93574   0.0621327
     3.48839       0.362     1.31892   0.0518499
     3.67696           0    0.728831   0.0390506
     3.86552           0    0.471111   0.0314818
     4.05408           0    0.276354   0.0235635
     4.24264       1.008    0.214741   0.0246869
      4.4312       0.086    0.153556    0.019619
     4.61976       0.548    0.175556   0.0223574
     4.80833       0.358   0.0494321  0.00983932
     4.99689           0   0.0315226  0.00824961
     5.18545           0  0.00490535  0.00248036
     5.37401           0           0           0
     5.56257           0           0           0
   0.0942809           0   0.0972049   0.0118545
    0.282843       0.548    0.804934   0.0403018
    0.471405       2.492     2.18125   0.0738353
    0.659966       1.662     3.88501   0.0837428
    0.848528       6.506      6.0427    0.118497
     1.03709       5.724     7.59213    0.114925
     1.22565      11.714     9.34374    0.140767
     1.41421      12.592     9.58919    0.146346
     1.60278      11.902     9.74661    0.136947
     1.79134       9.492      9.8313    0.133722
      1.9799       9.358     9.76913    0.125288
     2.16846       8.356     8.87635    0.119975
     2.35702        7.52     7.53889    0.127985
     2.54558       7.578     5.79108    0.139229
     2.73415       4.812     5.07552    0.106534
     2.92271       0.592     3.72176    0.078311
     3.11127       1.586     2.75169   0.0750515
     3.29983        2.76     1.93912   0.0619698
     3.48839       0.504     1.31558   0.0517449
     3.67696       0.164    0.726516   0.0389591
     3.86552       0.142    0.469762   0.0313817
     4.05408       0.076    0.275533   0.0234812
     4.24264       1.016    0.218025   0.0248032
      4.4312       0.714    0.155852   0.0196725
     4.61976        0.19    0.175615   0.0222658
     4.80833           0   0.0492295  0.00980108
     4.99689           0   0.0313934  0.00821681
     5.18545           0  0.00488525  0.00247028
     5.37401           0           0           0
     5.56257           0           0           0
   0.0942809           0   0.0968082   0.0118128
    0.282843       0.034    0.801788     0.04026
    0.471405       1.314     2.17771   0.0736187
    0.659966       2.218      3.8782   0.0836769
    0.848528       7.822     6.04997    0.118236
     1.03709       8.614      7.5963    0.114532
     1.22565      14.046     9.36293    0.141495
     1.41421      10.342     9.59226    0.145781
     1.60278       7.632     9.73798     0.13666
     1.79134      13.948     9.84811    0.134228
      1.9799       7.324     9.75915    0.125174
     2.16846       8.636     8.87537    0.119489
     2.35702       6.448     7.53443     0.12754
     2.54558         4.5     5.78581    0.138761
     2.73415       4.846     5.07458    0.106103
     2.92271        1.57     3.71298   0.0784823
     3.11127       1.932     2.74834   0.0748197
     3.29983        2.97     1.94333   0.0618596
     3.48839       0.686     1.31301   0.0515974
     3.67696        0.23     0.72449   0.0388528
     3.86552       0.076    0.468155   0.0312947
     4.05408       1.264    0.279567   0.0237295
     4.24264       0.548    0.219371   0.0247385
      4.4312           1    0.159298   0.0198917
     4.61976           0    0.174898   0.0221865
     4.80833           0   0.0490286  0.00976313
     4.99689           0   0.0312653  0.00818427
     5.18545           0  0.00486531  0.00246028
     5.37401           0           0           0
     5.56257           0           0           0
   0.0942809       0.024   0.0965122   0.0117685
    0.282843       0.028    0.798642    0.040219
    0.471405       2.118     2.17746   0.0733199
    0.659966        1.72     3.86943   0.0837954
    0.848528       5.776     6.04885     0.11776
     1.03709       8.296     7.59915    0.114102
     1.22565      13.294     9.37891    0.141819
     1.41421      11.162     9.59864    0.145328
     1.60278       8.658     9.73359    0.136175
     1.79134      15.082     9.86938    0.135358
      1.9799       7.252     9.74896    0.125079
     2.16846       6.522      8.8658    0.119385
     2.35702       7.732     7.53524    0.127024
     2.54558       4.674     5.78129     0.13827
     2.73415       3.956     5.07003    0.105769
     2.92271       3.478     3.71202    0.078169
     3.11127       1.616     2.74374    0.074657
     3.29983       2.688     1.94636   0.0616821
     3.48839       1.014      1.3118    0.051402
     3.67696       0.504    0.723593   0.0387052
     3.86552       0.206    0.467089   0.0311856
     4.05408       1.018    0.282569   0.0238221
     4.24264       0.182     0.21922   0.0246384
      4.4312           1    0.162715   0.0201023
     4.61976           0    0.174187   0.0221077
     4.80833           0   0.0488293  0.00972548
     4.99689           0   0.0311382  0.00815199
     5.18545           0  0.00484553  0.00245035
     5.37401           0           0           0
     5.56257           0           0           0
   0.0942809           0   0.0961215   0.0117273
    0.282843        0.01    0.795449   0.0401827
    0.471405       0.674     2.17138   0.0732752
    0.659966       1.454     3.85965   0.0840249
    0.848528       4.038     6.04071    0.117565
     1.03709       9.694     7.60763    0.113954
     1.22565      10.044      9.3816    0.141271
     1.41421      12.986     9.61236    0.145385
     1.60278      13.028     9.74692    0.136275
     1.79134      13.936     9.88585    0.135807
      1.9799       8.716     9.74478    0.124643
     2.16846       5.982     8.85413    0.119472
     2.35702       7.204     7.53389    0.126517
     2.54558       4.666     5.77678    0.137784
     2.73415       3.334       5.063    0.105574
     2.92271       3.372     3.71065   0.0778647
     3.11127       2.304     2.74196    0.074376
     3.29983       2.652     1.94921   0.0614985
     3.48839        1.57     1.31284   0.0512045
     3.67696       0.142    0.721239     0.03862
     3.86552       0.194    0.465984    0.031079
     4.05408           1    0.285474   0.0239021
     4.24264           0    0.218332   0.0245547
      4.4312       0.902    0.165709   0.0202425
     4.61976       0.098    0.173879   0.0220203
     4.80833           0   0.0486316  0.00968811
     4.99689           0   0.0310121  0.00811996
     5.18545           0  0.00482591  0.00244051
     5.37401           0           0           0
     5.56257           0           0           0
   0.0942809           0   0.0957339   0.0116864
    0.282843       0.438    0.794008   0.0400465
    0.471405       1.138     2.16721   0.0730982
    0.659966       3.192     3.85696   0.0837292
    0.848528        5.94     6.04031    0.117091
     1.03709       8.122      7.6097    0.113514
     1.22565       9.008      9.3801    0.140709
     1.41421       7.076     9.60213    0.145158
     1.60278       13.76      9.7631    0.136683
     1.79134      13.826     9.90173    0.136186
      1.9799       9.644     9.74437    0.124141
     2.16846           9     8.85472    0.118991
     2.35702       7.916     7.53544    0.126016
     2.54558       4.618      5.7721    0.137308
     2.73415       2.776     5.05378     0.10555
     2.92271       5.448     3.71765   0.0778652
     3.11127       1.458     2.73678    0.074256
     3.29983        0.18     1.94208    0.061663
     3.48839        0.87     1.31106   0.0510292
     3.67696       0.874    0.721855   0.0384692
     3.86552       0.588    0.466476   0.0309576
     4.05408       0.448    0.286129   0.0238147
     4.24264        0.68    0.220194   0.0245261
      4.4312       0.928    0.168782   0.0203929
     4.61976       0.072    0.173468   0.0219354
     4.80833           0   0.0484355  0.00965103
     4.99689           0   0.0308871  0.00808818
     5.18545           0  0.00480645  0.00243075
     5.37401           0           0           0
     5.56257           0           0           0
   0.0942809           0   0.0953494   0.0116458
    0.282843       0.576    0.793133   0.0398953
    0.471405       0.994      2.1625   0.0729563
    0.659966       1.724     3.84839     0.08383
    0.848528        4.32      6.0334    0.116825
     1.03709       9.612     7.61774    0.113342
     1.22565      11.532     9.38874    0.140409
     1.41421       7.094     9.59206    0.144924
     1.60278       9.618     9.76252    0.136135
     1.79134      12.902     9.91378    0.136171
      1.9799       14.06      9.7617    0.124846
     2.16846      12.242     8.86832    0.119289
     2.35702       5.036      7.5254    0.125909
     2.54558       4.046     5.76517    0.136931
     2.73415       3.448     5.04733    0.105323
     2.92271       4.546     3.72098   0.0776235
     3.11127       0.556     2.72802   0.0744725
     3.29983       1.642     1.94088   0.0614271
     3.48839       1.836     1.31316   0.0508678
     3.67696       0.716    0.721831   0.0383147
     3.86552       0.526    0.466715   0.0308342
     4.05408       0.412    0.286635   0.0237244
     4.24264        0.02     0.21939   0.0244408
      4.4312       0.378    0.169622   0.0203283
     4.61976       0.164     0.17343   0.0218473
     4.80833           0    0.048241  0.00961423
     4.99689           0   0.0307631  0.00805665
     5.18545           0  0.00478715  0.00242106
     5.37401           0           0           0
     5.56257           0           0           0
   0.0942809           0    0.094968   0.0116055
    0.282843       0.796    0.793144   0.0397357
    0.471405       2.404     2.16346   0.0726709
    0.659966       2.034     3.84114   0.0838082
    0.848528       4.354     6.02668     0.11655
     1.03709       8.812     7.62252     0.11299
     1.22565      10.814     9.39444    0.139963
     1.41421      11.346     9.59907    0.144514
     1.60278       9.954     9.76329    0.135593
     1.79134      12.046     9.92231    0.135893
      1.9799      10.046     9.76284    0.124352
     2.16846       9.236     8.86979     0.11882
     2.35702       3.554     7.50951    0.126404
     2.54558       5.686     5.76486    0.136384
     2.73415       6.186     5.05189    0.105001
     2.92271       4.054     3.72231   0.0773245
     3.11127       0.562     2.71936   0.0746769
     3.29983       1.748      1.9401   0.0611862
     3.48839       1.568     1.31418   0.0506745
     3.67696       1.912    0.726592   0.0384561
     3.86552       0.512    0.466896   0.0307113
     4.05408        0.06    0.285728   0.0236468
     4.24264       0.316    0.219776   0.0243461
      4.4312           0    0.168944   0.0202583
     4.61976           0    0.172736   0.0217709
     4.80833           0    0.048048  0.00957771
     4.99689           0     0.03064  0.00802536
     5.18545           0    0.004768  0.00241145
     5.37401           0           0           0
     5.56257           0           0           0
   0.0942809           0   0.0945896   0.0115654
    0.282843       0.134    0.790518   0.0396641
    0.471405        3.58     2.16911   0.0726001
    0.659966       2.346     3.83518   0.0836857
    0.848528       4.494     6.02057    0.116246
     1.03709      11.152     7.63658    0.113411
     1.22565      12.194     9.40559    0.139849
     1.41421       6.304     9.58594    0.144534
     1.60278       14.22     9.78104     0.13621
     1.79134        8.43     9.91637    0.135482
      1.9799      10.926     9.76747    0.123943
     2.16846       5.494     8.85634    0.119106
     2.35702       7.232     7.50841    0.125905
     2.54558        5.66     5.76444    0.135841
     2.73415       3.692     5.04647    0.104722
     2.92271        3.21     3.72027   0.0770433
     3.11127       1.904     2.71611     0.07445
     3.29983       1.454     1.93817   0.0609731
     3.48839       1.752     1.31593   0.0505026
     3.67696       1.512    0.729721     0.03843
     3.86552        0.77    0.468104   0.0306127
     4.05408       1.034    0.288709   0.0237398
     4.24264       0.506    0.220916   0.0242758
      4.4312           0    0.168271   0.0201887
     4.61976           0    0.172048    0.021695
     4.80833           0   0.0478566  0.00954147
     4.99689           0   0.0305179  0.00799432
     5.18545           0    0.004749  0.00240192
     5.37401           0           0           0
     5.56257           0           0           0
   0.0942809       0.388    0.095754    0.011578
    0.282843       1.116     0.79181   0.0395277
    0.471405       1.628     2.16696   0.0723438
    0.659966       5.464     3.84164   0.0836029
    0.848528       5.994     6.02047    0.115785
     1.03709       9.608      7.6444     0.11323
     1.22565       9.228     9.40489    0.139296
     1.41421        6.74     9.57465    0.144401
     1.60278      15.742      9.8047    0.137708
     1.79134       8.162      9.9094    0.135123
      1.9799       8.468     9.76232    0.123558
     2.16846       8.324     8.85423    0.118652
     2.35702       6.868     7.50587    0.125431
     2.54558        5.58     5.76371    0.135304
     2.73415       3.188      5.0391    0.104566
     2.92271       3.272     3.71849   0.0767582
     3.11127       1.036     2.70944   0.0744525
     3.29983       2.378     1.93991   0.0607561
     3.48839       0.902     1.31429   0.0503289
     3.67696        2.57    0.737024   0.0389651
     3.86552       1.102    0.470619   0.0305944
     4.05408       0.034    0.287698   0.0236671
     4.24264        0.15    0.220635   0.0241811
      4.4312       0.058    0.167833   0.0201134
     4.61976           0    0.171365   0.0216197
     4.80833           0   0.0476667  0.00950549
     4.99689           0   0.0303968  0.00796351
     5.18545           0  0.00473016  0.00239246
     5.37401           0           0           0
     5.56257           0           0           0
   0.0942809       0.192   0.0961344   0.0115385
    0.282843       0.482    0.790585   0.0393904
    0.471405        1.34     2.16369   0.0721316
    0.659966       7.716     3.85696   0.0846633
    0.848528       8.536     6.03041    0.115753
     1.03709       7.786     7.64496    0.112784
     1.22565        9.16     9.40392    0.138749
     1.41421       6.928     9.56419    0.144208
     1.60278      11.434     9.81114    0.137315
     1.79134      10.832     9.91305    0.134638
      1.9799       7.392     9.75295    0.123425
     2.16846       8.548     8.85302    0.118189
     2.35702       4.368     7.49346    0.125547
     2.54558       4.648      5.7593    0.134841
     2.73415       4.686      5.0377    0.104162
     2.92271       5.322     3.72483    0.076716
     3.11127       3.216     2.71145   0.0741852
     3.29983       1.108     1.93662   0.0606049
     3.48839       0.822     1.31234   0.0501676
     3.67696       2.506    0.744016   0.0394335
     3.86552       0.936    0.472458   0.0305287
     4.05408       0.014    0.286617   0.0235982
     4.24264       0.028    0.219874   0.0240975
      4.4312           0     0.16717   0.0200448
     4.61976           0    0.170688   0.0215449
     4.80833           0   0.0474783  0.00946979
     4.99689           0   0.0302767  0.00793294
     5.18545           0  0.00471146  0.00238308
     5.37401           0           0           0
     5.56257           0           0           0
   0.0942809           0   0.0957559   0.0114992
    0.282843        0.06    0.787709   0.0393402
    0.471405       1.818     2.16233   0.0718605
    0.659966        6.15     3.86598     0.08481
    0.848528       7.552      6.0364    0.115452
     1.03709      10.452     7.65602     0.11288
     1.22565       9.498     9.40429    0.138203
     1.41421       8.174     9.55872    0.143744
     1.60278      12.052     9.81996    0.137057
     1.79134       9.026     9.90956    0.134153
      1.9799       3.718     9.72919    0.125205
     2.16846       7.396     8.84728    0.117863
     2.35702       6.706     7.49036    0.125091
     2.54558       4.146     5.75294     0.13446
     2.73415       7.562     5.04764    0.104225
     2.92271       4.814     3.72912   0.0765337
     3.11127       1.586     2.70702   0.0740253
     3.29983       3.898     1.94435   0.0608562
     3.48839        1.84     1.31442   0.0500131
     3.67696       0.282    0.742197   0.0393202
     3.86552        0.21    0.471425    0.030426
     4.05408        0.06    0.285724   0.0235222
     4.24264        0.97    0.222827   0.0241829
      4.4312        0.03     0.16663   0.0199732
     4.61976           0    0.170016   0.0214705
     4.80833           0   0.0472913  0.00943435
     4.99689           0   0.0301575   0.0079026
     5.18545           0  0.00469291  0.00237377
     5.37401           0           0           0
     5.56257           0           0           0
   0.0942809           0   0.0953804   0.0114603
    0.282843       0.086    0.784957   0.0392821
    0.471405        1.66     2.16036   0.0716057
    0.659966       4.936     3.87018   0.0845811
    0.848528        6.77     6.03928    0.115035
     1.03709       10.34     7.66654    0.112927
     1.22565      13.768      9.4214    0.138717
     1.41421      10.622     9.56289    0.143241
     1.60278       6.888     9.80846    0.137001
     1.79134      10.596     9.91225    0.133654
      1.9799       6.704     9.71733    0.125274
     2.16846       6.344     8.83747    0.117809
     2.35702       5.926     7.48423    0.124751
     2.54558       5.932     5.75365    0.133934
     2.73415        4.11     5.04396    0.103881
     2.92271        3.79     3.72936   0.0762339
     3.11127       2.682     2.70692   0.0737351
     3.29983       2.906     1.94812   0.0607343
     3.48839       1.178     1.31388   0.0498198
     3.67696       1.136    0.743741   0.0391963
     3.86552        0.43    0.471263   0.0303071
     4.05408       0.324    0.285875   0.0234304
     4.24264       0.872    0.225373   0.0242217
      4.4312           0    0.165976   0.0199055
     4.61976           0    0.169349   0.0213967
     4.80833           0   0.0471059  0.00939918
     4.99689           0   0.0300392   0.0078725
     5.18545           0  0.00467451  0.00236453
     5.37401           0           0           0
     5.56257           0           0           0
   0.0942809           0   0.0950078   0.0114216
    0.282843       0.256    0.782891   0.0391829
    0.471405       2.044     2.15991   0.0713274
    0.659966       3.592     3.86909   0.0842577
    0.848528       7.938      6.0467    0.114825
     1.03709       10.62     7.67808    0.113074
     1.22565        13.9      9.4389    0.139274
     1.41421      11.012     9.56855    0.142793
     1.60278       9.772     9.80832    0.136466
     1.79134        7.21      9.9017    0.133548
      1.9799        5.86     9.70226    0.125688
     2.16846       5.362     8.82389    0.118128
     2.35702       7.602     7.48469    0.124264
     2.54558       4.822     5.75001    0.133461
     2.73415       3.558     5.03816    0.103637
     2.92271       4.194     3.73117   0.0759578
     3.11127       2.536     2.70625   0.0734501
     3.29983        3.19     1.95297   0.0606905
     3.48839       1.504     1.31462   0.0496307
     3.67696        1.43    0.746422   0.0391347
     3.86552       0.598    0.471758   0.0301928
     4.05408       0.352    0.286133   0.0233403
     4.24264       0.648    0.227023   0.0241833
      4.4312           0    0.165328   0.0198383
     4.61976           0    0.168688   0.0213233
     4.80833           0   0.0469219  0.00936426
     4.99689           0   0.0299219  0.00784262
     5.18545           0  0.00465625  0.00235537
     5.37401           0           0           0
     5.56257           0           0           0
   0.0942809        0.33   0.0959222   0.0114137
    0.282843       2.128    0.788125   0.0393785
    0.471405       2.536     2.16137   0.0710649
    0.659966        5.63     3.87595    0.084208
    0.848528        9.87     6.06157    0.115338
     1.03709       6.982     7.67537    0.112667
     1.22565       9.994     9.44106    0.138749
     1.41421       9.898     9.56983    0.142244
     1.60278       9.398     9.80672    0.135944
     1.79134        7.77      9.8934    0.133286
      1.9799        7.23     9.69264    0.125566
     2.16846       5.972     8.81279    0.118189
     2.35702        6.42     7.48054     0.12385
     2.54558       4.712     5.74597    0.133002
     2.73415       4.344     5.03546    0.103269
     2.92271       4.824     3.73542   0.0757811
     3.11127       2.686     2.70617   0.0731643
     3.29983        1.51     1.95125   0.0604788
     3.48839       1.256      1.3144   0.0494381
     3.67696       1.554    0.749564   0.0391084
     3.86552       0.932    0.473549   0.0301284
     4.05408       0.728    0.287852   0.0233127
     4.24264       1.296    0.231183   0.0244443
      4.4312           0    0.164685   0.0197716
     4.61976           0    0.168031   0.0212504
     4.80833           0   0.0467393  0.00932961
     4.99689           0   0.0298054  0.00781297
     5.18545           0  0.00463813  0.00234627
     5.37401           0           0           0
     5.56257           0           0           0
   0.0942809       0.244   0.0964961   0.0113838
    0.282843       2.054    0.793031   0.0395303
    0.471405       2.834     2.16398   0.0708373
    0.659966       4.724     3.87923   0.0839457
    0.848528       8.378     6.07055     0.11524
     1.03709       5.818     7.66817     0.11246
     1.22565      13.808     9.45798    0.139239
     1.41421       8.478      9.5656    0.141755
     1.60278       9.938     9.80723    0.135418
     1.79134       5.366     9.87585    0.133919
      1.9799      12.184     9.70229    0.125451
     2.16846       6.766     8.80486    0.117997
     2.35702       3.916     7.46673    0.124138
     2.54558       4.398     5.74074    0.132589
     2.73415       5.946     5.03898    0.102929
     2.92271       3.176     3.73326   0.0755184
     3.11127       4.294     2.71233   0.0731391
     3.29983       1.064     1.94781   0.0603421
     3.48839       0.806     1.31243   0.0492858
     3.67696        1.23    0.751426   0.0390011
     3.86552       0.482    0.473581   0.0300116
     4.05408       1.838     0.29386   0.0239841
     4.24264        0.22     0.23114   0.0243495
      4.4312       0.038    0.164194    0.019701
     4.61976           0     0.16738    0.021178
     4.80833           0   0.0465581   0.0092952
     4.99689           0   0.0296899  0.00778354
     5.18545           0  0.00462016  0.00233725
     5.37401           0           0           0
     5.56257           0           0           0
   0.0942809       0.486       0.098   0.0114388
    0.282843       1.094    0.794193   0.0393948
    0.471405       2.896      2.1668   0.0706201
    0.659966       4.196     3.88046   0.0836305
    0.848528        9.85     6.08514    0.115715
     1.03709       7.028      7.6657    0.112053
     1.22565      11.356     9.46531    0.138894
     1.41421        9.69     9.56608    0.141209
     1.60278       8.278     9.80133    0.135024
     1.79134       6.638     9.86335    0.133984
      1.9799      12.082     9.71148    0.125302
     2.16846       7.782     8.80091    0.117607
     2.35702       3.402     7.45103    0.124647
     2.54558       6.668     5.74432    0.132126
     2.73415       2.844     5.03051     0.10288
     2.92271        2.35     3.72792   0.0754155
     3.11127       4.358     2.71868   0.0731322
     3.29983       1.948     1.94781   0.0601091
     3.48839       2.198     1.31585    0.049214
     3.67696       1.226    0.753259   0.0388936
     3.86552       0.028    0.471861    0.029945
     4.05408        1.03    0.296703   0.0240594
     4.24264       0.386    0.231737   0.0242629
      4.4312       0.186    0.164278   0.0196251
     4.61976           0    0.166734   0.0211061
     4.80833           0   0.0463784  0.00926105
     4.99689           0   0.0295753  0.00775433
     5.18545           0  0.00460232  0.00232829
     5.37401           0           0           0
     5.56257           0           0           0
   0.0942809        0.25   0.0985846   0.0114097
    0.282843       0.456    0.792892   0.0392647
    0.471405        2.73     2.16897   0.0703817
    0.659966       4.272     3.88196   0.0833224
    0.848528       7.512     6.09063      0.1154
     1.03709         9.3     7.67198    0.111798
     1.22565      11.572     9.47342    0.138596
     1.41421        9.32     9.56513    0.140669
     1.60278      10.896     9.80554    0.134571
     1.79134       6.488     9.85037    0.134097
      1.9799      10.092     9.71295    0.124829
     2.16846       8.832     8.80103    0.117155
     2.35702       5.498     7.44352    0.124394
     2.54558       3.598     5.73607    0.131875
     2.73415       3.734     5.02552    0.102605
     2.92271       3.376     3.72656   0.0751375
     3.11127        3.02     2.71984   0.0728601
     3.29983       1.754     1.94706   0.0598826
     3.48839       1.408      1.3162   0.0490259
     3.67696       2.592    0.760331   0.0393817
     3.86552         0.3      0.4712   0.0298371
     4.05408           1    0.299408   0.0241184
     4.24264           0    0.230846   0.0241859
      4.4312           0    0.163646   0.0195598
     4.61976           0    0.166092   0.0210347
     4.80833           0      0.0462  0.00922715
     4.99689           0   0.0294615  0.00772534
     5.18545           0  0.00458462   0.0023194
     5.37401           0           0           0
     5.56257           0           0           0
   0.0942809       0.026   0.0983065   0.0113694
    0.282843       1.334    0.794966    0.039169
    0.471405       2.348     2.16966   0.0701154
    0.659966       2.656     3.87726   0.0831355
    0.848528       5.128     6.08694    0.115017
     1.03709       9.268      7.6781    0.111537
     1.22565          11     9.47926    0.138189
     1.41421       8.202     9.55991    0.140227
     1.60278       13.36     9.81916    0.134742
     1.79134       6.708     9.83833    0.134122
      1.9799       11.99     9.72167    0.124655
     2.16846       8.678     8.80056    0.116707
     2.35702       6.592     7.44026     0.12396
     2.54558         3.9     5.72903    0.131558
     2.73415        5.24     5.02634    0.102215
     2.92271        4.17     3.72826   0.0748689
     3.11127       2.696     2.71975    0.072581
     3.29983       1.706     1.94614   0.0596602
     3.48839       0.624     1.31355   0.0489098
     3.67696       0.444    0.759119   0.0392494
     3.86552       0.222    0.470245   0.0297381
     4.05408       1.002      0.3021   0.0241758
     4.24264       0.468    0.231755   0.0241103
      4.4312       0.238    0.163931    0.019487
     4.61976           0    0.165456   0.0209637
     4.80833           0    0.046023   0.0091935
     4.99689           0   0.0293487  0.00769657
     5.18545           0  0.00456705  0.00231058
     5.37401           0           0           0
     5.56257           0           0           0
   0.0942809       0.214   0.0987481   0.0113346
    0.282843       0.338    0.793221   0.0390583
    0.471405       1.954     2.16883   0.0698526
    0.659966       3.718     3.87666   0.0828204
    0.848528       8.368     6.09565    0.114907
     1.03709        7.01     7.67555     0.11114
     1.22565       7.536     9.47185     0.13786
     1.41421      10.134      9.5621    0.139709
     1.60278      13.674     9.83387    0.135029
     1.79134      12.354     9.84793    0.133954
      1.9799       9.724     9.72168    0.124179
     2.16846       6.902     8.79331    0.116486
     2.35702       5.042     7.43111    0.123824
     2.54558       3.404     5.72016    0.131354
     2.73415        4.06     5.02266    0.101891
     2.92271        3.87      3.7288   0.0745851
     3.11127       5.218     2.72928   0.0729276
     3.29983       0.404     1.94025   0.0597222
     3.48839       0.936     1.31211   0.0487443
     3.67696       1.108     0.76045   0.0391222
     3.86552        0.78    0.471427   0.0296481
     4.05408       0.628    0.303344   0.0241155
     4.24264       0.446    0.232573   0.0240322
      4.4312       0.178    0.163985   0.0194127
     4.61976           0    0.164824   0.0208932
     4.80833           0   0.0458473  0.00916008
     4.99689           0   0.0292366  0.00766801
     5.18545           0  0.00454962  0.00230183
     5.37401           0           0           0
     5.56257           0           0           0
   0.0942809       0.136   0.0988897   0.0112924
    0.282843       1.014    0.794061   0.0389188
    0.471405        1.71     2.16709   0.0696088
    0.659966       3.362      3.8747   0.0825286
    0.848528       9.254     6.10766    0.115096
     1.03709       4.782     7.66455    0.111261
     1.22565       7.134     9.46296    0.137622
     1.41421       8.488     9.55802    0.139237
     1.60278      14.166     9.85034    0.135516
     1.79134      13.022        9.86    0.133987
      1.9799      10.194     9.72348     0.12372
     2.16846       8.718     8.79303    0.116044
     2.35702       6.648     7.42813    0.123389
     2.54558       3.642     5.71226    0.131092
     2.73415       4.264     5.01977    0.101545
     2.92271       3.068     3.72629   0.0743438
     3.11127        2.58     2.72871   0.0726525
     3.29983        2.55     1.94257   0.0595401
     3.48839        2.21     1.31552   0.0486784
     3.67696       0.056    0.757772   0.0390651
     3.86552       0.002    0.469643    0.029589
     4.05408           1    0.305992   0.0241688
     4.24264           0    0.231688    0.023957
      4.4312           0    0.163361   0.0193489
     4.61976           0    0.164198   0.0208232
     4.80833           0    0.045673  0.00912691
     4.99689           0   0.0291255  0.00763966
     5.18545           0  0.00453232  0.00229314
     5.37401           0           0           0
     5.56257           0           0           0
   0.0942809       0.018   0.0985833   0.0112537
    0.282843        1.44    0.796508   0.0388482
    0.471405       2.116     2.16689   0.0693454
    0.659966       2.368     3.86899   0.0824131
    0.848528        7.96     6.11467    0.114873
     1.03709        5.44     7.65612    0.111158
     1.22565       9.252     9.46216    0.137103
     1.41421       7.496      9.5502    0.138929
     1.60278      12.444     9.86017    0.135359
     1.79134      14.638      9.8781    0.134696
      1.9799        8.66     9.71945    0.123317
     2.16846       7.854     8.78947    0.115659
     2.35702       7.868      7.4298    0.122933
     2.54558       4.916     5.70924     0.13063
     2.73415        4.31     5.01708    0.101196
     2.92271       3.486     3.72538   0.0740677
     3.11127        2.25      2.7269      0.0724
     3.29983        1.97     1.94267   0.0593147
     3.48839       1.006     1.31435   0.0485081
     3.67696       0.886    0.758258   0.0389201
     3.86552       0.314    0.469053   0.0294828
     4.05408       1.308    0.309788   0.0243735
     4.24264           0    0.230811   0.0238824
      4.4312           0    0.162742   0.0192855
     4.61976           0    0.163576   0.0207536
     4.80833           0      0.0455  0.00909398
     4.99689           0   0.0290152  0.00761151
     5.18545           0  0.00451515  0.00228452
     5.37401           0           0           0
     5.56257           0           0           0
   0.0942809        0.75    0.101042   0.0114766
    0.282843       2.032     0.80117   0.0389804
    0.471405       1.778     2.16543   0.0690992
    0.659966         1.3      3.8593   0.0826703
    0.848528       8.438     6.12344    0.114774
     1.03709         7.1     7.65402    0.110758
     1.22565       9.456     9.46214    0.136586
     1.41421       9.804     9.55116    0.138408
     1.60278       9.456     9.85864    0.134857
     1.79134      11.806     9.88537    0.134384
      1.9799        8.14     9.71349    0.122996
     2.16846       8.754     8.78934    0.115222
     2.35702        9.59     7.43795    0.122739
     2.54558       3.758     5.70188    0.130345
     2.73415       5.562     5.01914    0.100835
     2.92271       2.952     3.72246   0.0738457
     3.11127       2.186     2.72486   0.0721555
     3.29983       0.872     1.93863   0.0592283
     3.48839       2.776     1.31986   0.0486377
     3.67696       0.342    0.756687   0.0388049
     3.86552       0.048    0.467464   0.0294143
     4.05408       0.982    0.312325   0.0244131
     4.24264       0.118    0.230385    0.023796
      4.4312           0    0.162128   0.0192225
     4.61976           0    0.162958   0.0206845
     4.80833           0   0.0453283  0.00906129
     4.99689           0   0.0289057  0.00758358
     5.18545           0  0.00449811  0.00227596
     5.37401           0           0           0
     5.56257           0           0           0
   0.0942809        0.01    0.100699   0.0114386
    0.282843       1.438    0.803564   0.0389073
    0.471405       1.434     2.16268   0.0688942
    0.659966       2.026     3.85241   0.0826463
    0.848528      10.496     6.13988    0.115514
     1.03709       6.238      7.6487     0.11047
     1.22565      10.334     9.46541    0.136112
     1.41421       8.364      9.5467    0.137959
     1.60278      14.756     9.87705    0.135601
     1.79134       8.744     9.88108    0.133947
      1.9799       7.266     9.70429    0.122877
     2.16846       8.046     8.78654    0.114823
     2.35702       5.558     7.43088    0.122481
     2.54558        5.59     5.70146    0.129856
     2.73415       5.296     5.02018    0.100461
     2.92271       3.718     3.72244   0.0735681
     3.11127       3.394     2.72738   0.0719281
     3.29983       2.944     1.94241   0.0591261
     3.48839       1.348     1.31997   0.0484549
     3.67696       0.708    0.756504   0.0386595
     3.86552       0.292    0.466805   0.0293112
     4.05408           0     0.31115   0.0243496
     4.24264           0    0.229519   0.0237223
      4.4312           0    0.161519   0.0191599
     4.61976           0    0.162346   0.0206158
     4.80833           0   0.0451579  0.00902882
     4.99689           0    0.028797  0.00755585
     5.18545           0   0.0044812  0.00226747
     5.37401           0           0           0
     5.56257           0           0           0
   0.0942809           0    0.100322   0.0114019
    0.282843       0.582    0.802734   0.0387704
    0.471405       2.212     2.16286   0.0686364
    0.659966         4.4     3.85446   0.0823622
    0.848528      10.536     6.15634    0.116249
     1.03709        7.48     7.64807    0.110058
     1.22565       7.032      9.4563    0.135907
     1.41421       9.588     9.54685    0.137443
     1.60278      15.904     9.89963    0.136959
     1.79134       9.222     9.87861    0.133468
      1.9799        5.08     9.68697    0.123631
     2.16846       7.822     8.78293     0.11445
     2.35702       6.306     7.42667    0.122095
     2.54558       4.408     5.69661     0.12946
     2.73415       3.522     5.01457    0.100241
     2.92271       3.436     3.72137   0.0733004
     3.11127       4.372     2.73354    0.071922
     3.29983       3.698     1.94899   0.0592691
     3.48839       0.496     1.31688   0.0483716
     3.67696       1.844    0.760577   0.0387286
     3.86552       0.024    0.465146   0.0292483
     4.05408       0.036     0.31012   0.0242802
     4.24264           0    0.228659   0.0236491
      4.4312           0    0.160914   0.0190976
     4.61976           0    0.161738   0.0205475
     4.80833           0   0.0449888  0.00899659
     4.99689           0   0.0286891  0.00752832
     5.18545           0  0.00446442  0.00225904
     5.37401           0           0           0
     5.56257           0           0           0
   0.0942809       0.038     0.10009   0.0113618
    0.282843       0.526    0.801701   0.0386395
    0.471405       2.698     2.16486   0.0684093
    0.659966        2.82      3.8506   0.0821453
    0.848528       8.708     6.16587    0.116204
     1.03709       11.41      7.6621    0.110539
     1.22565        7.09     9.44747    0.135686
     1.41421       8.664     9.54356    0.136969
     1.60278      13.126     9.91166    0.136976
     1.79134      10.384      9.8805    0.132984
      1.9799       5.528     9.67145     0.12414
     2.16846       8.448     8.78168    0.114029
     2.35702       10.16     7.43687    0.122064
     2.54558         1.9     5.68245    0.129749
     2.73415        3.75     5.00985   0.0999784
     2.92271       2.184     3.71563    0.073251
     3.11127       3.756     2.73735   0.0717547
     3.29983       3.014     1.95296    0.059181
     3.48839       1.096     1.31606   0.0481981
     3.67696       1.444    0.763127    0.038668
     3.86552       0.836     0.46653   0.0291718
     4.05408        0.36    0.310306   0.0241903
     4.24264        0.06     0.22803   0.0235692
      4.4312           0    0.160313   0.0190358
     4.61976           0    0.161134   0.0204797
     4.80833           0   0.0448209  0.00896459
     4.99689           0   0.0285821  0.00750099
     5.18545           0  0.00444776  0.00225067
     5.37401           0           0           0
     5.56257           0           0           0
   0.0942809           0   0.0997175   0.0113256
    0.282843           0    0.798721   0.0386106
    0.471405       2.424     2.16582   0.0681618
    0.659966        2.34     3.84498   0.0820316
    0.848528       7.308     6.17011     0.11585
     1.03709       13.77     7.68481    0.112435
     1.22565       7.594     9.44058    0.135357
     1.41421        5.51     9.52857    0.137278
     1.60278      12.132     9.91992    0.136715
     1.79134      13.594      9.8943    0.133204
      1.9799       7.598     9.66374    0.123918
     2.16846       7.396     8.77653    0.113722
     2.35702       7.732     7.43796    0.121616
     2.54558       5.276     5.68094    0.129276
     2.73415        4.47     5.00784   0.0996269
     2.92271       2.838     3.71237   0.0730513
     3.11127       2.772     2.73748   0.0714881
     3.29983       1.254     1.95036    0.059018
     3.48839       1.282     1.31593   0.0480191
     3.67696       0.018    0.760357   0.0386233
     3.86552        2.17    0.472862   0.0297428
     4.05408       0.352    0.310461   0.0241009
     4.24264        0.17    0.227814   0.0234826
      4.4312           0    0.159717   0.0189744
     4.61976           0    0.160535   0.0204123
     4.80833           0   0.0446543  0.00893281
     4.99689           0   0.0284758  0.00747386
     5.18545           0  0.00443123  0.00224237
     5.37401           0           0           0
     5.56257           0           0           0
   0.0942809        0.28    0.100385   0.0113033
    0.282843       0.288     0.79683   0.0385139
    0.471405       1.716     2.16416   0.0679297
    0.659966       3.822      3.8449   0.0817279
    0.848528        5.96     6.16933    0.115423
     1.03709      10.286     7.69444    0.112431
     1.22565       9.676     9.44145    0.134858
     1.41421       8.588     9.52508    0.136814
     1.60278      11.454      9.9256    0.136327
     1.79134      11.356     9.89972    0.132821
      1.9799       9.184     9.66196    0.123471
     2.16846       5.632     8.76488    0.113895
     2.35702       7.048     7.43652    0.121174
     2.54558       6.946     5.68562    0.128882
     2.73415       3.804     5.00339   0.0993576
     2.92271       5.194     3.71786   0.0729866
     3.11127       2.132     2.73524   0.0712585
     3.29983       1.264     1.94782   0.0588542
     3.48839       1.228     1.31561   0.0478424
     3.67696       0.048    0.757719   0.0385703
     3.86552       1.042     0.47497   0.0297072
     4.05408       0.494    0.311141   0.0240212
     4.24264       0.432     0.22857   0.0234078
      4.4312       0.126    0.159593   0.0189045
     4.61976           0    0.159941   0.0203454
     4.80833           0   0.0444889  0.00890126
     4.99689           0   0.0283704  0.00744692
     5.18545           0  0.00441481  0.00223412
     5.37401           0           0           0
     5.56257           0           0           0
   0.0942809       0.006    0.100037    0.011267
    0.282843       0.084    0.794199   0.0384615
    0.471405       1.824      2.1629   0.0676906
    0.659966       2.292     3.83917   0.0816269
    0.848528       6.102     6.16908    0.114997
     1.03709       9.014     7.69931    0.112122
     1.22565      10.988     9.44716    0.134481
     1.41421      10.812     9.52983    0.136392
     1.60278        7.75     9.91757     0.13606
     1.79134      14.806     9.91782    0.133559
      1.9799       7.282     9.65318    0.123328
     2.16846       6.456     8.75636    0.113793
     2.35702        7.89     7.43819    0.120738
     2.54558       8.548     5.69618    0.128838
     2.73415       4.272     5.00069   0.0990277
     2.92271        4.26     3.71986   0.0727447
     3.11127       2.988     2.73617   0.0710016
     3.29983       0.456     1.94232   0.0588939
     3.48839       0.998     1.31444   0.0476802
     3.67696       0.156    0.755498   0.0384918
     3.86552       0.016    0.473277   0.0296459
     4.05408           1    0.313683   0.0240667
     4.24264           0    0.227727   0.0233366
      4.4312           0    0.159004   0.0188439
     4.61976           0    0.159351   0.0202789
     4.80833           0   0.0443247  0.00886992
     4.99689           0   0.0282657  0.00742018
     5.18545           0  0.00439852  0.00222594
     5.37401           0           0           0
     5.56257           0           0           0
   0.0942809           0   0.0996691   0.0112316
    0.282843       0.114    0.791699   0.0384013
    0.471405       1.482      2.1604    0.067488
    0.659966       2.896      3.8357   0.0814004
    0.848528       5.826     6.16782    0.114582
     1.03709        9.55     7.70612    0.111916
     1.22565       9.974      9.4491    0.134001
     1.41421         9.7     9.53046    0.135892
     1.60278      10.402     9.91935    0.135571
     1.79134      12.656     9.92789    0.133447
      1.9799       8.448     9.64875    0.122954
     2.16846       8.224      8.7544    0.113392
     2.35702       9.348     7.44521    0.120498
     2.54558       4.558       5.692    0.128433
     2.73415       4.752     4.99977   0.0986678
     2.92271        2.14     3.71405   0.0727087
     3.11127       4.214      2.7416   0.0709482
     3.29983       1.704     1.94144   0.0586839
     3.48839        0.84     1.31269   0.0475368
     3.67696       0.166    0.753331   0.0384113
     3.86552       0.034    0.471662   0.0295808
     4.05408       0.064    0.312765   0.0239957
     4.24264        0.11    0.227294   0.0232548
      4.4312       0.008    0.158449   0.0187828
     4.61976       0.008    0.158794   0.0202119
     4.80833        0.01   0.0441985  0.00883821
     4.99689       0.386   0.0295809  0.00750855
     5.18545       0.282  0.00541912  0.00244053
     5.37401       0.104 0.000382353 0.000381649
     5.56257           0           0           0
   0.0942809           0    0.099304   0.0111964
    0.282843       0.084    0.789106   0.0383481
    0.471405       0.606      2.1547   0.0674806
    0.659966       5.038      3.8401   0.0812213
    0.848528       5.454     6.16521    0.114192
     1.03709        7.86     7.70668    0.111507
     1.22565       8.434     9.44538    0.133561
     1.41421      11.614     9.53809    0.135608
     1.60278       11.04     9.92346    0.135137
     1.79134      10.632     9.93047    0.132983
      1.9799       9.994     9.65001     0.12251
     2.16846       8.234      8.7525    0.112992
     2.35702       8.468     7.44896    0.120115
     2.54558       5.926     5.69286    0.127965
     2.73415       4.032     4.99623     0.09837
     2.92271       3.646      3.7138   0.0724428
     3.11127       2.708     2.74148   0.0706884
     3.29983        1.69     1.94052   0.0584761
     3.48839       0.744     1.31061   0.0474083
     3.67696       0.666    0.753011   0.0382719
     3.86552        0.13     0.47041   0.0294989
     4.05408           0    0.311619   0.0239351
     4.24264           0    0.226462   0.0231845
      4.4312           0    0.157868    0.018723
     4.61976           0    0.158212   0.0201463
     4.80833           0   0.0440366  0.00880732
     4.99689       0.874    0.032674   0.0080931
     5.18545       0.126  0.00586081  0.00247124
     5.37401           0 0.000380952 0.000380254
     5.56257           0           0           0
   0.0942809       0.048   0.0991168   0.0111571
    0.282843       0.322    0.787401    0.038246
    0.471405       1.282     2.15152   0.0673094
    0.659966       4.582     3.84281     0.08097
    0.848528       6.382       6.166    0.113778
     1.03709       3.976     7.69307    0.111928
     1.22565       9.796     9.44666     0.13308
     1.41421      12.948     9.55053    0.135683
     1.60278       7.514     9.91466    0.134929
     1.79134      12.254     9.93895    0.132767
      1.9799      12.152     9.65915    0.122403
     2.16846      10.036     8.75718    0.112677
     2.35702       7.858     7.45045    0.119686
     2.54558       7.196     5.69834    0.127616
     2.73415       2.966     4.98882   0.0982897
     2.92271        1.93     3.70729   0.0724704
     3.11127       1.258     2.73607   0.0706375
     3.29983       2.254     1.94166   0.0582739
     3.48839       1.216     1.31026   0.0472365
     3.67696        0.92     0.75362   0.0381371
     3.86552        0.11    0.469095   0.0294206
     4.05408           0    0.310482   0.0238748
     4.24264           0    0.225635   0.0231146
      4.4312           0    0.157292   0.0186635
     4.61976           0    0.157635    0.020081
     4.80833           0   0.0438759  0.00877664
     4.99689       0.296    0.033635  0.00812043
     5.18545       0.532  0.00778102  0.00312031
     5.37401       0.146 0.000912409 0.000651885
     5.56257       0.026 9.48905e-05 9.47172e-05
   0.0942809           0   0.0987564   0.0111223
    0.282843       0.442    0.786145   0.0381275
    0.471405       1.928     2.15071   0.0670696
    0.659966       3.086     3.84006   0.0807223
    0.848528       8.804     6.17559    0.113768
     1.03709       2.544     7.67434    0.113077
     1.22565      13.898     9.46284    0.133577
     1.41421      10.776     9.55499    0.135263
     1.60278      10.108     9.91537     0.13444
     1.79134      10.352     9.94045    0.132293
      1.9799       10.59     9.66253    0.122004
     2.16846       8.046      8.7546    0.112297
     2.35702       9.166     7.45669    0.119413
     2.54558       5.396     5.69724    0.127156
     2.73415       3.452     4.98323    0.098091
     2.92271        3.81     3.70767   0.0722078
     3.11127       0.762     2.72889   0.0707444
     3.29983       1.392     1.93967   0.0580963
     3.48839        0.29     1.30655   0.0472102
     3.67696       2.072    0.758415   0.0382985
     3.86552       0.086    0.467702   0.0293466
     4.05408           0    0.309353   0.0238146
     4.24264           0    0.224815   0.0230451
      4.4312           0     0.15672   0.0186044
     4.61976           0    0.157062   0.0200162
     4.80833           0   0.0437164  0.00874618
     4.99689           0   0.0335127  0.00809182
     5.18545       0.352  0.00903273  0.00335063
     5.37401       0.648  0.00326545  0.00243692
     5.56257           0 9.45455e-05 9.43734e-05
   0.0942809           0   0.0983986   0.0110878
    0.282843           1     0.78692   0.0379973
    0.471405       1.802     2.14944   0.0668385
    0.659966       2.358     3.83469   0.0806083
    0.848528        9.55     6.18782     0.11401
     1.03709       6.774     7.67108    0.112714
     1.22565      10.904     9.46807    0.133195
     1.41421      10.712     9.55918    0.134838
     1.60278       10.11     9.91607    0.133955
     1.79134       7.602     9.93198    0.132085
      1.9799      12.498      9.6728    0.121994
     2.16846        6.51     8.74646    0.112184
     2.35702       7.568     7.45709    0.118981
     2.54558       6.848     5.70141    0.126764
     2.73415       1.682     4.97127   0.0984622
     2.92271       3.888     3.70832   0.0719491
     3.11127       1.944     2.72604   0.0705452
     3.29983       3.342     1.94475   0.0581075
     3.48839       0.402     1.30328   0.0471528
     3.67696       0.412    0.757159   0.0381803
     3.86552        0.55       0.468   0.0292417
     4.05408       0.358    0.309529    0.023729
     4.24264       0.272    0.224986   0.0229623
      4.4312       0.124    0.156601   0.0185374
     4.61976       0.006    0.156514   0.0199511
     4.80833       0.008    0.043587  0.00871545
     4.99689        0.01   0.0334275  0.00806295
     5.18545       0.014  0.00905072  0.00333853
     5.37401       0.752  0.00597826  0.00363707
     5.56257           0 9.42029e-05 9.40321e-05
   0.0942809           0   0.0980433   0.0110534
    0.282843       0.618     0.78631    0.037865
    0.471405       2.898     2.15214   0.0666518
    0.659966        4.37     3.83662   0.0803404
    0.848528       3.882     6.17949    0.113902
     1.03709       8.502     7.67408    0.112347
     1.22565      11.538     9.47554    0.132924
     1.41421      12.276     9.56899    0.134707
     1.60278        8.08     9.90944    0.133635
     1.79134      10.276     9.93322    0.131614
      1.9799       8.646      9.6691     0.12161
     2.16846       5.732     8.73558    0.112306
     2.35702       8.192     7.45975    0.118581
     2.54558        5.91     5.70217    0.126308
     2.73415       2.216     4.96132   0.0986078
     2.92271       5.186     3.71365   0.0718869
     3.11127       2.716     2.72601   0.0702906
     3.29983        4.12      1.9526    0.058426
     3.48839       0.676     1.30101   0.0470369
     3.67696       1.166    0.758635    0.038071
     3.86552       0.644    0.468635   0.0291431
     4.05408       0.216    0.309191   0.0236457
     4.24264       0.118    0.224599   0.0228826
      4.4312       0.022    0.156116   0.0184768
     4.61976           0    0.155949   0.0198871
     4.80833           0   0.0434296   0.0086854
     4.99689           0   0.0333069  0.00803474
     5.18545           0  0.00901805  0.00332664
     5.37401           0  0.00595668    0.003624
     5.56257           0 9.38628e-05 9.36932e-05
   0.0942809        0.01   0.0977266   0.0110182
    0.282843       0.052    0.783669   0.0378208
    0.471405         0.5      2.1462   0.0666764
    0.659966       5.218     3.84159   0.0802049
    0.848528       5.666     6.17765    0.113508
     1.03709       8.204     7.67599    0.111959
     1.22565       9.238     9.47468    0.132448
     1.41421       9.948     9.57035    0.134229
     1.60278      11.362     9.91467    0.133257
     1.79134      11.778     9.93986    0.131308
      1.9799       7.766     9.66225    0.121365
     2.16846       6.424     8.72727    0.112209
     2.35702        6.68     7.45694    0.118188
     2.54558       8.338     5.71165    0.126209
     2.73415       4.086     4.95817   0.0983034
     2.92271       5.468     3.71996   0.0719048
     3.11127       2.452     2.72502   0.0700446
     3.29983       2.238     1.95363   0.0582249
     3.48839       0.682     1.29878   0.0469204
     3.67696       0.874     0.75905   0.0379363
     3.86552       1.016    0.470604   0.0291047
     4.05408           0    0.308079   0.0235868
     4.24264           0    0.223791   0.0228146
      4.4312           0    0.155554   0.0184189
     4.61976           0    0.155388   0.0198235
     4.80833           0   0.0432734  0.00865557
     4.99689           0   0.0331871  0.00800674
     5.18545           0  0.00898561  0.00331483
     5.37401           0  0.00593525  0.00361103
     5.56257           0 9.35252e-05 9.33568e-05
   0.0942809           0   0.0973763   0.0109843
    0.282843       0.072    0.781118   0.0377712
    0.471405        2.55     2.14765   0.0664532
    0.659966       2.976     3.83849   0.0799775
    0.848528       5.628     6.17568    0.113118
     1.03709       7.264     7.67451    0.111567
     1.22565       6.076      9.4625    0.132532
     1.41421       8.984     9.56825    0.133765
     1.60278      12.708     9.92468    0.133155
     1.79134        9.84      9.9395    0.130837
      1.9799       8.122     9.65673    0.121056
     2.16846        9.89     8.73143    0.111885
     2.35702      11.036     7.46977    0.118458
     2.54558       7.798     5.71913    0.125978
     2.73415        4.58     4.95682   0.0979604
     2.92271       5.234     3.72539   0.0718515
     3.11127       1.482     2.72057   0.0699351
     3.29983       1.618     1.95242   0.0580286
     3.48839       0.732     1.29675   0.0467962
     3.67696       0.362    0.757627    0.037827
     3.86552       1.048    0.472674   0.0290739
     4.05408           0    0.306975   0.0235281
     4.24264           0    0.222989   0.0227469
      4.4312           0    0.154996   0.0183613
     4.61976           0    0.154832   0.0197603
     4.80833           0   0.0431183  0.00862593
     4.99689           0   0.0330681  0.00797892
     5.18545           0  0.00895341  0.00330311
     5.37401           0  0.00591398  0.00359815
     5.56257           0   9.319e-05 9.30228e-05
   0.0942809           0   0.0970286   0.0109506
    0.282843       0.242    0.779193   0.0376853
    0.471405       2.326     2.14829   0.0662189
    0.659966       2.404     3.83336   0.0798557
    0.848528       6.138     6.17554    0.112714
     1.03709        6.28     7.66953     0.11128
     1.22565        8.83     9.46024    0.132078
     1.41421      12.808     9.57982    0.133787
     1.60278       8.908     9.92105    0.132729
     1.79134       7.832     9.93197    0.130586
      1.9799       8.002     9.65082    0.120767
     2.16846       8.652     8.73115    0.111485
     2.35702       12.61     7.48813    0.119449
     2.54558       9.348     5.73209    0.126193
     2.73415       4.238     4.95425   0.0976442
     2.92271       4.464     3.72803   0.0716433
     3.11127       2.294     2.71904   0.0697019
     3.29983       1.282     1.95003   0.0578707
     3.48839        0.38     1.29348   0.0467435
     3.67696       0.074    0.755186   0.0377707
     3.86552       0.812    0.473886   0.0289953
     4.05408       0.076     0.30615   0.0234585
     4.24264           0    0.222193   0.0226796
      4.4312           0    0.154443   0.0183041
     4.61976           0    0.154279   0.0196974
     4.80833           0   0.0429643   0.0085965
     4.99689           0     0.03295   0.0079513
     5.18545           0  0.00892143  0.00329147
     5.37401           0  0.00589286  0.00358536
     5.56257           0 9.28571e-05 9.26912e-05
   0.0942809           0   0.0966833    0.010917
    0.282843        0.28    0.777416    0.037593
    0.471405       2.128     2.14821   0.0659833
    0.659966       3.854     3.83344   0.0795716
    0.848528       4.932     6.17112      0.1124
     1.03709       9.774     7.67702    0.111136
     1.22565      10.182     9.46281    0.131633
     1.41421       8.764     9.57692    0.133342
     1.60278       8.598     9.91634     0.13234
     1.79134       9.898     9.93185    0.130122
      1.9799       6.652     9.64015    0.120808
     2.16846       7.336     8.72619    0.111199
     2.35702       9.716     7.49606    0.119287
     2.54558      10.296     5.74833    0.126785
     2.73415        6.26      4.9589   0.0974072
     2.92271       3.004     3.72545   0.0714347
     3.11127       1.974     2.71639   0.0695043
     3.29983       1.846     1.94966    0.057666
     3.48839       1.758     1.29513   0.0466063
     3.67696       0.322    0.753644   0.0376677
     3.86552       0.152     0.47274   0.0289147
     4.05408       0.274    0.306036   0.0233753
     4.24264           0    0.221402   0.0226127
      4.4312           0    0.153893   0.0182472
     4.61976           0     0.15373    0.019635
     4.80833           0   0.0428114  0.00856727
     4.99689           0   0.0328327  0.00792387
     5.18545           0  0.00888968  0.00327991
     5.37401           0  0.00587189  0.00357266
     5.56257           0 9.25267e-05 9.23619e-05
   0.0942809       0.114   0.0967447   0.0108785
    0.282843        0.66       0.777    0.037462
    0.471405       2.762     2.15039   0.0657852
    0.659966       3.222     3.83127    0.079319
    0.848528       6.676     6.17291    0.112015
     1.03709       6.156     7.67162    0.110872
     1.22565       7.262     9.45501    0.131398
     1.41421       9.806     9.57773    0.132872
     1.60278      11.802     9.92303    0.132039
     1.79134       7.832      9.9244    0.129873
      1.9799       8.136     9.63482    0.120498
     2.16846       10.56     8.73269    0.110995
     2.35702      11.376     7.50982    0.119655
     2.54558       6.786     5.75201    0.126389
     2.73415       5.326      4.9602   0.0970705
     2.92271        1.74     3.71841   0.0715275
     3.11127       1.714     2.71284   0.0693487
     3.29983        2.86     1.95289   0.0575518
     3.48839       2.494     1.29938   0.0466345
     3.67696       0.568    0.752986   0.0375399
     3.86552       0.148    0.471589   0.0288351
     4.05408           0     0.30495   0.0233176
     4.24264           0    0.220617   0.0225461
      4.4312           0    0.153348   0.0181906
     4.61976           0    0.153184   0.0195729
     4.80833           0   0.0426596  0.00853823
     4.99689           0   0.0327163  0.00789662
     5.18545           0  0.00885816  0.00326843
     5.37401           0  0.00585106  0.00356005
     5.56257           0 9.21986e-05  9.2035e-05
   0.0942809       0.332    0.097576   0.0108718
    0.282843       0.804    0.777095   0.0373298
    0.471405        1.63     2.14855   0.0655784
    0.659966       3.566     3.83033   0.0790442
    0.848528       4.606     6.16737    0.111756
     1.03709       8.242     7.67364    0.110499
     1.22565       9.868     9.45647    0.130942
     1.41421      10.852     9.58223    0.132478
     1.60278        10.7     9.92577    0.131601
     1.79134       9.482     9.92284    0.129424
      1.9799       7.684     9.62792    0.120269
     2.16846       8.156     8.73065    0.110621
     2.35702       9.552     7.51703     0.11945
     2.54558        7.12     5.75684    0.126035
     2.73415       5.698     4.96281   0.0967625
     2.92271        0.79     3.70806   0.0720193
     3.11127        3.59     2.71594   0.0691728
     3.29983        1.76      1.9522   0.0573524
     3.48839       1.944     1.30166   0.0465254
     3.67696        0.83    0.753258   0.0374082
     3.86552       0.732    0.472509   0.0287479
     4.05408       0.062    0.304092    0.023251
     4.24264           0    0.219837   0.0224799
      4.4312           0    0.152806   0.0181344
     4.61976           0    0.152643   0.0195112
     4.80833           0   0.0425088  0.00850939
     4.99689           0   0.0326007  0.00786957
     5.18545           0  0.00882686  0.00325703
     5.37401           0  0.00583039  0.00354753
     5.56257           0 9.18728e-05 9.17103e-05
   0.0942809       0.014   0.0972817   0.0108375
    0.282843       0.674    0.776732   0.0372001
    0.471405       0.602     2.14311   0.0655732
    0.659966       3.854     3.83042   0.0787659
    0.848528       5.944     6.16658    0.111366
     1.03709       8.104     7.67515     0.11012
     1.22565       9.138     9.45535    0.130485
     1.41421       14.53     9.59965    0.133152
     1.60278       9.828     9.92543    0.131138
     1.79134       6.386     9.91039    0.129566
      1.9799       9.902     9.62889    0.119849
     2.16846       9.684     8.73401    0.110283
     2.35702        7.96     7.51859    0.119039
     2.54558       6.792     5.76049    0.125644
     2.73415       2.618     4.95455   0.0967734
     2.92271       1.356     3.69978   0.0722404
     3.11127        5.06     2.72419   0.0694199
     3.29983       1.574     1.95087   0.0571659
     3.48839       2.846      1.3071   0.0466782
     3.67696       0.744    0.753225   0.0372765
     3.86552       0.254    0.471739   0.0286569
     4.05408       0.136      0.3035   0.0231767
     4.24264           0    0.219063   0.0224141
      4.4312           0    0.152268   0.0180786
     4.61976           0    0.152106   0.0194499
     4.80833           0   0.0423592  0.00848074
     4.99689           0   0.0324859  0.00784269
     5.18545           0  0.00879577  0.00324571
     5.37401           0  0.00580986   0.0035351
     5.56257           0 9.15493e-05  9.1388e-05
   0.0942809           0   0.0969404   0.0108048
    0.282843       0.776     0.77673   0.0370696
    0.471405        0.51     2.13738    0.065593
    0.659966       4.622     3.83319   0.0785385
    0.848528       6.304     6.16707    0.110976
     1.03709       9.426      7.6813    0.109905
     1.22565       11.86     9.46378      0.1303
     1.41421      13.516      9.6134    0.133392
     1.60278         9.3     9.92324    0.130697
     1.79134       7.896     9.90332    0.129304
      1.9799       7.978     9.62309    0.119569
     2.16846        7.84     8.73087     0.10994
     2.35702       6.384     7.51461    0.118688
     2.54558       5.452      5.7594    0.125207
     2.73415       2.212     4.94493   0.0969111
     2.92271       2.036     3.69394   0.0722224
     3.11127       5.502     2.73394   0.0698572
     3.29983       3.898     1.95771   0.0573722
     3.48839       2.002     1.30954   0.0465781
     3.67696        0.43    0.752091    0.037163
     3.86552       0.012    0.470126   0.0286018
     4.05408       0.012    0.302477   0.0231179
     4.24264       0.016    0.218351   0.0223467
      4.4312       0.016    0.151789   0.0180215
     4.61976           0    0.151572    0.019389
     4.80833           0   0.0422105  0.00845229
     4.99689           0   0.0323719    0.007816
     5.18545           0  0.00876491  0.00323447
     5.37401           0  0.00578947  0.00352276
     5.56257           0 9.12281e-05 9.10679e-05
   0.0942809       0.188   0.0972587   0.0107717
    0.282843       1.468    0.779147   0.0370187
    0.471405       2.468     2.13853   0.0653739
    0.659966       3.618     3.83244   0.0782675
    0.848528        8.35      6.1747     0.11085
     1.03709       7.116     7.67932    0.109539
     1.22565      15.942     9.48643    0.131798
     1.41421      10.156     9.61529    0.132939
     1.60278       9.168     9.92059    0.130266
     1.79134       7.692     9.89559    0.129083
      1.9799       9.354     9.62215    0.119154
     2.16846       6.708      8.7238    0.109783
     2.35702       3.172     7.49943     0.11924
     2.54558       5.404     5.75816    0.124776
     2.73415       3.412     4.93957   0.0967203
     2.92271       2.728     3.69057   0.0720488
     3.11127       4.266     2.73929   0.0698181
     3.29983       2.808     1.96068   0.0572485
     3.48839       2.418     1.31341   0.0465762
     3.67696        0.52     0.75128   0.0370419
     3.86552       0.044    0.468636   0.0285405
     4.05408           0     0.30142   0.0230613
     4.24264           0    0.217587   0.0222816
      4.4312       0.314    0.152357   0.0179674
     4.61976       0.686    0.153441   0.0194111
     4.80833           0   0.0420629  0.00842402
     4.99689           0   0.0322587  0.00778949
     5.18545           0  0.00873427   0.0032233
     5.37401           0  0.00576923   0.0035105
     5.56257           0 9.09091e-05   9.075e-05
   0.0942809        0.21   0.0976516   0.0107414
    0.282843       2.006    0.783422   0.0371357
    0.471405       1.356      2.1358   0.0652029
    0.659966       3.988     3.83298   0.0779967
    0.848528       6.274     6.17505    0.110464
     1.03709         8.5     7.68218    0.109194
     1.22565      11.806     9.49452    0.131587
     1.41421      14.106     9.63094    0.133394
     1.60278       11.35     9.92557    0.129908
     1.79134       8.624     9.89116    0.128709
      1.9799       7.808     9.61583    0.118907
     2.16846       6.706     8.71677    0.109625
     2.35702       2.254     7.48115    0.120217
     2.54558       6.418     5.76046    0.124362
     2.73415       4.556     4.93823   0.0963926
     2.92271       3.182     3.68879   0.0718195
     3.11127       2.846     2.73967   0.0695758
     3.29983       0.884     1.95693   0.0571719
     3.48839       2.514      1.3176   0.0466014
     3.67696       0.622    0.750829   0.0369155
     3.86552       0.132    0.467463   0.0284652
     4.05408       0.606    0.302481   0.0230053
     4.24264       0.252    0.217707   0.0222043
      4.4312       0.056    0.152021   0.0179079
     4.61976       0.608    0.155024   0.0194079
     4.80833       0.336   0.0430871   0.0084567
     4.99689           0   0.0321463  0.00776316
     5.18545           0  0.00870383  0.00321221
     5.37401           0  0.00574913  0.00349832
     5.56257           0 9.05923e-05 9.04344e-05
   0.0942809       0.592   0.0993681   0.0108403
    0.282843       0.958    0.784028   0.0370117
    0.471405       0.256     2.12928   0.0653024
    0.659966       5.798     3.83981   0.0780237
    0.848528       7.632      6.1801    0.110197
     1.03709        8.88     7.68634    0.108894
     1.22565      14.584     9.51219    0.132311
     1.41421      10.218     9.63298    0.132946
     1.60278      12.264     9.93369     0.12971
     1.79134       8.178     9.88521    0.128399
      1.9799       5.286      9.6008     0.11944
     2.16846        4.03     8.70049    0.110446
     2.35702       4.476     7.47072    0.120252
     2.54558       5.356     5.75906    0.123938
     2.73415        6.15     4.94244   0.0961496
     2.92271       3.126     3.68684   0.0715967
     3.11127       4.364     2.74531   0.0695624
     3.29983       1.132     1.95406    0.057045
     3.48839       1.828     1.31937   0.0464733
     3.67696       1.164    0.752264   0.0368152
     3.86552       0.046       0.466   0.0284039
     4.05408       0.142    0.301924   0.0229322
     4.24264       0.676    0.219299   0.0221842
      4.4312        0.71    0.153958   0.0179502
     4.61976       0.154    0.155021   0.0193405
     4.80833           0   0.0429375  0.00842866
     4.99689           0   0.0320347  0.00773701
     5.18545           0  0.00867361   0.0032012
     5.37401           0  0.00572917  0.00348623
     5.56257           0 9.02778e-05 9.01209e-05
   0.0942809       0.836    0.101917   0.0110984
    0.282843         0.6    0.783391   0.0368891
    0.471405        0.45     2.12347   0.0653344
    0.659966       3.702     3.83933   0.0777552
    0.848528        6.61     6.18159    0.109825
     1.03709       7.856     7.68693    0.108519
     1.22565      15.912     9.53433    0.133694
     1.41421       9.214     9.63153    0.132494
     1.60278      13.282     9.94528    0.129778
     1.79134       7.596     9.87729    0.128199
      1.9799       7.822     9.59464    0.119186
     2.16846       2.342     8.67849    0.112234
     2.35702       7.116     7.46949    0.119842
     2.54558       5.724     5.75893     0.12351
     2.73415       4.874      4.9422   0.0958172
     2.92271       5.142     3.69188   0.0715258
     3.11127       4.642     2.75187   0.0696307
     3.29983       1.306     1.95182   0.0568917
     3.48839       0.842     1.31772   0.0463418
     3.67696       0.752    0.752263   0.0366878
     3.86552       0.746    0.466969   0.0283222
     4.05408       0.372    0.302166   0.0228541
     4.24264       0.262    0.219446   0.0221079
      4.4312           0    0.153426    0.017896
     4.61976           0    0.154484   0.0192811
     4.80833           0   0.0427889  0.00840081
     4.99689           0   0.0319239  0.00771103
     5.18545           0   0.0086436  0.00319027
     5.37401           0  0.00570934  0.00347423
     5.56257           0 8.99654e-05 8.98096e-05
   0.0942809           0    0.101566   0.0110657
    0.282843       1.506    0.785883    0.036846
    0.471405       1.578     2.12159   0.0651362
    0.659966       3.504     3.83817   0.0774957
    0.848528        7.52     6.18621    0.109543
     1.03709       7.652     7.68681    0.108145
     1.22565      13.228     9.54707    0.133838
     1.41421       8.068     9.62614    0.132147
     1.60278       12.77     9.95502    0.129695
     1.79134       8.852     9.87375    0.127806
      1.9799       9.368     9.59386    0.118777
     2.16846        4.64     8.66457    0.112708
     2.35702        6.44     7.46594    0.119481
     2.54558       4.984     5.75626    0.123113
     2.73415       5.458     4.94398   0.0955033
     2.92271       3.906     3.69261    0.071283
     3.11127       3.656     2.75499   0.0694603
     3.29983       1.882     1.95158    0.056696
     3.48839       0.226     1.31395   0.0463347
     3.67696       1.326    0.754241   0.0366146
     3.86552       1.436     0.47031   0.0284209
     4.05408           0    0.301124   0.0227991
     4.24264           0     0.21869   0.0220446
      4.4312           0    0.152897   0.0178421
     4.61976           0    0.153952   0.0192219
     4.80833           0   0.0426414  0.00837313
     4.99689           0   0.0318138  0.00768523
     5.18545           0  0.00861379  0.00317941
     5.37401           0  0.00568966   0.0034623
     5.56257           0 8.96552e-05 8.95005e-05
   0.0942809           0    0.101216   0.0110332
    0.282843       1.242     0.78745   0.0367527
    0.471405       3.692     2.12698   0.0651356
    0.659966       2.996     3.83528   0.0772834
    0.848528       4.938     6.18192    0.109251
     1.03709       7.832     7.68731    0.107774
     1.22565      11.602     9.55413    0.133564
     1.41421       9.886     9.62703    0.131696
     1.60278      10.018     9.95524     0.12925
     1.79134       7.772     9.86653    0.127571
      1.9799      12.794     9.60486    0.118877
     2.16846       7.774     8.66151    0.112362
     2.35702       5.824      7.4603    0.119204
     2.54558       3.372     5.74807    0.122962
     2.73415       6.194     4.94827   0.0952717
     2.92271       2.886     3.68984   0.0710919
     3.11127        4.37     2.76054    0.069443
     3.29983       2.196     1.95242   0.0565074
     3.48839       1.982     1.31625   0.0462323
     3.67696        0.33    0.752784   0.0365178
     3.86552         0.3    0.469725   0.0283293
     4.05408           0    0.300089   0.0227442
     4.24264           0    0.217938   0.0219817
      4.4312           0    0.152371   0.0177885
     4.61976           0    0.153423   0.0191631
     4.80833           0   0.0424948  0.00834564
     4.99689           0   0.0317045   0.0076596
     5.18545           0  0.00858419  0.00316862
     5.37401           0   0.0056701  0.00345046
     5.56257           0 8.93471e-05 8.91934e-05
   0.0942809       0.024    0.100952   0.0109986
    0.282843       0.034     0.78487   0.0367173
    0.471405       2.732     2.12905   0.0649454
    0.659966       4.952      3.8391   0.0771133
    0.848528       5.024     6.17795    0.108949
     1.03709       11.16      7.6992     0.10806
     1.22565      10.876     9.55866    0.133184
     1.41421       8.072     9.62171    0.131353
     1.60278       9.532     9.95379    0.128815
     1.79134        8.55     9.86202    0.127213
      1.9799      11.858     9.61258     0.11872
     2.16846       5.382     8.65027    0.112537
     2.35702        5.05     7.45204    0.119081
     2.54558       4.746     5.74464    0.122589
     2.73415        5.72     4.95092   0.0949821
     2.92271       3.876     3.69048   0.0708513
     3.11127        4.73     2.76728   0.0695319
     3.29983        3.01     1.95604   0.0564299
     3.48839       1.478      1.3168   0.0460773
     3.67696       0.536    0.752041   0.0364003
     3.86552       0.364    0.469363   0.0282346
     4.05408       0.294    0.300068   0.0226663
     4.24264           0    0.217192   0.0219191
      4.4312           0    0.151849   0.0177353
     4.61976           0    0.152897   0.0191047
     4.80833           0   0.0423493  0.00831833
     4.99689           0   0.0315959  0.00763414
     5.18545           0  0.00855479   0.0031579
     5.37401           0  0.00565068   0.0034387
     5.56257           0 8.90411e-05 8.88885e-05
   0.0942809       0.714    0.103044   0.0111583
    0.282843       0.456    0.783747   0.0366091
    0.471405       1.484     2.12685   0.0647611
    0.659966       4.648     3.84186   0.0768995
    0.848528       4.524     6.17231    0.108723
     1.03709       6.694     7.69577    0.107745
     1.22565      16.074     9.58089    0.134573
     1.41421       8.824     9.61898    0.130932
     1.60278       10.58     9.95592    0.128393
     1.79134       8.694     9.85803    0.126842
      1.9799       9.446     9.61201    0.118316
     2.16846       9.506     8.65319    0.112191
     2.35702       4.526     7.44205    0.119093
     2.54558       4.588     5.74069    0.122234
     2.73415       4.484     4.94932   0.0946713
     2.92271       2.928     3.68788   0.0706573
     3.11127       5.354     2.77611   0.0698528
     3.29983       2.288     1.95717   0.0562487
     3.48839       0.426     1.31376   0.0460202
     3.67696       0.804    0.752218   0.0362765
     3.86552       0.166    0.468328   0.0281572
     4.05408        0.65    0.301263   0.0226204
     4.24264       0.142    0.216935   0.0218458
      4.4312           0    0.151331   0.0176823
     4.61976           0    0.152375   0.0190466
     4.80833           0   0.0422048  0.00829119
     4.99689           0   0.0314881  0.00760884
     5.18545           0   0.0085256  0.00314726
     5.37401           0   0.0056314  0.00342702
     5.56257           0 8.87372e-05 8.85856e-05
   0.0942809       0.206    0.103395   0.0111258
    0.282843       0.666    0.783347   0.0364868
    0.471405       1.596     2.12505    0.064566
    0.659966         4.5      3.8441   0.0766705
    0.848528       3.264     6.16241    0.108802
     1.03709      10.116       7.704    0.107693
     1.22565      12.538     9.59095     0.13449
     1.41421       9.064      9.6171    0.130501
     1.60278       9.918      9.9558    0.127957
     1.79134       9.514     9.85686    0.126416
      1.9799       10.82     9.61612    0.117985
     2.16846       8.616     8.65307    0.111809
     2.35702       3.882     7.42995    0.119302
     2.54558       4.406     5.73615    0.121902
     2.73415         4.4     4.94746   0.0943677
     2.92271       5.242     3.69316   0.0706144
     3.11127       6.148     2.78758   0.0705505
     3.29983         1.7      1.9563   0.0560641
     3.48839       1.404     1.31407   0.0458647
     3.67696           0     0.74966   0.0362432
     3.86552           0    0.466735   0.0281065
     4.05408           0    0.300238   0.0225666
     4.24264           0    0.216197   0.0217839
      4.4312           0    0.150816   0.0176297
     4.61976           0    0.151857   0.0189889
     4.80833           0   0.0420612  0.00826424
     4.99689           0    0.031381  0.00758372
     5.18545           0   0.0084966  0.00313669
     5.37401           0  0.00561224  0.00341541
     5.56257           0 8.84354e-05 8.82848e-05
   0.0942809           0    0.103044   0.0110936
    0.282843       0.014    0.780739   0.0364562
    0.471405       1.592     2.12324   0.0643724
    0.659966       4.112     3.84501    0.076416
    0.848528       6.588     6.16386    0.108443
     1.03709       6.886     7.70123    0.107363
     1.22565      13.218     9.60325    0.134595
     1.41421       9.532     9.61681    0.130059
     1.60278      10.418     9.95736    0.127532
     1.79134       6.554     9.84567    0.126482
      1.9799       11.15     9.62132      0.1177
     2.16846        7.42     8.64889    0.111508
     2.35702       7.446        7.43    0.118897
     2.54558       5.652     5.73586    0.121489
     2.73415        4.25     4.94509   0.0940774
     2.92271       3.436     3.69229   0.0703804
     3.11127       5.706     2.79747   0.0710016
     3.29983       1.496     1.95474   0.0558958
     3.48839        2.53     1.31819    0.045894
     3.67696           0    0.747119   0.0362094
     3.86552           0    0.465153   0.0280557
     4.05408           0     0.29922   0.0225131
     4.24264           0    0.215464   0.0217224
      4.4312           0    0.150305   0.0175773
     4.61976           0    0.151342   0.0189315
     4.80833           0   0.0419186  0.00823745
     4.99689           0   0.0312746  0.00755875
     5.18545           0   0.0084678  0.00312619
     5.37401           0  0.00559322  0.00340389
     5.56257           0 8.81356e-05 8.79861e-05
   0.0942809           0    0.102696   0.0110616
    0.282843       0.332    0.779223   0.0363645
    0.471405       0.618     2.11816   0.0643555
    0.659966       3.862     3.84507   0.0761578
    0.848528       6.842     6.16615    0.108101
     1.03709       5.926     7.69523    0.107168
     1.22565      13.414     9.61612    0.134755
     1.41421      10.916      9.6212    0.129693
     1.60278         8.2     9.95143     0.12724
     1.79134      10.002      9.8462    0.126056
      1.9799      10.872     9.62554    0.117378
     2.16846       8.436     8.64817    0.111134
     2.35702       7.552     7.43041    0.118496
     2.54558       7.194     5.74079    0.121179
     2.73415       3.886     4.94151   0.0938276
     2.92271       2.506     3.68828   0.0702567
     3.11127        3.16      2.7987   0.0707723
     3.29983       2.122      1.9553   0.0557098
     3.48839       1.858     1.32001   0.0457752
     3.67696       0.302    0.745615   0.0361182
     3.86552           0    0.463581   0.0280049
     4.05408           0    0.298209   0.0224597
     4.24264           0    0.214736   0.0216612
      4.4312           0    0.149797   0.0175253
     4.61976           0    0.150831   0.0188745
     4.80833           0    0.041777  0.00821084
     4.99689           0   0.0311689  0.00753396
     5.18545           0  0.00843919  0.00311576
     5.37401           0  0.00557432  0.00339244
     5.56257           0 8.78378e-05 8.76893e-05
   0.0942809           0     0.10235   0.0110298
    0.282843         0.1    0.776936   0.0363139
    0.471405        0.79     2.11368    0.064294
    0.659966       3.664     3.84446   0.0759039
    0.848528       6.524     6.16735    0.107744
     1.03709       7.842     7.69572    0.106808
     1.22565       10.65      9.6196    0.134346
     1.41421       11.45     9.62735    0.129403
     1.60278       9.894     9.95123    0.126811
     1.79134      11.942     9.85325    0.125829
      1.9799       8.928     9.62319    0.117006
     2.16846       8.746      8.6485     0.11076
     2.35702       7.862     7.43187    0.118106
     2.54558        6.75     5.74419    0.120818
     2.73415        3.61     4.93703   0.0936187
     2.92271        3.14     3.68644   0.0700443
     3.11127       0.606     2.79131    0.070918
     3.29983       4.002      1.9622   0.0559468
     3.48839       1.194     1.31959   0.0456231
     3.67696         0.2    0.743778   0.0360433
     3.86552       0.106    0.462377   0.0279364
     4.05408           0    0.297205   0.0224065
     4.24264           0    0.214013   0.0216003
      4.4312           0    0.149293   0.0174735
     4.61976           0    0.150323   0.0188177
     4.80833           0   0.0416364   0.0081844
     4.99689           0    0.031064  0.00750932
     5.18545           0  0.00841077   0.0031054
     5.37401           0  0.00555556  0.00338107
     5.56257           0 8.75421e-05 8.73946e-05
   0.0942809           0    0.102007   0.0109981
    0.282843       0.282    0.775275     0.03623
    0.471405       1.316     2.11101   0.0641339
    0.659966       4.362     3.84619    0.075669
    0.848528       6.662     6.16901    0.107395
     1.03709       7.154     7.69391    0.106465
     1.22565        7.87     9.61373    0.134023
     1.41421      12.544     9.63714    0.129338
     1.60278       7.882     9.94429    0.126576
     1.79134      10.364     9.85497    0.125418
      1.9799      12.706     9.63354     0.11707
     2.16846       10.86     8.65592    0.110637
     2.35702       6.276     7.42799    0.117774
     2.54558       4.156     5.73886    0.120531
     2.73415       4.594     4.93588   0.0933117
     2.92271        3.48     3.68574   0.0698127
     3.11127       2.528     2.79043   0.0706855
     3.29983       2.646     1.96449   0.0558061
     3.48839       1.548     1.32036   0.0454764
     3.67696       0.392    0.742597   0.0359417
     3.86552       0.378    0.462094   0.0278441
     4.05408           0    0.296208   0.0223535
     4.24264           0    0.213295   0.0215398
      4.4312           0    0.148792    0.017422
     4.61976           0    0.149819   0.0187614
     4.80833           0   0.0414966  0.00815813
     4.99689           0   0.0309597  0.00748484
     5.18545           0  0.00838255   0.0030951
     5.37401           0  0.00553691  0.00336978
     5.56257           0 8.72483e-05 8.71018e-05
   0.0942809           0    0.101666   0.0109666
    0.282843       0.096    0.773003     0.03618
    0.471405       1.156     2.10781   0.0639989
    0.659966        4.08     3.84698     0.07542
    0.848528       6.442     6.16993     0.10704
     1.03709        7.24     7.69239     0.10612
     1.22565       7.694     9.60731    0.133729
     1.41421      10.294     9.63934    0.128924
     1.60278      12.258     9.95203    0.126389
     1.79134      11.122      9.8592     0.12507
      1.9799      10.722     9.63718    0.116735
     2.16846      11.602     8.66577    0.110705
     2.35702       5.872     7.42278    0.117495
     2.54558       3.728     5.73213    0.120315
     2.73415       3.228     4.93017   0.0931742
     2.92271       4.676     3.68906   0.0696578
     3.11127       2.232     2.78856   0.0704738
     3.29983       2.406     1.96597    0.055639
     3.48839       1.884     1.32224   0.0453634
     3.67696       0.326    0.741204   0.0358485
     3.86552       0.942    0.463699   0.0277972
     4.05408           0    0.295217   0.0223007
     4.24264           0    0.212582   0.0214795
      4.4312           0    0.148294   0.0173709
     4.61976           0    0.149318   0.0187053
     4.80833           0   0.0413579  0.00813202
     4.99689           0   0.0308562  0.00746053
     5.18545           0  0.00835452  0.00308488
     5.37401           0  0.00551839  0.00335856
     5.56257           0 8.69565e-05  8.6811e-05
   0.0942809           0    0.101327   0.0109353
    0.282843        0.39    0.771727   0.0360819
    0.471405        2.19     2.10809   0.0637862
    0.659966       2.786     3.84344   0.0752515
    0.848528       5.796     6.16868     0.10669
     1.03709       8.244     7.69423    0.105782
     1.22565       8.764      9.6045    0.133313
     1.41421      11.404     9.64522    0.128629
     1.60278       9.708     9.95121     0.12597
     1.79134      11.394     9.86432    0.124758
      1.9799           9     9.63505    0.116365
     2.16846       9.858     8.66975    0.110407
     2.35702       7.534     7.42315    0.117104
     2.54558       6.648     5.73519    0.119953
     2.73415       1.974     4.92031   0.0933833
     2.92271       4.416     3.69148   0.0694677
     3.11127        3.26     2.79013   0.0702564
     3.29983       1.952     1.96592   0.0554536
     3.48839       1.682     1.32344    0.045228
     3.67696       0.804    0.741413   0.0357296
     3.86552       0.196    0.462807   0.0277189
     4.05408           0    0.294233   0.0222481
     4.24264           0    0.211873   0.0214196
      4.4312           0      0.1478     0.01732
     4.61976           0     0.14882   0.0186496
     4.80833           0     0.04122  0.00810608
     4.99689           0   0.0307533  0.00743637
     5.18545           0  0.00832667  0.00307472
     5.37401           0      0.0055  0.00334741
     5.56257           0 8.66667e-05 8.65221e-05
   0.0942809           0     0.10099   0.0109042
    0.282843       0.666    0.771375   0.0359638
    0.471405       1.008     2.10443   0.0636789
    0.659966        3.12     3.84104   0.0750398
    0.848528       6.238     6.16891    0.106336
     1.03709       7.708     7.69427    0.105431
     1.22565       9.604      9.6045     0.13287
     1.41421      10.056     9.64658    0.128208
     1.60278        8.04     9.94486    0.125712
     1.79134      14.562     9.87993    0.125316
      1.9799       9.592     9.63491    0.115979
     2.16846       9.824     8.67358    0.110107
     2.35702       9.226     7.42914    0.116868
     2.54558       5.306     5.73376    0.119563
     2.73415       3.502      4.9156   0.0931918
     2.92271       1.882     3.68547   0.0694965
     3.11127       1.134     2.78463   0.0702381
     3.29983       3.018     1.96942   0.0553794
     3.48839       1.842     1.32516   0.0451105
     3.67696       0.774    0.741522   0.0356111
     3.86552       0.898    0.464252   0.0276645
     4.05408           0    0.293256   0.0221956
     4.24264           0    0.211169     0.02136
      4.4312           0    0.147309   0.0172694
     4.61976           0    0.148326   0.0185942
     4.80833           0   0.0410831  0.00808031
     4.99689           0   0.0306512  0.00741236
     5.18545           0    0.008299  0.00306463
     5.37401           0  0.00548173  0.00333634
     5.56257           0 8.63787e-05 8.62351e-05
   0.0942809           0    0.100656   0.0108732
    0.282843       0.168    0.769377   0.0359001
    0.471405       0.888      2.1004   0.0635953
    0.659966       0.922     3.83137   0.0754113
    0.848528       5.564     6.16691    0.106003
     1.03709       8.356     7.69646    0.105105
     1.22565       9.248     9.60332    0.132435
     1.41421       8.756     9.64364    0.127818
     1.60278       10.57     9.94693    0.125312
     1.79134       15.81     9.89956     0.12643
      1.9799      10.246     9.63693    0.115612
     2.16846       8.614     8.67338    0.109742
     2.35702       8.576     7.43294    0.116542
     2.54558       4.702     5.73034    0.119215
     2.73415        4.66     4.91475   0.0928871
     2.92271       2.672     3.68211   0.0693474
     3.11127       3.154     2.78585   0.0700162
     3.29983       1.856     1.96904   0.0551973
     3.48839       1.238     1.32487   0.0449621
     3.67696       1.352    0.743543   0.0355505
     3.86552       0.648    0.464861   0.0275796
     4.05408           0    0.292285   0.0221433
     4.24264           0     0.21047   0.0213007
      4.4312           0    0.146821   0.0172191
     4.61976           0    0.147834   0.0185391
     4.80833           0    0.040947   0.0080547
     4.99689           0   0.0305497  0.00738852
     5.18545           0  0.00827152  0.00305461
     5.37401           0  0.00546358  0.00332534
     5.56257           0 8.60927e-05 8.59501e-05
   0.0942809           0    0.100323   0.0108424
    0.282843        1.29    0.771096   0.0358227
    0.471405       0.634     2.09556   0.0635693
    0.659966       2.554     3.82716   0.0752802
    0.848528       4.848     6.16255    0.105742
     1.03709       7.584     7.69609    0.104758
     1.22565       8.152     9.59853    0.132084
     1.41421       11.19     9.64874    0.127498
     1.60278       7.668     9.93941    0.125124
     1.79134      12.132     9.90693    0.126227
      1.9799      12.494     9.64636    0.115615
     2.16846      12.492     8.68599    0.110101
     2.35702      10.748     7.44388     0.11667
     2.54558       4.372     5.72586    0.118906
     2.73415       2.322      4.9062   0.0929738
     2.92271       2.472     3.67812   0.0692334
     3.11127       1.578     2.78187   0.0698985
     3.29983       0.984     1.96579   0.0551108
     3.48839       1.634     1.32589   0.0448253
     3.67696       1.914    0.747406   0.0356424
     3.86552       0.682    0.465578   0.0274979
     4.05408       0.212     0.29202   0.0220719
     4.24264       0.044    0.209921   0.0212375
      4.4312           0    0.146337   0.0171691
     4.61976           0    0.147347   0.0184843
     4.80833           0   0.0408119  0.00802925
     4.99689           0   0.0304488  0.00736482
     5.18545           0  0.00824422  0.00304465
     5.37401           0  0.00544554  0.00331442
     5.56257           0 8.58086e-05 8.56669e-05
   0.0942809           0   0.0999934   0.0108117
    0.282843       0.692    0.770836   0.0357058
    0.471405       0.564     2.09053   0.0635595
    0.659966       3.844     3.82721   0.0750325
    0.848528       5.806     6.16138    0.105401
     1.03709        6.08     7.69078    0.104549
     1.22565       8.922      9.5963    0.131669
     1.41421      10.742     9.65234    0.127129
     1.60278       11.12      9.9433    0.124773
     1.79134      12.586     9.91574    0.126119
      1.9799       8.044     9.64109    0.115354
     2.16846      10.912     8.69331    0.109983
     2.35702       8.008     7.44574    0.116301
     2.54558       4.532     5.72193     0.11858
     2.73415       4.298      4.9042   0.0926895
     2.92271       3.766     3.67841   0.0690063
     3.11127       1.936     2.77909   0.0697239
     3.29983       1.888     1.96553   0.0549301
     3.48839       1.578     1.32672   0.0446855
     3.67696       1.446    0.749704   0.0355992
     3.86552       0.508    0.465717   0.0274078
     4.05408       0.534    0.292816   0.0220136
     4.24264       0.194    0.209868   0.0211677
      4.4312           0    0.145855   0.0171194
     4.61976           0    0.146862   0.0184299
     4.80833           0   0.0406776  0.00800396
     4.99689           0   0.0303487  0.00734127
     5.18545           0  0.00821711  0.00303475
     5.37401           0  0.00542763  0.00330356
     5.56257           0 8.55263e-05 8.53855e-05
   0.0942809       0.136    0.100111   0.0107769
    0.282843       0.506    0.769967   0.0355993
    0.471405       0.804     2.08631   0.0634909
    0.659966       3.706     3.82681   0.0747876
    0.848528       5.706     6.15989    0.105066
     1.03709       7.934     7.69157    0.104209
     1.22565        6.38     9.58576    0.131659
     1.41421      11.754     9.65923    0.126899
     1.60278      10.232     9.94424    0.124367
     1.79134      15.952     9.93553    0.127249
      1.9799       8.924     9.63874       0.115
     2.16846       7.336     8.68886    0.109712
     2.35702       8.116     7.44793    0.115941
     2.54558       6.378     5.72409    0.118211
     2.73415       2.884     4.89757    0.092622
     2.92271       1.916     3.67263   0.0690215
     3.11127       2.026     2.77662    0.069539
     3.29983        2.84      1.9684   0.0548248
     3.48839        2.15     1.32942   0.0446204
     3.67696       2.082    0.754072   0.0357494
     3.86552       0.096    0.464505   0.0273447
     4.05408       0.142    0.292321    0.021947
     4.24264           0     0.20918   0.0211095
      4.4312           0    0.145377   0.0170699
     4.61976           0     0.14638   0.0183757
     4.80833           0   0.0405443  0.00797883
     4.99689           0   0.0302492  0.00731788
     5.18545           0  0.00819016  0.00302492
     5.37401           0  0.00540984  0.00329278
     5.56257           0 8.52459e-05  8.5106e-05
   0.0942809           0   0.0997843   0.0107467
    0.282843       1.142    0.771183   0.0355038
    0.471405       0.756     2.08196   0.0634321
    0.659966       4.286     3.82831   0.0745582
    0.848528       6.308     6.16037    0.104724
     1.03709        6.88     7.68892    0.103902
     1.22565       8.102     9.58091    0.131318
     1.41421       9.786     9.65964    0.126485
     1.60278      10.854     9.94722    0.123997
     1.79134      14.116      9.9492    0.127564
      1.9799        8.66     9.63554    0.114669
     2.16846        8.34     8.68772    0.109359
     2.35702       7.596     7.44842    0.115563
     2.54558       5.274     5.72261    0.117833
     2.73415         4.7     4.89693   0.0923216
     2.92271       3.416     3.67179   0.0688011
     3.11127       2.386     2.77534   0.0693235
     3.29983       0.962     1.96511   0.0547441
     3.48839       0.682     1.32731   0.0445247
     3.67696       1.638    0.756961   0.0357491
     3.86552       1.924    0.469275   0.0276682
     4.05408       0.192    0.291993   0.0218777
     4.24264           0    0.208497   0.0210516
      4.4312           0    0.144902   0.0170208
     4.61976           0    0.145902   0.0183219
     4.80833           0   0.0404118  0.00795385
     4.99689           0   0.0301503  0.00729463
     5.18545           0   0.0081634  0.00301516
     5.37401           0  0.00539216  0.00328207
     5.56257           0 8.49673e-05 8.48284e-05
   0.0942809       0.222    0.100182    0.010719
    0.282843       0.544    0.770443   0.0353958
    0.471405       0.474     2.07672   0.0634413
    0.659966       4.952     3.83197   0.0744052
    0.848528       8.498     6.16799    0.104659
     1.03709       7.248     7.68749    0.103573
     1.22565       8.326     9.57682    0.130953
     1.41421      11.092     9.66431    0.126159
     1.60278       10.47     9.94892    0.123604
     1.79134      10.088     9.94965     0.12715
      1.9799        8.54     9.63197    0.114351
     2.16846       7.882     8.68509    0.109035
     2.35702       7.644     7.44906    0.115188
     2.54558       6.068     5.72374    0.117455
     2.73415        6.54     4.90228   0.0921758
     2.92271       1.054     3.66326   0.0691034
     3.11127       2.686     2.77505   0.0690983
     3.29983       1.806     1.96459   0.0545683
     3.48839       0.306     1.32398   0.0445038
     3.67696       1.924    0.760762   0.0358342
     3.86552       1.534    0.472743   0.0277946
     4.05408       0.102    0.291375   0.0218152
     4.24264           0    0.207818    0.020994
      4.4312           0     0.14443   0.0169719
     4.61976           0    0.145427   0.0182684
     4.80833           0   0.0402801  0.00792903
     4.99689           0   0.0300521  0.00727153
     5.18545           0  0.00813681  0.00300545
     5.37401           0  0.00537459  0.00327142
     5.56257           0 8.46906e-05 8.45525e-05
   0.0942809       0.008   0.0998831   0.0106884
    0.282843        0.27    0.768818   0.0353182
    0.471405       1.108     2.07358   0.0633133
    0.659966       4.828     3.83521   0.0742338
    0.848528       8.888     6.17682    0.104691
     1.03709       7.338     7.68635    0.103243
     1.22565       7.692      9.5707    0.130671
     1.41421      10.762     9.66787      0.1258
     1.60278      11.132     9.95276    0.123263
     1.79134      10.954     9.95291    0.126779
      1.9799        8.84      9.6294    0.114008
     2.16846       7.538     8.68137    0.108744
     2.35702        7.43     7.44899    0.114814
     2.54558       5.746     5.72381    0.117074
     2.73415       3.634     4.89816   0.0919685
     2.92271       1.962     3.65774   0.0690994
     3.11127       4.004     2.77904   0.0689891
     3.29983       1.244     1.96225   0.0544412
     3.48839       2.226     1.32691   0.0444556
     3.67696       1.588    0.763448   0.0358184
     3.86552       0.468    0.472727   0.0277043
     4.05408       0.014    0.290474   0.0217629
     4.24264       0.012    0.207182   0.0209354
      4.4312       0.012       0.144   0.0169222
     4.61976       0.018    0.145013   0.0182138
     4.80833       0.226   0.0408831  0.00792619
     4.99689       0.058   0.0301429  0.00724849
     5.18545           0  0.00811039  0.00299581
     5.37401           0  0.00535714  0.00326085
     5.56257           0 8.44156e-05 8.42784e-05
   0.0942809           0   0.0995599   0.0106587
    0.282843           0     0.76633   0.0352914
    0.471405         0.3     2.06784    0.063368
    0.659966       5.166     3.83951   0.0741184
    0.848528       8.094     6.18302    0.104536
     1.03709       8.056     7.68755    0.102916
     1.22565       8.544     9.56738    0.130291
     1.41421      14.014     9.68194    0.126176
     1.60278      10.844     9.95564    0.122898
     1.79134       8.136     9.94703    0.126505
      1.9799      12.176     9.63764    0.113937
     2.16846       6.214     8.67339    0.108685
     2.35702       7.064     7.44775    0.114449
     2.54558        3.15     5.71548    0.116991
     2.73415       4.468     4.89677   0.0916814
     2.92271       1.604     3.65109   0.0691947
     3.11127       3.454     2.78122   0.0688004
     3.29983       2.614     1.96436   0.0543059
     3.48839       1.538     1.32759    0.044317
     3.67696       0.616    0.762971   0.0357056
     3.86552       1.208    0.475107   0.0277167
     4.05408       0.128    0.289948   0.0216989
     4.24264       0.008    0.206537   0.0208776
      4.4312       0.012    0.143573   0.0168728
     4.61976       0.012    0.144583   0.0181599
     4.80833       0.102   0.0410809    0.007903
     4.99689       0.254   0.0308673  0.00726114
     5.18545       0.214   0.0087767  0.00305931
     5.37401        0.01  0.00537217  0.00325033
     5.56257           0 8.41424e-05 8.40061e-05
   0.0942809           0   0.0992387   0.0106292
    0.282843        0.33    0.764923   0.0352056
    0.471405         1.1     2.06472   0.0632405
    0.659966       5.422     3.84462   0.0740549
    0.848528       5.618      6.1812    0.104215
     1.03709       8.538     7.69029    0.102621
     1.22565       9.294      9.5665    0.129873
     1.41421      12.962     9.69252    0.126212
     1.60278      12.448     9.96368    0.122764
     1.79134       7.102     9.93785    0.126429
      1.9799       7.028     9.62923     0.11388
     2.16846       7.726     8.67033    0.108377
     2.35702       9.248     7.45355    0.114227
     2.54558       4.954     5.71303    0.116639
     2.73415        3.68     4.89285   0.0914696
     2.92271       3.794     3.65155    0.068973
     3.11127        4.31     2.78615   0.0687549
     3.29983       2.118     1.96486    0.054133
     3.48839       0.328     1.32437   0.0442912
     3.67696           0     0.76051   0.0356752
     3.86552       1.058    0.476987    0.027691
     4.05408       0.534    0.290735   0.0216431
     4.24264       0.354    0.207013   0.0208157
      4.4312       0.054    0.143284   0.0168209
     4.61976           0    0.144116   0.0181073
     4.80833           0   0.0409484  0.00787862
     4.99689           0   0.0307677   0.0072384
     5.18545           0  0.00874839  0.00304958
     5.37401           0  0.00535484  0.00323989
     5.56257           0  8.3871e-05 8.37356e-05
   0.0942809           0   0.0989196   0.0105998
    0.282843       0.032    0.762566   0.0351712
    0.471405       1.826     2.06395   0.0630418
    0.659966       5.926     3.85131   0.0741186
    0.848528       6.398      6.1819    0.103882
     1.03709       7.508      7.6897    0.102293
     1.22565       8.744     9.56385    0.129483
     1.41421      14.204     9.70702    0.126637
     1.60278       9.692     9.96281    0.122372
     1.79134       6.754     9.92761    0.126436
      1.9799        8.11     9.62434    0.113619
     2.16846       8.386     8.66941    0.108033
     2.35702       7.792     7.45464    0.113865
     2.54558         4.5     5.70913    0.116329
     2.73415        5.53     4.89489   0.0911985
     2.92271        3.42     3.65081   0.0687553
     3.11127       3.748     2.78925   0.0686034
     3.29983       1.532     1.96347   0.0539768
     3.48839        1.46      1.3248   0.0441509
     3.67696       0.438    0.759473   0.0355755
     3.86552       0.842    0.478161   0.0276268
     4.05408       0.868    0.292592    0.021653
     4.24264        0.29     0.20728   0.0207505
      4.4312           0    0.142823   0.0167731
     4.61976           0    0.143653    0.018055
     4.80833           0   0.0408167  0.00785439
     4.99689           0   0.0306688   0.0072158
     5.18545           0  0.00872026   0.0030399
     5.37401           0  0.00533762  0.00322952
     5.56257           0 8.36013e-05 8.34668e-05
   0.0942809        0.03   0.0986987   0.0105681
    0.282843       0.202    0.760769   0.0351043
    0.471405       1.458     2.06201   0.0628696
    0.659966        6.47     3.85971   0.0743547
    0.848528       6.506     6.18294    0.103554
     1.03709       8.264     7.69154    0.101981
     1.22565       8.062     9.55904    0.129157
     1.41421       9.358      9.7059    0.126236
     1.60278       9.918     9.96267     0.12198
     1.79134      10.604     9.92978     0.12605
      1.9799        9.49     9.62391    0.113255
     2.16846       7.314     8.66507    0.107774
     2.35702       8.356     7.45753    0.113537
     2.54558       5.804     5.70943    0.115957
     2.73415       3.834     4.89149   0.0909695
     2.92271       3.774     3.65121    0.068536
     3.11127       3.668     2.79206   0.0684413
     3.29983       1.502     1.96199   0.0538241
     3.48839        1.41     1.32508   0.0440102
     3.67696       0.454    0.758494    0.035475
     3.86552       1.386    0.481071    0.027691
     4.05408        0.05    0.291814   0.0215976
     4.24264       0.086    0.206891   0.0206876
      4.4312           0    0.142365   0.0167256
     4.61976           0    0.143192    0.018003
     4.80833           0   0.0406859   0.0078303
     4.99689           0   0.0305705  0.00719335
     5.18545           0  0.00869231  0.00303029
     5.37401           0  0.00532051  0.00321921
     5.56257           0 8.33333e-05 8.31997e-05
   0.0942809           0   0.0983834    0.010539
    0.282843           0    0.758339   0.0350762
    0.471405       1.414     2.05994   0.0627028
    0.659966       5.766      3.8658   0.0743662
    0.848528       7.132     6.18597    0.103268
     1.03709       8.646     7.69459    0.101701
     1.22565       6.422     9.54902    0.129133
     1.41421      11.448     9.71147    0.125956
     1.60278      12.138     9.96962    0.121788
     1.79134       7.628     9.92243    0.125861
      1.9799       8.322     9.61975     0.11297
     2.16846       8.172      8.6635    0.107441
     2.35702      10.636     7.46769    0.113627
     2.54558        3.75     5.70317    0.115755
     2.73415       4.558     4.89043   0.0906851
     2.92271       4.216     3.65301   0.0683408
     3.11127       4.384     2.79715   0.0684114
     3.29983       0.612     1.95767   0.0538246
     3.48839       0.756     1.32326   0.0439072
     3.67696       0.976    0.759188   0.0353685
     3.86552       1.024    0.482805   0.0276569
     4.05408           0    0.290882   0.0215487
     4.24264           0     0.20623    0.020632
      4.4312           0    0.141911   0.0166783
     4.61976           0    0.142735   0.0179513
     4.80833           0   0.0405559  0.00780636
     4.99689           0   0.0304728  0.00717103
     5.18545           0  0.00866454  0.00302073
     5.37401           0  0.00530351  0.00320897
     5.56257           0 8.30671e-05 8.29343e-05
   0.0942809           0   0.0980701   0.0105101
    0.282843       0.334    0.756987   0.0349905
    0.471405       0.708     2.05563   0.0626508
    0.659966       4.622      3.8682   0.0741683
    0.848528       7.528     6.19024    0.103027
     1.03709       7.482     7.69392    0.101379
     1.22565      10.376     9.55165    0.128748
     1.41421      10.964     9.71546    0.125618
     1.60278       10.28     9.97061    0.121404
     1.79134       8.176     9.91687    0.125583
      1.9799      11.602     9.62606    0.112786
     2.16846       5.052     8.65199    0.107713
     2.35702       9.092     7.47286    0.113383
     2.54558       5.372     5.70211    0.115391
     2.73415       6.116     4.89433   0.0904803
     2.92271       3.284     3.65183   0.0681333
     3.11127       2.126     2.79501   0.0682269
     3.29983       2.684     1.95999   0.0537029
     3.48839       0.838     1.32171   0.0437945
     3.67696       0.634     0.75879   0.0352581
     3.86552       0.644    0.483318   0.0275735
     4.05408       0.086    0.290229   0.0214899
     4.24264           0    0.205573   0.0205768
      4.4312           0    0.141459   0.0166313
     4.61976           0     0.14228   0.0178999
     4.80833           0   0.0404268  0.00778257
     4.99689           0   0.0303758  0.00714885
     5.18545           0  0.00863694  0.00301124
     5.37401           0  0.00528662   0.0031988
     5.56257           0 8.28025e-05 8.26706e-05
   0.0942809       0.038   0.0978794   0.0104785
    0.282843       0.716    0.756857   0.0348797
    0.471405       2.256     2.05627   0.0624551
    0.659966       3.642     3.86749   0.0739364
    0.848528       6.712      6.1919    0.102713
     1.03709       7.862     7.69445    0.101059
     1.22565      12.866     9.56217    0.128769
     1.41421      10.924      9.7193    0.125277
     1.60278       7.164      9.9617    0.121345
     1.79134       9.574     9.91578    0.125189
      1.9799      11.018     9.63048    0.112515
     2.16846        5.83     8.64303    0.107743
     2.35702        9.14     7.47815    0.113147
     2.54558       4.798     5.69924    0.115061
     2.73415       4.652     4.89356   0.0901963
     2.92271       3.586     3.65163   0.0679173
     3.11127       1.854     2.79203   0.0680756
     3.29983       2.124     1.96051   0.0535349
     3.48839        1.25     1.32149   0.0436561
     3.67696        1.42    0.760889   0.0352086
     3.86552       0.574    0.483606   0.0274875
     4.05408           0    0.289308   0.0214414
     4.24264           0    0.204921   0.0205218
      4.4312           0     0.14101   0.0165846
     4.61976           0    0.141829   0.0178488
     4.80833           0   0.0402984  0.00775892
     4.99689           0   0.0302794   0.0071268
     5.18545           0  0.00860952   0.0030018
     5.37401           0  0.00526984  0.00318869
     5.56257           0 8.25397e-05 8.24086e-05
   0.0942809       0.576   0.0993924    0.010554
    0.282843        1.82    0.760222   0.0349312
    0.471405        1.81     2.05549   0.0622624
    0.659966        4.55     3.86965   0.0737339
    0.848528       5.038     6.18825    0.102453
     1.03709       9.286     7.69949    0.100865
     1.22565      10.572     9.56537    0.128401
     1.41421      14.254     9.73365      0.1257
     1.60278        6.87     9.95191    0.121355
     1.79134       7.548     9.90828    0.125017
      1.9799       10.93     9.63459    0.112234
     2.16846       6.624     8.63665    0.107591
     2.35702       7.072     7.47687    0.112796
     2.54558        5.58     5.69887    0.114697
     2.73415       4.802     4.89327   0.0899113
     2.92271        2.24     3.64716   0.0678491
     3.11127       1.726     2.78865   0.0679438
     3.29983        3.09     1.96408   0.0534847
     3.48839        1.45     1.32189   0.0435198
     3.67696       0.742    0.760829   0.0350972
     3.86552       1.102    0.485563   0.0274701
     4.05408       0.318    0.289399   0.0213738
     4.24264           0    0.204272   0.0204671
      4.4312           0    0.140563   0.0165381
     4.61976           0     0.14138   0.0177979
     4.80833           0   0.0401709  0.00773542
     4.99689           0   0.0301835  0.00710489
     5.18545           0  0.00858228  0.00299243
     5.37401           0  0.00525316  0.00317864
     5.56257           0 8.22785e-05 8.21482e-05
   0.0942809       0.496    0.100644   0.0105946
    0.282843       2.008    0.764158   0.0350421
    0.471405       2.434     2.05668   0.0620774
    0.659966       4.212     3.87073   0.0735092
    0.848528        4.63     6.18333    0.102248
     1.03709       8.116      7.7008    0.100555
     1.22565      10.918     9.56963    0.128067
     1.41421      13.826     9.74656    0.125965
     1.60278       7.684     9.94476    0.121183
     1.79134       5.844     9.89546    0.125279
      1.9799        7.58     9.62811    0.112067
     2.16846       9.948     8.64078    0.107331
     2.35702       6.594     7.47408    0.112474
     2.54558       8.618     5.70808    0.114705
     2.73415        3.68     4.88944   0.0897091
     2.92271        2.55      3.6437   0.0677233
     3.11127       2.526     2.78782   0.0677345
     3.29983       2.796     1.96671   0.0533803
     3.48839       0.676     1.31985   0.0434302
     3.67696       1.058    0.761767    0.034999
     3.86552        1.14    0.487628   0.0274609
     4.05408       0.532    0.290164     0.02132
     4.24264       0.134     0.20405   0.0204038
      4.4312           0     0.14012   0.0164919
     4.61976           0    0.140934   0.0177474
     4.80833           0   0.0400442  0.00771205
     4.99689           0   0.0300883  0.00708312
     5.18545           0  0.00855521  0.00298311
     5.37401           0  0.00523659  0.00316866
     5.56257           0 8.20189e-05 8.18895e-05
   0.0942809       0.022    0.100396   0.0105642
    0.282843       0.346    0.762843   0.0349566
    0.471405       2.824     2.05909   0.0619291
    0.659966       4.918     3.87402   0.0733518
    0.848528        3.19     6.17392    0.102359
     1.03709        9.11     7.70523    0.100336
     1.22565        8.77     9.56712    0.127689
     1.41421      13.564     9.75856    0.126139
     1.60278        9.49     9.94333     0.12081
     1.79134        7.74     9.88869    0.125068
      1.9799       7.328     9.62088    0.111947
     2.16846       7.292     8.63654    0.107077
     2.35702       9.544     7.48059    0.112309
     2.54558       9.674     5.72055     0.11502
     2.73415         4.6     4.88853   0.0894316
     2.92271       1.408     3.63667   0.0678743
     3.11127        3.43     2.78984   0.0675516
     3.29983       1.596     1.96554   0.0532252
     3.48839       0.204     1.31635   0.0434352
     3.67696       1.326    0.763541   0.0349339
     3.86552       0.698    0.488289   0.0273825
     4.05408       0.824    0.291843    0.021319
     4.24264       0.086    0.203679    0.020343
      4.4312       0.014    0.139723   0.0164448
     4.61976       0.002    0.140497   0.0176969
     4.80833           0   0.0399182  0.00768883
     4.99689           0   0.0299937  0.00706148
     5.18545           0   0.0085283  0.00297385
     5.37401           0  0.00522013  0.00315873
     5.56257           0  8.1761e-05 8.16324e-05
   0.0942809           0    0.100082   0.0105357
    0.282843        0.46    0.761893   0.0348599
    0.471405       1.824     2.05836   0.0617393
    0.659966       2.658     3.87021   0.0732209
    0.848528       6.006     6.17339    0.102039
     1.03709       9.358     7.71041    0.100155
     1.22565      10.922     9.57137    0.127359
     1.41421      10.064     9.75952    0.125748
     1.60278      10.086     9.94377    0.120433
     1.79134       9.828      9.8885    0.124676
      1.9799       9.606     9.62083    0.111596
     2.16846        7.58     8.63323    0.106793
     2.35702       8.962     7.48524    0.112053
     2.54558       4.726     5.71743    0.114701
     2.73415       4.566     4.88752    0.089157
     2.92271       4.426     3.63914   0.0677066
     3.11127       2.762     2.78976   0.0673399
     3.29983        0.54     1.96107   0.0532456
     3.48839       1.298     1.31629    0.043299
     3.67696       0.328    0.762176    0.034851
     3.86552       0.924    0.489655   0.0273307
     4.05408       0.076    0.291166   0.0212629
     4.24264       0.406    0.204313   0.0202891
      4.4312       0.282    0.140169   0.0163993
     4.61976       0.212    0.140721   0.0176429
     4.80833         0.1   0.0401066  0.00766703
     4.99689           0   0.0298997  0.00703997
     5.18545           0  0.00850157  0.00296465
     5.37401           0  0.00520376  0.00314887
     5.56257           0 8.15047e-05 8.13769e-05
   0.0942809           0   0.0997687   0.0105075
    0.282843       0.296    0.760438   0.0347813
    0.471405       2.048     2.05832   0.0615464
    0.659966       3.624     3.86944   0.0729961
    0.848528      10.068     6.18556    0.102444
     1.03709       7.868     7.71091   0.0998436
     1.22565       8.096     9.56676    0.127044
     1.41421        7.92     9.75377    0.125486
     1.60278      11.562     9.94883    0.120162
     1.79134        9.32     9.88672    0.124299
      1.9799      12.118     9.62864     0.11152
     2.16846       7.904     8.63095    0.106483
     2.35702        6.15     7.48106     0.11178
     2.54558        5.03     5.71528    0.114363
     2.73415       4.024     4.88483   0.0889192
     2.92271        5.69     3.64555   0.0677976
     3.11127       2.636     2.78927   0.0671311
     3.29983        0.72     1.95719   0.0532203
     3.48839       0.626     1.31413   0.0432174
     3.67696       0.386       0.761    0.034762
     3.86552        0.45    0.489531   0.0272456
     4.05408       0.464    0.291706   0.0212033
     4.24264       0.832    0.206275   0.0203203
      4.4312       0.168    0.140256   0.0163483
     4.61976           0    0.140281   0.0175932
     4.80833           0   0.0399812   0.0076441
     4.99689           0   0.0298062  0.00701859
     5.18545           0    0.008475   0.0029555
     5.37401           0   0.0051875  0.00313908
     5.56257           0   8.125e-05 8.11229e-05
   0.0942809           0   0.0994579   0.0104793
    0.282843       0.796    0.760548   0.0346731
    0.471405           2     2.05814   0.0613549
    0.659966       3.104     3.86705   0.0728076
    0.848528        9.11     6.19467    0.102529
     1.03709       7.794     7.71117   0.0995329
     1.22565       6.118     9.55601    0.127102
     1.41421      11.244     9.75841    0.125181
     1.60278       12.67     9.95731    0.120087
     1.79134      11.528     9.89183    0.124017
      1.9799       9.852     9.62933    0.111175
     2.16846       8.678      8.6311    0.106152
     2.35702       7.124     7.47995    0.111438
     2.54558        5.15     5.71352     0.11402
     2.73415       3.214     4.87962   0.0887944
     2.92271       2.728     3.64269   0.0676467
     3.11127       2.578     2.78862   0.0669252
     3.29983       0.808     1.95361   0.0531748
     3.48839       0.788     1.31249   0.0431139
     3.67696       0.806     0.76114   0.0346539
     3.86552       0.554    0.489732   0.0271615
     4.05408       0.228    0.291508   0.0211382
     4.24264       0.542    0.207321   0.0202839
      4.4312       0.586    0.141645   0.0163562
     4.61976           0    0.139844   0.0175438
     4.80833           0   0.0398567   0.0076213
     4.99689           0   0.0297134  0.00699734
     5.18545           0   0.0084486  0.00294641
     5.37401           0  0.00517134  0.00312934
     5.56257           0 8.09969e-05 8.08706e-05
   0.0942809       0.024   0.0992236   0.0104494
    0.282843       0.854    0.760839   0.0345667
    0.471405       3.538     2.06274   0.0613363
    0.659966       3.966     3.86736   0.0725822
    0.848528       6.744     6.19638    0.102224
     1.03709       7.508     7.71053   0.0992258
     1.22565        6.81     9.54748    0.126993
     1.41421       8.142     9.75339    0.124893
     1.60278       9.876     9.95706    0.119714
     1.79134      11.958     9.89825    0.123798
      1.9799      11.688     9.63573    0.111013
     2.16846      11.466      8.6399    0.106187
     2.35702       8.668     7.48364    0.111153
     2.54558       3.596     5.70694    0.113856
     2.73415       4.852     4.87953   0.0885187
     2.92271       2.894     3.64037   0.0674765
     3.11127        0.81     2.78247   0.0669989
     3.29983       0.176     1.94809   0.0532954
     3.48839       1.054     1.31169   0.0429874
     3.67696       1.088    0.762155   0.0345612
     3.86552       1.676    0.493416   0.0273258
     4.05408       0.128       0.291   0.0210786
     4.24264       0.422    0.207988   0.0202318
      4.4312       0.062    0.141398   0.0163073
     4.61976           0     0.13941   0.0174947
     4.80833           0   0.0397329  0.00759864
     4.99689           0   0.0296211  0.00697621
     5.18545           0  0.00842236  0.00293738
     5.37401           0  0.00515528  0.00311966
     5.56257           0 8.07453e-05 8.06199e-05
   0.0942809           0   0.0989164   0.0104216
    0.282843        0.52    0.760093   0.0344677
    0.471405       2.528     2.06418   0.0611633
    0.659966       3.296     3.86559    0.072379
    0.848528       5.552     6.19438    0.101927
     1.03709       7.366     7.70947   0.0989244
     1.22565       8.284     9.54357     0.12666
     1.41421      10.216     9.75482    0.124514
     1.60278       15.39     9.97388    0.120519
     1.79134        7.11     9.88962    0.123715
      1.9799       11.75     9.64227    0.110863
     2.16846      10.836      8.6467    0.106075
     2.35702        8.78     7.48765    0.110881
     2.54558        3.52     5.70017    0.113704
     2.73415        5.09     4.88019   0.0882471
     2.92271        2.09     3.63557   0.0674381
     3.11127       0.672     2.77594   0.0671093
     3.29983           0     1.94206   0.0534706
     3.48839       0.964     1.31061   0.0428678
     3.67696       1.156    0.763375   0.0344757
     3.86552        1.88    0.497709   0.0275763
     4.05408       0.592    0.291932    0.021034
     4.24264       0.374    0.208502   0.0201757
      4.4312       0.034    0.141065   0.0162602
     4.61976           0    0.138978   0.0174459
     4.80833           0   0.0396099  0.00757611
     4.99689           0   0.0295294  0.00695522
     5.18545           0  0.00839628   0.0029284
     5.37401           0  0.00513932  0.00311004
     5.56257           0 8.04954e-05 8.03707e-05
   0.0942809           0   0.0986111   0.0103939
    0.282843           0    0.757747   0.0344411
    0.471405       0.918     2.06064   0.0610767
    0.659966       3.134     3.86333   0.0721908
    0.848528       4.274     6.18846    0.101785
     1.03709      11.606     7.72149   0.0993474
     1.22565       9.518     9.54349    0.126269
     1.41421        9.72     9.75472     0.12413
     1.60278      14.074     9.98653     0.12081
     1.79134        9.38     9.88804    0.123343
      1.9799       9.894     9.64305    0.110523
     2.16846       9.504     8.64935    0.105781
     2.35702       7.438      7.4875    0.110539
     2.54558       4.976     5.69794    0.113376
     2.73415         5.7     4.88272    0.088011
     2.92271        2.54     3.63219   0.0673147
     3.11127       1.554     2.77217   0.0670081
     3.29983       0.176     1.93661   0.0535827
     3.48839       0.044      1.3067   0.0429134
     3.67696       1.526    0.765728   0.0344495
     3.86552       1.024    0.499333    0.027539
     4.05408           0    0.291031   0.0209883
     4.24264           0    0.207858   0.0201237
      4.4312         0.4    0.141864   0.0162296
     4.61976         0.6    0.140401     0.01745
     4.80833           0   0.0394877  0.00755371
     4.99689           0   0.0294383  0.00693435
     5.18545           0  0.00837037  0.00291948
     5.37401           0  0.00512346  0.00310049
     5.56257           0 8.02469e-05  8.0123e-05
   0.0942809       0.228   0.0990092   0.0103695
    0.282843       0.316    0.756388   0.0343619
    0.471405       2.854     2.06308   0.0609375
    0.659966       2.782     3.86001   0.0720453
    0.848528       5.588     6.18661    0.101489
     1.03709      12.002     7.73466   0.0999109
     1.22565       6.794     9.53503    0.126164
     1.41421       9.792     9.75483    0.123748
     1.60278      11.268     9.99047    0.120502
     1.79134       9.536     9.88696    0.122968
      1.9799      10.454     9.64554    0.110211
     2.16846       10.37     8.65464    0.105588
     2.35702       4.852     7.47939    0.110496
     2.54558       3.374     5.69079    0.113252
     2.73415       6.758     4.88849   0.0879291
     2.92271       4.216     3.63398   0.0671316
     3.11127       2.912      2.7726   0.0668033
     3.29983       0.834     1.93322   0.0535251
     3.48839        0.14     1.30311   0.0429312
     3.67696       1.268    0.767274   0.0343782
     3.86552       0.378     0.49896   0.0274568
     4.05408       0.192    0.290726    0.020926
     4.24264        0.16    0.207711   0.0200623
      4.4312       0.832    0.143988    0.016318
     4.61976         0.1    0.140277   0.0173967
     4.80833           0   0.0393662  0.00753144
     4.99689           0   0.0293477   0.0069136
     5.18545           0  0.00834462  0.00291061
     5.37401           0  0.00510769  0.00309099
     5.56257           0       8e-05 7.98768e-05
   0.0942809       0.024   0.0987791   0.0103403
    0.282843         0.8    0.756521   0.0342567
    0.471405       1.538     2.06147   0.0607719
    0.659966       4.538     3.86209   0.0718543
    0.848528       8.106      6.1925    0.101348
     1.03709        7.89     7.73514   0.0996056
     1.22565       9.238     9.53412     0.12578
     1.41421      10.324     9.75658    0.123381
     1.60278       9.888     9.99016    0.120133
     1.79134        8.12     9.88154     0.12271
      1.9799       9.192     9.64415    0.109882
     2.16846      12.344     8.66596    0.105869
     2.35702       5.326     7.47279    0.110354
     2.54558       4.776     5.68798    0.112939
     2.73415       5.764     4.89117   0.0877004
     2.92271       3.218     3.63271   0.0669378
     3.11127        2.21     2.77087   0.0666206
     3.29983        0.91     1.93008   0.0534529
     3.48839       0.482      1.3006   0.0428734
     3.67696       2.312    0.772012   0.0345978
     3.86552           0    0.497429   0.0274152
     4.05408           0    0.289834   0.0208808
     4.24264           0    0.207074   0.0200109
      4.4312       0.592    0.145362   0.0163257
     4.61976       0.192    0.140436   0.0173441
     4.80833       0.216    0.039908  0.00752781
     4.99689           0   0.0292577  0.00689298
     5.18545           0  0.00831902  0.00290179
     5.37401           0  0.00509202  0.00308154
     5.56257           0 7.97546e-05 7.96322e-05
   0.0942809       0.048   0.0986239   0.0103098
    0.282843       0.944    0.757095   0.0341568
    0.471405        1.34     2.05927   0.0606261
    0.659966       3.034     3.85955   0.0716792
    0.848528       4.156     6.18627    0.101229
     1.03709       9.046     7.73915   0.0993816
     1.22565       9.146     9.53294    0.125401
     1.41421       8.026     9.75128    0.123117
     1.60278      13.822     10.0019    0.120336
     1.79134       9.294     9.87974    0.122348
      1.9799      11.562     9.65002    0.109702
     2.16846       9.348     8.66804    0.105566
     2.35702       7.958     7.47427    0.110027
     2.54558       7.216     5.69265    0.112691
     2.73415       3.852     4.88799   0.0874897
     2.92271       3.428     3.63208    0.066736
     3.11127       1.592     2.76727   0.0665144
     3.29983       0.722     1.92639   0.0534169
     3.48839       0.222      1.2973    0.042869
     3.67696       1.878    0.775394   0.0346569
     3.86552       0.476    0.497364   0.0273315
     4.05408       0.042    0.289076   0.0208307
     4.24264       0.036     0.20655   0.0199565
      4.4312       0.128    0.145309   0.0162759
     4.61976       0.108    0.140336   0.0172913
     4.80833       0.024   0.0398593  0.00750494
     4.99689       0.028   0.0292538   0.0068719
     5.18545       0.406  0.00953517  0.00313743
     5.37401       0.118  0.00543731   0.0030914
     5.56257           0 7.95107e-05  7.9389e-05
   0.0942809       0.246   0.0990732   0.0102882
    0.282843       0.674    0.756841   0.0340536
    0.471405       2.172     2.05961   0.0604422
    0.659966       3.052     3.85709   0.0715029
    0.848528       4.404     6.18084    0.101066
     1.03709        6.37     7.73498   0.0991663
     1.22565       9.484     9.53279    0.125019
     1.41421       6.264     9.74065      0.1232
     1.60278      11.088     10.0052    0.120015
     1.79134      11.824     9.88567    0.122119
      1.9799        16.9     9.67212    0.111572
     2.16846        9.67      8.6711    0.105288
     2.35702       4.928     7.46651    0.109965
     2.54558        4.93     5.69033    0.112371
     2.73415       4.884     4.88798    0.087223
     2.92271       3.256     3.63093   0.0665424
     3.11127       2.152     2.76539    0.066338
     3.29983       1.444     1.92491   0.0532743
     3.48839       1.188     1.29696   0.0427396
     3.67696       2.392    0.780323   0.0348999
     3.86552       0.648    0.497823    0.027252
     4.05408        0.03    0.288287   0.0207821
     4.24264           0    0.205921   0.0199056
      4.4312           0    0.144866   0.0162323
     4.61976           0    0.139909   0.0172439
     4.80833           0   0.0397378  0.00748304
     4.99689           0   0.0291646  0.00685153
     5.18545           0   0.0095061    0.003128
     5.37401           0  0.00542073  0.00308202
     5.56257           0 7.92683e-05 7.91474e-05
   0.0942809       0.166   0.0992766   0.0102589
    0.282843       0.308    0.755477   0.0339774
    0.471405       1.218     2.05705   0.0603126
    0.659966       2.836     3.85399   0.0713529
    0.848528       8.682     6.18844    0.101045
     1.03709       7.404     7.73397   0.0988699
     1.22565      10.058     9.53438    0.124649
     1.41421      10.786     9.74383    0.122866
     1.60278        7.42     9.99733    0.119907
     1.79134         9.4     9.88419    0.121757
      1.9799      10.562     9.67483    0.111266
     2.16846      11.878     8.68084    0.105418
     2.35702       6.072     7.46227    0.109712
     2.54558        4.07      5.6854    0.112137
     2.73415       4.934     4.88812    0.086958
     2.92271       4.008     3.63208     0.06635
     3.11127        1.65       2.762    0.066223
     3.29983        3.09     1.92846   0.0532299
     3.48839       1.806     1.29851   0.0426376
     3.67696       0.546    0.779611   0.0348011
     3.86552       1.106    0.499672   0.0272318
     4.05408           0     0.28741   0.0207374
     4.24264           0    0.205295    0.019855
      4.4312           0    0.144426   0.0161889
     4.61976           0    0.139483   0.0171967
     4.80833           0    0.039617  0.00746127
     4.99689           0    0.029076  0.00683128
     5.18545           0   0.0094772  0.00311863
     5.37401           0  0.00540426   0.0030727
     5.56257           0 7.90274e-05 7.89072e-05
   0.0942809           0   0.0989758   0.0102322
    0.282843           0    0.753188   0.0339515
    0.471405       2.104     2.05719     0.06013
    0.659966       3.316     3.85236   0.0711553
    0.848528       9.948     6.19983    0.101379
     1.03709       5.462     7.72708   0.0988098
     1.22565       9.782     9.53513    0.124274
     1.41421       8.908      9.7413     0.12252
     1.60278      11.114     10.0007    0.119591
     1.79134       9.602     9.88334    0.121391
      1.9799       8.406     9.67098    0.110995
     2.16846      10.518     8.68641    0.105246
     2.35702       6.182     7.45839    0.109448
     2.54558       4.832     5.68282    0.111827
     2.73415       4.794     4.88784    0.086695
     2.92271       4.412     3.63444    0.066191
     3.11127       2.248     2.76044   0.0660406
     3.29983       1.996     1.92866    0.053069
     3.48839       1.458     1.29899   0.0425112
     3.67696        0.78    0.779612   0.0346956
     3.86552         2.1    0.504521   0.0275777
     4.05408       0.038    0.286655   0.0206884
     4.24264           0    0.204673   0.0198045
      4.4312           0    0.143988   0.0161458
     4.61976           0    0.139061   0.0171498
     4.80833           0    0.039497  0.00743963
     4.99689           0   0.0289879  0.00681115
     5.18545           0  0.00944848  0.00310931
     5.37401           0  0.00538788  0.00306343
     5.56257           0 7.87879e-05 7.86684e-05
   0.0942809       0.008   0.0987009    0.010205
    0.282843       0.474    0.752344   0.0338594
    0.471405       2.866     2.05964    0.059998
    0.659966       4.354     3.85387   0.0709565
    0.848528       7.826     6.20474    0.101191
     1.03709       8.138     7.72833    0.098519
     1.22565      10.294     9.53743    0.123919
     1.41421        2.99      9.7209    0.123836
     1.60278        9.39     9.99887    0.119244
     1.79134      11.092     9.88699    0.121079
      1.9799      11.422     9.67627    0.110786
     2.16846      11.396      8.6946    0.105245
     2.35702       7.648     7.45896    0.109119
     2.54558       4.308     5.67866    0.111567
     2.73415       4.024     4.88523   0.0864723
     2.92271       2.764     3.63181   0.0660432
     3.11127        2.96     2.76105   0.0658439
     3.29983       1.532     1.92746   0.0529222
     3.48839       1.486     1.29956   0.0423865
     3.67696       0.574    0.778991   0.0345964
     3.86552       2.208    0.509668   0.0279705
     4.05408       0.024    0.285861   0.0206411
     4.24264        0.09    0.204326   0.0197477
      4.4312       0.132    0.143952   0.0160971
     4.61976           0     0.13864   0.0171031
     4.80833           0   0.0393776  0.00741811
     4.99689           0   0.0289003  0.00679113
     5.18545           0  0.00941994  0.00310005
     5.37401           0   0.0053716  0.00305422
     5.56257           0 7.85498e-05 7.84311e-05
   0.0942809       0.006   0.0984217   0.0101781
    0.282843       0.574    0.751807   0.0337617
    0.471405       2.318     2.06042   0.0598223
    0.659966       6.824     3.86282   0.0713045
    0.848528        6.89     6.20681    0.100908
     1.03709       7.698     7.72823   0.0982223
     1.22565        6.97     9.52969    0.123787
     1.41421       7.426     9.71399    0.123656
     1.60278      13.228     10.0086    0.119281
     1.79134       9.232     9.88502     0.12073
      1.9799      12.628     9.68516    0.110808
     2.16846       9.062      8.6957    0.104934
     2.35702       4.506     7.45007    0.109152
     2.54558       4.508     5.67514    0.111286
     2.73415        2.93     4.87934   0.0864122
     2.92271       4.106     3.63324   0.0658598
     3.11127       1.512     2.75728   0.0657529
     3.29983       1.944     1.92751   0.0527629
     3.48839         2.2     1.30227   0.0423455
     3.67696       0.444    0.777982   0.0345069
     3.86552       1.584    0.512904   0.0280728
     4.05408        0.49    0.286476    0.020588
     4.24264       0.722    0.205886   0.0197497
      4.4312       0.198    0.144114   0.0160494
     4.61976           0    0.138223   0.0170567
     4.80833           0    0.039259  0.00739672
     4.99689           0   0.0288133  0.00677123
     5.18545           0  0.00939157  0.00309084
     5.37401           0  0.00535542  0.00304506
     5.56257           0 7.83133e-05 7.81952e-05
   0.0942809       0.302    0.099033   0.0101659
    0.282843       0.644    0.751483   0.0336618
    0.471405       1.394     2.05841   0.0596761
    0.659966       6.914     3.87198   0.0716767
    0.848528       4.774      6.2025    0.100696
     1.03709       9.476     7.73348   0.0980675
     1.22565      12.636     9.53902    0.123766
     1.41421      13.278     9.72469    0.123747
     1.60278       7.114      9.9999    0.119239
     1.79134      10.266     9.88616    0.120373
      1.9799      12.016     9.69216    0.110697
     2.16846       6.192     8.68819    0.104888
     2.35702       2.218     7.43435     0.10995
     2.54558       3.366      5.6682    0.111168
     2.73415       2.776     4.87302   0.0863832
     2.92271       3.816     3.63379   0.0656643
     3.11127       2.382     2.75616   0.0655651
     3.29983       1.174     1.92525   0.0526529
     3.48839       3.158     1.30784   0.0425835
     3.67696        0.81    0.778078   0.0344034
     3.86552       1.926    0.517147   0.0283074
     4.05408         0.6    0.287417   0.0205477
     4.24264       0.326    0.206246   0.0196937
      4.4312       0.442    0.145009   0.0160261
     4.61976           0    0.137808   0.0170106
     4.80833           0   0.0391411  0.00737544
     4.99689           0   0.0287267  0.00675145
     5.18545           0  0.00936336  0.00308169
     5.37401           0  0.00533934  0.00303596
     5.56257           0 7.80781e-05 7.79608e-05
   0.0942809           0   0.0987365   0.0101397
    0.282843           0    0.749234   0.0336361
    0.471405       0.504     2.05376   0.0596787
    0.659966        6.97     3.88126   0.0720597
    0.848528       7.316     6.20584     0.10045
     1.03709      10.516     7.74181   0.0981271
     1.22565       10.18     9.54094    0.123411
     1.41421      11.958     9.73138    0.123557
     1.60278       9.356     9.99798    0.118898
     1.79134       10.27     9.88731    0.120018
      1.9799      10.982     9.69602    0.110432
     2.16846        7.44     8.68445    0.104641
     2.35702       3.964     7.42396     0.11011
     2.54558        3.62     5.66207    0.111004
     2.73415       1.904     4.86413   0.0865807
     2.92271       1.744     3.62813    0.065711
     3.11127       1.434      2.7522   0.0654882
     3.29983       1.312     1.92341   0.0525273
     3.48839        3.83      1.3154   0.0431203
     3.67696       1.134    0.779144   0.0343169
     3.86552       1.596    0.520377   0.0284063
     4.05408       0.638    0.288467    0.020513
     4.24264       1.126       0.209   0.0198263
      4.4312       0.206    0.145192   0.0159792
     4.61976           0    0.137395   0.0169646
     4.80833           0    0.039024  0.00735429
     4.99689           0   0.0286407  0.00673179
     5.18545           0  0.00933533  0.00307259
     5.37401           0  0.00532335  0.00302691
     5.56257           0 7.78443e-05 7.77277e-05
   0.0942809       0.272   0.0992537   0.0101227
    0.282843       0.518    0.748543   0.0335428
    0.471405       2.296     2.05448   0.0595049
    0.659966       5.838      3.8871    0.072081
    0.848528       5.832     6.20472    0.100156
     1.03709       7.796     7.74198   0.0978343
     1.22565       10.71     9.54443    0.123092
     1.41421      10.902     9.73487    0.123238
     1.60278      12.762     10.0062    0.118829
     1.79134       11.61     9.89245     0.11977
      1.9799       9.496     9.69543    0.110104
     2.16846       4.532     8.67205     0.10506
     2.35702       6.242     7.42044    0.109838
     2.54558        2.11     5.65147    0.111178
     2.73415       1.412     4.85383   0.0869334
     2.92271       5.066     3.63242   0.0656549
     3.11127       1.514      2.7485   0.0653969
     3.29983       2.816     1.92608    0.052438
     3.48839       2.962     1.32031   0.0432708
     3.67696       0.764    0.779099   0.0342145
     3.86552        0.34    0.519839   0.0283266
     4.05408       1.834    0.293081   0.0209642
     4.24264       0.366    0.209469   0.0197727
      4.4312        0.01    0.144788   0.0159366
     4.61976           0    0.136985   0.0169189
     4.80833           0   0.0389075  0.00733326
     4.99689           0   0.0285552  0.00671224
     5.18545           0  0.00930746  0.00306354
     5.37401           0  0.00530746  0.00301792
     5.56257           0 7.76119e-05  7.7496e-05
   0.0942809       0.186   0.0995119   0.0100958
    0.282843       0.836    0.748804    0.033444
    0.471405        3.68     2.05932   0.0595241
    0.659966       5.068     3.89061   0.0719521
    0.848528       7.896     6.20976   0.0999846
     1.03709       7.686     7.74181   0.0975433
     1.22565       8.868     9.54242    0.122742
     1.41421      13.578     9.74631      0.1234
     1.60278       7.104     9.99759    0.118788
     1.79134      13.532     9.90329    0.119902
      1.9799        9.66     9.69532    0.109777
     2.16846       4.702     8.66024     0.10541
     2.35702        6.17     7.41671    0.109574
     2.54558       3.434     5.64487    0.111043
     2.73415       1.632     4.84424   0.0872019
     2.92271        2.53     3.62914   0.0655414
     3.11127       2.408     2.74749   0.0652102
     3.29983       3.338     1.93028     0.05245
     3.48839       2.508     1.32385   0.0432862
     3.67696       0.184    0.777327   0.0341585
     3.86552           0    0.518292   0.0282845
     4.05408       0.258    0.292976    0.020902
     4.24264       1.016    0.211869    0.019859
      4.4312       1.726    0.149494   0.0165694
     4.61976           0    0.136577   0.0168735
     4.80833           0   0.0387917  0.00731235
     4.99689           0   0.0284702   0.0066928
     5.18545           0  0.00927976  0.00305455
     5.37401           0  0.00529167  0.00300898
     5.56257           0  7.7381e-05 7.72657e-05
   0.0942809           0   0.0992166   0.0100702
    0.282843       0.114     0.74692   0.0333978
    0.471405       2.484     2.06058   0.0593609
    0.659966        4.87     3.89352   0.0717972
    0.848528       9.456     6.21939    0.100151
     1.03709        9.22      7.7462   0.0973524
     1.22565      11.884     9.54936    0.122574
     1.41421        9.73     9.74626    0.123034
     1.60278       6.206     9.98634    0.118968
     1.79134      11.626      9.9084    0.119655
      1.9799       8.502     9.69178    0.109508
     2.16846       6.452     8.65369      0.1053
     2.35702       5.902     7.41222    0.109341
     2.54558        6.19     5.64649    0.110725
     2.73415       1.812     4.83524   0.0874061
     2.92271       2.096     3.62459   0.0655046
     3.11127       1.688     2.74434   0.0650924
     3.29983       3.884     1.93608   0.0526138
     3.48839        1.98     1.32579   0.0432015
     3.67696       0.544    0.776635   0.0340641
     3.86552       0.336    0.517751   0.0282058
     4.05408       0.704    0.294196   0.0208756
     4.24264       1.546    0.215828   0.0201908
      4.4312       0.774    0.151347   0.0166235
     4.61976           0    0.136172   0.0168283
     4.80833           0   0.0386766  0.00729156
     4.99689           0   0.0283858  0.00667347
     5.18545           0  0.00925223  0.00304561
     5.37401           0  0.00527596  0.00300009
     5.56257           0 7.71513e-05 7.70368e-05
   0.0942809       0.208   0.0995385   0.0100455
    0.282843       0.606    0.746503   0.0333016
    0.471405       4.024     2.06639   0.0594688
    0.659966       5.342      3.8978   0.0717126
    0.848528       8.964     6.22751    0.100183
     1.03709       9.882     7.75251   0.0972692
     1.22565       8.996     9.54773    0.122222
     1.41421       5.998     9.73517    0.123169
     1.60278        6.53     9.97611    0.119054
     1.79134       9.598     9.90748    0.119305
      1.9799       8.426     9.68804    0.109248
     2.16846       8.024     8.65182    0.105005
     2.35702        8.19     7.41452    0.109042
     2.54558       6.396      5.6487     0.11042
     2.73415       2.734     4.82902   0.0873683
     2.92271       3.582     3.62447   0.0653109
     3.11127       1.754     2.74141   0.0649657
     3.29983       3.348     1.94025   0.0526237
     3.48839       1.268     1.32562    0.043074
     3.67696       0.544    0.775947   0.0339703
     3.86552       1.106    0.519491    0.028176
     4.05408       0.842    0.295817   0.0208766
     4.24264       0.634    0.217065    0.020169
      4.4312       0.834    0.153367   0.0166966
     4.61976        0.17    0.136272   0.0167788
     4.80833           0   0.0385621  0.00727088
     4.99689           0   0.0283018  0.00665425
     5.18545           0  0.00922485  0.00303672
     5.37401           0  0.00526036  0.00299126
     5.56257           0 7.69231e-05 7.68092e-05
   0.0942809           0   0.0992448   0.0100202
    0.282843       1.284    0.748088    0.033241
    0.471405       4.672     2.07408    0.059788
    0.659966       3.714     3.89726   0.0715031
    0.848528       9.608     6.23748    0.100383
     1.03709       7.474     7.75169   0.0969858
     1.22565      10.052     9.54922    0.121871
     1.41421       5.534     9.72278    0.123428
     1.60278      11.004     9.97914    0.118742
     1.79134      11.924     9.91343    0.119101
      1.9799       6.646     9.67906    0.109294
     2.16846        7.34     8.64795    0.104767
     2.35702        7.63     7.41516    0.108722
     2.54558       3.796     5.64324    0.110229
     2.73415       4.424     4.82783   0.0871187
     2.92271       2.462     3.62104   0.0652082
     3.11127       1.362     2.73735   0.0649014
     3.29983       3.288     1.94423   0.0526185
     3.48839       1.196     1.32524   0.0429487
     3.67696        2.59    0.781298    0.034289
     3.86552           1    0.520909   0.0281285
     4.05408       0.158     0.29541    0.020819
     4.24264       0.842    0.218909   0.0201935
      4.4312           0    0.152914   0.0166535
     4.61976           0     0.13587   0.0167341
     4.80833           0   0.0384484  0.00725032
     4.99689           0   0.0282183  0.00663515
     5.18545           0  0.00919764  0.00302788
     5.37401           0  0.00524484  0.00298247
     5.56257           0 7.66962e-05  7.6583e-05
   0.0942809           0   0.0989529  0.00999497
    0.282843       1.334    0.749812   0.0331879
    0.471405       3.602     2.07857   0.0597808
    0.659966        4.25      3.8983   0.0713003
    0.848528        8.13     6.24305    0.100242
     1.03709       7.176        7.75   0.0967153
     1.22565      12.108     9.55674    0.121745
     1.41421       8.714     9.71981      0.1231
     1.60278       8.718     9.97544     0.11845
     1.79134       9.226     9.91141    0.118768
      1.9799       6.264     9.66902    0.109433
     2.16846      11.186     8.65542    0.104724
     2.35702       6.802     7.41335    0.108417
     2.54558       4.202       5.639    0.109986
     2.73415        3.99     4.82536   0.0868973
     2.92271       2.402     3.61745   0.0651149
     3.11127       2.408     2.73638   0.0647177
     3.29983       2.486     1.94582   0.0524878
     3.48839        1.63     1.32614   0.0428317
     3.67696       1.644    0.783835   0.0342819
     3.86552       0.636    0.521247   0.0280478
     4.05408         0.9    0.297188   0.0208336
     4.24264       0.192    0.218829   0.0201343
      4.4312           0    0.152465   0.0166106
     4.61976           0    0.135471   0.0166897
     4.80833           0   0.0383353  0.00722988
     4.99689           0   0.0281353  0.00661615
     5.18545           0  0.00917059   0.0030191
     5.37401           0  0.00522941  0.00297374
     5.56257           0 7.64706e-05  7.6358e-05
   0.0942809       0.522    0.100194   0.0100424
    0.282843       0.704    0.749677   0.0330909
    0.471405       5.632     2.08899   0.0605069
    0.659966       3.782     3.89796   0.0710921
    0.848528       6.222     6.24299   0.0999478
     1.03709       7.966     7.75063   0.0964338
     1.22565       7.916     9.55193    0.121483
     1.41421       6.954      9.7117    0.123006
     1.60278       13.56     9.98595    0.118569
     1.79134      11.932     9.91733    0.118568
      1.9799       6.136     9.65866    0.109601
     2.16846       5.474     8.64609    0.104832
     2.35702       5.968     7.40911    0.108182
     2.54558       5.754     5.63934    0.109664
     2.73415        6.74     4.83098   0.0868237
     2.92271       2.678      3.6147   0.0649822
     3.11127       2.834     2.73666   0.0645286
     3.29983       3.274     1.94972   0.0524782
     3.48839       2.356     1.32916   0.0428124
     3.67696       1.366    0.785543   0.0342238
     3.86552        0.23    0.520393   0.0279785
     4.05408           0    0.296317   0.0207907
     4.24264           0    0.218188   0.0200855
      4.4312           0    0.152018   0.0165679
     4.61976           0    0.135073   0.0166455
     4.80833           0   0.0382229  0.00720955
     4.99689           0   0.0280528  0.00659726
     5.18545           0   0.0091437  0.00301037
     5.37401           0  0.00521408  0.00296506
     5.56257           0 7.62463e-05 7.61345e-05
   0.0942809       0.394    0.101053   0.0100497
    0.282843       0.542     0.74907   0.0329997
    0.471405       3.788     2.09396   0.0605336
    0.659966       4.024     3.89833   0.0708851
    0.848528       4.546     6.23802   0.0997786
     1.03709       10.22     7.75785   0.0964217
     1.22565       11.26     9.55692     0.12123
     1.41421       6.778     9.70312    0.122945
     1.60278      11.648     9.99081    0.118321
     1.79134       9.632      9.9165    0.118224
      1.9799        7.41     9.65208    0.109478
     2.16846       8.676     8.64618    0.104525
     2.35702       3.766     7.39846    0.108389
     2.54558       7.604     5.64508    0.109494
     2.73415       7.198      4.8379   0.0868453
     2.92271       3.096     3.61318   0.0648099
     3.11127       2.708     2.73658     0.06434
     3.29983       2.984     1.95274   0.0524118
     3.48839        0.37     1.32635    0.042779
     3.67696       0.614    0.785041   0.0341274
     3.86552       0.742    0.521041   0.0279042
     4.05408           0     0.29545   0.0207479
     4.24264           0     0.21755   0.0200369
      4.4312           0    0.151573   0.0165254
     4.61976           0    0.134678   0.0166015
     4.80833           0   0.0381111  0.00718934
     4.99689           0   0.0279708  0.00657848
     5.18545           0  0.00911696  0.00300168
     5.37401           0  0.00519883  0.00295643
     5.56257           0 7.60234e-05 7.59122e-05
   0.0942809       0.352    0.101784    0.010047
    0.282843       0.654    0.748793   0.0329046
    0.471405       3.444      2.0979   0.0604849
    0.659966       2.874     3.89534   0.0707414
    0.848528       5.984     6.23728   0.0994905
     1.03709      10.476     7.76578   0.0964657
     1.22565       9.688     9.55731    0.120877
     1.41421       7.828     9.69766    0.122708
     1.60278        9.08     9.98815    0.118006
     1.79134       10.12     9.91709    0.117881
      1.9799       7.414     9.64556    0.109353
     2.16846      10.882     8.65269    0.104424
     2.35702        4.98     7.39141    0.108302
     2.54558        4.95     5.64306    0.109194
     2.73415       6.908     4.84394   0.0868015
     2.92271       4.918     3.61699   0.0647325
     3.11127       2.828     2.73685   0.0641529
     3.29983         2.1     1.95317   0.0522608
     3.48839       1.264     1.32617   0.0426547
     3.67696       0.928    0.785458   0.0340305
     3.86552       0.076    0.519743    0.027853
     4.05408       0.106    0.294898   0.0206948
     4.24264       0.026    0.216991   0.0199862
      4.4312       0.044    0.151259   0.0164802
     4.61976       0.076    0.134507    0.016554
     4.80833           0       0.038  0.00716924
     4.99689           0   0.0278892  0.00655981
     5.18545           0  0.00909038  0.00299305
     5.37401           0  0.00518367  0.00294785
     5.56257           0 7.58017e-05 7.56912e-05
   0.0942809        0.23    0.102157   0.0100247
    0.282843       0.942    0.749355   0.0328138
    0.471405       3.034     2.10062   0.0603703
    0.659966        4.69     3.89765   0.0705734
    0.848528       4.248      6.2315   0.0993692
     1.03709        6.95     7.76341   0.0962144
     1.22565       8.514     9.55427    0.120564
     1.41421      10.628     9.70036    0.122381
     1.60278        7.73     9.98159    0.117846
     1.79134      14.778     9.93122    0.118382
      1.9799       6.092     9.63523    0.109522
     2.16846       8.982     8.65365    0.104124
     2.35702       8.474     7.39456    0.108033
     2.54558       4.794     5.64059    0.108904
     2.73415       5.174      4.8449   0.0865545
     2.92271       4.528     3.61963   0.0645985
     3.11127       3.138     2.73801    0.063977
     3.29983        2.12     1.95366   0.0521111
     3.48839        1.69     1.32723   0.0425438
     3.67696        0.21    0.783785   0.0339726
     3.86552       0.054     0.51839    0.027805
     4.05408           0    0.294041   0.0206524
     4.24264       0.262    0.217122   0.0199286
      4.4312       0.688     0.15282    0.016506
     4.61976        0.05    0.134262   0.0165077
     4.80833           0   0.0378895  0.00714925
     4.99689           0   0.0278081  0.00654124
     5.18545           0  0.00906395  0.00298447
     5.37401           0   0.0051686  0.00293932
     5.56257           0 7.55814e-05 7.54715e-05
   0.0942809       0.242    0.102562   0.0100038
    0.282843       0.936    0.749896   0.0327231
    0.471405        1.48     2.09882   0.0602221
    0.659966       3.474     3.89642   0.0703795
    0.848528        5.86     6.23042    0.099087
     1.03709       9.542     7.76856   0.0960736
     1.22565        6.41     9.54516    0.120558
     1.41421       8.928     9.69812    0.122047
     1.60278       11.15     9.98497    0.117553
     1.79134      12.094     9.93749    0.118205
      1.9799       7.204     9.62818    0.109431
     2.16846       11.46     8.66179     0.10414
     2.35702       8.962      7.3991    0.107815
     2.54558       4.226     5.63649    0.108666
     2.73415       4.366     4.84351   0.0863147
     2.92271       3.742     3.61999   0.0644122
     3.11127       3.422     2.73999   0.0638223
     3.29983       1.318     1.95181   0.0519926
     3.48839       1.508     1.32775   0.0424237
     3.67696       0.676    0.783472   0.0338756
     3.86552           0    0.516887   0.0277649
     4.05408       0.682    0.295165   0.0206231
     4.24264       0.318    0.217414   0.0198729
      4.4312           0    0.152377   0.0164641
     4.61976           0    0.133872   0.0164644
     4.80833           0   0.0377797  0.00712937
     4.99689           0   0.0277275  0.00652278
     5.18545           0  0.00903768  0.00297593
     5.37401           0  0.00515362  0.00293084
     5.56257           0 7.53623e-05  7.5253e-05
   0.0942809           0    0.102266  0.00997928
    0.282843        1.09    0.750879   0.0326433
    0.471405        2.51     2.10001   0.0600598
    0.659966       5.248     3.90033   0.0702845
    0.848528       7.636     6.23449   0.0988839
     1.03709       5.986     7.76341   0.0959339
     1.22565       5.572     9.53368    0.120756
     1.41421       5.982     9.68738    0.122166
     1.60278      15.016     9.99951    0.118109
     1.79134      10.126     9.93803    0.117864
      1.9799        8.62     9.62527    0.109154
     2.16846      12.414     8.67263    0.104402
     2.35702       7.228     7.39861    0.107505
     2.54558       5.116     5.63498    0.108362
     2.73415       4.144     4.84149    0.086089
     2.92271        4.35      3.6221   0.0642606
     3.11127       2.168     2.73834   0.0636593
     3.29983       1.324        1.95    0.051874
     3.48839        1.52     1.32831   0.0423047
     3.67696       0.524    0.782723    0.033786
     3.86552       0.316    0.516306   0.0276908
     4.05408       0.452    0.295618   0.0205685
     4.24264       0.658    0.218688   0.0198563
      4.4312           0    0.151936   0.0164224
     4.61976           0    0.133486   0.0164214
     4.80833           0   0.0376705   0.0071096
     4.99689           0   0.0276474  0.00650442
     5.18545           0  0.00901156  0.00296744
     5.37401           0  0.00513873   0.0029224
     5.56257           0 7.51445e-05 7.50358e-05
   0.0942809       0.018    0.102023  0.00995348
    0.282843       0.054     0.74887   0.0326109
    0.471405         0.2     2.09453   0.0601358
    0.659966       2.468      3.8962    0.070203
    0.848528       5.818     6.23329   0.0986062
     1.03709       7.728     7.76331   0.0956575
     1.22565      10.476     9.53639    0.120438
     1.41421       9.398     9.68655    0.121817
     1.60278      14.246     10.0118    0.118401
     1.79134       8.426     9.93368    0.117605
      1.9799       9.246     9.62417    0.108844
     2.16846       8.048     8.67083    0.104117
     2.35702      10.414      7.4073    0.107546
     2.54558       7.684     5.64089     0.10821
     2.73415       2.768     4.83551    0.086048
     2.92271        4.86     3.62567   0.0641744
     3.11127        2.01     2.73624   0.0635104
     3.29983       2.036     1.95025   0.0517251
     3.48839       0.228     1.32514   0.0423015
     3.67696        0.87    0.782974   0.0336896
     3.86552       0.004     0.51483   0.0276503
     4.05408       0.234    0.295441     0.02051
     4.24264       0.766    0.220265   0.0198616
      4.4312           0    0.151499   0.0163809
     4.61976           0    0.133101   0.0163785
     4.80833           0    0.037562  0.00708994
     4.99689           0   0.0275677  0.00648616
     5.18545           0  0.00898559  0.00295901
     5.37401           0  0.00512392  0.00291402
     5.56257           0  7.4928e-05 7.48199e-05
   0.0942809       0.018    0.101782   0.0099278
    0.282843       0.042    0.746839   0.0325804
    0.471405        0.99     2.09136   0.0600467
    0.659966       3.788     3.89589    0.070002
    0.848528       6.668     6.23453   0.0983307
     1.03709       5.514     7.75684   0.0956008
     1.22565      10.272     9.53851    0.120111
     1.41421       8.838     9.68411    0.121491
     1.60278       10.56     10.0133    0.118071
     1.79134       9.658     9.93289     0.11727
      1.9799      11.886     9.63067    0.108726
     2.16846       9.366     8.67283    0.103837
     2.35702       9.668     7.41379    0.107433
     2.54558       2.522     5.63193     0.10827
     2.73415       5.772      4.8382   0.0858428
     2.92271       7.044     3.63549   0.0647374
     3.11127        2.69     2.73611    0.063328
     3.29983       0.484     1.94603   0.0517478
     3.48839       1.104      1.3245   0.0421847
     3.67696       0.174    0.781224   0.0336382
     3.86552       0.008    0.513374   0.0276092
     4.05408       0.014    0.294632    0.020467
     4.24264       0.242    0.220328   0.0198046
      4.4312       0.336    0.152029   0.0163424
     4.61976       0.264    0.133477   0.0163358
     4.80833       0.078   0.0376782  0.00707052
     4.99689           0   0.0274885  0.00646801
     5.18545           0  0.00895977  0.00295062
     5.37401           0   0.0051092  0.00290568
     5.56257           0 7.47126e-05 7.46052e-05
   0.0942809       0.032    0.101582  0.00990137
    0.282843         0.3    0.745559   0.0325122
    0.471405           2     2.09109   0.0598752
    0.659966       3.112     3.89364   0.0698374
    0.848528        6.45     6.23515   0.0980509
     1.03709       3.912     7.74583   0.0959595
     1.22565       7.846     9.53366    0.119864
     1.41421      12.722     9.69281    0.121454
     1.60278       9.416     10.0116    0.117745
     1.79134       8.556     9.92894       0.117
      1.9799      12.288     9.63829     0.10868
     2.16846      10.342     8.67761    0.103649
     2.35702       9.412     7.41952    0.107277
     2.54558       6.962     5.63574    0.108027
     2.73415       4.366     4.83685   0.0856075
     2.92271       5.034      3.6395   0.0646758
     3.11127       1.834     2.73352   0.0631993
     3.29983       1.062      1.9435   0.0516615
     3.48839       1.034     1.32367   0.0420721
     3.67696        0.32    0.779903   0.0335677
     3.86552           0    0.511903   0.0275692
     4.05408           0    0.293788   0.0204258
     4.24264           0    0.219696   0.0197579
      4.4312           1    0.154458   0.0164752
     4.61976           0    0.133095   0.0162935
     4.80833           0   0.0375702  0.00705108
     4.99689           0   0.0274097  0.00644995
     5.18545           0   0.0089341  0.00294227
     5.37401           0  0.00509456  0.00289739
     5.56257           0 7.44986e-05 7.43918e-05
   0.0942809       0.122     0.10164  0.00987325
    0.282843       1.336    0.747246   0.0324631
    0.471405       1.674      2.0899    0.059716
    0.659966       3.226     3.89174   0.0696639
    0.848528       5.002     6.23163   0.0978341
     1.03709       7.252     7.74442   0.0956957
     1.22565        8.26     9.53002    0.119577
     1.41421       9.162      9.6913    0.121117
     1.60278       7.258     10.0037    0.117671
     1.79134       8.928     9.92608    0.116701
      1.9799      13.868     9.65037     0.10904
     2.16846       9.102     8.67882     0.10336
     2.35702       9.644     7.42587    0.107159
     2.54558       7.032     5.63973    0.107792
     2.73415       6.226     4.84082   0.0854549
     2.92271       3.108     3.63798   0.0645088
     3.11127        2.47     2.73277   0.0630232
     3.29983       1.862     1.94327   0.0515144
     3.48839       0.662     1.32178   0.0419943
     3.67696         0.3    0.778531   0.0334998
     3.86552       0.378     0.51152   0.0274931
     4.05408       0.128    0.293314   0.0203729
     4.24264           0    0.219069   0.0197114
      4.4312           1    0.156874   0.0166043
     4.61976           0    0.132714   0.0162514
     4.80833           0   0.0374629  0.00703175
     4.99689           0   0.0273314    0.006432
     5.18545           0  0.00890857  0.00293398
     5.37401           0     0.00508  0.00288915
     5.56257           0 7.42857e-05 7.41795e-05
   0.0942809        0.41    0.102519  0.00988413
    0.282843       1.878    0.750467     0.03253
    0.471405       1.112     2.08712   0.0596108
    0.659966        2.12     3.88669   0.0696481
    0.848528        5.09     6.22838   0.0976094
     1.03709      10.054       7.751    0.095649
     1.22565       6.616     9.52172    0.119524
     1.41421        6.65     9.68263    0.121081
     1.60278       8.768     10.0002    0.117389
     1.79134       11.58     9.93079    0.116463
      1.9799      11.448     9.65549    0.108849
     2.16846      12.068     8.68848    0.103516
     2.35702       7.776     7.42687    0.106858
     2.54558       7.346     5.64459    0.107594
     2.73415       5.564     4.84288   0.0852362
     2.92271       3.004     3.63617   0.0643503
     3.11127       1.198      2.7284   0.0629952
     3.29983       2.082     1.94366   0.0513692
     3.48839       1.104     1.32116   0.0418792
     3.67696       0.968    0.779071   0.0334087
     3.86552       0.246    0.510764   0.0274252
     4.05408       0.016    0.292524   0.0203302
     4.24264       0.354    0.219453    0.019659
      4.4312       0.452    0.157715   0.0165783
     4.61976       0.096     0.13261   0.0162054
     4.80833           0   0.0373561  0.00701253
     4.99689           0   0.0272536  0.00641415
     5.18545           0  0.00888319  0.00292573
     5.37401           0  0.00506553  0.00288096
     5.56257           0 7.40741e-05 7.39685e-05
   0.0942809       0.004    0.102239  0.00986001
    0.282843       1.668    0.753074   0.0325419
    0.471405       1.922     2.08665   0.0594433
    0.659966       3.576     3.88581   0.0694558
    0.848528       5.206     6.22547   0.0973753
     1.03709       9.364     7.75558    0.095487
     1.22565       7.494     9.51595    0.119323
     1.41421       6.694     9.67414    0.121035
     1.60278       9.708      9.9994    0.117058
     1.79134      11.858     9.93627    0.116261
      1.9799      12.462     9.66347    0.108832
     2.16846       6.898     8.68339    0.103347
     2.35702       7.174     7.42615    0.106557
     2.54558        7.42     5.64963    0.107407
     2.73415       4.532     4.84199   0.0849987
     2.92271       4.298     3.63805   0.0641949
     3.11127       2.264     2.72708     0.06283
     3.29983       1.336     1.94194   0.0512522
     3.48839       2.042      1.3232   0.0418103
     3.67696       1.068    0.779892   0.0333239
     3.86552       0.264    0.510062   0.0273562
     4.05408        0.01    0.291722   0.0202882
     4.24264       0.568    0.220443   0.0196281
      4.4312        0.17     0.15775   0.0165312
     4.61976           0    0.132233   0.0161637
     4.80833           0     0.03725  0.00699341
     4.99689           0   0.0271761  0.00639639
     5.18545           0  0.00885795  0.00291752
     5.37401           0  0.00505114  0.00287281
     5.56257           0 7.38636e-05 7.37586e-05
   0.0942809           0    0.101949  0.00983633
    0.282843       1.968    0.756516   0.0326312
    0.471405       1.804     2.08585   0.0592803
    0.659966       3.356     3.88431   0.0692753
    0.848528       5.402     6.22314   0.0971274
     1.03709       7.356     7.75445   0.0952232
     1.22565       6.236     9.50666    0.119347
     1.41421       9.138     9.67262    0.120701
     1.60278      16.222      10.017    0.118046
     1.79134      12.406     9.94326    0.116142
      1.9799       8.422     9.65995     0.10858
     2.16846       8.494     8.68286    0.103055
     2.35702       4.976     7.41921    0.106481
     2.54558        3.92     5.64473    0.107214
     2.73415        6.41     4.84644   0.0848739
     2.92271       3.992     3.63905   0.0640209
     3.11127       1.968     2.72493   0.0626888
     3.29983       0.908     1.93901   0.0511907
     3.48839       3.002     1.32796   0.0419615
     3.67696       1.136    0.780901   0.0332448
     3.86552       0.884    0.511122   0.0272992
     4.05408           0    0.290895   0.0202476
     4.24264           0    0.219819   0.0195824
      4.4312           0    0.157303   0.0164904
     4.61976           0    0.131858   0.0161223
     4.80833           0   0.0371445   0.0069744
     4.99689           0   0.0270992  0.00637874
     5.18545           0  0.00883286  0.00290937
     5.37401           0  0.00503683  0.00286471
     5.56257           0 7.36544e-05   7.355e-05
   0.0942809       0.312    0.102542  0.00982643
    0.282843       1.676    0.759113   0.0326422
    0.471405       1.826     2.08511   0.0591174
    0.659966       3.906     3.88437   0.0690796
    0.848528        6.08     6.22273   0.0968538
     1.03709       6.414     7.75066   0.0950295
     1.22565       5.576     9.49556    0.119525
     1.41421       8.744        9.67    0.120389
     1.60278      14.168     10.0288    0.118294
     1.79134      11.066     9.94644    0.115857
      1.9799      10.508     9.66234      0.1083
     2.16846      10.902     8.68912    0.102955
     2.35702       6.882     7.41769    0.106191
     2.54558        5.92     5.64551    0.106914
     2.73415       4.584     4.84569   0.0846373
     2.92271       3.564     3.63884   0.0638404
     3.11127       0.712     2.71924   0.0627691
     3.29983        1.11     1.93667   0.0510996
     3.48839       1.136     1.32742   0.0418464
     3.67696        2.31     0.78522   0.0334303
     3.86552       0.418    0.510859   0.0272234
     4.05408       0.186    0.290599   0.0201926
     4.24264           0    0.219198    0.019537
      4.4312           0    0.156859   0.0164498
     4.61976           0    0.131486    0.016081
     4.80833           0   0.0370395  0.00695548
     4.99689           0   0.0270226  0.00636118
     5.18545           0  0.00880791  0.00290126
     5.37401           0   0.0050226  0.00285665
     5.56257           0 7.34463e-05 7.33425e-05
   0.0942809        0.11    0.102563  0.00979877
    0.282843       0.954    0.759662   0.0325549
    0.471405        2.69     2.08682   0.0589754
    0.659966        3.02     3.88193   0.0689279
    0.848528       6.118     6.22244   0.0965815
     1.03709      10.188     7.75753   0.0950095
     1.22565       6.134     9.48609    0.119563
     1.41421       7.912     9.66505    0.120152
     1.60278      11.704     10.0335    0.118055
     1.79134        8.58     9.94259    0.115595
      1.9799       13.25     9.67245    0.108465
     2.16846       9.958      8.6927    0.102727
     2.35702       5.478     7.41223    0.106032
     2.54558       6.444     5.64776    0.106637
     2.73415       4.258     4.84404   0.0844151
     2.92271       3.392     3.63815   0.0636644
     3.11127       1.112     2.71472   0.0627553
     3.29983       0.938     1.93385    0.051033
     3.48839       1.806     1.32877   0.0417503
     3.67696       0.854    0.785414   0.0333367
     3.86552       1.358    0.513245   0.0272511
     4.05408       0.536     0.29129   0.0201475
     4.24264       0.686    0.220513   0.0195261
      4.4312        0.52    0.157882   0.0164353
     4.61976           0    0.131115     0.01604
     4.80833           0   0.0369352  0.00693667
     4.99689           0   0.0269465  0.00634371
     5.18545           0   0.0087831  0.00289319
     5.37401           0  0.00500845  0.00284864
     5.56257           0 7.32394e-05 7.31362e-05
   0.0942809       0.744    0.104365  0.00993552
    0.282843       0.292    0.758348     0.03249
    0.471405       1.376     2.08482   0.0588435
    0.659966        4.16     3.88271   0.0687387
    0.848528       8.498     6.22883   0.0965214
     1.03709       10.38     7.76489   0.0950277
     1.22565       7.368     9.48014    0.119375
     1.41421       8.716     9.66238    0.119844
     1.60278       8.726     10.0298     0.11778
     1.79134       9.566     9.94153    0.115275
      1.9799       10.41     9.67452     0.10818
     2.16846       9.834      8.6959    0.102488
     2.35702       4.872      7.4051    0.105974
     2.54558       5.484      5.6473    0.106338
     2.73415       5.354     4.84547   0.0841901
     2.92271       3.784     3.63856   0.0634869
     3.11127       2.098     2.71298    0.062603
     3.29983       1.792     1.93346   0.0508912
     3.48839         0.6     1.32672   0.0416831
     3.67696       1.472    0.787343   0.0332988
     3.86552        1.33    0.515539   0.0272709
     4.05408       0.058    0.290635   0.0201016
     4.24264       1.086    0.222944    0.019622
      4.4312           0    0.157438   0.0163951
     4.61976           0    0.130747   0.0159992
     4.80833           0   0.0368315  0.00691797
     4.99689           0   0.0268708  0.00632635
     5.18545           0  0.00875843  0.00288517
     5.37401           0  0.00499438  0.00284067
     5.56257           0 7.30337e-05 7.29311e-05
   0.0942809       0.076    0.104286  0.00990801
    0.282843       0.308    0.757087   0.0324234
    0.471405       2.596     2.08625   0.0586961
    0.659966        5.07     3.88604   0.0686266
    0.848528       8.344     6.23476   0.0964328
     1.03709       10.16      7.7716   0.0949981
     1.22565       9.406     9.47993    0.119041
     1.41421        9.89     9.66302     0.11951
     1.60278        5.52     10.0172    0.118126
     1.79134       9.474     9.94022     0.11496
      1.9799       9.422     9.67382     0.10788
     2.16846       7.554     8.69271    0.102251
     2.35702       8.244     7.40745    0.105704
     2.54558        5.73     5.64753     0.10604
     2.73415       4.062     4.84328   0.0839829
     2.92271       4.584      3.6412   0.0633642
     3.11127       2.448     2.71224    0.062432
     3.29983       0.884     1.93052   0.0508335
     3.48839       1.002     1.32581   0.0415763
     3.67696       0.582    0.786768   0.0332105
     3.86552       1.644      0.5187   0.0273771
     4.05408           0    0.289821   0.0200617
     4.24264        0.98    0.225064   0.0196813
      4.4312        0.02    0.157053   0.0163537
     4.61976           0    0.130381   0.0159586
     4.80833           0   0.0367283  0.00689936
     4.99689           0   0.0267955  0.00630907
     5.18545           0  0.00873389  0.00287719
     5.37401           0  0.00498039  0.00283275
     5.56257           0 7.28291e-05 7.27271e-05
   0.0942809       0.056    0.104151  0.00988125
    0.282843       0.718    0.756978    0.032333
    0.471405       2.054     2.08616   0.0585322
    0.659966       5.552     3.89069   0.0685925
    0.848528        9.45     6.24374   0.0965807
     1.03709       8.826     7.77455   0.0947784
     1.22565        9.17     9.47907    0.118711
     1.41421       8.932     9.66098    0.119193
     1.60278       7.084      10.009     0.11808
     1.79134       11.94      9.9458    0.114774
      1.9799        6.51     9.66498     0.10794
     2.16846       8.984     8.69352    0.101968
     2.35702       7.986     7.40906    0.105421
     2.54558       3.946     5.64278    0.105851
     2.73415       4.872     4.84336   0.0837484
     2.92271       4.532     3.64369   0.0632361
     3.11127       2.594     2.71191   0.0622585
     3.29983       0.786     1.92732   0.0507919
     3.48839       1.144      1.3253   0.0414633
     3.67696       1.038    0.787469   0.0331251
     3.86552       0.742    0.519324   0.0273078
     4.05408       0.574    0.290615   0.0200214
     4.24264        0.15    0.224855   0.0196275
      4.4312        0.36     0.15762   0.0163178
     4.61976           0    0.130017   0.0159181
     4.80833           0   0.0366257  0.00688085
     4.99689           0   0.0267207  0.00629189
     5.18545           0   0.0087095  0.00286926
     5.37401           0  0.00496648  0.00282487
     5.56257           0 7.26257e-05 7.25242e-05
   0.0942809       0.012    0.103894  0.00985706
    0.282843       1.474    0.758975   0.0323046
    0.471405       0.586     2.08198   0.0585181
    0.659966       4.368     3.89202   0.0684143
    0.848528       8.204      6.2492   0.0964659
     1.03709       6.108     7.76991    0.094628
     1.22565       12.25     9.48679    0.118631
     1.41421      10.778     9.66409    0.118902
     1.60278       7.076     10.0008    0.118033
     1.79134      10.984      9.9487    0.114491
      1.9799       6.526     9.65623    0.107992
     2.16846       9.236     8.69503    0.101696
     2.35702       7.386       7.409    0.105127
     2.54558       5.172     5.64147    0.105564
     2.73415       5.542      4.8453   0.0835377
     2.92271       5.144     3.64787   0.0631979
     3.11127       2.718     2.71193   0.0620851
     3.29983       0.944     1.92458   0.0507243
     3.48839       0.346     1.32257   0.0414374
     3.67696        1.45    0.789315   0.0330842
     3.86552       0.696    0.519816   0.0272361
     4.05408           0    0.289805    0.019982
     4.24264           0    0.224228   0.0195828
      4.4312           1    0.159967   0.0164402
     4.61976           0    0.129655   0.0158779
     4.80833           0   0.0365237  0.00686244
     4.99689           0   0.0266462  0.00627481
     5.18545           0  0.00868524  0.00286137
     5.37401           0  0.00495265  0.00281703
     5.56257           0 7.24234e-05 7.23225e-05
   0.0942809           0    0.103606   0.0098339
    0.282843       0.884    0.759322   0.0322167
    0.471405       1.932     2.08157   0.0583571
    0.659966       4.552     3.89386   0.0682488
    0.848528       6.938     6.25111   0.0962169
     1.03709         5.8     7.76443   0.0945232
     1.22565      11.084     9.49122    0.118385
     1.41421      10.046     9.66515    0.118576
     1.60278        9.61     9.99972     0.11771
     1.79134      10.402     9.94996     0.11418
      1.9799       8.232     9.65228    0.107765
     2.16846       9.418     8.69704    0.101433
     2.35702       5.822     7.40459    0.104927
     2.54558        8.09     5.64827     0.10549
     2.73415       5.198     4.84628   0.0833114
     2.92271       1.818     3.64279   0.0632264
     3.11127        2.39     2.71103   0.0619191
     3.29983       2.004      1.9248   0.0505838
     3.48839        0.43     1.32009   0.0413964
     3.67696        2.19    0.793206   0.0332203
     3.86552        0.16    0.518817   0.0271788
     4.05408       0.446    0.290239   0.0199312
     4.24264       0.348    0.224572   0.0195314
      4.4312       0.206    0.160094    0.016395
     4.61976           0    0.129294   0.0158379
     4.80833           0   0.0364222  0.00684412
     4.99689           0   0.0265722  0.00625781
     5.18545           0  0.00866111  0.00285352
     5.37401           0  0.00493889  0.00280924
     5.56257           0 7.22222e-05 7.21218e-05
   0.0942809       0.006    0.103335  0.00981038
    0.282843       0.368    0.758238   0.0321457
    0.471405        2.85      2.0837   0.0582342
    0.659966       6.266     3.90043   0.0683754
    0.848528       8.164     6.25641   0.0960962
     1.03709        6.61     7.76124   0.0943155
     1.22565         7.2     9.48488    0.118227
     1.41421       9.156     9.66374    0.118256
     1.60278       11.88     10.0049    0.117499
     1.79134        8.48     9.94588    0.113936
      1.9799       8.344     9.64865    0.107527
     2.16846       9.088     8.69812    0.101158
     2.35702        6.48     7.40203    0.104668
     2.54558       6.172     5.64972    0.105207
     2.73415       6.028     4.84956   0.0831449
     2.92271       2.222     3.63885   0.0631736
     3.11127       1.604     2.70797   0.0618234
     3.29983        1.25     1.92293   0.0504782
     3.48839        2.52     1.32342    0.041415
     3.67696        1.93    0.796355   0.0332772
     3.86552       0.382    0.518438   0.0271062
     4.05408           1    0.292205   0.0199727
     4.24264           0     0.22395   0.0194872
      4.4312           0    0.159651   0.0163556
     4.61976           0    0.128936   0.0157981
     4.80833           0   0.0363213  0.00682591
     4.99689           0   0.0264986  0.00624091
     5.18545           0  0.00863712  0.00284572
     5.37401           0  0.00492521  0.00280149
     5.56257           0 7.20222e-05 7.19223e-05
   0.0942809           0     0.10305  0.00978743
    0.282843       1.466    0.760193   0.0321163
    0.471405       2.254     2.08417   0.0580753
    0.659966       2.144     3.89557   0.0683584
    0.848528       9.356     6.26497   0.0962114
     1.03709        8.24     7.76256   0.0940642
     1.22565       8.632     9.48252    0.117924
     1.41421         9.8     9.66412     0.11793
     1.60278      10.798     10.0071    0.117195
     1.79134           9     9.94327    0.113651
      1.9799       6.712     9.64054    0.107536
     2.16846       11.12     8.70481    0.101099
     2.35702       6.744     7.40021    0.104395
     2.54558       6.986     5.65341    0.104981
     2.73415       2.498     4.84306   0.0831686
     2.92271       2.602     3.63599    0.063064
     3.11127       1.934     2.70583   0.0616896
     3.29983       1.928     1.92294   0.0503388
     3.48839        2.55     1.32681   0.0414389
     3.67696       1.986    0.799641   0.0333472
     3.86552        0.38    0.518055    0.027034
     4.05408       0.154    0.291823   0.0199212
     4.24264       0.628    0.225066   0.0194653
      4.4312       0.088    0.159453   0.0163116
     4.61976           0     0.12858   0.0157584
     4.80833           0    0.036221  0.00680779
     4.99689           0   0.0264254   0.0062241
     5.18545           0  0.00861326  0.00283796
     5.37401           0   0.0049116  0.00279379
     5.56257           0 7.18232e-05 7.17239e-05
   0.0942809           0    0.102766  0.00976458
    0.282843       1.008    0.760876   0.0320351
    0.471405       2.322     2.08482    0.057919
    0.659966       2.664     3.89218   0.0682542
    0.848528       6.122     6.26458   0.0959472
     1.03709       7.472     7.76176   0.0938085
     1.22565      10.302     9.48478     0.11762
     1.41421      10.878     9.66746    0.117653
     1.60278      13.692     10.0173    0.117311
     1.79134       8.824     9.94019     0.11338
      1.9799       6.926     9.63306    0.107499
     2.16846        10.7     8.71031     0.10097
     2.35702        7.79     7.40128    0.104113
     2.54558       4.206     5.64942    0.104768
     2.73415       3.104     4.83827   0.0830773
     2.92271       2.546     3.63299   0.0629617
     3.11127       2.146     2.70429   0.0615389
     3.29983        1.46     1.92167   0.0502163
     3.48839       2.474     1.32997   0.0414451
     3.67696           1    0.800193   0.0332599
     3.86552       1.364    0.520386   0.0270598
     4.05408           0    0.291019   0.0198825
     4.24264       0.384    0.225504   0.0194166
      4.4312       0.616    0.160711   0.0163151
     4.61976           0    0.128226    0.015719
     4.80833           0   0.0361212  0.00678977
     4.99689           0   0.0263526  0.00620738
     5.18545           0  0.00858953  0.00283024
     5.37401           0  0.00489807  0.00278612
     5.56257           0 7.16253e-05 7.15266e-05
   0.0942809       0.012    0.102516  0.00974094
    0.282843       0.802    0.760989   0.0319473
    0.471405        1.89     2.08429   0.0577623
    0.659966       4.082      3.8927   0.0680687
    0.848528       6.254     6.26455   0.0956836
     1.03709       8.506      7.7638    0.093573
     1.22565      10.682     9.48807    0.117343
     1.41421       8.584     9.66448    0.117367
     1.60278        8.81      10.014    0.117036
     1.79134       9.372     9.93863    0.113079
      1.9799       7.936      9.6284    0.107305
     2.16846      11.328      8.7175    0.100948
     2.35702           8     7.40293     0.10384
     2.54558       5.672     5.64948     0.10448
     2.73415        3.93     4.83577   0.0828866
     2.92271       2.318     3.62937   0.0628923
     3.11127       4.262     2.70857   0.0615185
     3.29983       0.548      1.9179   0.0502199
     3.48839       1.974     1.33174    0.041369
     3.67696       0.622    0.799703   0.0331721
     3.86552       1.036    0.521802   0.0270225
     4.05408       0.226    0.290841   0.0198287
     4.24264       0.422    0.226044   0.0193708
      4.4312       0.638    0.162022   0.0163229
     4.61976       0.094    0.128132   0.0156761
     4.80833           0    0.036022  0.00677184
     4.99689           0   0.0262802  0.00619075
     5.18545           0  0.00856593  0.00282256
     5.37401           0  0.00488462   0.0027785
     5.56257           0 7.14286e-05 7.13304e-05
   0.0942809           0    0.102236   0.0097183
    0.282843       0.272    0.759649   0.0318878
    0.471405       0.314     2.07944   0.0578073
    0.659966       6.524     3.89991   0.0682629
    0.848528       5.192     6.26161   0.0954666
     1.03709       9.472     7.76848   0.0934336
     1.22565      13.032     9.49778    0.117423
     1.41421       7.728     9.65918    0.117165
     1.60278      11.804     10.0189    0.116818
     1.79134       6.146     9.92824    0.113246
      1.9799       9.296     9.62749    0.107015
     2.16846       8.704     8.71746    0.100672
     2.35702       7.646     7.40359    0.103557
     2.54558        5.02     5.64776    0.104208
     2.73415       3.898     4.83321   0.0826993
     2.92271       2.288      3.6257   0.0628273
     3.11127       2.968     2.70928   0.0613541
     3.29983        2.44     1.91933   0.0501027
     3.48839       2.282     1.33434   0.0413375
     3.67696       0.314    0.798373   0.0331079
     3.86552       1.446    0.524334   0.0270668
     4.05408       0.814    0.292274   0.0198261
     4.24264         0.4    0.226521   0.0193236
      4.4312           0    0.161578   0.0162842
     4.61976           0    0.127781   0.0156371
     4.80833           0   0.0359233  0.00675401
     4.99689           0   0.0262082  0.00617421
     5.18545           0  0.00854247  0.00281492
     5.37401           0  0.00487123  0.00277092
     5.56257           0 7.12329e-05 7.11352e-05
   0.0942809       0.022    0.102016  0.00969422
    0.282843       0.732    0.759574   0.0318008
    0.471405       1.724     2.07846   0.0576576
    0.659966       5.608     3.90458   0.0682357
    0.848528       3.978     6.25537   0.0954094
     1.03709       6.308     7.76449   0.0932635
     1.22565      10.536     9.50061    0.117136
     1.41421      11.486     9.66417    0.116952
     1.60278       9.736     10.0181    0.116501
     1.79134       7.716     9.92219    0.113098
      1.9799      12.232     9.63461    0.106959
     2.16846      12.694     8.72833    0.100981
     2.35702       6.838     7.40205    0.103286
     2.54558       3.062     5.64069    0.104163
     2.73415        2.45     4.82669   0.0827293
     2.92271       2.578     3.62284   0.0627208
     3.11127       2.448     2.70856   0.0611906
     3.29983       2.606      1.9212   0.0500009
     3.48839       1.754     1.33549   0.0412405
     3.67696       0.484    0.797514   0.0330286
     3.86552       1.696    0.527536   0.0271815
     4.05408       0.312    0.292328    0.019772
     4.24264           1    0.228634    0.019386
      4.4312           0    0.161137   0.0162457
     4.61976           0    0.127432   0.0155983
     4.80833           0   0.0358251  0.00673626
     4.99689           0   0.0261366  0.00615775
     5.18545           0  0.00851913  0.00280733
     5.37401           0  0.00485792  0.00276338
     5.56257           0 7.10383e-05 7.09411e-05
   0.0942809           0    0.101738  0.00967179
    0.282843       1.166    0.760681   0.0317334
    0.471405       2.624     2.07995   0.0575196
    0.659966       3.678     3.90396   0.0680526
    0.848528        5.16     6.25239   0.0951961
     1.03709       8.192     7.76566   0.0930167
     1.22565       8.388     9.49758    0.116856
     1.41421        9.52     9.66378    0.116634
     1.60278      11.026     10.0208    0.116216
     1.79134      12.942     9.93042    0.113088
      1.9799      10.072      9.6358    0.106674
     2.16846      11.414     8.73565    0.100971
     2.35702       4.626     7.39449    0.103281
     2.54558       2.126     5.63112    0.104318
     2.73415       2.878     4.82138   0.0826741
     2.92271        3.12     3.62147   0.0625649
     3.11127        3.44     2.71056   0.0610563
     3.29983        1.65     1.92046   0.0498702
     3.48839       0.884     1.33426   0.0411464
     3.67696        1.43    0.799237   0.0329835
     3.86552       2.392    0.532616   0.0275781
     4.05408       0.998    0.294251   0.0198114
     4.24264       0.274    0.228757   0.0193336
      4.4312           0    0.160698   0.0162074
     4.61976           0    0.127084   0.0155596
     4.80833           0   0.0357275  0.00671862
     4.99689           0   0.0260654  0.00614139
     5.18545           0  0.00849591  0.00279978
     5.37401           0  0.00484469  0.00275589
     5.56257           0 7.08447e-05 7.07481e-05
   0.0942809       0.014      0.1015  0.00964845
    0.282843       0.434    0.759793   0.0316596
    0.471405       3.188     2.08296   0.0574421
    0.659966       5.934     3.90948   0.0680909
    0.848528       6.762     6.25377   0.0949475
     1.03709       8.264     7.76701   0.0927738
     1.22565       8.216      9.4941     0.11659
     1.41421       9.672      9.6638    0.116317
     1.60278      11.722     10.0255    0.115992
     1.79134       9.702      9.9298    0.112783
      1.9799      10.474     9.63808    0.106409
     2.16846        9.84     8.73865    0.100741
     2.35702       3.448     7.38376    0.103556
     2.54558       1.858     5.62086    0.104537
     2.73415       4.622     4.82084   0.0824512
     2.92271       3.726     3.62175   0.0623955
     3.11127       2.892     2.71105   0.0608924
     3.29983       2.054     1.92083    0.049736
     3.48839       1.006     1.33336   0.0410443
     3.67696        0.13    0.797418    0.032944
     3.86552       1.962      0.5365   0.0277754
     4.05408       1.084    0.296397   0.0198735
     4.24264       0.996    0.230842   0.0193931
      4.4312           0    0.160261   0.0161692
     4.61976           0    0.126739   0.0155212
     4.80833           0   0.0356304  0.00670106
     4.99689           0   0.0259946  0.00612511
     5.18545           0  0.00847283  0.00279226
     5.37401           0  0.00483152  0.00274843
     5.56257           0 7.06522e-05 7.05561e-05
   0.0942809       0.074    0.101425  0.00962259
    0.282843       0.162    0.758173   0.0316152
    0.471405       2.216     2.08332   0.0572875
    0.659966       3.968     3.90964   0.0679066
    0.848528        6.64     6.25482    0.094696
     1.03709        7.58      7.7665   0.0925237
     1.22565      11.462     9.49943    0.116396
     1.41421       11.25      9.6681    0.116081
     1.60278      13.882     10.0359    0.116148
     1.79134      12.714     9.93734    0.112729
      1.9799      10.442     9.64025    0.106142
     2.16846       5.488     8.72984    0.100853
     2.35702       2.272     7.36991    0.104197
     2.54558       1.878     5.61072    0.104745
     2.73415       4.938     4.82116   0.0822284
     2.92271       3.244     3.62073   0.0622348
     3.11127       2.686     2.71098   0.0607274
     3.29983       0.974     1.91826   0.0496673
     3.48839       1.058     1.33262   0.0409398
     3.67696        0.42    0.796396   0.0328706
     3.86552       2.478    0.541762    0.028194
     4.05408       0.596    0.297209   0.0198362
     4.24264        1.51    0.234309   0.0196479
      4.4312       0.068    0.160011   0.0161273
     4.61976           0    0.126396   0.0154829
     4.80833           0   0.0355339   0.0066836
     4.99689           0   0.0259241  0.00610891
     5.18545           0  0.00844986  0.00278479
     5.37401           0  0.00481843  0.00274101
     5.56257           0 7.04607e-05 7.03652e-05
   0.0942809           0    0.101151  0.00960048
    0.282843           1    0.758827   0.0315365
    0.471405       1.772     2.08248   0.0571389
    0.659966        3.85     3.90948   0.0677232
    0.848528       5.888     6.25383   0.0944452
     1.03709        4.86     7.75865   0.0926065
     1.22565      10.392     9.50184    0.116107
     1.41421      17.164     9.68836    0.117522
     1.60278      13.184     10.0444    0.116145
     1.79134      13.232     9.94625    0.112776
      1.9799        9.64     9.64025    0.105856
     2.16846       5.768     8.72183    0.100897
     2.35702        2.77     7.35748    0.104655
     2.54558       2.308     5.60179    0.104841
     2.73415       1.982     4.81349   0.0823634
     2.92271        2.66     3.61813   0.0621208
     3.11127       3.268     2.71249   0.0605819
     3.29983       1.924     1.91828   0.0495331
     3.48839        0.61     1.33066   0.0408758
     3.67696       0.982    0.796897   0.0327856
     3.86552       2.426    0.546854    0.028574
     4.05408       0.478    0.297697   0.0197886
     4.24264       1.238    0.237022   0.0197812
      4.4312       0.206    0.160135   0.0160842
     4.61976       0.288    0.126832   0.0154472
     4.80833        0.11   0.0357351  0.00666856
     4.99689           0   0.0258541   0.0060928
     5.18545           0  0.00842703  0.00277736
     5.37401           0  0.00480541  0.00273363
     5.56257           0 7.02703e-05 7.01752e-05
   0.0942809        0.26     0.10158  0.00958415
    0.282843       1.986    0.762135   0.0316245
    0.471405       1.918     2.08204   0.0569866
    0.659966       4.488     3.91104   0.0675586
    0.848528       5.952     6.25301   0.0941942
     1.03709       6.594     7.75551   0.0924101
     1.22565       12.35     9.50952    0.116047
     1.41421       14.35     9.70092    0.117875
     1.60278       9.456     10.0428    0.115843
     1.79134       13.22     9.95507    0.112816
      1.9799      11.746     9.64593    0.105722
     2.16846        5.19     8.71231    0.101073
     2.35702       1.336     7.34125    0.105624
     2.54558       1.246     5.59005    0.105214
     2.73415       2.208     4.80646   0.0824402
     2.92271       4.674     3.62098   0.0620185
     3.11127       2.962     2.71316   0.0604223
     3.29983       2.856      1.9208    0.049464
     3.48839        0.53     1.32851   0.0408225
     3.67696        0.62     0.79642   0.0327007
     3.86552       1.334    0.548976   0.0285757
     4.05408       0.986    0.299553   0.0198221
     4.24264        0.88    0.238755   0.0198037
      4.4312        0.04    0.159811   0.0160441
     4.61976       0.054    0.126636   0.0154068
     4.80833       0.568   0.0371698  0.00680317
     4.99689       0.196   0.0263127  0.00609362
     5.18545           0  0.00840431  0.00276997
     5.37401           0  0.00479245   0.0027263
     5.56257           0 7.00809e-05 6.99864e-05
   0.0942809       0.162    0.101742  0.00955976
    0.282843       1.386    0.763812    0.031584
    0.471405       0.852     2.07873   0.0569292
    0.659966       4.578     3.91283   0.0674008
    0.848528        5.84      6.2519   0.0939475
     1.03709       8.412     7.75727   0.0921785
     1.22565      11.626     9.51521    0.115875
     1.41421       10.16     9.70216    0.117564
     1.60278       9.946     10.0426    0.115532
     1.79134       8.694     9.95168    0.112564
      1.9799      10.704     9.64877    0.105476
     2.16846      11.132     8.71882    0.101011
     2.35702       3.768     7.33164    0.105776
     2.54558       3.486      5.5844    0.105083
     2.73415       3.822     4.80382   0.0822611
     2.92271        3.33     3.62019   0.0618567
     3.11127       3.624     2.71561   0.0603095
     3.29983       2.114     1.92132   0.0493338
     3.48839       0.932     1.32744   0.0407267
     3.67696        0.94    0.796806    0.032615
     3.86552        0.48     0.54879   0.0284995
     4.05408        0.66    0.300522   0.0197924
     4.24264        0.18    0.238597   0.0197511
      4.4312       0.172    0.159844    0.016001
     4.61976           0    0.126296   0.0153692
     4.80833           1   0.0397581  0.00726055
     4.99689           0   0.0262419  0.00607765
     5.18545           0  0.00838172  0.00276261
     5.37401           0  0.00477957    0.002719
     5.56257           0 6.98925e-05 6.97985e-05
   0.0942809           0    0.101469  0.00953802
    0.282843           1    0.764445   0.0315056
    0.471405        1.53     2.07726   0.0567956
    0.659966       5.446     3.91694   0.0673453
    0.848528       5.382     6.24957   0.0937246
     1.03709       7.636     7.75695    0.091932
     1.22565       9.622      9.5155    0.115564
     1.41421       9.468     9.70153    0.117251
     1.60278       9.802     10.0419    0.115224
     1.79134       9.574     9.95067    0.112267
      1.9799      11.116     9.65271    0.105267
     2.16846       9.336     8.72047    0.100754
     2.35702       6.308      7.3289    0.105528
     2.54558       4.886     5.58253    0.104818
     2.73415       5.182     4.80483   0.0820468
     2.92271       2.382     3.61687   0.0617799
     3.11127       3.922     2.71884   0.0602345
     3.29983       1.612     1.92049   0.0492085
     3.48839       1.366     1.32754   0.0406176
     3.67696       1.468    0.798606   0.0325772
     3.86552       0.628    0.549003   0.0284239
     4.05408        0.01    0.299743   0.0197547
     4.24264        0.01    0.237984   0.0197076
      4.4312       0.012    0.159448    0.015963
     4.61976       0.016       0.126   0.0153308
     4.80833       0.286   0.0404182  0.00727104
     4.99689           0   0.0261716  0.00606176
     5.18545           0  0.00835925   0.0027553
     5.37401           0  0.00476676  0.00271174
     5.56257           0 6.97051e-05 6.96116e-05
   0.0942809       0.008    0.101219  0.00951579
    0.282843       1.394    0.766128   0.0314663
    0.471405        1.27      2.0751   0.0566848
    0.659966       5.858     3.92213   0.0673649
    0.848528        6.89     6.25128   0.0934896
     1.03709       8.046     7.75772   0.0916894
     1.22565       5.712     9.50533    0.115702
     1.41421       9.332     9.70054    0.116941
     1.60278      12.322      10.048    0.115077
     1.79134      11.108     9.95376    0.112009
      1.9799      10.014     9.65367     0.10499
     2.16846       7.708     8.71776    0.100521
     2.35702       5.502     7.32401    0.105359
     2.54558       4.504     5.57964    0.104578
     2.73415       2.794     4.79945   0.0820034
     2.92271       5.822     3.62277   0.0618954
     3.11127       3.564      2.7211   0.0601158
     3.29983       3.032     1.92347   0.0491666
     3.48839       1.704     1.32855   0.0405215
     3.67696       1.154    0.799556   0.0325039
     3.86552       0.262    0.548235   0.0283582
     4.05408           0    0.298941   0.0197181
     4.24264           0    0.237348   0.0196652
      4.4312           0    0.159021    0.015926
     4.61976           0    0.125663   0.0152935
     4.80833           0   0.0403102   0.0072524
     4.99689           0   0.0261016  0.00604596
     5.18545           0   0.0083369  0.00274802
     5.37401           0  0.00475401  0.00270452
     5.56257           0 6.95187e-05 6.94257e-05
   0.0942809           0    0.100949  0.00949425
    0.282843       1.874    0.769083   0.0315208
    0.471405       1.646     2.07396   0.0565451
    0.659966       5.016     3.92505   0.0672484
    0.848528        7.67     6.25507   0.0933168
     1.03709       6.768     7.75508   0.0914829
     1.22565       6.016     9.49602    0.115767
     1.41421      12.256     9.70735    0.116828
     1.60278      13.214     10.0565    0.115079
     1.79134       9.512     9.95259    0.111717
      1.9799       9.184     9.65242    0.104717
     2.16846        5.89     8.71022    0.100535
     2.35702        3.62     7.31413     0.10554
     2.54558       6.302     5.58157    0.104317
     2.73415       4.572     4.79885    0.081787
     2.92271       4.048      3.6239   0.0617407
     3.11127       2.374     2.72018   0.0599626
     3.29983       2.658     1.92542   0.0490745
     3.48839        2.63     1.33202   0.0405618
     3.67696       2.376     0.80376    0.032688
     3.86552       0.258    0.547461   0.0282932
     4.05408       0.066     0.29832   0.0196753
     4.24264        0.05    0.236848   0.0196191
      4.4312           0    0.158597   0.0158892
     4.61976           0    0.125328   0.0152564
     4.80833           0   0.0402027  0.00723386
     4.99689           0    0.026032  0.00603023
     5.18545           0  0.00831467  0.00274078
     5.37401           0  0.00474133  0.00269734
     5.56257           0 6.93333e-05 6.92408e-05
   0.0942809       0.212    0.101245  0.00947359
    0.282843       2.774    0.774415   0.0318848
    0.471405        1.28     2.07185   0.0564342
    0.659966       2.454     3.92113   0.0671833
    0.848528       7.444     6.25823   0.0931222
     1.03709        7.37     7.75406   0.0912453
     1.22565        9.34     9.49561     0.11546
     1.41421       8.856     9.70509    0.116539
     1.60278      11.914     10.0614    0.114879
     1.79134      10.598      9.9543    0.111433
      1.9799      11.046     9.65613    0.104504
     2.16846       5.402     8.70143    0.100652
     2.35702        6.68     7.31245    0.105272
     2.54558       5.834     5.58224    0.104041
     2.73415       2.332     4.79229   0.0818322
     2.92271       5.446     3.62875   0.0617664
     3.11127        3.61     2.72254   0.0598498
     3.29983       1.266     1.92367   0.0489753
     3.48839       1.596     1.33272     0.04046
     3.67696       1.938    0.806777   0.0327399
     3.86552       0.382    0.547021   0.0282213
     4.05408       0.226    0.298128   0.0196239
     4.24264           0    0.236218    0.019577
      4.4312           0    0.158176   0.0158526
     4.61976           0    0.124995   0.0152195
     4.80833           0   0.0400957  0.00721541
     4.99689           0   0.0259628  0.00601459
     5.18545           0  0.00829255  0.00273358
     5.37401           0  0.00472872  0.00269019
     5.56257           0 6.91489e-05 6.90569e-05
   0.0942809           0    0.100976  0.00945227
    0.282843       2.154    0.778074   0.0320095
    0.471405       1.328     2.06987    0.056319
    0.659966       3.752     3.92068   0.0670066
    0.848528       8.324     6.26371   0.0930363
     1.03709       4.832     7.74631   0.0913319
     1.22565       8.244     9.49229    0.115201
     1.41421       10.01      9.7059    0.116233
     1.60278       7.532     10.0547     0.11477
     1.79134      13.368     9.96336    0.111505
      1.9799       11.79     9.66179     0.10438
     2.16846        8.89     8.70193    0.100386
     2.35702       6.214     7.30953    0.105033
     2.54558       6.062     5.58351    0.103773
     2.73415       3.992     4.79016   0.0816426
     2.92271       3.718     3.62899    0.061603
     3.11127         1.7     2.71983   0.0597525
     3.29983       1.374     1.92221   0.0488671
     3.48839       0.566     1.33069   0.0404037
     3.67696        3.08    0.812806   0.0332037
     3.86552       1.004    0.548233   0.0281725
     4.05408       0.066    0.297512   0.0195815
     4.24264           0    0.235592   0.0195351
      4.4312           0    0.157756   0.0158161
     4.61976           0    0.124663   0.0151827
     4.80833           0   0.0399894  0.00719705
     4.99689           0   0.0258939  0.00599903
     5.18545           0  0.00827056  0.00272642
     5.37401           0  0.00471618  0.00268308
     5.56257           0 6.89655e-05  6.8874e-05
   0.0942809       0.664    0.102466  0.00954389
    0.282843       2.002    0.781312   0.0320882
    0.471405       3.234     2.07295   0.0562541
    0.659966       2.832      3.9178   0.0668912
    0.848528        5.77      6.2624   0.0927993
     1.03709       5.754     7.74104   0.0912422
     1.22565      11.948     9.49878     0.11508
     1.41421        7.29     9.69951    0.116101
     1.60278       8.226     10.0499    0.114568
     1.79134      12.488     9.97004    0.111409
      1.9799        8.99     9.66001    0.104119
     2.16846       9.892     8.70507     0.10017
     2.35702       9.718      7.3159    0.104949
     2.54558       6.206     5.58516    0.103512
     2.73415       1.458     4.78135   0.0819012
     2.92271        2.87     3.62698   0.0614728
     3.11127       2.048     2.71805   0.0596209
     3.29983        2.72     1.92432   0.0487833
     3.48839       0.446     1.32835   0.0403646
     3.67696       3.182    0.819074   0.0337022
     3.86552       0.262    0.547476   0.0281081
     4.05408           0    0.296725   0.0195455
     4.24264           0    0.234968   0.0194934
      4.4312           0    0.157339   0.0157797
     4.61976           0    0.124333   0.0151461
     4.80833           0   0.0398836  0.00717879
     4.99689           0   0.0258254  0.00598355
     5.18545           0  0.00824868  0.00271929
     5.37401           0   0.0047037  0.00267602
     5.56257           0 6.87831e-05  6.8692e-05
   0.0942809       0.692    0.104021  0.00964464
    0.282843        1.23    0.782496   0.0320254
    0.471405       2.276     2.07349   0.0561082
    0.659966        3.52     3.91675   0.0667229
    0.848528       4.836     6.25864   0.0926307
     1.03709       7.516     7.74044   0.0910034
     1.22565      11.552      9.5042    0.114904
     1.41421       9.712     9.69954    0.115795
     1.60278       9.788     10.0492    0.114268
     1.79134        9.22     9.96806    0.111133
      1.9799      10.442     9.66207    0.103865
     2.16846         8.8     8.70532   0.0999059
     2.35702       5.396     7.31084    0.104794
     2.54558       7.958     5.59142    0.103428
     2.73415       3.574     4.77816    0.081747
     2.92271       3.736     3.62727   0.0613112
     3.11127       1.296      2.7143   0.0595815
     3.29983       2.516     1.92588   0.0486796
     3.48839        0.33     1.32572   0.0403439
     3.67696       3.108    0.825113   0.0341502
     3.86552       0.502    0.547356   0.0280342
     4.05408           0    0.295942   0.0195096
     4.24264           0    0.234348   0.0194518
      4.4312           0    0.156923   0.0157435
     4.61976           0    0.124005   0.0151097
     4.80833           0   0.0397784  0.00716062
     4.99689           0   0.0257573  0.00596815
     5.18545           0  0.00822691  0.00271221
     5.37401           0  0.00469129  0.00266898
     5.56257           0 6.86016e-05  6.8511e-05
   0.0942809       0.024    0.103811  0.00962156
    0.282843       1.662    0.784811   0.0320246
    0.471405       2.906     2.07568   0.0560033
    0.659966       4.394     3.91801   0.0665592
    0.848528       3.294     6.25084   0.0927149
     1.03709        6.42     7.73697   0.0908303
     1.22565      10.906     9.50789     0.11466
     1.41421       8.508     9.69641    0.115532
     1.60278      10.012     10.0491    0.113968
     1.79134      12.866     9.97568    0.111102
      1.9799      11.188     9.66609    0.103669
     2.16846       7.674     8.70261   0.0996799
     2.35702        5.78     7.30681    0.104596
     2.54558       4.972     5.58979    0.103168
     2.73415       5.446     4.77992   0.0815508
     2.92271       3.186     3.62611   0.0611609
     3.11127       2.438     2.71357   0.0594291
     3.29983       2.366     1.92704   0.0485653
     3.48839        0.82     1.32438   0.0402597
     3.67696       2.752    0.830184   0.0344347
     3.86552       0.184      0.5464   0.0279768
     4.05408       0.202    0.295695   0.0194599
     4.24264           0    0.233732   0.0194104
      4.4312           0    0.156511   0.0157075
     4.61976           0    0.123679   0.0150735
     4.80833           0   0.0396737  0.00714254
     4.99689           0   0.0256895  0.00595283
     5.18545           0  0.00820526  0.00270516
     5.37401           0  0.00467895  0.00266199
     5.56257           0 6.84211e-05  6.8331e-05
   0.0942809       0.024    0.103601  0.00959858
    0.282843       1.092    0.785617   0.0319507
    0.471405       1.708     2.07471   0.0558647
    0.659966       5.602     3.92243   0.0665311
    0.848528       5.982     6.25013   0.0924743
     1.03709       6.996     7.73502   0.0906127
     1.22565       9.786     9.50862    0.114362
     1.41421       8.514      9.6933    0.115271
     1.60278      10.068     10.0491    0.113668
     1.79134      12.526     9.98238    0.111012
      1.9799       8.434     9.66286    0.103448
     2.16846       8.106     8.70104   0.0994305
     2.35702       5.534     7.30216    0.104424
     2.54558       5.604     5.58983    0.102898
     2.73415        3.96     4.77777   0.0813651
     2.92271       3.656     3.62618   0.0610004
     3.11127       3.196     2.71484   0.0592866
     3.29983       2.548     1.92867   0.0484651
     3.48839        1.75      1.3255   0.0401695
     3.67696       0.786    0.830068   0.0343445
     3.86552        1.56     0.54906   0.0280295
     4.05408       0.568    0.296409   0.0194219
     4.24264           0    0.233118   0.0193691
      4.4312           0      0.1561   0.0156717
     4.61976           0    0.123354   0.0150374
     4.80833           0   0.0395696  0.00712455
     4.99689           0    0.025622  0.00593759
     5.18545           0  0.00818373  0.00269814
     5.37401           0  0.00466667  0.00265503
     5.56257           0 6.82415e-05 6.81519e-05
   0.0942809       0.638       0.105  0.00967486
    0.282843       0.978     0.78612    0.031871
    0.471405        1.45     2.07308   0.0557423
    0.659966       4.848     3.92485    0.066401
    0.848528       7.528     6.25348   0.0922927
     1.03709       7.026     7.73317   0.0903945
     1.22565       6.918     9.50184    0.114263
     1.41421       6.858     9.68588    0.115208
     1.60278      11.502     10.0529    0.113434
     1.79134      11.312     9.98586    0.110776
      1.9799      12.774       9.671    0.103497
     2.16846         8.5     8.70052   0.0991716
     2.35702       5.054     7.29627    0.104317
     2.54558       8.394     5.59717     0.10289
     2.73415       3.906     4.77549   0.0811841
     2.92271        1.48     3.62057   0.0610989
     3.11127        1.14     2.71072   0.0592746
     3.29983       3.558     1.93294   0.0485256
     3.48839       0.946     1.32451   0.0400767
     3.67696        2.26    0.833812    0.034458
     3.86552        0.02    0.547675   0.0279904
     4.05408       0.718    0.297513   0.0194024
     4.24264        0.12    0.232822   0.0193207
      4.4312       0.012    0.155723   0.0156352
     4.61976        0.02    0.123084   0.0150005
     4.80833        0.04   0.0395707   0.0071059
     4.99689           0    0.025555  0.00592243
     5.18545           0   0.0081623  0.00269116
     5.37401           0  0.00465445  0.00264811
     5.56257           0 6.80628e-05 6.79737e-05
   0.0942809           1    0.107337   0.0099278
    0.282843        0.24    0.784695   0.0318197
    0.471405       0.948     2.07014   0.0556742
    0.659966       5.094     3.92791   0.0662978
    0.848528       5.488     6.25148   0.0920733
     1.03709       9.656     7.73819   0.0902978
     1.22565       10.09     9.50337    0.113975
     1.41421       8.118     9.68179     0.11498
     1.60278      11.408     10.0565    0.113193
     1.79134      10.092     9.98614    0.110487
      1.9799       11.21     9.67502    0.103305
     2.16846       7.504     8.69739   0.0989619
     2.35702       6.254     7.29355     0.10408
     2.54558       6.652     5.59992    0.102658
     2.73415       4.396      4.7745   0.0809782
     2.92271        1.14     3.61409   0.0612817
     3.11127       1.576     2.70775   0.0591938
     3.29983       1.906     1.93287   0.0483989
     3.48839       2.226     1.32686   0.0400411
     3.67696       2.002    0.836862   0.0345028
     3.86552           0    0.546245   0.0279538
     4.05408           0    0.296736   0.0193673
     4.24264           0    0.232214   0.0192798
      4.4312           0    0.155316   0.0155996
     4.61976           0    0.122762   0.0149648
     4.80833       0.624   0.0410966  0.00724934
     4.99689       0.306   0.0262872  0.00595206
     5.18545        0.07  0.00832376  0.00268898
     5.37401           0   0.0046423  0.00264122
     5.56257           0 6.78851e-05 6.77964e-05
   0.0942809        0.21    0.107604  0.00990555
    0.282843       0.272    0.783359   0.0317648
    0.471405       0.552     2.06619   0.0556694
    0.659966       4.764     3.93008   0.0661608
    0.848528       8.156     6.25644    0.091967
     1.03709        8.39     7.73989   0.0900786
     1.22565       6.914     9.49663    0.113878
     1.41421      11.486     9.68648    0.114776
     1.60278      12.808     10.0636    0.113125
     1.79134       11.82     9.99091    0.110302
      1.9799       6.932     9.66788    0.103282
     2.16846       6.978     8.69292   0.0988054
     2.35702        7.76     7.29477    0.103816
     2.54558        5.43     5.59948    0.102392
     2.73415       3.208     4.77042     0.08087
     2.92271        2.02     3.60994   0.0612625
     3.11127       2.662     2.70764   0.0590398
     3.29983        1.52     1.93179   0.0482848
     3.48839         2.7     1.33044   0.0400962
     3.67696       2.402    0.840938   0.0346528
     3.86552       0.016    0.544865   0.0279151
     4.05408           0    0.295964   0.0193323
     4.24264           0    0.231609   0.0192391
      4.4312           0    0.154911   0.0155643
     4.61976           0    0.122443   0.0149292
     4.80833        0.98   0.0435417  0.00763166
     4.99689        0.02   0.0262708  0.00593658
     5.18545           0  0.00830208  0.00268206
     5.37401           0  0.00463021  0.00263437
     5.56257           0 6.77083e-05 6.76201e-05
   0.0942809           0    0.107325  0.00988376
    0.282843       0.424    0.782426    0.031696
    0.471405       1.154     2.06382   0.0555752
    0.659966       5.218     3.93343   0.0660735
    0.848528       5.816     6.25529   0.0917353
     1.03709       7.236     7.73858   0.0898541
     1.22565       8.796     9.49481    0.113596
     1.41421      13.436     9.69622     0.11489
     1.60278       7.726     10.0575    0.112994
     1.79134      13.572     10.0002    0.110407
      1.9799      10.604     9.67031    0.103043
     2.16846       9.076     8.69391   0.0985538
     2.35702       6.824     7.29354    0.103554
     2.54558       3.176     5.59318    0.102319
     2.73415        2.74     4.76514   0.0808317
     2.92271       2.664     3.60748   0.0611527
     3.11127         1.6     2.70476   0.0589565
     3.29983       1.298     1.93015   0.0481875
     3.48839       2.924     1.33458   0.0402051
     3.67696       0.622    0.840369   0.0345675
     3.86552        1.67    0.547787   0.0279951
     4.05408       0.172    0.295642   0.0192847
     4.24264       0.252    0.231662   0.0191892
      4.4312           0    0.154509    0.015529
     4.61976           0    0.122125   0.0148938
     4.80833       0.898    0.045761  0.00792799
     4.99689       0.102   0.0264675  0.00592442
     5.18545           0  0.00828052  0.00267518
     5.37401           0  0.00461818  0.00262756
     5.56257           0 6.75325e-05 6.74447e-05
   0.0942809       0.208    0.107585   0.0098616
    0.282843        0.97    0.782912   0.0316176
    0.471405       0.978     2.06101   0.0555023
    0.659966       5.108     3.93647   0.0659724
    0.848528       6.452      6.2558    0.091499
     1.03709       6.514      7.7354   0.0896773
     1.22565      13.016     9.50393    0.113668
     1.41421       10.82     9.69913     0.11463
     1.60278       8.604     10.0538    0.112764
     1.79134      11.032     10.0029    0.110154
      1.9799       13.34     9.67981    0.103213
     2.16846       5.844     8.68653   0.0985746
     2.35702       6.094     7.29044    0.103332
     2.54558        3.46     5.58766    0.102203
     2.73415       3.888     4.76287   0.0806543
     2.92271        2.32     3.60415   0.0610851
     3.11127       0.966     2.70025   0.0589756
     3.29983       2.858     1.93255   0.0481226
     3.48839       1.736     1.33562   0.0401144
     3.67696        1.01    0.840808   0.0344807
     3.86552       1.294     0.54972   0.0279893
     4.05408       0.122    0.295192     0.01924
     4.24264       0.426    0.232166   0.0191461
      4.4312       0.014    0.154145   0.0154931
     4.61976       0.018    0.121855   0.0148577
     4.80833       0.624   0.0472591  0.00804773
     4.99689       0.068   0.0265751  0.00591005
     5.18545       0.016  0.00830052  0.00266832
     5.37401         0.2  0.00512435  0.00266906
     5.56257           0 6.73575e-05 6.72702e-05
   0.0942809       0.558    0.108749  0.00990456
    0.282843       0.982    0.783426   0.0315401
    0.471405       0.414     2.05675   0.0555218
    0.659966       3.926     3.93644   0.0658019
    0.848528       5.046     6.25268    0.091316
     1.03709        6.75     7.73286   0.0894817
     1.22565      13.234     9.51357    0.113782
     1.41421       10.97     9.70242    0.114381
     1.60278      11.606     10.0578    0.112544
     1.79134       9.418     10.0014    0.109879
      1.9799      13.062     9.68855    0.103316
     2.16846        8.83      8.6869   0.0983206
     2.35702       2.566     7.27823    0.103784
     2.54558       3.012       5.581    0.102155
     2.73415       5.284     4.76422   0.0804571
     2.92271       3.472      3.6038   0.0609283
     3.11127       1.364      2.6968   0.0589242
     3.29983       2.508     1.93404   0.0480212
     3.48839       1.662     1.33646   0.0400196
     3.67696       1.286    0.841959   0.0344108
     3.86552       1.096    0.551132   0.0279525
     4.05408        0.01    0.294455   0.0192044
     4.24264        0.01    0.231592   0.0191052
      4.4312       0.014    0.153783   0.0154573
     4.61976       0.618    0.123137   0.0148745
     4.80833       0.122   0.0474522  0.00802925
     4.99689        0.01   0.0265323  0.00589493
     5.18545       0.014  0.00831525  0.00266147
     5.37401       0.156  0.00551421  0.00269048
     5.56257           0 6.71835e-05 6.70966e-05
   0.0942809       0.266    0.109155  0.00988732
    0.282843        0.37    0.782361   0.0314768
    0.471405       0.954     2.05391   0.0554514
    0.659966       3.296     3.93479    0.065653
    0.848528       6.978     6.25455   0.0910998
     1.03709        9.15     7.73651   0.0893256
     1.22565      10.298     9.51559    0.113507
     1.41421        10.4     9.70422      0.1141
     1.60278        9.17     10.0555    0.112277
     1.79134       9.806     10.0009    0.109597
      1.9799       10.36     9.69028    0.103064
     2.16846       8.064     8.68529   0.0980803
     2.35702        5.84     7.27452    0.103582
     2.54558        8.35     5.58814    0.102141
     2.73415       3.734     4.76156   0.0802935
     2.92271       3.254      3.6029   0.0607779
     3.11127       1.734     2.69432   0.0588246
     3.29983       2.654     1.93589   0.0479333
     3.48839        1.37     1.33655   0.0399166
     3.67696       0.516    0.841119   0.0343324
     3.86552       0.436    0.550835    0.027882
     4.05408           0    0.293696   0.0191699
     4.24264           0    0.230995   0.0190653
      4.4312           0    0.153387   0.0154225
     4.61976       0.048    0.122943   0.0148374
     4.80833       0.452   0.0484948  0.00807597
     4.99689         0.5   0.0277526  0.00600471
     5.18545           0  0.00829381   0.0026547
     5.37401           0      0.0055  0.00268359
     5.56257           0 6.70103e-05 6.69239e-05
   0.0942809           0    0.108874  0.00986588
    0.282843       0.018    0.780396   0.0314572
    0.471405       1.386     2.05219   0.0553355
    0.659966       0.946     3.92711   0.0659323
    0.848528        7.96     6.25893    0.090971
     1.03709       7.468     7.73582   0.0890987
     1.22565      10.822     9.51895    0.113265
     1.41421       15.08     9.71804     0.11464
     1.60278      12.162     10.0609    0.112119
     1.79134      11.542     10.0048    0.109387
      1.9799       8.272     9.68664    0.102864
     2.16846       4.802     8.67531   0.0983349
     2.35702        3.43     7.26464    0.103786
     2.54558       7.952     5.59422    0.102059
     2.73415       5.454     4.76334   0.0801069
     2.92271       3.106     3.60162   0.0606351
     3.11127         3.7      2.6969   0.0587301
     3.29983       2.288      1.9368   0.0478186
     3.48839       0.346       1.334   0.0398951
     3.67696       0.296    0.839717   0.0342727
     3.86552       0.014    0.549455   0.0278445
     4.05408       0.012    0.292972   0.0191343
     4.24264       0.014    0.230437   0.0190244
      4.4312       0.024    0.153054   0.0153865
     4.61976       0.296    0.123388   0.0148059
     4.80833       0.012    0.048401  0.00805576
     4.99689       0.598   0.0292185  0.00616562
     5.18545           0  0.00827249  0.00264796
     5.37401           0  0.00548586  0.00267672
     5.56257           0  6.6838e-05 6.67521e-05
   0.0942809           0    0.108595  0.00984453
    0.282843        0.33    0.779241   0.0313977
    0.471405       1.918     2.05185   0.0551946
    0.659966       1.596     3.92113   0.0660336
    0.848528        9.18     6.26642   0.0910456
     1.03709        5.98     7.73132   0.0889839
     1.22565       13.32      9.5287    0.113393
     1.41421      11.358     9.72224    0.114424
     1.60278      11.892     10.0656     0.11193
     1.79134       12.36     10.0109    0.109273
      1.9799       8.748     9.68423    0.102628
     2.16846       3.112     8.66105    0.099112
     2.35702       7.054      7.2641    0.103522
     2.54558       6.636     5.59689    0.101832
     2.73415       3.344      4.7597   0.0799841
     2.92271       2.666     3.59923    0.060527
     3.11127       3.244     2.69831   0.0585963
     3.29983       1.692     1.93617   0.0477001
     3.48839       1.104     1.33341   0.0397971
     3.67696       0.778    0.839559   0.0341852
     3.86552       0.384    0.549031   0.0277763
     4.05408       0.304       0.293   0.0190853
     4.24264           0    0.229846   0.0189848
      4.4312       0.314    0.153467   0.0153525
     4.61976       0.686    0.124831   0.0148381
     4.80833           0   0.0482769  0.00803606
     4.99689           0   0.0291436  0.00615026
     5.18545           0  0.00825128  0.00264125
     5.37401           0  0.00547179   0.0026699
     5.56257           0 6.66667e-05 6.65811e-05
   0.0942809        0.11    0.108598  0.00981936
    0.282843       0.442    0.778379   0.0313293
    0.471405       2.384      2.0527     0.05506
    0.659966       3.404     3.91981    0.065878
    0.848528        7.12      6.2686   0.0908389
     1.03709       9.492     7.73582   0.0888702
     1.22565      12.972      9.5375    0.113444
     1.41421      11.082     9.72572    0.114184
     1.60278       7.392     10.0588    0.111852
     1.79134      11.872     10.0156    0.109097
      1.9799       9.552     9.68389    0.102366
     2.16846       4.246     8.64975   0.0994997
     2.35702       4.546     7.25715     0.10349
     2.54558       6.926     5.60029    0.101629
     2.73415       4.822     4.75986   0.0797797
     2.92271       2.326     3.59597   0.0604598
     3.11127       2.056     2.69666   0.0584695
     3.29983       2.914     1.93867   0.0476436
     3.48839       1.206     1.33308   0.0396967
     3.67696       0.498    0.838685   0.0341089
     3.86552       1.378    0.551151   0.0277861
     4.05408        0.26    0.292916   0.0190366
     4.24264           0    0.229258   0.0189454
      4.4312           1    0.155632   0.0154652
     4.61976           0    0.124512   0.0148036
     4.80833           0   0.0481535  0.00801645
     4.99689           0   0.0290691  0.00613498
     5.18545           0  0.00823018  0.00263458
     5.37401           0   0.0054578  0.00266311
     5.56257           0 6.64962e-05 6.64111e-05
   0.0942809       0.248    0.108954  0.00980075
    0.282843       0.282    0.777112   0.0312749
    0.471405       2.676     2.05429   0.0549425
    0.659966       4.662      3.9217   0.0657371
    0.848528       5.208      6.2659   0.0906474
     1.03709        9.44     7.74017   0.0887497
     1.22565      12.428     9.54488    0.113394
     1.41421       8.666     9.72302    0.113924
     1.60278       8.084     10.0537    0.111681
     1.79134      12.134      10.021    0.108953
      1.9799       10.34     9.68557    0.102119
     2.16846        7.49      8.6468   0.0992898
     2.35702       6.518     7.25526    0.103243
     2.54558       6.202     5.60182    0.101381
     2.73415       5.018     4.76052   0.0795789
     2.92271       0.604     3.58834   0.0607854
     3.11127        2.03     2.69496    0.058345
     3.29983       1.684     1.93802   0.0475265
     3.48839       1.286     1.33296   0.0395956
     3.67696           0    0.836546   0.0340889
     3.86552        0.19     0.55023   0.0277305
     4.05408        1.79    0.296735   0.0193674
     4.24264        0.02    0.228724   0.0189046
      4.4312        0.66    0.156918   0.0154792
     4.61976        0.34    0.125061    0.014776
     4.80833           0   0.0480306  0.00799694
     4.99689           0   0.0289949  0.00611978
     5.18545           0  0.00820918  0.00262795
     5.37401           0  0.00544388  0.00265635
     5.56257           0 6.63265e-05 6.62419e-05
   0.0942809           0    0.108677  0.00977973
    0.282843        0.26    0.775796    0.031223
    0.471405        1.94     2.05399   0.0548035
    0.659966        3.86     3.92155     0.06557
    0.848528       7.698     6.26954     0.09049
     1.03709      11.252      7.7491   0.0889726
     1.22565         9.8     9.54553    0.113108
     1.41421        8.18     9.71909    0.113702
     1.60278       8.538     10.0499    0.111463
     1.79134      14.094     10.0314    0.109167
      1.9799       8.524     9.68261    0.101902
     2.16846       4.054     8.63511   0.0997226
     2.35702       9.584     7.26119     0.10315
     2.54558       7.306     5.60616    0.101216
     2.73415       2.668      4.7552   0.0795543
     2.92271       2.798     3.58633    0.060664
     3.11127       2.112     2.69348   0.0582154
     3.29983       0.752       1.935   0.0475013
     3.48839       1.486     1.33335   0.0394968
     3.67696       0.094    0.834656   0.0340545
     3.86552        0.58    0.550305     0.02766
     4.05408        0.42    0.297048   0.0193206
     4.24264        0.32    0.228957   0.0188579
      4.4312       1.262     0.15973   0.0156931
     4.61976       0.418    0.125807   0.0147572
     4.80833           0   0.0479084  0.00797753
     4.99689           0   0.0289211  0.00610466
     5.18545           0   0.0081883  0.00262134
     5.37401           0  0.00543003  0.00264963
     5.56257           0 6.61578e-05 6.60735e-05
   0.0942809           0    0.108401  0.00975879
    0.282843       0.132    0.774162   0.0311865
    0.471405       0.316     2.04958   0.0548416
    0.659966       4.494       3.923   0.0654197
    0.848528       5.932     6.26869   0.0902644
     1.03709        8.12     7.75005   0.0887518
     1.22565      11.558     9.55063    0.112936
     1.41421       8.466     9.71591    0.113458
     1.60278      12.848      10.057    0.111406
     1.79134      13.862     10.0411    0.109322
      1.9799       8.894     9.68061    0.101663
     2.16846        5.66     8.62756    0.099755
     2.35702         7.9     7.26281    0.102901
     2.54558       4.766     5.60403    0.100981
     2.73415       3.346     4.75162   0.0794328
     2.92271        4.81     3.58943   0.0605895
     3.11127       1.162     2.68959   0.0581973
     3.29983       1.788     1.93463   0.0473822
     3.48839       0.704     1.33176   0.0394288
     3.67696       0.484    0.833766   0.0339797
     3.86552       0.528    0.550249   0.0275899
     4.05408        0.23    0.296878   0.0192723
     4.24264       0.044    0.228487   0.0188159
      4.4312       1.756    0.163782   0.0161678
     4.61976         0.2    0.125995   0.0147209
     4.80833           0   0.0477868  0.00795821
     4.99689           0   0.0288477   0.0060896
     5.18545           0  0.00816751  0.00261477
     5.37401           0  0.00541624  0.00264294
     5.56257           0 6.59898e-05 6.59061e-05
   0.0942809           0    0.108127  0.00973795
    0.282843       0.488    0.773438   0.0311159
    0.471405        0.61     2.04594   0.0548238
    0.659966        3.18     3.92112   0.0652811
    0.848528       6.028     6.26808   0.0900379
     1.03709       8.342     7.75154   0.0885397
     1.22565      10.458     9.55293    0.112673
     1.41421       6.792     9.70851    0.113412
     1.60278      14.756     10.0689    0.111757
     1.79134       15.17     10.0541    0.109814
      1.9799       7.544      9.6752    0.101549
     2.16846       6.402     8.62192   0.0996614
     2.35702       7.698     7.26391    0.102647
     2.54558       5.176     5.60294    0.100731
     2.73415        4.59     4.75121   0.0792327
     2.92271       3.818     3.59001   0.0604388
     3.11127       2.478     2.68906   0.0580524
     3.29983       0.554     1.93113    0.047391
     3.48839       0.496     1.32964   0.0393857
     3.67696       0.828    0.833752   0.0338937
     3.86552       0.556    0.550263     0.02752
     4.05408       0.232    0.296714   0.0192242
     4.24264       0.964    0.230349   0.0188602
      4.4312       0.596    0.164876   0.0161638
     4.61976       0.244    0.126294   0.0146867
     4.80833           0   0.0476658  0.00793898
     4.99689           0   0.0287747  0.00607462
     5.18545           0  0.00814684  0.00260823
     5.37401           0  0.00540253  0.00263628
     5.56257           0 6.58228e-05 6.57394e-05
   0.0942809           0    0.107854  0.00971718
    0.282843       0.022     0.77154   0.0310952
    0.471405       0.782     2.04275   0.0547781
    0.659966        4.06     3.92147   0.0651172
    0.848528       4.944     6.26473   0.0898726
     1.03709       6.292     7.74786   0.0883928
     1.22565       10.15     9.55444    0.112399
     1.41421       10.04     9.70934    0.113129
     1.60278       14.85      10.081    0.112125
     1.79134       9.232      10.052    0.109556
      1.9799       8.284     9.67169    0.101354
     2.16846       8.426     8.62143    0.099411
     2.35702        9.17     7.26872      0.1025
     2.54558       6.558     5.60535    0.100506
     2.73415       6.422     4.75543   0.0791449
     2.92271       3.286     3.58924   0.0602911
     3.11127       1.612     2.68634   0.0579695
     3.29983       0.238     1.92686   0.0474638
     3.48839       0.478     1.32749   0.0393449
     3.67696       0.708    0.833434   0.0338096
     3.86552       0.306    0.549646   0.0274574
     4.05408        0.68    0.297682   0.0192001
     4.24264        1.46    0.233455   0.0190664
      4.4312           0     0.16446   0.0161284
     4.61976           0    0.125975   0.0146531
     4.80833           0   0.0475455  0.00791985
     4.99689           0    0.028702  0.00605972
     5.18545           0  0.00812626  0.00260173
     5.37401           0  0.00538889  0.00262966
     5.56257           0 6.56566e-05 6.55736e-05
   0.0942809           0    0.107582   0.0096965
    0.282843       0.048    0.769718   0.0310702
    0.471405        0.62     2.03916   0.0547573
    0.659966       1.474      3.9153   0.0652444
    0.848528       5.114     6.26183    0.089693
     1.03709        6.47     7.74464   0.0882288
     1.22565      10.704     9.55734    0.112153
     1.41421      10.172     9.71051     0.11285
     1.60278       13.74     10.0902    0.112221
     1.79134      10.534     10.0532    0.109287
      1.9799      10.108     9.67279    0.101104
     2.16846       7.616      8.6189   0.0991928
     2.35702      12.104      7.2809    0.102963
     2.54558       5.658     5.60549    0.100253
     2.73415       4.608     4.75506   0.0789464
     2.92271       4.518     3.59158   0.0601846
     3.11127       0.954     2.68197   0.0579875
     3.29983       0.442     1.92312   0.0474914
     3.48839       0.164     1.32456   0.0393548
     3.67696       0.594    0.832831   0.0337298
     3.86552       0.428     0.54934     0.02739
     4.05408       0.148    0.297305   0.0191554
     4.24264       1.782    0.237355   0.0194133
      4.4312           0    0.164045   0.0160931
     4.61976           0    0.125657   0.0146196
     4.80833           0   0.0474257   0.0079008
     4.99689           0   0.0286297  0.00604489
     5.18545           0  0.00810579  0.00259526
     5.37401           0  0.00537531  0.00262307
     5.56257           0 6.54912e-05 6.54086e-05
   0.0942809           0    0.107312  0.00967591
    0.282843       0.338    0.768633   0.0310111
    0.471405       0.622      2.0356   0.0547353
    0.659966       1.588     3.90946    0.065342
    0.848528       5.924     6.26098   0.0894716
     1.03709        8.48     7.74649   0.0880264
     1.22565       7.954     9.55331    0.111943
     1.41421      14.878     9.72349    0.113311
     1.60278      11.326     10.0933    0.111982
     1.79134      10.504     10.0544    0.109018
      1.9799        7.99     9.66856    0.100939
     2.16846         8.5      8.6186    0.098944
     2.35702       8.692     7.28445    0.102766
     2.54558       6.204     5.60699    0.100012
     2.73415        4.12     4.75346   0.0787642
     2.92271       5.628      3.5967   0.0602505
     3.11127        2.57     2.68169   0.0578425
     3.29983       0.414     1.91933   0.0475232
     3.48839       0.126     1.32155    0.039371
     3.67696       1.142    0.833608    0.033654
     3.86552       0.032     0.54804    0.027352
     4.05408       0.264    0.297221   0.0191074
     4.24264       0.444    0.237874   0.0193715
      4.4312       0.016    0.163673   0.0160569
     4.61976       0.196    0.125834   0.0145839
     4.80833       0.048   0.0474271  0.00788095
     4.99689           0   0.0285578  0.00603013
     5.18545           0  0.00808543  0.00258881
     5.37401           0  0.00536181  0.00261652
     5.56257           0 6.53266e-05 6.52445e-05
   0.0942809       0.128    0.107363   0.0096518
    0.282843       0.504     0.76797   0.0309404
    0.471405        2.08     2.03571   0.0545983
    0.659966       2.552     3.90606   0.0652667
    0.848528       8.106     6.26561   0.0893668
     1.03709       11.16     7.75504   0.0882206
     1.22565       7.794      9.5489     0.11175
     1.41421      11.326     9.72751    0.113098
     1.60278       8.996     10.0905    0.111735
     1.79134      10.946     10.0566    0.108768
      1.9799       8.254     9.66501    0.100748
     2.16846       7.458     8.61569   0.0987388
     2.35702       6.308       7.282    0.102537
     2.54558       7.564     5.61189   0.0998817
     2.73415        4.14     4.75192   0.0785818
     2.92271       4.666     3.59938   0.0601591
     3.11127       1.834     2.67957   0.0577365
     3.29983       0.936     1.91686   0.0474679
     3.48839        1.02     1.32079   0.0392796
     3.67696       1.228    0.834596   0.0335842
     3.86552           0    0.546667   0.0273179
     4.05408           0    0.296476   0.0190741
     4.24264           0    0.237278   0.0193321
      4.4312        0.55    0.164642   0.0160459
     4.61976        0.45    0.126647     0.01457
     4.80833           0   0.0473083  0.00786209
     4.99689           0   0.0284862  0.00601544
     5.18545           0  0.00806516  0.00258241
     5.37401           0  0.00534837  0.00260999
     5.56257           0 6.51629e-05 6.50812e-05
   0.0942809           0    0.107095   0.0096314
    0.282843       0.326    0.766865   0.0308828
    0.471405       1.118     2.03342     0.05451
    0.659966       3.078     3.90398   0.0651364
    0.848528        7.01     6.26747   0.0891628
     1.03709       11.26      7.7638   0.0884341
     1.22565       8.618     9.54657    0.111495
     1.41421       8.262     9.72384    0.112874
     1.60278      11.848     10.0949    0.111542
     1.79134        9.27     10.0546    0.108514
      1.9799      10.732     9.66768    0.100531
     2.16846       7.594     8.61314    0.098525
     2.35702       7.704     7.28306    0.102286
     2.54558        7.13     5.61569   0.0997041
     2.73415        3.69     4.74927   0.0784301
     2.92271       2.836     3.59747   0.0600389
     3.11127       3.154     2.68075   0.0576043
     3.29983       1.852      1.9167   0.0473495
     3.48839       1.278     1.32068   0.0391815
     3.67696       0.302    0.833265   0.0335266
     3.86552        0.01    0.545325   0.0272825
     4.05408       0.014     0.29577   0.0190395
     4.24264       0.018     0.23673   0.0192915
      4.4312       0.122    0.164535   0.0160061
     4.61976       0.654    0.127965   0.0145931
     4.80833        0.12     0.04749  0.00784454
     4.99689           0    0.028415  0.00600082
     5.18545           0    0.008045  0.00257603
     5.37401           0    0.005335   0.0026035
     5.56257           0     6.5e-05 6.49187e-05
   0.0942809           0    0.106828  0.00961108
    0.282843       0.344     0.76581   0.0308238
    0.471405       0.838     2.03044   0.0544555
    0.659966        2.33     3.90006   0.0650921
    0.848528       5.718      6.2661   0.0889509
     1.03709      12.832     7.77644   0.0891122
     1.22565       8.904     9.54497    0.111228
     1.41421      10.046     9.72465    0.112596
     1.60278      10.916      10.097    0.111283
     1.79134       9.812      10.054    0.108245
      1.9799       8.564     9.66493    0.100318
     2.16846       9.046     8.61421   0.0982852
     2.35702       6.834     7.28194    0.102037
     2.54558       9.052     5.62426    0.099823
     2.73415       4.274     4.74808   0.0782435
     2.92271       1.526      3.5923    0.060111
     3.11127       2.012     2.67909   0.0574848
     3.29983       0.426     1.91298   0.0473771
     3.48839       1.984     1.32234   0.0391187
     3.67696       1.028    0.833751   0.0334465
     3.86552        0.41    0.544988   0.0272166
     4.05408       0.104    0.295292    0.018998
     4.24264           0     0.23614   0.0192525
      4.4312           0    0.164125   0.0159714
     4.61976           1     0.13014   0.0147179
     4.80833           0   0.0473716  0.00782587
     4.99689           0   0.0283441  0.00598627
     5.18545           0  0.00802494  0.00256968
     5.37401           0   0.0053217  0.00259704
     5.56257           0 6.48379e-05  6.4757e-05
   0.0942809           0    0.106562  0.00959085
    0.282843        0.64    0.765498   0.0307487
    0.471405        1.11     2.02815   0.0543681
    0.659966        4.35     3.90118   0.0649398
    0.848528       4.526     6.26177   0.0888349
     1.03709       9.482     7.78069   0.0889914
     1.22565      11.762     9.55048    0.111088
     1.41421       12.47     9.73148    0.112523
     1.60278         8.4     10.0927    0.111086
     1.79134      10.984     10.0564       0.108
      1.9799       6.164     9.65622    0.100446
     2.16846       7.622     8.61175   0.0980717
     2.35702       7.248     7.28185    0.101783
     2.54558       7.344     5.62854   0.0996664
     2.73415        4.87     4.74839   0.0780495
     2.92271       3.356     3.59172   0.0599644
     3.11127       2.482      2.6786   0.0573439
     3.29983        1.19     1.91118   0.0472934
     3.48839         1.9     1.32378   0.0390478
     3.67696         0.1    0.831925   0.0334131
     3.86552       0.354    0.544512    0.027153
     4.05408       0.646    0.296164   0.0189707
     4.24264           0    0.235552   0.0192135
      4.4312        0.82    0.165756   0.0160148
     4.61976        0.18    0.130264   0.0146818
     4.80833           0   0.0472537  0.00780729
     4.99689           0   0.0282736   0.0059718
     5.18545           0  0.00800498  0.00256337
     5.37401           0  0.00530846  0.00259062
     5.56257           0 6.46766e-05 6.45961e-05
   0.0942809           0    0.106298  0.00957069
    0.282843        0.28    0.764293    0.030696
    0.471405       0.658     2.02475   0.0543394
    0.659966       2.736     3.89829    0.064843
    0.848528       7.038      6.2637   0.0886354
     1.03709       6.674     7.77794    0.088813
     1.22565      11.014     9.55411    0.110872
     1.41421        12.5     9.73835    0.112453
     1.60278      10.214      10.093    0.110811
     1.79134       9.564     10.0551    0.107739
      1.9799       7.246     9.65024    0.100375
     2.16846       7.382     8.60869   0.0978758
     2.35702       7.722     7.28294    0.101537
     2.54558        8.58     5.63586   0.0996878
     2.73415       6.098     4.75174   0.0779276
     2.92271       4.182     3.59318   0.0598335
     3.11127       1.368     2.67534   0.0572938
     3.29983       1.082     1.90913   0.0472208
     3.48839       1.158     1.32336   0.0389531
     3.67696       0.754    0.831732   0.0333307
     3.86552        0.69    0.544873   0.0270881
     4.05408        0.06    0.295578   0.0189327
     4.24264           0    0.234968   0.0191747
      4.4312       0.786    0.167295   0.0160489
     4.61976       0.214    0.130471   0.0146468
     4.80833           0   0.0471365   0.0077888
     4.99689           0   0.0282035  0.00595739
     5.18545           0  0.00798511  0.00255708
     5.37401           0  0.00529529  0.00258422
     5.56257           0 6.45161e-05  6.4436e-05
   0.0942809           0    0.106035  0.00955062
    0.282843       0.028     0.76247   0.0306741
    0.471405       0.918     2.02201   0.0542739
    0.659966       4.742     3.90038   0.0647161
    0.848528       8.696     6.26972   0.0886202
     1.03709        7.92     7.77829   0.0885938
     1.22565      10.436      9.5563    0.110619
     1.41421       8.708      9.7358    0.112204
     1.60278      12.072     10.0979    0.110645
     1.79134        6.67     10.0468    0.107798
      1.9799        8.77     9.64806     0.10015
     2.16846       9.012     8.60969   0.0976386
     2.35702       4.392     7.27579    0.101537
     2.54558        7.27     5.63991    0.099523
     2.73415       6.724     4.75662   0.0778875
     2.92271       3.246     3.59232   0.0596915
     3.11127       3.458     2.67728   0.0571847
     3.29983       1.764     1.90877   0.0471053
     3.48839       0.622     1.32163   0.0388953
     3.67696       1.528    0.833455   0.0332927
     3.86552       0.164    0.543931   0.0270374
     4.05408       0.298    0.295584   0.0188859
     4.24264       0.362    0.235282   0.0191298
      4.4312        0.02    0.166931   0.0160133
     4.61976       0.082    0.130351    0.014611
     4.80833       0.098   0.0472624  0.00777054
     4.99689           0   0.0281337  0.00594305
     5.18545           0  0.00796535  0.00255083
     5.37401           0  0.00528218  0.00257786
     5.56257           0 6.43564e-05 6.42767e-05
   0.0942809       0.198    0.106262  0.00952974
    0.282843       0.374    0.761511   0.0306133
    0.471405        1.35     2.02035   0.0541653
    0.659966       4.326     3.90143   0.0645648
    0.848528       8.956     6.27635   0.0886493
     1.03709       7.826     7.77841   0.0883752
     1.22565       8.302      9.5532    0.110389
     1.41421       9.664     9.73562    0.111927
     1.60278        9.26     10.0959    0.110391
     1.79134       8.552     10.0431    0.107595
      1.9799      10.686     9.65062   0.0999353
     2.16846       9.218      8.6112   0.0974091
     2.35702       6.374     7.27356    0.101311
     2.54558        5.48     5.63951   0.0992781
     2.73415       3.586     4.75373   0.0777488
     2.92271       6.078     3.59846   0.0598588
     3.11127       3.532     2.67939   0.0570824
     3.29983       1.982     1.90895   0.0469893
     3.48839        1.15      1.3212   0.0388016
     3.67696       0.608    0.832899   0.0332152
     3.86552       0.398     0.54357    0.026973
     4.05408         0.1    0.295101   0.0188454
     4.24264           0    0.234701   0.0190914
      4.4312           0    0.166519   0.0159791
     4.61976           0     0.13003   0.0145785
     4.80833           0   0.0471457  0.00775223
     4.99689           0   0.0280642  0.00592879
     5.18545           0  0.00794568  0.00254461
     5.37401           0  0.00526914  0.00257153
     5.56257           0 6.41975e-05 6.41182e-05
   0.0942809       0.048    0.106118  0.00950734
    0.282843         0.9    0.761852   0.0305398
    0.471405       1.606     2.01933   0.0540415
    0.659966       3.902     3.90143   0.0644058
    0.848528       7.022     6.27819   0.0884499
     1.03709       8.898     7.78117   0.0882005
     1.22565        7.71     9.54866     0.11021
     1.41421       8.576     9.73276    0.111687
     1.60278      11.242     10.0987    0.110155
     1.79134      10.072     10.0431     0.10733
      1.9799       10.78      9.6534   0.0997279
     2.16846        7.09     8.60745   0.0972412
     2.35702       7.068     7.27305    0.101063
     2.54558       4.852     5.63757   0.0990525
     2.73415       5.388     4.75529    0.077573
     2.92271        4.83     3.60149   0.0597882
     3.11127       3.638     2.68175   0.0569906
     3.29983       2.722     1.91095   0.0469162
     3.48839       1.108     1.32068   0.0387096
     3.67696       0.148    0.831212   0.0331762
     3.86552       0.134    0.542562   0.0269255
     4.05408       0.156    0.294759   0.0188021
     4.24264        0.11    0.234394   0.0190469
      4.4312           0    0.166108    0.015945
     4.61976           0    0.129709   0.0145461
     4.80833           0   0.0470296    0.007734
     4.99689           0   0.0279951  0.00591459
     5.18545           0  0.00792611  0.00253842
     5.37401           0  0.00525616  0.00256522
     5.56257           0 6.40394e-05 6.39605e-05
   0.0942809           0    0.105857  0.00948756
    0.282843        0.12    0.760275   0.0305055
    0.471405       2.326     2.02008   0.0539139
    0.659966       3.252     3.89983   0.0642673
    0.848528       5.302     6.27579   0.0882651
     1.03709       7.576     7.78066   0.0879852
     1.22565       8.514     9.54612    0.109969
     1.41421       8.432     9.72957    0.111459
     1.60278      11.874     10.1031    0.109971
     1.79134      13.296     10.0511    0.107363
      1.9799       9.422     9.65284   0.0994845
     2.16846       7.684     8.60518   0.0970288
     2.35702       7.528     7.27368    0.100816
     2.54558       3.978     5.63349    0.098893
     2.73415       6.832     4.76039     0.07755
     2.92271       5.142     3.60528    0.059761
     3.11127       2.574     2.68149   0.0568512
     3.29983        1.44     1.90979   0.0468152
     3.48839       1.182     1.32034    0.038616
     3.67696       0.804    0.831145   0.0330947
     3.86552       0.278    0.541912   0.0268672
     4.05408       0.204    0.294536   0.0187572
     4.24264        0.24    0.234408   0.0190001
      4.4312           0      0.1657    0.015911
     4.61976           0    0.129391   0.0145139
     4.80833           0    0.046914  0.00771586
     4.99689           0   0.0279263  0.00590045
     5.18545           0  0.00790663  0.00253225
     5.37401           0  0.00524324  0.00255895
     5.56257           0 6.38821e-05 6.38035e-05
   0.0942809       0.002    0.105603  0.00946772
    0.282843       0.402    0.759397   0.0304434
    0.471405       2.694     2.02174   0.0538071
    0.659966       4.402     3.90106   0.0641216
    0.848528       4.836     6.27226   0.0881193
     1.03709       4.594     7.77285   0.0881156
     1.22565       7.346     9.54073    0.109831
     1.41421       7.672     9.72452      0.1113
     1.60278      16.378     10.1184    0.110771
     1.79134       9.414     10.0496    0.107112
      1.9799      10.468     9.65483   0.0992607
     2.16846      12.582     8.61493   0.0972793
     2.35702       7.262     7.27365    0.100569
     2.54558       5.404     5.63293   0.0986522
     2.73415       4.062     4.75868   0.0773788
     2.92271       3.546     3.60513   0.0596147
     3.11127       3.204     2.68277   0.0567263
     3.29983       1.412     1.90857   0.0467164
     3.48839       1.068     1.31972   0.0385263
     3.67696       1.252    0.832176   0.0330297
     3.86552           0    0.540583   0.0268341
     4.05408           0    0.293814   0.0187251
     4.24264           0    0.233833   0.0189622
      4.4312           0    0.165294   0.0158772
     4.61976           0    0.129074   0.0144818
     4.80833           0    0.046799  0.00769781
     4.99689           0   0.0278578  0.00588639
     5.18545           0  0.00788725  0.00252612
     5.37401           0  0.00523039  0.00255272
     5.56257           0 6.37255e-05 6.36473e-05
   0.0942809           0    0.105345  0.00944809
    0.282843           0     0.75754   0.0304255
    0.471405       3.014     2.02416   0.0537302
    0.659966        3.61     3.90035   0.0639688
    0.848528       6.232     6.27216   0.0879039
     1.03709       5.784     7.76799   0.0880342
     1.22565       7.908     9.53673    0.109635
     1.41421       8.756     9.72216    0.111053
     1.60278       9.556     10.1171    0.110509
     1.79134      11.554     10.0532    0.106913
      1.9799       9.496     9.65444   0.0990188
     2.16846       12.78     8.62511    0.097573
     2.35702      10.928     7.28259    0.100719
     2.54558       5.034     5.63147   0.0984219
     2.73415        3.81     4.75636   0.0772244
     2.92271       2.046     3.60132   0.0595907
     3.11127       2.202     2.68159   0.0565998
     3.29983       4.184     1.91414   0.0469323
     3.48839       0.972     1.31887   0.0384414
     3.67696       0.134    0.830469    0.032993
     3.86552           0    0.539262    0.026801
     4.05408           0    0.293095   0.0186931
     4.24264           0    0.233262   0.0189245
      4.4312           0     0.16489   0.0158435
     4.61976           0    0.128758   0.0144498
     4.80833           0   0.0466846  0.00767984
     4.99689           0   0.0277897  0.00587239
     5.18545           0  0.00786797  0.00252002
     5.37401           0   0.0052176  0.00254651
     5.56257           0 6.35697e-05 6.34919e-05
   0.0942809           0    0.105088  0.00942854
    0.282843           0    0.755693   0.0304073
    0.471405       0.086     2.01943   0.0538067
    0.659966       4.394     3.90156   0.0638241
    0.848528        4.99     6.26903   0.0877451
     1.03709       6.692     7.76537   0.0878586
     1.22565       9.476     9.53659    0.109368
     1.41421      13.746     9.73197    0.111215
     1.60278       7.398     10.1104    0.110438
     1.79134      11.986      10.058    0.106756
      1.9799       7.656     9.64957   0.0988971
     2.16846      12.554     8.63469   0.0978044
     2.35702      10.392     7.29017    0.100759
     2.54558       3.926     5.62731   0.0982697
     2.73415       4.366     4.75541   0.0770419
     2.92271       2.402      3.5984   0.0595171
     3.11127       3.366     2.68326   0.0564864
     3.29983        3.05     1.91691   0.0468995
     3.48839       1.214     1.31861   0.0383485
     3.67696       0.214    0.828966   0.0329468
     3.86552       0.092    0.538171   0.0267579
     4.05408           0     0.29238   0.0186612
     4.24264           0    0.232693   0.0188868
      4.4312           0    0.164488     0.01581
     4.61976           0    0.128444    0.014418
     4.80833           0   0.0465707  0.00766195
     4.99689           0    0.027722  0.00585846
     5.18545           0  0.00784878  0.00251395
     5.37401           0  0.00520488  0.00254033
     5.56257           0 6.34146e-05 6.33373e-05
   0.0942809       0.052    0.104959  0.00940648
    0.282843       0.362    0.754735   0.0303484
    0.471405       0.826     2.01653   0.0537541
    0.659966        4.07     3.90197   0.0636701
    0.848528       2.926      6.2609   0.0879078
     1.03709       7.452      7.7646   0.0876481
     1.22565       7.738     9.53221     0.10919
     1.41421      10.456     9.73373    0.110958
     1.60278      10.588     10.1116    0.110176
     1.79134      14.068     10.0677    0.106941
      1.9799       11.26     9.65349   0.0987341
     2.16846      10.344     8.63885   0.0976549
     2.35702        8.29      7.2926    0.100543
     2.54558       5.104     5.62603   0.0980389
     2.73415       2.566     4.75008   0.0770384
     2.92271        3.66     3.59855   0.0593725
     3.11127       3.324     2.68482   0.0563704
     3.29983       2.472     1.91826   0.0468048
     3.48839       0.582     1.31682   0.0382971
     3.67696       0.574    0.828345   0.0328725
     3.86552       0.504    0.538088   0.0266929
     4.05408       0.018    0.291713   0.0186277
     4.24264       0.328    0.232925   0.0188423
      4.4312       0.132    0.164409   0.0157717
     4.61976       0.304    0.128871   0.0143892
     4.80833           0   0.0464574  0.00764415
     4.99689           0   0.0276545  0.00584459
     5.18545           0  0.00782968   0.0025079
     5.37401           0  0.00519221  0.00253418
     5.56257           0 6.32603e-05 6.31833e-05
   0.0942809           0    0.104704   0.0093871
    0.282843        0.01    0.752927   0.0303286
    0.471405       0.466     2.01277   0.0537552
    0.659966       3.538     3.90108   0.0635217
    0.848528       2.894     6.25273   0.0880735
     1.03709       5.338     7.75871   0.0876331
     1.22565      11.442     9.53684    0.109023
     1.41421      12.136     9.73956    0.110842
     1.60278        8.81     10.1084    0.109954
     1.79134      13.444     10.0759    0.106995
      1.9799      12.336        9.66   0.0987089
     2.16846      13.732     8.65121   0.0981972
     2.35702       5.366     7.28793    0.100408
     2.54558       5.904     5.62671   0.0978032
     2.73415       3.298     4.74656    0.076932
     2.92271        3.72     3.59884   0.0592291
     3.11127       0.744     2.68011   0.0564301
     3.29983       1.656     1.91762   0.0466955
     3.48839       1.232     1.31662   0.0382047
     3.67696       1.182    0.829204   0.0328039
     3.86552       0.044    0.536888    0.026655
     4.05408        0.49    0.292194   0.0185887
     4.24264       0.134    0.232684   0.0187981
      4.4312       0.084    0.164214   0.0157346
     4.61976           0    0.128558   0.0143577
     4.80833           0   0.0463447  0.00762642
     4.99689           0   0.0275874  0.00583079
     5.18545           0  0.00781068  0.00250189
     5.37401           0  0.00517961  0.00252806
     5.56257           0 6.31068e-05 6.30302e-05
   0.0942809       0.006    0.104465  0.00936741
    0.282843        0.32    0.751879   0.0302732
    0.471405        2.08     2.01293   0.0536253
    0.659966       3.764     3.90075   0.0633687
    0.848528       4.158     6.24766   0.0880062
     1.03709        4.14     7.74995   0.0878578
     1.22565       9.832     9.53756    0.108761
     1.41421      10.986     9.74258    0.110614
     1.60278       9.782     10.1076     0.10969
     1.79134       12.55     10.0819    0.106904
      1.9799       8.896     9.65815   0.0984872
     2.16846       12.95     8.66162   0.0985095
     2.35702       8.816     7.29163    0.100233
     2.54558       5.338     5.62601   0.0975689
     2.73415       3.288     4.74303   0.0768267
     2.92271       4.166     3.60021   0.0591016
     3.11127       2.626     2.67998   0.0562936
     3.29983       1.508     1.91663    0.046593
     3.48839       0.854      1.3155   0.0381286
     3.67696       1.306    0.830358   0.0327448
     3.86552       0.244    0.536179   0.0265999
     4.05408        0.39    0.292431   0.0185452
     4.24264           0    0.232121    0.018761
      4.4312           0    0.163816   0.0157016
     4.61976           0    0.128247   0.0143263
     4.80833           0   0.0462324  0.00760878
     4.99689           0   0.0275206  0.00581706
     5.18545           0  0.00779177   0.0024959
     5.37401           0  0.00516707  0.00252197
     5.56257           0  6.2954e-05 6.28777e-05
   0.0942809           0    0.104213  0.00934819
    0.282843        0.03    0.750135   0.0302503
    0.471405       3.792     2.01723   0.0536677
    0.659966       3.234     3.89914   0.0632361
    0.848528        4.62     6.24372   0.0878814
     1.03709       4.888     7.74304   0.0879171
     1.22565       8.914     9.53605    0.108509
     1.41421      11.928     9.74786    0.110473
     1.60278       10.51     10.1086     0.10943
     1.79134      11.696     10.0858    0.106716
      1.9799       8.278     9.65482   0.0983057
     2.16846       6.428     8.65623   0.0984192
     2.35702       9.914     7.29796    0.100191
     2.54558       6.486     5.62809   0.0973554
     2.73415       5.008     4.74367   0.0766438
     2.92271       5.684     3.60525   0.0591728
     3.11127        3.83     2.68276   0.0562261
     3.29983       0.672     1.91362   0.0465774
     3.48839       1.058     1.31487   0.0380416
     3.67696        1.03    0.830841   0.0326692
     3.86552           0    0.534884   0.0265672
     4.05408           0    0.291725   0.0185139
     4.24264           0     0.23156   0.0187241
      4.4312           0     0.16342   0.0156686
     4.61976           0    0.127937    0.014295
     4.80833           0   0.0461208  0.00759122
     4.99689           0   0.0274541  0.00580339
     5.18545           0  0.00777295  0.00248994
     5.37401           0  0.00515459  0.00251591
     5.56257           0 6.28019e-05  6.2726e-05
   0.0942809           0    0.103961  0.00932903
    0.282843       0.552    0.749658   0.0301812
    0.471405       5.028     2.02448   0.0540265
    0.659966       3.824     3.89896    0.063084
    0.848528       3.602     6.23736   0.0878998
     1.03709       7.012     7.74128   0.0877229
     1.22565       9.434     9.53581    0.108248
     1.41421      13.674     9.75732    0.110611
     1.60278       9.016      10.106    0.109198
     1.79134       7.908     10.0805    0.106588
      1.9799      11.042     9.65816   0.0981257
     2.16846       6.704     8.65152   0.0982944
     2.35702       5.274     7.29308    0.100068
     2.54558       8.062     5.63395   0.0972973
     2.73415       5.446     4.74536   0.0764778
     2.92271       5.484     3.60977   0.0592031
     3.11127       2.854     2.68317   0.0560922
     3.29983       0.158     1.90939   0.0466568
     3.48839        1.13     1.31443   0.0379525
     3.67696       0.986    0.831214   0.0325926
     3.86552        0.67     0.53521   0.0265052
     4.05408        0.14    0.291359   0.0184729
     4.24264           0    0.231002   0.0186873
      4.4312           0    0.163027   0.0156358
     4.61976           0    0.127629   0.0142639
     4.80833           0   0.0460096  0.00757375
     4.99689           0    0.027388  0.00578978
     5.18545           0  0.00775422  0.00248401
     5.37401           0  0.00514217  0.00250987
     5.56257           0 6.26506e-05 6.25751e-05
   0.0942809           0    0.103712  0.00930995
    0.282843       0.202    0.748341   0.0301373
    0.471405        4.59     2.03065   0.0542475
    0.659966       3.498       3.898   0.0629397
    0.848528       4.626     6.23349   0.0877738
     1.03709       8.664      7.7435   0.0875401
     1.22565        7.37      9.5306    0.108113
     1.41421      11.898     9.76247    0.110465
     1.60278      11.588     10.1095    0.108993
     1.79134       8.546     10.0769    0.106396
      1.9799       8.928      9.6564   0.0979055
     2.16846       7.998     8.64995   0.0980707
     2.35702       3.688     7.28442    0.100202
     2.54558       9.992     5.64443   0.0976257
     2.73415       4.318     4.74433   0.0763009
     2.92271       4.898     3.61287   0.0591418
     3.11127       3.508     2.68515   0.0559924
     3.29983       1.472     1.90834   0.0465565
     3.48839       0.722       1.313    0.037888
     3.67696       0.298    0.829933   0.0325395
     3.86552       1.048    0.536442   0.0264701
     4.05408       0.148    0.291014   0.0184317
     4.24264           0    0.230447   0.0186506
      4.4312           0    0.162635   0.0156031
     4.61976           0    0.127322   0.0142329
     4.80833           0    0.045899  0.00755635
     4.99689           0   0.0273221  0.00577624
     5.18545           0  0.00773558  0.00247811
     5.37401           0  0.00512981  0.00250387
     5.56257           0    6.25e-05 6.24248e-05
   0.0942809           0    0.103463  0.00929095
    0.282843       0.726    0.748288   0.0300651
    0.471405       2.194     2.03104   0.0541188
    0.659966       3.868     3.89792   0.0627888
    0.848528       5.144     6.23087   0.0876022
     1.03709      10.586     7.75031   0.0875952
     1.22565       7.494     9.52572    0.107964
     1.41421       9.492     9.76182    0.110202
     1.60278       13.45     10.1176    0.109026
     1.79134       8.678     10.0735    0.106194
      1.9799        8.95     9.65471   0.0976854
     2.16846       7.094     8.64622   0.0979064
     2.35702        6.22     7.28187    0.099994
     2.54558       7.334     5.64848   0.0974757
     2.73415        4.74     4.74432   0.0761179
     2.92271         3.6     3.61284   0.0589999
     3.11127       3.848     2.68794   0.0559275
     3.29983        2.36     1.90942   0.0464575
     3.48839       0.826     1.31184   0.0378151
     3.67696       0.278    0.828609   0.0324884
     3.86552       0.928    0.537381   0.0264233
     4.05408        0.19    0.290772   0.0183891
     4.24264           0    0.229894   0.0186141
      4.4312           0    0.162245   0.0155706
     4.61976           0    0.127017   0.0142021
     4.80833           0    0.045789  0.00753903
     4.99689           0   0.0272566  0.00576276
     5.18545           0  0.00771703  0.00247224
     5.37401           0  0.00511751   0.0024979
     5.56257           0 6.23501e-05 6.22753e-05
   0.0942809           0    0.103215  0.00927202
    0.282843           0    0.746498   0.0300464
    0.471405       1.544     2.02988   0.0540019
    0.659966       3.352     3.89662   0.0626522
    0.848528       5.628     6.22943   0.0874045
     1.03709       9.094     7.75353   0.0874446
     1.22565       10.67     9.52845     0.10774
     1.41421       11.58     9.76617    0.110024
     1.60278       9.436     10.1159    0.108777
     1.79134      10.644     10.0749    0.105948
      1.9799        7.86     9.65042    0.097546
     2.16846       8.508     8.64589   0.0976728
     2.35702       8.784     7.28546   0.0998194
     2.54558        6.52     5.65056   0.0972648
     2.73415       2.006     4.73777   0.0762172
     2.92271       3.868     3.61345   0.0588619
     3.11127       4.426      2.6921    0.055948
     3.29983        1.86     1.90931   0.0463465
     3.48839       1.074     1.31127   0.0377289
     3.67696       0.146    0.826976   0.0324517
     3.86552       0.182    0.536531   0.0263737
     4.05408       0.818    0.292033   0.0183883
     4.24264           0    0.229344   0.0185777
      4.4312           0    0.161856   0.0155382
     4.61976           0    0.126713   0.0141713
     4.80833           0   0.0456794  0.00752179
     4.99689           0   0.0271914  0.00574934
     5.18545           0  0.00769856  0.00246639
     5.37401           0  0.00510526  0.00249195
     5.56257           0  6.2201e-05 6.21265e-05
   0.0942809           0    0.102969  0.00925316
    0.282843       0.068    0.744878   0.0300183
    0.471405       1.472     2.02854   0.0538894
    0.659966       1.936     3.89194   0.0626772
    0.848528       3.388     6.22265   0.0874586
     1.03709       8.478     7.75526    0.087253
     1.22565      11.656     9.53353    0.107603
     1.41421      13.888       9.776      0.1102
     1.60278      13.116     10.1231    0.108753
     1.79134       8.176     10.0703    0.105792
      1.9799       7.898     9.64623   0.0974028
     2.16846       6.958     8.64186   0.0975227
     2.35702       6.614     7.28386    0.099594
     2.54558       7.346     5.65461   0.0971167
     2.73415       3.876     4.73571    0.076063
     2.92271       3.354     3.61283   0.0587247
     3.11127       5.658     2.69918   0.0562605
     3.29983       2.844     1.91154   0.0462895
     3.48839         0.2     1.30862    0.037732
     3.67696        0.18    0.825432   0.0324109
     3.86552       0.566    0.536601   0.0263109
     4.05408       0.328    0.292119   0.0183446
     4.24264           0    0.228797   0.0185414
      4.4312           0     0.16147   0.0155059
     4.61976           0    0.126411   0.0141407
     4.80833           0   0.0455704  0.00750463
     4.99689           0   0.0271265  0.00573598
     5.18545           0  0.00768019  0.00246057
     5.37401           0  0.00509308  0.00248603
     5.56257           0 6.20525e-05 6.19784e-05
   0.0942809           0    0.102724  0.00923438
    0.282843       0.062    0.743252   0.0299908
    0.471405       1.248     2.02669   0.0537931
    0.659966       3.594     3.89123    0.062532
    0.848528       4.622     6.21884   0.0873334
     1.03709       8.804     7.75775    0.087081
     1.22565      10.166     9.53504    0.107357
     1.41421       15.88     9.79054    0.110892
     1.60278      10.178     10.1232    0.108494
     1.79134       8.538     10.0667    0.105603
      1.9799       7.614      9.6414    0.097291
     2.16846        6.74     8.63733   0.0973956
     2.35702       6.182     7.28123   0.0993914
     2.54558        7.06     5.65796   0.0969431
     2.73415       5.374     4.73723   0.0758971
     2.92271        2.04     3.60909   0.0587042
     3.11127       5.404     2.70562   0.0564939
     3.29983         2.8     1.91365   0.0462276
     3.48839       0.646     1.30704   0.0376751
     3.67696       0.936    0.825695   0.0323348
     3.86552       0.112     0.53559   0.0262676
     4.05408           0    0.291424   0.0183141
     4.24264           0    0.228252   0.0185052
      4.4312           0    0.161086   0.0154737
     4.61976           0     0.12611   0.0141103
     4.80833           0   0.0454619  0.00748754
     4.99689           0   0.0270619  0.00572269
     5.18545           0   0.0076619  0.00245478
     5.37401           0  0.00508095  0.00248014
     5.56257           0 6.19048e-05  6.1831e-05
   0.0942809       0.042     0.10258  0.00921357
    0.282843        0.05    0.741606   0.0299648
    0.471405       1.012     2.02428   0.0537193
    0.659966       4.582     3.89287    0.062405
    0.848528       2.568     6.21017   0.0875554
     1.03709       4.684     7.75045   0.0871796
     1.22565       9.736     9.53552    0.107103
     1.41421       12.15     9.79614     0.11077
     1.60278      18.302     10.1426    0.109962
     1.79134      15.908     10.0806     0.10626
      1.9799       4.928      9.6302   0.0977019
     2.16846       8.286      8.6365   0.0971678
     2.35702       4.018     7.27348   0.0994571
     2.54558       3.594     5.65305   0.0968368
     2.73415       4.404     4.73644    0.075721
     2.92271       3.996        3.61   0.0585719
     3.11127        4.47     2.70981    0.056515
     3.29983       2.572     1.91522   0.0461443
     3.48839       1.382     1.30722   0.0375861
     3.67696       0.336    0.824532   0.0322789
     3.86552        0.98    0.536646   0.0262264
     4.05408           0    0.290732   0.0182837
     4.24264           0     0.22771   0.0184692
      4.4312           0    0.160703   0.0154417
     4.61976           0     0.12581   0.0140799
     4.80833           0   0.0453539  0.00747054
     4.99689           0   0.0269976  0.00570946
     5.18545           0  0.00764371  0.00244902
     5.37401           0  0.00506888  0.00247428
     5.56257           0 6.17577e-05 6.16843e-05
   0.0942809       0.018    0.102379  0.00919392
    0.282843       0.038    0.739938   0.0299401
    0.471405       1.696      2.0235   0.0535976
    0.659966        3.47     3.89187   0.0622651
    0.848528       4.774     6.20676    0.087414
     1.03709       4.656     7.74312   0.0872809
     1.22565       6.336     9.52793    0.107117
     1.41421       12.77     9.80319    0.110732
     1.60278      17.516     10.1601    0.111081
     1.79134      15.614     10.0937    0.106814
      1.9799       7.674     9.62556   0.0975803
     2.16846       9.678     8.63897   0.0969689
     2.35702        2.74     7.26274   0.0997999
     2.54558         3.1       5.647   0.0967961
     2.73415       4.152     4.73506   0.0755542
     2.92271       4.642     3.61245   0.0584842
     3.11127       4.282     2.71354   0.0565037
     3.29983        3.15     1.91814   0.0461276
     3.48839        0.32     1.30488   0.0375697
     3.67696       0.024    0.822635   0.0322581
     3.86552       0.938    0.537597   0.0261815
     4.05408       0.412    0.291019   0.0182426
     4.24264           0    0.227171   0.0184333
      4.4312           0    0.160322   0.0154098
     4.61976           0    0.125512   0.0140497
     4.80833           0   0.0452464  0.00745361
     4.99689           0   0.0269336  0.00569629
     5.18545           0  0.00762559  0.00244328
     5.37401           0  0.00505687  0.00246845
     5.56257           0 6.16114e-05 6.15383e-05
   0.0942809           0    0.102137  0.00917537
    0.282843       1.314    0.741296   0.0299001
    0.471405       2.806     2.02535   0.0535028
    0.659966       1.396     3.88597   0.0623969
    0.848528        7.79     6.21051   0.0872875
     1.03709       5.338     7.73743   0.0872596
     1.22565        5.79      9.5191    0.107228
     1.41421      10.944     9.80589    0.110503
     1.60278      10.764     10.1615    0.110827
     1.79134      17.134     10.1103    0.107851
      1.9799      10.762     9.62825   0.0973866
     2.16846       5.512     8.63157    0.097021
     2.35702       4.658     7.25658   0.0997538
     2.54558       5.714     5.64716   0.0965674
     2.73415       3.208     4.73145   0.0754618
     2.92271       3.796     3.61288   0.0583475
     3.11127        6.36     2.72216    0.057024
     3.29983        3.27     1.92134   0.0461291
     3.48839       0.942     1.30402   0.0374907
     3.67696        0.28    0.821352   0.0322074
     3.86552       0.144    0.536667   0.0261362
     4.05408       0.078    0.290515   0.0182064
     4.24264           0    0.226634   0.0183976
      4.4312           0    0.159943    0.015378
     4.61976           0    0.125215   0.0140197
     4.80833           0   0.0451395  0.00743675
     4.99689           0     0.02687  0.00568318
     5.18545           0  0.00760757  0.00243757
     5.37401           0  0.00504492  0.00246264
     5.56257           0 6.14657e-05  6.1393e-05
   0.0942809       0.214    0.102401  0.00915752
    0.282843        0.52    0.740774   0.0298341
    0.471405       2.858     2.02731   0.0534127
    0.659966        3.26     3.88449   0.0622672
    0.848528       8.326      6.2155   0.0872241
     1.03709       5.142     7.73131   0.0872682
     1.22565       6.166     9.51119    0.107266
     1.41421       9.956     9.80624    0.110243
     1.60278      12.466      10.167    0.110699
     1.79134      12.894     10.1169    0.107796
      1.9799       9.876     9.62883   0.0971587
     2.16846        3.77     8.62011   0.0974674
     2.35702       6.704     7.25528    0.099527
     2.54558       6.208     5.64849   0.0963487
     2.73415       4.482     4.73086   0.0752861
     2.92271       5.806     3.61806   0.0584387
     3.11127       3.904     2.72494   0.0569576
     3.29983       3.382     1.92478   0.0461488
     3.48839       0.656     1.30249   0.0374334
     3.67696       0.492    0.820575   0.0321408
     3.86552       0.684    0.537014   0.0260768
     4.05408       0.234    0.290382    0.018164
     4.24264           0    0.226099    0.018362
      4.4312           0    0.159566   0.0153464
     4.61976           0     0.12492   0.0139897
     4.80833           0    0.045033  0.00741997
     4.99689           0   0.0268066  0.00567013
     5.18545           0  0.00758962  0.00243189
     5.37401           0  0.00503302  0.00245686
     5.56257           0 6.13208e-05 6.12484e-05
   0.0942809        0.01    0.102184  0.00913855
    0.282843       0.202    0.739506   0.0297908
    0.471405        1.21     2.02539   0.0533216
    0.659966        3.23     3.88295   0.0621397
    0.848528       5.606     6.21406   0.0870306
     1.03709       6.062     7.72738   0.0871512
     1.22565       7.916     9.50744    0.107079
     1.41421      13.462     9.81484    0.110319
     1.60278       11.12     10.1692    0.110462
     1.79134      12.618     10.1228    0.107703
      1.9799       7.912      9.6248    0.097014
     2.16846       6.284     8.61461   0.0973929
     2.35702       6.754      7.2541   0.0992998
     2.54558       6.186     5.64975   0.0961303
     2.73415       6.748      4.7356   0.0752584
     2.92271        3.88     3.61867   0.0583045
     3.11127       3.678     2.72719   0.0568677
     3.29983        2.58     1.92632    0.046066
     3.48839        1.19     1.30223   0.0373463
     3.67696       0.444    0.819689   0.0320774
     3.86552       0.518    0.536969   0.0260155
     4.05408        0.39    0.290616   0.0181228
     4.24264           0    0.225567   0.0183265
      4.4312           0    0.159191   0.0153149
     4.61976           0    0.124626   0.0139599
     4.80833           0   0.0449271  0.00740327
     4.99689           0   0.0267435  0.00565713
     5.18545           0  0.00757176  0.00242623
     5.37401           0  0.00502118  0.00245111
     5.56257           0 6.11765e-05 6.11045e-05
   0.0942809           0    0.101944  0.00912025
    0.282843       0.934    0.739962   0.0297244
    0.471405        0.95     2.02286   0.0532562
    0.659966         2.4     3.87947   0.0620913
    0.848528       6.522     6.21478   0.0868294
     1.03709       8.068     7.72818   0.0869503
     1.22565       9.202     9.50672     0.10683
     1.41421      12.388     9.82088    0.110225
     1.60278       8.812      10.166    0.110248
     1.79134      11.928      10.127    0.107533
      1.9799       10.36     9.62652   0.0968016
     2.16846        6.58     8.60984   0.0972813
     2.35702        4.13     7.24677   0.0993372
     2.54558       7.282     5.65358    0.095981
     2.73415       3.976     4.73382   0.0751029
     2.92271       5.704     3.62357   0.0583727
     3.11127       3.016     2.72786   0.0567382
     3.29983        1.46     1.92523   0.0459708
     3.48839       2.444     1.30491   0.0373547
     3.67696       0.776    0.819587   0.0320022
     3.86552       0.322    0.536465   0.0259593
     4.05408       0.746    0.291685   0.0181117
     4.24264           0    0.225038   0.0182911
      4.4312           0    0.158817   0.0152835
     4.61976           0    0.124333   0.0139302
     4.80833           0   0.0448216  0.00738664
     4.99689           0   0.0266808   0.0056442
     5.18545           0  0.00755399   0.0024206
     5.37401           0  0.00500939  0.00244539
     5.56257           0 6.10329e-05 6.09612e-05
   0.0942809           0    0.101705  0.00910201
    0.282843       0.618    0.739677   0.0296562
    0.471405       2.606     2.02423    0.053149
    0.659966       2.184      3.8755   0.0620727
    0.848528       7.084     6.21682   0.0866499
     1.03709       7.648       7.728   0.0867469
     1.22565      11.472     9.51132    0.106679
     1.41421       8.406     9.81757    0.110016
     1.60278       8.358     10.1618    0.110071
     1.79134      14.626     10.1375    0.107796
      1.9799       7.676     9.62195   0.0966827
     2.16846        6.61     8.60515   0.0971662
     2.35702       6.588     7.24522   0.0991165
     2.54558       6.342     5.65519   0.0957697
     2.73415       5.506     4.73563   0.0749487
     2.92271       3.848     3.62409   0.0582384
     3.11127       3.432     2.72951   0.0566293
     3.29983       1.024     1.92312   0.0459116
     3.48839       1.936     1.30638   0.0372964
     3.67696       0.976    0.819953   0.0319294
     3.86552        1.06    0.537691   0.0259275
     4.05408           0    0.291002   0.0180822
     4.24264           0    0.224511   0.0182558
      4.4312           0    0.158445   0.0152522
     4.61976           0    0.124042   0.0139006
     4.80833           0   0.0447166  0.00737009
     4.99689           0   0.0266183  0.00563133
     5.18545           0   0.0075363    0.002415
     5.37401           0  0.00499766  0.00243969
     5.56257           0 6.08899e-05 6.08186e-05
   0.0942809           0    0.101467  0.00908385
    0.282843       0.238    0.738505     0.02961
    0.471405       3.352     2.02733   0.0531152
    0.659966       2.134     3.87143   0.0620609
    0.848528       6.984     6.21861   0.0864659
     1.03709       7.654     7.72782   0.0865444
     1.22565        9.16      9.5105    0.106433
     1.41421      11.902     9.82244    0.109867
     1.60278       8.416     10.1577     0.10989
     1.79134      13.146     10.1446    0.107774
      1.9799         8.7      9.6198   0.0964808
     2.16846       6.162     8.59944   0.0971067
     2.35702       8.032     7.24706    0.098902
     2.54558       6.568     5.65733   0.0955697
     2.73415       3.378     4.73246   0.0748407
     2.92271       3.174     3.62304   0.0581118
     3.11127       3.942     2.73235   0.0565678
     3.29983       1.252     1.92155   0.0458311
     3.48839       2.306     1.30872   0.0372823
     3.67696         0.5    0.819206   0.0318635
     3.86552       0.418    0.537411   0.0258684
     4.05408       0.446    0.291364   0.0180436
     4.24264        0.05    0.224103   0.0182177
      4.4312       0.086    0.158276   0.0152175
     4.61976           0    0.123752   0.0138711
     4.80833           0   0.0446121  0.00735361
     4.99689           0   0.0265561  0.00561852
     5.18545           0  0.00751869  0.00240942
     5.37401           0  0.00498598  0.00243401
     5.56257           0 6.07477e-05 6.06767e-05
   0.0942809           0    0.101231  0.00906575
    0.282843       0.578    0.738131   0.0295434
    0.471405       1.168     2.02533   0.0530292
    0.659966       3.328     3.87016   0.0619291
    0.848528       8.298     6.22346   0.0864001
     1.03709        8.68     7.73004   0.0863711
     1.22565       9.928     9.51147     0.10619
     1.41421      11.394      9.8261    0.109672
     1.60278       9.638     10.1565     0.10964
     1.79134        9.91      10.144    0.107524
      1.9799       8.068     9.61618   0.0963236
     2.16846       6.612     8.59481   0.0969908
     2.35702       8.988     7.25112   0.0987547
     2.54558       4.762     5.65524   0.0953697
     2.73415       3.486     4.72955   0.0747227
     2.92271       4.564     3.62524   0.0580177
     3.11127       2.668      2.7322   0.0564361
     3.29983       2.176     1.92214   0.0457281
     3.48839       2.298     1.31103   0.0372667
     3.67696       0.278    0.817944   0.0318142
     3.86552       0.146    0.536499   0.0258242
     4.05408       0.032     0.29076   0.0180116
     4.24264       0.974    0.225851    0.018259
      4.4312       0.026    0.157967   0.0151852
     4.61976           0    0.123464   0.0138418
     4.80833           0   0.0445082  0.00733721
     4.99689           0   0.0264942  0.00560576
     5.18545           0  0.00750117  0.00240387
     5.37401           0  0.00497436  0.00242837
     5.56257           0 6.06061e-05 6.05354e-05
   0.0942809        0.03    0.101065  0.00904618
    0.282843       0.234    0.736958   0.0294979
    0.471405       1.532     2.02418   0.0529183
    0.659966       4.272      3.8711   0.0617922
    0.848528       8.782     6.22941   0.0864039
     1.03709       11.44     7.73867   0.0866001
     1.22565       9.346     9.51109    0.105943
     1.41421       9.508     9.82536     0.10942
     1.60278       7.886     10.1512    0.109512
     1.79134        7.75     10.1385    0.107418
      1.9799       7.868     9.61212   0.0961854
     2.16846        8.53     8.59466   0.0967653
     2.35702       7.928     7.25269   0.0985376
     2.54558       5.078      5.6539   0.0951574
     2.73415       4.596     4.72924   0.0745495
     2.92271       5.404     3.62937   0.0580301
     3.11127       2.014     2.73053   0.0563296
     3.29983       0.554     1.91896   0.0457323
     3.48839       2.552     1.31391   0.0372916
     3.67696       0.868     0.81806   0.0317404
     3.86552       0.352     0.53607   0.0257677
     4.05408       0.274    0.290721   0.0179698
     4.24264       1.042    0.227749   0.0183149
      4.4312        0.06     0.15774   0.0151516
     4.61976         0.1    0.123409   0.0138097
     4.80833           0   0.0444047  0.00732087
     4.99689           0   0.0264326  0.00559306
     5.18545           0  0.00748372  0.00239834
     5.37401           0  0.00496279  0.00242275
     5.56257           0 6.04651e-05 6.03948e-05
   0.0942809       0.198     0.10129  0.00902799
    0.282843       1.024    0.737624    0.029437
    0.471405       2.046     2.02423   0.0527955
    0.659966       6.672      3.8776   0.0619896
    0.848528       6.902     6.23097   0.0862175
     1.03709       5.876     7.73435   0.0865069
     1.22565        9.65     9.51141    0.105698
     1.41421       8.288      9.8218    0.109224
     1.60278      10.392     10.1518     0.10926
     1.79134        9.08      10.136    0.107197
      1.9799      11.148     9.61568   0.0960282
     2.16846        6.87     8.59066   0.0966235
     2.35702        8.12     7.25471   0.0983295
     2.54558       3.836     5.64968     0.09503
     2.73415        5.89     4.73194   0.0744252
     2.92271       4.326     3.63099    0.057918
     3.11127       1.842     2.72846   0.0562366
     3.29983       0.722     1.91619   0.0457104
     3.48839        1.43     1.31418    0.037206
     3.67696       0.738    0.817875   0.0316673
     3.86552       1.038    0.537234   0.0257342
     4.05408       0.756      0.2918   0.0179605
     4.24264       1.156    0.229903   0.0183986
      4.4312           0    0.157374   0.0151208
     4.61976           0    0.123123   0.0137806
     4.80833           0   0.0443016  0.00730461
     4.99689           0   0.0263712  0.00558042
     5.18545           0  0.00746636  0.00239284
     5.37401           0  0.00495128  0.00241715
     5.56257           0 6.03248e-05 6.02548e-05
   0.0942809           0    0.101056  0.00901013
    0.282843       0.592    0.737287   0.0293708
    0.471405       1.892     2.02393   0.0526742
    0.659966       5.838     3.88213    0.062012
    0.848528       7.668      6.2343    0.086082
     1.03709       3.834     7.72532   0.0867765
     1.22565       9.696     9.51184    0.105454
     1.41421       7.648     9.81676    0.109087
     1.60278       9.742     10.1508    0.109011
     1.79134       9.494     10.1345    0.106959
      1.9799      10.712     9.61822   0.0958395
     2.16846      11.178     8.59665   0.0965853
     2.35702       7.592     7.25549    0.098105
     2.54558       6.312     5.65121   0.0948224
     2.73415        3.97     4.73017   0.0742738
     2.92271       3.258     3.63012   0.0577903
     3.11127       1.832     2.72639   0.0561447
     3.29983       1.304     1.91477   0.0456266
     3.48839       2.252     1.31635   0.0371832
     3.67696        0.14    0.816306   0.0316329
     3.86552       1.298    0.538995   0.0257348
     4.05408       0.538     0.29237   0.0179279
     4.24264        1.21    0.232171   0.0184953
      4.4312           0    0.157009   0.0150902
     4.61976           0    0.122838   0.0137517
     4.80833           0   0.0441991  0.00728842
     4.99689           0   0.0263102  0.00556784
     5.18545           0  0.00744907  0.00238736
     5.37401           0  0.00493981  0.00241159
     5.56257           0 6.01852e-05 6.01155e-05
   0.0942809           0    0.100822  0.00899235
    0.282843       0.012    0.735612   0.0293507
    0.471405        0.63     2.02071   0.0526508
    0.659966       2.364     3.87863   0.0619678
    0.848528       7.534      6.2373   0.0859356
     1.03709       8.904     7.72804   0.0866188
     1.22565      11.266     9.51589    0.105288
     1.41421        9.47     9.81596    0.108838
     1.60278       9.478     10.1493     0.10877
     1.79134      11.256     10.1371    0.106743
      1.9799        8.91     9.61658   0.0956321
     2.16846       7.248     8.59353   0.0964124
     2.35702        7.31     7.25561   0.0978785
     2.54558       4.978     5.64966   0.0946162
     2.73415       6.184     4.73353   0.0741781
     2.92271        3.94     3.63084   0.0576613
     3.11127       1.628     2.72385   0.0560723
     3.29983       1.792     1.91448   0.0455221
     3.48839       2.884     1.31997   0.0372731
     3.67696        0.28    0.815067   0.0315841
     3.86552       0.722    0.539418   0.0256789
     4.05408        0.21     0.29218   0.0178876
     4.24264           1    0.233945   0.0185374
      4.4312           0    0.156647   0.0150597
     4.61976           0    0.122554   0.0137229
     4.80833           0    0.044097  0.00727231
     4.99689           0   0.0262494  0.00555531
     5.18545           0  0.00743187  0.00238191
     5.37401           0  0.00492841  0.00240604
     5.56257           0 6.00462e-05 5.99768e-05
   0.0942809           0     0.10059  0.00897463
    0.282843           0    0.733917   0.0293319
    0.471405       0.906     2.01814   0.0525921
    0.659966       3.328     3.87736    0.061838
    0.848528       5.564     6.23575   0.0857515
     1.03709      10.756     7.73502   0.0866998
     1.22565       9.838     9.51663    0.105049
     1.41421       9.806     9.81594    0.108587
     1.60278       9.192     10.1471    0.108542
     1.79134       8.556     10.1335    0.106559
      1.9799      10.968      9.6197   0.0954624
     2.16846       8.092     8.59238   0.0961972
     2.35702       9.346     7.26043   0.0977714
     2.54558        5.96     5.65037   0.0944009
     2.73415       4.266     4.73245    0.074015
     2.92271       2.724     3.62875   0.0575663
     3.11127        1.18     2.72029   0.0560558
     3.29983       3.302     1.91768   0.0455293
     3.48839       1.418      1.3202    0.037188
     3.67696       1.418    0.816456   0.0315418
     3.86552       0.044    0.538276   0.0256451
     4.05408       0.336    0.292281   0.0178466
     4.24264           1     0.23571   0.0185786
      4.4312           0    0.156286   0.0150294
     4.61976           0    0.122272   0.0136941
     4.80833           0   0.0439954  0.00725626
     4.99689           0   0.0261889  0.00554284
     5.18545           0  0.00741475  0.00237649
     5.37401           0  0.00491705  0.00240053
     5.56257           0 5.99078e-05 5.98388e-05
   0.0942809           0    0.100359  0.00895698
    0.282843       0.344    0.733021   0.0292782
    0.471405       1.702     2.01741   0.0524762
    0.659966       4.766      3.8794   0.0617296
    0.848528       8.284     6.24046   0.0856836
     1.03709      10.982     7.74248   0.0868212
     1.22565       8.908     9.51523    0.104816
     1.41421       6.346     9.80796     0.10863
     1.60278       8.296     10.1428    0.108376
     1.79134       5.942     10.1238    0.106749
      1.9799       8.302     9.61667    0.095291
     2.16846       8.522     8.59222   0.0959762
     2.35702       11.55     7.27029   0.0980426
     2.54558       7.852     5.65543   0.0943194
     2.73415       4.234     4.73131   0.0738537
     2.92271       2.526     3.62622   0.0574897
     3.11127       2.222     2.71915   0.0559387
     3.29983       2.682     1.91944   0.0454586
     3.48839       1.488     1.32058   0.0371045
     3.67696       1.024    0.816933   0.0314729
     3.86552       0.292     0.53771   0.0255924
     4.05408       0.606    0.293002   0.0178202
     4.24264        1.13    0.237766   0.0186493
      4.4312           0    0.155926   0.0149991
     4.61976           0    0.121991   0.0136655
     4.80833           0   0.0438943  0.00724028
     4.99689           0   0.0261287  0.00553043
     5.18545           0   0.0073977  0.00237108
     5.37401           0  0.00490575  0.00239504
     5.56257           0 5.97701e-05 5.97014e-05
   0.0942809       0.608    0.101523  0.00901179
    0.282843        1.89    0.735674   0.0293311
    0.471405       2.486     2.01849   0.0523669
    0.659966        4.38     3.88055   0.0615987
    0.848528       8.854     6.24645   0.0856965
     1.03709        8.67     7.74461   0.0866481
     1.22565       4.856     9.50455    0.105119
     1.41421       8.524     9.80502    0.108421
     1.60278       9.688     10.1418    0.108132
     1.79134        6.58     10.1157    0.106813
      1.9799       9.956     9.61744   0.0950756
     2.16846       6.244     8.58683   0.0959071
     2.35702      13.194     7.28388   0.0987547
     2.54558        6.22     5.65673    0.094112
     2.73415       2.768      4.7268   0.0738215
     2.92271         4.6     3.62845   0.0574012
     3.11127       3.166     2.72017   0.0558198
     3.29983        2.89     1.92167   0.0454088
     3.48839       0.516     1.31874   0.0370652
     3.67696        0.06    0.815197   0.0314486
     3.86552       1.482    0.539876   0.0256252
     4.05408       0.014    0.292362   0.0177908
     4.24264       0.298    0.237904    0.018607
      4.4312       0.056    0.155697   0.0149665
     4.61976           0    0.121711   0.0136371
     4.80833           0   0.0437936  0.00722438
     4.99689           0   0.0260688  0.00551807
     5.18545           0  0.00738073  0.00236571
     5.37401           0   0.0048945  0.00238957
     5.56257           0  5.9633e-05 5.95646e-05
   0.0942809       0.484    0.102398  0.00903357
    0.282843       2.048    0.738677   0.0294173
    0.471405        3.35     2.02153   0.0523356
    0.659966       4.206      3.8813   0.0614622
    0.848528       7.226     6.24869   0.0855297
     1.03709       7.786      7.7447   0.0864499
     1.22565       6.254     9.49711    0.105142
     1.41421       8.166     9.80127    0.108238
     1.60278      10.032     10.1415    0.107885
     1.79134       9.092     10.1134    0.106594
      1.9799       7.808      9.6133   0.0949482
     2.16846       8.168     8.58587   0.0956924
     2.35702      10.982     7.29234   0.0988906
     2.54558       5.882     5.65724    0.093898
     2.73415       4.462      4.7262   0.0736551
     2.92271       4.414     3.63025    0.057298
     3.11127       2.524     2.71973   0.0556938
     3.29983       2.744     1.92355   0.0453438
     3.48839       0.632     1.31717   0.0370137
     3.67696       1.212    0.816105   0.0313897
     3.86552       0.528    0.539849   0.0255665
     4.05408           0    0.291693   0.0177626
     4.24264           0    0.237359   0.0185724
      4.4312           0    0.155341   0.0149364
     4.61976           0    0.121432   0.0136087
     4.80833           0   0.0436934  0.00720854
     4.99689           0   0.0260092  0.00550576
     5.18545           0  0.00736384  0.00236035
     5.37401           0   0.0048833  0.00238413
     5.56257           0 5.94966e-05 5.94285e-05
   0.0942809           0    0.102164  0.00901597
    0.282843       2.274    0.742183   0.0295582
    0.471405        3.59     2.02511   0.0523385
    0.659966       4.354     3.88237   0.0613313
    0.848528       3.264     6.24188   0.0856055
     1.03709       5.596      7.7398   0.0863916
     1.22565        8.37     9.49453    0.104933
     1.41421      12.918     9.80838    0.108224
     1.60278      10.534     10.1424    0.107642
     1.79134        10.1     10.1133    0.106351
      1.9799       8.632     9.61106   0.0947578
     2.16846       8.304     8.58523   0.0954761
     2.35702        8.16     7.29432   0.0986847
     2.54558       7.136     5.66062   0.0937443
     2.73415       3.442     4.72326   0.0735452
     2.92271       2.246     3.62709   0.0572543
     3.11127       2.456     2.71912   0.0555699
     3.29983        4.34     1.92906   0.0455747
     3.48839       0.284     1.31481   0.0370043
     3.67696        1.12    0.816799   0.0313257
     3.86552       0.504    0.539767   0.0255083
     4.05408       0.376    0.291886   0.0177231
     4.24264           0    0.236817   0.0185379
      4.4312           0    0.154986   0.0149066
     4.61976           0    0.121155   0.0135805
     4.80833           0   0.0435936  0.00719277
     4.99689           0   0.0259498  0.00549351
     5.18545           0  0.00734703  0.00235502
     5.37401           0  0.00487215  0.00237871
     5.56257           0 5.93607e-05 5.92929e-05
   0.0942809        0.03       0.102  0.00899693
    0.282843       3.218    0.747822   0.0300241
    0.471405       3.404     2.02826   0.0523134
    0.659966       4.852     3.88458   0.0612314
    0.848528       4.008     6.23679   0.0855616
     1.03709       7.732     7.73978   0.0861948
     1.22565        6.58      9.4879    0.104904
     1.41421      10.518        9.81     0.10799
     1.60278      10.462     10.1432      0.1074
     1.79134      12.448     10.1186    0.106242
      1.9799       5.972     9.60277   0.0949039
     2.16846       7.878     8.58362   0.0952722
     2.35702       5.942     7.29124    0.098508
     2.54558       8.362     5.66677   0.0937325
     2.73415        4.77     4.72337   0.0733778
     2.92271       3.322     3.62639   0.0571281
     3.11127       2.614     2.71888   0.0554439
     3.29983        2.85     1.93116   0.0455191
     3.48839       0.514     1.31298   0.0369649
     3.67696       0.442    0.815945    0.031266
     3.86552       1.674    0.542351   0.0255807
     4.05408       0.408     0.29215   0.0176847
     4.24264           0    0.236278   0.0185035
      4.4312           0    0.154633   0.0148768
     4.61976           0    0.120879   0.0135523
     4.80833           0   0.0434943  0.00717707
     4.99689           0   0.0258907  0.00548132
     5.18545           0   0.0073303  0.00234972
     5.37401           0  0.00486105  0.00237332
     5.56257           0 5.92255e-05  5.9158e-05
   0.0942809       0.034    0.101845  0.00897781
    0.282843       1.862    0.750355   0.0300624
    0.471405       2.366     2.02902   0.0522002
    0.659966       5.878     3.88911   0.0612596
    0.848528        5.87     6.23595   0.0853712
     1.03709       8.572     7.74167   0.0860196
     1.22565       8.646     9.48598    0.104683
     1.41421       9.018      9.8082    0.107759
     1.60278       8.554     10.1395    0.107216
     1.79134      11.136      10.121    0.106025
      1.9799       7.626     9.59828   0.0947945
     2.16846       6.536     8.57896   0.0951692
     2.35702       8.426     7.29382   0.0983178
     2.54558       7.894     5.67184   0.0936561
     2.73415       3.492     4.72057   0.0732644
     2.92271        3.02     3.62501   0.0570149
     3.11127       1.884     2.71699   0.0553503
     3.29983        2.75     1.93302   0.0454537
     3.48839       1.074     1.31244   0.0368849
     3.67696       2.784    0.820418   0.0315133
     3.86552       0.578    0.542432   0.0255227
     4.05408           0    0.291486    0.017657
     4.24264           0    0.235741   0.0184692
      4.4312           0    0.154282   0.0148471
     4.61976           0    0.120605   0.0135243
     4.80833           0   0.0433955  0.00716144
     4.99689           0   0.0258318  0.00546917
     5.18545           0  0.00731364  0.00234444
     5.37401           0     0.00485  0.00236795
     5.56257           0 5.90909e-05 5.90237e-05
   0.0942809       0.012    0.101642  0.00895976
    0.282843       0.128    0.748943   0.0300274
    0.471405       2.104     2.02919   0.0520821
    0.659966       7.374     3.89702   0.0616283
    0.848528       8.832     6.24184   0.0853803
     1.03709         6.6     7.73908   0.0858635
     1.22565       8.942     9.48475    0.104453
     1.41421      12.116     9.81343    0.107642
     1.60278      11.042     10.1416    0.106993
     1.79134       6.936     10.1137    0.106031
      1.9799       6.322     9.59085   0.0948702
     2.16846       6.264     8.57371   0.0950981
     2.35702       9.354     7.29849   0.0982058
     2.54558       5.228     5.67083   0.0934491
     2.73415       4.464     4.71999   0.0731005
     2.92271       2.474      3.6224   0.0569453
     3.11127       3.262     2.71822   0.0552386
     3.29983       2.554     1.93443   0.0453725
     3.48839       1.546     1.31297   0.0368051
     3.67696       2.446    0.824104   0.0316567
     3.86552           0    0.541202   0.0254944
     4.05408           0    0.290825   0.0176293
     4.24264           0    0.235206   0.0184351
      4.4312           0    0.153932   0.0148176
     4.61976           0    0.120331   0.0134964
     4.80833           0   0.0432971  0.00714588
     4.99689           0   0.0257732  0.00545709
     5.18545           0  0.00729705  0.00233918
     5.37401           0    0.004839   0.0023626
     5.56257           0 5.89569e-05   5.889e-05
   0.0942809       0.206    0.101878   0.0089426
    0.282843       1.942    0.751643   0.0300805
    0.471405        2.75     2.03082   0.0519898
    0.659966       5.878      3.9015   0.0616516
    0.848528       9.402     6.24899    0.085486
     1.03709       6.296     7.73582   0.0857313
     1.22565      10.838     9.48781    0.104261
     1.41421       8.878     9.81132    0.107419
     1.60278      10.852     10.1432    0.106763
     1.79134       4.948      10.102    0.106433
      1.9799       8.504     9.58839   0.0946874
     2.16846       6.616     8.56929    0.094986
     2.35702       8.242     7.30062   0.0980068
     2.54558       6.112     5.67183    0.093243
     2.73415       2.716     4.71546   0.0730756
     2.92271        3.64     3.62244   0.0568165
     3.11127       3.862     2.72081   0.0551742
     3.29983       2.664     1.93608   0.0452998
     3.48839       1.194      1.3127   0.0367228
     3.67696       2.168    0.827145   0.0317307
     3.86552       0.292    0.540638    0.025443
     4.05408           0    0.290167   0.0176017
     4.24264           0    0.234674   0.0184011
      4.4312           0    0.153584   0.0147881
     4.61976           0    0.120059   0.0134686
     4.80833           0   0.0431991  0.00713038
     4.99689           0   0.0257149  0.00544505
     5.18545           0  0.00728054  0.00233395
     5.37401           0  0.00482805  0.00235728
     5.56257           0 5.88235e-05 5.87569e-05
   0.0942809       0.114    0.101905  0.00892246
    0.282843       0.112    0.750199   0.0300472
    0.471405       3.518     2.03418   0.0519807
    0.659966       9.116     3.91327    0.062626
    0.848528       9.406     6.25612   0.0855895
     1.03709       7.432     7.73513   0.0855405
     1.22565       8.204     9.48491    0.104066
     1.41421        5.05     9.80057    0.107713
     1.60278       8.936     10.1405    0.106556
     1.79134       5.654      10.092    0.106665
      1.9799       9.036     9.58715   0.0944819
     2.16846        8.22      8.5685   0.0947749
     2.35702      10.438     7.30771   0.0980411
     2.54558       6.696     5.67414   0.0930612
     2.73415       3.372     4.71242   0.0729736
     2.92271       4.042     3.62339   0.0566961
     3.11127       1.282     2.71756   0.0551452
     3.29983       4.694     1.94231   0.0456233
     3.48839       1.214     1.31248   0.0366406
     3.67696       0.482    0.826366   0.0316687
     3.86552       0.982    0.541634    0.025405
     4.05408           0    0.289512   0.0175742
     4.24264           0    0.234144   0.0183671
      4.4312           0    0.153237   0.0147588
     4.61976           0    0.119788   0.0134409
     4.80833           0   0.0431016  0.00711495
     4.99689           0   0.0256569  0.00543307
     5.18545           0  0.00726411  0.00232874
     5.37401           0  0.00481716  0.00235199
     5.56257           0 5.86907e-05 5.86245e-05
   0.0942809       0.042     0.10177  0.00890338
    0.282843       1.526    0.751946   0.0300303
    0.471405       5.078     2.04104   0.0523137
    0.659966       7.246     3.92077   0.0629332
    0.848528       7.078     6.25797   0.0854168
     1.03709       9.196     7.73842   0.0854111
     1.22565        5.74     9.47648    0.104173
     1.41421        7.94     9.79638    0.107552
     1.60278       9.638     10.1393    0.106323
     1.79134        6.28     10.0834     0.10677
      1.9799       9.656      9.5873   0.0942692
     2.16846       5.706     8.56205   0.0947805
     2.35702       7.642     7.30846   0.0978232
     2.54558       9.398     5.68253   0.0932288
     2.73415       5.184     4.71349   0.0728169
     2.92271       1.766     3.61921   0.0567226
     3.11127       0.552     2.71268   0.0552363
     3.29983        1.35     1.94097   0.0455401
     3.48839       2.292     1.31468   0.0366244
     3.67696       3.078    0.831437   0.0320008
     3.86552       0.722    0.542041   0.0253511
     4.05408       0.404     0.28977   0.0175365
     4.24264       0.054    0.233739   0.0183303
      4.4312       0.032    0.152964   0.0147281
     4.61976       0.034    0.119595   0.0134121
     4.80833        0.04   0.0430946  0.00709893
     4.99689       0.072   0.0257613  0.00542183
     5.18545       0.254  0.00781982  0.00238888
     5.37401           0  0.00480631  0.00234672
     5.56257           0 5.85586e-05 5.84926e-05
   0.0942809       0.796     0.10333  0.00901902
    0.282843       0.984    0.752467   0.0299674
    0.471405       2.168     2.04132   0.0521969
    0.659966       7.266     3.92829   0.0632392
    0.848528        7.41     6.26056    0.085264
     1.03709       9.194     7.74169   0.0852818
     1.22565       8.456     9.47418    0.103964
     1.41421        6.29      9.7885    0.107598
     1.60278       11.49     10.1424    0.106127
     1.79134       6.522     10.0754     0.10683
      1.9799      11.154     9.59082   0.0941231
     2.16846       6.796     8.55808   0.0946505
     2.35702       5.442     7.30427   0.0976933
     2.54558       8.836     5.68961   0.0932882
     2.73415        4.22     4.71238   0.0726618
     2.92271       0.956     3.61322   0.0569099
     3.11127       1.538     2.71004   0.0551752
     3.29983       3.272     1.94396   0.0455359
     3.48839       0.266     1.31233   0.0366178
     3.67696       2.832    0.835933   0.0322431
     3.86552       0.706    0.542409   0.0252968
     4.05408       1.122     0.29164   0.0175965
     4.24264       0.284    0.233852   0.0182894
      4.4312           0     0.15262    0.014699
     4.61976           0    0.119326   0.0133846
     4.80833           0   0.0429978  0.00708364
     4.99689           0   0.0257034  0.00540996
     5.18545           0  0.00780225  0.00238357
     5.37401           0  0.00479551  0.00234147
     5.56257           0  5.8427e-05 5.83613e-05
   0.0942809           0    0.103099  0.00900177
    0.282843       0.774    0.752516   0.0299002
    0.471405       2.476      2.0423    0.052089
    0.659966       5.848      3.9326   0.0632437
    0.848528        8.26     6.26504   0.0851906
     1.03709        10.1     7.74698   0.0852544
     1.22565        9.79     9.47489    0.103733
     1.41421       4.996     9.77775    0.107892
     1.60278       11.14     10.1446    0.105913
     1.79134         6.7     10.0679    0.106858
      1.9799       8.432     9.58822   0.0939479
     2.16846       7.762      8.5563   0.0944551
     2.35702        8.66      7.3073   0.0975215
     2.54558        6.03     5.69038   0.0930822
     2.73415       4.704     4.71236   0.0724988
     2.92271       1.988     3.60958   0.0568989
     3.11127        3.43     2.71166   0.0550751
     3.29983        1.88     1.94382    0.045434
     3.48839       1.496     1.31274    0.036538
     3.67696       1.406    0.837211   0.0321962
     3.86552       0.486    0.542283   0.0252404
     4.05408       0.782     0.29274   0.0175914
     4.24264        0.69    0.234874    0.018277
      4.4312        0.17    0.152659   0.0146661
     4.61976           0    0.119058   0.0133573
     4.80833           0   0.0429013  0.00706841
     4.99689           0   0.0256457  0.00539814
     5.18545           0  0.00778475  0.00237829
     5.37401           0  0.00478475  0.00233624
     5.56257           0  5.8296e-05 5.82306e-05
   0.0942809       0.054    0.102989   0.0089823
    0.282843       1.144    0.753391   0.0298462
    0.471405       2.136     2.04251   0.0519729
    0.659966       4.194     3.93318   0.0631049
    0.848528       7.174     6.26707   0.0850243
     1.03709      12.202     7.75695   0.0856442
     1.22565       8.454     9.47261    0.103527
     1.41421       10.67     9.77975    0.107669
     1.60278       10.86     10.1462    0.105688
     1.79134       6.462     10.0598    0.106923
      1.9799        6.02     9.58024   0.0940762
     2.16846       7.636     8.55424   0.0942663
     2.35702      10.528     7.31451   0.0975691
     2.54558       3.878     5.68632   0.0929622
     2.73415       5.534      4.7142   0.0723599
     2.92271       1.684     3.60527   0.0569344
     3.11127        2.99     2.71228   0.0549554
     3.29983       1.886     1.94369   0.0453325
     3.48839       0.266      1.3104   0.0365313
     3.67696       1.446    0.838573   0.0321529
     3.86552       0.888    0.543056   0.0251958
     4.05408       1.096    0.294537   0.0176436
     4.24264       0.268    0.234949   0.0182362
      4.4312       0.394    0.153199   0.0146432
     4.61976       0.136    0.119096   0.0133274
     4.80833           0   0.0428054  0.00705325
     4.99689           0   0.0255884  0.00538637
     5.18545           0  0.00776734  0.00237304
     5.37401           0  0.00477405  0.00233104
     5.56257           0 5.81655e-05 5.81004e-05
   0.0942809           0    0.102759  0.00896519
    0.282843       0.216    0.752192   0.0298036
    0.471405       2.044     2.04251   0.0518569
    0.659966       7.054     3.94015   0.0633474
    0.848528       6.396     6.26736    0.084835
     1.03709       7.972     7.75743   0.0854544
     1.22565       9.736      9.4732    0.103297
     1.41421      11.972     9.78464     0.10754
     1.60278       9.882     10.1456    0.105453
     1.79134       8.352      10.056    0.106752
      1.9799       5.516     9.57117   0.0943027
     2.16846       8.104     8.55323   0.0940612
     2.35702       8.532     7.31723   0.0973892
     2.54558        5.85     5.68669   0.0927554
     2.73415       6.402     4.71796   0.0722964
     2.92271       2.946      3.6038   0.0568264
     3.11127       1.728     2.71008   0.0548766
     3.29983       1.298     1.94225   0.0452543
     3.48839        0.76     1.30917   0.0364704
     3.67696       0.986    0.838902   0.0320828
     3.86552       1.212    0.544549   0.0251837
     4.05408       0.042    0.293973   0.0176132
     4.24264           1    0.236656   0.0182753
      4.4312           0    0.152857   0.0146145
     4.61976           0     0.11883   0.0133003
     4.80833           0   0.0427098  0.00703816
     4.99689           0   0.0255312  0.00537464
     5.18545           0     0.00775   0.0023678
     5.37401           0  0.00476339  0.00232586
     5.56257           0 5.80357e-05 5.79709e-05
   0.0942809           0     0.10253  0.00894815
    0.282843        0.12    0.750784   0.0297705
    0.471405       2.396      2.0433   0.0517474
    0.659966       4.858     3.94219   0.0632393
    0.848528       5.338     6.26529   0.0846713
     1.03709       9.424     7.76114   0.0853446
     1.22565       9.688     9.47367    0.103068
     1.41421        9.96     9.78503    0.107301
     1.60278      10.746      10.147    0.105227
     1.79134      13.618     10.0639    0.106809
      1.9799        6.57     9.56449   0.0943292
     2.16846       6.946     8.54965   0.0939198
     2.35702       6.762     7.31599   0.0971801
     2.54558       6.544      5.6886   0.0925685
     2.73415       4.288     4.71701   0.0721418
     2.92271       4.268     3.60528    0.056719
     3.11127       0.812     2.70586    0.054917
     3.29983       1.314     1.94085   0.0451751
     3.48839       0.362     1.30706   0.0364501
     3.67696        0.86    0.838949   0.0320114
     3.86552       1.446    0.546557   0.0252075
     4.05408       0.552    0.294548   0.0175833
     4.24264        0.85    0.238022   0.0182856
      4.4312       0.278    0.153136   0.0145847
     4.61976           0    0.118566   0.0132734
     4.80833           0   0.0426147  0.00702312
     4.99689           0   0.0254744  0.00536298
     5.18545           0  0.00773274  0.00236259
     5.37401           0  0.00475278  0.00232071
     5.56257           0 5.79065e-05 5.78419e-05
   0.0942809           0    0.102302  0.00893116
    0.282843        0.57    0.750382   0.0297071
    0.471405       2.348     2.04397   0.0516368
    0.659966       2.968     3.94003   0.0631358
    0.848528        5.53     6.26366   0.0844989
     1.03709       9.288     7.76453   0.0852224
     1.22565      10.046     9.47495    0.102847
     1.41421      10.528     9.78668    0.107076
     1.60278      12.532     10.1523    0.105127
     1.79134       6.866     10.0568    0.106807
      1.9799      10.864     9.56737   0.0941638
     2.16846       8.806     8.55022   0.0937128
     2.35702       6.056     7.31319   0.0970045
     2.54558       6.406     5.69019   0.0923765
     2.73415       3.858      4.7151   0.0720067
     2.92271       4.948     3.60826   0.0566714
     3.11127       1.462     2.70309   0.0548645
     3.29983        1.88     1.94072   0.0450749
     3.48839        0.86     1.30607   0.0363826
     3.67696       0.712    0.838667   0.0319415
     3.86552       0.334    0.546084    0.025156
     4.05408       0.138      0.2942   0.0175477
     4.24264       0.838    0.239356   0.0182935
      4.4312       0.162    0.153156   0.0145523
     4.61976           0    0.118302   0.0132465
     4.80833           0     0.04252  0.00700816
     4.99689           0   0.0254178  0.00535136
     5.18545           0  0.00771556   0.0023574
     5.37401           0  0.00474222  0.00231557
     5.56257           0 5.77778e-05 5.77135e-05
   0.0942809        0.19    0.102497  0.00891348
    0.282843       0.404    0.749614   0.0296511
    0.471405       1.182     2.04206   0.0515577
    0.659966       3.694     3.93948   0.0629981
    0.848528       6.024     6.26313   0.0843132
     1.03709       10.03     7.76956   0.0851814
     1.22565        9.03     9.47396    0.102624
     1.41421       8.528     9.78389    0.106875
     1.60278       10.48      10.153    0.104896
     1.79134       7.268     10.0506    0.106749
      1.9799      13.622     9.57636   0.0943832
     2.16846         8.7     8.55055   0.0935056
     2.35702        7.76     7.31418   0.0967945
     2.54558       5.314     5.68936   0.0921754
     2.73415       4.558     4.71475   0.0718479
     2.92271           4     3.60913   0.0565524
     3.11127        2.32     2.70224   0.0547494
     3.29983       1.736     1.94026   0.0449772
     3.48839       0.858     1.30507   0.0363155
     3.67696       0.548    0.838022   0.0318772
     3.86552       0.674    0.546368   0.0251018
     4.05408        0.08    0.293725   0.0175152
     4.24264           1    0.241042   0.0183305
      4.4312           0    0.152816    0.014524
     4.61976           0     0.11804   0.0132197
     4.80833           0   0.0424257  0.00699325
     4.99689           0   0.0253614  0.00533979
     5.18545           0  0.00769845  0.00235224
     5.37401           0  0.00473171  0.00231046
     5.56257           0 5.76497e-05 5.75857e-05
   0.0942809       0.048    0.102376  0.00889457
    0.282843       0.112    0.748204    0.029619
    0.471405       1.722     2.04135   0.0514485
    0.659966         6.7     3.94559   0.0631541
    0.848528        6.28     6.26316   0.0841267
     1.03709       7.718     7.76944    0.084993
     1.22565       6.708     9.46784    0.102579
     1.41421      11.256     9.78715    0.106688
     1.60278      10.576     10.1539    0.104668
     1.79134        6.31     10.0423    0.106834
      1.9799      11.278     9.58013   0.0942494
     2.16846       11.76     8.55765    0.093568
     2.35702       6.284      7.3119   0.0966072
     2.54558       7.562      5.6935   0.0920646
     2.73415       4.074     4.71333   0.0717029
     2.92271       2.506     3.60669     0.05648
     3.11127        2.75     2.70235   0.0546284
     3.29983       1.626     1.93957   0.0448831
     3.48839        0.73      1.3038   0.0362575
     3.67696       0.976    0.838327   0.0318081
     3.86552       0.024    0.545212   0.0250728
     4.05408           0    0.293075   0.0174885
     4.24264           1    0.242721   0.0183667
      4.4312           0    0.152478   0.0144958
     4.61976           0    0.117779    0.013193
     4.80833           0   0.0423319  0.00697841
     4.99689           0   0.0253053  0.00532827
     5.18545           0  0.00768142   0.0023471
     5.37401           0  0.00472124  0.00230537
     5.56257           0 5.75221e-05 5.74585e-05
   0.0942809       0.366    0.102958  0.00889396
    0.282843       0.602    0.747881   0.0295554
    0.471405       2.394     2.04213   0.0513408
    0.659966       7.156     3.95268   0.0634111
    0.848528       6.168     6.26295   0.0839413
     1.03709       7.318     7.76845   0.0848112
     1.22565      10.538      9.4702     0.10238
     1.41421       9.328     9.78614    0.106457
     1.60278       9.218     10.1519    0.104457
     1.79134        7.95     10.0377    0.106698
      1.9799      10.562      9.5823   0.0940663
     2.16846        8.78     8.55815   0.0933627
     2.35702       5.724      7.3084   0.0964575
     2.54558       4.488     5.69084   0.0918998
     2.73415       6.062     4.71631   0.0716064
     2.92271       2.742     3.60478   0.0563875
     3.11127       4.902     2.70721   0.0547231
     3.29983       0.834     1.93713   0.0448503
     3.48839       0.742     1.30256   0.0361986
     3.67696       1.038    0.838768    0.031741
     3.86552       0.088    0.544203   0.0250378
     4.05408           0    0.292428   0.0174619
     4.24264           1    0.244393   0.0184021
      4.4312           0    0.152141   0.0144677
     4.61976           0    0.117519   0.0131665
     4.80833           0   0.0422384  0.00696363
     4.99689           0   0.0252494   0.0053168
     5.18545           0  0.00766446  0.00234198
     5.37401           0  0.00471082  0.00230031
     5.56257           0 5.73951e-05 5.73318e-05
   0.0942809           0    0.102731  0.00887726
    0.282843           0    0.746233   0.0295362
    0.471405       1.654     2.04128   0.0512348
    0.659966       7.714     3.96096   0.0638103
    0.848528       9.564     6.27022   0.0840707
     1.03709       6.496     7.76564   0.0846707
     1.22565       9.706     9.47072    0.102155
     1.41421        8.97     9.78434    0.106238
     1.60278       8.498     10.1482    0.104291
     1.79134      10.378     10.0385    0.106465
      1.9799       9.636     9.58241   0.0938592
     2.16846        9.51     8.56024   0.0931806
     2.35702       5.584      7.3046   0.0963198
     2.54558       2.284     5.68333   0.0920032
     2.73415       4.172     4.71511   0.0714587
     2.92271       2.768     3.60294   0.0562934
     3.11127       6.084     2.71464   0.0551058
     3.29983       1.514     1.93619   0.0447612
     3.48839        1.52     1.30304   0.0361221
     3.67696       0.648    0.838348   0.0316738
     3.86552       0.024    0.543057   0.0250088
     4.05408        0.02    0.291828   0.0174337
     4.24264       0.684    0.245361    0.018387
      4.4312        0.38    0.152643   0.0144445
     4.61976       0.102    0.117485   0.0131375
     4.80833        0.09   0.0423436  0.00694909
     4.99689           0   0.0251938  0.00530538
     5.18545           0  0.00764758  0.00233688
     5.37401           0  0.00470044  0.00229527
     5.56257           0 5.72687e-05 5.72056e-05
   0.0942809           0    0.102505  0.00886062
    0.282843       0.752    0.746246   0.0294713
    0.471405       2.196     2.04162   0.0511233
    0.659966        7.67     3.96911   0.0641887
    0.848528       8.182     6.27443   0.0839909
     1.03709       5.962     7.76168   0.0845773
     1.22565       11.84     9.47593    0.102064
     1.41421       7.768     9.77991    0.106097
     1.60278       10.48     10.1489    0.104064
     1.79134      10.178     10.0388    0.106232
      1.9799       7.976     9.57888   0.0937193
     2.16846       9.318     8.56191   0.0929907
     2.35702       4.944     7.29941   0.0962477
     2.54558       3.372     5.67825   0.0919412
     2.73415       2.074     4.70931    0.071537
     2.92271       4.344     3.60457   0.0561933
     3.11127        4.26     2.71804   0.0550892
     3.29983       2.584     1.93762   0.0446855
     3.48839        1.79     1.30411   0.0360585
     3.67696       0.176    0.836892   0.0316377
     3.86552       0.576     0.54313    0.024954
     4.05408       0.764    0.292866   0.0174263
     4.24264       0.366    0.245626   0.0183485
      4.4312        0.39    0.153165   0.0144222
     4.61976       0.038     0.11731   0.0131098
     4.80833           0   0.0422505  0.00693444
     4.99689           0   0.0251385  0.00529401
     5.18545           0  0.00763077   0.0023318
     5.37401           0  0.00469011  0.00229024
     5.56257           0 5.71429e-05   5.708e-05
   0.0942809       0.004    0.102289  0.00884382
    0.282843       0.148    0.744934   0.0294358
    0.471405       1.818     2.04113   0.0510136
    0.659966       5.366     3.97218    0.064121
    0.848528       6.754     6.27548   0.0838133
     1.03709        7.68      7.7615   0.0843921
     1.22565      12.378     9.48229    0.102038
     1.41421      10.452     9.78138    0.105874
     1.60278      11.346     10.1516    0.103869
     1.79134       9.448     10.0375    0.106007
      1.9799        6.45     9.57202   0.0937646
     2.16846       6.454     8.55729   0.0929016
     2.35702       5.324     7.29508   0.0961341
     2.54558       7.828     5.68297   0.0918603
     2.73415       4.418     4.70867    0.071383
     2.92271       5.308      3.6083   0.0561941
     3.11127        1.97      2.7164   0.0549928
     3.29983       2.088     1.93795   0.0445887
     3.48839        0.17     1.30162   0.0360651
     3.67696       0.066    0.835202   0.0316134
     3.86552       1.124    0.544404   0.0249317
     4.05408       0.962    0.294333   0.0174497
     4.24264       0.444    0.246061   0.0183134
      4.4312           0    0.152829   0.0143944
     4.61976           0    0.117053   0.0130836
     4.80833           0   0.0421579  0.00691985
     4.99689           0   0.0250833  0.00528269
     5.18545           0  0.00761404  0.00232675
     5.37401           0  0.00467982  0.00228524
     5.56257           0 5.70175e-05  5.6955e-05
   0.0942809       0.008    0.102083  0.00882687
    0.282843        0.39    0.744158   0.0293817
    0.471405       1.852     2.04071   0.0509036
    0.659966       6.472     3.97765   0.0642136
    0.848528       8.566     6.28049   0.0837796
     1.03709       7.356     7.76061   0.0842121
     1.22565       7.642     9.47827    0.101894
     1.41421      12.082     9.78642    0.105762
     1.60278      12.376     10.1564    0.103756
     1.79134       6.562     10.0299    0.106047
      1.9799       6.962     9.56631   0.0937332
     2.16846       7.472     8.55491   0.0927286
     2.35702       6.986      7.2944   0.0959261
     2.54558       5.368     5.68228   0.0916619
     2.73415        5.68     4.71079   0.0712584
     2.92271       4.816     3.61095   0.0561332
     3.11127        1.94      2.7147   0.0548987
     3.29983       1.308     1.93657   0.0445124
     3.48839       0.792     1.30051   0.0360034
     3.67696       0.804    0.835133   0.0315443
     3.86552       1.488    0.546468   0.0249625
     4.05408       1.078    0.296048   0.0174956
     4.24264           0    0.245523   0.0182813
      4.4312           0    0.152495   0.0143668
     4.61976           0    0.116796   0.0130575
     4.80833           0   0.0420656  0.00690532
     4.99689           0   0.0250284  0.00527141
     5.18545           0  0.00759737  0.00232172
     5.37401           0  0.00466958  0.00228027
     5.56257           0 5.68928e-05 5.68305e-05
   0.0942809       0.006    0.101873  0.00881009
    0.282843       0.282    0.743148   0.0293348
    0.471405       3.378     2.04363   0.0508762
    0.659966       5.986     3.98203   0.0642229
    0.848528       4.628     6.27688   0.0836743
     1.03709        4.76     7.75406   0.0842826
     1.22565       8.534     9.47621    0.101693
     1.41421      11.964     9.79117    0.105638
     1.60278      10.882      10.158    0.103541
     1.79134       7.158     10.0236    0.106001
      1.9799       8.132     9.56318   0.0935808
     2.16846      10.092     8.55827   0.0925869
     2.35702      10.304     7.30097   0.0959414
     2.54558        6.78     5.68468   0.0914931
     2.73415       3.182     4.70745    0.071181
     2.92271       3.634       3.611   0.0560107
     3.11127       2.298     2.71379   0.0547864
     3.29983       2.432     1.93765   0.0444284
     3.48839       2.736     1.30364    0.036061
     3.67696       0.174     0.83369   0.0315085
     3.86552        0.18    0.545668   0.0249209
     4.05408        0.33    0.296122   0.0174575
     4.24264       0.148     0.24531   0.0182426
      4.4312           0    0.152162   0.0143393
     4.61976           0    0.116541   0.0130314
     4.80833           0   0.0419738  0.00689085
     4.99689           0   0.0249738  0.00526018
     5.18545           0  0.00758079  0.00231671
     5.37401           0  0.00465939  0.00227531
     5.56257           0 5.67686e-05 5.67066e-05
   0.0942809       0.224    0.102139  0.00879492
    0.282843       0.794    0.743259   0.0292711
    0.471405       3.468     2.04674   0.0508599
    0.659966       6.278     3.98703   0.0642775
    0.848528       5.228      6.2746   0.0835232
     1.03709       5.462     7.74907   0.0842468
     1.22565       8.252     9.47354    0.101506
     1.41421      10.614     9.79296    0.105423
     1.60278       8.144     10.1536    0.103409
     1.79134       6.682     10.0163     0.10602
      1.9799       11.35     9.56707   0.0934579
     2.16846      11.672     8.56505   0.0926334
     2.35702        7.19     7.30073   0.0957327
     2.54558       5.176     5.68357   0.0913005
     2.73415       5.382     4.70892   0.0710411
     2.92271        2.45     3.60847   0.0559457
     3.11127       2.928     2.71426    0.054669
     3.29983       3.964     1.94207   0.0445504
     3.48839       2.022     1.30521   0.0360164
     3.67696       0.544    0.833059   0.0314461
     3.86552       0.176    0.544863   0.0248796
     4.05408           0    0.295477   0.0174314
     4.24264           0    0.244776   0.0182107
      4.4312           0     0.15183   0.0143119
     4.61976           0    0.116288   0.0130055
     4.80833           0   0.0418824  0.00687645
     4.99689           0   0.0249194  0.00524901
     5.18545           0  0.00756427  0.00231172
     5.37401           0  0.00464924  0.00227038
     5.56257           0 5.66449e-05 5.65831e-05
   0.0942809       0.218    0.102391   0.0087794
    0.282843       0.544    0.742826   0.0292107
    0.471405        1.91     2.04644   0.0507502
    0.659966       5.776     3.99092   0.0642553
    0.848528       9.024     6.28057   0.0835552
     1.03709       6.078     7.74543    0.084142
     1.22565         8.2     9.47077    0.101323
     1.41421       9.808       9.793    0.105194
     1.60278       8.202     10.1494    0.103271
     1.79134       6.642      10.009    0.106042
      1.9799      12.366     9.57316   0.0934526
     2.16846        9.24     8.56652   0.0924436
     2.35702       5.558     7.29694   0.0955995
     2.54558       4.266     5.68049    0.091154
     2.73415       4.494     4.70846   0.0708882
     2.92271       5.912     3.61347   0.0560478
     3.11127       4.808     2.71881   0.0547393
     3.29983        2.79     1.94391   0.0444917
     3.48839       1.128     1.30482   0.0359401
     3.67696       0.602    0.832557   0.0313818
     3.86552       0.434    0.544622   0.0248267
     4.05408           0    0.294835   0.0174054
     4.24264           0    0.244243   0.0181789
      4.4312           0      0.1515   0.0142846
     4.61976           0    0.116035   0.0129797
     4.80833           0   0.0417913   0.0068621
     4.99689           0   0.0248652  0.00523787
     5.18545           0  0.00754783  0.00230675
     5.37401           0  0.00463913  0.00226546
     5.56257           0 5.65217e-05 5.64603e-05
   0.0942809       0.048    0.102273  0.00876115
    0.282843       0.736    0.742811   0.0291474
    0.471405       2.054     2.04646   0.0506401
    0.659966       5.152     3.99344   0.0641653
    0.848528       6.812     6.28173   0.0833819
     1.03709       8.322     7.74669   0.0839687
     1.22565        7.78      9.4671     0.10117
     1.41421       9.354     9.79204     0.10497
     1.60278       8.362     10.1455     0.10312
     1.79134       9.544      10.008    0.105817
      1.9799      12.416     9.57932   0.0934531
     2.16846        5.16     8.55913   0.0925379
     2.35702       5.626     7.29332   0.0954609
     2.54558       6.858     5.68304    0.090992
     2.73415       5.852     4.71094   0.0707778
     2.92271       4.028     3.61437   0.0559334
     3.11127       4.848     2.72343   0.0548151
     3.29983       2.712     1.94557   0.0444263
     3.48839       0.768     1.30366    0.035881
     3.67696       0.336    0.831479   0.0313322
     3.86552       0.768    0.545106   0.0247775
     4.05408       0.464    0.295202   0.0173715
     4.24264           0    0.243714   0.0181472
      4.4312           0    0.151171   0.0142574
     4.61976           0    0.115783    0.012954
     4.80833           0   0.0417007  0.00684782
     4.99689           0   0.0248113  0.00522679
     5.18545           0  0.00753145  0.00230181
     5.37401           0  0.00462907  0.00226057
     5.56257           0 5.63991e-05 5.63379e-05
   0.0942809           0    0.102052  0.00874498
    0.282843       1.564    0.744589   0.0291384
    0.471405       2.976     2.04847   0.0505704
    0.659966       5.662     3.99705   0.0641279
    0.848528       7.106     6.28351   0.0832205
     1.03709       7.024     7.74512   0.0838016
     1.22565       6.452     9.46058    0.101161
     1.41421       7.832      9.7878    0.104829
     1.60278       10.45     10.1462    0.102899
     1.79134      10.082     10.0081    0.105588
      1.9799       8.642     9.57729   0.0932728
     2.16846       7.972     8.55786   0.0923464
     2.35702       7.282     7.29329   0.0952542
     2.54558       6.506     5.68482   0.0908125
     2.73415        5.34      4.7123   0.0706377
     2.92271       3.306     3.61371   0.0558163
     3.11127       3.928     2.72603   0.0547584
     3.29983       2.942     1.94773   0.0443825
     3.48839        1.14      1.3033   0.0358051
     3.67696       0.504    0.830771   0.0312724
     3.86552        0.29    0.544554   0.0247301
     4.05408       0.088    0.294753   0.0173397
     4.24264       0.766    0.244844   0.0181431
      4.4312       0.146     0.15116   0.0142265
     4.61976           0    0.115532   0.0129284
     4.80833           0   0.0416104  0.00683359
     4.99689           0   0.0247576  0.00521575
     5.18545           0  0.00751515  0.00229688
     5.37401           0  0.00461905   0.0022557
     5.56257           0 5.62771e-05 5.62161e-05
   0.0942809       0.104    0.102056   0.0087261
    0.282843       0.664    0.744415    0.029076
    0.471405       2.292     2.04899   0.0504639
    0.659966        3.37      3.9957   0.0640037
    0.848528       5.832     6.28254   0.0830465
     1.03709       9.682      7.7493   0.0837249
     1.22565       5.702     9.45246    0.101268
     1.41421        8.38     9.78476    0.104646
     1.60278       7.664     10.1408    0.102816
     1.79134      13.702     10.0161    0.105661
      1.9799       8.874     9.57578   0.0930838
     2.16846       10.36     8.56175   0.0922289
     2.35702       7.332     7.29338   0.0950485
     2.54558       6.346     5.68625   0.0906276
     2.73415        3.43     4.70953   0.0705394
     2.92271       3.148      3.6127   0.0557048
     3.11127       4.666     2.73022   0.0548002
     3.29983       4.426     1.95308   0.0446083
     3.48839       1.604     1.30395   0.0357337
     3.67696       0.422    0.829888   0.0312173
     3.86552           0    0.543378   0.0247046
     4.05408           0    0.294117   0.0173139
     4.24264           0    0.244315   0.0181116
      4.4312           0    0.150834   0.0141996
     4.61976           0    0.115283   0.0129029
     4.80833           0   0.0415205  0.00681942
     4.99689           0   0.0247041  0.00520476
     5.18545           0  0.00749892  0.00229198
     5.37401           0  0.00460907  0.00225085
     5.56257           0 5.61555e-05 5.60948e-05
   0.0942809           0    0.101836  0.00871006
    0.282843       0.892    0.744733   0.0290151
    0.471405       1.972     2.04883   0.0503555
    0.659966       4.228      3.9962   0.0638677
    0.848528       4.826      6.2794   0.0829268
     1.03709      10.442     7.75511   0.0837453
     1.22565       6.752     9.44664    0.101216
     1.41421       8.454     9.78189     0.10446
     1.60278       9.952     10.1404    0.102595
     1.79134      12.074     10.0206    0.105527
      1.9799        8.77     9.57404   0.0928993
     2.16846       6.562     8.55744   0.0921308
     2.35702       5.418     7.28934   0.0949296
     2.54558       7.056      5.6892   0.0904804
     2.73415       4.568     4.70922    0.070388
     2.92271       6.176     3.61822    0.055858
     3.11127       3.616     2.73213   0.0547154
     3.29983       2.882     1.95509    0.044557
     3.48839       1.522     1.30442   0.0356598
     3.67696       0.874    0.829983   0.0311502
     3.86552       0.736    0.543793   0.0246548
     4.05408       0.228    0.293974   0.0172772
     4.24264           0    0.243789   0.0180802
      4.4312           0    0.150509   0.0141727
     4.61976           0    0.115034   0.0128774
     4.80833           0    0.041431  0.00680531
     4.99689           0   0.0246509  0.00519382
     5.18545           0  0.00748276   0.0022871
     5.37401           0  0.00459914  0.00224602
     5.56257           0 5.60345e-05 5.59741e-05
   0.0942809           0    0.101617  0.00869408
    0.282843       0.144    0.743441   0.0289814
    0.471405       1.424     2.04748   0.0502651
    0.659966        3.93     3.99606   0.0637306
    0.848528        4.48     6.27553   0.0828387
     1.03709       9.394     7.75863   0.0836394
     1.22565      12.454     9.45311    0.101205
     1.41421       8.872     9.77994    0.104254
     1.60278      12.598     10.1457     0.10251
     1.79134       8.584     10.0175    0.105345
      1.9799       8.306     9.57131   0.0927396
     2.16846       6.768     8.55359    0.092013
     2.35702       4.218     7.28273   0.0949549
     2.54558       7.462     5.69302   0.0903661
     2.73415        5.18     4.71024   0.0702439
     2.92271       6.888     3.62526   0.0561788
     3.11127       3.044      2.7328   0.0546018
     3.29983       0.936     1.95289   0.0445151
     3.48839       1.128     1.30404   0.0355851
     3.67696       1.856    0.832189   0.0311612
     3.86552       0.334    0.543342   0.0246059
     4.05408           0    0.293342   0.0172516
     4.24264           0    0.243265   0.0180489
      4.4312           0    0.150185   0.0141459
     4.61976           0    0.114787   0.0128521
     4.80833           0   0.0413419  0.00679126
     4.99689           0   0.0245978  0.00518292
     5.18545           0  0.00746667  0.00228223
     5.37401           0  0.00458925  0.00224121
     5.56257           0  5.5914e-05 5.58538e-05
   0.0942809           0    0.101399  0.00867816
    0.282843        0.08    0.742017   0.0289542
    0.471405       2.122     2.04764   0.0501575
    0.659966       1.354     3.99039   0.0638455
    0.848528       4.476     6.27167   0.0827509
     1.03709       9.376      7.7621   0.0835319
     1.22565      15.124     9.46527    0.101717
     1.41421       12.54     9.78586    0.104198
     1.60278      10.038     10.1455    0.102291
     1.79134       5.014     10.0067    0.105665
      1.9799      10.302     9.57288   0.0925538
     2.16846       6.592     8.54938   0.0919118
     2.35702       4.722     7.27724   0.0949101
     2.54558       7.194     5.69624   0.0902295
     2.73415        5.57     4.71208   0.0701174
     2.92271        5.14     3.62851   0.0561522
     3.11127       2.462     2.73222   0.0544877
     3.29983        2.22     1.95347   0.0444232
     3.48839        1.24     1.30391    0.035509
     3.67696       1.154     0.83288    0.031102
     3.86552        1.28    0.544923   0.0246039
     4.05408           0    0.292712    0.017226
     4.24264           0    0.242742   0.0180177
      4.4312           0    0.149863   0.0141192
     4.61976           0    0.114541   0.0128269
     4.80833           0   0.0412532  0.00677726
     4.99689           0   0.0245451  0.00517206
     5.18545           0  0.00745064  0.00227739
     5.37401           0   0.0045794  0.00223643
     5.56257           0  5.5794e-05 5.57341e-05
   0.0942809           0    0.101182  0.00866229
    0.282843           0    0.740428   0.0289357
    0.471405       1.966     2.04747   0.0500504
    0.659966       1.754      3.9856   0.0638881
    0.848528       6.194      6.2715   0.0825739
     1.03709      10.562      7.7681   0.0835679
     1.22565      15.246     9.47765     0.10225
     1.41421       9.338      9.7849    0.103979
     1.60278       9.246     10.1435     0.10209
     1.79134       5.946     9.99803    0.105795
      1.9799        8.73     9.57107   0.0923732
     2.16846       8.482     8.54924   0.0917151
     2.35702       7.566     7.27785   0.0947088
     2.54558       4.312     5.69327    0.090085
     2.73415       3.614     4.70973   0.0700067
     2.92271       4.494     3.63036   0.0560625
     3.11127       4.176     2.73531   0.0544587
     3.29983        3.72     1.95725   0.0444889
     3.48839       0.982     1.30322   0.0354397
     3.67696       0.766    0.832737   0.0310357
     3.86552       0.148    0.544073   0.0245659
     4.05408       0.458    0.293066   0.0171928
     4.24264         0.3    0.242865   0.0179796
      4.4312           0    0.149542   0.0140926
     4.61976           0    0.114296   0.0128018
     4.80833           0   0.0411649  0.00676333
     4.99689           0   0.0244925  0.00516126
     5.18545           0  0.00743469  0.00227257
     5.37401           0  0.00456959  0.00223166
     5.56257           0 5.56745e-05 5.56149e-05
   0.0942809           0    0.100966  0.00864648
    0.282843           0    0.738846   0.0289171
    0.471405       1.686      2.0467   0.0499494
    0.659966       2.558     3.98255   0.0638244
    0.848528        4.68      6.2681   0.0824675
     1.03709       8.286     7.76921   0.0833967
     1.22565      13.024     9.48523    0.102312
     1.41421      12.828      9.7914     0.10396
     1.60278        8.39     10.1398     0.10194
     1.79134       9.276     9.99649    0.105581
      1.9799        8.53     9.56885   0.0922026
     2.16846         7.4     8.54678    0.091552
     2.35702       5.598     7.27426   0.0945745
     2.54558       5.292     5.69241   0.0898966
     2.73415        5.12     4.71061   0.0698626
     2.92271       5.272     3.63387   0.0560524
     3.11127       6.634     2.74365   0.0549758
     3.29983       3.002     1.95948   0.0444498
     3.48839       0.252     1.30097    0.035435
     3.67696       0.172    0.831325   0.0310015
     3.86552           0     0.54291   0.0245409
     4.05408           0     0.29244   0.0171674
     4.24264           0    0.242346   0.0179486
      4.4312           0    0.149222   0.0140661
     4.61976           0    0.114051   0.0127768
     4.80833           0   0.0410769  0.00674945
     4.99689           0   0.0244402  0.00515049
     5.18545           0   0.0074188  0.00226777
     5.37401           0  0.00455983  0.00222691
     5.56257           0 5.55556e-05 5.54962e-05
   0.0942809           0    0.100751  0.00863073
    0.282843       0.332    0.737979   0.0288685
    0.471405       2.622     2.04792    0.049858
    0.659966       6.042     3.98694   0.0638392
    0.848528       5.602     6.26668   0.0823038
     1.03709       8.072     7.76985   0.0832213
     1.22565       8.378     9.48287    0.102121
     1.41421      10.408     9.79272    0.103747
     1.60278       6.276     10.1315    0.102055
     1.79134       9.332     9.99507    0.105365
      1.9799      12.128     9.57431   0.0921674
     2.16846       9.252     8.54829   0.0913691
     2.35702       3.154     7.26548     0.09478
     2.54558       5.982     5.69303    0.089707
     2.73415       5.518     4.71233   0.0697349
     2.92271       8.204     3.64361   0.0567735
     3.11127       4.498     2.74739   0.0549857
     3.29983        1.27     1.95801   0.0443793
     3.48839       0.438     1.29913   0.0354072
     3.67696       0.492    0.830601   0.0309439
     3.86552           0    0.541753   0.0245158
     4.05408           0    0.291817   0.0171422
     4.24264           0    0.241829   0.0179178
      4.4312           0    0.148904   0.0140397
     4.61976           0    0.113808   0.0127518
     4.80833           0   0.0409893  0.00673563
     4.99689           0   0.0243881  0.00513978
     5.18545           0  0.00740299  0.00226299
     5.37401           0  0.00455011  0.00222218
     5.56257           0 5.54371e-05  5.5378e-05
   0.0942809       0.092    0.100732  0.00861238
    0.282843       0.418    0.737298   0.0288151
    0.471405       3.184     2.05034   0.0498104
    0.659966       4.254     3.98751   0.0637059
    0.848528       7.326     6.26893   0.0821596
     1.03709       6.494     7.76714   0.0830885
     1.22565      10.114     9.48421    0.101912
     1.41421        9.29     9.79165    0.103532
     1.60278        9.09     10.1293    0.101862
     1.79134       6.844     9.98837    0.105354
      1.9799      10.622     9.57654   0.0919982
     2.16846      10.504     8.55245   0.0912694
     2.35702         6.5     7.26385   0.0945923
     2.54558       5.322     5.69224   0.0895196
     2.73415        3.48     4.70971   0.0696358
     2.92271       7.836     3.65253   0.0573492
     3.11127       3.636     2.74928   0.0549012
     3.29983       1.952       1.958   0.0442849
     3.48839       0.062      1.2965   0.0354296
     3.67696       0.134    0.829119   0.0309135
     3.86552       0.248    0.541128   0.0244716
     4.05408       0.156    0.291528   0.0171081
     4.24264       0.076    0.241477   0.0178831
      4.4312       0.366    0.149366   0.0140175
     4.61976           0    0.113566    0.012727
     4.80833           0   0.0409021  0.00672186
     4.99689           0   0.0243362   0.0051291
     5.18545           0  0.00738723  0.00225823
     5.37401           0  0.00454043  0.00221748
     5.56257           0 5.53191e-05 5.52603e-05
   0.0942809       0.216    0.100977  0.00859757
    0.282843        1.85     0.73966   0.0288506
    0.471405       3.464     2.05334    0.049795
    0.659966        3.32     3.98609   0.0635864
    0.848528       5.032     6.26631   0.0820271
     1.03709       5.736     7.76282    0.083024
     1.22565       13.49     9.49272     0.10205
     1.41421       6.602     9.78487    0.103533
     1.60278        7.43     10.1236    0.101807
     1.79134      13.132     9.99504    0.105341
      1.9799       9.166     9.57566    0.091807
     2.16846       6.652     8.54841   0.0911648
     2.35702       10.72     7.27119   0.0946757
     2.54558        5.72      5.6923   0.0893296
     2.73415       4.268     4.70877   0.0694942
     2.92271       3.966      3.6532   0.0572313
     3.11127       4.268      2.7525   0.0548792
     3.29983       0.918     1.95579   0.0442459
     3.48839       0.606     1.29503   0.0353847
     3.67696       0.342    0.828085   0.0308652
     3.86552        0.11    0.540212   0.0244368
     4.05408        0.06    0.291036   0.0170789
     4.24264       0.132    0.241244   0.0178467
      4.4312       0.602    0.150327   0.0140206
     4.61976       0.198    0.113745   0.0127012
     4.80833           0   0.0408153  0.00670815
     4.99689           0   0.0242845  0.00511847
     5.18545           0  0.00737155  0.00225349
     5.37401           0  0.00453079  0.00221279
     5.56257           0 5.52017e-05 5.51431e-05
   0.0942809       0.352    0.101508  0.00859579
    0.282843       1.314    0.740877   0.0288151
    0.471405       4.166     2.05782   0.0498903
    0.659966       4.328     3.98681   0.0634558
    0.848528       5.254     6.26416   0.0818814
     1.03709       5.372     7.75776   0.0830024
     1.22565      11.304     9.49656    0.101906
     1.41421        7.26     9.77953    0.103452
     1.60278       8.776     10.1207    0.101632
     1.79134      10.756     9.99666    0.105131
      1.9799       9.748     9.57603   0.0916132
     2.16846       9.244     8.54989   0.0909835
     2.35702       8.078      7.2729   0.0944905
     2.54558       5.768     5.69246   0.0891405
     2.73415       6.362     4.71227   0.0694352
     2.92271       4.372     3.65472   0.0571303
     3.11127       2.726     2.75244    0.054763
     3.29983       1.144     1.95407   0.0441855
     3.48839        0.25     1.29282   0.0353789
     3.67696       0.206    0.826767   0.0308279
     3.86552       0.052    0.539178   0.0244069
     4.05408        0.12    0.290674   0.0170465
     4.24264       0.054    0.240847   0.0178133
      4.4312        0.75    0.151597   0.0140484
     4.61976       0.244    0.114021   0.0126773
     4.80833           0   0.0407288  0.00669449
     4.99689           0   0.0242331  0.00510789
     5.18545           0  0.00735593  0.00224877
     5.37401           0  0.00452119  0.00220812
     5.56257           0 5.50847e-05 5.50264e-05
   0.0942809           0    0.101294   0.0085803
    0.282843        1.46    0.742397   0.0287943
    0.471405        3.75      2.0614   0.0499129
    0.659966       3.226     3.98521    0.063342
    0.848528       6.896      6.2655   0.0817191
     1.03709       5.102     7.75214   0.0830166
     1.22565      10.022     9.49767    0.101697
     1.41421       8.422     9.77666    0.103273
     1.60278      11.678      10.124     0.10147
     1.79134        9.59      9.9958    0.104912
      1.9799       7.846     9.57237   0.0914925
     2.16846       7.494     8.54765   0.0908186
     2.35702        9.79     7.27822   0.0944405
     2.54558       6.924     5.69507     0.08899
     2.73415       4.286     4.71137   0.0692943
     2.92271        5.16      3.6579   0.0570981
     3.11127       2.416     2.75173   0.0546518
     3.29983       2.732     1.95572   0.0441227
     3.48839       0.764      1.2917   0.0353218
     3.67696       0.016    0.825053   0.0308103
     3.86552       0.014    0.538068   0.0243805
     4.05408       0.056    0.290178   0.0170177
     4.24264       0.052    0.240448   0.0177801
      4.4312       0.066    0.151416   0.0140198
     4.61976       0.238    0.114283   0.0126532
     4.80833           0   0.0406427  0.00668089
     4.99689           0   0.0241818  0.00509734
     5.18545           0  0.00734038  0.00224407
     5.37401           0  0.00451163  0.00220348
     5.56257           0 5.49683e-05 5.49102e-05
   0.0942809           0     0.10108  0.00856486
    0.282843       2.078    0.745215   0.0288711
    0.471405       2.026     2.06132   0.0498077
    0.659966       5.186     3.98774    0.063259
    0.848528        6.17      6.2653    0.081547
     1.03709       3.874     7.74396   0.0832437
     1.22565      12.576     9.50416    0.101689
     1.41421      11.602     9.78051    0.103127
     1.60278      10.668     10.1252    0.101262
     1.79134       11.14     9.99821    0.104718
      1.9799       6.722     9.56636   0.0914969
     2.16846       4.592     8.53931   0.0910096
     2.35702       3.676     7.27062   0.0945465
     2.54558       7.982     5.69989    0.088933
     2.73415       6.538     4.71522   0.0692551
     2.92271       4.104     3.65884   0.0569854
     3.11127        3.07     2.75241   0.0545406
     3.29983       4.034      1.9601    0.044247
     3.48839       1.662     1.29248   0.0352559
     3.67696         0.3    0.823945   0.0307652
     3.86552           0    0.536932   0.0243555
     4.05408           0    0.289565   0.0169928
     4.24264           0    0.239941   0.0177498
      4.4312           0    0.151097   0.0139939
     4.61976           0    0.114042   0.0126288
     4.80833           0    0.040557  0.00666735
     4.99689           0   0.0241308  0.00508685
     5.18545           0  0.00732489  0.00223939
     5.37401           0  0.00450211  0.00219885
     5.56257           0 5.48523e-05 5.47944e-05
   0.0942809       0.164    0.101213  0.00854785
    0.282843        1.27     0.74632   0.0288314
    0.471405       1.292      2.0597   0.0497291
    0.659966        2.47     3.98454   0.0632065
    0.848528       6.942     6.26672   0.0813878
     1.03709       5.452     7.73914   0.0832082
     1.22565      11.616     9.50861    0.101572
     1.41421      11.324     9.78376    0.102961
     1.60278      13.082     10.1314     0.10124
     1.79134      10.572     9.99942    0.104505
      1.9799       9.262     9.56572   0.0913065
     2.16846       7.496     8.53711   0.0908445
     2.35702       5.476     7.26684   0.0944229
     2.54558       2.238      5.6926   0.0890439
     2.73415       4.578     4.71493   0.0691099
     2.92271       4.426     3.66046   0.0568883
     3.11127       3.802     2.75461   0.0544706
     3.29983       2.472     1.96118   0.0441669
     3.48839       3.014     1.29611   0.0353675
     3.67696        0.52    0.823305   0.0307071
     3.86552       0.532    0.536922   0.0243042
     4.05408           0    0.288956    0.016968
     4.24264           0    0.239436   0.0177196
      4.4312           0    0.150779    0.013968
     4.61976           0    0.113802   0.0126045
     4.80833           0   0.0404716  0.00665386
     4.99689           0     0.02408  0.00507639
     5.18545           0  0.00730947  0.00223473
     5.37401           0  0.00449263  0.00219424
     5.56257           0 5.47368e-05 5.46792e-05
   0.0942809       0.118    0.101248  0.00852996
    0.282843       1.514    0.747933   0.0288159
    0.471405       1.078     2.05764   0.0496674
    0.659966       2.056     3.98049   0.0632034
    0.848528       5.848     6.26584   0.0812215
     1.03709       8.286     7.74029   0.0830413
     1.22565       13.58     9.51716    0.101718
     1.41421       8.762     9.78161    0.102767
     1.60278      13.288      10.138    0.101245
     1.79134       9.592     9.99856    0.104289
      1.9799      11.478     9.56974   0.0912031
     2.16846       6.212     8.53223   0.0907848
     2.35702       5.024     7.26213    0.094342
     2.54558       3.724     5.68847   0.0889528
     2.73415       2.866     4.71105   0.0690738
     2.92271        3.79     3.66073   0.0567694
     3.11127       4.828     2.75897     0.05453
     3.29983       1.346     1.95989    0.044093
     3.48839       2.548     1.29874   0.0353908
     3.67696        0.99    0.823655   0.0306446
     3.86552       0.292    0.536408   0.0242586
     4.05408        0.78    0.289987   0.0169636
     4.24264           0    0.238933   0.0176896
      4.4312           0    0.150462   0.0139423
     4.61976           0    0.113563   0.0125803
     4.80833           0   0.0403866  0.00664042
     4.99689           0   0.0240294  0.00506598
     5.18545           0  0.00729412  0.00223009
     5.37401           0  0.00448319  0.00218965
     5.56257           0 5.46218e-05 5.45644e-05
   0.0942809           0    0.101036  0.00851472
    0.282843       1.458    0.749421   0.0287939
    0.471405       3.346     2.06034   0.0496367
    0.659966       4.188     3.98093   0.0630724
    0.848528        5.11     6.26342   0.0810874
     1.03709       6.478     7.73764   0.0829094
     1.22565      11.302      9.5209    0.101574
     1.41421      12.246     9.78678    0.102681
     1.60278      10.812     10.1395    0.101042
     1.79134       8.822      9.9961    0.104099
      1.9799       9.852     9.57033   0.0910138
     2.16846       7.492     8.53005   0.0906207
     2.35702       6.366     7.26025    0.094163
     2.54558        3.25     5.68335   0.0889131
     2.73415       3.044     4.70756   0.0690174
     2.92271        3.46     3.66031    0.056652
     3.11127       3.378     2.76027   0.0544311
     3.29983       3.396      1.9629   0.0441033
     3.48839           2     1.30021   0.0353472
     3.67696       1.344    0.824746   0.0305998
     3.86552       0.656    0.536658   0.0242091
     4.05408           0    0.289379    0.016939
     4.24264           0    0.238432   0.0176596
      4.4312           0    0.150147   0.0139166
     4.61976           0    0.113325   0.0125562
     4.80833           0   0.0403019  0.00662704
     4.99689           0    0.023979  0.00505561
     5.18545           0  0.00727883  0.00222546
     5.37401           0  0.00447379  0.00218508
     5.56257           0 5.45073e-05 5.44502e-05
   0.0942809           0    0.100824  0.00849953
    0.282843        1.54    0.751075   0.0287812
    0.471405       3.344     2.06303   0.0496054
    0.659966       4.716     3.98246   0.0629592
    0.848528       5.236     6.26127   0.0809462
     1.03709       6.698     7.73546   0.0827644
     1.22565      10.164     9.52225     0.10137
     1.41421       8.266     9.78359    0.102516
     1.60278      14.306     10.1482    0.101206
     1.79134       7.398     9.99066    0.104023
      1.9799       10.16     9.57156   0.0908317
     2.16846       9.978     8.53308   0.0904817
     2.35702       5.036      7.2556   0.0940809
     2.54558       3.484     5.67875   0.0888461
     2.73415       2.376     4.70268   0.0690451
     2.92271       4.742     3.66257   0.0565786
     3.11127       3.012     2.76079   0.0543198
     3.29983       3.216     1.96552   0.0440888
     3.48839       3.224     1.30423   0.0355016
     3.67696       1.104    0.825331   0.0305413
     3.86552           0    0.535536   0.0241844
     4.05408           0    0.288774   0.0169143
     4.24264           0    0.237933   0.0176297
      4.4312           0    0.149833    0.013891
     4.61976           0    0.113088   0.0125322
     4.80833           0   0.0402176  0.00661371
     4.99689           0   0.0239289  0.00504528
     5.18545           0   0.0072636  0.00222086
     5.37401           0  0.00446444  0.00218053
     5.56257           0 5.43933e-05 5.43364e-05
   0.0942809       0.002    0.100618  0.00848429
    0.282843       1.794    0.753253   0.0288033
    0.471405        3.57     2.06617   0.0496015
    0.659966       2.024     3.97838   0.0629604
    0.848528       4.614     6.25783   0.0808503
     1.03709      10.208     7.74063   0.0827525
     1.22565       7.576     9.51818     0.10124
     1.41421       8.688     9.78131    0.102327
     1.60278      12.942      10.154    0.101163
     1.79134        9.41     9.98945    0.103813
      1.9799      14.032     9.58087   0.0911182
     2.16846         9.5     8.53509   0.0903154
     2.35702       4.098     7.24901   0.0941151
     2.54558       3.694     5.67461   0.0887572
     2.73415        2.83     4.69877   0.0690116
     2.92271       3.102      3.6614   0.0564726
     3.11127       2.366     2.75997   0.0542127
     3.29983       2.386      1.9664   0.0440055
     3.48839        3.22     1.30823   0.0356521
     3.67696       1.092    0.825887   0.0304826
     3.86552       0.746    0.535975   0.0241379
     4.05408       0.106    0.288392   0.0168833
     4.24264           0    0.237436   0.0175999
      4.4312           0     0.14952   0.0138656
     4.61976           0    0.112852   0.0125082
     4.80833           0   0.0401336  0.00660044
     4.99689           0   0.0238789  0.00503499
     5.18545           0  0.00724843  0.00221627
     5.37401           0  0.00445511    0.002176
     5.56257           0 5.42797e-05 5.42231e-05
   0.0942809       0.452     0.10135  0.00849814
    0.282843       1.914    0.755671   0.0288446
    0.471405       2.418      2.0669   0.0495036
    0.659966        1.47     3.97315   0.0630457
    0.848528       4.698     6.25458   0.0807471
     1.03709       7.784     7.74072   0.0825801
     1.22565      10.358     9.51993    0.101044
     1.41421        8.93     9.77953     0.10213
     1.60278      11.954     10.1578    0.101021
     1.79134       9.604     9.98865      0.1036
      1.9799      15.144     9.59246   0.0916625
     2.16846        9.25     8.53658   0.0901395
     2.35702       3.986     7.24221   0.0941642
     2.54558       2.856     5.66874   0.0887663
     2.73415       3.878     4.69706    0.068889
     2.92271       5.718     3.66569   0.0565173
     3.11127       2.172     2.75875   0.0541136
     3.29983       0.478      1.9633    0.044023
     3.48839        3.48     1.31275   0.0358637
     3.67696       0.494    0.825196    0.030427
     3.86552        0.24    0.535358   0.0240955
     4.05408       0.696    0.289242   0.0168695
     4.24264       0.026    0.236996   0.0175687
      4.4312           0    0.149208   0.0138402
     4.61976           0    0.112617   0.0124844
     4.80833           0     0.04005  0.00658722
     4.99689           0   0.0238292  0.00502475
     5.18545           0  0.00723333  0.00221171
     5.37401           0  0.00444583  0.00217148
     5.56257           0 5.41667e-05 5.41102e-05
   0.0942809           0    0.101139  0.00848308
    0.282843        1.65     0.75753   0.0288445
    0.471405        2.17     2.06712   0.0494012
    0.659966        3.52     3.97221   0.0629217
    0.848528       4.576     6.25109   0.0806546
     1.03709       9.618     7.74462   0.0825006
     1.22565           9     9.51885     0.10084
     1.41421         5.6     9.77084    0.102286
     1.60278      12.654     10.1629    0.100945
     1.79134       9.996     9.98866    0.103385
      1.9799      15.424     9.60459   0.0922702
     2.16846       8.306      8.5361   0.0899534
     2.35702        4.33     7.23615   0.0941629
     2.54558       3.862     5.66498   0.0886612
     2.73415       4.334      4.6963   0.0687499
     2.92271       6.198     3.67095   0.0566444
     3.11127       1.682     2.75651   0.0540473
     3.29983       0.804     1.96089   0.0439974
     3.48839       2.498     1.31522   0.0358737
     3.67696       0.778    0.825098   0.0303639
     3.86552           0    0.534245   0.0240711
     4.05408           0     0.28864   0.0168452
     4.24264       0.368    0.237268   0.0175343
      4.4312       0.202    0.149318   0.0138118
     4.61976       0.204    0.112807   0.0124599
     4.80833       0.146   0.0402703  0.00657721
     4.99689        0.08   0.0239459  0.00501566
     5.18545           0   0.0072183  0.00220716
     5.37401           0  0.00443659  0.00216699
     5.56257           0 5.40541e-05 5.39978e-05
   0.0942809       0.076    0.101087  0.00846564
    0.282843        1.18    0.758407    0.028798
    0.471405       2.128     2.06724   0.0492988
    0.659966       4.786      3.9739   0.0628138
    0.848528       4.424      6.2473   0.0805763
     1.03709       9.236     7.74771   0.0823874
     1.22565       7.578     9.51483    0.100711
     1.41421      10.634     9.77263     0.10209
     1.60278       9.974     10.1626    0.100736
     1.79134       9.168     9.98696    0.103184
      1.9799      12.388     9.61036   0.0922593
     2.16846       8.572     8.53618   0.0897668
     2.35702       5.268     7.23207    0.094056
     2.54558        5.96     5.66559   0.0884793
     2.73415       3.054      4.6929   0.0686917
     2.92271       4.494     3.67266   0.0565527
     3.11127       2.694     2.75638   0.0539354
     3.29983       1.454     1.95983   0.0439187
     3.48839       3.366     1.31947   0.0360507
     3.67696        0.53    0.824485   0.0303071
     3.86552       0.036    0.533212   0.0240434
     4.05408           0    0.288041   0.0168208
     4.24264           0    0.236776   0.0175048
      4.4312       0.774    0.150614   0.0138439
     4.61976       0.226    0.113041   0.0124362
     4.80833           0   0.0401867  0.00656409
     4.99689           0   0.0238963   0.0050055
     5.18545           0  0.00720332  0.00220263
     5.37401           0  0.00442739  0.00216251
     5.56257           0 5.39419e-05 5.38859e-05
   0.0942809       0.068    0.101019  0.00844839
    0.282843        1.98    0.760936   0.0288492
    0.471405       0.778     2.06458    0.049269
    0.659966        2.98     3.97184   0.0627175
    0.848528        3.26     6.24111   0.0806465
     1.03709       10.47     7.75335   0.0824094
     1.22565      10.376     9.51661    0.100518
     1.41421       8.492     9.76998    0.101913
     1.60278      12.058     10.1665    0.100604
     1.79134      10.978     9.98901    0.102991
      1.9799      12.132     9.61558   0.0922159
     2.16846       8.406     8.53591   0.0895813
     2.35702       5.146     7.22775   0.0939604
     2.54558       5.712     5.66569   0.0882962
     2.73415       2.346     4.68804   0.0687211
     2.92271       4.118     3.67358   0.0564431
     3.11127        2.77     2.75641   0.0538237
     3.29983       1.998     1.95991   0.0438278
     3.48839       2.458     1.32183   0.0360531
     3.67696       0.474     0.82376    0.030253
     3.86552           0    0.532108   0.0240189
     4.05408           0    0.287445   0.0167966
     4.24264        0.12    0.236534   0.0174702
      4.4312        0.88    0.152124   0.0138973
     4.61976           0    0.112807   0.0124127
     4.80833           0   0.0401035  0.00655103
     4.99689           0   0.0238468  0.00499538
     5.18545           0  0.00718841  0.00219812
     5.37401           0  0.00441822  0.00215805
     5.56257           0 5.38302e-05 5.37745e-05
   0.0942809           1    0.102876   0.0086327
    0.282843       1.746    0.762971   0.0288613
    0.471405       0.824     2.06201   0.0492338
    0.659966       2.606     3.96902   0.0626513
    0.848528       5.044     6.23864   0.0805178
     1.03709       5.594     7.74889   0.0823598
     1.22565      13.528      9.5249    0.100652
     1.41421        9.05      9.7685    0.101713
     1.60278      12.716     10.1717    0.100534
     1.79134       9.136     9.98725    0.102793
      1.9799      13.678     9.62398   0.0924065
     2.16846       7.282     8.53332   0.0894337
     2.35702       8.352     7.23007    0.093795
     2.54558        4.02     5.66229   0.0881792
     2.73415        2.75     4.68403   0.0686956
     2.92271       1.262      3.6686    0.056546
     3.11127       2.362     2.75559   0.0537187
     3.29983       2.374     1.96077   0.0437456
     3.48839       3.348     1.32602   0.0362208
     3.67696       0.266    0.822607   0.0302124
     3.86552       0.062    0.531136   0.0239889
     4.05408           0    0.286851   0.0167724
     4.24264           1    0.238112   0.0175052
      4.4312           0     0.15181   0.0138722
     4.61976           0    0.112574   0.0123892
     4.80833           0   0.0400207  0.00653802
     4.99689           0   0.0237975   0.0049853
     5.18545           0  0.00717355  0.00219363
     5.37401           0  0.00440909  0.00215361
     5.56257           0  5.3719e-05 5.36635e-05
   0.0942809           1    0.104726  0.00881085
    0.282843       1.056    0.763575   0.0288081
    0.471405       0.674     2.05915   0.0492154
    0.659966        4.54     3.97019   0.0625332
    0.848528        4.68     6.23543   0.0804159
     1.03709       2.962     7.73902   0.0827793
     1.22565      12.558     9.53115    0.100638
     1.41421      10.234     9.76946    0.101508
     1.60278      11.286      10.174    0.100353
     1.79134      13.186     9.99384    0.102793
      1.9799       9.716     9.62416   0.0922162
     2.16846       8.924     8.53412   0.0892529
     2.35702        8.32     7.23232   0.0936285
     2.54558       3.918     5.65869   0.0880707
     2.73415       5.626     4.68598   0.0685815
     2.92271       2.094     3.66535   0.0565225
     3.11127       1.794     2.75361   0.0536445
     3.29983        2.21     1.96128   0.0436584
     3.48839       1.254     1.32587   0.0361464
     3.67696       0.968    0.822907   0.0301516
     3.86552           0    0.530041   0.0239644
     4.05408           0     0.28626   0.0167482
     4.24264       0.442    0.238532   0.0174742
      4.4312       0.558    0.152647   0.0138688
     4.61976           0    0.112342   0.0123659
     4.80833           0   0.0399381  0.00652506
     4.99689           0   0.0237485  0.00497527
     5.18545           0  0.00715876  0.00218916
     5.37401           0      0.0044  0.00214919
     5.56257           0 5.36082e-05  5.3553e-05
   0.0942809       1.014    0.106597  0.00898916
    0.282843       0.346    0.762716   0.0287617
    0.471405       2.088     2.05921   0.0491142
    0.659966       4.656      3.9716   0.0624205
    0.848528       5.778     6.23449   0.0802559
     1.03709        7.79     7.73912   0.0826091
     1.22565       9.998     9.53211    0.100436
     1.41421       8.174     9.76617    0.101352
     1.60278      10.442     10.1746    0.100148
     1.79134       8.428     9.99062    0.102632
      1.9799       6.812     9.61838   0.0922078
     2.16846      11.956     8.54116   0.0893466
     2.35702      10.342     7.23872   0.0936542
     2.54558       5.186     5.65772   0.0878949
     2.73415        4.96     4.68654   0.0684427
     2.92271       3.752     3.66553   0.0564065
     3.11127       2.036     2.75213   0.0535544
     3.29983       1.242      1.9598   0.0435937
     3.48839       1.084     1.32537   0.0360755
     3.67696       0.646    0.822543   0.0300918
     3.86552        0.27    0.529506   0.0239211
     4.05408           0    0.285671   0.0167241
     4.24264           0    0.238041   0.0174451
      4.4312       0.366    0.153086   0.0138472
     4.61976       0.634    0.113416   0.0123869
     4.80833           0    0.039856  0.00651215
     4.99689           0   0.0236996  0.00496527
     5.18545           0  0.00714403   0.0021847
     5.37401           0  0.00439095  0.00214479
     5.56257           0 5.34979e-05 5.34429e-05
   0.0942809       1.304    0.109055  0.00930089
    0.282843       0.612    0.762407   0.0287043
    0.471405        0.89     2.05681    0.049072
    0.659966       4.086     3.97184   0.0622927
    0.848528        7.36      6.2368   0.0801244
     1.03709       7.864     7.73938   0.0824398
     1.22565       11.04     9.53521    0.100277
     1.41421       8.852      9.7643    0.101161
     1.60278        9.57     10.1734   0.0999498
     1.79134       9.358     9.98932    0.102429
      1.9799       9.636     9.61841   0.0920185
     2.16846        9.97      8.5441   0.0892112
     2.35702        6.15     7.23648   0.0934886
     2.54558       5.048     5.65647   0.0877233
     2.73415        3.13     4.68334   0.0683767
     2.92271        4.43      3.6671   0.0563125
     3.11127       3.318     2.75329   0.0534571
     3.29983       0.926     1.95768   0.0435558
     3.48839       1.754     1.32625   0.0360121
     3.67696       0.754    0.822402   0.0300303
     3.86552       0.478      0.5294   0.0238722
     4.05408       0.658    0.286435   0.0167072
     4.24264        0.03    0.237614   0.0174145
      4.4312        0.63    0.154066   0.0138534
     4.61976       0.152    0.113495   0.0123617
     4.80833           0   0.0397741  0.00649929
     4.99689           0   0.0236509  0.00495531
     5.18545           0  0.00712936  0.00218027
     5.37401           0  0.00438193   0.0021404
     5.56257           0 5.33881e-05 5.33332e-05
   0.0942809       0.044    0.108922  0.00928278
    0.282843       1.046    0.762988   0.0286513
    0.471405       2.134     2.05697   0.0489717
    0.659966        3.23     3.97032   0.0621836
    0.848528       6.948     6.23825   0.0799735
     1.03709       7.846      7.7396   0.0822712
     1.22565      12.126     9.54052    0.100212
     1.41421      10.294     9.76538     0.10096
     1.60278       8.936     10.1708   0.0997772
     1.79134       9.412     9.98814    0.102226
      1.9799       7.896     9.61489   0.0918976
     2.16846       9.364     8.54578   0.0890443
     2.35702       5.432     7.23279   0.0933701
     2.54558       5.698     5.65655   0.0875436
     2.73415        4.07     4.68209   0.0682481
     2.92271       3.658     3.66708   0.0561971
     3.11127        2.77     2.75333   0.0533475
     3.29983       2.086     1.95794   0.0434674
     3.48839        0.62      1.3248   0.0359674
     3.67696       1.548    0.823889   0.0300056
     3.86552        1.43    0.531246   0.0238945
     4.05408       1.412    0.288742   0.0168315
     4.24264           0    0.237127   0.0173856
      4.4312           0     0.15375   0.0138286
     4.61976           0    0.113262   0.0123386
     4.80833           0   0.0396926  0.00648648
     4.99689           0   0.0236025  0.00494539
     5.18545           0  0.00711475  0.00217585
     5.37401           0  0.00437295  0.00213604
     5.56257           0 5.32787e-05 5.32241e-05
   0.0942809           0    0.108699  0.00926647
    0.282843       0.338    0.762119   0.0286059
    0.471405       2.156     2.05717   0.0488719
    0.659966       3.536     3.96943   0.0620628
    0.848528      10.816     6.24762    0.080356
     1.03709       8.476      7.7411   0.0821167
     1.22565       8.836     9.53908    0.100018
     1.41421      11.062     9.76803    0.100788
     1.60278       8.594     10.1676   0.0996252
     1.79134       7.446     9.98294    0.102149
      1.9799       9.442     9.61453   0.0917104
     2.16846       9.152     8.54702   0.0888708
     2.35702       6.258     7.23079   0.0932005
     2.54558       4.024     5.65321   0.0874282
     2.73415        4.35     4.68141    0.068112
     2.92271       2.088     3.66385   0.0561749
     3.11127       3.958     2.75579   0.0532953
     3.29983       2.706     1.95947   0.0434054
     3.48839       1.168     1.32448   0.0358953
     3.67696        0.44    0.823104   0.0299545
     3.86552         1.3    0.532818   0.0238973
     4.05408       1.238    0.290683   0.0169086
     4.24264       0.408    0.237476   0.0173536
      4.4312       0.208    0.153861   0.0138007
     4.61976           0    0.113031   0.0123155
     4.80833           0   0.0396115  0.00647373
     4.99689           0   0.0235542  0.00493552
     5.18545           0   0.0071002  0.00217145
     5.37401           0  0.00436401  0.00213169
     5.56257           0 5.31697e-05 5.31153e-05
   0.0942809           0    0.108478  0.00925022
    0.282843       0.032    0.760629   0.0285863
    0.471405       1.874      2.0568   0.0487736
    0.659966       4.916     3.97136   0.0619662
    0.848528       10.57     6.25644   0.0806747
     1.03709       6.418      7.7384   0.0819935
     1.22565       9.626     9.53925   0.0998138
     1.41421       8.392     9.76522    0.100622
     1.60278       7.666     10.1625   0.0995526
     1.79134       12.33     9.98773    0.102053
      1.9799       9.488     9.61427   0.0915236
     2.16846       9.144     8.54824   0.0886978
     2.35702        7.27     7.23087   0.0930103
     2.54558       3.672     5.64917   0.0873432
     2.73415       5.296     4.68266   0.0679845
     2.92271        1.84     3.66013   0.0561834
     3.11127       2.124      2.7545   0.0532021
     3.29983        2.23     1.96002   0.0433203
     3.48839       1.096     1.32402   0.0358251
     3.67696       0.016    0.821457   0.0299386
     3.86552       1.834    0.535473   0.0239956
     4.05408       1.166    0.292469   0.0169682
     4.24264       0.922    0.238873   0.0173743
      4.4312       0.078    0.153706   0.0137735
     4.61976           0      0.1128   0.0122925
     4.80833           0   0.0395306  0.00646102
     4.99689           0   0.0235061  0.00492568
     5.18545           0  0.00708571  0.00216706
     5.37401           0   0.0043551  0.00212736
     5.56257           0 5.30612e-05 5.30071e-05
   0.0942809       0.016    0.108289  0.00923329
    0.282843        0.87    0.760851    0.028529
    0.471405       5.376     2.06356   0.0491405
    0.659966       3.794       3.971    0.061841
    0.848528       7.398     6.25876   0.0805439
     1.03709       7.664     7.73825   0.0818267
     1.22565        9.23     9.53862   0.0996125
     1.41421       8.568     9.76279    0.100446
     1.60278       7.338     10.1567   0.0995159
     1.79134      14.102     9.99611    0.102188
      1.9799       8.072     9.61113    0.091391
     2.16846       6.106     8.54326   0.0886565
     2.35702        7.06     7.23053   0.0928215
     2.54558       4.622     5.64708   0.0871904
     2.73415        5.13     4.68357   0.0678521
     2.92271       3.484     3.65977   0.0560701
     3.11127       1.572     2.75209   0.0531482
     3.29983       1.494     1.95908   0.0432425
     3.48839       1.416      1.3242   0.0357526
     3.67696       0.974    0.821768   0.0298792
     3.86552       1.384    0.537202   0.0240089
     4.05408       1.308    0.294538   0.0170592
     4.24264       0.022    0.238432   0.0173445
      4.4312       0.826    0.155075   0.0138133
     4.61976       0.174    0.112925   0.0122681
     4.80833           0   0.0394501  0.00644836
     4.99689           0   0.0234582  0.00491588
     5.18545           0  0.00707128   0.0021627
     5.37401           0  0.00434623  0.00212304
     5.56257           0 5.29532e-05 5.28992e-05
   0.0942809       0.056    0.108183  0.00921514
    0.282843       0.656    0.760638   0.0284718
    0.471405       3.402     2.06628   0.0491159
    0.659966       4.058     3.97118   0.0617156
    0.848528       8.594     6.26351   0.0805199
     1.03709       8.614     7.74003   0.0816797
     1.22565       11.26     9.54212   0.0994715
     1.41421       9.666     9.76259    0.100242
     1.60278        8.28     10.1529   0.0993868
     1.79134      11.926          10    0.102056
      1.9799       6.032     9.60386   0.0914944
     2.16846        6.87     8.53986   0.0885415
     2.35702       6.248     7.22853   0.0926543
     2.54558       3.742     5.64321   0.0870991
     2.73415       3.926     4.68203   0.0677317
     2.92271       3.486     3.65942   0.0559573
     3.11127       3.192     2.75299   0.0530477
     3.29983       1.438     1.95802   0.0431675
     3.48839       2.218     1.32602    0.035726
     3.67696       0.866    0.821858   0.0298186
     3.86552        1.45    0.539057   0.0240317
     4.05408        1.02    0.296012   0.0170882
     4.24264           0    0.237947   0.0173161
      4.4312           1    0.156793   0.0138916
     4.61976           0    0.112695   0.0122454
     4.80833           0   0.0393699  0.00643575
     4.99689           0   0.0234106  0.00490612
     5.18545           0  0.00705691  0.00215835
     5.37401           0   0.0043374  0.00211874
     5.56257           0 5.28455e-05 5.27918e-05
   0.0942809           0    0.107963  0.00919906
    0.282843       2.364     0.76389   0.0285992
    0.471405       3.172     2.06852   0.0490675
    0.659966       1.722     3.96662   0.0617588
    0.848528       8.318     6.26768   0.0804643
     1.03709      10.584      7.7458   0.0817175
     1.22565      10.076      9.5432   0.0992756
     1.41421      10.016      9.7631     0.10004
     1.60278      10.616     10.1539   0.0991896
     1.79134       8.468     9.99692    0.101896
      1.9799       6.204     9.59696   0.0915683
     2.16846       7.906     8.53858   0.0883712
     2.35702       5.794     7.22562   0.0925121
     2.54558       4.184     5.64025   0.0869727
     2.73415       5.288     4.68326   0.0676055
     2.92271        3.95     3.66001   0.0558469
     3.11127       2.304     2.75208   0.0529479
     3.29983       0.532     1.95512   0.0431768
     3.48839       0.126     1.32359   0.0357364
     3.67696        1.42    0.823071   0.0297828
     3.86552       2.276     0.54258   0.0242398
     4.05408       1.548    0.298552   0.0172412
     4.24264       0.812    0.239112     0.01732
      4.4312        0.32    0.157124   0.0138673
     4.61976           0    0.112467   0.0122227
     4.80833           0   0.0392901   0.0064232
     4.99689           0   0.0233631   0.0048964
     5.18545           0   0.0070426  0.00215402
     5.37401           0   0.0043286  0.00211446
     5.56257           0 5.27383e-05 5.26848e-05
   0.0942809       0.192    0.108134  0.00918201
    0.282843       1.914    0.766219   0.0286359
    0.471405       2.502      2.0694    0.048976
    0.659966        3.58     3.96583   0.0616388
    0.848528        7.48     6.27013   0.0803389
     1.03709       8.952     7.74824   0.0815885
     1.22565      11.616      9.5474   0.0991633
     1.41421      10.466     9.76453   0.0998479
     1.60278       8.658     10.1508    0.099035
     1.79134        7.04     9.99094    0.101866
      1.9799       7.558     9.59283   0.0914759
     2.16846       6.804     8.53506   0.0882621
     2.35702       8.096     7.22738   0.0923416
     2.54558       4.692     5.63833   0.0868178
     2.73415       4.696     4.68329   0.0674686
     2.92271       4.956     3.66263   0.0557954
     3.11127       1.516     2.74957   0.0528999
     3.29983        1.44     1.95408    0.043102
     3.48839       0.602     1.32213   0.0356939
     3.67696       1.606    0.824656   0.0297647
     3.86552       1.406    0.544328   0.0242537
     4.05408       1.216    0.300409    0.017306
     4.24264       0.386    0.239409   0.0172875
      4.4312       0.626    0.158073   0.0138717
     4.61976           0    0.112239      0.0122
     4.80833           0   0.0392105  0.00641069
     4.99689           0   0.0233158  0.00488671
     5.18545           0  0.00702834  0.00214971
     5.37401           0  0.00431984   0.0021102
     5.56257           0 5.26316e-05 5.25783e-05
   0.0942809         0.1    0.108117  0.00916348
    0.282843        0.73    0.766145   0.0285781
    0.471405       2.576     2.07042   0.0488877
    0.659966       4.362     3.96663   0.0615194
    0.848528         6.3     6.27019   0.0801766
     1.03709       8.416     7.74959   0.0814349
     1.22565       8.964     9.54622     0.09897
     1.41421      13.064     9.77119   0.0998684
     1.60278      11.742      10.154   0.0988871
     1.79134       9.012     9.98896    0.101679
      1.9799       7.118     9.58783   0.0914276
     2.16846        5.47     8.52887   0.0883007
     2.35702       5.866     7.22463    0.092196
     2.54558       5.236     5.63752   0.0866462
     2.73415       5.258     4.68445   0.0673423
     2.92271       6.188     3.66773   0.0559155
     3.11127       1.614     2.74728   0.0528427
     3.29983        0.98     1.95211   0.0430598
     3.48839       1.046     1.32157   0.0356261
     3.67696       1.144    0.825301   0.0297115
     3.86552       0.168    0.543568   0.0242166
     4.05408       0.888    0.301596   0.0173117
     4.24264       1.126      0.2412   0.0173451
      4.4312       0.278    0.158315   0.0138458
     4.61976       0.046    0.112105   0.0121761
     4.80833        0.14   0.0394141  0.00640097
     4.99689       0.168   0.0236081  0.00488558
     5.18545           0  0.00701414  0.00214541
     5.37401           0  0.00431111  0.00210596
     5.56257           0 5.25253e-05 5.24722e-05
   0.0942809       0.448    0.108802  0.00917059
    0.282843       2.402    0.769444   0.0287102
    0.471405       3.486     2.07327   0.0488724
    0.659966       4.268     3.96724   0.0613984
    0.848528       7.702     6.27308   0.0800669
     1.03709       4.872     7.74379   0.0814771
     1.22565       8.256     9.54362   0.0988046
     1.41421       9.794     9.77124   0.0996671
     1.60278      10.026     10.1538   0.0986881
     1.79134      11.164     9.99133    0.101502
      1.9799       9.376     9.58741   0.0912443
     2.16846       5.686     8.52314   0.0883085
     2.35702       5.718     7.22159   0.0920601
     2.54558       4.944     5.63612   0.0864828
     2.73415       5.974     4.68705   0.0672567
     2.92271       4.624     3.66966    0.055836
     3.11127         3.1     2.74799    0.052741
     3.29983       1.678     1.95156   0.0429765
     3.48839       0.682     1.32028   0.0355776
     3.67696       0.542     0.82473   0.0296571
     3.86552        0.83    0.544145   0.0241747
     4.05408        0.97    0.302944   0.0173292
     4.24264       0.458    0.241637   0.0173157
      4.4312       0.306    0.158613   0.0138211
     4.61976       0.634    0.113157   0.0121969
     4.80833        0.06   0.0394556   0.0063882
     4.99689           0   0.0235605  0.00487596
     5.18545           0       0.007  0.00214113
     5.37401           0  0.00430242  0.00210173
     5.56257           0 5.24194e-05 5.23665e-05
   0.0942809       0.104    0.108793  0.00915214
    0.282843       0.378    0.768656   0.0286632
    0.471405       1.618     2.07236   0.0487826
    0.659966       5.974     3.97128   0.0614075
    0.848528       9.058     6.27868   0.0801016
     1.03709       8.176     7.74466   0.0813178
     1.22565       7.774     9.54006   0.0986699
     1.41421       9.512     9.77072   0.0994679
     1.60278       9.396     10.1523   0.0985013
     1.79134       10.71     9.99278    0.101308
      1.9799       5.768     9.57972   0.0913838
     2.16846       8.484     8.52306   0.0881309
     2.35702       7.722      7.2226   0.0918804
     2.54558       5.468     5.63578   0.0863095
     2.73415       4.136     4.68594   0.0671305
     2.92271       5.506     3.67336   0.0558457
     3.11127       2.814     2.74812    0.052635
     3.29983       1.526      1.9507   0.0428986
     3.48839       0.146     1.31792   0.0355844
     3.67696       0.158    0.823388   0.0296278
     3.86552       0.526    0.544109   0.0241261
     4.05408        1.72    0.305795   0.0175273
     4.24264       0.428    0.242012   0.0172849
      4.4312        0.61    0.159521   0.0138231
     4.61976       0.288    0.113509   0.0121775
     4.80833           0   0.0393763  0.00637584
     4.99689           0   0.0235131  0.00486638
     5.18545           0  0.00698592  0.00213687
     5.37401           0  0.00429376  0.00209752
     5.56257           0 5.23139e-05 5.22612e-05
   0.0942809           0    0.108574  0.00913637
    0.282843       0.048    0.767209   0.0286422
    0.471405       2.166     2.07255    0.048685
    0.659966       5.392     3.97413   0.0613504
    0.848528        7.41     6.28095    0.079973
     1.03709      11.414     7.75203   0.0814876
     1.22565       7.768      9.5365    0.098536
     1.41421       9.376     9.76992   0.0992713
     1.60278      10.194     10.1523   0.0983035
     1.79134       8.838     9.99046    0.101131
      1.9799       8.562     9.57768   0.0912231
     2.16846        5.91     8.51782   0.0881099
     2.35702       5.856     7.21986   0.0917369
     2.54558       7.762     5.64005   0.0862417
     2.73415       6.258      4.6891   0.0670699
     2.92271       2.438     3.67088   0.0557886
     3.11127       3.052     2.74873   0.0525328
     3.29983       2.018     1.95084   0.0428127
     3.48839       0.322     1.31592   0.0355691
     3.67696        0.93    0.823602   0.0295691
     3.86552       0.286     0.54359   0.0240832
     4.05408           1    0.307189   0.0175475
     4.24264           0    0.241526    0.017257
      4.4312       0.786    0.160779   0.0138524
     4.61976       0.214    0.113711   0.0121547
     4.80833           0   0.0392972  0.00636352
     4.99689           0   0.0234659  0.00485683
     5.18545           0  0.00697189  0.00213263
     5.37401           0  0.00428514  0.00209332
     5.56257           0 5.22088e-05 5.21564e-05
   0.0942809           0    0.108357  0.00912065
    0.282843       0.188    0.766048   0.0286083
    0.471405        1.97     2.07234   0.0485879
    0.659966       6.216     3.97863   0.0613918
    0.848528      11.138     6.29069   0.0804029
     1.03709       8.956     7.75444     0.08136
     1.22565       7.114     9.53165    0.098458
     1.41421       7.038     9.76445   0.0992232
     1.60278       10.99      10.154   0.0981209
     1.79134       9.944     9.99036    0.100928
      1.9799        7.91     9.57434   0.0911015
     2.16846       7.166     8.51511    0.087975
     2.35702       4.168     7.21374   0.0917567
     2.54558        7.58     5.64394   0.0861565
     2.73415        6.86     4.69345   0.0670764
     2.92271       2.728     3.66899   0.0557088
     3.11127       0.852     2.74493   0.0525649
     3.29983       1.624     1.95018   0.0427319
     3.48839       2.518     1.31832   0.0355793
     3.67696       0.836    0.823627   0.0295098
     3.86552       0.948    0.544401   0.0240486
     4.05408       0.152    0.306878    0.017515
     4.24264       0.394    0.241832   0.0172251
      4.4312       0.068    0.160593   0.0138259
     4.61976        0.08    0.113643   0.0121305
     4.80833       0.018   0.0392545  0.00635091
     4.99689       0.236   0.0238918  0.00486574
     5.18545       0.168  0.00729459  0.00215263
     5.37401        0.14  0.00455711  0.00210672
     5.56257           0 5.21042e-05  5.2052e-05
   0.0942809       0.056    0.108252  0.00910301
    0.282843        1.27    0.767056   0.0285688
    0.471405       1.812     2.07182   0.0484935
    0.659966       5.028     3.98072   0.0613048
    0.848528        8.57     6.29524   0.0803712
     1.03709       8.648     7.75623   0.0812169
     1.22565       9.236     9.53106   0.0982629
     1.41421      11.272     9.76746   0.0990706
     1.60278       8.494     10.1507   0.0979808
     1.79134      11.846     9.99408    0.100795
      1.9799       5.984     9.56716   0.0912019
     2.16846        5.28     8.50864   0.0880367
     2.35702       4.974     7.20926   0.0916824
     2.54558        6.57     5.64579   0.0860041
     2.73415       6.104     4.69627   0.0670016
     2.92271       4.108     3.66986   0.0556043
     3.11127        2.23      2.7439   0.0524699
     3.29983       1.624     1.94953   0.0426514
     3.48839       2.754      1.3212   0.0356238
     3.67696        0.56      0.8231   0.0294555
     3.86552       0.414     0.54414   0.0240019
     4.05408       0.104    0.306472   0.0174847
     4.24264       0.062    0.241472   0.0171944
      4.4312           0    0.160272    0.013802
     4.61976           0    0.113416   0.0121084
     4.80833           0    0.039176   0.0063387
     4.99689       0.664    0.025172   0.0050216
     5.18545       0.336    0.007952  0.00224647
     5.37401           0    0.004548  0.00210253
     5.56257           0     5.2e-05  5.1948e-05

