0	445.402	477.604
1	428.196	467.971
2	424.248	454.448
3	400.977	438.498
4	393.992	419.601
5	393.217	408.636
6	380.425	400.109
7	377.424	390.325
8	371.6	388.173
9	368.581	381.387
10	364.142	376.132
11	360.225	371.02
12	360.225	368.087
13	347.895	362.879
14	347.895	360.027
15	344.17	356.06
16	344.17	351.501
17	339.368	349.47
18	335.466	346.786
19	335.466	343.539
20	331.298	341.216
21	326.084	338.819
22	326.084	335.913
23	325.003	332.242
24	324.426	329.699
25	317.43	326.145
26	313.008	323.884
27	309.032	320.119
28	305.96	315.302
29	302.24	310.77
30	295.36	310.142
31	294.532	306.691
32	288.025	305.727
33	288.025	303.261
34	287.97	297.916
35	285.696	294.52
36	285.696	290.494
37	285.696	290.306
38	284.233	288.772
39	284.233	287.271
40	282.282	286.159
41	280.897	285.018
42	270.82	284.398
43	270.82	283.879
44	270.82	279.962
45	268.854	276.71
46	268.136	276.95
47	267.322	271.966
48	267.322	270.562
49	267.176	269.979
50	265.995	269.291
51	262.932	268.638
52	260.632	268.044
53	259.645	266.676
54	259.645	265.219
55	257.93	264.387
56	257.93	262.15
57	257.93	261.045
58	253.519	261.6
59	253.514	259.071
60	251.743	258.667
61	248.482	256.478
62	245.675	254.65
63	244.475	250.642
64	244.475	250.169
65	244.475	247.202
66	244.445	246.374
67	242.29	244.759
68	241.995	244.893
69	238.688	244.732
70	238.688	244.594
71	238.688	242.742
72	238.628	242.568
73	238.555	239.951
74	237.66	239.136
75	237.66	238.822
76	237.66	238.827
77	232.107	238.677
78	231.973	238.111
79	230.713	234.921
80	228.02	234.11
81	228.02	232.693
82	225.295	231.068
83	225.295	231.811
84	225.295	231.106
85	225.295	230.609
86	225.295	230.096
87	220.533	227.687
88	220.533	227.141
89	220.533	226.845
90	219.228	225.313
91	219.228	223.647
92	219.228	223.965
93	219.228	223.018
94	212.907	222.661
95	212.907	221.211
96	212.907	219.525
97	210.667	215.233
98	209.608	213.594
99	209.608	212.881
100	206.822	212.74
101	206.822	211.897
102	205.135	209.289
103	205.085	208.312
104	203.407	207.31
105	203.365	206.451
106	199.824	204.955
107	199.824	204.472
108	198.839	202.749
109	197.986	202.069
110	197.543	201.623
111	195.931	200.67
112	195.931	200.41
113	195.931	199.287
114	192.89	198.293
115	192.89	197.682
116	191.661	198.664
117	191.661	196.401
118	191.661	195.432
119	191.497	193.825
120	191.497	192.379
121	191.497	192.671
122	191.497	192.763
123	188.831	192.284
124	188.831	191.743
125	188.831	191.853
126	188.831	192.197
127	186.478	191.308
128	186.478	190.152
129	186.478	189.071
130	186.476	188.107
131	186.476	187.994
132	186.248	187.351
133	185.871	186.619
134	185.869	186.865
135	185.641	186.962
136	185.641	186.202
137	185.183	185.888
138	185.183	186.718
139	182.286	186.434
140	182.286	185.809
141	182.286	185.696
142	181.401	184.585
143	180.833	184.403
144	180.332	183.693
145	179.133	182.731
146	178.905	183.05
147	178.905	182.483
148	178.905	181.327
149	178.905	181.073
150	178.394	181.419
151	177.263	179.463
152	177.263	179.295
153	177.263	178.837
154	176.52	179.524
155	175.389	179.49
156	175.259	177.787
157	175.259	177.477
158	175.259	177.568
159	175.259	177.041
160	175.259	176.282
161	175.259	176.421
162	175.003	175.501
163	175.003	175.232
164	173.02	175.112
165	173.02	175.954
166	173.02	174.733
167	173.02	174.885
168	173.02	174.582
169	172.944	173.604
170	172.398	175.689
171	172.398	174.089
172	172.398	173.895
173	172.398	173.186
174	171.588	172.759
175	170.306	172.432
176	170.306	172.464
177	170.306	171.93
178	170.306	172.39
179	170.306	172.242
180	170.306	171.736
181	170.306	171.007
182	169.315	171.151
183	163.41	171.053
184	163.41	170.776
185	163.41	169.667
186	161.113	167.27
187	160.749	165.673
188	160.749	164.151
189	159.494	165.361
190	159.494	164.814
191	159.471	163.032
192	155.946	163.379
193	155.946	160.268
194	155.946	158.001
195	155.457	156.788
196	155.457	156.401
197	155.457	156.263
198	155.457	155.845
199	153.7	155.546
200	153.415	155.465
201	153.415	155.03
202	153.415	154.137
203	153.415	154.527
204	153.415	153.561
205	153.415	153.475
206	152.877	154.199
207	152.717	153.521
208	151.923	153.068
209	151.557	152.826
210	150.642	153.186
211	150.367	152.162
212	148.851	151.232
213	148.118	151.171
214	148.118	151.446
215	148.118	152.425
216	148.118	152.108
217	148.118	150.344
218	148.118	151.509
219	148.118	151.067
220	148.118	149.942
221	148.118	148.705
222	148.106	148.269
223	148.106	148.38
224	148.106	148.859
225	148.106	148.482
226	146.235	148.162
227	144.532	147.795
228	144.532	147.781
229	144.532	147.327
230	144.532	147.935
231	144.532	148.161
232	144.532	147.154
233	144.532	149.094
234	144.532	148.92
235	142.896	147.504
236	142.896	146.792
237	142.896	145.388
238	142.52	144.256
239	142.52	144.851
240	142.52	143.213
241	142.52	143.347
242	142.52	142.846
243	140.829	142.46
244	140.829	142.303
245	139.525	142.481
246	139.525	141.616
247	139.525	141.642
248	139.525	140.5
249	138.946	140.712
250	138.946	141.002
251	138.946	140.382
252	138.946	140.473
253	138.946	140.388
254	138.946	139.871
255	138.946	140.15
256	138.946	139.433
257	138.92	139.144
258	138.646	139.679
259	138.646	140.629
260	138.646	141.676
261	138.646	140.792
262	138.646	140.501
263	138.62	139.403
264	138.47	138.724
265	138.47	138.859
266	137.596	138.997
267	137.596	140.478
268	137.596	142.102
269	137.596	142.292
270	137.574	142.591
271	137.482	143.37
272	136.329	141.855
273	136.36	141.612
274	135.727	142.07
275	135.727	139.224
276	135.066	141.803
277	135.066	140.121
278	135.066	141.342
279	135.066	138.889
280	135.066	138.57
281	134.885	137.684
282	134.885	137.211
283	134.177	137.387
284	134.177	137.056
285	134.177	136.918
286	134.177	135.59
287	133.799	136.227
288	133.799	135.174
289	133.799	134.066
290	133.799	134.039
291	133.641	135.032
292	133.641	134.963
293	133.013	134.294
294	133.013	134.399
295	133.013	135.828
296	132.67	135.216
297	132.382	134.741
298	132.382	135.517
299	132.382	136.309
300	131.423	134.859
301	131.253	134.188
302	131.253	134.729
303	130.893	134.741
304	130.893	132.907
305	130.893	133.319
306	130.893	133.401
307	130.893	132.133
308	130.893	131.463
309	130.535	132.105
310	130.268	131.318
311	130.268	131.74
312	130.268	131.186
313	129.911	130.738
314	129.911	130.323
315	129.911	130.208
316	129.911	130.276
317	129.854	131.38
318	129.433	132.307
319	129.021	132.943
320	129.021	131.127
321	129.021	129.759
322	129.021	130.247
323	129.021	129.78
324	128.977	129.78
325	128.977	129.302
326	128.977	129.402
327	128.977	129.526
328	128.977	129.659
329	128.977	129.418
330	128.316	128.971
331	127.774	129.886
332	127.774	129.603
333	125.945	129.666
334	125.945	128.514
335	125.945	129.1
336	125.945	128.908
337	125.945	127.28
338	125.715	127.7
339	125.715	127.057
340	125.715	126.525
341	123.795	125.8
342	123.446	125.622
343	123.446	126.279
344	123.446	126.218
345	123.446	125.001
346	123.446	125.073
347	123.446	124.597
348	123.446	124.219
349	123.446	124.456
350	123.446	123.888
351	123.211	123.852
352	123.211	123.537
353	122.563	123.82
354	122.563	123.469
355	122.563	123.177
356	122.563	123.459
357	121.527	124.093
358	121.527	125.388
359	121.527	123.263
360	121.527	123.696
361	121.527	124.241
362	121.32	122.481
363	121.32	122.463
364	121.32	121.552
365	120.622	121.394
366	120.622	121.264
367	120.622	121.395
368	120.622	121.244
369	120.622	121.806
370	120.622	121.766
371	120.622	121.884
372	120.622	121.934
373	120.622	121.939
374	120.622	121.573
375	120.617	120.811
376	120.405	121.077
377	120.405	121.413
378	120.405	122.765
379	120.405	123.074
380	119.883	121.859
381	119.883	122.315
382	119.883	122.516
383	118.416	124.361
384	118.416	124.623
385	118.416	124.278
386	117.02	120.766
387	117.02	119.277
388	117.02	120.252
389	116.613	119.392
390	115.216	118.455
391	114.569	116.699
392	114.569	116.763
393	114.569	115.968
394	114.569	115.662
395	114.569	116
396	114.569	116.01
397	114.569	115.471
398	114.569	114.73
399	114.149	114.698
400	114.149	114.719
401	113.72	116.006
402	113.343	115.516
403	113.343	116.838
404	112.699	116.279
405	112.699	117.401
406	111.71	115.699
407	111.483	114.428
408	111.417	113.443
409	111.417	114.506
410	111.417	113.381
411	111.405	114.685
412	111.405	114.027
413	111.405	113.453
414	111.405	111.976
415	111.405	112.868
416	111.405	111.634
417	111.405	111.607
418	111.405	111.445
419	111.405	111.405
420	111.405	111.405
421	111.405	111.405
422	111.405	111.476
423	111.405	111.409
424	111.405	111.459
425	111.405	111.77
426	111.128	111.776
427	111.128	111.409
428	111.128	111.3
429	110.925	111.26
430	110.285	111.34
431	110.285	111.784
432	110.285	111.72
433	109.707	110.718
434	109.707	110.457
435	109.707	110.765
436	109.707	110.651
437	109.707	109.979
438	109.707	111.424
439	109.707	110.919
440	109.707	109.956
441	109.707	110.093
442	107.963	110.968
443	107.963	111.933
444	107.331	109.368
445	106.319	109.435
446	105.687	109.082
447	105.687	109.051
448	105.687	108.789
449	105.687	108.593
450	105.04	107.86
451	105.04	107.194
452	105.04	108.363
453	105.04	107.76
454	105.04	107.752
455	105.04	106.093
456	103.835	105.033
457	103.835	104.872
458	103.835	104.718
459	103.835	104.565
460	103.835	105.03
461	103.835	104.784
462	103.835	104.353
463	103.288	105.005
464	103.288	104.871
465	103.288	105.362
466	103.288	104.963
467	103.288	105.103
468	103.288	104.311
469	103.288	103.842
470	103.288	104.511
471	103.288	104.612
472	103.245	103.671
473	103.245	103.322
474	103.245	103.27
475	103.245	103.286
476	103.245	103.273
477	103.245	103.69
478	103.245	103.819
479	103.245	103.604
480	103.245	104.547
481	103.245	104.514
482	103.245	103.475
483	103.245	103.305
484	103.245	103.997
485	103.245	103.292
486	103.245	104.176
487	103.245	105.041
488	103.245	105.266
489	103.245	104.562
490	103.245	104.105
491	103.245	104.161
492	103.245	104.618
493	103.02	103.855
494	102.633	105.193
495	102.089	104.744
496	102.089	102.983
497	102.089	102.8
498	102.089	103.418
499	102.089	103.778
500	101.929	103.768
501	96.8115	105.179
502	96.8115	103.766
503	96.8115	106.783
504	96.8115	107.833
505	96.8115	109.644
506	96.8115	107.075
507	96.8115	105.07
508	96.8115	101.861
509	96.8115	101.135
510	96.8115	99.3777
511	96.8115	98.3403
512	96.8115	98.8965
513	96.8115	97.6648
514	96.8115	98.7669
515	96.8115	98.8725
516	96.8115	98.779
517	96.5831	97.1284
518	96.2898	97.3568
519	96.2898	97.9711
520	96.0863	98.6515
521	96.0863	98.2141
522	96.0863	97.9728
523	96.0863	98.4041
524	96.0863	97.2291
525	95.9148	96.7406
526	95.9148	96.228
527	95.9148	97.5436
528	95.9148	98.7732
529	95.9148	98.5636
530	95.7606	99.7893
531	95.5892	98.0173
532	95.5892	98.6487
533	95.472	98.7841
534	95.3857	98.9393
535	95.3857	99.4059
536	95.3159	96.6435
537	95.3159	97.6564
538	95.3159	97.4197
539	95.3159	97.5803
540	95.3159	96.6069
541	95.3159	97.8227
542	95.3159	96.8714
543	94.8584	96.7758
544	94.8584	98.91
545	94.8584	98.281
546	94.6377	97.8832
547	94.1802	97.229
548	94.1802	96.8786
549	94.1802	95.3194
550	94.1802	95.1505
551	94.1802	95.6857
552	94.1802	94.7153
553	94.1802	94.5111
554	94.1802	94.7411
555	94.1802	94.2437
556	94.1802	94.2804
557	94.1802	94.9661
558	94.1802	94.4741
559	94.1802	94.215
560	94.1802	94.2118
561	94.1802	94.2074
562	91.9918	94.1636
563	91.9341	93.8289
564	91.9341	93.1363
565	91.9341	92.4882
566	91.9341	92.9644
567	91.9341	93.0589
568	91.9341	92.067
569	91.9341	92.3997
570	91.8552	92.4951
571	91.8552	91.9894
572	91.2928	92.3904
573	91.2928	91.8863
574	91.2139	92.1582
575	91.2139	91.7746
576	91.2139	92.4925
577	91.2139	91.8994
578	91.2139	91.4427
579	91.2139	92.0211
580	91.2139	92.9506
581	91.2139	91.3645
582	91.2139	91.6142
583	91.2139	91.4027
584	91.2139	91.971
585	91.2139	91.4764
586	91.2139	91.2139
587	91.2139	91.2139
588	91.2139	91.2139
589	91.2139	91.2856
590	91.2139	92.8404
591	91.2139	92.0911
592	91.2139	91.9235
593	91.2139	91.2139
594	91.2139	91.2273
595	91.2139	91.2139
596	90.8091	91.2058
597	90.8091	91.1896
598	90.8091	91.2819
599	90.8091	91.341
600	90.4558	91.4768
601	90.3024	91.5299
602	90.3024	92.7677
603	90.3024	91.8473
604	90.3024	91.9183
605	90.2714	90.9648
606	90.2714	90.737
607	90.2714	90.3405
608	90.2714	90.6707
609	90.2714	91.1059
610	90.2714	90.9385
611	90.2714	90.2758
612	90.2714	90.8359
613	90.0401	90.6359
614	90.0401	90.5919
615	89.7869	90.8624
616	89.7869	91.9985
617	89.7869	90.4967
618	89.7869	90.5324
619	89.7869	91.1606
620	89.7869	90.5564
621	89.7805	90.3195
622	89.7805	91.0735
623	89.7805	90.8298
624	89.7805	91.367
625	89.7805	90.6767
626	89.7805	90.5451
627	89.7805	91.0984
628	89.7805	91.3747
629	89.7805	90.271
630	89.7805	90.5295
631	89.7805	91.042
632	89.4072	90.1058
633	89.4072	89.741
634	89.4072	89.6446
635	89.4072	89.5861
636	89.4072	89.449
637	89.4072	89.4695
638	89.4072	89.8
639	89.4072	89.5853
640	89.4072	89.6597
641	89.4072	89.6209
642	89.4072	90.9051
643	89.4072	89.8683
644	89.4072	90.5055
645	89.4072	90.7784
646	89.4072	90.8773
647	89.4072	90.0197
648	89.4072	91.1866
649	89.4072	90.9575
650	89.4072	90.635
651	89.4072	91.538
652	89.4072	91.3703
653	89.4072	92.0801
654	89.4072	90.3118
655	89.4072	90.3056
656	89.4072	89.4235
657	89.4072	89.4072
658	89.4072	89.7762
659	89.1439	89.6476
660	88.7827	90.9373
661	88.7827	90.6979
662	88.7827	91.052
663	88.7827	92.2181
664	88.7827	91.5747
665	88.7827	90.2226
666	88.7827	89.7956
667	88.7827	88.9057
668	88.7827	88.7827
669	88.7827	88.7827
670	88.7827	88.7827
671	88.7827	88.7827
672	88.7827	89.4782
673	88.7827	89.2453
674	88.7827	89.6567
675	88.7827	89.2342
676	88.7827	89.0582
677	88.7827	88.8677
678	88.7827	89.3122
679	88.7827	89.1073
680	88.7827	90.0704
681	88.342	89.7389
682	88.342	89.1009
683	88.342	89.3617
684	88.342	89.3882
685	88.342	88.4924
686	88.342	89.7145
687	88.342	88.9225
688	88.342	88.8027
689	88.342	89.0708
690	88.342	90.35
691	88.342	89.8665
692	88.342	91.2291
693	88.342	90.7511
694	88.342	91.4575
695	88.342	89.5518
696	87.7733	89.3657
697	87.7733	89.411
698	87.7733	88.9768
699	87.6227	88.7447
700	87.6227	88.2236
701	87.6227	88.7378
702	87.6227	88.4287
703	87.6227	88.3656
704	87.6227	87.8058
705	87.6227	87.6523
706	87.6227	87.9487
707	87.3547	88.589
708	86.6926	88.2895
709	86.6926	88.8059
710	86.6926	87.4187
711	86.6926	87.3518
712	86.6926	88.2549
713	86.6926	90.2051
714	86.6926	88.9631
715	86.6926	88.7132
716	86.6926	87.0559
717	86.6926	87.0794
718	86.6926	87.7124
719	86.6926	87.4914
720	86.6926	86.7298
721	86.6926	86.6926
722	86.6926	86.7559
723	85.3412	87.5623
724	85.3412	86.6051
725	85.3412	86.8794
726	85.3412	86.2529
727	85.3412	85.5926
728	85.3412	85.9639
729	84.8223	85.3308
730	84.8223	85.3197
731	84.8223	85.4133
732	84.8223	85.7857
733	84.8223	85.7819
734	84.8223	85.7578
735	84.8223	85.2459
736	84.8223	84.8691
737	84.7605	84.8262
738	84.7605	86.5528
739	84.7605	85.4716
740	84.7605	85.7092
741	84.7605	86.0592
742	84.7605	85.3225
743	84.7605	84.7605
744	84.7605	85.4866
745	84.7605	84.7605
746	84.5582	84.8201
747	84.5582	84.7579
748	84.5582	84.7585
749	84.5582	84.6594
750	84.3316	84.5998
751	84.3316	84.5174
752	84.3316	84.4585
753	84.3316	84.4132
754	84.3316	84.4578
755	84.3316	84.58
756	84.3316	84.5873
757	84.3316	84.6426
758	84.3316	84.4353
759	84.3316	84.7715
760	84.3316	84.9621
761	84.1011	84.3682
762	84.1011	84.486
763	84.1011	84.7804
764	84.1011	85.6623
765	84.1011	85.1694
766	84.1011	85.5503
767	84.1011	85.0875
768	84.1011	84.7826
769	84.1011	84.7517
770	84.1011	84.6775
771	84.1011	85.3334
772	84.1011	84.2422
773	83.8303	86.5672
774	83.8303	86.3386
775	83.8303	84.9354
776	83.8058	83.9697
777	83.8058	84.5263
778	83.8058	84.025
779	83.8058	83.8673
780	83.8058	83.8959
781	83.8058	85.0159
782	83.8058	85.0459
783	83.8058	85.4173
784	83.8058	84.7786
785	83.8058	83.9154
786	83.8058	83.8963
787	83.8058	84.3572
788	83.8058	85.4177
789	83.8058	87.1577
790	83.2782	85.4879
791	82.9711	84.122
792	82.9711	83.9266
793	82.9711	84.578
794	82.4435	83.4924
795	82.4435	83.118
796	82.4435	82.8681
797	82.4435	82.6978
798	82.4435	82.5806
799	82.4435	83.2335
800	82.4435	82.8116
801	82.2761	83.2878
802	82.2761	84.2379
803	82.2761	83.6629
804	82.2761	84.7261
805	82.2761	84.7586
806	82.2761	84.6882
807	82.2761	84.6221
808	82.2761	84.0765
809	82.2761	82.346
810	82.2761	82.3955
811	82.2761	83.5353
812	82.2761	82.8481
813	82.2761	83.3259
814	82.2761	82.5349
815	82.2761	83.7554
816	82.2761	83.6452
817	82.2761	84.9722
818	82.2761	84.5522
819	82.2761	83.9774
820	82.2761	82.7179
821	82.2761	82.588
822	82.2761	82.3885
823	82.2761	82.7694
824	82.2761	82.5391
825	82.2761	82.6815
826	82.2761	82.2761
827	82.2761	82.2947
828	82.2761	82.3847
829	82.2761	82.2761
830	82.2761	83.246
831	82.2761	83.0403
832	82.2761	84.4053
833	82.2761	84.2706
834	82.2761	85.2993
835	82.2761	85.1932
836	82.2761	83.2614
837	82.2761	82.5481
838	82.2761	82.5377
839	82.2761	82.9591
840	82.2761	83.6577
841	82.2761	82.9384
842	82.2761	82.9342
843	82.2761	83.0166
844	82.2761	82.9776
845	82.2761	82.6799
846	82.2761	82.328
847	82.2761	82.444
848	82.2761	82.714
849	82.2761	82.6633
850	82.2761	82.96
851	82.2761	82.942
852	82.2761	83.7913
853	81.9714	84.3526
854	82.2761	84.5182
855	81.9714	85.2661
856	81.9714	82.886
857	81.9714	82.3791
858	81.9714	82.1805
859	81.9714	82.0841
860	81.9714	82.0117
861	81.9714	82.2168
862	81.9714	82.5485
863	81.8661	82.0065
864	81.7424	82.0128
865	81.7424	82.3472
866	81.0994	82.0665
867	81.0994	83.0438
868	81.0994	82.6847
869	81.0994	82.544
870	80.6815	81.5633
871	80.6815	81.1635
872	80.6815	81.7357
873	80.6815	81.9352
874	80.6815	83.4113
875	80.6815	82.3576
876	80.6815	81.2805
877	80.6815	81.4539
878	80.6815	81.248
879	80.6815	81.3135
880	80.6815	80.8074
881	80.6815	80.6906
882	80.6815	81.1005
883	80.6815	81.8062
884	80.6815	82.2172
885	80.6815	81.8066
886	80.6815	82.4689
887	80.6815	81.5884
888	80.6815	81.0181
889	80.6815	80.6815
890	80.6815	80.6815
891	80.6815	80.707
892	80.6815	81.7181
893	80.6815	81.0547
894	80.6815	81.318
895	80.6815	81.5841
896	80.6815	82.7787
897	80.6815	81.5528
898	80.6815	82.5677
899	80.5581	80.9947
900	80.5581	81.7801
901	80.4859	81.2705
902	80.4859	81.1689
903	80.4859	80.5372
904	80.4859	80.5383
905	80.4859	80.521
906	80.4859	80.6225
907	80.4859	80.7992
908	80.4859	80.7842
909	80.4859	80.9246
910	80.4859	81.7705
911	80.4859	80.4872
912	80.4859	80.4859
913	80.4859	80.4859
914	80.4859	81.1223
915	80.4859	81.0626
916	80.4859	80.4956
917	80.4859	80.4859
918	80.4859	80.5949
919	80.4859	80.4888
920	80.4859	81.1349
921	80.4859	80.7659
922	80.4859	80.974
923	80.4859	80.9431
924	80.4859	81.8077
925	80.4859	82.1718
926	80.4859	81.5281
927	80.4859	82.1107
928	80.4859	82.374
929	80.4859	82.2206
930	80.4859	82.8407
931	80.4859	81.6932
932	80.4859	81.9932
933	80.4859	81.4803
934	80.4859	80.4923
935	80.4859	80.4859
936	80.4859	80.4859
937	80.4859	80.6169
938	80.4859	81.4232
939	80.4859	81.0353
940	80.4859	81.7569
941	80.4859	81.098
942	80.4859	82.0919
943	79.7305	81.3925
944	79.7305	81.2952
945	79.7305	81.441
946	79.7305	81.4293
947	79.7305	80.7058
948	79.7305	80.7203
949	79.7305	80.6184
950	79.7305	80.6466
951	79.7305	79.9062
952	79.7305	79.933
953	79.7305	79.7305
954	79.7305	80.5974
955	79.7305	80.7235
956	79.7299	79.929
957	79.7299	80.2809
958	79.7299	81.1671
959	79.7299	81.3576
960	79.7299	82.193
961	79.7299	81.9064
962	79.7299	80.11
963	79.7299	80.1492
964	79.7299	80.2645
965	79.7299	80.2357
966	79.7299	81.1618
967	79.7299	79.7641
968	79.7299	80.7341
969	79.7299	80.5553
970	79.7299	80.1346
971	79.7299	79.9275
972	79.7299	79.7299
973	79.7299	79.8281
974	79.7299	80.7148
975	79.7299	80.0527
976	79.319	81.275
977	79.319	79.7495
978	79.319	81.1717
979	79.319	80.6029
980	79.319	80.8289
981	79.319	81.1686
982	79.319	79.6918
983	79.1572	79.9671
984	79.1572	79.8078
985	79.1572	80.3374
986	79.1572	81.0359
987	78.5686	79.6615
988	78.5686	79.3733
989	78.5686	79.0209
990	78.5686	79.357
991	78.5686	79.0843
992	78.5686	78.8988
993	78.5686	79.4197
994	78.5686	80.2365
995	78.5686	80.8372
996	78.5686	80.1587
997	78.5686	80.4185
998	78.5686	78.8861
999	78.5686	79.2086
1000	78.5686	78.5814
1001	78.5686	78.5686
1002	78.5686	78.5814
1003	78.5686	78.6143
1004	78.5686	78.873
1005	78.5686	78.6487
1006	78.5686	78.6805
1007	78.5686	79.1863
1008	78.5686	78.9066
1009	78.5686	80.4781
1010	78.5686	78.8002
1011	78.5686	78.8919
1012	78.5686	79.1324
1013	78.5686	78.6192
1014	78.5686	78.6241
1015	78.5686	78.8555
1016	78.5686	78.8537
1017	78.5686	78.5686
1018	78.5686	79.4814
1019	78.5686	80.0298
1020	78.5686	78.5686
1021	78.5686	78.6841
1022	78.5686	79.0178
1023	78.5686	78.7855
1024	78.5686	78.6284
1025	78.5686	78.621
1026	78.5686	78.5722
1027	78.5686	79.0594
1028	78.5686	79.183
1029	78.4053	78.6549
1030	78.4053	78.549
1031	78.4053	78.4968
1032	78.3334	78.7058
1033	78.3334	78.4587
1034	78.3334	79.1726
1035	78.3334	79.6371
1036	78.3334	79.3553
1037	78.3334	79.0736
1038	78.3334	78.8874
1039	78.3334	79.5487
1040	78.3334	79.5095
1041	78.3334	79.0269
1042	78.3334	79.2777
1043	78.3334	79.7172
1044	78.3334	79.4167
1045	78.3334	78.6898
1046	78.3334	78.3899
1047	78.3334	78.724
1048	78.3334	78.3737
1049	78.3334	78.3725
1050	78.3334	78.3334
1051	78.3334	78.3334
1052	78.3334	78.3636
1053	78.3334	78.3334
1054	78.3334	78.3674
1055	78.2423	80.4781
1056	78.2423	80.7332
1057	78.2423	78.7338
1058	78.2423	78.7173
1059	78.2423	78.8123
1060	78.2423	78.6172
1061	78.2423	78.9137
1062	78.2423	78.2441
1063	78.2423	78.4347
1064	78.2423	78.2627
1065	78.2423	78.5439
1066	78.2423	78.502
1067	78.2423	78.6101
1068	78.2423	78.2642
1069	78.2423	78.2423
1070	78.2423	78.2834
1071	78.2423	78.7386
1072	78.2423	78.7417
1073	78.1652	78.4554
1074	78.1652	78.8391
1075	78.1652	79.9236
1076	78.1652	80.9674
1077	78.1652	81.0475
1078	78.1652	80.6855
1079	78.1652	80.7916
1080	78.1652	80.7965
1081	78.1652	79.198
1082	78.1652	79.2534
1083	78.1652	79.3206
1084	78.1652	79.855
1085	78.1652	78.1652
1086	78.1652	78.1652
1087	78.1652	78.1652
1088	78.1652	78.1926
1089	78.1652	78.1652
1090	78.1652	78.2121
1091	78.1652	78.1652
1092	78.1652	78.1652
1093	78.1652	79.0311
1094	78.1652	79.3825
1095	78.1652	79.1985
1096	78.1652	78.6377
1097	78.1652	78.5675
1098	78.1652	78.7182
1099	78.1652	79.3645
1100	78.1652	79.7139
1101	76.377	79.9642
1102	76.1742	78.98
1103	76.1742	78.5877
1104	76.1742	79.5671
1105	76.1742	78.9546
1106	76.1742	78.4452
1107	76.1742	78.5362
1108	76.1742	78.3251
1109	76.1742	77.4977
1110	76.1742	77.2162
1111	76.1742	77.1069
1112	76.1742	76.8587
1113	76.1742	76.5816
1114	76.1742	77.0678
1115	76.1742	77.9119
1116	76.1742	77.1667
1117	76.1742	76.5692
1118	76.1742	76.1742
1119	76.1742	77.1655
1120	76.1742	76.1742
1121	76.1742	78.405
1122	76.1742	76.8736
1123	76.1742	76.2177
1124	76.1742	76.1742
1125	75.6388	76.222
1126	75.6388	76.064
1127	75.6388	75.9065
1128	75.6388	75.8947
1129	75.6388	75.7331
1130	75.6388	75.7351
1131	75.6388	77.1844
1132	75.6388	77.0224
1133	75.6388	76.3625
1134	75.6388	76.2927
1135	75.6388	76.2549
1136	75.6388	77.7113
1137	75.6388	77.1527
1138	75.6388	77.0506
1139	75.6388	75.7904
1140	75.6349	75.9652
1141	75.6349	75.9286
1142	75.6349	75.8699
1143	75.6349	76.2186
1144	75.6349	76.6559
1145	75.6349	76.7441
1146	75.6349	76.2434
1147	75.6349	75.8515
1148	75.6349	75.9344
1149	75.6349	76.2424
1150	75.6349	75.9181
1151	75.6349	75.9809
1152	75.6349	75.7065
1153	75.6349	76.7328
1154	75.6349	76.5043
1155	75.6349	76.2926
1156	75.6349	75.6519
1157	75.6349	76.2544
1158	75.6349	75.6349
1159	75.6349	75.7336
1160	75.6349	75.8463
1161	75.6349	75.6349
1162	75.6349	76.0976
1163	75.6349	76.4792
1164	75.6349	77.206
1165	75.6349	76.724
1166	75.6349	76.3755
1167	75.6349	76.1305
1168	75.6349	75.6875
1169	75.6349	76.1334
1170	75.6349	77.6712
1171	75.6349	79.1297
1172	75.6349	77.9541
1173	75.6349	76.751
1174	75.6349	76.7919
1175	75.6349	77.0868
1176	75.6349	75.8186
1177	75.6349	76.1356
1178	75.6349	76.4936
1179	75.6349	76.8237
1180	75.6349	77.0555
1181	75.6349	76.7391
1182	75.6349	76.9417
1183	75.6349	76.0892
1184	75.6349	76.0563
1185	75.6349	77.2298
1186	75.6349	78.372
1187	75.6349	77.6347
1188	75.6349	78.5011
1189	75.6349	77.8736
1190	75.6349	76.2389
1191	75.6349	75.6692
1192	75.6349	76.0376
1193	75.6349	75.7721
1194	75.6349	75.7124
1195	75.6349	77.1992
1196	75.6349	76.3728
1197	75.6349	76.6422
1198	75.6349	76.8277
1199	75.6349	76.3007
1200	75.6349	75.8581
1201	75.6349	75.7227
1202	75.6349	75.6743
1203	75.6349	75.6792
1204	75.6349	76.1974
1205	75.6349	77.1133
1206	75.6349	77.3017
1207	75.6349	77.1453
1208	75.6349	76.1968
1209	75.6349	77.6796
1210	75.6349	76.167
1211	75.6349	75.7086
1212	75.6349	75.6589
1213	75.6349	75.6349
1214	75.6349	75.6349
1215	75.6349	75.7106
1216	75.6349	75.8332
1217	75.6349	77.0873
1218	75.6349	77.574
1219	75.6349	76.1851
1220	75.6349	76.0433
1221	75.6349	76.2162
1222	75.6349	76.906
1223	75.6349	76.4087
1224	73.5106	75.6919
1225	73.5106	75.6173
1226	73.5106	75.8581
1227	73.5106	75.1703
1228	73.5106	75.5462
1229	73.5106	77.0503
1230	73.5106	75.9722
1231	73.5106	75.4475
1232	73.5106	74.7493
1233	73.5106	73.5735
1234	73.5106	74.2061
1235	73.5106	75.944
1236	73.5106	74.8975
1237	73.5106	73.9777
1238	73.5106	73.5106
1239	73.5106	73.6051
1240	73.5106	73.6622
1241	73.5106	74.2736
1242	73.5106	73.8849
1243	73.5106	74.1775
1244	73.5106	75.1347
1245	73.5106	74.3225
1246	73.5106	73.8331
1247	73.5106	73.5106
1248	73.5106	73.5428
1249	73.5106	73.5173
1250	73.5106	74.3196
1251	73.5106	73.972
1252	73.5106	74.1455
1253	73.5106	73.5399
1254	73.5106	74.1523
1255	73.5106	73.5106
1256	73.5106	73.5106
1257	73.5106	73.5106
1258	73.5106	73.7418
1259	73.5106	73.8289
1260	73.5106	73.5106
1261	73.5106	73.6534
1262	73.5106	73.9612
1263	73.5106	75.413
1264	73.5106	73.8776
1265	73.5106	73.9314
1266	73.5106	73.6087
1267	73.5106	73.7373
1268	73.5106	73.6167
1269	73.5106	73.5529
1270	73.5106	73.9987
1271	73.5106	74.2453
1272	73.5106	74.3369
1273	73.5106	73.5307
1274	73.5106	73.5695
1275	73.5106	74.1898
1276	73.5106	74.2193
1277	73.5106	75.1699
1278	73.5106	74.8695
1279	73.5106	73.9669
1280	73.5106	73.8882
1281	73.5106	73.6849
1282	73.5106	74.2126
1283	73.5106	73.9506
1284	73.5106	73.8476
1285	73.5106	74.6359
1286	73.3985	74.7601
1287	73.3985	75.0227
1288	73.3985	75.1971
1289	73.3985	74.2
1290	73.3985	73.8023
1291	73.1343	73.4044
1292	73.1343	73.7532
1293	73.1343	74.3713
1294	73.1343	74.9112
1295	73.1343	74.1432
1296	73.1343	74.3808
1297	73.1343	73.978
1298	73.1343	75.9579
1299	73.1343	75.5864
1300	73.1343	75.2025
1301	71.7468	74.0418
1302	71.7468	74.064
1303	71.7468	73.8277
1304	71.7468	72.9301
1305	71.7468	72.1913
1306	71.7468	72.2404
1307	71.7468	72.0478
1308	71.7468	72.2438
1309	71.7468	73.4504
1310	71.7468	74.007
1311	71.7468	74.1936
1312	71.7468	73.1316
1313	71.7468	72.0196
1314	71.7468	72.2802
1315	71.7468	72.7682
1316	71.7468	72.1022
1317	71.7468	71.7468
1318	71.7468	71.801
1319	71.7468	71.7468
1320	71.7468	72.3826
1321	71.7468	72.2372
1322	71.7468	73.5711
1323	71.7468	72.3221
1324	71.7468	72.5379
1325	71.6957	71.9222
1326	71.6957	72.6362
1327	71.6957	71.9268
1328	71.6957	71.7218
1329	71.6957	72.5898
1330	71.6957	72.2887
1331	71.6957	72.043
1332	71.6957	73.4487
1333	71.6957	72.6677
1334	71.6957	72.574
1335	71.6957	72.647
1336	71.6957	71.6957
1337	71.6957	71.6957
1338	71.6957	71.6957
1339	71.6957	71.6957
1340	71.6957	71.6957
1341	71.6957	71.6957
1342	71.6957	71.6957
1343	71.6957	72.6442
1344	71.6957	72.1324
1345	71.6957	72.4306
1346	71.6957	72.1317
1347	71.6957	71.7591
1348	71.6957	71.8836
1349	71.6957	71.7567
1350	71.6957	72.1342
1351	71.6957	72.7058
1352	71.6957	71.6957
1353	71.6957	72.0004
1354	71.6957	71.8075
1355	71.6957	73.2782
1356	71.6957	71.8663
1357	71.6957	71.8455
1358	71.6957	71.7497
1359	71.6957	71.6957
1360	71.6957	72.1294
1361	71.6957	71.8251
1362	71.6957	72.1321
1363	71.6957	73.7361
1364	71.6957	73.7972
1365	71.6957	74.3467
1366	71.6957	73.8549
1367	71.6957	74.0322
1368	71.6957	73.0226
1369	71.6957	72.5844
1370	71.6957	71.6957
1371	71.6957	71.6957
1372	71.6957	72.5367
1373	71.6957	71.9208
1374	71.6957	71.911
1375	71.6957	71.9079
1376	71.6957	71.8474
1377	71.6957	71.8892
1378	71.6957	73.3283
1379	71.6957	73.8514
1380	71.6957	76.115
1381	71.6957	75.6154
1382	71.6957	75.2991
1383	71.6957	77.031
1384	71.6957	76.8718
1385	71.6957	74.9838
1386	71.6957	75.8473
1387	71.6957	75.0692
1388	71.6957	73.1856
1389	71.6957	73.5304
1390	71.6957	71.8738
1391	71.6957	72.2032
1392	71.6957	72.0597
1393	71.6957	71.9586
1394	71.6957	71.7081
1395	71.6957	72.7616
1396	71.6957	72.6288
1397	71.6957	72.3688
1398	71.6957	72.5489
1399	71.6957	71.7182
1400	71.6957	71.7387
1401	70.4013	72.3192
1402	70.4013	71.8822
1403	70.4013	72.6096
1404	70.4013	72.0435
1405	70.4013	71.2325
1406	70.2676	72.0926
1407	70.2676	71.4373
1408	70.2676	70.9911
1409	70.2676	70.71
1410	70.2676	70.4732
1411	70.2676	70.5752
1412	70.2676	70.7009
1413	70.2676	70.7181
1414	70.2676	71.7501
1415	70.2676	71.0362
1416	70.2676	71.7232
1417	70.0773	72.0741
1418	70.0773	70.3175
1419	70.0773	70.4339
1420	70.0773	71.2834
1421	69.9087	71.0936
1422	69.9087	70.0402
1423	69.9087	70.0944
1424	69.9087	70.0672
1425	69.9087	70.2806
1426	69.9087	70.5739
1427	69.9087	71.3141
1428	69.9087	69.9618
1429	69.9087	69.9868
1430	69.9087	70.1509
1431	69.9087	70.0475
1432	69.9087	70.0392
1433	69.9087	71.6545
1434	69.9087	70.4617
1435	69.9087	70.0374
1436	69.9087	71.8514
1437	69.9087	70.7811
1438	69.9087	70.7269
1439	69.9087	70.3362
1440	69.9087	70.0372
1441	69.9087	69.9087
1442	69.9087	70.6094
1443	69.9087	69.9087
1444	69.9087	70.5858
1445	69.9087	70.3936
1446	69.9087	70.1842
1447	69.9087	70.201
1448	69.9087	70.4207
1449	69.9087	72.1256
1450	69.9087	72.0177
1451	69.9087	70.8758
1452	69.9087	70.455
1453	69.9087	71.2113
1454	69.9087	70.6828
1455	69.9087	70.3501
1456	69.9087	69.9087
1457	69.9087	70.2246
1458	69.9087	70.3185
1459	69.9087	70.445
1460	69.9087	70.5347
1461	69.9087	70.891
1462	69.9087	70.8507
1463	69.9087	71.1289
1464	69.9087	70.1682
1465	69.9087	70.3542
1466	69.9087	70.7124
1467	69.9087	70.7519
1468	69.9087	70.1191
1469	69.9087	69.9539
1470	69.9087	70.1319
1471	69.9087	70.1627
1472	69.9087	70.74
1473	69.9087	71.9357
1474	69.9087	73.1745
1475	69.9087	71.2367
1476	69.9087	73.3245
1477	69.9087	73.141
1478	69.9087	71.012
1479	69.9087	70.653
1480	69.9087	70.1307
1481	69.9087	70.2037
1482	69.9087	70.0726
1483	69.9087	71.0725
1484	69.9087	72.0019
1485	69.9087	72.3511
1486	69.9087	73.5274
1487	69.9087	71.5569
1488	69.9087	71.1855
1489	69.9087	70.7367
1490	69.9087	70.8097
1491	69.9087	70.4002
1492	69.9087	70.176
1493	69.9087	70.0025
1494	69.9087	70.4178
1495	69.9087	70.0002
1496	69.9087	69.9527
1497	69.9087	69.959
1498	69.9087	69.9087
1499	69.9087	70.1831
1500	69.9087	70.4917
1501	68.7604	71.5797
1502	68.7604	70.9385
1503	68.7604	70.3527
1504	68.7604	71.1205
1505	68.7604	70.7161
1506	68.7604	69.5943
1507	68.7604	69.0632
1508	68.7604	69.2492
1509	68.7604	68.788
1510	68.7604	68.7979
1511	68.7604	68.9411
1512	68.7604	68.8082
1513	68.7604	69.1569
1514	68.7604	69.5114
1515	68.7604	69.435
1516	68.7604	70.241
1517	68.7604	69.0846
1518	68.7604	70.1784
1519	68.7604	71.1454
1520	68.7604	70.7871
1521	68.7604	69.7243
1522	68.7604	69.2097
1523	68.7604	68.7604
1524	68.7604	68.7604
1525	68.7604	68.7604
1526	68.7604	68.7604
1527	68.7604	68.7616
1528	68.7604	68.7604
1529	68.7604	69.7225
1530	68.7604	69.6655
1531	68.7604	69.2591
1532	68.7604	69.4788
1533	68.7604	68.892
1534	68.7604	68.8859
1535	68.7604	69.7211
1536	68.7604	68.9956
1537	68.7604	69.6336
1538	68.7604	68.8594
1539	68.6741	68.928
1540	68.6741	68.7501
1541	68.6741	68.7337
1542	68.6741	69.1613
1543	68.6741	68.6793
1544	68.6741	68.7123
1545	68.6741	70.0608
1546	68.6741	68.7225
1547	68.6741	68.6741
1548	68.6741	68.6741
1549	68.6741	68.6775
1550	68.6741	69.0668
1551	68.6741	68.9054
1552	68.6741	69.1152
1553	68.6741	69.8577
1554	68.6741	69.2007
1555	68.6741	68.7268
1556	68.6741	68.6741
1557	68.6741	68.6741
1558	68.6741	68.6861
1559	68.6741	68.6741
1560	68.6741	68.6741
1561	68.6741	68.6741
1562	68.6741	68.8117
1563	68.6741	69.2413
1564	68.6741	69.366
1565	68.6741	69.2737
1566	68.6741	68.8029
1567	68.6741	68.8381
1568	68.6741	68.7915
1569	68.6741	69.3476
1570	68.6741	68.72
1571	68.6741	69.6339
1572	68.6741	68.7131
1573	68.6741	69.0156
1574	68.6741	69.1465
1575	68.6741	70.4226
1576	68.6741	69.5931
1577	68.6741	69.6559
1578	68.6741	69.1189
1579	68.6741	69.1304
1580	68.6741	70.458
1581	68.6741	70.1588
1582	68.6741	69.148
1583	68.6741	68.7513
1584	68.6741	69.4328
1585	68.6741	69.3852
1586	68.6741	68.9485
1587	68.6741	69.0382
1588	68.6741	70.2546
1589	68.6741	69.8061
1590	68.6741	69.9069
1591	68.6741	69.2921
1592	68.6741	69.0957
1593	68.6741	69.7094
1594	68.6741	68.8729
1595	68.6741	68.9514
1596	68.6741	68.8484
1597	68.625	68.7456
1598	68.625	68.7862
1599	68.625	68.8248
1600	68.625	69.2363
1601	68.625	68.6992
1602	68.625	68.626
1603	68.625	68.625
1604	68.625	68.626
1605	68.625	68.6877
1606	68.625	68.625
1607	68.625	68.625
1608	68.625	68.685
1609	68.625	68.8428
1610	68.625	70.2759
1611	68.625	69.1428
1612	68.625	68.845
1613	68.625	68.625
1614	68.625	68.8612
1615	68.625	69.2776
1616	68.625	68.76
1617	68.625	71.2708
1618	68.625	70.4596
1619	68.625	69.5347
1620	68.625	71.2832
1621	68.625	69.4482
1622	68.625	69.7226
1623	68.625	69.1841
1624	68.625	68.9603
1625	68.625	68.6406
1626	68.625	68.6272
1627	68.625	68.8012
1628	68.625	68.9885
1629	68.625	68.7362
1630	68.625	68.625
1631	68.625	68.8339
1632	68.625	68.9374
1633	68.625	69.5656
1634	68.625	68.6735
1635	68.625	68.9027
1636	68.625	68.882
1637	68.625	68.6912
1638	68.625	69.8735
1639	68.625	69.5769
1640	68.625	69.031
1641	68.625	68.6762
1642	68.625	68.9485
1643	68.625	68.7209
1644	68.625	69.1397
1645	68.625	68.811
1646	68.625	69.8142
1647	68.625	68.9051
1648	68.625	68.7634
1649	68.625	68.625
1650	68.625	68.9922
1651	68.625	68.8672
1652	68.625	68.8199
1653	68.625	68.9183
1654	68.625	68.6471
1655	68.625	68.625
1656	68.625	69.989
1657	68.625	70.3526
1658	68.625	68.9319
1659	68.625	69.1835
1660	68.625	68.6855
1661	68.625	69.1564
1662	68.625	68.625
1663	68.625	68.625
1664	68.625	68.8398
1665	68.625	68.625
1666	68.625	68.6795
1667	68.625	68.8763
1668	68.625	68.625
1669	68.625	68.7602
1670	68.625	68.8269
1671	68.625	68.9713
1672	68.625	70.4677
1673	68.625	70.0783
1674	68.625	68.8931
1675	68.625	68.843
1676	68.625	69.1048
1677	68.625	69.5273
1678	68.625	69.4008
1679	68.625	70.0784
1680	68.625	68.625
1681	68.625	68.625
1682	68.625	68.625
1683	68.625	70.2825
1684	68.625	69.0517
1685	68.625	69.1308
1686	68.625	69.2527
1687	68.625	68.6377
1688	68.625	68.625
1689	68.625	68.625
1690	68.625	68.625
1691	68.625	68.625
1692	68.625	68.625
1693	68.625	68.625
1694	68.625	68.625
1695	68.625	68.625
1696	68.625	68.625
1697	68.625	68.964
1698	68.625	69.3025
1699	68.625	70.2227
1700	68.625	69.758
1701	68.625	69.7886
1702	68.625	69.1772
1703	68.625	68.7649
1704	68.625	69.3093
1705	68.625	70.2913
1706	68.625	70.1493
1707	68.625	70.2994
1708	68.625	69.7242
1709	68.625	70.6831
1710	68.625	69.6294
1711	68.625	69.1785
1712	68.625	68.8741
1713	68.625	68.625
1714	68.625	68.625
1715	68.625	68.625
1716	68.625	68.625
1717	68.625	68.625
1718	68.625	68.6775
1719	68.625	69.3424
1720	68.625	69.2055
1721	68.625	68.9617
1722	68.625	68.6339
1723	68.625	69.1016
1724	68.625	69.7102
1725	68.625	68.9248
1726	68.625	70.2988
1727	68.625	70.6588
1728	68.625	70.491
1729	68.625	69.7354
1730	68.625	69.4534
1731	68.625	69.496
1732	68.625	69.3765
1733	68.625	69.7837
1734	68.625	69.8268
1735	68.625	68.7792
1736	68.625	68.6823
1737	68.625	68.625
1738	68.625	69.4766
1739	68.625	69.1336
1740	68.625	69.4149
1741	68.625	69.3969
1742	68.625	70.0554
1743	68.625	70.1481
1744	68.625	72.3042
1745	68.625	71.8509
1746	68.625	69.0956
1747	68.625	69.348
1748	68.625	68.9629
1749	68.625	69.0569
1750	68.625	69.0581
1751	68.625	68.8349
1752	68.625	69.5008
1753	68.625	69.7853
1754	68.625	69.4725
1755	68.5795	69.8066
1756	68.5795	70.2782
1757	68.5795	69.6878
1758	68.5795	71.0339
1759	68.5795	69.5301
1760	68.5795	70.1876
1761	68.5795	69.4414
1762	68.5795	68.8579
1763	68.5795	68.8442
1764	68.5795	69.2405
1765	68.5795	68.7981
1766	68.5795	69.37
1767	68.5795	70.1391
1768	68.5795	70.1906
1769	68.5795	69.9041
1770	68.5795	69.413
1771	68.5795	69.1836
1772	68.5795	69.1664
1773	68.5795	68.5824
1774	68.5795	69.3145
1775	68.5795	69.7745
1776	68.5795	69.2999
1777	68.5795	70.3936
1778	68.5795	69.184
1779	68.5795	68.9991
1780	68.5795	69.46
1781	68.5795	70.1743
1782	68.5795	69.3154
1783	68.5795	68.839
1784	68.5795	70.3062
1785	68.5795	69.6759
1786	68.5795	70.1404
1787	68.5795	69.758
1788	68.5795	69.5554
1789	68.5795	69.0913
1790	68.5795	68.8284
1791	68.5795	68.5795
1792	68.5795	68.7466
1793	68.5795	69.5635
1794	68.5795	69.4031
1795	68.5795	69.6796
1796	68.4331	69.2806
1797	68.4331	69.2881
1798	68.4331	68.5268
1799	68.4331	68.8148
1800	68.4331	68.483
1801	67.7872	68.7296
1802	67.7872	69.7682
1803	67.7872	68.1209
1804	67.7872	68.1912
1805	67.7872	68.6009
1806	67.7872	68.75
1807	67.7872	68.7634
1808	67.7872	67.8555
1809	67.7872	68.0113
1810	67.7872	68.2315
1811	67.7872	69.8409
1812	67.7872	67.9839
1813	67.7872	68.3422
1814	67.7872	69.2463
1815	67.7872	68.5886
1816	67.7872	68.141
1817	67.7872	68.9537
1818	67.7872	69.3064
1819	67.7872	67.8836
1820	67.2324	67.8578
1821	67.2324	68.4275
1822	67.2324	68.4279
1823	67.2324	68.3897
1824	67.2324	67.6079
1825	67.2324	67.4767
1826	67.2324	67.6644
1827	67.2324	68.2159
1828	67.2324	68.2003
1829	67.2324	68.2936
1830	67.2324	67.9067
1831	67.2324	67.3078
1832	67.2324	67.4173
1833	67.2324	67.7666
1834	67.2324	67.8467
1835	67.2324	67.2324
1836	67.2324	67.2324
1837	67.2324	67.2882
1838	67.2324	67.7389
1839	67.2324	67.6435
1840	67.2324	67.7576
1841	67.2324	67.8551
1842	67.2324	67.5171
1843	67.2324	67.6829
1844	67.2324	67.5646
1845	67.2324	67.6094
1846	67.2324	67.2324
1847	67.2324	68.1901
1848	67.2324	67.7379
1849	67.2324	67.294
1850	67.2324	67.3056
1851	67.2324	68.5107
1852	67.2324	67.7815
1853	67.2324	67.284
1854	67.2324	67.237
1855	67.2324	67.2324
1856	67.2324	67.2324
1857	67.2324	67.3803
1858	67.2324	67.6313
1859	67.2324	68.1339
1860	67.2324	68.837
1861	67.2324	68.9296
1862	67.2324	69.2698
1863	67.2324	67.6672
1864	67.2324	67.353
1865	67.2324	67.7577
1866	67.2324	67.9749
1867	67.2324	68.0595
1868	67.2324	68.9601
1869	67.2324	67.7863
1870	67.2324	67.4419
1871	67.2324	67.8817
1872	67.2324	67.3021
1873	67.2324	67.4649
1874	67.2324	67.8186
1875	67.2324	68.2499
1876	67.2324	68.6062
1877	67.2324	67.7073
1878	67.2324	68.2709
1879	67.2324	67.3317
1880	67.2324	67.2778
1881	67.2324	67.3105
1882	67.2324	67.9746
1883	67.2324	67.6438
1884	67.2324	67.8153
1885	67.2324	68.3026
1886	67.2324	67.8104
1887	67.2324	67.7021
1888	67.2324	68.3725
1889	67.2324	69.8032
1890	67.2324	69.5486
1891	67.2324	68.0779
1892	67.2324	69.1025
1893	67.2324	67.6121
1894	67.2324	67.7846
1895	67.2324	68.113
1896	67.2324	67.7872
1897	67.2324	67.7673
1898	67.2324	68.1417
1899	67.2324	68.2468
1900	67.2324	68.9641
1901	67.2324	68.0112
1902	67.2324	67.2324
1903	67.2324	67.2324
1904	67.2324	67.2324
1905	67.2324	67.2324
1906	67.2324	67.2324
1907	67.2324	67.2324
1908	67.2324	67.3538
1909	67.2324	67.3326
1910	67.2324	67.8251
1911	67.2324	68.0152
1912	67.2324	67.5214
1913	67.2324	67.4683
1914	67.2324	67.501
1915	67.2324	67.2907
1916	67.2324	67.2324
1917	67.2324	68.0491
1918	67.2324	68.8762
1919	67.2324	68.1985
1920	67.2324	69.1047
1921	67.2324	67.7765
1922	67.2324	68.0013
1923	67.2324	68.2104
1924	67.2324	68.9897
1925	67.2324	68.547
1926	67.2324	68.3192
1927	67.2324	67.9435
1928	67.2324	68.1881
1929	67.2324	67.4754
1930	67.2324	68.6121
1931	67.2324	68.32
1932	67.2324	68.5017
1933	67.2324	67.593
1934	67.2324	67.9028
1935	67.2324	68.0316
1936	67.2324	67.2324
1937	67.2324	67.2695
1938	67.2324	67.2324
1939	67.2324	67.2324
1940	67.2324	67.2324
1941	67.2324	67.2324
1942	67.2324	67.8314
1943	67.2324	68.1932
1944	67.2324	67.7359
1945	67.2324	67.7211
1946	67.2324	68.7633
1947	67.2324	67.8038
1948	67.2324	68.1165
1949	67.2324	67.6344
1950	67.2324	67.582
1951	67.2324	67.4505
1952	67.2324	67.3997
1953	67.2324	68.1417
1954	67.2324	68.1628
1955	67.2324	67.8933
1956	67.2324	67.8611
1957	67.2324	67.9903
1958	67.2324	67.2324
1959	67.2324	67.2324
1960	67.2324	67.2669
1961	67.2324	67.3423
1962	67.2324	67.9279
1963	67.2324	67.2324
1964	67.2324	67.2324
1965	67.2324	67.2324
1966	67.2324	67.2561
1967	67.2324	67.2324
1968	67.2324	68.7745
1969	67.2324	67.2324
1970	67.2324	67.2396
1971	67.2324	68.0962
1972	67.2324	68.6543
1973	67.2324	67.7067
1974	67.2324	67.8361
1975	67.2324	67.2324
1976	67.2324	67.2324
1977	67.2324	67.2324
1978	67.2324	67.2324
1979	67.2324	67.2324
1980	67.2324	67.2324
1981	67.2324	67.429
1982	67.2324	67.4383
1983	67.2324	67.2324
1984	67.2324	67.5252
1985	67.2324	67.3501
1986	67.2324	67.6251
1987	67.2324	67.8378
1988	67.2324	68.1961
1989	67.2324	69.3372
1990	67.2324	68.8414
1991	67.2324	67.7199
1992	67.2324	68.1918
1993	67.2324	68.2134
1994	67.2324	67.829
1995	67.2324	67.5458
1996	67.2324	68.2605
1997	67.2324	67.3803
1998	67.2324	67.519
1999	67.2324	67.5663
2000	67.2324	67.506
2001	67.2324	67.6835
2002	67.2324	67.52
2003	67.2324	67.2334
2004	67.2324	67.8797
2005	67.2324	67.5291
2006	67.2324	67.2331
2007	67.2324	67.4723
2008	67.2324	67.9059
2009	67.2324	68.4671
2010	67.2324	67.3678
2011	67.2324	68.3955
2012	67.2324	67.3706
2013	67.2324	67.6202
2014	67.2324	67.852
2015	67.2324	67.2324
2016	67.2324	67.2324
2017	67.2324	67.3083
2018	67.2324	67.2324
2019	67.2324	67.2324
2020	67.2324	67.3455
2021	67.2324	68.1577
2022	67.2324	67.5848
2023	67.2324	67.6491
2024	67.2324	68.0649
2025	67.2324	68.1918
2026	67.2324	67.7054
2027	67.2324	67.3469
2028	67.2324	67.7816
2029	67.2324	67.8675
2030	67.2324	68.1699
2031	67.2324	67.757
2032	67.2324	68.0921
2033	67.2324	67.3475
2034	67.2324	67.7566
2035	67.2324	67.7994
2036	67.2324	67.471
2037	67.2324	67.2533
2038	67.2324	67.2324
2039	67.2324	67.2324
2040	67.2324	67.2324
2041	67.2324	67.5163
2042	67.2324	67.2324
2043	67.2324	67.323
2044	67.2324	67.2324
2045	67.2324	67.2324
2046	67.2324	67.3863
2047	67.2324	67.6302
2048	67.2324	69.0507
2049	67.2324	68.2738
2050	67.2324	68.5305
2051	67.2324	69.3557
2052	67.2324	68.8094
2053	67.2324	68.1376
2054	67.2324	67.3409
2055	67.2324	67.7885
2056	67.2324	68.837
2057	67.2324	69.1572
2058	67.2324	68.7111
2059	67.2324	67.2695
2060	67.2324	67.6089
2061	67.2324	68.3926
2062	67.2324	67.9543
2063	67.2324	67.9866
2064	67.2324	67.4117
2065	67.2324	67.3917
2066	67.2324	67.2324
2067	67.2324	67.4122
2068	67.2324	67.2324
2069	67.2324	67.2767
2070	67.2324	67.9594
2071	67.2324	67.3975
2072	67.2324	67.8966
2073	67.2324	68.9996
2074	67.2324	68.7594
2075	67.2324	68.7434
2076	67.2324	68.7775
2077	67.2324	68.6093
2078	67.2324	69.1708
2079	67.2324	70.0686
2080	67.2324	69.373
2081	67.2324	68.4659
2082	67.2324	67.7419
2083	67.2324	67.6254
2084	67.2324	68.1958
2085	67.2324	67.525
2086	67.2324	67.3606
2087	67.2324	67.4475
2088	67.2324	67.2606
2089	67.2324	67.2353
2090	67.2324	67.2365
2091	67.2324	67.2324
2092	67.2324	67.3269
2093	67.2324	67.6127
2094	67.2324	67.3186
2095	67.2324	67.2324
2096	67.2324	67.2324
2097	67.2324	67.2324
2098	67.2324	67.2795
2099	67.2324	67.2324
2100	67.2324	67.2482
2101	66.6177	67.3877
2102	66.3119	67.0719
2103	66.3119	67.0473
2104	66.3119	67.27
2105	66.3119	66.6492
2106	66.3119	67.7162
2107	66.3119	68.7298
2108	66.3119	68.8656
2109	66.3119	69.1821
2110	66.3119	69.2077
2111	66.3119	67.7799
2112	66.3119	68.3053
2113	66.3119	68.9546
2114	66.3119	67.7854
2115	66.3119	66.485
2116	66.3119	66.3119
2117	66.3119	66.5255
2118	66.3119	66.3119
2119	66.3119	66.3466
2120	66.3119	66.5826
2121	66.3119	69.2926
2122	66.3119	69.7819
2123	66.3119	67.2995
2124	66.3119	68.0539
2125	66.3119	66.6679
2126	66.3119	67.1913
2127	66.3119	67.1164
2128	66.3119	67.4558
2129	66.3119	66.4111
2130	66.3119	67.3939
2131	66.3119	68.2
2132	66.3119	69.1541
2133	66.3119	67.2879
2134	66.3119	66.3219
2135	66.3119	66.3119
2136	66.3119	66.3119
2137	66.3119	66.4344
2138	66.3119	66.4227
2139	66.3119	67.5429
2140	66.3119	67.536
2141	66.3119	67.0428
2142	66.3119	67.9122
2143	66.3119	67.6954
2144	66.3119	66.5897
2145	66.3119	67.4279
2146	66.3119	67.693
2147	66.3119	68.1221
2148	66.3119	68.2357
2149	66.3119	67.8208
2150	66.3119	66.3962
2151	66.3119	66.7389
2152	66.3119	67.3406
2153	66.3119	67.2094
2154	66.3119	67.0041
2155	66.3119	66.3119
2156	66.3119	66.3119
2157	66.3119	66.5318
2158	66.3119	66.519
2159	66.3119	66.332
2160	66.3119	66.3119
2161	66.3119	66.3119
2162	66.3119	66.3784
2163	66.3119	66.5526
2164	66.3119	66.5458
2165	66.3119	66.8852
2166	66.3119	66.7472
2167	66.3119	67.058
2168	66.3119	67.1234
2169	66.3119	68.4029
2170	66.3119	67.735
2171	66.3119	66.3119
2172	66.3119	66.3119
2173	66.3119	66.3897
2174	66.3119	66.7394
2175	66.3119	66.4058
2176	66.3119	66.3119
2177	66.3119	66.3969
2178	66.3119	67.1319
2179	66.3119	66.8872
2180	66.3119	67.2766
2181	66.3119	66.3619
2182	66.3119	66.3119
2183	66.3119	66.313
2184	66.3119	66.313
2185	66.3119	66.4522
2186	66.3119	66.9284
2187	66.3119	66.5227
2188	66.3119	68.9782
2189	66.3119	68.6408
2190	66.3119	67.6303
2191	66.3119	66.881
2192	66.3119	67.1018
2193	66.3119	67.7451
2194	66.3119	67.612
2195	66.3119	67.4225
2196	66.3119	66.8228
2197	66.3119	66.4728
2198	66.3119	66.7766
2199	66.3119	66.5841
2200	66.3119	66.6031
2201	66.3119	66.3436
2202	66.3119	66.3119
2203	66.3119	66.3119
2204	66.3119	66.3325
2205	66.3119	66.5503
2206	66.3119	66.822
2207	66.3119	67.0108
2208	66.3119	67.6798
2209	66.3119	67.0235
2210	66.3119	67.3926
2211	66.3119	67.0669
2212	66.3119	67.4171
2213	66.3119	67.5188
2214	66.3119	66.9991
2215	66.3119	66.8382
2216	66.3119	68.1061
2217	66.3119	66.9186
2218	66.3119	67.2072
2219	66.3119	68.6609
2220	66.3119	67.2215
2221	66.3119	66.3119
2222	66.3119	66.563
2223	66.3119	66.9139
2224	66.3119	66.7431
2225	66.3119	66.9396
2226	66.3119	66.5026
2227	66.3119	66.3119
2228	66.3119	66.3119
2229	66.3119	66.937
2230	66.3119	66.6969
2231	66.3119	67.7392
2232	66.3119	67.4764
2233	66.3119	67.3814
2234	66.3119	67.0044
2235	66.3119	66.5926
2236	66.3119	66.4543
2237	66.3119	66.5587
2238	66.3119	67.3391
2239	66.3119	66.7184
2240	66.3119	66.6462
2241	66.3119	66.5614
2242	66.3119	66.3119
2243	66.3119	67.103
2244	66.3119	66.4256
2245	66.3119	66.5465
2246	66.3119	66.7457
2247	66.3119	67.2809
2248	66.3119	66.7217
2249	66.3119	66.3923
2250	66.3119	66.4467
2251	66.3119	66.5435
2252	66.3119	67.8679
2253	66.3119	67.2176
2254	66.3119	69.1042
2255	66.3119	67.318
2256	66.3119	66.4741
2257	66.3119	66.3119
2258	66.3119	66.3119
2259	66.3119	66.3119
2260	66.3119	66.4913
2261	66.3119	66.9153
2262	66.3119	66.4428
2263	66.3119	66.4571
2264	66.3119	66.4553
2265	66.3119	66.6559
2266	66.3119	66.671
2267	66.3119	66.3893
2268	66.3119	66.9666
2269	66.3119	66.4056
2270	66.3119	66.4453
2271	66.3119	66.7871
2272	66.3119	67.6571
2273	66.3119	69.4663
2274	66.3119	70.4673
2275	66.3119	67.3533
2276	66.3119	67.8141
2277	66.3119	67.3553
2278	66.3119	67.2893
2279	66.3119	67.1161
2280	66.3119	66.3119
2281	66.3119	66.3187
2282	66.3119	66.5118
2283	66.3119	66.4298
2284	66.3119	66.36
2285	66.3119	66.5803
2286	66.3119	66.4182
2287	66.3119	66.672
2288	66.3119	68.2652
2289	66.3119	67.707
2290	66.3119	66.4887
2291	66.3119	66.3119
2292	66.3119	66.3239
2293	66.3119	66.3359
2294	66.3119	66.3119
2295	66.3119	66.3119
2296	66.3119	66.3119
2297	66.3119	66.4709
2298	66.3119	68.24
2299	66.3119	66.7775
2300	66.3119	66.569
2301	66.3119	66.4259
2302	66.3119	66.5619
2303	66.3119	66.7935
2304	66.3119	66.7175
2305	66.3119	67.3904
2306	66.3119	67.3321
2307	66.3119	69.0485
2308	66.3119	67.5232
2309	66.3119	67.5381
2310	66.3119	68.2349
2311	66.3119	67.0453
2312	66.3119	66.696
2313	66.3119	67.4651
2314	66.3119	66.3564
2315	66.3119	66.3119
2316	66.3119	66.3119
2317	66.3119	66.3119
2318	66.3119	66.3119
2319	66.3119	67.0619
2320	66.3119	66.965
2321	66.3119	70.6401
2322	66.3119	70.1446
2323	66.3119	68.83
2324	66.3119	66.9732
2325	66.3119	67.6487
2326	66.3119	66.745
2327	66.3119	66.8319
2328	66.3119	66.5035
2329	66.3119	66.5787
2330	66.3119	66.6837
2331	66.3119	66.5169
2332	66.3119	66.4238
2333	66.3119	66.3119
2334	66.3119	66.3119
2335	66.3119	66.3119
2336	66.3119	66.3119
2337	66.3119	66.3119
2338	66.3119	66.5156
2339	66.3119	66.4213
2340	66.3119	66.3981
2341	66.3119	66.884
2342	66.3119	66.9884
2343	66.3119	67.7426
2344	66.3119	67.1833
2345	66.3119	68.1945
2346	66.3119	67.4932
2347	66.3119	66.7674
2348	66.3119	67.452
2349	66.3119	67.2419
2350	66.3119	68.4228
2351	66.3119	68.3764
2352	66.3119	68.4116
2353	66.3119	67.9955
2354	66.3119	67.8751
2355	66.3119	67.7486
2356	66.3119	67.1535
2357	66.3119	67.5632
2358	66.3119	67.1478
2359	66.3119	66.5451
2360	66.3119	66.3331
2361	66.3119	66.4589
2362	66.3119	66.4947
2363	66.3119	66.3723
2364	66.3119	67.4632
2365	66.3119	67.64
2366	66.3119	66.5533
2367	66.3119	66.3293
2368	66.3119	66.3289
2369	66.3119	66.3225
2370	66.3119	66.3178
2371	66.3119	66.6053
2372	66.3119	66.3119
2373	66.3119	66.4459
2374	66.3119	66.3233
2375	66.3119	66.3119
2376	66.3119	66.3119
2377	66.3119	66.4437
2378	66.3119	66.356
2379	66.3119	66.7819
2380	66.3119	66.5578
2381	66.3119	67.7314
2382	66.3119	67.1286
2383	66.3119	67.3396
2384	66.3119	66.593
2385	66.3119	66.6781
2386	66.3119	66.4596
2387	66.3119	67.9044
2388	66.3119	69.2927
2389	66.3119	68.2882
2390	66.3119	69.1006
2391	66.3119	68.4275
2392	66.3119	68.4247
2393	66.3119	69.1597
2394	66.3119	69.868
2395	66.3119	68.7929
2396	66.3119	69.2109
2397	66.3119	68.9535
2398	66.3119	68.9193
2399	66.3119	67.5802
2400	66.3119	66.8475
2401	66.3119	67.0363
2402	66.3119	66.406
2403	66.3119	66.4955
2404	66.3119	66.3632
2405	66.3119	66.6629
2406	66.3119	66.3403
2407	66.3119	66.6773
2408	66.3119	66.5241
2409	66.3119	68.1898
2410	66.3119	66.9036
2411	66.3119	67.1656
2412	66.3119	68.2165
2413	66.3119	66.4887
2414	66.3119	66.8701
2415	66.3119	66.3218
2416	66.3119	66.4203
2417	66.3119	66.828
2418	66.3119	66.8905
2419	66.3119	67.7658
2420	66.3119	67.3185
2421	66.3119	69.0445
2422	66.3119	67.6334
2423	66.3119	66.9838
2424	66.3119	67.6505
2425	66.3119	66.8491
2426	66.3119	67.4732
2427	66.3119	67.3804
2428	66.3119	66.8648
2429	66.3119	67.3757
2430	66.3119	66.5343
2431	66.3119	66.8545
2432	66.3119	66.5704
2433	66.3119	66.7302
2434	66.3119	66.4505
2435	66.3119	66.5964
2436	66.3119	67.568
2437	66.3119	67.2505
2438	66.3119	66.3216
2439	66.3119	66.3119
2440	66.3119	66.3119
2441	66.3119	66.3119
2442	66.3119	66.3119
2443	66.3119	66.3119
2444	66.3119	66.3119
2445	66.3119	66.3119
2446	66.3119	66.4272
2447	66.3119	66.5883
2448	66.3119	66.5548
2449	66.3119	66.3119
2450	66.3119	66.3119
2451	66.3119	66.3119
2452	66.3119	66.3915
2453	66.3119	66.6197
2454	66.3119	66.5095
2455	66.3119	66.3519
2456	66.3119	66.3119
2457	66.3119	66.6319
2458	66.3119	66.7953
2459	66.3119	67.4697
2460	66.3119	67.4596
2461	66.3119	67.9434
2462	66.3119	67.5316
2463	66.3119	66.584
2464	66.3119	67.4191
2465	66.3119	66.4774
2466	66.3119	66.6751
2467	66.3119	66.8038
2468	66.3119	66.752
2469	66.3119	67.2885
2470	66.3119	66.3245
2471	66.3119	66.3515
2472	66.3119	66.6763
2473	66.3119	66.5464
2474	66.3119	66.435
2475	66.3119	66.558
2476	66.3119	67.3094
2477	66.3119	67.7354
2478	66.3119	67.2003
2479	66.3119	66.9882
2480	66.3119	68.1399
2481	66.3119	68.8729
2482	66.3119	70.1071
2483	66.3119	68.8726
2484	66.3119	68.4022
2485	66.3119	66.7178
2486	66.3119	66.6328
2487	66.3119	66.3119
2488	66.3119	67.1629
2489	66.3119	66.8886
2490	66.3119	66.3119
2491	66.3119	66.4217
2492	66.3119	66.4747
2493	66.3119	66.3766
2494	66.3119	66.945
2495	66.3119	66.6198
2496	66.3119	66.5321
2497	66.3119	66.4451
2498	66.3119	66.4479
2499	66.3119	66.5985
2500	66.3119	67.0818
2501	66.3119	67.4452
2502	66.3119	66.8753
2503	66.3119	66.9171
2504	66.3119	66.5569
2505	66.3119	67.2601
2506	66.3119	67.2092
2507	66.3119	66.3413
2508	66.3119	66.499
2509	66.3119	66.8275
2510	66.3119	66.4106
2511	66.3119	67.107
2512	66.3119	66.9446
2513	66.3119	67.1079
2514	66.3119	66.5754
2515	66.3119	66.5285
2516	66.3119	67.2341
2517	66.3119	67.0885
2518	66.3119	66.7181
2519	66.3119	67.7098
2520	66.3119	67.1986
2521	66.3119	67.0184
2522	66.3119	67.7856
2523	66.3119	66.7008
2524	66.3119	67.8947
2525	66.3119	66.3741
2526	66.3119	66.3119
2527	66.3119	66.3119
2528	66.3119	66.3119
2529	66.3119	66.3119
2530	66.3119	66.4961
2531	66.3119	67.3183
2532	66.3119	68.3766
2533	66.3119	68.3944
2534	66.3119	67.6434
2535	66.3119	68.5526
2536	66.3119	68.792
2537	66.3119	67.8917
2538	66.3119	67.1706
2539	66.3119	66.7548
2540	66.3119	66.5647
2541	66.3119	67.2154
2542	66.3119	67.4414
2543	66.3119	67.1724
2544	66.3119	66.4373
2545	66.3119	66.5442
2546	66.3119	66.8563
2547	66.3119	66.4378
2548	66.3119	66.5035
2549	66.3119	66.617
2550	66.3119	68.3327
2551	66.3119	68.0447
2552	66.3119	67.1965
2553	66.3119	66.3119
2554	66.3119	66.688
2555	66.3119	66.9756
2556	66.3119	68.5611
2557	66.3119	67.4626
2558	66.3119	67.5733
2559	66.3119	68.6098
2560	66.3119	66.636
2561	66.3119	66.3992
2562	66.3119	67.2522
2563	66.3119	66.7667
2564	66.3119	66.4588
2565	66.3119	66.3612
2566	66.3119	66.3119
2567	66.3119	66.3352
2568	66.3119	66.4459
2569	66.3119	66.3274
2570	66.3119	66.4502
2571	66.3119	66.4565
2572	66.3119	66.3178
2573	66.3119	66.3119
2574	66.3119	66.8713
2575	66.3119	67.3602
2576	66.3119	68.1346
2577	66.3119	66.8963
2578	66.3119	67.8031
2579	66.3119	67.4539
2580	66.3119	66.3349
2581	66.3119	66.3349
2582	66.3119	66.316
2583	66.3119	66.3661
2584	66.3119	66.5518
2585	66.3119	66.7562
2586	66.3119	67.0587
2587	66.3119	66.3119
2588	66.3119	66.4599
2589	66.3119	67.7581
2590	66.3119	67.8796
2591	66.3119	68.4458
2592	66.3119	67.8253
2593	66.3119	67.3835
2594	66.3119	67.8471
2595	66.3119	68.3362
2596	66.3119	66.8044
2597	66.3119	66.4949
2598	66.3119	66.6096
2599	66.3119	67.0202
2600	66.3119	67.8175
2601	66.3119	67.1778
2602	66.3119	67.7792
2603	66.3119	66.7987
2604	66.3119	66.3119
2605	66.3119	66.3119
2606	66.3119	66.3119
2607	66.3119	66.3119
2608	66.3119	66.3119
2609	66.3119	66.3453
2610	66.3119	66.3328
2611	66.3119	66.3119
2612	66.3119	66.3119
2613	66.3119	66.3119
2614	66.3119	66.3872
2615	66.3119	67.031
2616	66.3119	66.3119
2617	66.3119	66.3285
2618	66.3119	66.8372
2619	66.3119	66.4194
2620	66.3119	67.1037
2621	66.3119	66.8233
2622	66.3119	66.8851
2623	66.3119	66.4853
2624	66.3119	66.6181
2625	66.3119	66.4081
2626	66.3119	66.6969
2627	66.3119	67.2059
2628	66.3119	66.9088
2629	66.3119	66.4862
2630	66.3119	66.5919
2631	66.3119	66.4729
2632	66.3119	66.4342
2633	66.3119	66.3119
2634	66.3119	66.502
2635	66.3119	66.8011
2636	66.3119	67.606
2637	66.3119	68.6301
2638	66.3119	67.5045
2639	66.3119	66.9317
2640	66.3119	66.3119
2641	66.3119	66.4357
2642	66.3119	66.3119
2643	66.3119	66.3119
2644	66.3119	66.5881
2645	66.3119	66.8644
2646	66.3119	66.3119
2647	66.3119	66.3119
2648	66.3119	66.3119
2649	66.3119	66.3119
2650	66.3119	66.3119
2651	66.3119	66.3119
2652	66.3119	66.3119
2653	66.3119	66.7818
2654	66.3119	66.3881
2655	66.3119	66.5464
2656	66.3119	66.7082
2657	66.3119	66.5744
2658	66.3119	66.8201
2659	66.3119	66.5268
2660	66.3119	66.6108
2661	66.3119	66.4089
2662	66.3119	66.3119
2663	66.3119	66.3119
2664	66.3119	66.4382
2665	66.3119	66.9887
2666	66.3119	66.3697
2667	66.3119	66.5445
2668	66.3119	66.5027
2669	66.3119	66.6105
2670	66.3119	66.3769
2671	66.3119	66.558
2672	66.3119	66.4266
2673	66.3119	66.4741
2674	66.3119	66.3537
2675	66.3119	67.0019
2676	66.3119	67.7854
2677	66.3119	66.4833
2678	66.3119	66.7334
2679	66.3119	66.5118
2680	66.3119	66.6332
2681	66.3119	67.3707
2682	66.3119	67.8061
2683	66.3119	66.773
2684	66.3119	66.8168
2685	66.3119	68.0239
2686	66.3119	67.6704
2687	66.3119	67.3174
2688	66.3119	67.8641
2689	66.3119	67.6538
2690	66.3119	66.4217
2691	66.3119	67.1645
2692	66.3119	67.5404
2693	66.3119	66.3883
2694	66.3119	66.4181
2695	66.3119	67.3684
2696	66.3119	67.4151
2697	66.3119	67.0056
2698	66.3119	68.083
2699	66.3119	66.9447
2700	66.3119	66.5643
2701	66.3119	67.4255
2702	66.3119	67.4312
2703	66.3119	67.4615
2704	66.3119	66.5157
2705	66.3119	67.027
2706	66.3119	67.4134
2707	66.3119	66.4483
2708	66.3119	66.985
2709	66.3119	66.7729
2710	66.3119	67.2135
2711	66.3119	66.9474
2712	66.3119	68.6633
2713	66.3119	67.518
2714	66.3119	66.7783
2715	66.3119	66.3453
2716	66.3119	67.0345
2717	66.3119	67.7185
2718	66.3119	66.7572
2719	66.3119	67.3586
2720	66.3119	68.3858
2721	66.3119	68.3568
2722	66.3119	67.7271
2723	66.3119	67.3504
2724	66.3119	67.2115
2725	66.3119	67.5263
2726	66.3119	67.5815
2727	66.3119	66.8196
2728	66.3119	66.4078
2729	66.3119	66.4497
2730	66.3119	66.5235
2731	66.3119	66.4824
2732	66.3119	66.3673
2733	66.3119	67.909
2734	66.3119	67.4193
2735	66.3119	67.0949
2736	66.3119	66.4348
2737	66.3119	66.5909
2738	66.3119	66.7306
2739	66.3119	66.325
2740	66.3119	66.3187
2741	66.3119	66.889
2742	66.3119	66.4732
2743	66.3119	66.4089
2744	66.3119	66.6548
2745	66.3119	66.8729
2746	66.3119	68.0647
2747	66.3119	66.6844
2748	66.3119	66.3119
2749	66.3119	66.688
2750	66.3119	66.5062
2751	66.3119	66.3801
2752	66.3119	66.8167
2753	66.3119	66.6639
2754	66.3119	66.4358
2755	66.3119	67.0473
2756	66.3119	68.8617
2757	66.3119	67.0361
2758	66.3119	67.9268
2759	66.3119	67.5498
2760	66.3119	67.3604
2761	66.3119	66.8104
2762	66.3119	67.5587
2763	66.3119	67.2939
2764	66.3119	67.1088
2765	66.3119	66.3822
2766	66.3119	66.3119
2767	66.3119	67.5069
2768	66.3119	66.5055
2769	66.3119	67.6837
2770	66.3119	66.6768
2771	66.3119	66.609
2772	66.3119	66.5915
2773	66.3119	66.8344
2774	66.3119	67.4907
2775	66.3119	67.0791
2776	66.3119	66.3602
2777	66.3119	66.4768
2778	66.3119	67.005
2779	66.3119	66.3817
2780	66.3119	66.3847
2781	66.3119	66.3809
2782	66.3119	66.3119
2783	66.3119	66.3502
2784	66.3119	66.375
2785	66.3119	68.0108
2786	66.3119	66.6021
2787	66.3119	66.8949
2788	66.3119	66.8638
2789	66.3119	66.6596
2790	66.3119	67.6055
2791	66.3119	66.6706
2792	66.3119	66.7984
2793	66.3119	67.221
2794	66.3119	67.3931
2795	66.3119	66.5913
2796	66.3119	66.5052
2797	66.3119	66.4769
2798	66.3119	66.3504
2799	66.3119	66.6843
2800	66.3119	66.6436
2801	66.3119	67.289
2802	66.3119	68.4517
2803	66.3119	67.6702
2804	66.3119	67.3077
2805	66.3119	67.3535
2806	66.3119	66.6519
2807	66.3119	67.5214
2808	66.3119	68.6198
2809	66.3119	69.1788
2810	66.3119	68.1824
2811	66.3119	67.4238
2812	66.3119	67.1385
2813	66.3119	66.8604
2814	66.3119	66.5814
2815	66.3119	66.8369
2816	66.3119	66.632
2817	66.3119	66.6529
2818	66.3119	66.3625
2819	66.3119	66.3958
2820	66.3119	66.5706
2821	66.3119	66.3605
2822	66.3119	66.3119
2823	66.3119	66.3119
2824	66.3119	66.3119
2825	66.3119	66.3119
2826	66.3119	66.3204
2827	66.3119	66.3119
2828	66.3119	66.3119
2829	66.3119	66.5811
2830	66.3119	66.3119
2831	66.3119	67.4498
2832	66.3119	66.4246
2833	66.3119	66.4816
2834	66.3119	66.7223
2835	66.3119	67.417
2836	66.3119	66.8542
2837	66.3119	66.4396
2838	66.3119	67.1861
2839	66.3119	66.6618
2840	66.3119	66.7234
2841	66.3119	66.3287
2842	66.3119	66.3896
2843	66.3119	66.7231
2844	66.3119	66.7212
2845	66.3119	67.0246
2846	66.3119	66.3621
2847	66.3119	66.3297
2848	66.3119	66.3245
2849	66.3119	66.3189
2850	66.3119	66.6682
2851	66.3119	66.7463
2852	66.3119	67.7969
2853	66.3119	66.3759
2854	66.3119	66.4323
2855	66.3119	66.4878
2856	66.3119	66.6802
2857	66.3119	67.3153
2858	66.3119	67.01
2859	66.3119	66.8163
2860	66.3119	67.3678
2861	66.3119	69.3375
2862	66.3119	68.7804
2863	66.3119	67.7113
2864	66.3119	67.5308
2865	66.3119	66.9914
2866	66.3119	66.5806
2867	66.3119	66.6501
2868	66.3119	66.3119
2869	66.3119	66.3119
2870	66.3119	66.3119
2871	66.3119	66.3119
2872	66.3119	66.3191
2873	66.3119	67.3054
2874	66.3119	66.3191
2875	66.3119	67.4051
2876	66.3119	66.3119
2877	66.3119	66.3119
2878	66.3119	66.3119
2879	66.3119	66.3271
2880	66.3119	66.451
2881	66.3119	66.5596
2882	66.3119	66.3119
2883	66.3119	66.4472
2884	66.3119	66.3119
2885	66.3119	66.3621
2886	66.3119	67.5416
2887	66.3119	68.0967
2888	66.3119	68.9236
2889	66.3119	69.0345
2890	66.3119	67.9591
2891	66.3119	68.9877
2892	66.3119	69.7151
2893	66.3119	68.2842
2894	66.3119	67.1251
2895	66.3119	67.669
2896	66.3119	68.3282
2897	66.3119	67.525
2898	66.3119	69.2146
2899	66.3119	67.5183
2900	66.3119	67.2526
2901	66.3119	66.3559
2902	66.3119	66.6724
2903	66.3119	66.485
2904	66.3119	66.3402
2905	66.3119	66.3859
2906	66.3119	66.3119
2907	66.3119	66.4216
2908	66.3119	66.7723
2909	66.3119	66.3119
2910	66.3119	66.3119
2911	66.3119	66.3305
2912	66.3119	66.327
2913	66.3119	66.8303
2914	66.3119	66.3119
2915	66.3119	66.3119
2916	66.3119	66.3119
2917	66.3119	66.3293
2918	66.3119	66.9703
2919	66.3119	66.6231
2920	66.3119	66.3725
2921	66.3119	66.4637
2922	66.3119	66.4786
2923	66.3119	67.4191
2924	66.3119	66.5752
2925	66.3119	67.0751
2926	66.3119	69.1082
2927	66.3119	67.9933
2928	66.3119	67.1048
2929	66.3119	66.9858
2930	66.3119	67.2971
2931	66.3119	67.1035
2932	66.3119	66.672
2933	66.3119	66.3119
2934	66.3119	66.4662
2935	66.3119	66.3119
2936	66.3119	66.3451
2937	66.3119	66.3119
2938	66.3119	66.3119
2939	66.3119	66.3119
2940	66.3119	67.1642
2941	66.3119	67.518
2942	66.3119	68.6762
2943	66.3119	67.1765
2944	66.3119	67.3314
2945	66.3119	67.5732
2946	66.3119	66.4301
2947	66.3119	66.3119
2948	66.3119	66.3458
2949	66.3119	66.3597
2950	66.3119	66.5274
2951	66.3119	66.3257
2952	66.3119	67.7802
2953	66.3119	68.5871
2954	66.3119	67.9902
2955	66.3119	66.8809
2956	66.3119	66.3119
2957	66.3119	66.327
2958	66.3119	67.407
2959	66.3119	66.9963
2960	66.3119	66.6764
2961	66.3119	66.9593
2962	66.3119	66.872
2963	66.3119	66.5534
2964	66.3119	66.3309
2965	66.3119	66.3857
2966	66.3119	66.7566
2967	66.3119	66.3119
2968	66.3119	66.432
2969	66.3119	67.5674
2970	66.3119	66.8458
2971	66.3119	68.3398
2972	66.3119	66.4814
2973	66.3119	66.3119
2974	66.3119	66.3119
2975	66.3119	66.5094
2976	66.3119	66.9949
2977	66.3119	66.7184
2978	66.3119	67.665
2979	66.3119	67.0625
2980	66.3119	66.5519
2981	66.3119	66.3688
2982	66.3119	67.0081
2983	66.3119	68.2269
2984	66.3119	66.6491
2985	66.3119	66.7042
2986	66.3119	66.3868
2987	66.3119	66.3119
2988	66.3119	67.3209
2989	66.3119	66.6201
2990	66.3119	67.1459
2991	66.3119	68.1401
2992	66.3119	68.3846
2993	66.3119	67.8399
2994	66.3119	67.7176
2995	66.3119	68.4388
2996	66.3119	69.1344
2997	66.3119	66.9814
2998	66.3119	68.1213
2999	66.3119	67.8846
3000	66.3119	68.9992
3001	66.3014	68.4194
3002	66.3014	69.0593
3003	66.3014	69.3827
3004	66.3014	68.21
3005	66.3014	67.7382
3006	66.3014	67.5339
3007	66.3014	68.2087
3008	66.3014	68.0671
3009	66.3014	69.2046
3010	66.3014	67.7966
3011	66.3014	68.5684
3012	66.3014	66.7511
3013	66.3014	67.0936
3014	66.3014	66.3129
3015	66.3014	66.5029
3016	66.3014	66.5023
3017	66.3014	66.3059
3018	66.3014	66.763
3019	66.3014	66.8819
3020	66.3014	66.5832
3021	66.3014	66.6631
3022	66.3014	67.0038
3023	66.3014	66.452
3024	66.3014	67.3618
3025	66.3014	66.3387
3026	66.3014	66.3014
3027	66.3014	66.7045
3028	66.3014	66.8609
3029	66.3014	66.7214
3030	66.3014	67.0044
3031	66.3014	66.3974
3032	66.3014	66.6738
3033	66.3014	66.3014
3034	66.3014	66.6096
3035	66.3014	66.4782
3036	66.3014	66.3014
3037	66.3014	66.32
3038	66.3014	66.4047
3039	66.3014	66.5667
3040	66.3014	66.5122
3041	66.3014	66.4193
3042	66.3014	66.8543
3043	66.3014	66.8678
3044	66.3014	66.9231
3045	66.3014	66.6157
3046	66.3014	66.6124
3047	66.3014	67.1691
3048	66.3014	66.7535
3049	66.3014	67.9443
3050	66.3014	66.5876
3051	66.3014	66.3445
3052	66.3014	66.4555
3053	66.3014	66.8649
3054	66.3014	67.6969
3055	66.3014	66.3873
3056	66.3014	66.5598
3057	66.3014	67.1182
3058	66.3014	66.3242
3059	66.3014	66.3014
3060	66.3014	66.3014
3061	66.3014	66.3014
3062	66.3014	66.3014
3063	66.3014	66.3014
3064	66.3014	66.6084
3065	66.3014	66.3127
3066	66.3014	66.9343
3067	66.3014	66.3014
3068	66.3014	66.91
3069	66.3014	68.3973
3070	66.3014	68.7422
3071	66.3014	67.4841
3072	66.3014	66.4531
3073	66.3014	66.3014
3074	66.3014	66.3345
3075	66.3014	67.0881
3076	66.3014	67.5762
3077	66.3014	66.6959
3078	66.3014	66.599
3079	66.3014	66.4338
3080	66.3014	66.4544
3081	66.3014	66.3908
3082	66.3014	66.3656
3083	66.3014	66.3064
3084	66.3014	66.3064
3085	66.3014	66.3384
3086	66.3014	67.6129
3087	66.3014	67.1259
3088	66.3014	67.3025
3089	66.3014	67.8
3090	66.3014	66.4719
3091	66.3014	66.4256
3092	66.3014	66.6843
3093	66.3014	67.0589
3094	66.3014	66.3605
3095	66.3014	66.3014
3096	66.3014	66.374
3097	66.3014	66.3014
3098	66.3014	66.3279
3099	66.3014	66.4009
3100	66.3014	66.6733
3101	66.3014	66.4391
3102	66.3014	66.3014
3103	66.3014	66.5851
3104	66.3014	66.5532
3105	66.3014	66.4424
3106	66.3014	66.4031
3107	66.3014	66.3014
3108	66.3014	66.3014
3109	66.3014	66.484
3110	66.3014	66.3511
3111	66.3014	66.7525
3112	66.3014	66.3014
3113	66.3014	66.4414
3114	66.3014	66.3141
3115	66.3014	67.8149
3116	66.3014	66.6879
3117	66.3014	66.7784
3118	66.3014	66.4934
3119	66.3014	66.407
3120	66.3014	67.7306
3121	66.3014	67.7125
3122	66.3014	67.3364
3123	66.3014	66.4151
3124	66.3014	66.3014
3125	66.3014	66.4432
3126	66.3014	67.6767
3127	66.3014	67.1232
3128	66.3014	67.0087
3129	66.3014	66.3974
3130	66.3014	67.3733
3131	66.3014	67.3408
3132	66.3014	66.7582
3133	66.3014	67.4335
3134	66.3014	67.4058
3135	66.3014	66.837
3136	66.3014	66.6387
3137	66.3014	66.5888
3138	66.3014	67.7363
3139	66.3014	66.6198
3140	66.3014	66.8836
3141	66.3014	67.281
3142	66.3014	66.3617
3143	66.3014	66.3351
3144	66.3014	67.7464
3145	66.3014	66.9153
3146	66.3014	66.4349
3147	66.3014	66.7678
3148	66.3014	66.3014
3149	66.3014	66.3014
3150	66.3014	66.3014
3151	66.3014	66.6683
3152	66.3014	67.2214
3153	66.3014	66.7157
3154	66.3014	66.9384
3155	66.3014	66.3014
3156	66.3014	66.3014
3157	66.3014	66.3014
3158	66.3014	66.3404
3159	66.3014	66.4619
3160	66.3014	66.3014
3161	66.3014	66.3014
3162	66.3014	66.4146
3163	66.3014	66.4694
3164	66.3014	66.5865
3165	66.3014	66.3014
3166	66.3014	66.5175
3167	66.3014	66.3014
3168	66.3014	66.3014
3169	66.3014	66.3014
3170	66.3014	66.8145
3171	66.3014	67.0927
3172	66.3014	66.3302
3173	66.3014	66.3638
3174	66.3014	66.6256
3175	66.3014	66.9299
3176	66.3014	67.9083
3177	66.3014	67.3569
3178	66.3014	66.9255
3179	66.3014	66.5638
3180	66.3014	67.0928
3181	66.3014	66.5544
3182	66.3014	66.3679
3183	66.3014	67.3156
3184	66.3014	66.7509
3185	66.3014	67.9673
3186	66.3014	66.4745
3187	66.3014	66.823
3188	66.3014	67.5215
3189	66.3014	66.5904
3190	66.3014	67.1378
3191	66.3014	66.311
3192	66.3014	66.3014
3193	66.3014	66.3189
3194	66.3014	66.3014
3195	66.3014	66.4124
3196	66.3014	66.4201
3197	66.3014	66.4878
3198	66.3014	66.8159
3199	66.3014	66.3202
3200	66.3014	66.3014
3201	66.3014	66.875
3202	66.3014	66.3014
3203	66.3014	66.3014
3204	66.3014	66.3014
3205	66.3014	66.3665
3206	66.3014	66.8572
3207	66.3014	66.3014
3208	66.3014	66.3176
3209	66.3014	66.4593
3210	66.3014	66.7213
3211	66.3014	66.3848
3212	66.3014	66.4505
3213	66.3014	66.3014
3214	66.3014	66.3138
3215	66.3014	66.3014
3216	66.3014	66.3117
3217	66.3014	66.3014
3218	66.3014	66.3014
3219	66.3014	66.3369
3220	66.3014	66.3056
3221	66.3014	66.3348
3222	66.3014	66.3733
3223	66.3014	66.3014
3224	66.3014	66.3014
3225	66.3014	66.9297
3226	66.3014	67.492
3227	66.3014	69.1575
3228	66.3014	67.3723
3229	66.3014	67.0348
3230	66.3014	67.5707
3231	66.3014	67.4581
3232	66.3014	67.0444
3233	66.3014	66.3309
3234	66.3014	66.3014
3235	66.3014	66.3439
3236	66.3014	66.483
3237	66.3014	66.7154
3238	66.3014	66.3439
3239	66.3014	66.3014
3240	66.3014	66.3014
3241	66.3014	66.431
3242	66.3014	66.762
3243	66.3014	67.0623
3244	66.3014	66.8006
3245	66.3014	67.4916
3246	66.3014	67.4339
3247	66.3014	66.8751
3248	66.3014	66.3349
3249	66.3014	66.7114
3250	66.3014	66.3014
3251	66.3014	66.4468
3252	66.3014	66.953
3253	66.3014	69.2568
3254	66.3014	68.4577
3255	66.3014	68.0044
3256	66.3014	67.0231
3257	66.3014	66.8563
3258	66.3014	66.5141
3259	66.3014	68.5183
3260	66.3014	67.9247
3261	66.3014	66.6123
3262	66.3014	66.3248
3263	66.3014	66.3014
3264	66.3014	66.3014
3265	66.3014	66.3014
3266	66.3014	66.4772
3267	66.3014	66.668
3268	66.3014	66.3014
3269	66.3014	66.4079
3270	66.3014	66.4684
3271	66.3014	67.8691
3272	66.3014	66.9186
3273	66.3014	68.8284
3274	66.3014	68.1813
3275	66.3014	69.2976
3276	66.3014	67.5989
3277	66.3014	66.7374
3278	66.3014	66.6726
3279	66.3014	66.3014
3280	66.3014	66.3014
3281	66.3014	66.6133
3282	66.3014	66.3014
3283	66.3014	66.9795
3284	66.3014	66.5076
3285	66.3014	66.3014
3286	66.3014	66.3014
3287	66.3014	66.9992
3288	66.3014	66.6297
3289	66.3014	66.4772
3290	66.3014	66.7473
3291	66.3014	66.4526
3292	66.3014	66.3383
3293	66.3014	66.3147
3294	66.3014	66.3014
3295	66.3014	66.3211
3296	66.3014	66.7993
3297	66.3014	66.5106
3298	66.3014	68.239
3299	66.3014	67.4152
3300	66.3014	66.7157
3301	66.3014	66.3336
3302	66.3014	67.45
3303	66.3014	66.4163
3304	66.3014	66.3014
3305	66.3014	66.3014
3306	66.3014	66.3014
3307	66.3014	66.3014
3308	66.3014	66.3014
3309	66.3014	66.8388
3310	66.3014	66.4909
3311	66.3014	67.0604
3312	66.3014	67.0866
3313	66.3014	67.1891
3314	66.3014	67.5557
3315	66.3014	67.035
3316	66.3014	68.4046
3317	66.3014	67.6403
3318	66.3014	67.4173
3319	66.3014	67.9515
3320	66.3014	67.7859
3321	66.3014	67.3046
3322	66.3014	67.3873
3323	66.3014	66.9709
3324	66.3014	67.3681
3325	66.3014	67.9604
3326	66.3014	66.5464
3327	66.3014	66.7221
3328	66.3014	66.3616
3329	66.3014	66.5792
3330	66.3014	66.3169
3331	66.3014	66.5843
3332	66.3014	67.2137
3333	66.3014	67.55
3334	66.3014	66.6455
3335	66.3014	68.1144
3336	66.3014	66.7669
3337	66.3014	67.6334
3338	66.3014	67.6795
3339	66.3014	66.3014
3340	66.3014	66.3543
3341	66.3014	66.9857
3342	66.3014	66.5318
3343	66.3014	67.6099
3344	66.3014	67.7389
3345	66.3014	68.1056
3346	66.3014	67.2675
3347	66.3014	66.4775
3348	66.3014	67.1027
3349	66.3014	66.525
3350	66.3014	66.7746
3351	66.3014	66.5568
3352	66.3014	67.0574
3353	66.3014	66.3014
3354	66.3014	67.0262
3355	66.3014	67.0177
3356	66.3014	67.8766
3357	66.3014	68.1712
3358	66.3014	67.8967
3359	66.3014	67.4302
3360	66.3014	67.1343
3361	66.3014	67.5365
3362	66.3014	67.8536
3363	66.3014	66.3014
3364	66.3014	66.3014
3365	66.3014	66.4285
3366	66.3014	66.3014
3367	66.3014	66.3014
3368	66.3014	66.3184
3369	66.3014	66.3014
3370	66.3014	66.3014
3371	66.3014	66.3014
3372	66.3014	66.326
3373	66.3014	66.3722
3374	66.3014	67.093
3375	66.3014	67.405
3376	66.3014	68.3711
3377	66.3014	67.4553
3378	66.3014	67.1094
3379	66.3014	67.2539
3380	66.3014	68.0464
3381	66.3014	67.7288
3382	66.3014	67.2843
3383	66.3014	68.0195
3384	66.3014	68.7077
3385	66.3014	69.0021
3386	66.3014	66.7123
3387	66.3014	66.8185
3388	66.3014	66.6914
3389	66.3014	66.5193
3390	66.3014	67.0315
3391	66.3014	69.527
3392	66.3014	69.5913
3393	66.3014	68.57
3394	66.3014	68.9582
3395	66.3014	69.0557
3396	66.3014	68.3699
3397	66.3014	67.887
3398	66.3014	66.8926
3399	66.3014	67.893
3400	66.3014	67.1461
3401	66.3014	67.5299
3402	66.3014	66.3208
3403	66.3014	66.4509
3404	66.3014	66.397
3405	66.3014	67.1363
3406	66.3014	66.4969
3407	66.3014	66.5426
3408	66.3014	66.7993
3409	66.3014	67.0699
3410	66.3014	67.6221
3411	66.3014	67.8195
3412	66.3014	67.0647
3413	66.3014	67.2373
3414	66.3014	67.0127
3415	66.3014	67.8646
3416	66.3014	66.4539
3417	66.3014	66.5793
3418	66.3014	66.4573
3419	66.3014	66.5009
3420	66.3014	66.9374
3421	66.3014	66.7393
3422	66.3014	67.1891
3423	66.3014	66.3014
3424	66.3014	66.7958
3425	66.3014	66.4913
3426	66.3014	66.3273
3427	66.3014	66.4177
3428	66.3014	66.6645
3429	66.3014	66.3665
3430	66.3014	67.4288
3431	66.3014	68.1438
3432	66.3014	67.5125
3433	66.3014	67.0928
3434	66.3014	66.9287
3435	66.3014	66.9603
3436	66.3014	66.5926
3437	66.3014	66.3772
3438	66.3014	66.3014
3439	66.3014	66.3014
3440	66.3014	66.4806
3441	66.3014	67.1433
3442	66.3014	67.5626
3443	66.3014	67.6019
3444	66.3014	66.6876
3445	66.3014	67.3598
3446	66.3014	66.5301
3447	66.3014	66.3014
3448	66.3014	66.3014
3449	66.3014	66.3014
3450	66.3014	66.3316
3451	66.3014	67.4181
3452	66.3014	67.6604
3453	66.3014	66.5211
3454	66.3014	66.4725
3455	66.3014	66.393
3456	66.3014	66.8523
3457	66.3014	66.3014
3458	66.3014	66.3014
3459	66.3014	66.3014
3460	66.3014	66.4666
3461	66.3014	66.5654
3462	66.3014	66.3227
3463	66.3014	66.3489
3464	66.3014	66.3014
3465	66.3014	66.3014
3466	66.3014	66.3014
3467	66.3014	66.3014
3468	66.3014	66.4213
3469	66.3014	66.3133
3470	66.3014	66.3014
3471	66.3014	66.3014
3472	66.3014	66.4878
3473	66.3014	66.3014
3474	66.3014	66.3014
3475	66.3014	66.3014
3476	66.3014	66.3014
3477	66.3014	66.3014
3478	66.3014	66.6008
3479	66.3014	66.3496
3480	66.3014	66.4226
3481	66.3014	70.5104
3482	66.3014	68.3651
3483	66.3014	69.1995
3484	66.3014	68.176
3485	66.3014	67.2598
3486	66.3014	66.7626
3487	66.3014	67.5972
3488	66.3014	67.3652
3489	66.3014	67.9953
3490	66.3014	67.6108
3491	66.3014	66.8486
3492	66.3014	66.3662
3493	66.3014	66.5396
3494	66.3014	66.3014
3495	66.3014	66.3704
3496	66.3014	66.3014
3497	66.3014	66.3014
3498	66.3014	66.4276
3499	66.3014	66.3014
3500	66.3014	66.3386
3501	66.3014	66.3014
3502	66.3014	66.3659
3503	66.3014	66.3136
3504	66.3014	66.5366
3505	66.3014	66.3014
3506	66.3014	66.3072
3507	66.3014	66.3968
3508	66.3014	66.5397
3509	66.3014	66.7096
3510	66.3014	66.8505
3511	66.3014	66.5836
3512	66.3014	66.4818
3513	66.3014	66.5943
3514	66.3014	67.0092
3515	66.3014	67.2385
3516	66.3014	67.7316
3517	66.3014	66.8678
3518	66.3014	66.5659
3519	66.3014	66.3014
3520	66.3014	67.036
3521	66.3014	66.4129
3522	66.3014	67.0133
3523	66.3014	66.7495
3524	66.3014	67.0728
3525	66.3014	67.3511
3526	66.3014	67.2567
3527	66.3014	67.9819
3528	66.3014	70.1257
3529	66.3014	68.8877
3530	66.3014	69.9591
3531	66.3014	68.5989
3532	66.3014	66.9711
3533	66.3014	66.7558
3534	66.3014	66.851
3535	66.3014	66.5575
3536	66.3014	66.7246
3537	66.3014	66.5174
3538	66.3014	66.3014
3539	66.3014	66.8946
3540	66.3014	66.7115
3541	66.3014	66.7691
3542	66.3014	66.7898
3543	66.3014	66.3807
3544	66.3014	67.0953
3545	66.3014	66.4244
3546	66.3014	66.3792
3547	66.3014	67.3652
3548	66.3014	67.1192
3549	66.3014	67.3682
3550	66.3014	66.6868
3551	66.3014	66.7777
3552	66.3014	66.876
3553	66.3014	67.2326
3554	66.3014	66.5868
3555	66.3014	66.9487
3556	66.3014	67.8763
3557	66.3014	71.1024
3558	66.3014	69.0564
3559	66.3014	67.4642
3560	66.3014	67.9384
3561	66.3014	66.949
3562	66.3014	66.8281
3563	66.3014	67.0834
3564	66.3014	67.3552
3565	66.3014	67.1364
3566	66.3014	66.6866
3567	66.3014	66.6389
3568	66.3014	67.4169
3569	66.3014	67.7745
3570	66.3014	69.0824
3571	66.3014	68.2527
3572	66.3014	67.5619
3573	66.3014	67.4477
3574	66.3014	66.7952
3575	66.3014	66.3197
3576	66.3014	66.4728
3577	66.3014	66.3014
3578	66.3014	66.3014
3579	66.3014	66.3014
3580	66.3014	66.3753
3581	66.3014	66.5459
3582	66.3014	67.5945
3583	66.3014	67.1711
3584	66.3014	67.82
3585	66.3014	66.595
3586	66.3014	67.9033
3587	66.3014	67.6148
3588	66.3014	66.415
3589	66.3014	66.3658
3590	66.3014	66.4331
3591	66.3014	66.5998
3592	66.3014	66.5869
3593	66.3014	66.9047
3594	66.3014	66.7233
3595	66.3014	66.7378
3596	66.3014	66.6004
3597	66.3014	68.9488
3598	66.3014	67.5626
3599	66.3014	66.4893
3600	66.3014	66.3429
3601	66.0334	66.7535
3602	66.0334	66.2239
3603	66.0334	67.0532
3604	66.0334	66.2771
3605	66.0334	66.1936
3606	66.0334	66.3263
3607	66.0334	66.0936
3608	66.0334	66.0334
3609	66.0334	66.0357
3610	66.0334	66.2681
3611	66.0334	66.0334
3612	66.0334	66.4433
3613	66.0334	66.1247
3614	66.0334	66.5436
3615	66.0334	67.5575
3616	66.0334	68.0551
3617	66.0334	67.4893
3618	66.0334	66.8396
3619	66.0334	66.1906
3620	66.0334	66.0555
3621	66.0334	66.3507
3622	66.0334	67.794
3623	66.0334	66.8287
3624	66.0334	66.5142
3625	66.0334	66.4008
3626	66.0334	66.0334
3627	66.0334	66.3458
3628	66.0334	66.1384
3629	66.0334	67.0114
3630	66.0334	66.43
3631	66.0334	66.0522
3632	66.0334	66.077
3633	66.0334	66.0334
3634	66.0334	66.074
3635	66.0334	66.6144
3636	66.0334	66.4486
3637	66.0334	66.8889
3638	66.0334	66.436
3639	66.0334	67.2925
3640	66.0334	67.7265
3641	66.0334	67.9124
3642	66.0334	67.9274
3643	66.0334	66.4794
3644	66.0334	66.0334
3645	66.0334	66.1365
3646	66.0334	66.1625
3647	66.0334	66.1303
3648	66.0334	66.0334
3649	66.0334	66.0334
3650	66.0334	66.0334
3651	66.0334	66.0334
3652	66.0334	66.0334
3653	66.0334	66.2123
3654	66.0334	66.9976
3655	66.0334	66.4194
3656	66.0334	66.0564
3657	66.0334	66.8275
3658	66.0334	66.0334
3659	66.0334	66.1034
3660	66.0334	66.1283
3661	66.0334	66.2643
3662	66.0334	66.1427
3663	66.0334	67.9538
3664	66.0334	67.3178
3665	66.0334	66.9121
3666	66.0334	66.3366
3667	66.0334	66.4623
3668	66.0334	66.3328
3669	66.0334	66.9394
3670	66.0334	66.1341
3671	66.0334	66.0334
3672	66.0334	66.0543
3673	66.0334	66.2055
3674	66.0334	66.0334
3675	66.0334	66.7623
3676	66.0334	69.0829
3677	66.0334	67.4972
3678	66.0334	66.7073
3679	66.0334	67.028
3680	66.0334	67.2907
3681	66.0334	66.9356
3682	66.0334	66.532
3683	66.0334	67.7354
3684	66.0334	67.479
3685	66.0334	66.7989
3686	66.0334	67.4559
3687	66.0334	67.4533
3688	66.0334	66.1097
3689	66.0334	66.1491
3690	66.0334	66.0334
3691	66.0334	66.1524
3692	66.0334	66.0334
3693	66.0334	66.2646
3694	66.0334	66.0334
3695	66.0334	66.0334
3696	66.0334	66.1604
3697	66.0334	66.4458
3698	66.0334	66.8208
3699	66.0334	66.5816
3700	66.0334	66.0334
3701	66.0334	66.632
3702	66.0334	67.079
3703	66.0334	67.0717
3704	66.0334	66.8377
3705	66.0334	66.1717
3706	66.0334	66.0334
3707	66.0334	66.5622
3708	66.0334	66.399
3709	66.0334	66.4055
3710	66.0334	66.5212
3711	66.0334	67.9105
3712	66.0334	69.5703
3713	66.0334	67.5812
3714	66.0334	66.4245
3715	66.0334	69.4241
3716	66.0334	68.6246
3717	66.0334	66.7166
3718	66.0334	66.4416
3719	66.0334	66.1222
3720	66.0334	66.0982
3721	66.0334	66.0334
3722	66.0334	66.0405
3723	66.0334	66.4637
3724	66.0334	66.6147
3725	66.0334	67.7611
3726	66.0334	66.4656
3727	66.0334	66.3912
3728	66.0334	66.1089
3729	66.0334	66.4042
3730	66.0334	66.9363
3731	66.0334	66.3926
3732	66.0334	66.3478
3733	66.0334	66.3595
3734	66.0334	66.0334
3735	66.0334	66.0334
3736	66.0334	67.3988
3737	66.0334	67.3071
3738	66.0334	66.7206
3739	66.0334	66.1746
3740	66.0334	66.3221
3741	66.0334	66.4031
3742	66.0334	66.0334
3743	66.0334	66.6142
3744	66.0334	67.8965
3745	66.0334	67.6172
3746	66.0334	66.5883
3747	66.0334	66.2649
3748	66.0334	66.6173
3749	66.0334	66.7694
3750	66.0334	66.6549
3751	66.0334	66.3505
3752	66.0334	67.7401
3753	66.0334	70.4563
3754	66.0334	69.0433
3755	66.0334	69.9474
3756	66.0334	68.4131
3757	66.0334	67.0714
3758	66.0334	67.2628
3759	66.0334	66.9376
3760	66.0334	67.5504
3761	66.0334	66.9726
3762	66.0334	66.5117
3763	66.0334	66.1554
3764	66.0334	66.2262
3765	66.0334	67.1254
3766	66.0334	67.8585
3767	66.0334	67.3188
3768	66.0334	67.8767
3769	66.0334	66.8239
3770	66.0334	66.1923
3771	66.0334	66.3783
3772	66.0334	66.5138
3773	66.0334	66.2383
3774	66.0334	66.3832
3775	66.0334	66.3067
3776	66.0334	66.5911
3777	66.0334	66.0445
3778	66.0334	66.5349
3779	66.0334	66.4408
3780	66.0334	67.0776
3781	66.0334	67.7625
3782	66.0334	67.134
3783	66.0334	69.4578
3784	66.0334	70.0809
3785	66.0334	66.6215
3786	66.0334	66.6337
3787	66.0334	66.4663
3788	66.0334	66.1268
3789	66.0334	67.9367
3790	66.0334	66.3717
3791	66.0334	67.1326
3792	66.0334	66.5498
3793	66.0334	66.8045
3794	66.0334	66.102
3795	66.0334	66.0334
3796	66.0334	66.0334
3797	66.0334	66.0334
3798	66.0334	66.0471
3799	66.0334	66.0334
3800	66.0334	66.0334
3801	66.0334	66.0334
3802	66.0334	66.0334
3803	66.0334	66.0334
3804	66.0334	66.0334
3805	66.0334	66.1821
3806	66.0334	66.3764
3807	66.0334	66.0334
3808	66.0334	66.154
3809	66.0334	67.1833
3810	66.0334	67.251
3811	66.0334	66.9777
3812	66.0334	66.0334
3813	66.0334	66.0922
3814	66.0334	66.1847
3815	66.0334	67.1478
3816	66.0334	66.8893
3817	66.0334	67.404
3818	66.0334	66.3183
3819	66.0334	66.0862
3820	66.0334	66.0334
3821	66.0334	66.5167
3822	66.0334	67.1918
3823	66.0334	68.4192
3824	66.0334	66.0751
3825	66.0334	66.0334
3826	66.0334	66.6247
3827	66.0334	66.2312
3828	66.0334	66.0334
3829	66.0334	66.0334
3830	66.0334	66.1131
3831	66.0334	66.091
3832	66.0334	66.1015
3833	66.0334	66.0494
3834	66.0334	66.4344
3835	66.0334	67.0027
3836	66.0334	67.3946
3837	66.0334	67.1603
3838	66.0334	67.662
3839	66.0334	67.5082
3840	66.0334	66.7069
3841	66.0334	66.4768
3842	66.0334	66.6857
3843	66.0334	66.2466
3844	66.0334	67.2527
3845	66.0334	66.9744
3846	66.0334	67.6068
3847	66.0334	68.42
3848	66.0334	67.6651
3849	66.0334	67.2223
3850	66.0334	66.1424
3851	66.0334	66.1648
3852	66.0334	66.0552
3853	66.0334	66.1509
3854	66.0334	67.4286
3855	66.0334	68.5424
3856	66.0334	69.4649
3857	66.0334	67.7037
3858	66.0334	67.6627
3859	66.0334	66.5636
3860	66.0334	67.51
3861	66.0334	66.3295
3862	66.0334	66.7714
3863	66.0334	66.6097
3864	66.0334	66.9038
3865	66.0334	67.0523
3866	66.0334	66.6105
3867	66.0334	66.5975
3868	66.0334	66.7982
3869	66.0334	66.1787
3870	66.0334	66.6517
3871	66.0334	67.2679
3872	66.0334	66.8742
3873	66.0334	66.1513
3874	66.0334	66.6801
3875	66.0334	66.7383
3876	66.0334	66.3493
3877	66.0334	66.1135
3878	66.0334	66.9168
3879	66.0334	67.2596
3880	66.0334	66.5011
3881	66.0334	66.1589
3882	66.0334	68.3807
3883	66.0334	66.5209
3884	66.0334	66.0334
3885	66.0334	66.0334
3886	66.0334	66.0334
3887	66.0334	66.0334
3888	66.0334	66.1231
3889	66.0334	66.3989
3890	66.0334	66.3763
3891	66.0334	66.0334
3892	66.0334	66.0334
3893	66.0334	66.0334
3894	66.0334	67.0182
3895	66.0334	66.1712
3896	66.0334	66.2759
3897	66.0334	66.4565
3898	66.0334	66.9984
3899	66.0334	67.5224
3900	66.0334	68.3165
3901	66.0334	68.6227
3902	66.0334	68.5907
3903	66.0334	68.4492
3904	66.0334	69.4282
3905	66.0334	68.0459
3906	66.0334	67.5338
3907	66.0334	68.5745
3908	66.0334	68.8728
3909	66.0334	69.5903
3910	66.0334	71.1819
3911	66.0334	69.5873
3912	66.0334	69.1332
3913	66.0334	67.0295
3914	66.0334	66.6595
3915	66.0334	66.4224
3916	66.0334	66.0334
3917	66.0334	66.2474
3918	66.0334	66.2573
3919	66.0334	66.2983
3920	66.0334	67.7515
3921	66.0334	67.509
3922	66.0334	66.647
3923	66.0334	66.1085
3924	66.0334	66.5497
3925	66.0334	67.0363
3926	66.0334	66.8132
3927	66.0334	67.1191
3928	66.0334	66.342
3929	66.0334	66.0334
3930	66.0334	66.0493
3931	66.0334	66.0334
3932	66.0334	66.0334
3933	66.0334	66.1421
3934	66.0334	66.0334
3935	66.0334	66.0334
3936	66.0334	66.6571
3937	66.0334	67.3135
3938	66.0334	66.5323
3939	66.0334	67.915
3940	66.0334	69.4683
3941	66.0334	67.7313
3942	66.0334	66.8291
3943	66.0334	67.6722
3944	66.0334	66.7638
3945	66.0334	66.7909
3946	66.0334	66.2749
3947	66.0334	66.2409
3948	66.0334	66.149
3949	66.0334	66.574
3950	66.0334	66.6951
3951	66.0334	67.3816
3952	66.0334	67.5952
3953	66.0334	69.9938
3954	66.0334	68.6178
3955	66.0334	67.5852
3956	66.0334	67.8035
3957	66.0334	68.4192
3958	66.0334	69.6291
3959	66.0334	68.333
3960	66.0334	66.2119
3961	66.0334	66.297
3962	66.0334	66.0375
3963	66.0334	66.0334
3964	66.0334	66.6567
3965	66.0334	66.48
3966	66.0334	66.0334
3967	66.0334	66.0334
3968	66.0334	66.0547
3969	66.0334	66.0663
3970	66.0334	66.0592
3971	66.0334	66.2938
3972	66.0334	66.4333
3973	66.0334	66.6563
3974	66.0334	67.0319
3975	66.0334	66.9003
3976	66.0334	66.4705
3977	66.0334	66.5676
3978	66.0334	66.1978
3979	66.0334	66.2129
3980	66.0334	66.126
3981	66.0334	67.0742
3982	66.0334	66.6466
3983	66.0334	66.0334
3984	66.0334	67.0047
3985	66.0334	68.8189
3986	66.0334	70.4457
3987	66.0334	69.1167
3988	66.0334	67.4747
3989	66.0334	68.6773
3990	66.0334	68.3062
3991	66.0334	68.2244
3992	66.0334	66.2411
3993	66.0334	67.5935
3994	66.0334	66.2863
3995	66.0334	66.444
3996	66.0334	66.266
3997	66.0334	66.1764
3998	66.0334	66.3847
3999	66.0334	66.7337
4000	66.0334	66.9411
4001	65.973	67.6377
4002	65.973	67.14
4003	65.973	67.3066
4004	65.973	66.3641
4005	65.973	66.8586
4006	65.973	69.1173
4007	65.973	68.1261
4008	65.973	68.3128
4009	65.973	66.1542
4010	65.973	66.4196
4011	65.973	67.214
4012	65.973	65.9857
4013	65.973	65.994
4014	65.973	66.1929
4015	65.973	67.8407
4016	65.973	68.3027
4017	65.973	70.0065
4018	65.973	69.4139
4019	65.973	68.3907
4020	65.973	69.4675
4021	65.973	68.3811
4022	65.973	67.005
4023	65.973	66.1912
4024	65.973	66.0974
4025	65.973	66.3605
4026	65.973	68.0667
4027	65.973	68.4343
4028	65.973	67.6348
4029	65.973	67.082
4030	65.973	67.0289
4031	65.973	67.2262
4032	65.973	66.9736
4033	65.973	66.8573
4034	65.973	67.8168
4035	65.973	66.697
4036	65.973	66.3796
4037	65.973	65.9869
4038	65.973	65.9833
4039	65.973	65.9965
4040	65.973	66.8001
4041	65.973	69.3404
4042	65.973	67.9983
4043	65.973	67.2907
4044	65.973	69.3976
4045	65.973	67.7095
4046	65.973	67.22
4047	65.973	68.1598
4048	65.973	67.3644
4049	65.973	67.2229
4050	65.973	65.9952
4051	65.973	66.5437
4052	65.973	67.0462
4053	65.973	66.2105
4054	65.973	67.0609
4055	65.973	66.7823
4056	65.973	67.2071
4057	65.973	66.2055
4058	65.973	66.8862
4059	65.973	66.3854
4060	65.973	66.4928
4061	65.973	66.9988
4062	65.973	66.2986
4063	65.973	66.7611
4064	65.973	67.3438
4065	65.973	66.5177
4066	65.973	66.3996
4067	65.973	66.6408
4068	65.973	66.0919
4069	65.973	66.3968
4070	65.973	66.1035
4071	65.973	66.1317
4072	65.973	67.2723
4073	65.973	68.1865
4074	65.973	67.5217
4075	65.973	67.1063
4076	65.973	66.9043
4077	65.973	66.7917
4078	65.973	66.7926
4079	65.973	67.176
4080	65.973	66.3507
4081	65.973	66.1617
4082	65.973	66.2297
4083	65.973	66.4373
4084	65.973	66.5531
4085	65.973	67.9069
4086	65.973	67.0623
4087	65.973	66.6891
4088	65.973	67.5711
4089	65.973	67.5796
4090	65.973	67.5458
4091	65.973	66.3345
4092	65.973	66.3429
4093	65.973	66.1095
4094	65.973	66.0505
4095	65.973	65.973
4096	65.973	66.0271
4097	65.973	66.3999
4098	65.973	66.2155
4099	65.973	67.4998
4100	65.973	69.6468
4101	65.973	69.7303
4102	65.973	68.0591
4103	65.973	68.9606
4104	65.973	69.1766
4105	65.973	68.5273
4106	65.973	68.7239
4107	65.973	69.7839
4108	65.973	67.7742
4109	65.973	68.3165
4110	65.973	68.6535
4111	65.973	67.4064
4112	65.973	68.0776
4113	65.973	69.3212
4114	65.973	67.929
4115	65.973	67.2238
4116	65.973	67.5155
4117	65.973	66.3313
4118	65.973	66.1712
4119	65.973	66.3722
4120	65.973	66.1898
4121	65.973	66.3659
4122	65.973	66.0321
4123	65.973	65.973
4124	65.973	65.973
4125	65.973	66.0138
4126	65.973	66.1238
4127	65.973	66.6145
4128	65.973	66.7208
4129	65.973	66.1831
4130	65.973	66.5754
4131	65.973	66.9286
4132	65.973	66.3083
4133	65.973	66.4724
4134	65.973	65.973
4135	65.973	65.973
4136	65.973	65.973
4137	65.973	66.1353
4138	65.973	66.1551
4139	65.973	65.9952
4140	65.973	66.664
4141	65.973	66.5846
4142	65.973	67.2367
4143	65.973	68.2095
4144	65.973	66.5408
4145	65.973	65.9913
4146	65.973	66.0961
4147	65.973	65.9884
4148	65.973	66.6443
4149	65.973	66.0299
4150	65.973	65.973
4151	65.973	66.0174
4152	65.973	66.5826
4153	65.973	68.2753
4154	65.973	66.4719
4155	65.973	65.9857
4156	65.973	65.973
4157	65.973	65.973
4158	65.973	65.973
4159	65.973	65.973
4160	65.973	65.973
4161	65.973	65.973
4162	65.973	66.0113
4163	65.973	66.7991
4164	65.973	66.3771
4165	65.973	66.2817
4166	65.973	66.6281
4167	65.973	66.4091
4168	65.973	68.5003
4169	65.973	67.0622
4170	65.973	66.031
4171	65.973	66.051
4172	65.973	67.3888
4173	65.973	66.5108
4174	65.973	65.973
4175	65.973	65.973
4176	65.973	65.973
4177	65.973	65.973
4178	65.973	65.9766
4179	65.973	66.6166
4180	65.973	66.4567
4181	65.973	66.0702
4182	65.973	66.2505
4183	65.973	66.097
4184	65.973	66.4261
4185	65.973	66.0293
4186	65.973	66.7378
4187	65.973	65.973
4188	65.973	65.973
4189	65.973	66.151
4190	65.973	66.7837
4191	65.973	66.3993
4192	65.973	66.1462
4193	65.973	65.973
4194	65.973	66.1157
4195	65.973	66.17
4196	65.973	66.4881
4197	65.973	66.2414
4198	65.973	66.2578
4199	65.973	66.7703
4200	65.973	66.2028
4201	65.973	66.472
4202	65.973	66.4496
4203	65.973	66.8565
4204	65.973	68.7074
4205	65.973	69.5289
4206	65.973	68.4541
4207	65.973	67.2725
4208	65.973	67.8388
4209	65.973	66.3443
4210	65.973	66.2004
4211	65.973	66.0928
4212	65.973	65.973
4213	65.973	66.0289
4214	65.973	66.9064
4215	65.973	66.0463
4216	65.973	65.973
4217	65.973	66.3985
4218	65.973	65.973
4219	65.973	65.973
4220	65.973	65.973
4221	65.973	66.2029
4222	65.973	65.973
4223	65.973	65.973
4224	65.973	65.973
4225	65.973	65.973
4226	65.973	65.973
4227	65.973	66.8004
4228	65.973	66.2918
4229	65.973	66.5545
4230	65.973	67.1472
4231	65.973	66.8578
4232	65.973	66.5649
4233	65.973	66.0303
4234	65.973	67.109
4235	65.973	66.8263
4236	65.973	66.9965
4237	65.973	66.4712
4238	65.973	66.3457
4239	65.973	66.438
4240	65.973	66.9849
4241	65.973	66.4493
4242	65.973	67.3557
4243	65.973	67.7564
4244	65.973	69.2088
4245	65.973	67.8016
4246	65.973	66.7613
4247	65.973	67.6907
4248	65.973	67.4977
4249	65.973	66.5766
4250	65.973	66.7313
4251	65.973	67.023
4252	65.973	66.0294
4253	65.973	67.3355
4254	65.973	66.5544
4255	65.973	66.2431
4256	65.973	68.0315
4257	65.973	67.029
4258	65.973	66.561
4259	65.973	66.0093
4260	65.973	66.7389
4261	65.973	66.1785
4262	65.973	66.3948
4263	65.973	67.0085
4264	65.973	66.8316
4265	65.973	66.8897
4266	65.973	67.7007
4267	65.973	66.828
4268	65.973	66.3165
4269	65.973	65.973
4270	65.973	66.1758
4271	65.973	66.945
4272	65.973	66.4405
4273	65.973	65.973
4274	65.973	66.2193
4275	65.973	65.973
4276	65.973	66.0875
4277	65.973	65.973
4278	65.973	65.973
4279	65.973	66.1048
4280	65.973	67.1412
4281	65.973	66.7418
4282	65.973	66.5428
4283	65.973	65.973
4284	65.973	65.973
4285	65.973	66.072
4286	65.973	65.9798
4287	65.973	65.973
4288	65.973	66.0556
4289	65.973	65.973
4290	65.973	65.973
4291	65.973	65.9792
4292	65.973	66.1542
4293	65.973	66.111
4294	65.973	66.2409
4295	65.973	65.973
4296	65.973	66.1592
4297	65.973	66.0034
4298	65.973	65.973
4299	65.973	65.973
4300	65.973	66.7068
4301	65.973	66.8592
4302	65.973	66.2021
4303	65.973	66.6567
4304	65.973	66.3283
4305	65.973	66.9217
4306	65.973	66.8361
4307	65.973	66.7366
4308	65.973	67.5512
4309	65.973	66.6306
4310	65.973	66.1792
4311	65.973	66.0466
4312	65.973	66.113
4313	65.973	66.5544
4314	65.973	67.1068
4315	65.973	66.5805
4316	65.973	67.6667
4317	65.973	67.2386
4318	65.973	69.5841
4319	65.973	69.3073
4320	65.973	67.3381
4321	65.973	66.3406
4322	65.973	66.2569
4323	65.973	66.3681
4324	65.973	67.3648
4325	65.973	67.0876
4326	65.973	67.2253
4327	65.973	67.9118
4328	65.973	68.6682
4329	65.973	67.9158
4330	65.973	66.6841
4331	65.973	65.9823
4332	65.973	66.4949
4333	65.973	65.9917
4334	65.973	66.1753
4335	65.973	66.5094
4336	65.973	66.0304
4337	65.973	66.3078
4338	65.973	66.0651
4339	65.973	66.2159
4340	65.973	65.973
4341	65.973	66.1107
4342	65.973	66.0501
4343	65.973	66.2793
4344	65.973	67.5863
4345	65.973	66.4239
4346	65.973	66.2755
4347	65.973	67.3415
4348	65.973	66.8492
4349	65.973	66.5844
4350	65.973	66.6116
4351	65.973	65.973
4352	65.973	67.1292
4353	65.973	67.109
4354	65.973	66.7619
4355	65.973	66.761
4356	65.973	66.7754
4357	65.973	66.4428
4358	65.973	65.973
4359	65.973	65.973
4360	65.973	65.973
4361	65.973	65.973
4362	65.973	66.1871
4363	65.973	65.973
4364	65.973	65.973
4365	65.973	65.973
4366	65.973	65.973
4367	65.973	66.3475
4368	65.973	65.9857
4369	65.973	65.973
4370	65.973	66.1259
4371	65.973	66.6984
4372	65.973	66.0553
4373	65.973	66.6253
4374	65.973	66.834
4375	65.973	65.973
4376	65.973	66.7119
4377	65.973	65.9975
4378	65.973	67.4052
4379	65.973	65.9814
4380	65.973	67.3645
4381	65.973	68.1623
4382	65.973	66.7414
4383	65.973	66.2985
4384	65.973	66.2963
4385	65.973	66.1832
4386	65.973	66.5717
4387	65.973	68.649
4388	65.973	68.6376
4389	65.973	67.8711
4390	65.973	68.2864
4391	65.973	67.2379
4392	65.973	67.5044
4393	65.973	67.4369
4394	65.973	66.9124
4395	65.973	68.3185
4396	65.973	66.5737
4397	65.973	66.7067
4398	65.973	66.9997
4399	65.973	66.2183
4400	65.973	66.9418
4401	65.973	67.066
4402	65.973	66.7874
4403	65.973	67.532
4404	65.973	66.2388
4405	65.973	67.2677
4406	65.973	66.1338
4407	65.973	65.9803
4408	65.973	66.4828
4409	65.973	67.2055
4410	65.973	66.8158
4411	65.973	67.4986
4412	65.973	66.693
4413	65.973	66.8587
4414	65.973	66.0895
4415	65.973	66.0905
4416	65.973	66.1131
4417	65.973	65.9936
4418	65.973	65.973
4419	65.973	65.973
4420	65.973	65.973
4421	65.973	65.973
4422	65.973	66.1213
4423	65.973	66.2162
4424	65.973	65.973
4425	65.973	66.0691
4426	65.973	65.973
4427	65.973	65.973
4428	65.973	65.973
4429	65.973	66.0394
4430	65.973	66.275
4431	65.973	66.091
4432	65.973	66.8551
4433	65.973	66.8943
4434	65.973	66.2338
4435	65.973	65.973
4436	65.973	65.973
4437	65.973	66.0044
4438	65.973	66.0806
4439	65.973	66.9917
4440	65.973	66.0297
4441	65.973	66.0118
4442	65.973	66.8162
4443	65.973	66.6748
4444	65.973	66.4604
4445	65.973	66.3771
4446	65.973	65.973
4447	65.973	66.0341
4448	65.973	66.3992
4449	65.973	65.973
4450	65.973	65.973
4451	65.973	65.973
4452	65.973	66.1041
4453	65.973	66.9576
4454	65.973	66.2334
4455	65.973	66.8143
4456	65.973	67.5347
4457	65.973	66.4854
4458	65.973	66.3499
4459	65.973	66.7545
4460	65.973	67.1178
4461	65.973	66.7512
4462	65.973	67.2584
4463	65.973	68.1812
4464	65.973	67.7422
4465	65.973	66.9986
4466	65.973	67.3467
4467	65.973	66.3674
4468	65.973	65.973
4469	65.973	66.1708
4470	65.973	66.1954
4471	65.973	66.0866
4472	65.973	67.3165
4473	65.973	68.2848
4474	65.973	66.0001
4475	65.973	66.1505
4476	65.973	66.3148
4477	65.973	66.6475
4478	65.973	67.3574
4479	65.973	68.4491
4480	65.973	66.703
4481	65.973	66.2037
4482	65.973	66.125
4483	65.973	66.0123
4484	65.973	66.8308
4485	65.973	67.4981
4486	65.973	68.1847
4487	65.973	68.2619
4488	65.973	66.3135
4489	65.973	66.4864
4490	65.973	66.3412
4491	65.973	65.973
4492	65.973	66.2644
4493	65.973	65.973
4494	65.973	65.973
4495	65.973	66.2484
4496	65.973	66.1832
4497	65.973	65.9925
4498	65.973	66.4234
4499	65.973	65.973
4500	65.973	66.0699
4501	65.973	67.1071
4502	65.973	67.06
4503	65.973	66.8873
4504	65.973	66.5892
4505	65.973	65.9834
4506	65.973	66.093
4507	65.973	66.5015
4508	65.973	66.4447
4509	65.973	65.973
4510	65.973	65.973
4511	65.973	65.973
4512	65.973	66.4888
4513	65.973	67.923
4514	65.973	67.3831
4515	65.973	67.1057
4516	65.973	68.3343
4517	65.973	66.6256
4518	65.973	66.939
4519	65.973	66.2791
4520	65.973	66.1754
4521	65.973	65.973
4522	65.973	66.4213
4523	65.973	67.0143
4524	65.973	66.5957
4525	65.973	67.6278
4526	65.973	66.3614
4527	65.973	66.2371
4528	65.973	66.4117
4529	65.973	66.9021
4530	65.973	67.0802
4531	65.973	66.6345
4532	65.973	66.2187
4533	65.973	65.973
4534	65.973	66.136
4535	65.973	65.9902
4536	65.973	66.3335
4537	65.973	66.2523
4538	65.973	66.2469
4539	65.973	66.6704
4540	65.973	66.4577
4541	65.973	67.7351
4542	65.973	66.3641
4543	65.973	66.1177
4544	65.973	66.9044
4545	65.973	67.45
4546	65.973	67.0058
4547	65.973	66.2496
4548	65.973	66.2906
4549	65.973	65.973
4550	65.973	66.0055
4551	65.973	65.973
4552	65.973	65.973
4553	65.973	66.1091
4554	65.973	66.3456
4555	65.973	66.2945
4556	65.973	66.3091
4557	65.973	66.2424
4558	65.973	66.0409
4559	65.973	65.992
4560	65.973	66.767
4561	65.973	65.973
4562	65.973	66.0198
4563	65.973	66.3354
4564	65.973	66.5296
4565	65.973	67.4768
4566	65.973	67.4596
4567	65.973	67.8284
4568	65.973	66.6171
4569	65.973	66.5553
4570	65.973	66.529
4571	65.973	67.2219
4572	65.973	66.8996
4573	65.973	67.2162
4574	65.973	66.2856
4575	65.973	66.6012
4576	65.973	66.9294
4577	65.973	67.7724
4578	65.973	67.2161
4579	65.973	66.6848
4580	65.973	67.5921
4581	65.973	67.0642
4582	65.973	67.2223
4583	65.973	66.4332
4584	65.973	66.9717
4585	65.973	66.6023
4586	65.973	66.881
4587	65.973	67.0468
4588	65.973	66.9742
4589	65.973	67.3007
4590	65.973	66.2682
4591	65.973	65.973
4592	65.973	66.4845
4593	65.973	66.3866
4594	65.973	68.5466
4595	65.973	68.9826
4596	65.973	67.0706
4597	65.973	67.5795
4598	65.973	67.793
4599	65.973	66.1634
4600	65.973	66.3524
4601	65.973	66.2389
4602	65.973	65.973
4603	65.973	66.0779
4604	65.973	66.9491
4605	65.973	66.0182
4606	65.973	66.3938
4607	65.973	65.973
4608	65.973	65.9938
4609	65.973	65.973
4610	65.973	66.5135
4611	65.973	65.973
4612	65.973	68.1153
4613	65.973	68.5438
4614	65.973	68.0717
4615	65.973	68.2676
4616	65.973	67.7118
4617	65.973	66.4945
4618	65.973	66.7718
4619	65.973	66.5562
4620	65.973	66.1833
4621	65.973	66.7074
4622	65.973	66.5495
4623	65.973	67.1052
4624	65.973	66.2969
4625	65.973	66.0949
4626	65.973	66.1039
4627	65.973	65.973
4628	65.973	66.4895
4629	65.973	65.973
4630	65.973	66.0064
4631	65.973	66.0275
4632	65.973	65.973
4633	65.973	65.981
4634	65.973	66.0947
4635	65.973	66.1486
4636	65.973	67.2276
4637	65.973	66.9697
4638	65.973	66.0633
4639	65.973	66.2619
4640	65.973	67.473
4641	65.973	66.5259
4642	65.973	66.657
4643	65.973	67.8071
4644	65.973	66.6109
4645	65.973	67.0093
4646	65.973	66.7804
4647	65.973	66.322
4648	65.973	66.2215
4649	65.973	66.1164
4650	65.973	66.05
4651	65.973	66.6253
4652	65.973	66.4542
4653	65.973	66.2002
4654	65.973	67.1776
4655	65.973	67.0188
4656	65.973	66.2911
4657	65.973	66.1912
4658	65.973	67.0704
4659	65.973	66.1856
4660	65.973	66.481
4661	65.973	66.7059
4662	65.973	66.4733
4663	65.973	66.0007
4664	65.973	65.973
4665	65.973	65.973
4666	65.973	65.973
4667	65.973	66.6926
4668	65.973	66.7649
4669	65.973	66.3993
4670	65.973	66.0528
4671	65.973	65.9746
4672	65.973	65.9901
4673	65.973	66.0304
4674	65.973	66.1895
4675	65.973	66.0445
4676	65.973	65.9917
4677	65.973	65.973
4678	65.973	66.2539
4679	65.973	66.0557
4680	65.973	66.0318
4681	65.973	65.973
4682	65.973	65.973
4683	65.973	65.973
4684	65.973	65.973
4685	65.973	65.973
4686	65.973	66.1593
4687	65.973	66.632
4688	65.973	67.8235
4689	65.973	68.0722
4690	65.973	67.1877
4691	65.973	67.8479
4692	65.973	68.5742
4693	65.973	69.1233
4694	65.973	67.5356
4695	65.973	66.8229
4696	65.973	69.9718
4697	65.973	67.7909
4698	65.973	66.6137
4699	65.973	65.973
4700	65.973	65.973
4701	65.973	65.973
4702	65.973	65.973
4703	65.973	66.0945
4704	65.973	66.037
4705	65.973	66.0811
4706	65.973	67.1706
4707	65.973	66.2009
4708	65.973	65.9999
4709	65.973	66.2144
4710	65.973	66.8372
4711	65.973	66.3964
4712	65.973	66.3634
4713	65.973	66.3624
4714	65.973	66.3814
4715	65.973	66.6084
4716	65.973	66.7124
4717	65.973	66.8707
4718	65.973	66.5959
4719	65.973	66.3037
4720	65.973	66.8544
4721	65.973	66.0137
4722	65.973	65.973
4723	65.973	66.1111
4724	65.973	66.6672
4725	65.973	66.1871
4726	65.973	65.973
4727	65.973	66.0167
4728	65.973	66.0978
4729	65.973	66.5619
4730	65.973	65.973
4731	65.973	66.0769
4732	65.973	65.973
4733	65.973	66.0377
4734	65.973	66.4357
4735	65.973	67.0388
4736	65.973	66.0602
4737	65.973	66.2909
4738	65.973	66.8259
4739	65.973	67.4838
4740	65.973	67.05
4741	65.973	66.6332
4742	65.973	66.0182
4743	65.973	65.973
4744	65.973	65.973
4745	65.973	65.973
4746	65.973	65.973
4747	65.973	66.0653
4748	65.973	65.973
4749	65.973	66.0966
4750	65.973	66.0425
4751	65.973	66.0321
4752	65.973	66.4047
4753	65.973	66.1527
4754	65.973	65.973
4755	65.973	66.3073
4756	65.973	67.0246
4757	65.973	68.0833
4758	65.973	66.034
4759	65.973	66.3391
4760	65.973	66.8758
4761	65.973	67.5808
4762	65.973	67.2809
4763	65.973	66.8938
4764	65.973	66.7901
4765	65.973	66.2053
4766	65.973	66.6926
4767	65.973	66.1823
4768	65.973	65.973
4769	65.973	65.973
4770	65.973	65.973
4771	65.973	66.4031
4772	65.973	66.1054
4773	65.973	65.973
4774	65.973	65.9986
4775	65.973	65.9986
4776	65.973	66.3581
4777	65.973	66.8389
4778	65.973	67.574
4779	65.973	67.885
4780	65.973	66.6445
4781	65.973	66.677
4782	65.973	66.9082
4783	65.973	66.2964
4784	65.973	66.6761
4785	65.973	68.9744
4786	65.973	68.0005
4787	65.973	68.4475
4788	65.973	67.777
4789	65.973	68.0051
4790	65.973	68.3941
4791	65.973	67.3215
4792	65.973	66.7279
4793	65.973	66.4982
4794	65.973	66.2746
4795	65.973	67.7234
4796	65.973	68.9564
4797	65.973	66.6043
4798	65.973	66.2305
4799	65.973	66.4539
4800	65.973	68.35
4801	65.973	67.8142
4802	65.973	68.2506
4803	65.973	66.3619
4804	65.973	66.449
4805	65.973	66.6356
4806	65.973	67.2571
4807	65.973	68.0418
4808	65.973	66.0045
4809	65.973	66.0196
4810	65.973	66.2704
4811	65.973	66.4235
4812	65.973	66.8595
4813	65.973	66.3098
4814	65.973	67.1926
4815	65.973	67.8015
4816	65.973	66.4594
4817	65.973	66.3438
4818	65.973	66.557
4819	65.973	67.376
4820	65.973	67.5879
4821	65.973	68.6459
4822	65.973	66.8512
4823	65.973	67.2838
4824	65.973	66.8576
4825	65.973	66.1811
4826	65.973	66.5495
4827	65.973	66.2649
4828	65.973	65.9967
4829	65.973	65.9851
4830	65.973	66.6277
4831	65.973	66.0087
4832	65.973	65.976
4833	65.973	65.9915
4834	65.973	65.973
4835	65.973	66.2267
4836	65.973	67.3041
4837	65.973	67.0685
4838	65.973	67.8634
4839	65.973	66.7096
4840	65.973	67.0546
4841	65.973	67.5313
4842	65.973	67.3227
4843	65.973	66.2254
4844	65.973	65.9993
4845	65.973	66.3178
4846	65.973	66.0648
4847	65.973	67.0233
4848	65.973	66.9345
4849	65.973	68.8676
4850	65.973	66.9776
4851	65.973	67.4256
4852	65.973	66.2112
4853	65.973	66.2156
4854	65.973	66.1591
4855	65.973	65.973
4856	65.973	66.2163
4857	65.973	66.3349
4858	65.973	66.333
4859	65.973	66.2353
4860	65.973	66.3716
4861	65.973	66.9438
4862	65.973	66.4615
4863	65.973	66.2346
4864	65.973	66.2238
4865	65.973	66.0811
4866	65.973	66.5984
4867	65.973	66.4769
4868	65.973	66.2881
4869	65.973	65.9869
4870	65.973	66.0418
4871	65.973	66.2372
4872	65.973	66.8144
4873	65.973	66.3276
4874	65.973	66.5588
4875	65.973	66.2613
4876	65.973	65.973
4877	65.973	65.973
4878	65.973	66.1849
4879	65.973	66.4224
4880	65.973	66.212
4881	65.973	66.5387
4882	65.973	65.9822
4883	65.973	66.0985
4884	65.973	65.973
4885	65.973	66.6342
4886	65.973	65.9931
4887	65.973	65.973
4888	65.973	65.973
4889	65.973	65.973
4890	65.973	65.973
4891	65.973	66.0772
4892	65.973	66.4644
4893	65.973	65.973
4894	65.973	66.3613
4895	65.973	66.7766
4896	65.973	66.1372
4897	65.973	67.0069
4898	65.973	69.2031
4899	65.973	68.622
4900	65.973	67.2671
4901	65.973	67.3822
4902	65.973	67.4569
4903	65.973	66.6297
4904	65.973	66.3597
4905	65.973	66.4529
4906	65.973	65.973
4907	65.973	67.3394
4908	65.973	66.9002
4909	65.973	67.6061
4910	65.973	67.9002
4911	65.973	66.955
4912	65.973	66.1582
4913	65.973	65.973
4914	65.973	65.973
4915	65.973	65.973
4916	65.973	66.0875
4917	65.973	66.612
4918	65.973	66.1441
4919	65.973	65.973
4920	65.973	66.3593
4921	65.973	66.4929
4922	65.973	68.2977
4923	65.973	66.2077
4924	65.973	66.1886
4925	65.973	66.5038
4926	65.973	66.266
4927	65.973	66.1299
4928	65.973	65.973
4929	65.973	66.0148
4930	65.973	65.9892
4931	65.973	66.174
4932	65.973	68.2547
4933	65.973	67.8075
4934	65.973	66.7118
4935	65.973	66.4808
4936	65.973	66.0128
4937	65.973	66.3531
4938	65.973	65.973
4939	65.973	66.7231
4940	65.973	66.2345
4941	65.973	65.9902
4942	65.973	66.4037
4943	65.973	66.0288
4944	65.973	66.0288
4945	65.973	66.4611
4946	65.973	66.105
4947	65.973	66.2721
4948	65.973	66.4183
4949	65.973	67.2341
4950	65.973	66.1495
4951	65.973	66.7128
4952	65.973	67.014
4953	65.973	66.3396
4954	65.973	66.5008
4955	65.973	66.5833
4956	65.973	66.4771
4957	65.973	67.8427
4958	65.973	67.3764
4959	65.973	66.1949
4960	65.973	66.196
4961	65.973	66.0825
4962	65.973	65.9845
4963	65.973	66.548
4964	65.973	66.2326
4965	65.973	65.9845
4966	65.973	66.0777
4967	65.973	65.973
4968	65.973	66.1626
4969	65.973	66.4651
4970	65.973	66.6986
4971	65.973	67.224
4972	65.973	66.712
4973	65.973	66.1368
4974	65.973	66.1234
4975	65.973	67.209
4976	65.973	66.0694
4977	65.973	66.2774
4978	65.973	66.6006
4979	65.973	66.1546
4980	65.973	66.6715
4981	65.973	66.1278
4982	65.973	66.5321
4983	65.973	66.1826
4984	65.973	66.0987
4985	65.973	66.2555
4986	65.973	66.0919
4987	65.973	66.0074
4988	65.973	67.2684
4989	65.973	67.5117
4990	65.973	68.0362
4991	65.973	66.6992
4992	65.973	66.4308
4993	65.973	66.5329
4994	65.973	67.3104
4995	65.973	67.1095
4996	65.973	67.4306
4997	65.973	66.33
4998	65.973	66.6344
4999	65.973	65.973
5000	65.973	65.973
5001	65.973	65.973
5002	65.973	65.9746
5003	65.973	65.973
5004	65.973	66.0907
5005	65.973	66.4371
5006	65.973	67.0731
5007	65.973	66.7151
5008	65.973	66.2415
5009	65.973	66.176
5010	65.973	66.2843
5011	65.973	66.1376
5012	65.973	66.1199
5013	65.973	65.973
5014	65.973	65.9907
5015	65.973	65.9863
5016	65.973	66.627
5017	65.973	66.4625
5018	65.973	65.973
5019	65.973	66.0324
5020	65.973	66.9747
5021	65.973	66.4497
5022	65.973	67.6945
5023	65.973	67.4147
5024	65.973	66.4712
5025	65.973	66.4855
5026	65.973	66.3637
5027	65.973	65.9923
5028	65.973	66.3511
5029	65.973	66.0875
5030	65.973	65.9943
5031	65.973	66.1479
5032	65.973	65.9772
5033	65.973	65.973
5034	65.973	65.973
5035	65.973	66.2704
5036	65.973	66.2451
5037	65.973	66.22
5038	65.973	66.7779
5039	65.973	67.059
5040	65.973	66.6297
5041	65.973	66.0583
5042	65.973	66.2924
5043	65.973	67.6782
5044	65.973	67.1638
5045	65.973	65.973
5046	65.973	65.973
5047	65.973	66.0019
5048	65.973	65.973
5049	65.973	66.0114
5050	65.973	66.1024
5051	65.973	66.8102
5052	65.973	66.7026
5053	65.973	66.6201
5054	65.973	66.0796
5055	65.973	65.973
5056	65.973	66.3217
5057	65.973	66.2782
5058	65.973	66.1184
5059	65.973	66.5009
5060	65.973	66.0082
5061	65.973	65.973
5062	65.973	66.036
5063	65.973	66.9404
5064	65.973	65.973
5065	65.973	66.1046
5066	65.973	65.973
5067	65.973	65.9817
5068	65.973	65.9903
5069	65.973	66.3444
5070	65.973	65.973
5071	65.973	65.973
5072	65.973	66.0204
5073	65.973	66.4107
5074	65.973	66.3426
5075	65.973	67.0002
5076	65.973	67.7579
5077	65.973	67.3135
5078	65.973	65.973
5079	65.973	65.973
5080	65.973	66.0334
5081	65.973	66.3149
5082	65.973	66.4491
5083	65.973	67.2924
5084	65.973	65.973
5085	65.973	66.6721
5086	65.973	66.5625
5087	65.973	66.5424
5088	65.973	66.6306
5089	65.973	66.483
5090	65.973	66.6421
5091	65.973	67.3155
5092	65.973	66.8077
5093	65.973	66.3997
5094	65.973	66.4114
5095	65.973	66.7793
5096	65.973	65.9792
5097	65.973	65.9947
5098	65.973	67.1231
5099	65.973	66.601
5100	65.973	67.6498
5101	65.973	66.5638
5102	65.973	67.3943
5103	65.973	67.1804
5104	65.973	66.8996
5105	65.973	66.3655
5106	65.973	66.2282
5107	65.973	66.9132
5108	65.973	66.5528
5109	65.973	66.5377
5110	65.973	67.242
5111	65.973	66.0636
5112	65.973	66.0746
5113	65.973	65.973
5114	65.973	65.973
5115	65.973	66.4905
5116	65.973	66.5272
5117	65.973	66.1464
5118	65.973	66.725
5119	65.973	65.9742
5120	65.973	66.2545
5121	65.973	66.6129
5122	65.973	66.4939
5123	65.973	66.4042
5124	65.973	66.4189
5125	65.973	66.4629
5126	65.973	66.1368
5127	65.973	67.6499
5128	65.973	68.8076
5129	65.973	67.2166
5130	65.973	66.4568
5131	65.973	66.3734
5132	65.973	65.973
5133	65.973	65.973
5134	65.973	65.973
5135	65.973	66.6835
5136	65.973	67.0404
5137	65.973	66.9063
5138	65.973	66.8347
5139	65.973	66.5488
5140	65.973	66.8537
5141	65.973	65.973
5142	65.973	66.5678
5143	65.973	66.7064
5144	65.973	66.2587
5145	65.973	67.0483
5146	65.973	65.973
5147	65.973	65.973
5148	65.973	66.2142
5149	65.973	66.7261
5150	65.973	66.4791
5151	65.973	65.973
5152	65.973	65.9857
5153	65.973	66.0205
5154	65.973	65.9869
5155	65.973	65.973
5156	65.973	66.5887
5157	65.973	66.4044
5158	65.973	66.4838
5159	65.973	66.7847
5160	65.973	67.2467
5161	65.973	66.0927
5162	65.973	66.3896
5163	65.973	66.0054
5164	65.973	66.0236
5165	65.973	66.1076
5166	65.973	65.973
5167	65.973	66.0779
5168	65.973	66.1284
5169	65.973	66.3328
5170	65.973	65.9891
5171	65.973	65.973
5172	65.973	66.2233
5173	65.973	67.2467
5174	65.973	67.4163
5175	65.973	66.3715
5176	65.973	66.8474
5177	65.973	67.2868
5178	65.973	66.9617
5179	65.973	66.4388
5180	65.973	67.2158
5181	65.973	66.8336
5182	65.973	67.0786
5183	65.973	67.7276
5184	65.973	66.7102
5185	65.973	65.9852
5186	65.973	65.9974
5187	65.973	66.1376
5188	65.973	66.2979
5189	65.973	66.3832
5190	65.973	68.4375
5191	65.973	67.4424
5192	65.973	68.2936
5193	65.973	66.8053
5194	65.973	66.3726
5195	65.973	66.0821
5196	65.973	66.5456
5197	65.973	66.5156
5198	65.973	66.0695
5199	65.973	65.973
5200	65.973	65.9933
5201	65.973	65.973
5202	65.973	65.9915
5203	65.973	66.3152
5204	65.973	66.6937
5205	65.973	67.4813
5206	65.973	66.7373
5207	65.973	66.9411
5208	65.973	65.973
5209	65.973	65.973
5210	65.973	66.3785
5211	65.973	66.4245
5212	65.973	66.226
5213	65.973	65.973
5214	65.973	66.014
5215	65.973	65.973
5216	65.973	66.1963
5217	65.973	66.3986
5218	65.973	66.8114
5219	65.973	66.8793
5220	65.973	65.973
5221	65.973	67.3859
5222	65.973	66.054
5223	65.973	65.9826
5224	65.973	65.973
5225	65.973	65.9807
5226	65.973	66.2479
5227	65.973	67.1616
5228	65.973	66.2963
5229	65.973	66.5731
5230	65.973	66.6188
5231	65.973	66.6498
5232	65.973	65.973
5233	65.973	66.2066
5234	65.973	65.973
5235	65.973	65.973
5236	65.973	65.973
5237	65.973	67.5664
5238	65.973	67.311
5239	65.973	67.0472
5240	65.973	66.5615
5241	65.973	66.5975
5242	65.973	67.98
5243	65.973	67.2387
5244	65.973	66.9462
5245	65.973	66.9102
5246	65.973	66.9778
5247	65.973	67.209
5248	65.973	66.017
5249	65.973	66.7819
5250	65.973	66.3039
5251	65.973	67.5051
5252	65.973	67.5222
5253	65.973	66.2776
5254	65.973	66.1804
5255	65.973	66.6563
5256	65.973	66.3586
5257	65.973	65.973
5258	65.973	66.276
5259	65.973	66.2054
5260	65.973	66.213
5261	65.973	65.973
5262	65.973	66.3497
5263	65.973	66.112
5264	65.973	66.0741
5265	65.973	65.973
5266	65.973	65.973
5267	65.973	66.0806
5268	65.973	67.4849
5269	65.973	67.5267
5270	65.973	67.9606
5271	65.973	67.1483
5272	65.973	67.0024
5273	65.973	66.1907
5274	65.973	65.973
5275	65.973	65.973
5276	65.973	65.973
5277	65.973	66.3168
5278	65.973	66.0006
5279	65.973	66.4344
5280	65.973	65.973
5281	65.973	66.0123
5282	65.973	66.4379
5283	65.973	65.9978
5284	65.973	66.6053
5285	65.973	67.1758
5286	65.973	66.9993
5287	65.973	66.633
5288	65.973	66.1174
5289	65.973	66.8653
5290	65.973	67.4121
5291	65.973	67.7861
5292	65.973	68.3165
5293	65.973	67.9466
5294	65.973	68.0718
5295	65.973	66.9587
5296	65.973	66.312
5297	65.973	65.973
5298	65.973	66.1316
5299	65.973	65.973
5300	65.973	65.973
5301	65.973	66.1351
5302	65.973	66.2839
5303	65.973	67.7214
5304	65.973	66.267
5305	65.973	66.23
5306	65.973	66.2974
5307	65.973	67.2089
5308	65.973	68.1346
5309	65.973	71.0047
5310	65.973	70.1027
5311	65.973	70.8683
5312	65.973	71.8942
5313	65.973	69.0999
5314	65.973	68.487
5315	65.973	66.6593
5316	65.973	67.7161
5317	65.973	67.6398
5318	65.973	66.394
5319	65.973	66.7107
5320	65.973	67.5326
5321	65.973	66.3286
5322	65.973	66.8651
5323	65.973	67.5784
5324	65.973	66.8939
5325	65.973	67.5153
5326	65.973	66.3008
5327	65.973	66.1502
5328	65.973	67.5202
5329	65.973	67.1093
5330	65.973	67.2212
5331	65.973	66.5132
5332	65.973	67.8709
5333	65.973	67.7131
5334	65.973	67.0201
5335	65.973	68.4596
5336	65.973	67.2883
5337	65.973	67.469
5338	65.973	66.4538
5339	65.973	66.3047
5340	65.973	67.0384
5341	65.973	67.5526
5342	65.973	67.0677
5343	65.973	66.1633
5344	65.973	66.5871
5345	65.973	67.2473
5346	65.973	66.8631
5347	65.973	65.973
5348	65.973	65.973
5349	65.973	66.1677
5350	65.973	67.2105
5351	65.973	66.6773
5352	65.973	66.1269
5353	65.973	66.3923
5354	65.973	69.5543
5355	65.973	67.3089
5356	65.973	67.256
5357	65.973	66.0233
5358	65.973	65.973
5359	65.973	65.973
5360	65.973	66.566
5361	65.973	67.0735
5362	65.973	66.3574
5363	65.973	66.2115
5364	65.973	65.973
5365	65.973	66.0745
5366	65.973	65.973
5367	65.973	66.0206
5368	65.973	66.2189
5369	65.973	66.2272
5370	65.973	65.9803
5371	65.973	66.3202
5372	65.973	66.5506
5373	65.973	66.4529
5374	65.973	66.1561
5375	65.973	66.0804
5376	65.973	66.1306
5377	65.973	67.5422
5378	65.973	67.1211
5379	65.973	66.9176
5380	65.973	67.7923
5381	65.973	66.6079
5382	65.973	66.0996
5383	65.973	66.7147
5384	65.973	66.5185
5385	65.973	66.3322
5386	65.973	66.7191
5387	65.973	67.1397
5388	65.973	68.3284
5389	65.973	67.6285
5390	65.973	67.5612
5391	65.973	68.0459
5392	65.973	69.8671
5393	65.973	69.9076
5394	65.973	71.4032
5395	65.973	69.1464
5396	65.973	69.2172
5397	65.973	68.9037
5398	65.973	66.583
5399	65.973	68.3105
5400	65.973	66.2582
5401	65.973	66.8388
5402	65.973	67.3725
5403	65.973	66.7713
5404	65.973	68.1704
5405	65.973	67.0196
5406	65.973	66.8953
5407	65.973	66.4648
5408	65.973	66.437
5409	65.973	66.084
5410	65.973	66.4013
5411	65.973	67.0832
5412	65.973	66.8641
5413	65.973	66.5951
5414	65.973	66.5836
5415	65.973	66.0697
5416	65.973	65.973
5417	65.973	65.9986
5418	65.973	65.973
5419	65.973	66.1544
5420	65.973	66.122
5421	65.973	66.0018
5422	65.973	65.9884
5423	65.973	67.3217
5424	65.973	67.2903
5425	65.973	66.8745
5426	65.973	66.8741
5427	65.973	68.1861
5428	65.973	67.6148
5429	65.973	67.7694
5430	65.973	69.0609
5431	65.973	67.4862
5432	65.973	67.523
5433	65.973	67.3312
5434	65.973	66.1334
5435	65.973	66.972
5436	65.973	66.735
5437	65.973	67.7486
5438	65.973	67.8201
5439	65.973	67.594
5440	65.973	66.8252
5441	65.973	68.2942
5442	65.973	68.9836
5443	65.973	67.2705
5444	65.973	66.8229
5445	65.973	66.0298
5446	65.973	65.973
5447	65.973	65.973
5448	65.973	65.973
5449	65.973	66.0018
5450	65.973	66.162
5451	65.973	66.8179
5452	65.973	66.2733
5453	65.973	66.2484
5454	65.973	65.973
5455	65.973	66.4169
5456	65.973	66.154
5457	65.973	66.4611
5458	65.973	67.6865
5459	65.973	67.1552
5460	65.973	66.4151
5461	65.973	66.7909
5462	65.973	66.7744
5463	65.973	67.7492
5464	65.973	66.7092
5465	65.973	66.8245
5466	65.973	67.4868
5467	65.973	66.4099
5468	65.973	66.5083
5469	65.973	65.973
5470	65.973	67.0869
5471	65.973	66.4155
5472	65.973	67.3136
5473	65.973	68.594
5474	65.973	66.1081
5475	65.973	66.5058
5476	65.973	66.4213
5477	65.973	66.7914
5478	65.973	67.053
5479	65.973	66.0951
5480	65.973	66.2277
5481	65.973	66.2911
5482	65.973	66.0533
5483	65.973	66.5809
5484	65.973	66.1201
5485	65.973	66.4072
5486	65.973	66.0761
5487	65.973	65.9746
5488	65.973	65.973
5489	65.973	66.4657
5490	65.973	65.973
5491	65.973	65.9833
5492	65.973	65.973
5493	65.973	66.0931
5494	65.973	65.973
5495	65.973	66.4088
5496	65.973	66.0389
5497	65.973	66.642
5498	65.973	66.5237
5499	65.973	66.1405
5500	65.973	66.0993
5501	65.973	65.973
5502	65.973	66.7481
5503	65.973	66.6069
5504	65.973	66.9019
5505	65.973	66.0988
5506	65.973	65.973
5507	65.973	66.0586
5508	65.973	67.2313
5509	65.973	67.7222
5510	65.973	67.3392
5511	65.973	67.7971
5512	65.973	68.0349
5513	65.973	67.8527
5514	65.973	66.1517
5515	65.973	66.1495
5516	65.973	67.2872
5517	65.973	68.3755
5518	65.973	66.3876
5519	65.973	66.135
5520	65.973	66.0512
5521	65.973	66.1835
5522	65.973	66.313
5523	65.973	66.0304
5524	65.973	66.467
5525	65.973	66.8098
5526	65.973	67.0602
5527	65.973	66.5682
5528	65.973	66.1999
5529	65.973	65.973
5530	65.973	66.943
5531	65.973	67.0663
5532	65.973	66.2097
5533	65.973	66.2513
5534	65.973	66.1219
5535	65.973	65.973
5536	65.973	65.973
5537	65.973	66.7351
5538	65.973	66.5565
5539	65.973	66.2966
5540	65.973	66.6803
5541	65.973	66.0099
5542	65.973	66.9324
5543	65.973	67.5344
5544	65.973	66.1559
5545	65.973	67.1179
5546	65.973	67.0515
5547	65.973	68.9489
5548	65.973	66.8895
5549	65.973	66.1181
5550	65.973	65.973
5551	65.973	66.2928
5552	65.973	66.4435
5553	65.973	66.3306
5554	65.973	66.2856
5555	65.973	66.084
5556	65.973	68.3306
5557	65.973	67.451
5558	65.973	66.7229
5559	65.973	66.4419
5560	65.973	66.5491
5561	65.973	66.0136
5562	65.973	66.0374
5563	65.973	66.4354
5564	65.973	66.304
5565	65.973	66.0534
5566	65.973	66.0575
5567	65.973	66.0011
5568	65.973	65.9896
5569	65.973	66.0353
5570	65.973	66.0131
5571	65.973	66.0325
5572	65.973	65.973
5573	65.973	66.1785
5574	65.973	66.1065
5575	65.973	66.6688
5576	65.973	67.8487
5577	65.973	68.9458
5578	65.973	68.5151
5579	65.973	68.6304
5580	65.973	68.1191
5581	65.973	68.16
5582	65.973	67.7633
5583	65.973	67.3416
5584	65.973	68.1771
5585	65.973	67.6301
5586	65.973	67.6347
5587	65.973	66.4956
5588	65.973	66.1337
5589	65.973	65.9901
5590	65.973	67.2691
5591	65.973	68.0573
5592	65.973	68.2996
5593	65.973	67.7267
5594	65.973	67.3954
5595	65.973	67.705
5596	65.973	66.507
5597	65.973	68.585
5598	65.973	66.4288
5599	65.973	67.4592
5600	65.973	67.1082
5601	65.973	67.2292
5602	65.973	67.4709
5603	65.973	67.3655
5604	65.973	66.8286
5605	65.973	66.0628
5606	65.973	66.6055
5607	65.973	66.1863
5608	65.973	66.5338
5609	65.973	66.9317
5610	65.973	67.5393
5611	65.973	66.6531
5612	65.973	68.1621
5613	65.973	67.4765
5614	65.973	68.4773
5615	65.973	67.9198
5616	65.973	67.3046
5617	65.973	66.4188
5618	65.973	66.5617
5619	65.973	66.4993
5620	65.973	66.0807
5621	65.973	66.5817
5622	65.973	66.2246
5623	65.973	66.4341
5624	65.973	66.7351
5625	65.973	66.0775
5626	65.973	66.7677
5627	65.973	65.9901
5628	65.973	66.0044
5629	65.973	66.4012
5630	65.973	66.1626
5631	65.973	65.973
5632	65.973	65.973
5633	65.973	66.9112
5634	65.973	67.2347
5635	65.973	68.3153
5636	65.973	67.1388
5637	65.973	66.7097
5638	65.973	68.1724
5639	65.973	67.191
5640	65.973	67.5071
5641	65.973	69.6531
5642	65.973	67.3913
5643	65.973	66.2702
5644	65.973	66.1448
5645	65.973	66.7469
5646	65.973	67.6548
5647	65.973	66.8851
5648	65.973	66.6219
5649	65.973	65.973
5650	65.973	65.973
5651	65.973	65.973
5652	65.973	65.973
5653	65.973	65.989
5654	65.973	65.973
5655	65.973	66.024
5656	65.973	66.6431
5657	65.973	68.0451
5658	65.973	66.6559
5659	65.973	67.4546
5660	65.973	67.4397
5661	65.973	66.1047
5662	65.973	67.2627
5663	65.973	66.004
5664	65.973	66.3881
5665	65.973	67.4844
5666	65.973	66.0246
5667	65.973	65.973
5668	65.973	66.2219
5669	65.973	65.9988
5670	65.973	66.4122
5671	65.973	66.3307
5672	65.973	66.7613
5673	65.973	66.7422
5674	65.973	67.3656
5675	65.973	66.104
5676	65.973	67.7897
5677	65.973	67.6054
5678	65.973	66.8157
5679	65.973	67.3138
5680	65.973	67.0542
5681	65.973	67.3046
5682	65.973	66.9757
5683	65.973	66.913
5684	65.973	66.7897
5685	65.973	66.2918
5686	65.973	66.6426
5687	65.973	67.216
5688	65.973	67.2968
5689	65.973	68.5227
5690	65.973	67.8058
5691	65.973	67.9551
5692	65.973	65.9878
5693	65.973	66.2317
5694	65.973	67.8069
5695	65.973	66.6796
5696	65.973	66.4764
5697	65.973	67.6671
5698	65.973	67.3589
5699	65.973	66.3393
5700	65.973	67.7955
5701	65.973	66.9396
5702	65.973	67.3505
5703	65.973	66.9198
5704	65.973	66.2337
5705	65.973	66.1216
5706	65.973	66.176
5707	65.973	65.973
5708	65.973	66.036
5709	65.973	66.024
5710	65.973	65.973
5711	65.973	65.973
5712	65.973	65.973
5713	65.973	65.973
5714	65.973	65.973
5715	65.973	66.011
5716	65.973	67.0363
5717	65.973	66.0489
5718	65.973	66.7578
5719	65.973	66.4801
5720	65.973	66.0738
5721	65.973	65.973
5722	65.973	66.1337
5723	65.973	67.2452
5724	65.973	66.638
5725	65.973	66.1324
5726	65.973	65.973
5727	65.973	66.4267
5728	65.973	66.3348
5729	65.973	65.973
5730	65.973	66.034
5731	65.973	66.209
5732	65.973	66.2895
5733	65.973	67.0599
5734	65.973	66.299
5735	65.973	67.0428
5736	65.973	66.0556
5737	65.973	67.0945
5738	65.973	67.7513
5739	65.973	67.3432
5740	65.973	66.7104
5741	65.973	66.5498
5742	65.973	67.4349
5743	65.973	67.9365
5744	65.973	67.8979
5745	65.973	67.077
5746	65.973	66.8106
5747	65.973	66.0111
5748	65.973	66.7752
5749	65.973	66.2441
5750	65.973	65.973
5751	65.973	66.407
5752	65.973	66.587
5753	65.973	66.9599
5754	65.973	66.8551
5755	65.973	66.2887
5756	65.973	67.3141
5757	65.973	67.1931
5758	65.973	66.3238
5759	65.973	66.15
5760	65.973	67.0471
5761	65.973	66.6297
5762	65.973	67.4824
5763	65.973	66.0203
5764	65.973	66.0247
5765	65.973	66.1123
5766	65.973	65.973
5767	65.973	65.973
5768	65.973	65.973
5769	65.973	66.0124
5770	65.973	66.1806
5771	65.973	66.091
5772	65.973	66.0187
5773	65.973	67.0259
5774	65.973	67.2311
5775	65.973	66.082
5776	65.973	66.9275
5777	65.973	66.6632
5778	65.973	67.4809
5779	65.973	66.8882
5780	65.973	66.1051
5781	65.973	67.0266
5782	65.973	66.6553
5783	65.973	66.0698
5784	65.973	66.1888
5785	65.973	66.2624
5786	65.973	66.2154
5787	65.973	66.2946
5788	65.973	66.0653
5789	65.973	66.4941
5790	65.973	66.4598
5791	65.973	67.1017
5792	65.973	66.2415
5793	65.973	66.0695
5794	65.973	66.1188
5795	65.973	65.973
5796	65.973	66.2682
5797	65.973	66.1627
5798	65.973	65.9801
5799	65.973	66.9927
5800	65.973	66.765
5801	65.973	67.3509
5802	65.973	67.3839
5803	65.973	66.3718
5804	65.973	66.0076
5805	65.973	66.0996
5806	65.973	66.848
5807	65.973	66.9962
5808	65.973	66.7218
5809	65.973	66.6584
5810	65.973	66.004
5811	65.973	66.2507
5812	65.973	66.0656
5813	65.973	66.7137
5814	65.973	66.9544
5815	65.973	66.3998
5816	65.973	67.0101
5817	65.973	67.0089
5818	65.973	66.5979
5819	65.973	66.1508
5820	65.973	66.3816
5821	65.973	67.3058
5822	65.973	66.7179
5823	65.973	66.8494
5824	65.973	66.1624
5825	65.973	66.6336
5826	65.973	66.3671
5827	65.973	66.5444
5828	65.973	66.3942
5829	65.973	66.6895
5830	65.973	66.2038
5831	65.973	65.973
5832	65.973	66.6089
5833	65.973	65.973
5834	65.973	65.973
5835	65.973	65.973
5836	65.973	66.0256
5837	65.973	66.7808
5838	65.973	66.5935
5839	65.973	66.771
5840	65.973	66.6223
5841	65.973	67.5496
5842	65.973	66.5504
5843	65.973	66.3868
5844	65.973	67.6746
5845	65.973	67.6379
5846	65.973	68.4194
5847	65.973	66.7677
5848	65.973	67.8117
5849	65.973	68.0044
5850	65.973	67.0839
5851	65.973	67.3699
5852	65.973	67.074
5853	65.973	67.0816
5854	65.973	66.7327
5855	65.973	66.4013
5856	65.973	66.4969
5857	65.973	66.1263
5858	65.973	66.7082
5859	65.973	67.0789
5860	65.973	67.8022
5861	65.973	66.1034
5862	65.973	66.7104
5863	65.973	65.973
5864	65.973	65.9984
5865	65.973	65.973
5866	65.973	65.973
5867	65.973	65.973
5868	65.973	65.973
5869	65.973	65.9759
5870	65.973	65.973
5871	65.973	66.1948
5872	65.973	65.973
5873	65.973	65.973
5874	65.973	65.973
5875	65.973	66.4487
5876	65.973	66.962
5877	65.973	67.011
5878	65.973	66.3928
5879	65.973	66.7891
5880	65.973	66.7341
5881	65.973	66.0474
5882	65.973	65.973
5883	65.973	65.973
5884	65.973	65.973
5885	65.973	66.0857
5886	65.973	65.9893
5887	65.973	67.0123
5888	65.973	66.3717
5889	65.973	66.4884
5890	65.973	66.1976
5891	65.973	67.0699
5892	65.973	67.1491
5893	65.973	66.0455
5894	65.973	66.4355
5895	65.973	67.828
5896	65.973	66.2909
5897	65.973	67.5785
5898	65.973	66.6847
5899	65.973	66.7547
5900	65.973	66.3922
5901	65.973	66.2688
5902	65.973	67.4712
5903	65.973	66.8413
5904	65.973	66.8477
5905	65.973	66.5883
5906	65.973	67.7947
5907	65.973	66.9679
5908	65.973	68.0912
5909	65.973	66.41
5910	65.973	66.4883
5911	65.973	66.9993
5912	65.973	66.3591
5913	65.973	66.0607
5914	65.973	67.1614
5915	65.973	67.3638
5916	65.973	67.7862
5917	65.973	68.3583
5918	65.973	66.7473
5919	65.973	66.8792
5920	65.973	66.2388
5921	65.973	66.1792
5922	65.973	66.4602
5923	65.973	66.1922
5924	65.973	66.1472
5925	65.973	66.3115
5926	65.973	66.2712
5927	65.973	66.1665
5928	65.973	66.1485
5929	65.973	66.2
5930	65.973	66.5133
5931	65.973	66.1316
5932	65.973	66.1628
5933	65.973	66.1684
5934	65.973	66.8179
5935	65.973	66.0064
5936	65.973	65.973
5937	65.973	65.973
5938	65.973	65.973
5939	65.973	66.1155
5940	65.973	66.0187
5941	65.973	66.3388
5942	65.973	66.0807
5943	65.973	66.5721
5944	65.973	67.1741
5945	65.973	66.287
5946	65.973	66.1591
5947	65.973	65.973
5948	65.973	65.973
5949	65.973	66.0125
5950	65.973	66.0216
5951	65.973	65.973
5952	65.973	65.973
5953	65.973	66.0426
5954	65.973	66.1159
5955	65.973	65.973
5956	65.973	66.1164
5957	65.973	66.3957
5958	65.973	66.153
5959	65.973	65.973
5960	65.973	66.7034
5961	65.973	66.4993
5962	65.973	65.9954
5963	65.973	66.8314
5964	65.973	67.2594
5965	65.973	66.2897
5966	65.973	66.0946
5967	65.973	66.4905
5968	65.973	67.8161
5969	65.973	66.313
5970	65.973	66.1444
5971	65.973	65.9944
5972	65.973	65.973
5973	65.973	66.8072
5974	65.973	67.4534
5975	65.973	66.5625
5976	65.973	66.905
5977	65.973	66.3035
5978	65.973	66.0201
5979	65.973	66.5629
5980	65.973	66.5439
5981	65.973	67.4444
5982	65.973	68.0611
5983	65.973	68.1682
5984	65.973	67.6359
5985	65.973	66.3321
5986	65.973	66.9049
5987	65.973	66.734
5988	65.973	68.6129
5989	65.973	68.435
5990	65.973	70.0984
5991	65.973	68.2549
5992	65.973	67.8739
5993	65.973	66.1586
5994	65.973	66.0543
5995	65.973	66.3924
5996	65.973	66.1797
5997	65.973	67.5225
5998	65.973	67.1846
5999	65.973	66.4193
6000	65.973	66.0266
6001	65.973	66.235
6002	65.973	67.0707
6003	65.973	68.4873
6004	65.973	68.0019
6005	65.973	66.1122
6006	65.973	66.071
6007	65.973	66.4337
6008	65.973	66.8516
6009	65.973	67.0307
6010	65.973	66.2725
6011	65.973	66.0295
6012	65.973	66.2584
6013	65.973	66.011
6014	65.973	66.1228
6015	65.973	66.03
6016	65.973	66.3385
6017	65.973	66.1736
6018	65.973	66.0168
6019	65.973	67.5149
6020	65.973	68.4978
6021	65.973	66.5984
6022	65.973	66.7793
6023	65.973	66.689
6024	65.973	66.2357
6025	65.973	66.3083
6026	65.973	66.8033
6027	65.973	66.1129
6028	65.973	66.2895
6029	65.973	66.13
6030	65.973	66.2508
6031	65.973	66.0284
6032	65.973	66.1648
6033	65.973	66.046
6034	65.973	66.7442
6035	65.973	66.017
6036	65.973	66.0138
6037	65.973	66.1186
6038	65.973	66.1217
6039	65.973	65.973
6040	65.973	66.1441
6041	65.973	66.0376
6042	65.973	66.883
6043	65.973	66.3916
6044	65.973	66.3588
6045	65.973	66.6712
6046	65.973	66.8437
6047	65.973	65.973
6048	65.973	65.973
6049	65.973	65.973
6050	65.973	65.973
6051	65.973	66.1518
6052	65.973	66.9252
6053	65.973	67.3983
6054	65.973	68.6373
6055	65.973	67.421
6056	65.973	67.5802
6057	65.973	69.1083
6058	65.973	66.9495
6059	65.973	66.3662
6060	65.973	66.6965
6061	65.973	67.0911
6062	65.973	67.1313
6063	65.973	66.2585
6064	65.973	66.7064
6065	65.973	66.266
6066	65.973	66.6138
6067	65.973	66.2331
6068	65.973	66.1141
6069	65.973	65.9879
6070	65.973	65.9879
6071	65.973	65.973
6072	65.973	66.3588
6073	65.973	67.9691
6074	65.973	66.3036
6075	65.973	66.6939
6076	65.973	67.2576
6077	65.973	66.9511
6078	65.973	66.6566
6079	65.973	66.7748
6080	65.973	66.1391
6081	65.973	66.4876
6082	65.973	66.8116
6083	65.973	66.6864
6084	65.973	67.2711
6085	65.973	66.5994
6086	65.973	67.2872
6087	65.973	66.2061
6088	65.973	66.0721
6089	65.973	65.973
6090	65.973	65.973
6091	65.973	66.1038
6092	65.973	66.1627
6093	65.973	66.6038
6094	65.973	66.711
6095	65.973	66.7841
6096	65.973	65.9851
6097	65.973	65.973
6098	65.973	66.0791
6099	65.973	65.9901
6100	65.973	65.973
6101	65.973	65.973
6102	65.973	66.0161
6103	65.973	66.2175
6104	65.973	66.0626
6105	65.973	66.3815
6106	65.973	68.8412
6107	65.973	66.4296
6108	65.973	66.2422
6109	65.973	66.1312
6110	65.973	66.1779
6111	65.973	66.3569
6112	65.973	65.984
6113	65.973	66.5883
6114	65.973	66.6373
6115	65.973	66.0486
6116	65.973	65.9833
6117	65.973	66.4853
6118	65.973	66.1201
6119	65.973	66.0703
6120	65.973	66.0507
6121	65.973	66.0848
6122	65.973	66.3057
6123	65.973	66.5125
6124	65.973	68.3159
6125	65.973	67.6694
6126	65.973	66.6872
6127	65.973	66.41
6128	65.973	66.0164
6129	65.973	66.4995
6130	65.973	65.9771
6131	65.973	65.973
6132	65.973	65.973
6133	65.973	65.973
6134	65.973	65.973
6135	65.973	65.973
6136	65.973	66.0442
6137	65.973	65.973
6138	65.973	66.785
6139	65.973	67.4304
6140	65.973	66.6773
6141	65.973	66.5113
6142	65.973	66.6103
6143	65.973	66.875
6144	65.973	66.0413
6145	65.973	66.1375
6146	65.973	66.1313
6147	65.973	65.973
6148	65.973	67.0893
6149	65.973	66.0903
6150	65.973	65.973
6151	65.973	66.2705
6152	65.973	66.1161
6153	65.973	65.986
6154	65.973	66.0867
6155	65.973	66.6547
6156	65.973	66.7196
6157	65.973	67.2599
6158	65.973	67.169
6159	65.973	66.8505
6160	65.973	66.3761
6161	65.973	67.6802
6162	65.973	68.9153
6163	65.973	68.509
6164	65.973	66.3088
6165	65.973	66.0322
6166	65.973	66.0998
6167	65.973	66.1476
6168	65.973	67.0648
6169	65.973	66.4709
6170	65.973	66.2412
6171	65.973	66.2169
6172	65.973	66.9565
6173	65.973	68.17
6174	65.973	67.2522
6175	65.973	67.9613
6176	65.973	68.1956
6177	65.973	67.1066
6178	65.973	68.8704
6179	65.973	66.3089
6180	65.973	66.137
6181	65.973	66.2521
6182	65.973	66.2042
6183	65.973	66.3405
6184	65.973	66.6875
6185	65.973	66.1135
6186	65.973	66.9333
6187	65.973	66.1759
6188	65.973	66.0848
6189	65.973	67.4649
6190	65.973	66.9364
6191	65.973	66.0842
6192	65.973	66.1727
6193	65.973	65.973
6194	65.973	65.973
6195	65.973	65.9885
6196	65.973	67.1417
6197	65.973	67.5028
6198	65.973	66.594
6199	65.973	66.9892
6200	65.973	68.3589
6201	65.973	68.6374
6202	65.973	69.489
6203	65.973	69.5371
6204	65.973	68.3
6205	65.973	66.8154
6206	65.973	66.538
6207	65.973	66.077
6208	65.973	66.4346
6209	65.973	65.973
6210	65.973	66.1033
6211	65.973	66.1801
6212	65.973	66.8717
6213	65.973	67.5039
6214	65.973	66.4117
6215	65.973	66.2513
6216	65.973	66.8856
6217	65.973	67.4031
6218	65.973	68.8813
6219	65.973	68.5189
6220	65.973	68.8628
6221	65.973	70.5845
6222	65.973	73.5799
6223	65.973	71.6936
6224	65.973	69.3839
6225	65.973	71.2381
6226	65.973	68.8446
6227	65.973	68.0186
6228	65.973	67.5958
6229	65.973	69.0119
6230	65.973	70.3489
6231	65.973	70.5865
6232	65.973	69.4759
6233	65.973	69.5694
6234	65.973	68.8106
6235	65.973	69.4206
6236	65.973	67.2155
6237	65.973	66.9952
6238	65.973	67.1512
6239	65.973	68.0824
6240	65.973	66.3126
6241	65.973	68.1549
6242	65.973	67.4765
6243	65.973	68.612
6244	65.973	67.0697
6245	65.973	67.3229
6246	65.973	67.8253
6247	65.973	66.6291
6248	65.973	66.5282
6249	65.973	66.284
6250	65.973	66.6131
6251	65.973	65.973
6252	65.973	66.1305
6253	65.973	66.9848
6254	65.973	65.973
6255	65.973	66.4778
6256	65.973	66.0765
6257	65.973	65.973
6258	65.973	65.973
6259	65.973	66.1677
6260	65.973	65.973
6261	65.973	66.1884
6262	65.973	66.4661
6263	65.973	66.9582
6264	65.973	66.7361
6265	65.973	67.7011
6266	65.973	68.3355
6267	65.973	66.8559
6268	65.973	66.5416
6269	65.973	66.9363
6270	65.973	66.5115
6271	65.973	66.8524
6272	65.973	67.5578
6273	65.973	66.7103
6274	65.973	66.9976
6275	65.973	66.3117
6276	65.973	66.2626
6277	65.973	66.1689
6278	65.973	66.0073
6279	65.973	65.973
6280	65.973	66.4631
6281	65.973	66.349
6282	65.973	65.9968
6283	65.973	65.973
6284	65.973	65.973
6285	65.973	66.776
6286	65.973	66.8975
6287	65.973	66.9837
6288	65.973	65.973
6289	65.973	65.973
6290	65.973	66.3047
6291	65.973	66.7439
6292	65.973	66.8543
6293	65.973	67.1172
6294	65.973	67.0526
6295	65.973	66.3712
6296	65.973	67.5784
6297	65.973	69.6292
6298	65.973	68.5401
6299	65.973	67.5591
6300	65.973	67.4505
6301	65.973	66.6826
6302	65.973	65.973
6303	65.973	65.973
6304	65.973	66.1474
6305	65.973	65.973
6306	65.973	66.0742
6307	65.973	66.0001
6308	65.973	66.128
6309	65.973	66.5463
6310	65.973	66.3445
6311	65.973	66.0317
6312	65.973	66.8187
6313	65.973	66.2075
6314	65.973	66.1635
6315	65.973	65.973
6316	65.973	66.0722
6317	65.973	67.06
6318	65.973	66.5515
6319	65.973	66.5632
6320	65.973	66.4382
6321	65.973	66.0464
6322	65.973	66.0907
6323	65.973	66.2149
6324	65.973	66.8243
6325	65.973	66.3781
6326	65.973	66.5185
6327	65.973	67.2964
6328	65.973	67.2618
6329	65.973	66.4319
6330	65.973	66.3886
6331	65.973	66.1129
6332	65.973	65.973
6333	65.973	65.973
6334	65.973	65.973
6335	65.973	66.4719
6336	65.973	66.1224
6337	65.973	66.0859
6338	65.973	66.1117
6339	65.973	66.1597
6340	65.973	66.2455
6341	65.973	66.6206
6342	65.973	66.1852
6343	65.973	66.3765
6344	65.973	66.4907
6345	65.973	66.2524
6346	65.973	66.0559
6347	65.973	66.4114
6348	65.973	66.9457
6349	65.973	67.145
6350	65.973	67.5356
6351	65.973	67.0484
6352	65.973	67.0461
6353	65.973	66.1087
6354	65.973	66.0395
6355	65.973	66.1235
6356	65.973	66.212
6357	65.973	66.4961
6358	65.973	67.3215
6359	65.973	67.0094
6360	65.973	68.5432
6361	65.973	68.78
6362	65.973	67.4821
6363	65.973	66.4113
6364	65.973	66.0298
6365	65.973	65.973
6366	65.973	65.973
6367	65.973	66.2234
6368	65.973	66.2532
6369	65.973	66.515
6370	65.973	66.0699
6371	65.973	65.973
6372	65.973	66.0814
6373	65.973	66.2678
6374	65.973	65.973
6375	65.973	66.0044
6376	65.973	66.0842
6377	65.973	66.611
6378	65.973	68.9636
6379	65.973	67.4504
6380	65.973	66.6544
6381	65.973	68.2116
6382	65.973	67.5426
6383	65.973	67.8047
6384	65.973	68.2375
6385	65.973	67.3999
6386	65.973	67.3582
6387	65.973	67.2854
6388	65.973	67.3252
6389	65.973	66.8867
6390	65.973	66.4786
6391	65.973	67.5457
6392	65.973	67.1424
6393	65.973	66.3412
6394	65.973	66.3112
6395	65.973	66.4894
6396	65.973	69.1378
6397	65.973	66.3362
6398	65.973	67.5816
6399	65.973	66.6413
6400	65.973	65.973
6401	65.973	65.973
6402	65.973	66.4175
6403	65.973	65.973
6404	65.973	66.5663
6405	65.973	66.3961
6406	65.973	66.0297
6407	65.973	66.1528
6408	65.973	66.2592
6409	65.973	67.1832
6410	65.973	66.5052
6411	65.973	65.973
6412	65.973	65.973
6413	65.973	65.973
6414	65.973	65.9856
6415	65.973	66.0026
6416	65.973	65.9878
6417	65.973	65.979
6418	65.973	65.973
6419	65.973	65.973
6420	65.973	65.973
6421	65.973	65.973
6422	65.973	66.2256
6423	65.973	66.0368
6424	65.973	66.0136
6425	65.973	65.973
6426	65.973	66.158
6427	65.973	66.0181
6428	65.973	65.973
6429	65.973	66.0396
6430	65.973	66.0563
6431	65.973	67.1429
6432	65.973	66.1386
6433	65.973	66.3823
6434	65.973	67.4173
6435	65.973	67.1183
6436	65.973	66.6476
6437	65.973	66.052
6438	65.973	66.7458
6439	65.973	66.5564
6440	65.973	66.3522
6441	65.973	66.0078
6442	65.973	66.7828
6443	65.973	66.0829
6444	65.973	66.1685
6445	65.973	66.1418
6446	65.973	66.1108
6447	65.973	65.973
6448	65.973	65.973
6449	65.973	67.5944
6450	65.973	69.3558
6451	65.973	68.0799
6452	65.973	66.2082
6453	65.973	66.0758
6454	65.973	66.0323
6455	65.973	66.875
6456	65.973	66.837
6457	65.973	67.1153
6458	65.973	67.4746
6459	65.973	67.054
6460	65.973	67.9939
6461	65.973	66.0886
6462	65.973	65.973
6463	65.973	66.0692
6464	65.973	66.2894
6465	65.973	66.0428
6466	65.973	66.8766
6467	65.973	66.3523
6468	65.973	66.5823
6469	65.973	65.973
6470	65.973	65.9838
6471	65.973	66.0972
6472	65.973	65.973
6473	65.973	65.973
6474	65.973	66.0866
6475	65.973	66.1935
6476	65.973	66.1051
6477	65.973	66.2005
6478	65.973	65.973
6479	65.973	66.0606
6480	65.973	65.973
6481	65.973	66.0937
6482	65.973	65.9882
6483	65.973	65.973
6484	65.973	66.1851
6485	65.973	65.9952
6486	65.973	66.3265
6487	65.973	66.8209
6488	65.973	67.3455
6489	65.973	68.6549
6490	65.973	67.8013
6491	65.973	66.7627
6492	65.973	66.9793
6493	65.973	67.3801
6494	65.973	66.268
6495	65.973	66.0946
6496	65.973	66.0683
6497	65.973	66.0683
6498	65.973	66.2264
6499	65.973	66.0315
6500	65.973	66.0858
6501	65.973	65.973
6502	65.973	65.973
6503	65.973	66.1342
6504	65.973	65.9845
6505	65.973	66.3862
6506	65.973	66.8039
6507	65.973	65.973
6508	65.973	65.973
6509	65.973	66.1508
6510	65.973	66.243
6511	65.973	67.691
6512	65.973	66.7237
6513	65.973	66.3947
6514	65.973	66.0407
6515	65.973	65.9901
6516	65.973	66.2073
6517	65.973	67.8088
6518	65.973	68.7812
6519	65.973	68.5102
6520	65.973	68.9261
6521	65.973	67.9905
6522	65.973	66.3953
6523	65.973	66.8474
6524	65.973	67.2852
6525	65.973	67.758
6526	65.973	67.7196
6527	65.973	66.2005
6528	65.973	66.3756
6529	65.973	66.223
6530	65.973	65.973
6531	65.973	65.973
6532	65.973	65.9857
6533	65.973	66.3249
6534	65.973	66.4388
6535	65.973	66.1205
6536	65.973	66.1766
6537	65.973	66.0638
6538	65.973	67.0421
6539	65.973	66.5567
6540	65.973	66.8948
6541	65.973	66.4513
6542	65.973	67.3674
6543	65.973	67.5624
6544	65.973	67.994
6545	65.973	66.9451
6546	65.973	66.9404
6547	65.973	66.0688
6548	65.973	66.124
6549	65.973	66.0106
6550	65.973	65.973
6551	65.973	66.1026
6552	65.973	66.869
6553	65.973	67.6512
6554	65.973	67.041
6555	65.973	66.796
6556	65.973	66.7878
6557	65.973	66.2312
6558	65.973	66.0066
6559	65.973	65.9833
6560	65.973	66.2637
6561	65.973	67.159
6562	65.973	68.4164
6563	65.973	69.4742
6564	65.973	72.26
6565	65.973	69.9077
6566	65.973	68.3652
6567	65.973	67.2168
6568	65.973	67.7718
6569	65.973	66.9875
6570	65.973	66.6731
6571	65.973	66.4035
6572	65.973	66.1351
6573	65.973	66.3623
6574	65.973	66.8068
6575	65.973	66.8067
6576	65.973	66.6334
6577	65.973	66.4701
6578	65.973	67.4188
6579	65.973	66.8896
6580	65.973	66.7049
6581	65.973	67.1683
6582	65.973	67.0995
6583	65.973	66.9257
6584	65.973	66.1178
6585	65.973	66.0786
6586	65.973	66.4245
6587	65.973	67.4856
6588	65.973	66.2879
6589	65.973	66.2774
6590	65.973	66.1124
6591	65.973	66.708
6592	65.973	66.7423
6593	65.973	67.1845
6594	65.973	67.4841
6595	65.973	68.065
6596	65.973	67.0551
6597	65.973	67.5486
6598	65.973	66.5757
6599	65.973	66.0023
6600	65.973	66.1765
6601	65.973	66.1287
6602	65.973	65.973
6603	65.973	66.1413
6604	65.973	66.0746
6605	65.973	67.0585
6606	65.973	66.8796
6607	65.973	66.0094
6608	65.973	65.973
6609	65.973	66.4381
6610	65.973	65.973
6611	65.973	66.0556
6612	65.973	66.3709
6613	65.973	66.5863
6614	65.973	66.0785
6615	65.973	66.7185
6616	65.973	66.1066
6617	65.973	66.411
6618	65.973	67.0091
6619	65.973	66.7465
6620	65.973	66.6456
6621	65.973	65.973
6622	65.973	65.973
6623	65.973	65.973
6624	65.973	66.7226
6625	65.973	67.2499
6626	65.973	68.9952
6627	65.973	67.3066
6628	65.973	66.3387
6629	65.973	66.8865
6630	65.973	66.0121
6631	65.973	65.9964
6632	65.973	66.6069
6633	65.973	66.142
6634	65.973	65.973
6635	65.973	65.973
6636	65.973	66.0042
6637	65.973	66.0498
6638	65.973	66.8067
6639	65.973	66.2203
6640	65.973	65.9869
6641	65.973	66.0632
6642	65.973	66.0474
6643	65.973	67.7118
6644	65.973	67.8414
6645	65.973	67.0408
6646	65.973	66.9435
6647	65.973	66.5446
6648	65.973	66.6655
6649	65.973	67.4056
6650	65.973	66.389
6651	65.973	66.168
6652	65.973	66.6052
6653	65.973	67.8653
6654	65.973	66.8992
6655	65.973	66.0933
6656	65.973	66.8469
6657	65.973	68.9603
6658	65.973	69.0062
6659	65.973	68.1552
6660	65.973	68.2994
6661	65.973	66.5132
6662	65.973	66.2185
6663	65.973	66.2904
6664	65.973	67.3522
6665	65.973	66.3954
6666	65.973	66.9536
6667	65.973	66.2562
6668	65.973	66.1057
6669	65.973	67.3965
6670	65.973	66.8161
6671	65.973	66.7255
6672	65.973	67.3657
6673	65.973	67.2631
6674	65.973	66.6559
6675	65.973	66.3543
6676	65.973	66.2986
6677	65.973	66.6665
6678	65.973	67.0603
6679	65.973	67.2457
6680	65.973	66.3629
6681	65.973	66.149
6682	65.973	66.5675
6683	65.973	65.973
6684	65.973	65.973
6685	65.973	66.3829
6686	65.973	66.5849
6687	65.973	66.2132
6688	65.973	66.2289
6689	65.973	65.973
6690	65.973	65.973
6691	65.973	65.973
6692	65.973	65.973
6693	65.973	66.0057
6694	65.973	65.973
6695	65.973	66.0641
6696	65.973	65.9994
6697	65.973	66.2226
6698	65.973	66.3191
6699	65.973	66.3051
6700	65.973	68.2537
6701	65.973	67.6834
6702	65.973	67.1724
6703	65.973	67.098
6704	65.973	67.6462
6705	65.973	66.7439
6706	65.973	65.973
6707	65.973	66.0601
6708	65.973	66.0897
6709	65.973	66.8751
6710	65.973	66.9624
6711	65.973	66.3675
6712	65.973	66.3135
6713	65.973	66.2247
6714	65.973	67.4041
6715	65.973	65.9871
6716	65.973	65.973
6717	65.973	65.973
6718	65.973	66.215
6719	65.973	66.2601
6720	65.973	66.2138
6721	65.973	66.6281
6722	65.973	67.2273
6723	65.973	66.5026
6724	65.973	68.3261
6725	65.973	67.8625
6726	65.973	66.7902
6727	65.973	66.2431
6728	65.973	66.283
6729	65.973	66.157
6730	65.973	66.0873
6731	65.973	66.0909
6732	65.973	66.4114
6733	65.973	67.0851
6734	65.973	66.0249
6735	65.973	66.0216
6736	65.973	65.973
6737	65.973	66.0475
6738	65.973	67.0686
6739	65.973	66.0764
6740	65.973	66.5578
6741	65.973	66.0757
6742	65.973	66.8245
6743	65.973	67.6875
6744	65.973	66.168
6745	65.973	66.1857
6746	65.973	66.3605
6747	65.973	66.3991
6748	65.973	67.778
6749	65.973	67.244
6750	65.973	67.1073
6751	65.973	67.1728
6752	65.973	66.1606
6753	65.973	65.973
6754	65.973	66.105
6755	65.973	66.3961
6756	65.973	68.0115
6757	65.973	66.5958
6758	65.973	67.0499
6759	65.973	66.4499
6760	65.973	65.9933
6761	65.973	66.0585
6762	65.973	66.1237
6763	65.973	66.0037
6764	65.973	66.6244
6765	65.973	66.6908
6766	65.973	66.8871
6767	65.973	67.1145
6768	65.973	67.2419
6769	65.973	67.721
6770	65.973	66.5932
6771	65.973	65.973
6772	65.973	66.0228
6773	65.973	66.2425
6774	65.973	67.3584
6775	65.973	66.8213
6776	65.973	67.6198
6777	65.973	66.1493
6778	65.973	65.973
6779	65.973	65.973
6780	65.973	65.973
6781	65.973	65.9936
6782	65.973	66.3553
6783	65.973	66.1337
6784	65.973	66.3414
6785	65.973	65.973
6786	65.973	66.9268
6787	65.973	66.4391
6788	65.973	66.5357
6789	65.973	66.2118
6790	65.973	67.0013
6791	65.973	66.3575
6792	65.973	66.143
6793	65.973	66.3433
6794	65.973	66.2352
6795	65.973	67.266
6796	65.973	67.7942
6797	65.973	67.1514
6798	65.973	66.4095
6799	65.973	66.3946
6800	65.973	66.2058
6801	65.973	66.7765
6802	65.973	66.6795
6803	65.973	66.967
6804	65.973	66.761
6805	65.973	67.8702
6806	65.973	67.229
6807	65.973	67.1658
6808	65.973	67.003
6809	65.973	66.1614
6810	65.973	66.2081
6811	65.973	65.9901
6812	65.973	67.2262
6813	65.973	67.4622
6814	65.973	67.5942
6815	65.973	66.6988
6816	65.973	66.2629
6817	65.973	66.1753
6818	65.973	66.5017
6819	65.973	66.7228
6820	65.973	66.4648
6821	65.973	66.0123
6822	65.973	66.0579
6823	65.973	65.973
6824	65.973	66.2286
6825	65.973	66.0314
6826	65.973	66.1477
6827	65.973	65.9785
6828	65.973	65.973
6829	65.973	65.973
6830	65.973	65.973
6831	65.973	66.5069
6832	65.973	66.9719
6833	65.973	67.4868
6834	65.973	66.1978
6835	65.973	66.1227
6836	65.973	66.5206
6837	65.973	66.0357
6838	65.973	65.973
6839	65.973	65.973
6840	65.973	66.246
6841	65.973	65.973
6842	65.973	66.4144
6843	65.973	65.973
6844	65.973	66.3463
6845	65.973	66.935
6846	65.973	68.4008
6847	65.973	66.4674
6848	65.973	66.3351
6849	65.973	65.9992
6850	65.973	66.3386
6851	65.973	66.677
6852	65.973	66.3101
6853	65.973	66.4346
6854	65.973	66.0666
6855	65.973	65.973
6856	65.973	65.973
6857	65.973	65.973
6858	65.973	65.973
6859	65.973	65.973
6860	65.973	66.0041
6861	65.973	66.7038
6862	65.973	65.973
6863	65.973	66.0039
6864	65.973	66.1886
6865	65.973	66.8149
6866	65.973	66.3095
6867	65.973	66.0778
6868	65.973	66.9819
6869	65.973	65.973
6870	65.973	65.973
6871	65.973	66.9915
6872	65.973	65.9801
6873	65.973	66.5099
6874	65.973	67.1867
6875	65.973	66.724
6876	65.973	66.2549
6877	65.973	66.1678
6878	65.973	66.1586
6879	65.973	66.0905
6880	65.973	66.0713
6881	65.973	66.073
6882	65.973	66.4279
6883	65.973	65.973
6884	65.973	65.973
6885	65.973	65.973
6886	65.973	66.0988
6887	65.973	65.973
6888	65.973	65.973
6889	65.973	66.0322
6890	65.973	65.973
6891	65.973	65.973
6892	65.973	65.992
6893	65.973	66.1787
6894	65.973	66.0792
6895	65.973	66.5603
6896	65.973	67.3202
6897	65.973	66.926
6898	65.973	66.3975
6899	65.973	66.8867
6900	65.973	66.2235
6901	65.973	66.3037
6902	65.973	66.739
6903	65.973	66.2672
6904	65.973	66.7654
6905	65.973	67.5913
6906	65.973	67.1902
6907	65.973	67.3945
6908	65.973	66.8772
6909	65.973	66.4355
6910	65.973	66.3022
6911	65.973	66.0591
6912	65.973	67.0608
6913	65.973	66.2529
6914	65.973	66.4799
6915	65.973	66.0864
6916	65.973	66.5681
6917	65.973	66.7747
6918	65.973	65.973
6919	65.973	66.0273
6920	65.973	66.1885
6921	65.973	66.1708
6922	65.973	67.0456
6923	65.973	66.862
6924	65.973	67.7025
6925	65.973	67.8005
6926	65.973	66.5059
6927	65.973	67.3681
6928	65.973	66.4898
6929	65.973	66.6875
6930	65.973	66.0218
6931	65.973	66.3228
6932	65.973	66.9337
6933	65.973	66.0317
6934	65.973	65.996
6935	65.973	66.014
6936	65.973	68.0647
6937	65.973	68.1147
6938	65.973	67.892
6939	65.973	66.8583
6940	65.973	66.1291
6941	65.973	66.0191
6942	65.973	65.973
6943	65.973	66.0407
6944	65.973	66.9287
6945	65.973	66.4158
6946	65.973	67.7713
6947	65.973	66.8474
6948	65.973	67.351
6949	65.973	66.2465
6950	65.973	66.677
6951	65.973	67.3573
6952	65.973	67.0576
6953	65.973	66.1342
6954	65.973	66.3069
6955	65.973	66.0522
6956	65.973	65.973
6957	65.973	66.0152
6958	65.973	65.9742
6959	65.973	66.0931
6960	65.973	66.1515
6961	65.973	66.1518
6962	65.973	65.9999
6963	65.973	66.1165
6964	65.973	65.973
6965	65.973	66.143
6966	65.973	67.1027
6967	65.973	66.1283
6968	65.973	67.0292
6969	65.973	66.6871
6970	65.973	65.973
6971	65.973	66.5681
6972	65.973	66.4959
6973	65.973	66.1796
6974	65.973	66.0895
6975	65.973	66.0213
6976	65.973	65.973
6977	65.973	66.2545
6978	65.973	66.7234
6979	65.973	67.2534
6980	65.973	66.476
6981	65.973	67.3713
6982	65.973	66.8813
6983	65.973	67.3612
6984	65.973	67.2745
6985	65.973	66.3931
6986	65.973	66.6475
6987	65.973	67.7306
6988	65.973	66.9396
6989	65.973	66.2421
6990	65.973	67.048
6991	65.973	66.9215
6992	65.973	66.8897
6993	65.973	66.9177
6994	65.973	67.7405
6995	65.973	67.3097
6996	65.973	67.8835
6997	65.973	68.2229
6998	65.973	68.2683
6999	65.973	67.1259
7000	65.973	66.9193
7001	65.973	66.0033
7002	65.973	66.299
7003	65.973	66.6821
7004	65.973	66.085
7005	65.973	66.027
7006	65.973	66.2328
7007	65.973	66.7344
7008	65.973	66.2465
7009	65.973	66.2326
7010	65.973	66.3522
7011	65.973	66.4516
7012	65.973	66.1338
7013	65.973	66.0338
7014	65.973	66.4864
7015	65.973	66.6447
7016	65.973	66.7032
7017	65.973	66.0831
7018	65.973	66.1886
7019	65.973	66.1377
7020	65.973	67.0358
7021	65.973	67.5807
7022	65.973	67.9998
7023	65.973	67.8235
7024	65.973	67.8373
7025	65.973	66.268
7026	65.973	66.0242
7027	65.973	66.7831
7028	65.973	66.5319
7029	65.973	66.6022
7030	65.973	66.1184
7031	65.973	66.1042
7032	65.973	66.2081
7033	65.973	65.986
7034	65.973	65.9923
7035	65.973	65.973
7036	65.973	66.0226
7037	65.973	66.6237
7038	65.973	67.3486
7039	65.973	66.8082
7040	65.973	66.5104
7041	65.973	66.0213
7042	65.973	66.4402
7043	65.973	66.1853
7044	65.973	67.2818
7045	65.973	66.6068
7046	65.973	66.0121
7047	65.973	66.3862
7048	65.973	66.095
7049	65.973	66.0637
7050	65.973	66.0794
7051	65.973	65.9766
7052	65.973	65.973
7053	65.973	65.973
7054	65.973	66.0498
7055	65.973	66.7937
7056	65.973	67.6291
7057	65.973	67.5438
7058	65.973	66.0225
7059	65.973	66.8074
7060	65.973	65.9824
7061	65.973	66.107
7062	65.973	66.1194
7063	65.973	66.295
7064	65.973	66.286
7065	65.973	66.0338
7066	65.973	66.0215
7067	65.973	66.076
7068	65.973	65.973
7069	65.973	66.9007
7070	65.973	67.0687
7071	65.973	65.973
7072	65.973	66.0895
7073	65.973	65.973
7074	65.973	65.973
7075	65.973	66.2821
7076	65.973	67.2048
7077	65.973	66.5486
7078	65.973	67.1711
7079	65.973	66.8206
7080	65.973	67.6754
7081	65.973	66.7261
7082	65.973	66.6436
7083	65.973	66.9253
7084	65.973	66.2596
7085	65.973	66.295
7086	65.973	66.2285
7087	65.973	66.1945
7088	65.973	66.5215
7089	65.973	65.973
7090	65.973	66.0052
7091	65.973	66.0656
7092	65.973	66.0487
7093	65.973	66.2851
7094	65.973	66.0095
7095	65.973	65.973
7096	65.973	66.1802
7097	65.973	66.0325
7098	65.973	66.0249
7099	65.973	66.0255
7100	65.973	65.973
7101	65.973	66.2695
7102	65.973	66.2528
7103	65.973	67.2825
7104	65.973	67.5075
7105	65.973	66.7837
7106	65.973	66.2909
7107	65.973	66.3252
7108	65.973	66.7872
7109	65.973	65.973
7110	65.973	66.1575
7111	65.973	66.0901
7112	65.973	66.0093
7113	65.973	67.8138
7114	65.973	66.0579
7115	65.973	65.973
7116	65.973	65.973
7117	65.973	66.0421
7118	65.973	66.1095
7119	65.973	66.7953
7120	65.973	66.0151
7121	65.973	66.283
7122	65.973	66.1533
7123	65.973	66.092
7124	65.973	66.171
7125	65.973	66.3705
7126	65.973	66.2116
7127	65.973	65.9869
7128	65.973	66.1263
7129	65.973	66.8884
7130	65.973	67.3581
7131	65.973	67.3097
7132	65.973	67.6093
7133	65.973	66.5815
7134	65.973	66.3747
7135	65.973	65.973
7136	65.973	65.973
7137	65.973	66.3355
7138	65.973	66.2718
7139	65.973	66.2733
7140	65.973	66.0357
7141	65.973	66.0161
7142	65.973	65.973
7143	65.973	65.9994
7144	65.973	65.9786
7145	65.973	66.5408
7146	65.973	65.973
7147	65.973	66.0394
7148	65.973	66.4464
7149	65.973	66.5332
7150	65.973	66.1485
7151	65.973	66.2725
7152	65.973	66.039
7153	65.973	65.9786
7154	65.973	67.1332
7155	65.973	67.0485
7156	65.973	66.7395
7157	65.973	66.6421
7158	65.973	66.5215
7159	65.973	66.0201
7160	65.973	66.0939
7161	65.973	66.4696
7162	65.973	66.4138
7163	65.973	66.4775
7164	65.973	65.973
7165	65.973	66.1313
7166	65.973	65.9806
7167	65.973	65.9801
7168	65.973	66.1746
7169	65.973	65.9901
7170	65.973	66.428
7171	65.973	67.5266
7172	65.973	66.2334
7173	65.973	66.0155
7174	65.973	66.1253
7175	65.973	66.3612
7176	65.973	66.4097
7177	65.973	65.973
7178	65.973	66.2151
7179	65.973	66.3593
7180	65.973	66.765
7181	65.973	66.9262
7182	65.973	66.7727
7183	65.973	66.9643
7184	65.973	67.1195
7185	65.973	66.4722
7186	65.973	67.0137
7187	65.973	67.4759
7188	65.973	68.9853
7189	65.973	66.946
7190	65.973	66.6161
7191	65.973	66.4879
7192	65.973	66.0989
7193	65.973	66.111
7194	65.973	66.7781
7195	65.973	67.3056
7196	65.973	67.6424
7197	65.973	66.9818
7198	65.973	66.863
7199	65.973	66.025
7200	65.973	66.0326
7201	65.973	67.242
7202	65.973	66.4702
7203	65.973	68.009
7204	65.973	66.8382
7205	65.973	66.2448
7206	65.973	67.2119
7207	65.973	66.8177
7208	65.973	66.1902
7209	65.973	65.973
7210	65.973	66.3689
7211	65.973	67.8655
7212	65.973	66.8213
7213	65.973	66.598
7214	65.973	66.0471
7215	65.973	66.0463
7216	65.973	65.9801
7217	65.973	66.3385
7218	65.973	66.6965
7219	65.973	66.0523
7220	65.973	66.2627
7221	65.973	65.973
7222	65.973	65.973
7223	65.973	65.973
7224	65.973	66.0837
7225	65.973	66.6594
7226	65.973	67.1263
7227	65.973	67.3423
7228	65.973	67.4481
7229	65.973	68.1712
7230	65.973	66.6086
7231	65.973	67.6136
7232	65.973	66.725
7233	65.973	65.973
7234	65.973	65.973
7235	65.973	66.2062
7236	65.973	67.2939
7237	65.973	66.3766
7238	65.973	66.1149
7239	65.973	65.973
7240	65.973	66.2249
7241	65.973	66.289
7242	65.973	65.973
7243	65.973	66.06
7244	65.973	65.9894
7245	65.973	65.973
7246	65.973	66.4794
7247	65.973	66.5695
7248	65.973	66.4053
7249	65.973	66.8026
7250	65.973	67.0544
7251	65.973	66.3093
7252	65.973	66.0019
7253	65.973	65.973
7254	65.973	65.973
7255	65.973	66.2111
7256	65.973	66.3847
7257	65.973	65.973
7258	65.973	65.9919
7259	65.973	65.973
7260	65.973	65.973
7261	65.973	65.973
7262	65.973	66.0584
7263	65.973	65.973
7264	65.973	66.4356
7265	65.973	66.5484
7266	65.973	65.973
7267	65.973	65.973
7268	65.973	65.993
7269	65.973	66.0459
7270	65.973	66.5157
7271	65.973	66.4275
7272	65.973	66.4232
7273	65.973	66.5777
7274	65.973	66.4484
7275	65.973	66.3222
7276	65.973	66.4875
7277	65.973	67.4766
7278	65.973	67.1477
7279	65.973	66.1745
7280	65.973	66.6737
7281	65.973	65.973
7282	65.973	66.2425
7283	65.973	66.6315
7284	65.973	67.791
7285	65.973	67.4469
7286	65.973	66.4981
7287	65.973	66.4561
7288	65.973	67.0399
7289	65.973	65.973
7290	65.973	65.973
7291	65.973	65.973
7292	65.973	65.973
7293	65.973	65.973
7294	65.973	66.1273
7295	65.973	65.973
7296	65.973	66.0445
7297	65.973	66.3484
7298	65.973	66.3435
7299	65.973	67.3172
7300	65.973	66.499
7301	65.973	66.8263
7302	65.973	66.0048
7303	65.973	66.0273
7304	65.973	67.0387
7305	65.973	66.4427
7306	65.973	66.1989
7307	65.973	67.3771
7308	65.973	67.8199
7309	65.973	66.1449
7310	65.973	66.0086
7311	65.973	65.9792
7312	65.973	66.5589
7313	65.973	68.8015
7314	65.973	68.3933
7315	65.973	67.7251
7316	65.973	66.7492
7317	65.973	65.9976
7318	65.973	66.4996
7319	65.973	66.2459
7320	65.973	66.3309
7321	65.973	66.7359
7322	65.973	66.4542
7323	65.973	66.9885
7324	65.973	66.0598
7325	65.973	66.396
7326	65.973	66.1214
7327	65.973	65.973
7328	65.973	65.973
7329	65.973	65.9826
7330	65.973	66.2098
7331	65.973	66.3145
7332	65.973	67.414
7333	65.973	67.1147
7334	65.973	66.1097
7335	65.973	66.4347
7336	65.973	67.3065
7337	65.973	66.6715
7338	65.973	66.032
7339	65.973	66.8788
7340	65.973	66.4772
7341	65.973	66.8573
7342	65.973	66.8724
7343	65.973	67.2435
7344	65.973	67.3186
7345	65.973	66.3478
7346	65.973	65.973
7347	65.973	65.973
7348	65.973	65.973
7349	65.973	65.973
7350	65.973	66.6015
7351	65.973	67.0202
7352	65.973	68.336
7353	65.973	66.2671
7354	65.973	67.4473
7355	65.973	65.973
7356	65.973	66.3961
7357	65.973	66.364
7358	65.973	65.973
7359	65.973	65.985
7360	65.973	66.1328
7361	65.973	65.973
7362	65.973	66.064
7363	65.973	65.9914
7364	65.973	65.973
7365	65.973	66.0205
7366	65.973	65.9857
7367	65.973	65.9758
7368	65.973	68.362
7369	65.973	69.1257
7370	65.973	69.9255
7371	65.973	69.2938
7372	65.973	67.9237
7373	65.973	66.6149
7374	65.973	66.6261
7375	65.973	67.7394
7376	65.973	66.3678
7377	65.973	66.5742
7378	65.973	66.0114
7379	65.973	66.6801
7380	65.973	66.6356
7381	65.973	66.8157
7382	65.973	66.6246
7383	65.973	66.1178
7384	65.973	67.2948
7385	65.973	66.0305
7386	65.973	66.23
7387	65.973	66.6576
7388	65.973	66.1846
7389	65.973	66.5642
7390	65.973	65.973
7391	65.973	66.0862
7392	65.973	66.0204
7393	65.973	67.034
7394	65.973	66.8188
7395	65.973	66.4805
7396	65.973	66.0717
7397	65.973	66.4938
7398	65.973	66.1908
7399	65.973	66.6509
7400	65.973	65.9869
7401	65.973	65.973
7402	65.973	66.0776
7403	65.973	65.973
7404	65.973	65.973
7405	65.973	66.0292
7406	65.973	65.9853
7407	65.973	65.973
7408	65.973	65.973
7409	65.973	65.988
7410	65.973	65.973
7411	65.973	66.4448
7412	65.973	66.5135
7413	65.973	66.828
7414	65.973	66.2064
7415	65.973	66.9202
7416	65.973	66.527
7417	65.973	66.3759
7418	65.973	67.9564
7419	65.973	68.341
7420	65.973	67.5594
7421	65.973	66.4534
7422	65.973	66.9384
7423	65.973	66.6943
7424	65.973	66.0078
7425	65.973	65.973
7426	65.973	65.973
7427	65.973	66.0485
7428	65.973	66.0671
7429	65.973	66.6711
7430	65.973	66.5191
7431	65.973	65.9889
7432	65.973	66.5628
7433	65.973	67.0453
7434	65.973	66.4375
7435	65.973	65.973
7436	65.973	65.9913
7437	65.973	65.9882
7438	65.973	65.973
7439	65.973	66.6106
7440	65.973	68.2901
7441	65.973	66.6938
7442	65.973	66.7585
7443	65.973	66.1068
7444	65.973	66.2346
7445	65.973	67.4661
7446	65.973	66.2795
7447	65.973	67.1555
7448	65.973	67.0356
7449	65.973	67.3034
7450	65.973	67.2977
7451	65.973	68.9293
7452	65.973	67.1684
7453	65.973	69.6294
7454	65.973	70.3351
7455	65.973	68.8941
7456	65.973	69.5269
7457	65.973	67.6004
7458	65.973	66.8593
7459	65.973	67.0758
7460	65.973	66.4103
7461	65.973	65.973
7462	65.973	65.973
7463	65.973	65.9813
7464	65.973	65.973
7465	65.973	66.4111
7466	65.973	66.056
7467	65.973	66.1284
7468	65.973	66.3833
7469	65.973	66.5059
7470	65.973	67.591
7471	65.973	67.7628
7472	65.973	66.0878
7473	65.973	66.1883
7474	65.973	66.3741
7475	65.973	65.9958
7476	65.973	66.1517
7477	65.973	66.6509
7478	65.973	66.1051
7479	65.973	66.1213
7480	65.973	66.0766
7481	65.973	66.104
7482	65.973	65.973
7483	65.973	65.973
7484	65.973	65.973
7485	65.973	65.973
7486	65.973	65.973
7487	65.973	65.973
7488	65.973	65.973
7489	65.973	65.973
7490	65.973	65.9979
7491	65.973	67.1564
7492	65.973	66.887
7493	65.973	66.916
7494	65.973	66.3294
7495	65.973	66.8908
7496	65.973	67.9117
7497	65.973	68.6846
7498	65.973	67.0435
7499	65.973	66.5033
7500	65.973	66.9849
7501	65.973	66.498
7502	65.973	66.6194
7503	65.973	66.0245
7504	65.973	66.0502
7505	65.973	66.9421
7506	65.973	65.9841
7507	65.973	66.2069
7508	65.973	66.0848
7509	65.973	65.973
7510	65.973	66.0053
7511	65.973	66.0483
7512	65.973	66.5681
7513	65.973	67.1486
7514	65.973	66.9173
7515	65.973	65.973
7516	65.973	65.973
7517	65.973	66.2812
7518	65.973	66.006
7519	65.973	66.3683
7520	65.973	66.4998
7521	65.973	66.5247
7522	65.973	66.3325
7523	65.973	67.5051
7524	65.973	67.2394
7525	65.973	67.4639
7526	65.973	66.36
7527	65.973	66.3205
7528	65.973	66.1918
7529	65.973	67.112
7530	65.973	66.8721
7531	65.973	68.4081
7532	65.973	68.2541
7533	65.973	67.6441
7534	65.973	66.7356
7535	65.973	66.1976
7536	65.973	66.2451
7537	65.973	66.7581
7538	65.973	66.552
7539	65.973	65.973
7540	65.973	66.0734
7541	65.973	66.0162
7542	65.973	65.973
7543	65.973	66.1205
7544	65.973	66.9679
7545	65.973	66.9727
7546	65.973	68.1209
7547	65.973	67.807
7548	65.973	66.8785
7549	65.973	66.6598
7550	65.973	66.2243
7551	65.973	67.0081
7552	65.973	67.4966
7553	65.973	66.2696
7554	65.973	66.3032
7555	65.973	66.1115
7556	65.973	66.2949
7557	65.973	66.1166
7558	65.973	65.973
7559	65.973	66.604
7560	65.973	66.1038
7561	65.973	65.973
7562	65.973	66.0019
7563	65.973	66.0433
7564	65.973	65.983
7565	65.973	66.636
7566	65.973	67.5301
7567	65.973	67.0589
7568	65.973	66.2509
7569	65.973	66.8317
7570	65.973	67.6858
7571	65.973	68.2717
7572	65.973	67.0682
7573	65.973	67.3953
7574	65.973	66.3002
7575	65.973	66.0864
7576	65.973	66.5966
7577	65.973	66.2021
7578	65.973	66.2311
7579	65.973	67.0737
7580	65.973	68.2701
7581	65.973	68.6175
7582	65.973	68.1949
7583	65.973	66.9329
7584	65.973	66.9968
7585	65.973	67.4984
7586	65.973	68.1514
7587	65.973	67.6487
7588	65.973	66.5566
7589	65.973	66.229
7590	65.973	65.973
7591	65.973	65.973
7592	65.973	66.5929
7593	65.973	65.9914
7594	65.973	66.5305
7595	65.973	68.8586
7596	65.973	66.459
7597	65.973	66.2748
7598	65.973	65.973
7599	65.973	65.973
7600	65.973	66.0492
7601	65.973	66.0332
7602	65.973	65.973
7603	65.973	67.719
7604	65.973	66.0753
7605	65.973	66.8713
7606	65.973	67.0667
7607	65.973	67.6585
7608	65.973	67.8501
7609	65.973	67.1318
7610	65.973	66.6364
7611	65.973	66.268
7612	65.973	65.973
7613	65.973	66.788
7614	65.973	66.1297
7615	65.973	66.5844
7616	65.973	66.1623
7617	65.973	66.0304
7618	65.973	66.6345
7619	65.973	66.1
7620	65.973	66.949
7621	65.973	66.7554
7622	65.973	66.1904
7623	65.973	67.2887
7624	65.973	67.4863
7625	65.973	67.0595
7626	65.973	67.6357
7627	65.973	68.4988
7628	65.973	68.4196
7629	65.973	68.208
7630	65.973	66.3335
7631	65.973	66.6535
7632	65.973	66.1572
7633	65.973	66.0313
7634	65.973	65.973
7635	65.973	66.0047
7636	65.973	66.826
7637	65.973	66.4373
7638	65.973	66.0156
7639	65.973	66.5468
7640	65.973	65.973
7641	65.973	66.1039
7642	65.973	66.7873
7643	65.973	66.4073
7644	65.973	66.1591
7645	65.973	66.4238
7646	65.973	67.1016
7647	65.973	66.6867
7648	65.973	67.8088
7649	65.973	67.9245
7650	65.973	66.1057
7651	65.973	66.3074
7652	65.973	66.3271
7653	65.973	66.7191
7654	65.973	66.7398
7655	65.973	68.0823
7656	65.973	67.4003
7657	65.973	68.5459
7658	65.973	67.3965
7659	65.973	66.6291
7660	65.973	66.4139
7661	65.973	69.2581
7662	65.973	67.6032
7663	65.973	66.4117
7664	65.973	66.6627
7665	65.973	66.6726
7666	65.973	66.6218
7667	65.973	66.5023
7668	65.973	67.8613
7669	65.973	68.3325
7670	65.973	68.0066
7671	65.973	66.7476
7672	65.973	68.8158
7673	65.973	67.4795
7674	65.973	67.22
7675	65.973	66.3857
7676	65.973	65.973
7677	65.973	65.973
7678	65.973	65.973
7679	65.973	66.4089
7680	65.973	67.5284
7681	65.973	68.3383
7682	65.973	66.2189
7683	65.973	66.5118
7684	65.973	66.6772
7685	65.973	66.6903
7686	65.973	67.7335
7687	65.973	66.788
7688	65.973	66.4319
7689	65.973	66.4815
7690	65.973	67.4513
7691	65.973	67.7242
7692	65.973	66.6309
7693	65.973	65.973
7694	65.973	66.1708
7695	65.973	66.6794
7696	65.973	66.9901
7697	65.973	68.0378
7698	65.973	67.4554
7699	65.973	68.3518
7700	65.973	66.8777
7701	65.973	68.0281
7702	65.973	66.5693
7703	65.973	67.7762
7704	65.973	67.4684
7705	65.973	66.0205
7706	65.973	66.9007
7707	65.973	66.5616
7708	65.973	66.0045
7709	65.973	66.0564
7710	65.973	67.0217
7711	65.973	67.5791
7712	65.973	67.1677
7713	65.973	66.4994
7714	65.973	67.5793
7715	65.973	66.7646
7716	65.973	67.0968
7717	65.973	67.3897
7718	65.973	66.5795
7719	65.973	68.676
7720	65.973	67.2916
7721	65.973	66.511
7722	65.973	67.4383
7723	65.973	66.47
7724	65.973	66.2536
7725	65.973	66.8028
7726	65.973	66.6621
7727	65.973	66.2809
7728	65.973	66.3532
7729	65.973	66.2275
7730	65.973	67.1349
7731	65.973	66.4598
7732	65.973	66.0201
7733	65.973	65.973
7734	65.973	66.2383
7735	65.973	66.8792
7736	65.973	68.2057
7737	65.973	67.2306
7738	65.973	68.6432
7739	65.973	68.6874
7740	65.973	68.6776
7741	65.973	67.16
7742	65.973	66.0683
7743	65.973	66.0411
7744	65.973	66.0774
7745	65.973	65.973
7746	65.973	65.973
7747	65.973	65.9845
7748	65.973	66.0805
7749	65.973	66.4827
7750	65.973	67.3028
7751	65.973	66.6476
7752	65.973	67.2509
7753	65.973	67.7133
7754	65.973	68.032
7755	65.973	69.1038
7756	65.973	67.4655
7757	65.973	66.802
7758	65.973	65.973
7759	65.973	65.973
7760	65.973	66.0448
7761	65.973	65.973
7762	65.973	66.1382
7763	65.973	66.5861
7764	65.973	66.4396
7765	65.973	67.4248
7766	65.973	66.1678
7767	65.973	66.4894
7768	65.973	66.8999
7769	65.973	66.3523
7770	65.973	66.8295
7771	65.973	66.3702
7772	65.973	66.7606
7773	65.973	65.973
7774	65.973	65.973
7775	65.973	65.973
7776	65.973	66.0381
7777	65.973	66.4793
7778	65.973	67.3581
7779	65.973	66.2022
7780	65.973	66.4368
7781	65.973	66.0579
7782	65.973	65.9843
7783	65.973	66.513
7784	65.973	66.4672
7785	65.973	67.9102
7786	65.973	66.6788
7787	65.973	66.5533
7788	65.973	68.1989
7789	65.973	68.1968
7790	65.973	67.2113
7791	65.973	66.6261
7792	65.973	67.6238
7793	65.973	67.8992
7794	65.973	66.9209
7795	65.973	66.4665
7796	65.973	66.9318
7797	65.973	66.2058
7798	65.973	66.4332
7799	65.973	67.6745
7800	65.973	66.0752
7801	65.973	66.7667
7802	65.973	66.4335
7803	65.973	66.7651
7804	65.973	66.3319
7805	65.973	66.2497
7806	65.973	65.9884
7807	65.973	66.0361
7808	65.973	65.973
7809	65.973	66.1881
7810	65.973	65.973
7811	65.973	66.0312
7812	65.973	66.131
7813	65.973	66.0875
7814	65.973	66.0217
7815	65.973	66.1278
7816	65.973	65.973
7817	65.973	66.2218
7818	65.973	66.5563
7819	65.973	66.2278
7820	65.973	66.5284
7821	65.973	66.6426
7822	65.973	65.995
7823	65.973	65.973
7824	65.973	65.9884
7825	65.973	65.9813
7826	65.973	65.993
7827	65.973	65.973
7828	65.973	67.1845
7829	65.973	67.2239
7830	65.973	66.7464
7831	65.973	66.843
7832	65.973	66.8844
7833	65.973	66.265
7834	65.973	67.3346
7835	65.973	66.3935
7836	65.973	67.8486
7837	65.973	66.283
7838	65.973	66.1973
7839	65.973	66.1077
7840	65.973	66.2312
7841	65.973	66.0371
7842	65.973	66.3754
7843	65.973	66.0547
7844	65.973	66.3128
7845	65.973	66.7761
7846	65.973	66.316
7847	65.973	66.1015
7848	65.973	66.2496
7849	65.973	66.0778
7850	65.973	66.0379
7851	65.973	66.0059
7852	65.973	65.973
7853	65.973	65.973
7854	65.973	66.3743
7855	65.973	66.737
7856	65.973	66.1487
7857	65.973	66.968
7858	65.973	66.987
7859	65.973	66.3592
7860	65.973	66.1475
7861	65.973	67.3004
7862	65.973	67.6532
7863	65.973	68.1935
7864	65.973	68.7552
7865	65.973	68.9509
7866	65.973	66.6077
7867	65.973	66.704
7868	65.973	69.8987
7869	65.973	69.4038
7870	65.973	69.012
7871	65.973	68.8116
7872	65.973	67.5353
7873	65.973	67.8851
7874	65.973	69.1459
7875	65.973	67.8072
7876	65.973	66.564
7877	65.973	66.0217
7878	65.973	66.0828
7879	65.973	66.283
7880	65.973	66.1345
7881	65.973	66.5246
7882	65.973	66.5365
7883	65.973	66.9084
7884	65.973	65.9877
7885	65.973	66.0708
7886	65.973	66.071
7887	65.973	65.973
7888	65.973	65.973
7889	65.973	65.973
7890	65.973	66.2228
7891	65.973	66.389
7892	65.973	67.1553
7893	65.973	66.3415
7894	65.973	67.1085
7895	65.973	67.4575
7896	65.973	66.6066
7897	65.973	66.1957
7898	65.973	66.3964
7899	65.973	67.2258
7900	65.973	66.6585
7901	65.973	66.963
7902	65.973	66.9029
7903	65.973	67.6758
7904	65.973	67.5927
7905	65.973	66.4534
7906	65.973	67.2184
7907	65.973	67.0979
7908	65.973	68.2128
7909	65.973	67.5329
7910	65.973	66.8158
7911	65.973	66.6561
7912	65.973	66.6801
7913	65.973	66.5214
7914	65.973	66.4427
7915	65.973	67.0294
7916	65.973	67.0033
7917	65.973	66.1327
7918	65.973	65.973
7919	65.973	67.2955
7920	65.973	66.7674
7921	65.973	67.9055
7922	65.973	66.6139
7923	65.973	66.8207
7924	65.973	65.973
7925	65.973	65.973
7926	65.973	65.973
7927	65.973	66.5285
7928	65.973	66.6306
7929	65.973	66.6415
7930	65.973	66.0544
7931	65.973	66.1029
7932	65.973	66.4275
7933	65.973	66.2968
7934	65.973	66.7821
7935	65.973	66.5953
7936	65.973	67.2708
7937	65.973	66.7094
7938	65.973	66.0366
7939	65.973	65.973
7940	65.973	66.1
7941	65.973	66.754
7942	65.973	65.9975
7943	65.973	66.5166
7944	65.973	66.0285
7945	65.973	66.4508
7946	65.973	66.1137
7947	65.973	66.2306
7948	65.973	66.4115
7949	65.973	66.2887
7950	65.973	66.3837
7951	65.973	65.9753
7952	65.973	66.2288
7953	65.973	65.973
7954	65.973	66.134
7955	65.973	66.5629
7956	65.973	66.8599
7957	65.973	66.6048
7958	65.973	67.1519
7959	65.973	66.3309
7960	65.973	67.4602
7961	65.973	68.9485
7962	65.973	67.0599
7963	65.973	66.8315
7964	65.973	66.6888
7965	65.973	66.4785
7966	65.973	67.2654
7967	65.973	66.0083
7968	65.973	65.993
7969	65.973	65.973
7970	65.973	66.0921
7971	65.973	67.2311
7972	65.973	66.4694
7973	65.973	65.973
7974	65.973	65.973
7975	65.973	66.036
7976	65.973	67.5436
7977	65.973	66.581
7978	65.973	66.4204
7979	65.973	66.347
7980	65.973	66.0985
7981	65.973	66.3794
7982	65.973	66.0525
7983	65.973	66.3681
7984	65.973	68.0805
7985	65.973	67.286
7986	65.973	67.0502
7987	65.973	66.0683
7988	65.973	66.0799
7989	65.973	66.0982
7990	65.973	66.2479
7991	65.973	67.4379
7992	65.973	67.0654
7993	65.973	66.6725
7994	65.973	67.1362
7995	65.973	66.1247
7996	65.973	66.6984
7997	65.973	68.6579
7998	65.973	69.2588
7999	65.973	68.2634
8000	65.973	66.6166
8001	65.973	67.6375
8002	65.973	69.3719
8003	65.973	67.617
8004	65.973	67.5708
8005	65.973	68.834
8006	65.973	68.0347
8007	65.973	71.4785
8008	65.973	68.1948
8009	65.973	66.1426
8010	65.973	67.1194
8011	65.973	66.6402
8012	65.973	66.7929
8013	65.973	66.731
8014	65.973	67.1886
8015	65.973	67.6584
8016	65.973	67.9995
8017	65.973	67.1645
8018	65.973	67.0393
8019	65.973	66.2197
8020	65.973	66.936
8021	65.973	65.9857
8022	65.973	66.3253
8023	65.973	66.737
8024	65.973	66.4862
8025	65.973	65.973
8026	65.973	65.973
8027	65.973	65.9824
8028	65.973	66.2324
8029	65.973	65.973
8030	65.973	66.5302
8031	65.973	66.2722
8032	65.973	66.1181
8033	65.973	65.973
8034	65.973	65.973
8035	65.973	66.1735
8036	65.973	65.973
8037	65.973	65.973
8038	65.973	65.9974
8039	65.973	65.973
8040	65.973	65.973
8041	65.973	66.09
8042	65.973	66.0189
8043	65.973	66.0912
8044	65.973	66.1943
8045	65.973	66.4024
8046	65.973	66.2772
8047	65.973	66.699
8048	65.973	67.5353
8049	65.973	66.5056
8050	65.973	66.3179
8051	65.973	65.973
8052	65.973	66.5058
8053	65.973	66.5296
8054	65.973	65.973
8055	65.973	66.1033
8056	65.973	66.0607
8057	65.973	65.973
8058	65.973	65.9894
8059	65.973	65.973
8060	65.973	66.7269
8061	65.973	66.0325
8062	65.973	66.048
8063	65.973	66.688
8064	65.973	65.973
8065	65.973	65.9885
8066	65.973	66.4952
8067	65.973	66.0956
8068	65.973	65.973
8069	65.973	65.973
8070	65.973	65.973
8071	65.973	66.3428
8072	65.973	65.9899
8073	65.973	65.973
8074	65.973	66.0041
8075	65.973	65.973
8076	65.973	66.4109
8077	65.973	66.6354
8078	65.973	66.8304
8079	65.973	66.1233
8080	65.973	66.0383
8081	65.973	66.0111
8082	65.973	66.0346
8083	65.973	66.875
8084	65.973	66.3545
8085	65.973	66.7239
8086	65.973	67.0726
8087	65.973	68.6167
8088	65.973	69.311
8089	65.973	68.6133
8090	65.973	70.0668
8091	65.973	68.9511
8092	65.973	69.3433
8093	65.973	69.0995
8094	65.973	69.1741
8095	65.973	68.5867
8096	65.973	68.2986
8097	65.973	68.8208
8098	65.973	67.0201
8099	65.973	67.5039
8100	65.973	68.2193
8101	65.973	69.0235
8102	65.973	69.4521
8103	65.973	66.9821
8104	65.973	66.8583
8105	65.973	67.5358
8106	65.973	67.5103
8107	65.973	66.8137
8108	65.973	66.0981
8109	65.973	66.3133
8110	65.973	66.7142
8111	65.973	66.7588
8112	65.973	66.5839
8113	65.973	67.4167
8114	65.973	67.1751
8115	65.973	66.9843
8116	65.973	66.7815
8117	65.973	66.4766
8118	65.973	65.973
8119	65.973	65.973
8120	65.973	66.082
8121	65.973	66.6757
8122	65.973	66.2827
8123	65.973	65.973
8124	65.973	65.973
8125	65.973	65.973
8126	65.973	66.4285
8127	65.973	67.1416
8128	65.973	67.5849
8129	65.973	66.3395
8130	65.973	66.5425
8131	65.973	66.2405
8132	65.973	66.0056
8133	65.973	66.6146
8134	65.973	66.4356
8135	65.973	66.1035
8136	65.973	65.973
8137	65.973	66.06
8138	65.973	66.1012
8139	65.973	66.7371
8140	65.973	65.973
8141	65.973	66.5088
8142	65.973	68.059
8143	65.973	67.3768
8144	65.973	66.1597
8145	65.973	66.0252
8146	65.973	65.973
8147	65.973	66.0894
8148	65.973	66.0339
8149	65.973	66.5151
8150	65.973	66.6654
8151	65.973	66.4203
8152	65.973	66.2849
8153	65.973	66.5004
8154	65.973	66.2436
8155	65.973	66.0596
8156	65.973	66.8475
8157	65.973	67.2273
8158	65.973	66.5484
8159	65.973	66.5422
8160	65.973	66.1199
8161	65.973	66.1926
8162	65.973	66.3011
8163	65.973	67.4123
8164	65.973	66.8606
8165	65.973	66.0574
8166	65.973	65.973
8167	65.973	65.973
8168	65.973	65.9849
8169	65.973	66.099
8170	65.973	66.0881
8171	65.973	65.973
8172	65.973	66.7065
8173	65.973	68.5975
8174	65.973	67.6762
8175	65.973	67.1395
8176	65.973	67.0437
8177	65.973	67.6143
8178	65.973	67.9192
8179	65.973	68.0506
8180	65.973	67.3691
8181	65.973	67.4131
8182	65.973	67.6239
8183	65.973	67.5424
8184	65.973	67.843
8185	65.973	67.6511
8186	65.973	67.5328
8187	65.973	67.9764
8188	65.973	67.3889
8189	65.973	67.6335
8190	65.973	68.1799
8191	65.973	67.701
8192	65.973	66.4129
8193	65.973	66.2617
8194	65.973	66.3138
8195	65.973	67.4263
8196	65.973	66.5614
8197	65.973	67.8379
8198	65.973	68.8741
8199	65.973	66.8103
8200	65.973	66.0223
8201	65.973	65.9955
8202	65.973	66.6919
8203	65.973	65.973
8204	65.973	65.9834
8205	65.973	66.2916
8206	65.973	66.531
8207	65.973	67.0164
8208	65.973	65.973
8209	65.973	66.8619
8210	65.973	66.4324
8211	65.973	66.5793
8212	65.973	66.1953
8213	65.973	66.1668
8214	65.973	66.5
8215	65.973	67.7071
8216	65.973	66.6698
8217	65.973	66.4416
8218	65.973	66.1712
8219	65.973	65.973
8220	65.973	66.1677
8221	65.973	66.2973
8222	65.973	66.5006
8223	65.973	66.1622
8224	65.973	66.0904
8225	65.973	66.3327
8226	65.973	66.3818
8227	65.973	66.0777
8228	65.973	65.973
8229	65.973	66.0301
8230	65.973	66.1501
8231	65.973	66.2593
8232	65.973	66.4113
8233	65.973	67.6979
8234	65.973	67.0481
8235	65.973	66.3266
8236	65.973	65.9927
8237	65.973	66.1503
8238	65.973	67.6957
8239	65.973	66.3514
8240	65.973	68.6744
8241	65.973	66.2309
8242	65.973	65.973
8243	65.973	66.249
8244	65.973	65.973
8245	65.973	66.0904
8246	65.973	65.973
8247	65.973	65.973
8248	65.973	65.973
8249	65.973	66.231
8250	65.973	65.973
8251	65.973	65.973
8252	65.973	66.3523
8253	65.973	66.8599
8254	65.973	66.5808
8255	65.973	66.0053
8256	65.973	66.5413
8257	65.973	66.4027
8258	65.973	68.0056
8259	65.973	66.4645
8260	65.973	68.3268
8261	65.973	66.2834
8262	65.973	68.0344
8263	65.973	66.8397
8264	65.973	66.5323
8265	65.973	66.4803
8266	65.973	66.5311
8267	65.973	66.5697
8268	65.973	65.9742
8269	65.973	68.0763
8270	65.973	67.9906
8271	65.973	66.0028
8272	65.973	66.3766
8273	65.973	67.129
8274	65.973	67.1306
8275	65.973	66.4914
8276	65.973	67.0485
8277	65.973	66.7927
8278	65.973	67.1463
8279	65.973	67.2784
8280	65.973	66.0033
8281	65.973	65.973
8282	65.973	65.973
8283	65.973	65.973
8284	65.973	66.3272
8285	65.973	65.9845
8286	65.973	66.1531
8287	65.973	66.0704
8288	65.973	66.1402
8289	65.973	65.973
8290	65.973	66.175
8291	65.973	66.082
8292	65.973	67.0991
8293	65.973	68.4454
8294	65.973	67.9206
8295	65.973	67.3103
8296	65.973	67.1556
8297	65.973	67.0584
8298	65.973	66.9281
8299	65.973	66.3935
8300	65.973	67.4039
8301	65.973	67.475
8302	65.973	66.6815
8303	65.973	66.0676
8304	65.973	66.0951
8305	65.973	66.0464
8306	65.973	68.4755
8307	65.973	67.968
8308	65.973	66.2635
8309	65.973	69.2508
8310	65.973	69.6645
8311	65.973	66.3639
8312	65.973	66.0795
8313	65.973	65.973
8314	65.973	66.9447
8315	65.973	66.4483
8316	65.973	68.8029
8317	65.973	68.1835
8318	65.973	66.5724
8319	65.973	66.1686
8320	65.973	66.059
8321	65.973	66.6261
8322	65.973	66.2122
8323	65.973	66.1177
8324	65.973	66.4732
8325	65.973	66.4601
8326	65.973	66.5499
8327	65.973	67.3748
8328	65.973	66.7244
8329	65.973	66.1993
8330	65.973	66.5328
8331	65.973	66.8831
8332	65.973	66.6737
8333	65.973	66.6765
8334	65.973	65.9818
8335	65.973	66.3153
8336	65.973	66.3953
8337	65.973	66.0245
8338	65.973	66.026
8339	65.973	66.6346
8340	65.973	66.4735
8341	65.973	66.6473
8342	65.973	67.3767
8343	65.973	66.5229
8344	65.973	66.0371
8345	65.973	65.973
8346	65.973	65.973
8347	65.973	65.973
8348	65.973	66.0312
8349	65.973	66.004
8350	65.973	66.1984
8351	65.973	66.1662
8352	65.973	66.8709
8353	65.973	66.946
8354	65.973	67.0426
8355	65.973	66.5387
8356	65.973	66.0617
8357	65.973	65.973
8358	65.973	67.356
8359	65.973	66.7414
8360	65.973	67.0292
8361	65.973	68.4191
8362	65.973	66.648
8363	65.973	66.0457
8364	65.973	66.2382
8365	65.973	66.5215
8366	65.973	66.0291
8367	65.973	66.0411
8368	65.973	66.0188
8369	65.973	66.7993
8370	65.973	66.0844
8371	65.973	66.3112
8372	65.973	66.0155
8373	65.973	67.0551
8374	65.973	66.0594
8375	65.973	65.973
8376	65.973	66.4944
8377	65.973	65.973
8378	65.973	65.973
8379	65.973	66.4335
8380	65.973	66.5408
8381	65.973	66.1778
8382	65.973	65.973
8383	65.973	65.973
8384	65.973	65.973
8385	65.973	65.973
8386	65.973	65.973
8387	65.973	65.973
8388	65.973	65.973
8389	65.973	66.0104
8390	65.973	67.048
8391	65.973	67.5579
8392	65.973	68.6205
8393	65.973	67.9883
8394	65.973	68.4181
8395	65.973	67.6753
8396	65.973	68.9634
8397	65.973	69.3624
8398	65.973	66.8943
8399	65.973	67.034
8400	65.973	66.6185
8401	65.973	66.2565
8402	65.973	67.7632
8403	65.973	67.5368
8404	65.973	65.9759
8405	65.973	66.2464
8406	65.973	66.493
8407	65.973	67.1758
8408	65.973	67.0387
8409	65.973	66.5532
8410	65.973	66.4711
8411	65.973	68.0882
8412	65.973	66.8226
8413	65.973	66.3183
8414	65.973	65.9803
8415	65.973	67.4415
8416	65.973	67.4589
8417	65.973	67.4449
8418	65.973	66.8897
8419	65.973	66.6038
8420	65.973	66.672
8421	65.973	66.6677
8422	65.973	66.1291
8423	65.973	66.0752
8424	65.973	66.2093
8425	65.973	66.6227
8426	65.973	65.973
8427	65.973	65.973
8428	65.973	66.5122
8429	65.973	66.0528
8430	65.973	66.1874
8431	65.973	65.973
8432	65.973	65.973
8433	65.973	66.3315
8434	65.973	66.1644
8435	65.973	65.973
8436	65.973	66.1644
8437	65.973	66.17
8438	65.973	65.9958
8439	65.973	66.1112
8440	65.973	66.3964
8441	65.973	66.2302
8442	65.973	66.482
8443	65.973	66.876
8444	65.973	66.2029
8445	65.973	66.7725
8446	65.973	66.0463
8447	65.973	65.973
8448	65.973	65.973
8449	65.973	66.3274
8450	65.973	67.5071
8451	65.973	66.0637
8452	65.973	65.973
8453	65.973	66.5409
8454	65.973	66.4267
8455	65.973	66.867
8456	65.973	67.6561
8457	65.973	67.7793
8458	65.973	67.371
8459	65.973	67.8228
8460	65.973	66.7624
8461	65.973	67.1763
8462	65.973	66.4873
8463	65.973	66.0089
8464	65.973	66.0191
8465	65.973	65.973
8466	65.973	65.973
8467	65.973	65.973
8468	65.973	67.003
8469	65.973	67.5561
8470	65.973	67.9127
8471	65.973	66.9105
8472	65.973	66.5605
8473	65.973	66.3439
8474	65.973	66.1089
8475	65.973	66.4156
8476	65.973	66.3356
8477	65.973	66.3802
8478	65.973	66.503
8479	65.973	66.8915
8480	65.973	67.2113
8481	65.973	66.1603
8482	65.973	66.3192
8483	65.973	66.1628
8484	65.973	66.3219
8485	65.973	67.1817
8486	65.973	66.6046
8487	65.973	66.8168
8488	65.973	66.7603
8489	65.973	66.0982
8490	65.973	65.973
8491	65.973	66.0187
8492	65.973	66.1728
8493	65.973	66.8498
8494	65.973	66.45
8495	65.973	66.6958
8496	65.973	69.1364
8497	65.973	68.979
8498	65.973	68.2114
8499	65.973	66.1763
8500	65.973	67.0368
8501	65.973	67.708
8502	65.973	67.2422
8503	65.973	69.296
8504	65.973	66.8472
8505	65.973	66.7886
8506	65.973	67.1901
8507	65.973	67.3582
8508	65.973	67.8765
8509	65.973	69.0481
8510	65.973	68.1883
8511	65.973	67.1131
8512	65.973	66.6473
8513	65.973	66.1956
8514	65.973	65.973
8515	65.973	66.5854
8516	65.973	66.5412
8517	65.973	66.7975
8518	65.973	66.8514
8519	65.973	67.1015
8520	65.973	66.438
8521	65.973	66.4903
8522	65.973	66.2114
8523	65.973	65.973
8524	65.973	66.1173
8525	65.973	66.5539
8526	65.973	66.5757
8527	65.973	66.1705
8528	65.973	67.2795
8529	65.973	66.1583
8530	65.973	66.0668
8531	65.973	66.008
8532	65.973	66.2656
8533	65.973	65.973
8534	65.973	66.5885
8535	65.973	66.0798
8536	65.973	66.2081
8537	65.973	66.9512
8538	65.973	66.0665
8539	65.973	66.1195
8540	65.973	66.4132
8541	65.973	66.375
8542	65.973	66.2457
8543	65.973	66.3453
8544	65.973	66.6026
8545	65.973	66.3889
8546	65.973	65.973
8547	65.973	65.973
8548	65.973	65.973
8549	65.973	65.973
8550	65.973	65.973
8551	65.973	65.973
8552	65.973	66.2114
8553	65.973	65.973
8554	65.973	65.973
8555	65.973	65.973
8556	65.973	65.973
8557	65.973	66.0949
8558	65.973	65.973
8559	65.973	66.0504
8560	65.973	66.1856
8561	65.973	65.973
8562	65.973	65.973
8563	65.973	67.8343
8564	65.973	66.7564
8565	65.973	66.547
8566	65.973	66.3777
8567	65.973	66.0371
8568	65.973	66.1088
8569	65.973	65.9794
8570	65.973	65.973
8571	65.973	65.9845
8572	65.973	66.9054
8573	65.973	67.3387
8574	65.973	67.0924
8575	65.973	67.1617
8576	65.973	66.5453
8577	65.973	66.9635
8578	65.973	66.3695
8579	65.973	66.9403
8580	65.973	66.7591
8581	65.973	67.0053
8582	65.973	68.223
8583	65.973	68.7817
8584	65.973	66.2424
8585	65.973	67.2506
8586	65.973	66.681
8587	65.973	66.0224
8588	65.973	66.7338
8589	65.973	66.1417
8590	65.973	67.4862
8591	65.973	67.3727
8592	65.973	66.5619
8593	65.973	67.6885
8594	65.973	66.1812
8595	65.973	66.3533
8596	65.973	67.576
8597	65.973	67.182
8598	65.973	66.0265
8599	65.973	66.731
8600	65.973	66.4065
8601	65.973	66.3585
8602	65.973	66.833
8603	65.973	66.6154
8604	65.973	66.4554
8605	65.973	66.265
8606	65.973	65.973
8607	65.973	65.973
8608	65.973	66.0786
8609	65.973	65.973
8610	65.973	65.973
8611	65.973	65.973
8612	65.973	66.1751
8613	65.973	65.973
8614	65.973	66.056
8615	65.973	66.7949
8616	65.973	67.4336
8617	65.973	66.1317
8618	65.973	67.8167
8619	65.973	67.0576
8620	65.973	66.6531
8621	65.973	66.7427
8622	65.973	67.0891
8623	65.973	67.5132
8624	65.973	66.0724
8625	65.973	66.4505
8626	65.973	66.412
8627	65.973	66
8628	65.973	65.973
8629	65.973	66.0045
8630	65.973	65.973
8631	65.973	66.275
8632	65.973	66.5344
8633	65.973	66.4566
8634	65.973	66.2765
8635	65.973	66.1035
8636	65.973	66.0426
8637	65.973	66.1034
8638	65.973	66.3681
8639	65.973	66.2765
8640	65.973	66.5558
8641	65.973	66.8018
8642	65.973	67.2925
8643	65.973	66.2154
8644	65.973	65.973
8645	65.973	65.973
8646	65.973	65.973
8647	65.973	65.9873
8648	65.973	66.0223
8649	65.973	65.973
8650	65.973	66.6512
8651	65.973	65.9908
8652	65.973	66.1969
8653	65.973	65.973
8654	65.973	66.0328
8655	65.973	66.8947
8656	65.973	66.4922
8657	65.973	67.813
8658	65.973	66.8998
8659	65.973	66.1368
8660	65.973	66.1025
8661	65.973	66.2313
8662	65.973	66.0347
8663	65.973	66.0788
8664	65.973	66.2555
8665	65.973	66.0193
8666	65.973	66.1424
8667	65.973	66.887
8668	65.973	66.42
8669	65.973	67.0366
8670	65.973	67.4638
8671	65.973	68.4552
8672	65.973	67.9242
8673	65.973	68.4862
8674	65.973	66.9731
8675	65.973	66.2677
8676	65.973	66.5478
8677	65.973	66.5236
8678	65.973	67.9433
8679	65.973	67.2404
8680	65.973	66.8205
8681	65.973	66.3081
8682	65.973	66.9917
8683	65.973	68.1577
8684	65.973	67.9163
8685	65.973	67.9019
8686	65.973	67.9422
8687	65.973	67.9825
8688	65.973	67.4343
8689	65.973	66.3622
8690	65.973	67.9044
8691	65.973	67.1483
8692	65.973	66.5904
8693	65.973	66.5912
8694	65.973	66.1175
8695	65.973	67.0812
8696	65.973	66.3353
8697	65.973	66.3504
8698	65.973	66.8669
8699	65.973	66.1488
8700	65.973	66.6589
8701	65.973	66.1574
8702	65.973	65.973
8703	65.973	66.1916
8704	65.973	65.973
8705	65.973	65.973
8706	65.973	65.9869
8707	65.973	65.973
8708	65.973	66.2704
8709	65.973	67.0633
8710	65.973	66.244
8711	65.973	66.0172
8712	65.973	65.973
8713	65.973	65.973
8714	65.973	65.973
8715	65.973	66.0829
8716	65.973	67.4337
8717	65.973	67.504
8718	65.973	66.9581
8719	65.973	66.7968
8720	65.973	66.4812
8721	65.973	66.2678
8722	65.973	66.3417
8723	65.973	66.7005
8724	65.973	67.0139
8725	65.973	66.7252
8726	65.973	66.968
8727	65.973	66.6151
8728	65.973	67.3856
8729	65.973	67.0493
8730	65.973	66.2241
8731	65.973	69.3
8732	65.973	68.5865
8733	65.973	66.6029
8734	65.973	66.1273
8735	65.973	66.4356
8736	65.973	67.7281
8737	65.973	67.4941
8738	65.973	68.2038
8739	65.973	67.2945
8740	65.973	68.043
8741	65.973	68.2557
8742	65.973	67.847
8743	65.973	66.188
8744	65.973	66.0382
8745	65.973	66.2735
8746	65.973	66.1039
8747	65.973	67.4109
8748	65.973	66.1069
8749	65.973	65.973
8750	65.973	66.5249
8751	65.973	66.2481
8752	65.973	66.5925
8753	65.973	67.0355
8754	65.973	66.0941
8755	65.973	65.973
8756	65.973	65.9781
8757	65.973	65.973
8758	65.973	66.6273
8759	65.973	66.4012
8760	65.973	66.3814
8761	65.973	67.2408
8762	65.973	66.5462
8763	65.973	66.7525
8764	65.973	66.1537
8765	65.973	66.0229
8766	65.973	66.3039
8767	65.973	66.073
8768	65.973	66.1015
8769	65.973	66.4258
8770	65.973	66.1638
8771	65.973	66.6974
8772	65.973	66.7353
8773	65.973	66.028
8774	65.973	65.973
8775	65.973	68.0042
8776	65.973	67.8232
8777	65.973	69.5272
8778	65.973	67.4005
8779	65.973	66.9679
8780	65.973	66.3233
8781	65.973	66.9084
8782	65.973	67.3365
8783	65.973	67.1141
8784	65.973	66.5467
8785	65.973	66.3964
8786	65.973	66.4638
8787	65.973	65.973
8788	65.973	65.973
8789	65.973	65.973
8790	65.973	66.1695
8791	65.973	66.1845
8792	65.973	66.2857
8793	65.973	66.0426
8794	65.973	68.02
8795	65.973	68.7715
8796	65.973	71.0923
8797	65.973	73.2655
8798	65.973	69.9842
8799	65.973	70.1427
8800	65.973	67.135
8801	65.973	66.6442
8802	65.973	66.5794
8803	65.973	66.8247
8804	65.973	67.1964
8805	65.973	67.4893
8806	65.973	67.0216
8807	65.973	66.298
8808	65.973	66.1965
8809	65.973	66.0505
8810	65.973	65.973
8811	65.973	65.973
8812	65.973	66.2309
8813	65.973	66.1949
8814	65.973	67.6913
8815	65.973	68.3946
8816	65.973	71.0102
8817	65.973	69.7619
8818	65.973	69.6096
8819	65.973	70.4682
8820	65.973	69.4836
8821	65.973	67.3201
8822	65.973	66.3422
8823	65.973	66.1415
8824	65.973	66.0628
8825	65.973	67.34
8826	65.973	66.5127
8827	65.973	66.4852
8828	65.973	66.3493
8829	65.973	67.7817
8830	65.973	66.266
8831	65.973	66.2497
8832	65.973	66.473
8833	65.973	67.7106
8834	65.973	67.674
8835	65.973	67.9105
8836	65.973	67.2299
8837	65.973	67.8602
8838	65.973	67.4444
8839	65.973	66.5163
8840	65.973	66.3529
8841	65.973	66.1393
8842	65.973	66.0197
8843	65.973	66.5028
8844	65.973	66.3392
8845	65.973	66.8249
8846	65.973	66.8922
8847	65.973	65.973
8848	65.973	65.973
8849	65.973	65.973
8850	65.973	65.973
8851	65.973	65.973
8852	65.973	66.1676
8853	65.973	66.0632
8854	65.973	65.973
8855	65.973	65.973
8856	65.973	65.973
8857	65.973	65.973
8858	65.973	65.973
8859	65.973	66.3316
8860	65.973	66.074
8861	65.973	65.9845
8862	65.973	66.0841
8863	65.973	66.2087
8864	65.973	66.4847
8865	65.973	66.3382
8866	65.973	68.2741
8867	65.973	67.8468
8868	65.973	69.3961
8869	65.973	68.8519
8870	65.973	67.3202
8871	65.973	67.2949
8872	65.973	66.7252
8873	65.973	66.0766
8874	65.973	65.9771
8875	65.973	66.1042
8876	65.973	66.0088
8877	65.973	66.0064
8878	65.973	66.0561
8879	65.973	66.0206
8880	65.973	66.2345
8881	65.973	66.472
8882	65.973	66.1508
8883	65.973	66.4179
8884	65.973	65.973
8885	65.973	65.973
8886	65.973	66.4032
8887	65.973	67.0561
8888	65.973	66.8776
8889	65.973	67.8861
8890	65.973	67.8909
8891	65.973	66.0237
8892	65.973	66.3051
8893	65.973	66.2415
8894	65.973	66.4635
8895	65.973	66.3755
8896	65.973	66.4311
8897	65.973	67.5692
8898	65.973	67.6482
8899	65.973	67.6085
8900	65.973	66.6859
8901	65.973	66.4116
8902	65.973	67.9024
8903	65.973	66.9683
8904	65.973	67.8512
8905	65.973	67.2384
8906	65.973	66.16
8907	65.973	65.973
8908	65.973	65.973
8909	65.973	66.4399
8910	65.973	66.3441
8911	65.973	66.7833
8912	65.973	66.8264
8913	65.973	69.3609
8914	65.973	68.0487
8915	65.973	68.1973
8916	65.973	66.3283
8917	65.973	65.973
8918	65.973	65.973
8919	65.973	65.973
8920	65.973	66.3282
8921	65.973	66.421
8922	65.973	67.16
8923	65.973	66.1735
8924	65.973	66.8523
8925	65.973	68.7818
8926	65.973	70.4495
8927	65.973	69.3849
8928	65.973	69.2188
8929	65.973	66.7385
8930	65.973	66.7541
8931	65.973	65.973
8932	65.973	66.5423
8933	65.973	66.1443
8934	65.973	66.6076
8935	65.973	66.7037
8936	65.973	65.9963
8937	65.973	66.046
8938	65.973	67.1003
8939	65.973	66.9931
8940	65.973	66.6399
8941	65.973	66.5173
8942	65.973	66.4036
8943	65.973	66.3728
8944	65.973	65.973
8945	65.973	66.4291
8946	65.973	66.3163
8947	65.973	67.5512
8948	65.973	66.2912
8949	65.973	67.3682
8950	65.973	67.3922
8951	65.973	66.7027
8952	65.973	67.2361
8953	65.973	67.2428
8954	65.973	67.3947
8955	65.973	66.8872
8956	65.973	68.0169
8957	65.973	67.5408
8958	65.973	66.8747
8959	65.973	65.9901
8960	65.973	66.0249
8961	65.973	66.0554
8962	65.973	66.1805
8963	65.973	66.018
8964	65.973	66.2145
8965	65.973	66.0387
8966	65.973	65.9954
8967	65.973	66.7634
8968	65.973	66.9873
8969	65.973	66.4473
8970	65.973	67.6549
8971	65.973	68.4269
8972	65.973	70.3257
8973	65.973	67.3601
8974	65.973	66.6951
8975	65.973	66.9367
8976	65.973	66.167
8977	65.973	66.0209
8978	65.973	66.1465
8979	65.973	66.1474
8980	65.973	66.6699
8981	65.973	67.6928
8982	65.973	66.9451
8983	65.973	67.2326
8984	65.973	65.973
8985	65.973	66.0332
8986	65.973	66.0826
8987	65.973	66.9805
8988	65.973	67.473
8989	65.973	68.7503
8990	65.973	66.8391
8991	65.973	67.5021
8992	65.973	68.7034
8993	65.973	66.6018
8994	65.973	66.5654
8995	65.973	68.4695
8996	65.973	67.4066
8997	65.973	66.9725
8998	65.973	66.154
8999	65.973	65.973
9000	65.973	65.9801
9001	65.973	66.1881
9002	65.973	66.0541
9003	65.973	66.0505
9004	65.973	67.57
9005	65.973	69.5805
9006	65.973	67.0648
9007	65.973	66.2741
9008	65.973	66.2853
9009	65.973	66.2353
9010	65.973	66.2192
9011	65.973	65.973
9012	65.973	66.0091
9013	65.973	66.0285
9014	65.973	65.973
9015	65.973	65.9842
9016	65.973	66.1217
9017	65.973	66.981
9018	65.973	69.3728
9019	65.973	68.8159
9020	65.973	67.8737
9021	65.973	66.1613
9022	65.973	66.7079
9023	65.973	67.6471
9024	65.973	68.4678
9025	65.973	69.4552
9026	65.973	69.5316
9027	65.973	69.4013
9028	65.973	66.3204
9029	65.973	67.111
9030	65.973	66.4288
9031	65.973	66.1196
9032	65.973	66.4893
9033	65.973	66.1589
9034	65.973	67.433
9035	65.973	67.6862
9036	65.973	69.0309
9037	65.973	67.6112
9038	65.973	69.1788
9039	65.973	66.7885
9040	65.973	66.4265
9041	65.973	65.973
9042	65.973	66.1005
9043	65.973	66.1326
9044	65.973	66.0643
9045	65.973	66.0154
9046	65.973	66.3182
9047	65.973	66.4769
9048	65.973	66.2031
9049	65.973	66.0267
9050	65.973	66.0823
9051	65.973	65.973
9052	65.973	65.9954
9053	65.973	65.973
9054	65.973	66.3043
9055	65.973	66.9783
9056	65.973	66.94
9057	65.973	66.7837
9058	65.973	66.1367
9059	65.973	67.3453
9060	65.973	66.6442
9061	65.973	66.1992
9062	65.973	66.4019
9063	65.973	66.7301
9064	65.973	66.2175
9065	65.973	66.0741
9066	65.973	66.3213
9067	65.973	65.973
9068	65.973	66.4104
9069	65.973	66.6407
9070	65.973	66.4324
9071	65.973	66.5087
9072	65.973	66.2893
9073	65.973	67.543
9074	65.973	66.5966
9075	65.973	67.3625
9076	65.973	69.702
9077	65.973	69.3809
9078	65.973	67.1966
9079	65.973	65.973
9080	65.973	66.1755
9081	65.973	66.04
9082	65.973	66.0771
9083	65.973	66.0193
9084	65.973	65.973
9085	65.973	66.0266
9086	65.973	67.9088
9087	65.973	67.8498
9088	65.973	68.8182
9089	65.973	68.3767
9090	65.973	66.2963
9091	65.973	65.973
9092	65.973	66.0199
9093	65.973	65.973
9094	65.973	66.1208
9095	65.973	65.973
9096	65.973	65.973
9097	65.973	65.973
9098	65.973	65.973
9099	65.973	65.973
9100	65.973	65.9772
9101	65.973	66.2964
9102	65.973	66.1447
9103	65.973	66.45
9104	65.973	66.7813
9105	65.973	67.1303
9106	65.973	66.0598
9107	65.973	66.8539
9108	65.973	66.3926
9109	65.973	66.0879
9110	65.973	66.0497
9111	65.973	66.7265
9112	65.973	66.0873
9113	65.973	66.1398
9114	65.973	66.401
9115	65.973	66.4068
9116	65.973	66.5557
9117	65.973	67.3893
9118	65.973	67.6155
9119	65.973	67.9566
9120	65.973	67.6422
9121	65.973	66.9156
9122	65.973	66.429
9123	65.973	66.4023
9124	65.973	66.2879
9125	65.973	66.1381
9126	65.973	66.3342
9127	65.973	66.0262
9128	65.973	66.2811
9129	65.973	65.973
9130	65.973	66.0273
9131	65.973	66.5617
9132	65.973	66.8529
9133	65.973	66.6526
9134	65.973	66.2586
9135	65.973	66.6461
9136	65.973	66.1157
9137	65.973	66.28
9138	65.973	65.973
9139	65.973	66.2551
9140	65.973	67.1315
9141	65.973	66.9884
9142	65.973	66.9861
9143	65.973	65.973
9144	65.973	65.9853
9145	65.973	66.1454
9146	65.973	66.0795
9147	65.973	65.973
9148	65.973	66.0352
9149	65.973	66.8286
9150	65.973	66.355
9151	65.973	66.2581
9152	65.973	66.2324
9153	65.973	66.4327
9154	65.973	65.973
9155	65.973	65.973
9156	65.973	66.6246
9157	65.973	66.9284
9158	65.973	66.4428
9159	65.973	66.2889
9160	65.973	66.5432
9161	65.973	66.5245
9162	65.973	66.8789
9163	65.973	66.4071
9164	65.973	66.5786
9165	65.973	66.3016
9166	65.973	66.9803
9167	65.973	66.2584
9168	65.973	65.973
9169	65.973	65.973
9170	65.973	66.2966
9171	65.973	65.973
9172	65.973	66.0946
9173	65.973	67.1179
9174	65.973	66.6496
9175	65.973	65.973
9176	65.973	65.973
9177	65.973	65.973
9178	65.973	66.0263
9179	65.973	66.8792
9180	65.973	67.455
9181	65.973	67.4252
9182	65.973	66.8304
9183	65.973	66.1561
9184	65.973	66.4024
9185	65.973	67.1605
9186	65.973	66.1115
9187	65.973	65.973
9188	65.973	66.6253
9189	65.973	66.6824
9190	65.973	66.3357
9191	65.973	67.0692
9192	65.973	67.592
9193	65.973	66.396
9194	65.973	66.1125
9195	65.973	66.623
9196	65.973	67.4048
9197	65.973	68.2172
9198	65.973	66.8573
9199	65.973	66.6491
9200	65.973	66.901
9201	65.973	66.1519
9202	65.973	66.2083
9203	65.973	66.2528
9204	65.973	65.973
9205	65.973	66.6467
9206	65.973	66.3607
9207	65.973	66.0471
9208	65.973	67.0106
9209	65.973	66.5474
9210	65.973	66.8236
9211	65.973	65.973
9212	65.973	65.973
9213	65.973	66.0204
9214	65.973	66.4432
9215	65.973	66.3786
9216	65.973	66.0769
9217	65.973	65.973
9218	65.973	65.973
9219	65.973	65.973
9220	65.973	65.973
9221	65.973	65.973
9222	65.973	65.973
9223	65.973	65.9978
9224	65.973	66.0278
9225	65.973	66.3749
9226	65.973	66.7085
9227	65.973	67.0711
9228	65.973	67.5704
9229	65.973	68.578
9230	65.973	67.1883
9231	65.973	66.683
9232	65.973	66.5702
9233	65.973	66.2264
9234	65.973	65.9904
9235	65.973	66.0224
9236	65.973	66.6338
9237	65.973	66.7408
9238	65.973	67.0709
9239	65.973	66.9769
9240	65.973	66.6507
9241	65.973	66.2763
9242	65.973	66.4975
9243	65.973	66.7095
9244	65.973	66.8212
9245	65.973	66.4936
9246	65.973	66.1599
9247	65.973	66.0264
9248	65.973	66.8194
9249	65.973	69.0191
9250	65.973	67.518
9251	65.973	67.5015
9252	65.973	67.0213
9253	65.973	66.4297
9254	65.973	66.2301
9255	65.973	66.0327
9256	65.973	65.9884
9257	65.973	66.0235
9258	65.973	66.2899
9259	65.973	65.973
9260	65.973	66.388
9261	65.973	67.128
9262	65.973	65.973
9263	65.973	66.1785
9264	65.973	66.0842
9265	65.973	66.4497
9266	65.973	66.9615
9267	65.973	66.3208
9268	65.973	66.0141
9269	65.973	66.7968
9270	65.973	66.518
9271	65.973	65.973
9272	65.973	65.973
9273	65.973	66.1837
9274	65.973	66.0323
9275	65.973	66.494
9276	65.973	66.6568
9277	65.973	66.058
9278	65.973	65.9902
9279	65.973	65.9902
9280	65.973	65.973
9281	65.973	65.973
9282	65.973	65.973
9283	65.973	66.1843
9284	65.973	66.5744
9285	65.973	66.7697
9286	65.973	66.2782
9287	65.973	67.4049
9288	65.973	66.9665
9289	65.973	67.9063
9290	65.973	67.6093
9291	65.973	67.0985
9292	65.973	66.3817
9293	65.973	66.5021
9294	65.973	66.2198
9295	65.973	66.9031
9296	65.973	66.6519
9297	65.973	66.3707
9298	65.973	66.0198
9299	65.973	66.1221
9300	65.973	66.3626
9301	65.973	67.2486
9302	65.973	67.6905
9303	65.973	68.9066
9304	65.973	67.4291
9305	65.973	67.7937
9306	65.973	68.8048
9307	65.973	66.3522
9308	65.973	65.9908
9309	65.973	67.1577
9310	65.973	67.5807
9311	65.973	67.5906
9312	65.973	67.8076
9313	65.973	66.7609
9314	65.973	66.5535
9315	65.973	67.0666
9316	65.973	69.6839
9317	65.973	67.8307
9318	65.973	69.173
9319	65.973	68.672
9320	65.973	68.1538
9321	65.973	66.8073
9322	65.973	66.6579
9323	65.973	66.8833
9324	65.973	66.4608
9325	65.973	66.3921
9326	65.973	66.0466
9327	65.973	66.071
9328	65.973	65.973
9329	65.973	67.2417
9330	65.973	66.3308
9331	65.973	66.21
9332	65.973	66.0903
9333	65.973	66.0454
9334	65.973	66.1569
9335	65.973	66.8733
9336	65.973	68.238
9337	65.973	67.3663
9338	65.973	66.9981
9339	65.973	67.1013
9340	65.973	66.0085
9341	65.973	65.973
9342	65.973	65.9868
9343	65.973	65.973
9344	65.973	66.3562
9345	65.973	66.249
9346	65.973	66.0851
9347	65.973	66.95
9348	65.973	66.4207
9349	65.973	65.973
9350	65.973	66.0303
9351	65.973	65.973
9352	65.973	65.973
9353	65.973	66.0528
9354	65.973	66.049
9355	65.973	67.2074
9356	65.973	66.3436
9357	65.973	66.8127
9358	65.973	65.973
9359	65.973	66.0448
9360	65.973	65.973
9361	65.973	66.1791
9362	65.973	66.4909
9363	65.973	66.4816
9364	65.973	65.973
9365	65.973	66.2145
9366	65.973	66.2189
9367	65.973	66.6049
9368	65.973	67.3
9369	65.973	66.5648
9370	65.973	67.5558
9371	65.973	66.3852
9372	65.973	66.5119
9373	65.973	66.0964
9374	65.973	65.973
9375	65.973	66.6413
9376	65.973	66.7808
9377	65.973	67.1546
9378	65.973	67.4759
9379	65.973	67.3064
9380	65.973	66.4352
9381	65.973	66.0008
9382	65.973	65.973
9383	65.973	65.973
9384	65.973	66.4742
9385	65.973	66.05
9386	65.973	66.1691
9387	65.973	66.0939
9388	65.973	66.0616
9389	65.973	66.0318
9390	65.973	66.1969
9391	65.973	66.6687
9392	65.973	66.1839
9393	65.973	66.0051
9394	65.973	66.2525
9395	65.973	65.973
9396	65.973	66.2276
9397	65.973	66.3966
9398	65.973	66.8447
9399	65.973	67.6359
9400	65.973	67.3631
9401	65.973	66.1742
9402	65.973	66.0429
9403	65.973	65.973
9404	65.973	66.3943
9405	65.973	66.0317
9406	65.973	66.1294
9407	65.973	66.5051
9408	65.973	67.2823
9409	65.973	65.9878
9410	65.973	66.1218
9411	65.973	67.0513
9412	65.973	66.0205
9413	65.973	65.9889
9414	65.973	65.973
9415	65.973	65.973
9416	65.973	66.1645
9417	65.973	66.0086
9418	65.973	66.009
9419	65.973	66.3929
9420	65.973	66.1149
9421	65.973	65.973
9422	65.973	66.2966
9423	65.973	66.8214
9424	65.973	67.914
9425	65.973	68.1074
9426	65.973	68.771
9427	65.973	68.4141
9428	65.973	67.1113
9429	65.973	67.1854
9430	65.973	66.8821
9431	65.973	68.0311
9432	65.973	67.4291
9433	65.973	67.7848
9434	65.973	67.4491
9435	65.973	66.5335
9436	65.973	66.8774
9437	65.973	67.0739
9438	65.973	66.8146
9439	65.973	66.6242
9440	65.973	66.3325
9441	65.973	68.3048
9442	65.973	67.6843
9443	65.973	69.5267
9444	65.973	68.7924
9445	65.973	66.5481
9446	65.973	66.1735
9447	65.973	66.9187
9448	65.973	66.8438
9449	65.973	66.7976
9450	65.973	66.1473
9451	65.973	66.1421
9452	65.973	66.1094
9453	65.973	66.0246
9454	65.973	66.3098
9455	65.973	66.1088
9456	65.973	66.0824
9457	65.973	66.7477
9458	65.973	66.4604
9459	65.973	66.3865
9460	65.973	66.1724
9461	65.973	65.973
9462	65.973	65.973
9463	65.973	66.2822
9464	65.973	65.973
9465	65.973	65.973
9466	65.973	65.973
9467	65.973	66.06
9468	65.973	66.0948
9469	65.973	65.973
9470	65.973	66.2475
9471	65.973	66.1463
9472	65.973	66.4235
9473	65.973	66.6357
9474	65.973	67.5602
9475	65.973	67.561
9476	65.973	66.0851
9477	65.973	65.973
9478	65.973	66.0705
9479	65.973	66.1164
9480	65.973	66.2515
9481	65.973	66.6899
9482	65.973	67.2438
9483	65.973	67.3748
9484	65.973	67.6097
9485	65.973	69.0368
9486	65.973	67.2274
9487	65.973	66.2311
9488	65.973	67.1678
9489	65.973	67.2675
9490	65.973	66.865
9491	65.973	68.0294
9492	65.973	66.6262
9493	65.973	67.5872
9494	65.973	67.9348
9495	65.973	67.6371
9496	65.973	66.4587
9497	65.973	66.9798
9498	65.973	67.2044
9499	65.973	66.8037
9500	65.973	66.4855
9501	65.973	66.6436
9502	65.973	66.6947
9503	65.973	66.2429
9504	65.973	66.3057
9505	65.973	65.9941
9506	65.973	66.0557
9507	65.973	66.4527
9508	65.973	67.4406
9509	65.973	65.973
9510	65.973	66.4956
9511	65.973	66.7109
9512	65.973	67.5768
9513	65.973	67.2352
9514	65.973	67.4185
9515	65.973	66.5036
9516	65.973	66.283
9517	65.973	66.1301
9518	65.973	66.0817
9519	65.973	66.1003
9520	65.973	66.143
9521	65.973	65.973
9522	65.973	65.987
9523	65.973	66.4255
9524	65.973	66.0735
9525	65.973	66.8113
9526	65.973	66.0076
9527	65.973	66.8339
9528	65.973	66.8392
9529	65.973	68.1786
9530	65.973	66.8912
9531	65.973	66.183
9532	65.973	66.1274
9533	65.973	66.0343
9534	65.973	66.1396
9535	65.973	66.1858
9536	65.973	66.856
9537	65.973	68.554
9538	65.973	68.3481
9539	65.973	66.9882
9540	65.973	66.6936
9541	65.973	66.4741
9542	65.973	65.9995
9543	65.973	65.973
9544	65.973	65.9835
9545	65.973	65.973
9546	65.973	65.9885
9547	65.973	66.5565
9548	65.973	66.1143
9549	65.973	67.3481
9550	65.973	66.3365
9551	65.973	66.2115
9552	65.973	67.0572
9553	65.973	66.173
9554	65.973	67.8084
9555	65.973	66.7958
9556	65.973	67.9062
9557	65.973	69.2567
9558	65.973	68.4881
9559	65.973	67.1507
9560	65.973	67.1513
9561	65.973	66.9545
9562	65.973	66.12
9563	65.973	66.3158
9564	65.973	66.1555
9565	65.973	66.1224
9566	65.973	65.973
9567	65.973	66.2184
9568	65.973	66.063
9569	65.973	66.4696
9570	65.973	66.7757
9571	65.973	67.1916
9572	65.973	67.4635
9573	65.973	67.4725
9574	65.973	67.7075
9575	65.973	66.4463
9576	65.973	66.4321
9577	65.973	66.9326
9578	65.973	66.2801
9579	65.973	66.3088
9580	65.973	66.2927
9581	65.973	66.4621
9582	65.973	66.8901
9583	65.973	67.4219
9584	65.973	66.5842
9585	65.973	66.897
9586	65.973	66.5351
9587	65.973	66.066
9588	65.973	66.8099
9589	65.973	66.6637
9590	65.973	67.1397
9591	65.973	66.0221
9592	65.973	66.2484
9593	65.973	65.973
9594	65.973	66.0744
9595	65.973	66.0306
9596	65.973	65.973
9597	65.973	65.9826
9598	65.973	65.9994
9599	65.973	66.1191
9600	65.973	66.135
9601	65.973	66.0197
9602	65.973	65.973
9603	65.973	65.9867
9604	65.973	66.2555
9605	65.973	66.3499
9606	65.973	65.973
9607	65.973	66.3038
9608	65.973	66.4702
9609	65.973	66.6462
9610	65.973	66.2901
9611	65.973	66.2099
9612	65.973	66.2673
9613	65.973	66.2091
9614	65.973	67.0137
9615	65.973	66.4424
9616	65.973	67.3463
9617	65.973	66.1037
9618	65.973	66.6009
9619	65.973	66.4671
9620	65.973	66.6418
9621	65.973	67.1607
9622	65.973	66.209
9623	65.973	66.0703
9624	65.973	66.0407
9625	65.973	67.1369
9626	65.973	67.0392
9627	65.973	67.0087
9628	65.973	67.4256
9629	65.973	65.973
9630	65.973	66.029
9631	65.973	65.973
9632	65.973	65.973
9633	65.973	65.973
9634	65.973	65.973
9635	65.973	66.0129
9636	65.973	66.2058
9637	65.973	66.0931
9638	65.973	66.3654
9639	65.973	67.0402
9640	65.973	67.2018
9641	65.973	66.1045
9642	65.973	66.0795
9643	65.973	66.1218
9644	65.973	66.083
9645	65.973	65.973
9646	65.973	66.6243
9647	65.973	69.1124
9648	65.973	69.2069
9649	65.973	70.0959
9650	65.973	68.8985
9651	65.973	68.0749
9652	65.973	66.1043
9653	65.973	66.0189
9654	65.973	66.0193
9655	65.973	66.0472
9656	65.973	66.3265
9657	65.973	65.973
9658	65.973	66.0918
9659	65.973	67.3139
9660	65.973	66.3014
9661	65.973	66.6801
9662	65.973	67.7321
9663	65.973	67.037
9664	65.973	66.1678
9665	65.973	66.0359
9666	65.973	66.0665
9667	65.973	66.3076
9668	65.973	66.6582
9669	65.973	66.5043
9670	65.973	66.9181
9671	65.973	67.3365
9672	65.973	66.4348
9673	65.973	66.4748
9674	65.973	66.1652
9675	65.973	66.0205
9676	65.973	65.973
9677	65.973	66.0079
9678	65.973	65.9976
9679	65.973	67.2851
9680	65.973	67.6036
9681	65.973	66.3229
9682	65.973	66.222
9683	65.973	67.4471
9684	65.973	66.7539
9685	65.973	66.8666
9686	65.973	67.7087
9687	65.973	66.3424
9688	65.973	66.3719
9689	65.973	66.518
9690	65.973	66.5976
9691	65.973	66.2029
9692	65.973	65.973
9693	65.973	65.973
9694	65.973	66.2091
9695	65.973	67.0778
9696	65.973	66.1963
9697	65.973	66.8656
9698	65.973	68.5857
9699	65.973	68.6461
9700	65.973	67.6238
9701	65.973	67.5158
9702	65.973	66.2162
9703	65.973	66.6805
9704	65.973	66.691
9705	65.973	67.2107
9706	65.973	65.973
9707	65.973	66.248
9708	65.973	65.973
9709	65.973	65.9952
9710	65.973	65.973
9711	65.973	66.0474
9712	65.973	66.0731
9713	65.973	66.1547
9714	65.973	65.973
9715	65.973	66.0248
9716	65.973	66.0587
9717	65.973	65.973
9718	65.973	65.973
9719	65.973	66.1948
9720	65.973	66.3239
9721	65.973	66.2891
9722	65.973	66.437
9723	65.973	66.0536
9724	65.973	67.5368
9725	65.973	68.2733
9726	65.973	67.9973
9727	65.973	67.5164
9728	65.973	67.7196
9729	65.973	66.0993
9730	65.973	67.4334
9731	65.973	66.326
9732	65.973	66.6893
9733	65.973	66.292
9734	65.973	65.973
9735	65.973	65.973
9736	65.973	65.973
9737	65.973	65.973
9738	65.973	66.2834
9739	65.973	68.0044
9740	65.973	67.7288
9741	65.973	66.7706
9742	65.973	68.1772
9743	65.973	67.4543
9744	65.973	67.7073
9745	65.973	66.2906
9746	65.973	67.4987
9747	65.973	66.6835
9748	65.973	66.6568
9749	65.973	66.2833
9750	65.973	67.0392
9751	65.973	66.4728
9752	65.973	66.3414
9753	65.973	66.9006
9754	65.973	66.0121
9755	65.973	65.973
9756	65.973	65.973
9757	65.973	65.973
9758	65.973	65.973
9759	65.973	65.9868
9760	65.973	66.2202
9761	65.973	66.6102
9762	65.973	66.1681
9763	65.973	65.9926
9764	65.973	66.1162
9765	65.973	65.973
9766	65.973	65.973
9767	65.973	66.089
9768	65.973	65.973
9769	65.973	65.973
9770	65.973	65.973
9771	65.973	65.973
9772	65.973	66.2904
9773	65.973	65.9853
9774	65.973	66.2837
9775	65.973	66.7321
9776	65.973	66.6087
9777	65.973	67.3939
9778	65.973	66.9045
9779	65.973	67.8337
9780	65.973	66.565
9781	65.973	66.4243
9782	65.973	66.1027
9783	65.973	66.4396
9784	65.973	66.3536
9785	65.973	66.7223
9786	65.973	66.7574
9787	65.973	66.8748
9788	65.973	66.2308
9789	65.973	66.3588
9790	65.973	65.973
9791	65.973	67.1959
9792	65.973	67.7823
9793	65.973	66.508
9794	65.973	66.2248
9795	65.973	65.973
9796	65.973	65.973
9797	65.973	66.0087
9798	65.973	66.0929
9799	65.973	66.3136
9800	65.973	66.5132
9801	65.973	65.973
9802	65.973	66.1794
9803	65.973	68.3497
9804	65.973	67.5513
9805	65.973	66.2559
9806	65.973	66.4806
9807	65.973	66.3776
9808	65.973	66.8576
9809	65.973	66.0176
9810	65.973	65.973
9811	65.973	65.973
9812	65.973	65.973
9813	65.973	65.973
9814	65.973	65.973
9815	65.973	66.0024
9816	65.973	65.973
9817	65.973	65.973
9818	65.973	65.973
9819	65.973	65.973
9820	65.973	65.973
9821	65.973	66.5499
9822	65.973	66.4391
9823	65.973	65.973
9824	65.973	65.973
9825	65.973	66.4197
9826	65.973	66.3326
9827	65.973	66.8996
9828	65.973	66.2739
9829	65.973	66.0906
9830	65.973	66.0349
9831	65.973	66.0453
9832	65.973	66.1114
9833	65.973	66.0187
9834	65.973	65.973
9835	65.973	65.973
9836	65.973	66.6901
9837	65.973	66.9261
9838	65.973	65.9899
9839	65.973	66.0268
9840	65.973	66.183
9841	65.973	66.0014
9842	65.973	66.3824
9843	65.973	66.2165
9844	65.973	66.0281
9845	65.973	65.973
9846	65.973	66.2355
9847	65.973	66.1998
9848	65.973	66.4885
9849	65.973	66.7996
9850	65.973	66.0781
9851	65.973	65.973
9852	65.973	65.973
9853	65.973	65.9803
9854	65.973	65.973
9855	65.973	66.0988
9856	65.973	67.1947
9857	65.973	66.1016
9858	65.973	66.1577
9859	65.973	66.0547
9860	65.973	66.1454
9861	65.973	66.1901
9862	65.973	65.9908
9863	65.973	66.7158
9864	65.973	65.973
9865	65.973	66.0431
9866	65.973	66.5243
9867	65.973	66.1549
9868	65.973	66.0229
9869	65.973	66.347
9870	65.973	66.4323
9871	65.973	66.0439
9872	65.973	67.5265
9873	65.973	67.9532
9874	65.973	68.4162
9875	65.973	68.0806
9876	65.973	66.3028
9877	65.973	65.973
9878	65.973	66.3636
9879	65.973	67.0438
9880	65.973	67.8483
9881	65.973	67.2862
9882	65.973	67.1593
9883	65.973	67.7347
9884	65.973	68.4302
9885	65.973	66.5626
9886	65.973	67.5063
9887	65.973	68.0318
9888	65.973	68.3587
9889	65.973	66.6673
9890	65.973	67.0016
9891	65.973	66.5605
9892	65.973	66.753
9893	65.973	67.4361
9894	65.973	67.8385
9895	65.973	67.4821
9896	65.973	66.4776
9897	65.973	67.5078
9898	65.973	66.6748
9899	65.973	66.4737
9900	65.973	66.7834
9901	65.973	66.9244
9902	65.973	65.9803
9903	65.973	66.1913
9904	65.973	66.5147
9905	65.973	65.9885
9906	65.973	66.0431
9907	65.973	66.3895
9908	65.973	66.5095
9909	65.973	66.8737
9910	65.973	66.336
9911	65.973	66.5554
9912	65.973	65.9845
9913	65.973	65.973
9914	65.973	65.9917
9915	65.973	66.1403
9916	65.973	66.3305
9917	65.973	66.1496
9918	65.973	66.3553
9919	65.973	65.973
9920	65.973	67.4974
9921	65.973	67.9411
9922	65.973	66.8919
9923	65.973	66.3846
9924	65.973	66.7502
9925	65.973	66.4185
9926	65.973	66.418
9927	65.973	66.8913
9928	65.973	65.973
9929	65.973	65.9988
9930	65.973	65.973
9931	65.973	66.191
9932	65.973	66.2744
9933	65.973	68.1134
9934	65.973	68.4273
9935	65.973	67.0831
9936	65.973	66.0002
9937	65.973	66.4026
9938	65.973	66.3105
9939	65.973	66.2486
9940	65.973	66.6136
9941	65.973	66.2975
9942	65.973	66.5429
9943	65.973	66.7165
9944	65.973	66.8492
9945	65.973	66.9874
9946	65.973	66.3137
9947	65.973	66.779
9948	65.973	66.7862
9949	65.973	66.0982
9950	65.973	65.973
9951	65.973	66.2813
9952	65.973	65.9919
9953	65.973	66.0399
9954	65.973	67.066
9955	65.973	67.2627
9956	65.973	66.6295
9957	65.973	68.2851
9958	65.973	67.3885
9959	65.973	66.3427
9960	65.973	66.0375
9961	65.973	66.6316
9962	65.973	67.4223
9963	65.973	67.0671
9964	65.973	66.8284
9965	65.973	67.6423
9966	65.973	66.0743
9967	65.973	65.973
9968	65.973	66.1663
9969	65.973	65.973
9970	65.973	65.9984
9971	65.973	66.3095
9972	65.973	66.689
9973	65.973	66.3739
9974	65.973	68.5413
9975	65.973	67.1621
9976	65.973	67.316
9977	65.973	68.2911
9978	65.973	67.2747
9979	65.973	66.7562
9980	65.973	66.9383
9981	65.973	66.2013
9982	65.973	65.9834
9983	65.973	66.7501
9984	65.973	67.0898
9985	65.973	66.9904
9986	65.973	68.334
9987	65.973	68.4911
9988	65.973	67.1779
9989	65.973	67.5921
9990	65.973	66.3756
9991	65.973	66.8627
9992	65.973	66.3952
9993	65.973	67.513
9994	65.973	66.8948
9995	65.973	66.5011
9996	65.973	66.295
9997	65.973	66.3941
9998	65.973	66.2178
9999	65.973	66.0745
