0	451.625	475.159
1	429.887	465.059
2	419.035	453.854
3	419.035	440.514
4	416.279	430.215
5	412.668	426.546
6	403.397	420.439
7	385.491	412.999
8	383.443	406.211
9	360.688	396.042
10	357.639	383.514
11	357.639	369.078
12	355.854	364.504
13	355.854	359.857
14	347.691	356.795
15	342.45	353.737
16	342.45	351.999
17	333.572	347.331
18	333.431	346.917
19	333.431	342.577
20	330.435	338.069
21	330.435	336.36
22	323.353	333.258
23	321.644	330.747
24	321.271	325.806
25	308.019	323.278
26	308.019	321.002
27	305.856	317.379
28	302.455	312.067
29	302.455	309.234
30	301.049	307.694
31	299.462	305.492
32	299.462	303.541
33	296.949	302.427
34	294.462	300.354
35	291.077	299.601
36	290.933	299.422
37	283.733	296.483
38	283.733	294.517
39	283.733	293.498
40	280.292	290.336
41	279.881	285.963
42	278.82	283.85
43	278.739	281.904
44	276.113	280.332
45	271.332	278.052
46	271.332	276.407
47	271.332	275.631
48	268.484	274.378
49	267.153	273.722
50	259.989	272.088
51	259.989	268.416
52	259.989	265.741
53	259.989	263.06
54	258.79	261.91
55	253.279	260.491
56	248.427	257.455
57	248.427	256.203
58	247.321	254.96
59	247.107	254.373
60	244.911	252.517
61	244.911	250.763
62	243.448	248.569
63	243.368	249.851
64	243.092	246.595
65	240.964	245.444
66	240.964	244.397
67	240.359	243.259
68	239.673	242.381
69	238.747	242.73
70	238.326	241.527
71	237.89	241.384
72	230.217	239.248
73	229.907	238.318
74	229.907	236.375
75	224.531	235.491
76	224.531	234.658
77	224.531	230.107
78	223.298	227.209
79	221.32	225.678
80	220.193	224.232
81	220.193	222.809
82	220.193	222.062
83	219.775	222.07
84	216.719	220.838
85	216.719	221.387
86	216.719	219.438
87	214.651	219.174
88	214.511	218.495
89	214.511	218.302
90	214.511	216.766
91	213.518	215.941
92	213.518	215.859
93	210.197	215.039
94	209.204	213.435
95	207.735	212.121
96	207.735	211.077
97	206.95	210.19
98	206.95	208.944
99	206.95	208.316
100	205.563	207.493
101	191.916	205.083
102	191.916	202.744
103	191.916	196.686
104	191.916	195.018
105	191.916	194.545
106	190.825	193.683
107	190.825	194.158
108	190.525	192.856
109	190.525	191.897
110	190.353	191.009
111	189.713	191.718
112	188.165	191.439
113	188.165	190.417
114	187.746	190.78
115	187.746	189.793
116	187.746	189.407
117	187.746	189.916
118	187.746	189.847
119	187.633	190.146
120	187.633	188.64
121	186.751	189.129
122	186.751	189.598
123	186.751	191.366
124	186.751	193.835
125	186.751	192.15
126	186.751	190.362
127	185.827	189.458
128	185.179	191.272
129	185.179	189.834
130	185.179	189.149
131	185.179	188.735
132	184.249	188.291
133	184.249	188.03
134	182.243	188.034
135	182.243	185.895
136	182.243	184.941
137	182.218	183.364
138	180.738	183.284
139	180.491	183.015
140	180.365	181.695
141	180.365	182.18
142	178.86	182.272
143	178.044	182.049
144	178.044	180.431
145	176.889	180.588
146	176.794	182.192
147	176.794	182.402
148	176.794	180.213
149	176.794	179.795
150	176.794	179.996
151	174.584	177.676
152	174.584	177.018
153	174.584	175.785
154	174.209	175.108
155	173.911	174.588
156	173.911	174.352
157	173.264	175.411
158	172.387	174.559
159	172.387	174.616
160	172.387	174.143
161	172.387	173.239
162	171.109	173.445
163	171.109	172.939
164	171.109	172.463
165	171.109	172.145
166	165.666	171.382
167	164.894	171.409
168	164.894	170.595
169	164.894	168.806
170	164.894	166.818
171	164.894	166.21
172	164.894	165.168
173	164.894	164.899
174	162.37	164.842
175	162.263	165.072
176	162.235	164.28
177	162.129	163.148
178	161.194	162.624
179	161.194	163.244
180	160.606	163.933
181	160.606	162.169
182	160.606	161.867
183	160.606	162.552
184	160.606	161.891
185	160.46	161.364
186	160.46	162.347
187	159.823	162.337
188	159.823	161.576
189	159.823	162.126
190	159.284	160.787
191	159.284	161.2
192	158.502	161.667
193	158.502	160.153
194	158.502	158.982
195	155.836	158.879
196	155.836	159.258
197	155.836	158.342
198	155.027	157.275
199	155.027	157.257
200	155.027	157.473
201	155.027	156.147
202	155.027	157.225
203	154.17	156.213
204	154.17	156.261
205	154.17	155.8
206	154.17	154.857
207	154.131	155.755
208	154.131	154.441
209	154.131	154.418
210	154.067	154.388
211	154.067	154.461
212	154.067	154.822
213	152.978	154.836
214	152.978	154.262
215	152.57	154.361
216	152.533	154.606
217	152.509	154.193
218	150.202	153.529
219	150.202	155.237
220	150.202	155.085
221	150.202	154.379
222	150.202	152.311
223	150.202	152.415
224	150.202	153.852
225	150.202	152.185
226	150.202	151.096
227	149.5	150.84
228	149.5	150.285
229	149.488	150.861
230	148.222	151.011
231	148.222	150.852
232	147.751	150.799
233	147.751	151.522
234	147.751	152.354
235	147.751	150.323
236	147.751	150.287
237	147.301	148.728
238	147.301	148.668
239	147.301	147.842
240	147.301	148.368
241	147.301	147.921
242	147.301	147.853
243	147.301	149.887
244	144.743	149.513
245	144.743	148.259
246	144.743	148.809
247	144.47	147.442
248	144.47	146.244
249	144.47	145.977
250	144.442	146.451
251	144.308	146.343
252	143.126	145.374
253	142.197	144.894
254	142.197	145.203
255	142.197	143.815
256	142.197	143.452
257	142.197	142.985
258	142.197	143.477
259	142.197	143.695
260	139.685	143.143
261	139.685	142.81
262	135.461	141.466
263	135.461	142.03
264	135.461	141.172
265	135.461	139.622
266	134.21	137.361
267	134.21	136.905
268	134.21	136.993
269	134.21	137.19
270	134.21	135.226
271	134.21	135.14
272	134.21	134.215
273	134.21	134.285
274	134.21	134.448
275	134.21	134.26
276	134.21	134.25
277	134.21	134.54
278	134.21	134.21
279	134.21	134.431
280	133.419	134.321
281	133.19	134.132
282	133.19	134.363
283	131.427	133.739
284	131.427	133.32
285	131.427	133.029
286	131.198	132.647
287	131.198	131.969
288	131.198	132.167
289	131.198	132.791
290	129.344	132.645
291	129.344	132.344
292	129.344	133.043
293	128.587	132.218
294	127.306	130.972
295	127.306	131.646
296	127.306	132.376
297	127.306	129.665
298	127.306	132.751
299	127.248	135.018
300	127.248	133.652
301	127.248	133.084
302	126.761	132.109
303	126.246	132.594
304	126.246	132.188
305	126.246	130.775
306	126.246	130.362
307	126.246	132.207
308	126.246	129.358
309	126.246	130.656
310	126.246	130.141
311	126.246	126.35
312	126.246	128.947
313	126.246	127.673
314	126.246	127.496
315	126.246	127.037
316	126.246	126.446
317	125.723	126.873
318	125.723	127.094
319	125.723	127.057
320	124.867	126.347
321	124.867	125.802
322	124.867	125.495
323	124.867	125.275
324	124.867	125.073
325	124.867	125.296
326	124.867	126.775
327	124.867	125.262
328	124.867	125.619
329	124.867	125.025
330	124.867	125.264
331	124.867	125.874
332	124.867	125.325
333	124.867	125.919
334	124.394	125.751
335	124.394	124.948
336	124.394	125.714
337	124.394	128.482
338	124.394	126.433
339	124.044	125.889
340	124.044	124.589
341	124.044	124.417
342	122.81	124.714
343	122.81	125.294
344	122.81	125.684
345	122.81	124.504
346	122.81	125.394
347	122.81	125.528
348	122.81	123.525
349	122.81	123.839
350	122.81	123.247
351	122.81	122.962
352	122.81	122.857
353	122.234	122.974
354	122.234	123.069
355	122.234	122.621
356	121.773	122.345
357	121.773	122.279
358	121.773	122.551
359	121.773	122.144
360	121.412	121.852
361	121.412	121.885
362	121.412	122.205
363	121.412	122.026
364	121.412	121.52
365	121.169	121.479
366	121.012	121.648
367	120.191	122.911
368	120.191	122.261
369	120.191	123.095
370	119.563	121.465
371	119.563	120.741
372	119.563	121.105
373	119.563	119.992
374	119.198	120.007
375	119.198	119.512
376	119.198	119.699
377	119.198	119.326
378	119.198	120.092
379	119.198	119.95
380	119.198	120.55
381	119.198	119.485
382	119.198	119.51
383	119.198	119.399
384	119.198	119.333
385	117.633	119.236
386	116.466	119.173
387	116.466	118.656
388	116.466	118.462
389	116.466	119.29
390	116.466	118.91
391	116.466	119.13
392	116.466	117.248
393	116.458	117.754
394	116.458	116.709
395	116.458	117.319
396	116.458	117.021
397	116.458	117.749
398	116.458	116.826
399	116.458	116.459
400	116.458	116.741
401	113.65	117.906
402	113.575	120.379
403	112.471	121.341
404	112.471	122.328
405	112.471	122.483
406	112.471	122.963
407	112.471	119.083
408	112.471	115.223
409	111.593	114.719
410	111.593	113.978
411	111.593	114.68
412	111.593	115.376
413	111.593	116.135
414	111.593	116.444
415	111.593	116.165
416	111.593	116.214
417	111.593	115.795
418	111.593	114.86
419	111.593	113.052
420	111.593	111.837
421	111.593	112.116
422	111.593	111.593
423	111.593	113.705
424	111.593	113.481
425	111.593	111.943
426	111.593	111.946
427	111.593	112.139
428	111.372	112.121
429	111.372	113.096
430	111.372	114.088
431	111.372	112.959
432	111.372	112.969
433	110.933	114.216
434	110.933	111.691
435	110.933	111.373
436	110.065	111.285
437	110.065	113.129
438	110.065	113.683
439	110.065	112.668
440	110.065	111.289
441	110.065	111.636
442	110.065	112.568
443	110.065	114.125
444	110.065	113.366
445	110.049	111.351
446	110.049	110.783
447	110.049	111.071
448	109.852	110.859
449	109.852	110.204
450	109.852	110.455
451	109.852	111.006
452	109.443	110.337
453	109.443	110.58
454	109.443	110.526
455	109.443	111.492
456	109.443	112.029
457	109.443	110.624
458	109.443	110.56
459	109.443	110.964
460	109.343	110.736
461	109.343	109.858
462	108.362	109.413
463	108.362	109.234
464	108.362	109.045
465	108.362	108.939
466	108.362	108.804
467	108.284	109.253
468	108.284	110.236
469	107.749	110.644
470	107.591	111.061
471	107.591	109.614
472	106.406	109.007
473	106.306	107.559
474	106.147	107.861
475	106.147	108.369
476	106.147	106.744
477	106.147	106.696
478	106.147	106.438
479	106.147	106.257
480	106.147	106.317
481	106.147	107.38
482	106.147	106.949
483	106.147	107.791
484	106.147	106.541
485	106.147	106.165
486	105.583	106.282
487	105.785	107.002
488	105.785	108.08
489	105.785	106.164
490	105.785	108.83
491	105.785	107.197
492	105.785	107.53
493	105.681	106.571
494	105.681	106.086
495	105.681	105.751
496	105.681	105.698
497	105.681	105.693
498	105.681	105.687
499	105.681	105.683
500	105.681	105.883
501	98.8065	105.799
502	98.8065	107.638
503	98.8065	106.446
504	98.8065	107.328
505	98.8065	108.699
506	98.8065	109.677
507	98.8065	108.79
508	98.3553	104.53
509	98.3553	102.721
510	98.3553	102.45
511	98.3553	101.207
512	98.3553	101.907
513	98.1359	99.6723
514	98.1359	99.6343
515	98.1359	99.3962
516	98.1359	98.9853
517	98.1359	100.757
518	98.1359	99.2098
519	98.1359	99.6609
520	98.1359	99.3018
521	98.1359	99.1358
522	98.1359	98.3181
523	98.1359	98.1534
524	97.3851	98.1773
525	97.3851	98.2175
526	97.3851	98.9903
527	96.6956	97.8207
528	96.6956	97.5728
529	96.6956	97.2153
530	96.5968	97.0323
531	96.5968	96.8187
532	96.5968	96.728
533	96.5968	96.6924
534	96.5968	96.6886
535	96.5968	96.7609
536	96.5968	96.8083
537	96.5968	97.1393
538	96.5968	97.0157
539	96.5968	96.5968
540	96.5968	97.0438
541	96.5968	97.5543
542	96.5968	97.4747
543	96.5968	97.352
544	96.5968	96.8261
545	96.5968	97.1086
546	96.5968	97.7068
547	96.5968	97.8809
548	96.5968	97.1102
549	96.5968	97.0746
550	96.5968	96.6741
551	96.5968	96.6687
552	96.5968	97.3573
553	96.5968	97.0426
554	96.5968	96.861
555	96.5968	97.1664
556	96.5968	96.7187
557	96.5968	96.6037
558	96.5968	97.2214
559	96.1539	97.6238
560	95.3235	97.016
561	95.3235	96.8999
562	95.3235	97.1102
563	95.3235	95.5583
564	95.3235	96.0115
565	95.3235	98.1547
566	95.3235	99.0114
567	95.3235	96.3975
568	95.3235	97.1399
569	95.1859	96.7647
570	95.1859	95.8894
571	95.1859	95.2687
572	95.1859	96.5641
573	95.1859	96.7408
574	95.1859	96.8168
575	95.1859	97.1083
576	95.1859	95.5316
577	95.1859	95.7653
578	95.1859	95.7814
579	95.1279	95.4189
580	95.1279	95.4632
581	95.1279	95.2316
582	95.1279	95.3305
583	95.1279	96.2899
584	95.1279	96.0778
585	93.857	96.307
586	93.857	95.1565
587	93.857	94.5861
588	93.857	94.3416
589	93.857	94.0324
590	93.857	93.9567
591	93.857	93.885
592	93.857	93.8823
593	93.857	94.5333
594	93.857	95.3487
595	93.857	94.7367
596	93.7351	94.3806
597	93.7351	94.0701
598	93.7351	94.2318
599	93.0452	94.6486
600	93.0452	93.9626
601	92.5661	94.6111
602	92.5661	94.3059
603	92.5661	94.6812
604	92.5661	95.0752
605	92.5661	95.4862
606	92.5661	94.6612
607	92.5661	96.3466
608	92.5661	95.7367
609	92.5661	93.382
610	92.5661	93.825
611	92.5661	94.2577
612	92.5661	92.9639
613	92.5661	92.7917
614	92.1361	92.849
615	92.1361	92.6081
616	92.1361	92.8836
617	92.1361	92.6461
618	92.1361	93.5995
619	92.1361	92.3342
620	92.1361	92.2602
621	92.1361	92.316
622	92.1361	92.6162
623	92.1361	92.2175
624	92.1361	93.3715
625	92.1361	93.562
626	92.1361	93.803
627	92.1361	93.167
628	92.1361	93.9559
629	92.1361	95.0706
630	92.1361	92.7561
631	92.1361	93.3874
632	92.1361	92.5848
633	91.9686	93.123
634	91.9686	94.3091
635	91.9686	93.8449
636	91.9686	93.0615
637	91.9686	92.5497
638	91.9686	93.136
639	91.9686	92.5397
640	91.9686	93.9578
641	91.9686	95.237
642	91.9686	94.7878
643	91.9686	93.4003
644	91.9686	93.373
645	91.9686	94.2076
646	91.9686	94.7907
647	91.9686	93.4131
648	91.9686	92.0543
649	91.9686	92.7997
650	91.7443	92.103
651	91.7443	92.8151
652	91.7443	94.2513
653	91.7443	94.1537
654	91.7443	92.9876
655	91.7443	92.9543
656	91.7443	92.1898
657	91.7443	91.938
658	91.7443	92.8966
659	91.7443	91.8742
660	91.7443	92.8637
661	91.7443	91.965
662	91.7443	92.5105
663	91.7443	92.7569
664	91.7443	93.9664
665	91.7443	92.4259
666	91.6368	91.7421
667	91.6368	91.7271
668	91.6368	91.9759
669	91.6368	91.9872
670	91.6368	91.894
671	91.6277	91.8205
672	91.6277	92.4544
673	91.6277	91.6833
674	91.6277	91.8176
675	91.6277	91.6747
676	91.6277	91.7696
677	91.6277	91.7794
678	91.5168	91.6254
679	91.5168	91.9529
680	91.5168	91.5922
681	91.5168	91.5951
682	91.5168	91.911
683	91.5168	91.6741
684	91.5168	92.4068
685	91.5168	92.3154
686	91.5168	92.4049
687	91.5168	92.103
688	91.5168	91.6229
689	91.5168	91.5397
690	91.5168	91.6585
691	91.5168	91.676
692	91.5168	91.5811
693	91.5168	91.8377
694	91.5168	92.3445
695	91.5168	94.0067
696	90.8726	92.3759
697	90.8726	91.468
698	90.8726	91.6206
699	90.8726	93.9792
700	90.8726	94.2502
701	90.8726	94.2551
702	90.8726	93.0985
703	90.4455	91.8333
704	90.4455	91.2625
705	90.4455	92.097
706	90.4455	93.3745
707	90.3502	92.199
708	90.3502	94.5337
709	90.3502	92.7924
710	90.3502	92.3934
711	90.3502	91.8506
712	90.3502	90.994
713	90.3502	90.5903
714	90.3502	90.642
715	90.3502	90.6094
716	90.3502	90.6193
717	90.3502	90.5446
718	90.3502	90.7371
719	90.3502	90.8549
720	90.3502	91.9877
721	90.3502	91.1367
722	90.3502	91.085
723	90.3502	90.6464
724	90.3502	90.3502
725	90.3502	90.3502
726	90.3502	90.3502
727	90.3502	91.6607
728	90.3502	90.5607
729	90.3502	90.5299
730	90.3502	90.3746
731	90.3502	90.5868
732	90.3502	90.6283
733	90.3502	90.3502
734	90.3502	90.3836
735	90.1538	90.353
736	90.1538	90.3345
737	90.1538	90.2858
738	90.1538	90.2269
739	89.9402	90.2319
740	89.9402	90.1873
741	89.9402	90.0688
742	89.9402	90.2194
743	89.9156	89.9655
744	89.9156	89.9348
745	89.9156	89.9469
746	89.9156	89.9255
747	89.9156	90.0594
748	89.9156	90.222
749	89.9156	89.9156
750	89.9156	89.9156
751	89.9156	89.9253
752	89.9156	89.9395
753	89.9156	89.9635
754	89.9156	90.2825
755	89.9156	90.1704
756	89.9156	89.9481
757	89.9156	90.7747
758	89.9156	90.9777
759	89.9156	90.0566
760	89.9156	90.5579
761	89.9156	90.1088
762	89.0435	89.8982
763	89.0435	90.1403
764	89.0435	91.293
765	89.0435	90.3517
766	89.0435	89.5179
767	89.0435	90.0753
768	89.0435	89.4327
769	89.0435	89.3533
770	89.0435	89.1146
771	89.0435	89.0435
772	89.0435	89.0435
773	88.5866	89.0343
774	88.5866	89.9516
775	88.5866	90.4333
776	88.5866	88.904
777	88.5866	89.0497
778	88.5866	89.4492
779	88.5866	89.3793
780	88.5866	88.8203
781	88.5866	88.6226
782	88.5866	88.5935
783	88.5866	88.9216
784	88.5866	88.5866
785	88.5866	89.1278
786	88.5866	89.7115
787	88.5866	90.1124
788	88.5866	90.6526
789	88.5866	91.0646
790	88.5866	91.1358
791	88.5866	90.9678
792	88.5866	93.3297
793	88.5866	93.7405
794	88.5114	92.3529
795	88.5114	89.9903
796	88.5114	89.5969
797	88.1205	89.1748
798	88.1205	88.4939
799	88.0453	88.4418
800	88.0453	88.2718
801	83.1616	87.8018
802	82.7411	86.429
803	81.9929	86.1631
804	81.9929	86.0505
805	81.8256	85.7644
806	81.8256	83.6029
807	80.9814	82.7126
808	80.9814	82.8387
809	80.9814	82.3035
810	80.8268	81.8167
811	80.1965	81.7962
812	80.0418	81.423
813	80.1965	82.2639
814	80.0418	81.5148
815	80.0418	81.6713
816	80.0418	81.3992
817	80.0418	81.5326
818	79.8745	82.3704
819	79.8745	81.5457
820	79.8745	82.114
821	79.8745	82.026
822	79.8745	81.4849
823	79.3218	80.7581
824	79.3218	81.9745
825	79.3218	80.5116
826	79.3218	79.9048
827	79.3218	79.5208
828	79.3218	79.5431
829	79.3218	79.5267
830	79.3218	79.4617
831	79.3218	79.9794
832	79.3218	80.2019
833	79.3218	81.0041
834	79.3218	80.9735
835	79.3218	80.4472
836	79.3218	81.7943
837	79.3218	81.5247
838	79.3218	79.9789
839	79.3218	79.5544
840	79.3218	79.9456
841	79.3218	79.841
842	79.3218	79.462
843	79.3218	79.5287
844	79.3218	79.6403
845	79.3218	80.0426
846	79.3218	79.748
847	79.3218	79.4974
848	79.3218	79.9266
849	79.3218	80.2816
850	79.1819	79.8025
851	79.1819	79.512
852	79.1819	79.5084
853	79.1819	79.3138
854	79.1819	79.2267
855	79.1819	79.2286
856	79.1819	79.4758
857	79.1819	80.5474
858	79.1819	79.7922
859	78.7063	79.2356
860	78.7063	79.3332
861	78.7063	79.2543
862	78.7063	79.5054
863	78.7063	79.6585
864	78.7063	79.2246
865	78.7063	78.7253
866	78.7063	78.7063
867	78.7063	78.7063
868	78.7063	78.7256
869	78.7063	78.7063
870	78.7063	78.7063
871	78.7063	78.7729
872	78.7063	78.8246
873	78.7063	78.7499
874	78.7063	78.7764
875	78.7063	78.9066
876	78.7063	78.7063
877	78.7063	78.7063
878	78.7063	78.7063
879	78.7063	78.7063
880	77.3774	78.7796
881	77.3774	78.6024
882	77.3774	78.4518
883	77.3774	78.1389
884	77.3774	79.7216
885	77.3774	78.5761
886	77.3774	78.1764
887	77.3774	79.5716
888	77.3774	78.232
889	77.3774	78.3444
890	77.3774	78.1294
891	77.3774	78.09
892	77.3774	79.6719
893	77.3774	78.6782
894	77.3774	77.7738
895	77.3774	78.9316
896	77.3774	78.225
897	77.3774	79.0993
898	77.3774	78.7723
899	77.3774	78.1774
900	77.3774	77.4569
901	77.3774	78.2328
902	77.3774	78.3572
903	77.3774	78.2329
904	77.3774	80.2341
905	77.3774	79.4535
906	77.3774	78.6741
907	77.3774	78.8891
908	77.3774	77.3774
909	77.3774	77.4184
910	77.3774	77.9863
911	77.3774	78.4245
912	76.9936	77.3697
913	76.9936	77.414
914	76.9936	77.2765
915	76.9936	77.2366
916	76.9936	77.3068
917	76.9936	77.0754
918	76.9936	76.9936
919	76.9936	77.0301
920	76.9936	77.0485
921	76.9936	78.5216
922	76.9936	77.5012
923	76.9936	77.1691
924	76.9936	77.2166
925	76.9936	78.3238
926	76.9936	77.266
927	76.7114	78.3927
928	76.7114	77.7388
929	76.7114	77.553
930	76.6079	76.8165
931	76.6079	76.8768
932	76.1698	76.8728
933	76.1698	76.7923
934	76.1698	77.1112
935	76.1698	77.1
936	76.1698	76.6167
937	76.1698	76.4778
938	76.1698	76.4436
939	76.1698	76.236
940	76.1698	76.6633
941	76.1698	76.9027
942	76.1698	77.0507
943	76.1698	77.6688
944	76.1698	76.9959
945	76.1698	76.6367
946	76.1698	76.1698
947	76.1698	76.1698
948	76.1698	76.6703
949	76.1698	76.1805
950	76.1698	76.5744
951	76.1698	77.1368
952	76.1698	79.032
953	76.1698	76.9856
954	76.1698	78.2559
955	76.1698	77.3276
956	76.1698	76.2225
957	76.1698	76.3339
958	76.1698	76.388
959	76.1698	76.9598
960	76.1698	76.9632
961	76.1698	76.3523
962	76.1698	76.3578
963	76.1698	77.4972
964	76.1698	78.286
965	76.1698	77.4679
966	76.1698	76.5455
967	76.1698	77.0756
968	76.1698	76.386
969	76.1698	77.4668
970	76.1698	78.0626
971	76.1698	78.4051
972	76.1698	77.2666
973	76.1698	77.2916
974	76.1698	77.4087
975	76.1698	76.5639
976	76.1698	76.3319
977	76.1698	76.6422
978	76.1698	76.8111
979	76.1698	77.9645
980	76.1698	78.615
981	76.1698	80.178
982	76.1698	79.8908
983	76.1698	78.3712
984	76.1698	77.3659
985	76.1698	76.749
986	76.1698	77.9481
987	76.1698	76.3897
988	76.1698	76.2458
989	76.1698	77.624
990	76.1698	77.278
991	76.1698	76.3603
992	76.1698	76.1936
993	76.1698	76.1698
994	76.1698	76.2859
995	76.1698	76.2694
996	76.1698	76.1698
997	76.1698	76.1698
998	76.1698	76.1698
999	76.1698	76.1698
1000	76.1698	76.8849
1001	76.1698	77.1072
1002	76.1698	76.5921
1003	76.1698	77.1905
1004	76.1698	77.056
1005	76.0151	76.6828
1006	76.0151	76.9299
1007	76.0151	76.5826
1008	76.0151	76.4679
1009	76.0151	76.0429
1010	76.0151	76.0151
1011	76.0151	76.0151
1012	76.0151	76.0151
1013	76.0151	76.0419
1014	76.0151	76.3741
1015	76.0151	76.9884
1016	76.0151	76.862
1017	76.0151	76.2523
1018	76.0151	76.7826
1019	76.0151	76.1349
1020	76.0151	76.0431
1021	76.0151	76.0151
1022	76.0151	76.6628
1023	76.0151	77.0475
1024	76.0151	76.6991
1025	76.0151	77.0701
1026	76.0151	77.0693
1027	76.0151	77.424
1028	76.0151	76.2113
1029	76.0151	76.0151
1030	76.0151	76.0151
1031	76.0151	76.0484
1032	76.0151	76.0151
1033	76.0151	76.0151
1034	76.0151	76.0151
1035	76.0151	76.1874
1036	76.0151	77.8069
1037	76.0151	76.3808
1038	76.0151	76.0446
1039	76.0151	76.0151
1040	76.0151	76.0307
1041	76.0151	77.6896
1042	76.0151	76.9889
1043	76.0151	76.5998
1044	75.8139	76.011
1045	75.8139	75.9748
1046	75.8139	75.9104
1047	75.8139	76.0769
1048	75.8139	76.8658
1049	75.8139	77.3255
1050	75.8139	77.6696
1051	75.8139	77.4199
1052	75.8139	77.0567
1053	75.8139	76.8409
1054	75.8139	78.4736
1055	75.8139	78.4208
1056	75.8139	77.9294
1057	75.8139	79.0567
1058	75.8139	80.3628
1059	75.8139	78.3009
1060	75.8139	76.7877
1061	75.8139	77.3724
1062	75.8139	76.3749
1063	75.8139	75.8463
1064	75.8139	76.5993
1065	75.8139	76.1309
1066	75.8139	76.3532
1067	75.8139	76.2976
1068	75.8139	77.8454
1069	75.8139	77.2776
1070	75.8139	77.4132
1071	75.8139	77.8654
1072	75.8139	76.5037
1073	75.8139	75.9835
1074	75.8139	75.9007
1075	75.8139	76.3418
1076	75.8139	77.0029
1077	75.8139	76.8162
1078	75.8139	77.1292
1079	75.8139	76.5446
1080	75.8139	76.3217
1081	75.8139	75.9511
1082	75.8139	76.2708
1083	75.8139	76.0106
1084	75.8139	76.4531
1085	75.8139	76.3219
1086	75.8139	76.7366
1087	75.8139	76.2635
1088	75.8139	76.0792
1089	75.8139	75.9903
1090	75.8139	75.8139
1091	75.8139	76.0759
1092	75.8139	75.913
1093	75.8139	76.2432
1094	75.8139	76.2634
1095	75.8139	75.8139
1096	75.8139	75.8139
1097	75.8139	75.8139
1098	75.8139	76.321
1099	75.8139	76.3694
1100	75.8139	76.0856
1101	74.2306	76.5576
1102	74.2306	76.9745
1103	74.2306	76.0123
1104	74.2306	75.3164
1105	74.2306	74.7186
1106	74.2306	74.9488
1107	74.2306	74.885
1108	74.2306	74.802
1109	74.2306	74.55
1110	74.2306	74.3735
1111	74.2306	74.7388
1112	74.2306	75.088
1113	74.2306	76.0672
1114	74.2306	74.3377
1115	74.2306	74.3871
1116	74.2306	74.2873
1117	74.2306	74.2306
1118	74.2306	74.2638
1119	74.2306	74.6857
1120	74.2306	74.2306
1121	74.2306	74.2306
1122	74.2306	74.2349
1123	74.2306	75.0243
1124	74.2306	74.7224
1125	74.2306	74.2306
1126	74.2306	74.8233
1127	74.2306	74.677
1128	74.2306	75.3475
1129	74.2306	74.6035
1130	74.2306	74.2306
1131	74.2306	75.8818
1132	74.2306	74.7111
1133	74.2306	75.2233
1134	74.2306	74.5507
1135	74.2306	75.1495
1136	74.2306	74.6041
1137	74.2306	74.7771
1138	74.2306	74.7731
1139	74.2306	74.2306
1140	74.2306	74.6603
1141	74.2306	74.7448
1142	74.2306	74.8557
1143	74.0524	74.2841
1144	74.0524	75.3803
1145	74.0524	75.0305
1146	74.0524	76.906
1147	74.0524	75.2222
1148	74.0524	74.319
1149	74.0524	74.7746
1150	74.0524	74.4421
1151	74.0524	74.3555
1152	74.0524	74.815
1153	74.0524	74.2594
1154	74.0524	75.0819
1155	74.0524	74.9591
1156	74.0524	74.2973
1157	74.0524	74.5096
1158	74.0524	74.1572
1159	74.0524	74.2811
1160	74.0524	74.2311
1161	74.0524	74.3501
1162	74.0524	74.1316
1163	74.0524	75.2222
1164	74.0524	74.9619
1165	74.0524	74.733
1166	74.0524	74.2674
1167	74.0524	74.2163
1168	74.0524	74.1969
1169	74.0524	74.1008
1170	74.0524	74.7399
1171	74.0524	74.2845
1172	74.0524	74.0524
1173	74.0524	74.1585
1174	74.0524	74.2201
1175	74.0524	74.1583
1176	74.0524	74.4956
1177	74.0524	74.3345
1178	74.0524	74.7812
1179	74.0524	78.7575
1180	74.0524	77.8634
1181	74.0524	76.4617
1182	74.0524	76.1292
1183	74.0524	74.8411
1184	74.0524	74.5706
1185	74.0524	75.4103
1186	74.0524	74.2615
1187	74.0524	74.0536
1188	74.0524	74.1398
1189	74.0524	74.0524
1190	74.0524	74.0524
1191	74.0524	74.2511
1192	74.0524	74.0524
1193	74.0524	74.0524
1194	74.0524	74.0524
1195	74.0524	74.0524
1196	74.0524	74.0795
1197	74.0524	74.2758
1198	74.0524	74.1521
1199	74.0524	74.251
1200	74.0524	74.0524
1201	73.4611	75.0536
1202	73.4611	74.0845
1203	73.4611	74.8107
1204	73.4611	74.6964
1205	73.4611	74.1252
1206	73.4611	76.1507
1207	73.4611	76.6681
1208	73.4611	75.755
1209	73.4611	74.365
1210	73.4611	73.7722
1211	73.4611	73.6942
1212	73.4611	73.5162
1213	73.4611	73.4611
1214	72.1958	73.4684
1215	72.1958	73.3093
1216	72.1958	73.0309
1217	72.1958	72.7019
1218	72.1958	72.3958
1219	72.1958	72.2211
1220	72.1958	72.8847
1221	72.1958	73.4663
1222	72.1958	72.4706
1223	72.1958	72.3206
1224	72.1958	72.7507
1225	72.1958	72.8098
1226	72.1958	73.308
1227	72.1958	72.6516
1228	72.1958	72.6702
1229	72.1958	72.3345
1230	72.1958	72.427
1231	72.1958	72.5592
1232	72.1958	72.2064
1233	72.0322	72.2475
1234	72.0322	72.3651
1235	72.0322	72.9148
1236	72.0322	74.2116
1237	72.0322	73.0323
1238	72.0322	72.8289
1239	72.0322	72.936
1240	72.0322	73.29
1241	72.0322	74.4481
1242	72.0322	74.0461
1243	72.0322	73.4768
1244	72.0322	74.8561
1245	72.0322	73.0359
1246	72.0322	72.3932
1247	72.0322	72.6591
1248	72.0322	72.9891
1249	72.0322	73.3248
1250	72.0322	73.8061
1251	72.0322	73.5236
1252	72.0322	72.078
1253	72.0322	72.0322
1254	72.0322	72.0322
1255	72.0322	72.0322
1256	72.0322	72.0322
1257	72.0322	72.3817
1258	72.0322	72.4529
1259	72.0322	74.231
1260	72.0322	73.0138
1261	72.0322	72.4423
1262	72.0322	72.1964
1263	72.0322	72.0322
1264	72.0322	73.5443
1265	72.0322	74.3324
1266	72.0322	72.7851
1267	72.0322	73.2947
1268	72.0322	72.6244
1269	72.0322	72.8207
1270	72.0322	73.6146
1271	72.0322	74.2396
1272	72.0322	74.0904
1273	72.0322	74.8369
1274	72.0322	72.8587
1275	72.0322	72.0322
1276	72.0322	72.8582
1277	72.0322	73.4055
1278	72.0322	73.6282
1279	72.0322	72.9035
1280	72.0322	73.4907
1281	72.0322	73.3011
1282	72.0322	72.8474
1283	72.0322	72.1884
1284	72.0322	72.4522
1285	72.0322	72.5077
1286	72.0322	72.4913
1287	72.0322	72.5174
1288	72.0322	72.4813
1289	72.0322	72.2462
1290	72.0322	72.0322
1291	72.0322	72.7603
1292	72.0322	74.2145
1293	72.0322	72.461
1294	72.0322	72.934
1295	72.0322	72.5472
1296	72.0322	72.5337
1297	72.0322	72.49
1298	72.0322	72.9551
1299	72.0322	72.2048
1300	72.0322	72.5684
1301	72.0322	72.2332
1302	72.0322	72.0322
1303	72.0322	72.456
1304	72.0322	72.0654
1305	72.0322	72.0808
1306	72.0322	72.2377
1307	72.0322	72.0322
1308	72.0322	72.0322
1309	72.0322	72.0322
1310	72.0322	72.1024
1311	72.0322	72.0322
1312	71.6721	72.308
1313	71.6721	73.9757
1314	71.6721	72.726
1315	71.6721	73.1626
1316	71.6721	72.7688
1317	71.6721	73.18
1318	71.6721	72.0326
1319	71.6721	71.6856
1320	71.6721	71.6721
1321	71.6721	71.7616
1322	71.1577	71.8013
1323	71.1577	72.9447
1324	71.1577	75.0131
1325	71.1577	74.1201
1326	71.1577	72.6568
1327	71.1577	72.2252
1328	71.1577	73.8638
1329	71.1577	73.9126
1330	71.1577	71.4524
1331	71.1577	71.55
1332	71.1577	71.2158
1333	71.1577	71.1577
1334	71.1577	71.7096
1335	71.1577	71.9308
1336	71.1577	72.0145
1337	71.1577	71.542
1338	71.1577	71.6901
1339	71.1353	71.3179
1340	70.5775	72.1729
1341	70.5775	71.6892
1342	70.5775	72.0222
1343	70.5775	71.1473
1344	70.5775	72.206
1345	70.5775	70.8518
1346	70.5775	70.6383
1347	70.5775	70.7735
1348	70.5775	70.6562
1349	70.5775	71.1251
1350	70.4061	71.502
1351	70.4525	71.2664
1352	70.4525	70.5816
1353	70.4061	70.6496
1354	70.4061	70.6745
1355	70.4061	71.4072
1356	70.4061	71.4558
1357	70.4061	71.175
1358	70.4061	70.5339
1359	70.4061	70.9251
1360	70.4061	70.5603
1361	70.4061	70.4389
1362	70.4061	70.4188
1363	70.4061	70.88
1364	70.4061	70.6082
1365	70.4061	70.6061
1366	70.4061	71.7449
1367	70.4061	72.1034
1368	70.4061	70.4771
1369	70.4061	70.489
1370	70.4061	71.0457
1371	70.4061	70.6683
1372	70.4061	71.0291
1373	70.4061	70.6084
1374	70.4061	70.7559
1375	70.4061	70.4061
1376	70.4061	70.4061
1377	70.4061	70.4061
1378	70.4061	70.6213
1379	70.4061	70.8454
1380	70.4061	70.4748
1381	70.4061	70.4172
1382	70.4013	70.4692
1383	70.4013	70.4837
1384	70.4013	70.4218
1385	70.4013	70.403
1386	70.4013	70.4986
1387	70.4013	71.4196
1388	70.4013	71.7947
1389	70.4013	71.8965
1390	70.4013	71.6449
1391	70.4013	72.7194
1392	70.4013	72.9063
1393	70.4013	72.8937
1394	70.4013	70.9383
1395	70.4013	70.8092
1396	70.4013	70.9256
1397	70.4013	71.1258
1398	70.4013	72.0447
1399	70.4013	72.8706
1400	70.4013	71.2557
1401	70.4013	70.7691
1402	70.4013	71.2469
1403	70.4013	71.0746
1404	70.4013	70.459
1405	70.4013	70.7
1406	70.4013	70.5628
1407	70.4013	70.727
1408	70.4013	70.4013
1409	70.4013	70.4013
1410	70.4013	70.4013
1411	70.4013	71.6446
1412	70.4013	72.8652
1413	70.4013	72.0858
1414	70.4013	72.1702
1415	70.4013	72.1447
1416	70.4013	72.7826
1417	70.4013	72.8756
1418	70.4013	72.8252
1419	70.4013	71.5379
1420	70.4013	71.6508
1421	70.4013	71.1148
1422	70.4013	70.753
1423	70.4013	70.7029
1424	70.4013	70.7848
1425	70.4013	70.4606
1426	70.4013	70.54
1427	70.4013	70.4635
1428	70.4013	70.4443
1429	70.4013	70.5258
1430	70.4013	70.6346
1431	70.4013	72.8249
1432	70.4013	71.5233
1433	70.4013	71.0877
1434	70.4013	71.5539
1435	70.4013	70.9979
1436	70.4013	70.5802
1437	70.4013	70.7404
1438	70.4013	71.1626
1439	70.4013	71.5365
1440	70.4013	70.4371
1441	70.4013	70.4013
1442	70.4013	70.4806
1443	70.4013	70.7309
1444	70.4013	71.0186
1445	70.4013	71.2629
1446	70.4013	72.0492
1447	70.4013	71.227
1448	70.4013	71.16
1449	70.4013	71.7116
1450	70.4013	71.4399
1451	70.4013	71.6067
1452	70.4013	71.3216
1453	70.4013	70.7407
1454	70.4013	70.4127
1455	70.4013	71.8427
1456	70.4013	71.2454
1457	70.4013	71.1183
1458	70.4013	70.4837
1459	70.4013	70.4013
1460	70.4013	70.4013
1461	70.4013	70.4013
1462	70.4013	70.5095
1463	70.4013	70.6243
1464	70.4013	71.4824
1465	70.4013	72.8671
1466	70.4013	71.2081
1467	70.4013	71.4325
1468	70.4013	70.9489
1469	70.4013	70.4013
1470	70.4013	70.4789
1471	70.4013	70.7306
1472	70.4013	70.7413
1473	70.4013	70.8043
1474	70.4013	70.7266
1475	70.4013	70.4059
1476	70.4013	70.4216
1477	70.4013	70.4013
1478	70.4013	70.5535
1479	70.4013	70.5153
1480	70.4013	70.4817
1481	70.4013	73.238
1482	70.4013	72.1126
1483	70.4013	70.9244
1484	70.4013	70.5008
1485	70.4013	70.5439
1486	70.4013	70.422
1487	70.4013	72.2168
1488	70.4013	72.221
1489	70.4013	71.4954
1490	70.4013	73.3356
1491	70.4013	72.104
1492	70.4013	71.9058
1493	70.4013	70.5679
1494	70.4013	70.5164
1495	70.4013	70.4013
1496	70.4013	70.4449
1497	70.4013	70.4013
1498	70.4013	70.4013
1499	70.4013	70.809
1500	70.4013	70.9722
1501	69.3599	70.3839
1502	69.3599	71.3347
1503	69.3599	71.304
1504	69.307	72.2473
1505	69.1885	71.9896
1506	69.1885	70.1381
1507	69.1885	70.0674
1508	69.1885	71.2594
1509	69.1885	70.1322
1510	69.1885	69.906
1511	69.1885	69.9398
1512	69.1885	69.637
1513	69.1885	70.6317
1514	69.1885	70.5688
1515	69.1885	70.7153
1516	69.1885	70.9366
1517	69.1885	70.3558
1518	69.1885	70.3119
1519	69.1885	69.8586
1520	69.1885	69.2556
1521	69.1885	70.0714
1522	69.1885	69.305
1523	69.1885	70.4552
1524	69.1885	73.2296
1525	69.1885	71.0062
1526	69.1885	70.3764
1527	69.1885	70.7955
1528	69.1885	69.5432
1529	69.1885	69.8678
1530	69.1885	69.3747
1531	69.1885	70.3835
1532	69.1885	71.5935
1533	69.1885	69.8029
1534	69.1885	70.5955
1535	69.1885	70.6521
1536	69.1885	71.979
1537	69.1885	70.6876
1538	69.1885	71.3241
1539	69.1885	69.4613
1540	69.1885	69.4831
1541	69.1885	69.4396
1542	69.1885	69.1885
1543	69.1885	69.1885
1544	69.1885	69.4744
1545	69.1885	69.2135
1546	69.1885	71.3201
1547	69.1885	71.7133
1548	69.1885	70.3608
1549	69.1885	70.4191
1550	69.1885	69.8352
1551	69.1885	69.769
1552	69.1885	69.766
1553	69.1885	69.1988
1554	69.1885	69.2281
1555	69.1885	69.1885
1556	69.1885	69.293
1557	69.1885	69.1885
1558	69.1885	70.2405
1559	69.1885	69.4772
1560	69.1885	69.1885
1561	69.1885	70.4134
1562	69.1885	69.823
1563	69.1885	69.9569
1564	69.1885	71.7241
1565	69.1885	71.9837
1566	69.1885	70.5894
1567	69.1885	70.5278
1568	69.1885	69.7769
1569	69.1885	70.7123
1570	69.1885	70.617
1571	69.1885	69.9982
1572	69.1885	74.3917
1573	69.1885	70.4096
1574	69.1885	69.7509
1575	69.1885	69.6867
1576	69.1885	70.7424
1577	69.1885	70.5588
1578	69.1885	69.359
1579	69.1885	69.3015
1580	69.1885	69.8433
1581	69.1885	69.5019
1582	69.1885	69.2838
1583	69.1885	69.8878
1584	69.1885	69.8514
1585	69.1885	69.1885
1586	69.1885	69.4941
1587	69.1885	70.5067
1588	69.1885	69.6272
1589	69.1885	70.768
1590	69.1885	70.8354
1591	69.1885	71.3003
1592	69.1885	70.3635
1593	69.1885	69.7377
1594	69.1885	69.9584
1595	69.1885	69.3663
1596	69.1885	69.3685
1597	69.1885	69.1885
1598	69.1885	69.1885
1599	69.1885	69.4991
1600	69.1885	69.582
1601	69.1885	70.7802
1602	69.1885	71.2837
1603	69.1885	70.3869
1604	69.1885	70.9679
1605	69.1885	70.9503
1606	69.1885	71.3604
1607	69.1885	70.3469
1608	69.1885	69.5636
1609	69.1885	69.5339
1610	69.1885	69.2029
1611	69.1885	70.2201
1612	69.1885	70.4015
1613	69.1885	71.1008
1614	69.1885	70.5798
1615	69.1885	69.2211
1616	69.1885	69.1885
1617	69.1885	69.4473
1618	69.1885	70.3532
1619	69.1885	70.4509
1620	69.1885	69.2284
1621	69.1885	71.0204
1622	69.1885	71.4099
1623	69.1885	70.8515
1624	69.1885	70.2944
1625	69.1885	72.6125
1626	69.1885	71.1933
1627	69.1885	70.6985
1628	69.1885	70.5409
1629	69.1885	70.5679
1630	69.1885	69.2925
1631	69.1885	70.0157
1632	69.1885	70.0315
1633	69.1885	69.4729
1634	69.1885	69.6275
1635	69.1885	70.1325
1636	69.1885	70.2112
1637	69.1885	71.9702
1638	69.1885	69.3779
1639	69.1885	69.1956
1640	69.1885	69.2509
1641	69.1885	70.1562
1642	69.1885	69.425
1643	69.1885	69.1885
1644	69.1885	69.2056
1645	69.1885	69.4691
1646	69.1885	70.0227
1647	69.1885	69.7938
1648	69.1885	69.6497
1649	69.1885	69.25
1650	69.1885	69.1885
1651	69.1885	69.1885
1652	69.1885	69.215
1653	69.1885	69.1885
1654	69.1885	69.435
1655	69.1885	69.1885
1656	69.1885	69.1885
1657	69.1885	69.2087
1658	69.1885	69.2171
1659	69.1885	69.4324
1660	69.1885	69.399
1661	69.1885	69.1885
1662	69.1885	69.1885
1663	69.1885	69.2155
1664	69.1885	69.1885
1665	69.1885	69.1885
1666	69.1885	69.2074
1667	69.1885	69.8753
1668	69.1885	69.9213
1669	69.1885	69.5373
1670	69.1885	69.2514
1671	69.1885	69.2361
1672	69.1885	69.8239
1673	69.1885	70.067
1674	69.1885	69.3172
1675	69.1885	69.2363
1676	69.1885	69.2265
1677	69.1885	70.1028
1678	69.1885	69.6235
1679	69.1885	69.485
1680	69.1885	69.5466
1681	69.1885	69.1885
1682	69.1885	69.2925
1683	69.1885	69.1957
1684	69.1885	69.1885
1685	69.1885	69.1885
1686	69.1885	69.4937
1687	69.1885	70.4361
1688	69.1885	69.4718
1689	69.1885	69.4847
1690	69.1885	69.1885
1691	69.1885	69.1885
1692	69.1885	69.4899
1693	69.1885	69.2244
1694	69.1885	70.3226
1695	69.1885	69.2166
1696	69.1885	69.7974
1697	69.1885	71.308
1698	69.1885	71.7828
1699	69.1885	72.9957
1700	69.1885	72.1764
1701	68.4892	71.4133
1702	68.4892	69.4565
1703	68.3024	69.203
1704	68.3024	70.4047
1705	68.3024	71.2899
1706	67.9738	69.9832
1707	67.9738	69.7508
1708	67.9738	69.8429
1709	67.9738	69.8959
1710	67.9738	68.2333
1711	67.9738	68.636
1712	67.9738	68.7115
1713	67.9738	68.6103
1714	67.9738	68.8762
1715	67.9738	68.7593
1716	67.9738	68.1943
1717	67.9738	68.4316
1718	67.9738	69.3146
1719	67.9738	68.7377
1720	67.9738	68.4971
1721	67.9738	68.1791
1722	67.9738	67.9738
1723	67.9738	67.9738
1724	67.9738	67.9738
1725	67.9738	68.0999
1726	67.9738	68.1644
1727	67.9738	68.26
1728	67.9738	68.007
1729	67.9738	69.5872
1730	67.9738	68.4663
1731	67.9738	69.1382
1732	67.9738	68.2655
1733	67.9738	68.3424
1734	67.9738	67.9738
1735	67.9738	68.0874
1736	67.9738	68.251
1737	67.9738	70.3721
1738	67.9738	69.6394
1739	67.9738	70.2101
1740	67.9738	68.7948
1741	67.9738	68.6476
1742	67.9738	68.5445
1743	67.9738	69.5864
1744	67.9738	68.647
1745	67.9738	68.5851
1746	67.9738	68.0523
1747	67.9738	67.9781
1748	67.9738	68.1012
1749	67.9738	68.0469
1750	67.9738	68.6349
1751	67.9738	68.2699
1752	67.9738	68.9314
1753	67.9738	69.1858
1754	67.9738	68.3604
1755	67.9738	68.3495
1756	67.9738	68.7017
1757	67.9738	68.9409
1758	67.9738	69.4451
1759	67.9738	68.1695
1760	67.9738	67.9738
1761	67.9738	67.9963
1762	67.9738	67.9738
1763	67.9738	68.064
1764	67.9738	67.9738
1765	67.9738	67.9738
1766	67.9738	68.3534
1767	67.9738	69.3515
1768	67.9738	68.424
1769	67.9738	70.2341
1770	67.9738	69.2373
1771	67.9738	68.1298
1772	67.9738	68.2575
1773	67.9738	68.2826
1774	67.9738	68.0799
1775	67.9738	68.3689
1776	67.9738	68.7345
1777	67.9738	68.3902
1778	67.9738	68.1496
1779	67.9738	68.0064
1780	67.9738	68.3336
1781	67.9738	68.4774
1782	67.9738	68.3402
1783	67.9738	68.3928
1784	67.9738	68.9921
1785	67.9738	68.63
1786	67.9738	68.2438
1787	67.9738	68.2234
1788	67.9738	67.9738
1789	67.9738	67.9738
1790	67.9738	67.9738
1791	67.9738	67.9909
1792	67.9738	67.9738
1793	67.9738	67.9738
1794	67.9738	68.0812
1795	67.9738	68.2042
1796	67.9738	68.7441
1797	67.9738	69.0109
1798	67.9738	68.0061
1799	67.9738	67.9738
1800	67.9738	68.1477
1801	67.9738	67.9738
1802	67.9738	68.6201
1803	67.9738	68.5193
1804	67.9738	68.2682
1805	67.9738	68.0888
1806	67.9738	68.2645
1807	67.9738	68.2854
1808	67.9738	69.7804
1809	67.9738	69.2269
1810	67.9738	68.4595
1811	67.9738	68.6585
1812	67.9738	68.8076
1813	67.9738	68.5765
1814	67.9738	69.2168
1815	67.9738	69.4273
1816	67.9738	68.6829
1817	67.9738	68.9779
1818	67.9738	69.8591
1819	67.9738	69.5065
1820	67.9738	68.0784
1821	67.9738	67.9738
1822	67.9738	68.021
1823	67.9738	68.0248
1824	67.9738	67.9738
1825	67.9738	67.9738
1826	67.9738	68.2275
1827	67.9738	68.2939
1828	67.9738	68.5969
1829	67.9738	68.9696
1830	67.9738	69.7111
1831	67.9738	70.2044
1832	67.9738	68.7761
1833	67.9738	68.6127
1834	67.9738	69.249
1835	67.9738	68.8219
1836	67.9738	68.4687
1837	67.9738	68.0823
1838	67.9738	68.4462
1839	67.9738	68.1818
1840	67.9738	67.9884
1841	67.9738	67.9738
1842	67.9738	67.9738
1843	67.9738	67.9738
1844	67.9738	67.9738
1845	67.9738	68.3165
1846	67.9738	68.3513
1847	67.9738	69.3198
1848	67.9738	68.924
1849	67.9738	68.0797
1850	67.9738	68.3295
1851	67.9738	69.8517
1852	67.9738	68.9035
1853	67.9738	69.7579
1854	67.9738	69.6395
1855	67.9738	70.4577
1856	67.9738	73.3333
1857	67.9738	71.3555
1858	67.9738	69.278
1859	67.9738	68.1737
1860	67.9738	67.9738
1861	67.9634	68.0647
1862	67.9634	68.0274
1863	67.9634	68.3594
1864	67.9634	68.2391
1865	67.9634	68.4214
1866	67.9634	69.007
1867	67.9634	68.7821
1868	67.9634	70.5679
1869	67.9634	69.3834
1870	67.9634	69.1871
1871	67.9634	68.7801
1872	67.9634	68.3912
1873	67.9634	68.2625
1874	67.9634	68.0886
1875	67.9634	67.9634
1876	67.9634	68.482
1877	67.9634	68.9784
1878	67.9634	69.3143
1879	67.9634	68.8751
1880	67.9634	68.6082
1881	67.9634	69.1145
1882	67.9634	68.3941
1883	67.9634	67.98
1884	67.9634	68.4992
1885	67.9634	68.1633
1886	67.9634	68.3166
1887	67.9634	68.7149
1888	67.9634	69.1904
1889	67.9634	68.3042
1890	67.9634	67.9634
1891	67.9634	68.0347
1892	67.9634	67.9634
1893	67.9634	68.0729
1894	67.9634	67.9967
1895	67.9634	67.9634
1896	67.9634	67.9634
1897	67.9634	67.9634
1898	67.9634	67.9634
1899	67.9634	67.9634
1900	67.9634	67.9634
1901	67.2324	67.9932
1902	67.2324	67.705
1903	67.2324	67.5324
1904	67.2324	68.1375
1905	67.2324	69.0049
1906	67.2324	68.3891
1907	67.2324	68.3335
1908	67.2324	67.7073
1909	67.2324	67.3408
1910	67.2324	67.2696
1911	67.2324	68.4745
1912	67.2324	68.1715
1913	67.2324	67.8278
1914	67.2324	67.8956
1915	67.2324	67.8213
1916	67.2324	67.2324
1917	67.2324	67.844
1918	67.2324	67.3409
1919	67.2324	67.6366
1920	67.2324	67.2605
1921	67.2324	67.2324
1922	67.2324	67.371
1923	67.2324	67.4612
1924	67.2324	68.2931
1925	67.2324	68.4727
1926	67.2324	68.5231
1927	67.2324	68.0049
1928	67.2324	68.7189
1929	67.2324	67.9518
1930	67.2324	67.3242
1931	67.2324	67.2852
1932	67.2324	67.536
1933	67.2324	67.6308
1934	67.2324	67.7929
1935	67.2324	67.7699
1936	67.2324	67.2577
1937	67.2324	67.4696
1938	67.2324	67.3418
1939	67.2324	67.3193
1940	67.2324	67.2623
1941	67.2324	67.5397
1942	67.2324	67.242
1943	67.2324	67.5125
1944	67.2324	67.2324
1945	67.2324	67.2324
1946	67.2324	68.2895
1947	67.2324	67.8193
1948	67.2324	68.1192
1949	67.2324	68.7723
1950	67.2324	68.3357
1951	67.2324	67.2324
1952	67.2324	68.1047
1953	67.2324	68.1226
1954	67.2324	67.3855
1955	67.2324	67.5
1956	67.2324	67.8762
1957	67.2324	67.9763
1958	67.2324	67.6277
1959	67.2324	67.4408
1960	67.2324	67.2929
1961	67.2324	67.5021
1962	67.2324	68.4333
1963	67.2324	68.0374
1964	67.2324	67.265
1965	67.2324	67.4411
1966	67.2324	67.3642
1967	67.2324	68.2773
1968	67.2324	67.2481
1969	67.2324	70.2887
1970	67.2324	71.0498
1971	67.2324	69.4354
1972	67.2324	67.702
1973	67.2324	68.6085
1974	67.2324	68.2253
1975	67.2324	67.7409
1976	67.2324	68.934
1977	67.2324	68.2703
1978	67.2324	68.5592
1979	67.2324	68.1051
1980	67.2324	68.301
1981	67.2324	68.6326
1982	67.2324	67.2324
1983	67.2324	67.7269
1984	67.2324	68.0559
1985	67.2324	67.5097
1986	67.2324	68.0327
1987	67.2324	67.5869
1988	67.2324	67.496
1989	67.2324	69.3812
1990	67.2324	68.6
1991	67.2324	67.2971
1992	67.2324	67.2324
1993	67.2324	67.2324
1994	67.2324	67.2843
1995	67.2324	67.2324
1996	67.2324	67.262
1997	67.2324	68.3097
1998	67.2324	67.7127
1999	67.2324	67.4788
2000	67.2324	67.3338
2001	67.0392	67.4316
2002	66.7245	67.4019
2003	66.7245	67.3681
2004	66.6382	67.1512
2005	66.6382	67.6957
2006	66.6382	67.0525
2007	66.6382	67.0942
2008	66.6382	66.9377
2009	66.6382	67.1545
2010	66.6382	67.8087
2011	66.6382	68.8265
2012	66.6382	66.9484
2013	66.6382	66.6382
2014	66.6382	66.6382
2015	66.6382	66.6508
2016	66.6382	66.7309
2017	66.6382	67.4996
2018	66.6382	67.6406
2019	66.6382	67.69
2020	66.6382	67.3366
2021	66.6382	66.7773
2022	66.6382	66.6382
2023	66.6382	66.6382
2024	66.6382	66.6382
2025	66.6382	66.6382
2026	66.6382	66.857
2027	66.6382	67.0906
2028	66.6382	67.386
2029	66.6382	67.0074
2030	66.6382	66.964
2031	66.6382	66.6382
2032	66.6382	66.6382
2033	66.6382	66.6382
2034	66.6382	66.6382
2035	66.6382	66.6382
2036	66.6382	66.6382
2037	66.6382	66.6382
2038	66.6382	66.6382
2039	66.6382	66.6382
2040	66.6382	66.763
2041	66.6382	67.7882
2042	66.6382	66.7224
2043	66.6382	67.2651
2044	66.6382	66.6466
2045	66.6382	66.9167
2046	66.6382	67.1161
2047	66.6382	66.698
2048	66.6382	66.7796
2049	66.6382	67.6497
2050	66.6382	67.5014
2051	66.6382	67.5744
2052	66.6382	67.5214
2053	66.6382	67.7757
2054	66.6382	68.0418
2055	66.6382	67.6334
2056	66.6382	66.7058
2057	66.6382	66.6382
2058	66.6382	66.85
2059	66.6382	66.798
2060	66.6382	66.931
2061	66.6382	67.603
2062	66.6382	67.2656
2063	66.6382	67.2218
2064	66.6382	66.6758
2065	66.6382	66.6472
2066	66.6382	66.6472
2067	66.6382	66.7192
2068	66.6382	67.0263
2069	66.6382	66.9235
2070	66.6382	67.4054
2071	66.6382	67.2431
2072	66.6382	67.2225
2073	66.6382	67.2758
2074	66.6382	66.9834
2075	66.6382	67.5858
2076	66.6382	66.8166
2077	66.6382	66.8535
2078	66.6382	66.7843
2079	66.6382	66.668
2080	66.6382	66.7924
2081	66.6382	67.8866
2082	66.6382	66.9428
2083	66.6382	67.6146
2084	66.6382	70.7576
2085	66.6382	69.9436
2086	66.6382	69.3005
2087	66.6382	68.7003
2088	66.6382	67.0447
2089	66.6382	68.0789
2090	66.6382	67.34
2091	66.6382	67.5179
2092	66.6382	66.716
2093	66.6382	66.6739
2094	66.6382	66.6382
2095	66.6382	66.8104
2096	66.6382	66.8736
2097	66.6382	68.3007
2098	66.6382	68.107
2099	66.6382	68.2506
2100	66.6382	67.1659
2101	66.5052	67.9405
2102	66.5052	67.2131
2103	66.5052	66.9154
2104	66.5052	66.9179
2105	66.5052	66.871
2106	66.5052	67.7647
2107	66.5052	67.3919
2108	66.5052	67.3736
2109	66.5052	66.9721
2110	66.5052	67.0677
2111	66.5052	66.8411
2112	66.5052	66.6938
2113	66.5052	67.1756
2114	66.5052	67.3613
2115	66.5052	67.0557
2116	66.5052	66.5838
2117	66.5052	67.168
2118	66.5052	68.2049
2119	66.5052	66.8596
2120	66.5052	67.842
2121	66.5052	66.7616
2122	66.5052	66.8754
2123	66.5052	66.6708
2124	66.5052	67.3271
2125	66.5052	68.8046
2126	66.5052	68.0587
2127	66.5052	66.5444
2128	66.5052	66.5052
2129	66.5052	66.5978
2130	66.5052	68.1016
2131	66.5052	71.0655
2132	66.5052	69.6763
2133	66.5052	68.8991
2134	66.5052	67.2774
2135	66.5052	67.1951
2136	66.5052	67.6063
2137	66.5052	66.8292
2138	66.5052	66.5052
2139	66.5052	66.5052
2140	66.5052	66.5052
2141	66.5052	68.4687
2142	66.5052	67.5008
2143	66.5052	67.1867
2144	66.5052	66.8004
2145	66.5052	66.7542
2146	66.5052	67.2549
2147	66.5052	66.7107
2148	66.5052	66.5052
2149	66.5052	66.5052
2150	66.5052	67.0259
2151	66.5052	66.5052
2152	66.5052	66.5052
2153	66.5052	66.7375
2154	66.5052	66.5968
2155	66.5052	66.7342
2156	66.5052	66.5887
2157	66.5052	66.6077
2158	66.5052	66.7423
2159	66.5052	67.6834
2160	66.5052	67.0503
2161	66.5052	66.7048
2162	66.5052	66.6587
2163	66.5052	66.5052
2164	66.5052	66.58
2165	66.5052	66.5052
2166	66.5052	66.7787
2167	66.5052	66.5052
2168	66.5052	66.7118
2169	66.5052	66.5646
2170	66.5052	66.9398
2171	66.5052	67.9457
2172	66.5052	67.7567
2173	66.5052	66.6986
2174	66.5052	66.5921
2175	66.5052	66.76
2176	66.5052	66.5552
2177	66.5052	67.5656
2178	66.5052	67.9557
2179	66.5052	69.7223
2180	66.5052	69.3336
2181	66.5052	67.1374
2182	66.5052	66.9524
2183	66.5052	67.0163
2184	66.5052	66.5987
2185	66.5052	66.9113
2186	66.5052	68.0738
2187	66.5052	69.1984
2188	66.5052	67.8379
2189	66.5052	68.3082
2190	66.5052	67.9885
2191	66.5052	68.8119
2192	66.5052	68.2935
2193	66.5052	67.2192
2194	66.5052	67.2341
2195	66.5052	66.9219
2196	66.5052	66.9929
2197	66.5052	67.1221
2198	66.5052	67.2366
2199	66.5052	67.0586
2200	66.5052	67.0317
2201	66.3119	66.6602
2202	66.3119	69.3064
2203	66.3119	69.0928
2204	66.3119	67.4579
2205	66.3119	67.5093
2206	66.3119	68.192
2207	66.3119	67.1958
2208	66.3119	66.3966
2209	66.3119	67.0526
2210	66.3119	66.8624
2211	66.3119	68.1988
2212	66.3119	67.4732
2213	66.3119	67.8582
2214	66.3119	67.2876
2215	66.3119	67.6881
2216	66.3119	66.9355
2217	66.3119	66.3251
2218	66.3119	66.3831
2219	66.3119	66.5444
2220	66.3119	66.4175
2221	66.3119	66.3778
2222	66.3119	66.6155
2223	66.3119	66.6462
2224	66.3119	66.4408
2225	66.3119	66.9342
2226	66.3119	66.5796
2227	66.3119	66.3277
2228	66.3119	66.3119
2229	66.3119	66.3119
2230	66.3119	66.3119
2231	66.3119	66.4266
2232	66.3119	66.5626
2233	66.3119	66.3119
2234	66.3119	66.3119
2235	66.3119	66.3837
2236	66.3119	66.3533
2237	66.3119	66.6376
2238	66.3119	66.8717
2239	66.3119	67.2429
2240	66.3119	67.4445
2241	66.3119	67.8643
2242	66.3119	67.5196
2243	66.3119	66.9754
2244	66.3119	69.2223
2245	66.3119	67.2174
2246	66.3119	68.6778
2247	66.3119	66.8327
2248	66.3119	66.3119
2249	66.3119	66.3119
2250	66.3119	66.3119
2251	66.3119	66.3119
2252	66.3119	66.3119
2253	66.3119	66.3119
2254	66.3119	66.3119
2255	66.3119	66.3119
2256	66.3119	66.3119
2257	66.3119	66.5662
2258	66.3119	66.5363
2259	66.3119	66.3221
2260	66.3119	66.4162
2261	66.3119	66.6792
2262	66.3119	69.4343
2263	66.3119	67.2936
2264	66.3119	66.8335
2265	66.3119	67.0034
2266	66.3119	66.5205
2267	66.3119	66.3568
2268	66.3119	66.5129
2269	66.3119	66.9361
2270	66.3119	66.5646
2271	66.3119	66.8888
2272	66.3119	66.4206
2273	66.3119	66.3119
2274	66.3119	66.3496
2275	66.3119	66.7435
2276	66.3119	66.5286
2277	66.3119	67.5125
2278	66.3119	68.1396
2279	66.3119	67.1687
2280	66.3119	68.0246
2281	66.3119	67.0314
2282	66.3119	67.0652
2283	66.3119	66.403
2284	66.3119	66.5885
2285	66.3119	66.3599
2286	66.3119	66.4856
2287	66.3119	66.8893
2288	66.3119	66.4579
2289	66.3119	66.7483
2290	66.3119	66.3372
2291	66.3119	66.3119
2292	66.3119	67.1331
2293	66.3119	66.3397
2294	66.3119	66.7241
2295	66.3119	66.3119
2296	66.3119	67.2953
2297	66.3119	67.1185
2298	66.3119	66.8501
2299	66.3119	67.399
2300	66.3119	68.7702
2301	66.3119	67.8565
2302	66.3119	66.9152
2303	66.3119	66.3908
2304	66.3119	67.0328
2305	66.3119	66.4175
2306	66.3119	66.4269
2307	66.3119	66.7785
2308	66.3119	66.971
2309	66.3119	67.9267
2310	66.3119	66.9489
2311	66.3119	67.0571
2312	66.3119	66.9325
2313	66.3119	67.4439
2314	66.3119	66.4748
2315	66.3119	66.9322
2316	66.3119	66.5873
2317	66.3119	66.854
2318	66.3119	67.6528
2319	66.3119	67.9257
2320	66.3119	68.8675
2321	66.3119	69.1144
2322	66.3119	68.0557
2323	66.3119	68.849
2324	66.3119	68.2054
2325	66.3119	68.3651
2326	66.3119	67.6515
2327	66.3119	68.5627
2328	66.3119	66.9247
2329	66.3119	66.5103
2330	66.3119	66.3119
2331	66.3119	66.7281
2332	66.3119	66.6678
2333	66.3119	66.3119
2334	66.3119	66.5016
2335	66.3119	66.3119
2336	66.3119	66.9414
2337	66.3119	66.98
2338	66.3119	67.4072
2339	66.3119	66.3265
2340	66.3119	66.3456
2341	66.3119	67.374
2342	66.3119	66.9134
2343	66.3119	66.8387
2344	66.3119	66.4788
2345	66.3119	66.4499
2346	66.3119	66.3119
2347	66.3119	66.9328
2348	66.3119	66.6254
2349	66.3119	68.6387
2350	66.3119	67.8787
2351	66.3119	69.061
2352	66.3119	68.0611
2353	66.3119	69.4313
2354	66.3119	72.2322
2355	66.3119	69.1539
2356	66.3119	68.7211
2357	66.3119	69.9169
2358	66.3119	67.294
2359	66.3119	66.3299
2360	66.3119	66.5063
2361	66.3119	66.3119
2362	66.3119	66.5786
2363	66.3119	66.7547
2364	66.3119	67.0405
2365	66.3119	66.618
2366	66.3119	66.5925
2367	66.3119	66.4023
2368	66.3119	66.3572
2369	66.3119	68.0571
2370	66.3119	68.2968
2371	66.3119	67.9753
2372	66.3119	67.2706
2373	66.3119	70.6054
2374	66.3119	69.9947
2375	66.3119	68.6557
2376	66.3119	68.9074
2377	66.3119	68.4639
2378	66.3119	67.7716
2379	66.3119	67.4423
2380	66.3119	67.7287
2381	66.3119	66.9381
2382	66.3119	66.3529
2383	66.3119	66.4517
2384	66.3119	66.8512
2385	66.3119	67.5324
2386	66.3119	67.5212
2387	66.3119	66.4761
2388	66.3119	66.3119
2389	66.3119	66.5192
2390	66.3119	67.2166
2391	66.3119	67.7025
2392	66.3119	69.169
2393	66.3119	66.4696
2394	66.3119	66.8773
2395	66.3119	66.5786
2396	66.3119	66.3465
2397	66.3119	66.4449
2398	66.3119	66.3119
2399	66.3119	66.3119
2400	66.3119	66.3119
2401	66.3119	66.3119
2402	66.3119	66.7511
2403	66.3119	67.3227
2404	66.3119	66.8018
2405	66.3119	67.2944
2406	66.3119	67.042
2407	66.3119	66.5604
2408	66.3119	66.6865
2409	66.3119	67.175
2410	66.3119	66.4549
2411	66.3119	66.7008
2412	66.3119	66.4164
2413	66.3119	66.7129
2414	66.3119	66.445
2415	66.3119	66.6463
2416	66.3119	66.4744
2417	66.3119	66.892
2418	66.3119	66.3419
2419	66.3119	66.3119
2420	66.3119	66.3295
2421	66.3119	66.3119
2422	66.3119	66.3119
2423	66.3119	66.3119
2424	66.3119	66.3289
2425	66.3119	66.8404
2426	66.3119	66.3709
2427	66.3119	66.3367
2428	66.3119	66.3119
2429	66.3119	66.4848
2430	66.3119	66.3119
2431	66.3119	66.3119
2432	66.3119	66.4102
2433	66.3119	67.4519
2434	66.3119	67.6425
2435	66.3119	66.3244
2436	66.3119	66.3818
2437	66.3119	66.6213
2438	66.3119	66.6889
2439	66.3119	67.6882
2440	66.3119	66.5879
2441	66.3119	66.654
2442	66.3119	67.145
2443	66.3119	67.3101
2444	66.3119	68.8132
2445	66.3119	67.9955
2446	66.3119	69.3463
2447	66.3119	69.8005
2448	66.3119	68.197
2449	66.3119	66.9115
2450	66.3119	66.3119
2451	66.3119	66.4887
2452	66.3119	66.3119
2453	66.3119	66.3119
2454	66.3119	66.3119
2455	66.3119	66.3119
2456	66.3119	66.6486
2457	66.3119	66.3353
2458	66.3119	66.3119
2459	66.3119	66.4858
2460	66.3119	66.867
2461	66.3119	66.491
2462	66.3119	66.6456
2463	66.3119	66.8744
2464	66.3119	66.3395
2465	66.3119	66.4251
2466	66.3119	66.3191
2467	66.3119	68.7136
2468	66.3119	67.5922
2469	66.3119	66.3119
2470	66.3119	66.3119
2471	66.3119	66.4934
2472	66.3119	66.667
2473	66.3119	66.3119
2474	66.3119	66.3119
2475	66.3119	67.6516
2476	66.3119	67.6911
2477	66.3119	67.5381
2478	66.3119	69.1076
2479	66.3119	69.5533
2480	66.3119	67.2074
2481	66.3119	67.2456
2482	66.3119	66.9168
2483	66.3119	66.3119
2484	66.3119	66.3119
2485	66.3119	66.3625
2486	66.3119	66.3119
2487	66.3119	66.3119
2488	66.3119	67.2156
2489	66.3119	66.9891
2490	66.3119	66.4861
2491	66.3119	66.3508
2492	66.3119	67.2411
2493	66.3119	66.6789
2494	66.3119	66.3311
2495	66.3119	66.3215
2496	66.3119	66.3386
2497	66.3119	66.6202
2498	66.3119	66.8391
2499	66.3119	68.218
2500	66.3119	66.912
2501	66.3119	67.2479
2502	66.3119	66.7461
2503	66.3119	68.0901
2504	66.3119	68.0517
2505	66.3119	67.7099
2506	66.3119	67.4076
2507	66.3119	66.7776
2508	66.3119	67.0013
2509	66.3119	66.6811
2510	66.3119	66.5683
2511	66.3119	66.9002
2512	66.3119	67.3378
2513	66.3119	66.3491
2514	66.3119	66.3119
2515	66.3119	66.3664
2516	66.3119	66.3119
2517	66.3119	66.5398
2518	66.3119	66.3353
2519	66.3119	66.3337
2520	66.3119	66.3995
2521	66.3119	66.3871
2522	66.3119	67.4014
2523	66.3119	67.1073
2524	66.3119	67.1161
2525	66.3119	67.557
2526	66.3119	66.9202
2527	66.3119	66.5459
2528	66.3119	66.9201
2529	66.3119	68.0046
2530	66.3119	66.7192
2531	66.3119	66.9929
2532	66.3119	67.3967
2533	66.3119	66.7732
2534	66.3119	66.6701
2535	66.3119	66.3119
2536	66.3119	66.3201
2537	66.3119	66.3119
2538	66.3119	67.1485
2539	66.3119	67.1815
2540	66.3119	67.1994
2541	66.3119	66.8165
2542	66.3119	66.3488
2543	66.3119	66.3323
2544	66.3119	66.3119
2545	66.3119	66.7756
2546	66.3119	67.2001
2547	66.3119	66.6942
2548	66.3119	66.3119
2549	66.3119	66.7783
2550	66.3119	67.3136
2551	66.3119	66.5608
2552	66.3119	66.3119
2553	66.3119	66.3365
2554	66.3119	66.8763
2555	66.3119	66.3119
2556	66.3119	66.4145
2557	66.3119	67.0307
2558	66.3119	66.5608
2559	66.3119	67.7018
2560	66.3119	66.8614
2561	66.3119	67.7312
2562	66.3119	68.4042
2563	66.3119	67.3367
2564	66.3119	66.3745
2565	66.3119	66.3212
2566	66.3119	66.4244
2567	66.3119	66.4792
2568	66.3119	67.6947
2569	66.3119	68.3097
2570	66.3119	67.1852
2571	66.3119	66.5237
2572	66.3119	66.3484
2573	66.3119	66.3759
2574	66.3119	67.0376
2575	66.3119	67.983
2576	66.3119	68.1924
2577	66.3119	66.6733
2578	66.3119	66.9042
2579	66.3119	68.2509
2580	66.3119	67.3919
2581	66.3119	67.6196
2582	66.3119	66.3384
2583	66.3119	66.3119
2584	66.3119	66.655
2585	66.3119	66.4163
2586	66.3119	66.3119
2587	66.3119	66.5658
2588	66.3119	66.6571
2589	66.3119	66.8095
2590	66.3119	66.3888
2591	66.3119	66.4383
2592	66.3119	66.5858
2593	66.3119	66.47
2594	66.3119	66.3245
2595	66.3119	66.6275
2596	66.3119	68.1302
2597	66.3119	66.7438
2598	66.3119	66.3685
2599	66.3119	66.4028
2600	66.3119	66.3119
2601	66.3119	66.3371
2602	66.3119	67.6221
2603	66.3119	67.4751
2604	66.3119	67.2558
2605	66.3119	66.6353
2606	66.3119	66.9779
2607	66.3119	66.9108
2608	66.3119	66.5861
2609	66.3119	67.0892
2610	66.3119	67.3323
2611	66.3119	67.6004
2612	66.3119	66.3119
2613	66.3119	66.3119
2614	66.3119	66.3598
2615	66.3119	66.6665
2616	66.3119	67.2518
2617	66.3119	67.5285
2618	66.3119	67.4774
2619	66.3119	67.555
2620	66.3119	67.3305
2621	66.3119	66.6987
2622	66.3119	66.8087
2623	66.3119	66.8047
2624	66.3119	66.3175
2625	66.3119	66.4071
2626	66.3119	66.3124
2627	66.3119	66.6297
2628	66.3119	66.7818
2629	66.3119	66.6453
2630	66.3119	66.6772
2631	66.3119	66.735
2632	66.3119	66.7121
2633	66.3119	66.5366
2634	66.3119	66.9449
2635	66.3119	68.7101
2636	66.3119	67.0216
2637	66.3119	67.8517
2638	66.3119	68.1631
2639	66.3119	66.8056
2640	66.3119	67.4132
2641	66.3119	66.6407
2642	66.3119	67.2623
2643	66.3119	67.7752
2644	66.3119	67.327
2645	66.3119	67.8454
2646	66.3119	66.5621
2647	66.3119	66.7542
2648	66.3119	66.787
2649	66.3119	67.1872
2650	66.3119	67.6564
2651	66.3119	66.7786
2652	66.3119	67.6236
2653	66.3119	67.1385
2654	66.3119	67.664
2655	66.3119	67.6572
2656	66.3119	67.636
2657	66.3119	69.4462
2658	66.3119	67.6434
2659	66.3119	67.3947
2660	66.3119	66.3857
2661	66.3119	67.1005
2662	66.3119	66.8634
2663	66.3119	66.3119
2664	66.3119	66.6325
2665	66.3119	66.3365
2666	66.3119	66.3744
2667	66.3119	66.402
2668	66.3119	67.3432
2669	66.3119	66.9051
2670	66.3119	67.1875
2671	66.3119	67.4278
2672	66.3119	67.8594
2673	66.3119	67.1445
2674	66.3119	66.8861
2675	66.3119	66.6297
2676	66.3119	66.6251
2677	66.3119	67.3489
2678	66.3119	66.9085
2679	66.3119	66.8869
2680	66.3119	66.4533
2681	66.3119	66.6196
2682	66.3119	66.3821
2683	66.3119	66.3314
2684	66.3119	66.3119
2685	66.3119	66.3119
2686	66.3119	66.3119
2687	66.3119	66.3119
2688	66.3119	66.3312
2689	66.3119	66.4127
2690	66.3119	66.6481
2691	66.3119	66.7019
2692	66.3119	67.0925
2693	66.3119	67.1746
2694	66.3119	66.6077
2695	66.3119	66.3119
2696	66.3119	66.3289
2697	66.3119	66.3119
2698	66.3119	66.6052
2699	66.3119	66.3119
2700	66.3119	66.3119
2701	66.3119	67.3539
2702	66.3119	66.9003
2703	66.3119	66.372
2704	66.3119	66.7432
2705	66.3119	66.3904
2706	66.3119	66.7208
2707	66.3119	66.5328
2708	66.3119	66.4408
2709	66.3119	66.3501
2710	66.3119	67.1301
2711	66.3119	67.5223
2712	66.3119	67.1616
2713	66.3119	68.0082
2714	66.3119	66.4756
2715	66.3119	66.3119
2716	66.3119	66.3119
2717	66.3119	66.5574
2718	66.3119	66.5811
2719	66.3119	66.359
2720	66.3119	66.3119
2721	66.3119	66.4515
2722	66.3119	66.3119
2723	66.3119	66.3171
2724	66.3119	66.8662
2725	66.3119	66.4828
2726	66.3119	66.8877
2727	66.3119	66.4572
2728	66.3119	66.6175
2729	66.3119	66.9098
2730	66.3119	66.5867
2731	66.3119	66.4258
2732	66.3119	66.7074
2733	66.3119	68.9286
2734	66.3119	67.5331
2735	66.3119	67.156
2736	66.3119	66.3119
2737	66.3119	66.3951
2738	66.3119	66.982
2739	66.3119	66.3119
2740	66.3119	66.3119
2741	66.3119	66.3654
2742	66.3119	66.3377
2743	66.3119	66.3119
2744	66.3119	66.3734
2745	66.3119	66.5721
2746	66.3119	67.0166
2747	66.3119	66.7736
2748	66.3119	67.293
2749	66.3119	67.6272
2750	66.3119	68.8383
2751	66.3119	67.24
2752	66.3119	66.4355
2753	66.3119	66.3119
2754	66.3119	66.3119
2755	66.3119	66.3119
2756	66.3119	66.3119
2757	66.3119	66.3119
2758	66.3119	66.3221
2759	66.3119	66.3119
2760	66.3119	66.3119
2761	66.3119	66.3669
2762	66.3119	66.5421
2763	66.3119	66.3911
2764	66.3119	67.0359
2765	66.3119	67.9364
2766	66.3119	67.5349
2767	66.3119	67.5112
2768	66.3119	67.8707
2769	66.3119	67.1974
2770	66.3119	66.351
2771	66.3119	66.3166
2772	66.3119	66.7868
2773	66.3119	66.3622
2774	66.3119	68.7152
2775	66.3119	67.63
2776	66.3119	68.2356
2777	66.3119	68.7548
2778	66.3119	66.3344
2779	66.3119	66.598
2780	66.3119	67.4159
2781	66.3119	67.6032
2782	66.3119	66.7506
2783	66.3119	66.665
2784	66.3119	66.4997
2785	66.3119	66.3722
2786	66.3119	66.4361
2787	66.3119	66.3341
2788	66.3119	67.0852
2789	66.3119	67.4515
2790	66.3119	67.3948
2791	66.3119	67.8106
2792	66.3119	66.384
2793	66.3119	66.3781
2794	66.3119	66.3119
2795	66.3119	66.4073
2796	66.3119	66.481
2797	66.3119	67.0681
2798	66.3119	67.0703
2799	66.3119	67.3839
2800	66.3119	67.0695
2801	66.3119	66.4114
2802	66.3119	66.8392
2803	66.3119	69.0161
2804	66.3119	67.7976
2805	66.3119	66.8717
2806	66.3119	66.6874
2807	66.3119	66.4855
2808	66.3119	66.3284
2809	66.3119	66.533
2810	66.3119	66.447
2811	66.3119	66.5034
2812	66.3119	66.6301
2813	66.3119	66.3721
2814	66.3119	66.4132
2815	66.3119	67.0972
2816	66.3119	66.962
2817	66.3119	66.3119
2818	66.3119	66.3394
2819	66.3119	66.7669
2820	66.3119	67.3213
2821	66.3119	67.6034
2822	66.3119	68.5317
2823	66.3119	68.8107
2824	66.3119	67.2599
2825	66.3119	68.0845
2826	66.3119	67.8811
2827	66.3119	67.3945
2828	66.3119	67.5827
2829	66.3119	66.8835
2830	66.3119	66.4441
2831	66.3119	66.4406
2832	66.3119	67.0625
2833	66.3119	66.8774
2834	66.3119	66.6818
2835	66.3119	66.7964
2836	66.3119	66.7519
2837	66.3119	66.5162
2838	66.3119	66.647
2839	66.3119	66.4761
2840	66.3119	67.3191
2841	66.3119	66.9039
2842	66.3119	67.412
2843	66.3119	66.9738
2844	66.3119	66.3119
2845	66.3119	66.3229
2846	66.3119	66.313
2847	66.3119	66.3294
2848	66.3119	66.3119
2849	66.3119	66.3119
2850	66.3119	66.7523
2851	66.3119	66.7424
2852	66.3119	66.5162
2853	66.3119	66.3119
2854	66.3119	66.3119
2855	66.3119	66.7617
2856	66.3119	67.1156
2857	66.3119	66.7944
2858	66.3119	66.6862
2859	66.3119	67.3561
2860	66.3119	67.1646
2861	66.3119	67.2679
2862	66.3119	67.2443
2863	66.3119	67.0996
2864	66.3119	67.0089
2865	66.3119	66.4856
2866	66.3119	66.3119
2867	66.3119	66.5914
2868	66.3119	66.6996
2869	66.3119	66.4286
2870	66.3119	66.4107
2871	66.3119	66.4978
2872	66.3119	67.853
2873	66.3119	67.5703
2874	66.3119	67.7648
2875	66.3119	66.3119
2876	66.3119	66.4083
2877	66.3119	66.3119
2878	66.3119	66.4768
2879	66.3119	66.9329
2880	66.3119	66.3119
2881	66.3119	66.5886
2882	66.3119	67.2342
2883	66.3119	67.2568
2884	66.3119	66.8055
2885	66.3119	66.4864
2886	66.3119	66.3119
2887	66.3119	66.3119
2888	66.3119	66.3345
2889	66.3119	66.3396
2890	66.3119	66.7851
2891	66.3119	67.1916
2892	66.3119	66.9065
2893	66.3119	66.6559
2894	66.3119	67.472
2895	66.3119	67.5265
2896	66.3119	66.7736
2897	66.3119	66.3777
2898	66.3119	66.3452
2899	66.3119	66.4229
2900	66.3119	66.3119
2901	66.3119	66.8862
2902	66.3119	66.5731
2903	66.3119	66.7461
2904	66.3119	66.3119
2905	66.3119	66.3119
2906	66.3119	67.313
2907	66.3119	67.033
2908	66.3119	66.6311
2909	66.3119	66.5552
2910	66.3119	66.3912
2911	66.3119	67.0022
2912	66.3119	66.8673
2913	66.3119	68.4647
2914	66.3119	68.4261
2915	66.3119	67.8057
2916	66.3119	66.618
2917	66.3119	66.3119
2918	66.3119	66.5578
2919	66.3119	66.8665
2920	66.3119	66.5284
2921	66.3119	66.3793
2922	66.3119	66.7408
2923	66.3119	66.6258
2924	66.3119	66.4612
2925	66.3119	66.9016
2926	66.3119	68.4326
2927	66.3119	67.41
2928	66.3119	66.8577
2929	66.3119	66.7011
2930	66.3119	68.2377
2931	66.3119	67.0569
2932	66.3119	67.2086
2933	66.3119	66.567
2934	66.3119	66.3119
2935	66.3119	66.6384
2936	66.3119	66.3119
2937	66.3119	67.1113
2938	66.3119	66.474
2939	66.3119	66.3119
2940	66.3119	66.4723
2941	66.3119	66.3119
2942	66.3119	66.8873
2943	66.3119	66.6223
2944	66.3119	66.3119
2945	66.3119	66.3374
2946	66.3119	66.4561
2947	66.3119	66.524
2948	66.3119	66.4278
2949	66.3119	66.8838
2950	66.3119	67.2519
2951	66.3119	66.3482
2952	66.3119	66.3119
2953	66.3119	66.5047
2954	66.3119	66.3119
2955	66.3119	66.8628
2956	66.3119	67.3358
2957	66.3119	67.2851
2958	66.3119	67.6173
2959	66.3119	68.4454
2960	66.3119	68.3611
2961	66.3119	67.5842
2962	66.3119	67.4345
2963	66.3119	66.5923
2964	66.3119	66.5066
2965	66.3119	66.4399
2966	66.3119	66.358
2967	66.3119	66.5757
2968	66.3119	67.5421
2969	66.3119	66.8418
2970	66.3119	66.3389
2971	66.3119	66.5266
2972	66.3119	66.4003
2973	66.3119	67.1925
2974	66.3119	66.7372
2975	66.3119	67.0317
2976	66.3119	66.6851
2977	66.3119	66.483
2978	66.3119	66.959
2979	66.3119	67.3074
2980	66.3119	67.4029
2981	66.3119	66.777
2982	66.3119	66.5692
2983	66.3119	67.3983
2984	66.3119	66.5973
2985	66.3119	66.3119
2986	66.3119	66.3119
2987	66.3119	66.3119
2988	66.3119	66.3189
2989	66.3119	66.5451
2990	66.3119	67.0597
2991	66.3119	66.4949
2992	66.3119	66.5443
2993	66.3119	66.4212
2994	66.3119	66.3119
2995	66.3119	66.4021
2996	66.3119	66.5602
2997	66.3119	66.4309
2998	66.3119	66.3452
2999	66.3119	66.3452
3000	66.3119	66.4546
3001	66.3119	66.4003
3002	66.3119	66.4682
3003	66.3119	67.1259
3004	66.3119	66.8547
3005	66.3119	66.5102
3006	66.3119	66.7967
3007	66.3119	66.909
3008	66.3119	67.534
3009	66.3119	66.648
3010	66.3119	66.462
3011	66.3119	66.6612
3012	66.3119	67.8628
3013	66.3119	68.4866
3014	66.3119	67.6919
3015	66.3119	66.5445
3016	66.3119	66.4448
3017	66.3119	66.3278
3018	66.3119	66.4594
3019	66.3119	67.3748
3020	66.3119	66.999
3021	66.3119	66.3192
3022	66.3119	66.6957
3023	66.3119	67.4232
3024	66.3119	67.2406
3025	66.3119	66.3119
3026	66.3119	66.3457
3027	66.3119	66.3119
3028	66.3119	66.3226
3029	66.3119	66.3119
3030	66.3119	66.3119
3031	66.3119	66.3119
3032	66.3119	66.7375
3033	66.3119	66.3911
3034	66.3119	66.3448
3035	66.3119	66.3119
3036	66.3119	67.261
3037	66.3119	67.0178
3038	66.3119	68.637
3039	66.3119	69.0724
3040	66.3119	68.6205
3041	66.3119	68.9841
3042	66.3119	67.7322
3043	66.3119	67.0493
3044	66.3119	66.6244
3045	66.3119	67.2336
3046	66.3119	67.4506
3047	66.3119	67.6239
3048	66.3119	66.5325
3049	66.3119	67.4641
3050	66.3119	67.9038
3051	66.3119	66.3178
3052	66.3119	66.4416
3053	66.3119	66.3949
3054	66.3119	66.9232
3055	66.3119	66.3533
3056	66.3119	66.3348
3057	66.3119	66.3119
3058	66.3119	66.3119
3059	66.3119	67.4008
3060	66.3119	68.208
3061	66.3119	66.9237
3062	66.3119	68.9803
3063	66.3119	70.3207
3064	66.3119	68.1708
3065	66.3119	67.2195
3066	66.3119	67.7603
3067	66.3119	67.1481
3068	66.3119	67.1101
3069	66.3119	67.2675
3070	66.3119	67.9086
3071	66.3119	66.6015
3072	66.3119	67.2661
3073	66.3119	67.2495
3074	66.3119	66.789
3075	66.3119	66.3583
3076	66.3119	66.7327
3077	66.3119	66.9055
3078	66.3119	69.3384
3079	66.3119	67.2697
3080	66.3119	66.6827
3081	66.3119	66.3119
3082	66.3119	66.7045
3083	66.3119	68.6518
3084	66.3119	70.1336
3085	66.3119	68.9229
3086	66.3119	67.493
3087	66.3119	67.95
3088	66.3119	67.208
3089	66.3119	66.5695
3090	66.3119	66.4313
3091	66.3119	67.1048
3092	66.3119	66.3119
3093	66.3119	66.9521
3094	66.3119	66.9238
3095	66.3119	66.4856
3096	66.3119	66.8776
3097	66.3119	67.2556
3098	66.3119	67.4003
3099	66.3119	70.5964
3100	66.3119	68.3877
3101	66.3014	68.0036
3102	66.3014	66.9207
3103	66.3014	66.3188
3104	66.3014	66.603
3105	66.3014	67.7064
3106	66.3014	68.4072
3107	66.3014	66.9421
3108	66.3014	68.0995
3109	66.3014	67.3013
3110	66.3014	66.7085
3111	66.3014	66.6478
3112	66.3014	67.0444
3113	66.3014	68.6076
3114	66.3014	67.5609
3115	66.3014	67.2521
3116	66.3014	66.3014
3117	66.3014	66.3014
3118	66.3014	66.3214
3119	66.3014	67.4674
3120	66.3014	67.4238
3121	66.3014	67.2692
3122	66.3014	66.5353
3123	66.3014	66.6314
3124	66.3014	66.7927
3125	66.3014	66.3232
3126	66.3014	66.8313
3127	66.3014	66.7875
3128	66.3014	67.154
3129	66.3014	66.4409
3130	66.3014	66.8371
3131	66.3014	69.3742
3132	66.3014	66.5472
3133	66.3014	67.8578
3134	66.3014	67.7161
3135	66.3014	67.8569
3136	66.3014	67.2928
3137	66.3014	67.0113
3138	66.3014	66.5614
3139	66.3014	66.4883
3140	66.3014	66.5845
3141	66.3014	67.3652
3142	66.3014	67.2268
3143	66.3014	67.8707
3144	66.3014	67.0379
3145	66.3014	66.3159
3146	66.3014	66.3304
3147	66.3014	66.6118
3148	66.3014	67.0905
3149	66.3014	66.5592
3150	66.3014	66.3014
3151	66.3014	67.9102
3152	66.3014	68.1617
3153	66.3014	67.8211
3154	66.3014	66.6333
3155	66.3014	66.3475
3156	66.3014	66.4397
3157	66.3014	66.6557
3158	66.3014	66.354
3159	66.3014	66.6131
3160	66.3014	67.9353
3161	66.3014	66.8927
3162	66.3014	66.3014
3163	66.3014	66.3122
3164	66.3014	67.6418
3165	66.3014	68.3152
3166	66.3014	68.1348
3167	66.3014	67.5484
3168	66.3014	68.123
3169	66.3014	67.0754
3170	66.3014	67.0386
3171	66.3014	66.7326
3172	66.3014	67.706
3173	66.3014	68.3158
3174	66.3014	68.3085
3175	66.3014	68.8468
3176	66.3014	68.654
3177	66.3014	68.0217
3178	66.3014	69.0373
3179	66.3014	68.9593
3180	66.3014	69.596
3181	66.3014	67.6026
3182	66.3014	67.6218
3183	66.3014	69.394
3184	66.3014	67.2107
3185	66.3014	67.17
3186	66.3014	67.8691
3187	66.3014	66.9006
3188	66.3014	67.1855
3189	66.3014	67.8231
3190	66.3014	68.5752
3191	66.3014	68.4087
3192	66.3014	66.4835
3193	66.3014	68.1287
3194	66.3014	68.5035
3195	66.3014	69.2415
3196	66.3014	67.6909
3197	66.3014	66.3014
3198	66.3014	66.4475
3199	66.3014	66.3141
3200	66.3014	66.48
3201	66.3014	66.3014
3202	66.3014	66.3153
3203	66.3014	66.3014
3204	66.3014	66.5937
3205	66.3014	66.3014
3206	66.3014	67.8578
3207	66.3014	66.9209
3208	66.3014	66.743
3209	66.3014	66.3581
3210	66.3014	66.7702
3211	66.3014	66.452
3212	66.3014	67.2987
3213	66.3014	66.7501
3214	66.3014	67.0411
3215	66.3014	66.6916
3216	66.3014	66.3354
3217	66.3014	66.982
3218	66.3014	67.6366
3219	66.3014	68.5974
3220	66.3014	67.6061
3221	66.3014	68.1884
3222	66.3014	66.9905
3223	66.3014	67.2399
3224	66.3014	67.6574
3225	66.3014	66.6814
3226	66.3014	66.3538
3227	66.3014	66.3014
3228	66.3014	66.3014
3229	66.3014	66.3014
3230	66.3014	66.3014
3231	66.3014	66.3516
3232	66.3014	66.9989
3233	66.3014	66.3334
3234	66.3014	66.5529
3235	66.3014	66.3014
3236	66.3014	66.3014
3237	66.3014	66.4108
3238	66.3014	66.4249
3239	66.3014	66.3014
3240	66.3014	66.6516
3241	66.3014	66.7042
3242	66.3014	67.4421
3243	66.3014	66.6071
3244	66.3014	66.839
3245	66.3014	68.1437
3246	66.3014	66.4013
3247	66.3014	66.3128
3248	66.3014	66.5015
3249	66.3014	67.3869
3250	66.3014	66.4466
3251	66.3014	67.1184
3252	66.3014	66.7283
3253	66.3014	67.9075
3254	66.3014	66.8994
3255	66.3014	67.3211
3256	66.3014	67.6694
3257	66.3014	67.6532
3258	66.3014	67.3864
3259	66.3014	68.8757
3260	66.3014	69.0551
3261	66.3014	67.7511
3262	66.3014	66.7651
3263	66.3014	66.3672
3264	66.3014	66.4861
3265	66.3014	66.3014
3266	66.3014	66.3014
3267	66.3014	66.4982
3268	66.3014	66.6066
3269	66.3014	66.9887
3270	66.3014	68.6642
3271	66.3014	67.5529
3272	66.3014	67.2043
3273	66.3014	68.4981
3274	66.3014	66.8347
3275	66.3014	67.0539
3276	66.3014	66.8474
3277	66.3014	67.1504
3278	66.3014	66.4196
3279	66.3014	67.5251
3280	66.3014	68.395
3281	66.3014	69.4203
3282	66.3014	68.4502
3283	66.3014	69.1838
3284	66.3014	67.4219
3285	66.3014	68.1661
3286	66.3014	67.8633
3287	66.3014	67.2621
3288	66.3014	66.4093
3289	66.3014	66.4689
3290	66.3014	66.9679
3291	66.3014	66.4558
3292	66.3014	66.3014
3293	66.3014	66.8555
3294	66.3014	66.7374
3295	66.3014	66.8246
3296	66.3014	67.106
3297	66.3014	67.215
3298	66.3014	68.3669
3299	66.3014	68.9926
3300	66.3014	66.4618
3301	66.3014	66.4839
3302	66.3014	66.7893
3303	66.3014	66.727
3304	66.3014	66.5252
3305	66.3014	66.4178
3306	66.3014	66.3014
3307	66.3014	66.3014
3308	66.3014	66.3014
3309	66.241	66.3002
3310	66.241	66.6275
3311	66.241	66.8788
3312	66.241	66.4602
3313	66.241	66.2555
3314	66.241	66.2483
3315	66.241	66.3412
3316	66.241	66.406
3317	66.241	67.0042
3318	66.241	67.3524
3319	66.241	67.4107
3320	66.241	66.2669
3321	66.241	66.241
3322	66.241	66.3047
3323	66.241	67.6917
3324	66.241	67.0629
3325	66.241	67.1836
3326	66.241	66.9475
3327	66.241	66.7969
3328	66.241	67.6247
3329	66.241	66.6943
3330	66.241	66.7968
3331	66.241	66.675
3332	66.241	66.492
3333	66.241	66.4438
3334	66.241	66.7342
3335	66.241	67.6999
3336	66.241	66.2747
3337	66.241	66.241
3338	66.241	66.241
3339	66.241	66.67
3340	66.241	66.563
3341	66.241	67.2202
3342	66.241	67.3462
3343	66.241	67.0568
3344	66.241	66.241
3345	66.241	66.5542
3346	66.241	66.241
3347	66.241	66.241
3348	66.241	66.88
3349	66.241	68.3709
3350	66.241	67.5112
3351	66.241	67.8111
3352	66.241	68.4859
3353	66.241	69.0269
3354	66.241	66.9707
3355	66.241	67.0832
3356	66.241	67.0654
3357	66.241	66.241
3358	66.241	66.241
3359	66.241	66.241
3360	66.241	66.4697
3361	66.241	66.6517
3362	66.241	66.6233
3363	66.241	66.4431
3364	66.241	66.8342
3365	66.241	66.548
3366	66.241	66.3706
3367	66.241	66.241
3368	66.241	66.2661
3369	66.241	67.416
3370	66.241	67.0157
3371	66.241	66.7904
3372	66.241	66.9603
3373	66.241	66.7076
3374	66.241	67.6045
3375	66.241	67.4148
3376	66.241	67.4747
3377	66.241	66.8576
3378	66.241	66.335
3379	66.241	66.241
3380	66.241	66.241
3381	66.241	66.5574
3382	66.241	66.2799
3383	66.241	66.6187
3384	66.241	66.5003
3385	66.241	66.3091
3386	66.241	66.241
3387	66.241	66.4936
3388	66.241	66.241
3389	66.241	66.558
3390	66.241	66.6514
3391	66.241	66.3435
3392	66.241	66.7524
3393	66.241	66.8166
3394	66.241	66.5406
3395	66.241	66.6342
3396	66.241	67.1388
3397	66.241	66.5817
3398	66.241	69.0248
3399	66.241	67.242
3400	66.241	67.2608
3401	66.241	67.7192
3402	66.241	67.276
3403	66.241	67.6132
3404	66.241	66.9798
3405	66.241	68.0985
3406	66.241	68.7254
3407	66.241	67.7917
3408	66.241	66.9066
3409	66.241	66.7078
3410	66.241	69.04
3411	66.241	66.968
3412	66.241	67.3799
3413	66.241	66.6839
3414	66.241	69.1878
3415	66.241	66.5432
3416	66.241	66.2628
3417	66.241	66.7427
3418	66.241	66.2537
3419	66.241	67.0804
3420	66.241	66.2664
3421	66.241	66.3842
3422	66.241	66.5787
3423	66.241	66.7833
3424	66.241	66.9178
3425	66.241	67.2478
3426	66.241	66.8348
3427	66.241	67.0402
3428	66.241	67.7431
3429	66.241	67.0481
3430	66.241	67.498
3431	66.241	66.5385
3432	66.241	67.5858
3433	66.241	67.3225
3434	66.241	68.1151
3435	66.241	68.1289
3436	66.241	67.9205
3437	66.241	67.9829
3438	66.241	68.2524
3439	66.241	66.8814
3440	66.241	67.9177
3441	66.241	67.0193
3442	66.241	66.7459
3443	66.241	66.5575
3444	66.241	66.5434
3445	66.241	66.6307
3446	66.241	67.6648
3447	66.241	67.7244
3448	66.241	66.361
3449	66.241	66.2977
3450	66.241	66.3006
3451	66.241	66.2749
3452	66.241	66.6976
3453	66.241	67.8921
3454	66.241	68.4816
3455	66.241	66.6504
3456	66.241	67.0294
3457	66.241	67.2955
3458	66.241	66.7838
3459	66.241	67.706
3460	66.241	68.5263
3461	66.241	68.266
3462	66.241	68.7021
3463	66.241	66.9115
3464	66.241	67.2695
3465	66.241	69.9219
3466	66.241	71.1269
3467	66.241	70.0645
3468	66.241	66.3652
3469	66.241	66.2616
3470	66.241	66.469
3471	66.241	66.5649
3472	66.241	66.2877
3473	66.241	66.7759
3474	66.241	66.7823
3475	66.241	66.241
3476	66.241	66.408
3477	66.241	66.2626
3478	66.241	66.241
3479	66.241	66.241
3480	66.241	66.241
3481	66.241	66.241
3482	66.241	66.7519
3483	66.241	66.977
3484	66.241	66.241
3485	66.241	66.241
3486	66.241	66.241
3487	66.241	66.254
3488	66.241	66.2534
3489	66.241	66.241
3490	66.241	66.3307
3491	66.241	66.241
3492	66.241	66.241
3493	66.241	66.3036
3494	66.241	66.241
3495	66.241	66.241
3496	66.241	66.8577
3497	66.241	66.5563
3498	66.241	66.3764
3499	66.241	66.241
3500	66.241	66.31
3501	66.241	67.0865
3502	66.241	66.444
3503	66.241	66.3295
3504	66.241	66.3605
3505	66.241	66.29
3506	66.241	66.241
3507	66.241	66.2815
3508	66.241	66.4781
3509	66.241	66.8016
3510	66.241	66.7544
3511	66.241	66.318
3512	66.241	66.8442
3513	66.241	66.8283
3514	66.241	66.6088
3515	66.241	67.0391
3516	66.241	66.8061
3517	66.241	68.3039
3518	66.241	67.3251
3519	66.241	66.3477
3520	66.241	66.241
3521	66.241	66.241
3522	66.241	66.5205
3523	66.241	66.3038
3524	66.241	66.6212
3525	66.241	66.3113
3526	66.241	66.6044
3527	66.241	68.1156
3528	66.241	66.6852
3529	66.241	66.7102
3530	66.241	66.2704
3531	66.241	67.7343
3532	66.241	67.5482
3533	66.241	66.5086
3534	66.241	66.4477
3535	66.241	66.825
3536	66.241	66.4042
3537	66.241	66.5623
3538	66.241	67.5968
3539	66.241	68.821
3540	66.241	68.0321
3541	66.241	68.0532
3542	66.241	66.614
3543	66.241	66.241
3544	66.241	66.5859
3545	66.241	66.9045
3546	66.241	66.6488
3547	66.241	66.5965
3548	66.241	66.241
3549	66.241	66.6535
3550	66.241	66.2564
3551	66.241	66.241
3552	66.241	66.241
3553	66.241	66.3327
3554	66.241	66.5584
3555	66.241	66.6341
3556	66.241	66.5251
3557	66.241	66.2875
3558	66.241	67.2943
3559	66.241	66.4477
3560	66.241	66.8073
3561	66.241	66.6924
3562	66.241	66.5296
3563	66.241	66.3451
3564	66.241	66.4754
3565	66.241	66.241
3566	66.241	66.3204
3567	66.241	67.1198
3568	66.241	66.5946
3569	66.241	66.241
3570	66.241	66.241
3571	66.241	66.8763
3572	66.241	66.4101
3573	66.241	66.2506
3574	66.241	66.241
3575	66.241	66.3625
3576	66.241	66.3191
3577	66.241	66.3008
3578	66.241	66.2684
3579	66.241	66.241
3580	66.241	66.241
3581	66.241	66.2805
3582	66.241	66.2547
3583	66.241	66.2709
3584	66.241	66.5095
3585	66.241	66.5848
3586	66.241	66.5559
3587	66.241	68.73
3588	66.241	67.7456
3589	66.241	68.1259
3590	66.241	67.8626
3591	66.241	66.4003
3592	66.241	66.8228
3593	66.241	66.7919
3594	66.241	67.0853
3595	66.241	66.7816
3596	66.241	67.7334
3597	66.241	67.4366
3598	66.241	67.2692
3599	66.241	67.6669
3600	66.241	66.9447
3601	65.973	67.2185
3602	65.973	66.5037
3603	65.973	66.3379
3604	65.973	66.2204
3605	65.973	66.5253
3606	65.973	66.7207
3607	65.973	66.1122
3608	65.973	66.1553
3609	65.973	66.2226
3610	65.973	66.4261
3611	65.973	66.3742
3612	65.973	66.1623
3613	65.973	67.1785
3614	65.973	67.2234
3615	65.973	66.5344
3616	65.973	66.3208
3617	65.973	66.5884
3618	65.973	66.6898
3619	65.973	67.1153
3620	65.973	66.1859
3621	65.973	66.376
3622	65.973	67.0296
3623	65.973	68.0228
3624	65.973	66.9129
3625	65.973	66.4019
3626	65.973	67.5012
3627	65.973	67.5271
3628	65.973	66.2511
3629	65.973	66.0438
3630	65.973	66.4387
3631	65.973	66.7585
3632	65.973	66.1475
3633	65.973	65.973
3634	65.973	65.973
3635	65.973	65.9901
3636	65.973	66.6444
3637	65.973	67.1655
3638	65.973	67.5454
3639	65.973	70.7254
3640	65.973	67.6023
3641	65.973	67.2729
3642	65.973	67.5293
3643	65.973	66.9373
3644	65.973	66.3109
3645	65.973	66.3341
3646	65.973	65.973
3647	65.973	65.973
3648	65.973	65.9997
3649	65.973	66.0064
3650	65.973	65.973
3651	65.973	65.9976
3652	65.973	66.2331
3653	65.973	66.4219
3654	65.973	66.0983
3655	65.973	66.1829
3656	65.973	66.5731
3657	65.973	65.973
3658	65.973	66.14
3659	65.973	65.973
3660	65.973	65.973
3661	65.973	66.1189
3662	65.973	65.973
3663	65.973	65.973
3664	65.973	65.973
3665	65.973	65.973
3666	65.973	65.973
3667	65.973	66.4828
3668	65.973	66.0235
3669	65.973	66.2458
3670	65.973	66.2276
3671	65.973	66.8911
3672	65.973	66.4337
3673	65.973	66.7824
3674	65.973	66.7229
3675	65.973	66.9148
3676	65.973	66.7946
3677	65.973	67.0238
3678	65.973	68.6357
3679	65.973	66.9875
3680	65.973	67.7416
3681	65.973	66.0899
3682	65.973	65.973
3683	65.973	65.973
3684	65.973	66.3723
3685	65.973	66.7146
3686	65.973	66.9191
3687	65.973	67.3248
3688	65.973	66.5043
3689	65.973	65.9975
3690	65.973	66.7263
3691	65.973	67.022
3692	65.973	66.5241
3693	65.973	67.5894
3694	65.973	68.5724
3695	65.973	67.6956
3696	65.973	66.2024
3697	65.973	67.3468
3698	65.973	65.973
3699	65.973	66.0675
3700	65.973	66.0867
3701	65.973	66.0054
3702	65.973	66.3488
3703	65.973	66.0791
3704	65.973	65.973
3705	65.973	65.973
3706	65.973	65.973
3707	65.973	65.973
3708	65.973	67.6844
3709	65.973	66.2972
3710	65.973	66.1288
3711	65.973	66.1451
3712	65.973	66.3059
3713	65.973	66.0626
3714	65.973	66.4914
3715	65.973	66.3147
3716	65.973	66.9458
3717	65.973	67.0932
3718	65.973	66.9935
3719	65.973	67.7576
3720	65.973	66.3682
3721	65.973	67.2345
3722	65.973	67.8932
3723	65.973	67.2225
3724	65.973	67.2185
3725	65.973	66.8725
3726	65.973	66.0226
3727	65.973	66.2529
3728	65.973	66.1733
3729	65.973	68.1824
3730	65.973	67.0583
3731	65.973	66.8438
3732	65.973	66.4542
3733	65.973	66.3493
3734	65.973	66.227
3735	65.973	66.6802
3736	65.973	66.172
3737	65.973	66.3172
3738	65.973	66.1015
3739	65.973	66.1823
3740	65.973	66.387
3741	65.973	66.1514
3742	65.973	67.7435
3743	65.973	67.3487
3744	65.973	66.8074
3745	65.973	66.6274
3746	65.973	68.1453
3747	65.973	68.8386
3748	65.973	68.2672
3749	65.973	66.3402
3750	65.973	66.5583
3751	65.973	66.103
3752	65.973	66.4047
3753	65.973	65.9849
3754	65.973	66.1134
3755	65.973	66.0057
3756	65.973	66.2442
3757	65.973	66.2784
3758	65.973	66.0634
3759	65.973	66.0048
3760	65.973	65.973
3761	65.973	66.0494
3762	65.973	66.0176
3763	65.973	66.1862
3764	65.973	65.9939
3765	65.973	66.1376
3766	65.973	66.5767
3767	65.973	66.5484
3768	65.973	67.4165
3769	65.973	66.5475
3770	65.973	67.1792
3771	65.973	68.4502
3772	65.973	68.1095
3773	65.973	68.3608
3774	65.973	67.0956
3775	65.973	67.1036
3776	65.973	66.0226
3777	65.973	66.144
3778	65.973	66.0408
3779	65.973	66.8356
3780	65.973	66.9332
3781	65.973	66.3116
3782	65.973	66.3165
3783	65.973	66.3047
3784	65.973	65.973
3785	65.973	65.973
3786	65.973	65.973
3787	65.973	65.973
3788	65.973	66.012
3789	65.973	66.3091
3790	65.973	66.0329
3791	65.973	67.0007
3792	65.973	66.9528
3793	65.973	66.7764
3794	65.973	66.3207
3795	65.973	67.8404
3796	65.973	67.8253
3797	65.973	65.9794
3798	65.973	65.973
3799	65.973	66.5587
3800	65.973	68.0768
3801	65.973	67.9695
3802	65.973	66.6422
3803	65.973	68.0938
3804	65.973	66.2256
3805	65.973	65.973
3806	65.973	66.1135
3807	65.973	66.9464
3808	65.973	69.5871
3809	65.973	70.4352
3810	65.973	69.9709
3811	65.973	69.3614
3812	65.973	67.4482
3813	65.973	67.2527
3814	65.973	67.0392
3815	65.973	66.2494
3816	65.973	66.9861
3817	65.973	66.2356
3818	65.973	66.9092
3819	65.973	66.6701
3820	65.973	67.0774
3821	65.973	66.1937
3822	65.973	66.0879
3823	65.973	66.138
3824	65.973	66.4518
3825	65.973	65.973
3826	65.973	65.973
3827	65.973	66.1488
3828	65.973	65.9871
3829	65.973	66.0491
3830	65.973	65.973
3831	65.973	66.3849
3832	65.973	66.2358
3833	65.973	65.9797
3834	65.973	67.002
3835	65.973	67.1009
3836	65.973	67.5018
3837	65.973	68.4761
3838	65.973	68.1565
3839	65.973	66.8565
3840	65.973	66.7813
3841	65.973	66.3966
3842	65.973	66.271
3843	65.973	66.1382
3844	65.973	66.3345
3845	65.973	65.9794
3846	65.973	66.0225
3847	65.973	65.973
3848	65.973	66.1192
3849	65.973	66.3521
3850	65.973	67.1617
3851	65.973	66.2397
3852	65.973	66.3873
3853	65.973	66.4412
3854	65.973	65.984
3855	65.973	66.3076
3856	65.973	66.3369
3857	65.973	66.3003
3858	65.973	67.2049
3859	65.973	66.546
3860	65.973	67.0499
3861	65.973	66.2612
3862	65.973	65.9865
3863	65.973	66.1805
3864	65.973	66.3854
3865	65.973	66.1706
3866	65.973	65.973
3867	65.973	66.0475
3868	65.973	65.9869
3869	65.973	65.973
3870	65.973	66.0407
3871	65.973	66.7196
3872	65.973	65.973
3873	65.973	65.973
3874	65.973	65.973
3875	65.973	65.9851
3876	65.973	66.2136
3877	65.973	66.1271
3878	65.973	65.973
3879	65.973	66.2232
3880	65.973	66.8377
3881	65.973	66.463
3882	65.973	67.7153
3883	65.973	66.404
3884	65.973	66.651
3885	65.973	66.8186
3886	65.973	67.7646
3887	65.973	66.6205
3888	65.973	66.5276
3889	65.973	66.6489
3890	65.973	66.0344
3891	65.973	65.973
3892	65.973	65.973
3893	65.973	66.0241
3894	65.973	66.0526
3895	65.973	66.4375
3896	65.973	66.6173
3897	65.973	66.3109
3898	65.973	66.5244
3899	65.973	67.0694
3900	65.973	66.0554
3901	65.973	66.095
3902	65.973	65.9883
3903	65.973	65.973
3904	65.973	66.0387
3905	65.973	66.0994
3906	65.973	66.2231
3907	65.973	66.0827
3908	65.973	67.3126
3909	65.973	67.7526
3910	65.973	66.6931
3911	65.973	67.0679
3912	65.973	66.5245
3913	65.973	66.6062
3914	65.973	68.0244
3915	65.973	67.6536
3916	65.973	68.2739
3917	65.973	67.4875
3918	65.973	67.2134
3919	65.973	66.7761
3920	65.973	66.8409
3921	65.973	67.1905
3922	65.973	66.5429
3923	65.973	66.9592
3924	65.973	67.0405
3925	65.973	66.9339
3926	65.973	66.7708
3927	65.973	65.973
3928	65.973	66.0263
3929	65.973	66.0187
3930	65.973	65.973
3931	65.973	66.2347
3932	65.973	65.973
3933	65.973	65.9837
3934	65.973	65.9837
3935	65.973	65.9837
3936	65.973	66.1446
3937	65.973	66.7134
3938	65.973	68.5413
3939	65.973	68.3846
3940	65.973	68.178
3941	65.973	68.8127
3942	65.973	67.2305
3943	65.973	66.3355
3944	65.973	65.973
3945	65.973	65.973
3946	65.973	66.0461
3947	65.973	66.6715
3948	65.973	66.3604
3949	65.973	66.761
3950	65.973	67.2664
3951	65.973	68.0805
3952	65.973	67.01
3953	65.973	67.1328
3954	65.973	66.5507
3955	65.973	65.973
3956	65.973	66.3353
3957	65.973	66.6114
3958	65.973	66.6949
3959	65.973	67.0056
3960	65.973	66.2367
3961	65.973	67.5579
3962	65.973	66.6521
3963	65.973	67.9842
3964	65.973	67.1336
3965	65.973	66.4821
3966	65.973	66.587
3967	65.973	67.489
3968	65.973	67.7255
3969	65.973	66.6947
3970	65.973	66.2781
3971	65.973	66.8799
3972	65.973	66.4036
3973	65.973	67.2253
3974	65.973	66.4248
3975	65.973	66.1261
3976	65.973	66.7217
3977	65.973	66.3654
3978	65.973	66.2911
3979	65.973	66.0597
3980	65.973	66.1142
3981	65.973	65.9882
3982	65.973	65.973
3983	65.973	66.0719
3984	65.973	66.3122
3985	65.973	66.8899
3986	65.973	67.1526
3987	65.973	67.2732
3988	65.973	66.7003
3989	65.973	66.3558
3990	65.973	66.593
3991	65.973	66.2735
3992	65.973	65.9888
3993	65.973	65.973
3994	65.973	66.3804
3995	65.973	66.4313
3996	65.973	66.7667
3997	65.973	66.6248
3998	65.973	68.2711
3999	65.973	66.2489
4000	65.973	66.6931
4001	65.973	67.9591
4002	65.973	68.0998
4003	65.973	68.3104
4004	65.973	66.7405
4005	65.973	67.1598
4006	65.973	67.0191
4007	65.973	66.4042
4008	65.973	66.1967
4009	65.973	67.1404
4010	65.973	66.9278
4011	65.973	68.4066
4012	65.973	66.2588
4013	65.973	65.973
4014	65.973	65.9813
4015	65.973	65.973
4016	65.973	66.1586
4017	65.973	66.0069
4018	65.973	66.7999
4019	65.973	65.9901
4020	65.973	66.6547
4021	65.973	66.5873
4022	65.973	66.4492
4023	65.973	66.5033
4024	65.973	66.9534
4025	65.973	66.7179
4026	65.973	66.7476
4027	65.973	66.3013
4028	65.973	66.7602
4029	65.973	66.1806
4030	65.973	66.6746
4031	65.973	66.1447
4032	65.973	66.0969
4033	65.973	66.9454
4034	65.973	67.2431
4035	65.973	67.1352
4036	65.973	68.3624
4037	65.973	66.8722
4038	65.973	67.1337
4039	65.973	66.7223
4040	65.973	65.9823
4041	65.973	65.973
4042	65.973	65.9813
4043	65.973	66.9613
4044	65.973	66.104
4045	65.973	67.2841
4046	65.973	66.7547
4047	65.973	67.2007
4048	65.973	67.4578
4049	65.973	66.1125
4050	65.973	66.4409
4051	65.973	66.4568
4052	65.973	66.6122
4053	65.973	66.4807
4054	65.973	66.3015
4055	65.973	66.0121
4056	65.973	66.5659
4057	65.973	67.6138
4058	65.973	66.9675
4059	65.973	66.815
4060	65.973	67.1386
4061	65.973	67.8745
4062	65.973	69.678
4063	65.973	72.4382
4064	65.973	69.9349
4065	65.973	67.7791
4066	65.973	66.8149
4067	65.973	66.2575
4068	65.973	66.1305
4069	65.973	66.0701
4070	65.973	67.1389
4071	65.973	67.7386
4072	65.973	67.9855
4073	65.973	67.1814
4074	65.973	66.3667
4075	65.973	66.3226
4076	65.973	65.973
4077	65.973	66.2308
4078	65.973	65.973
4079	65.973	66.3183
4080	65.973	66.0536
4081	65.973	65.9869
4082	65.973	65.973
4083	65.973	66.3722
4084	65.973	65.973
4085	65.973	65.973
4086	65.973	65.973
4087	65.973	66.0405
4088	65.973	66.1522
4089	65.973	66.3449
4090	65.973	66.1533
4091	65.973	65.9952
4092	65.973	65.973
4093	65.973	66.1627
4094	65.973	67.0451
4095	65.973	66.2863
4096	65.973	66.82
4097	65.973	66.0077
4098	65.973	65.9857
4099	65.973	65.973
4100	65.973	66.1328
4101	65.973	66.5165
4102	65.973	66.1938
4103	65.973	66.1167
4104	65.973	65.973
4105	65.973	66.3494
4106	65.973	66.901
4107	65.973	67.3546
4108	65.973	66.3443
4109	65.973	67.21
4110	65.973	67.6542
4111	65.973	69.6357
4112	65.973	68.5975
4113	65.973	67.1079
4114	65.973	69.9811
4115	65.973	67.8708
4116	65.973	67.8861
4117	65.973	68.3822
4118	65.973	69.2928
4119	65.973	68.1924
4120	65.973	67.5174
4121	65.973	68.1743
4122	65.973	66.6917
4123	65.973	66.0867
4124	65.973	66.6028
4125	65.973	66.0487
4126	65.973	66.56
4127	65.973	66.7671
4128	65.973	66.0506
4129	65.973	65.973
4130	65.973	66.2142
4131	65.973	66.1044
4132	65.973	66.3815
4133	65.973	66.0818
4134	65.973	65.973
4135	65.973	65.973
4136	65.973	65.973
4137	65.973	66.5701
4138	65.973	66.6728
4139	65.973	68.6512
4140	65.973	66.2503
4141	65.973	67.1608
4142	65.973	66.9812
4143	65.973	66.0899
4144	65.973	66.0485
4145	65.973	66.0955
4146	65.973	66.3146
4147	65.973	66.9674
4148	65.973	66.3999
4149	65.973	66.4982
4150	65.973	66.5968
4151	65.973	66.28
4152	65.973	65.9953
4153	65.973	65.973
4154	65.973	66.495
4155	65.973	65.9845
4156	65.973	65.973
4157	65.973	65.973
4158	65.973	66.0141
4159	65.973	66.0141
4160	65.973	65.973
4161	65.973	66.0104
4162	65.973	66.6461
4163	65.973	66.7204
4164	65.973	67.3964
4165	65.973	67.4916
4166	65.973	67.2282
4167	65.973	66.4705
4168	65.973	66.2457
4169	65.973	66.6469
4170	65.973	66.183
4171	65.973	66.2814
4172	65.973	66.1339
4173	65.973	66.3466
4174	65.973	66.3956
4175	65.973	65.973
4176	65.973	66.2504
4177	65.973	66.2827
4178	65.973	66.71
4179	65.973	66.8861
4180	65.973	66.5175
4181	65.973	65.9892
4182	65.973	66.8164
4183	65.973	66.3843
4184	65.973	67.0296
4185	65.973	66.2932
4186	65.973	65.9913
4187	65.973	67.2561
4188	65.973	67.1471
4189	65.973	66.8996
4190	65.973	67.3696
4191	65.973	66.2147
4192	65.973	66.0544
4193	65.973	66.4353
4194	65.973	66.0057
4195	65.973	66.0974
4196	65.973	66.437
4197	65.973	66.4195
4198	65.973	66.1579
4199	65.973	66.1168
4200	65.973	66.2152
4201	65.973	66.2042
4202	65.973	66.8503
4203	65.973	67.3998
4204	65.973	67.6757
4205	65.973	67.3101
4206	65.973	68.4774
4207	65.973	67.2275
4208	65.973	66.8429
4209	65.973	67.1676
4210	65.973	67.9136
4211	65.973	68.4918
4212	65.973	68.1181
4213	65.973	67.1915
4214	65.973	66.4025
4215	65.973	66.0429
4216	65.973	67.2051
4217	65.973	66.6234
4218	65.973	66.3852
4219	65.973	66.6672
4220	65.973	65.9987
4221	65.973	67.7118
4222	65.973	66.2105
4223	65.973	66.1285
4224	65.973	65.973
4225	65.973	65.973
4226	65.973	65.9743
4227	65.973	65.9755
4228	65.973	65.973
4229	65.973	65.973
4230	65.973	65.973
4231	65.973	65.973
4232	65.973	66.8079
4233	65.973	66.1751
4234	65.973	66.4428
4235	65.973	66.5063
4236	65.973	66.4911
4237	65.973	65.9853
4238	65.973	65.973
4239	65.973	66.0685
4240	65.973	65.973
4241	65.973	66.0976
4242	65.973	66.4087
4243	65.973	66.6553
4244	65.973	68.1457
4245	65.973	67.8675
4246	65.973	69.4857
4247	65.973	67.2817
4248	65.973	66.7561
4249	65.973	66.682
4250	65.973	66.9328
4251	65.973	67.1211
4252	65.973	67.3646
4253	65.973	66.7031
4254	65.973	67.0663
4255	65.973	66.4918
4256	65.973	68.6228
4257	65.973	66.5643
4258	65.973	67.3103
4259	65.973	65.973
4260	65.973	65.973
4261	65.973	66.2062
4262	65.973	66.0447
4263	65.973	66.0105
4264	65.973	66.2823
4265	65.973	66.1953
4266	65.973	65.973
4267	65.973	66.3106
4268	65.973	65.973
4269	65.973	65.973
4270	65.973	66.4162
4271	65.973	66.1082
4272	65.973	66.6577
4273	65.973	66.4024
4274	65.973	66.0861
4275	65.973	65.973
4276	65.973	65.973
4277	65.973	66.0069
4278	65.973	66.0341
4279	65.973	66.2099
4280	65.973	66.1782
4281	65.973	65.973
4282	65.973	66.0122
4283	65.973	65.973
4284	65.973	65.973
4285	65.973	65.973
4286	65.973	65.973
4287	65.973	66.0155
4288	65.973	66.1562
4289	65.973	66.1579
4290	65.973	66.2494
4291	65.973	66.379
4292	65.973	66.0172
4293	65.973	65.973
4294	65.973	66.2108
4295	65.973	66.0603
4296	65.973	66.1228
4297	65.973	66.1412
4298	65.973	66.249
4299	65.973	66.3244
4300	65.973	66.1993
4301	65.973	66.0946
4302	65.973	66.2684
4303	65.973	66.1144
4304	65.973	66.0186
4305	65.973	65.973
4306	65.973	66.3873
4307	65.973	66.0061
4308	65.973	66.5242
4309	65.973	66.6259
4310	65.973	66.8923
4311	65.973	66.6305
4312	65.973	66.4842
4313	65.973	66.3039
4314	65.973	67.1743
4315	65.973	66.0785
4316	65.973	65.973
4317	65.973	65.973
4318	65.973	65.973
4319	65.973	67.1064
4320	65.973	67.5263
4321	65.973	67.5711
4322	65.973	68.4852
4323	65.973	68.8111
4324	65.973	66.8966
4325	65.973	66.3242
4326	65.973	65.973
4327	65.973	66.6814
4328	65.973	65.973
4329	65.973	67.7452
4330	65.973	67.9812
4331	65.973	67.3656
4332	65.973	68.0421
4333	65.973	66.5573
4334	65.973	67.3997
4335	65.973	66.4105
4336	65.973	66.5307
4337	65.973	65.973
4338	65.973	66.3653
4339	65.973	66.4598
4340	65.973	66.1617
4341	65.973	66.2455
4342	65.973	66.4401
4343	65.973	66.5497
4344	65.973	67.0838
4345	65.973	67.7789
4346	65.973	66.5262
4347	65.973	67.0371
4348	65.973	68.3045
4349	65.973	66.2913
4350	65.973	66.1096
4351	65.973	65.973
4352	65.973	66.0045
4353	65.973	65.973
4354	65.973	65.973
4355	65.973	65.973
4356	65.973	65.973
4357	65.973	65.973
4358	65.973	66.0391
4359	65.973	66.0543
4360	65.973	66.3816
4361	65.973	66.1185
4362	65.973	65.973
4363	65.973	65.973
4364	65.973	66.6149
4365	65.973	66.1313
4366	65.973	66.2799
4367	65.973	66.5419
4368	65.973	66.9285
4369	65.973	66.3152
4370	65.973	66.2334
4371	65.973	65.973
4372	65.973	65.9897
4373	65.973	65.973
4374	65.973	65.973
4375	65.973	65.9984
4376	65.973	66.2154
4377	65.973	66.0011
4378	65.973	66.0376
4379	65.973	66.1034
4380	65.973	65.9928
4381	65.973	66.4115
4382	65.973	66.6668
4383	65.973	67.4118
4384	65.973	67.1131
4385	65.973	67.0143
4386	65.973	68.8743
4387	65.973	66.9635
4388	65.973	67.0252
4389	65.973	65.973
4390	65.973	66.1941
4391	65.973	66.6388
4392	65.973	66.5852
4393	65.973	67.0124
4394	65.973	66.8479
4395	65.973	66.5278
4396	65.973	67.0321
4397	65.973	66.7051
4398	65.973	66.016
4399	65.973	65.973
4400	65.973	66.0795
4401	65.973	66.0295
4402	65.973	66.6798
4403	65.973	65.9873
4404	65.973	66.1673
4405	65.973	67.2123
4406	65.973	68.218
4407	65.973	66.7422
4408	65.973	67.7544
4409	65.973	68.3338
4410	65.973	66.2435
4411	65.973	66.0196
4412	65.973	66.1363
4413	65.973	66.4558
4414	65.973	65.9846
4415	65.973	66.1118
4416	65.973	66.1412
4417	65.973	66.1311
4418	65.973	65.9985
4419	65.973	65.973
4420	65.973	65.973
4421	65.973	65.973
4422	65.973	65.973
4423	65.973	66.5286
4424	65.973	67.1997
4425	65.973	67.1476
4426	65.973	67.1069
4427	65.973	68.8503
4428	65.973	70.036
4429	65.973	68.0229
4430	65.973	67.1668
4431	65.973	67.607
4432	65.973	66.8457
4433	65.973	68.1491
4434	65.973	67.8932
4435	65.973	68.1414
4436	65.973	68.0932
4437	65.973	68.0461
4438	65.973	68.8376
4439	65.973	67.5343
4440	65.973	67.2205
4441	65.973	67.4145
4442	65.973	67.4017
4443	65.973	68.1219
4444	65.973	69.4702
4445	65.973	66.8297
4446	65.973	67.0356
4447	65.973	66.5427
4448	65.973	67.3262
4449	65.973	69.3234
4450	65.973	67.9328
4451	65.973	66.7374
4452	65.973	66.3861
4453	65.973	66.1758
4454	65.973	66.9339
4455	65.973	69.0371
4456	65.973	68.1871
4457	65.973	68.0637
4458	65.973	67.8901
4459	65.973	67.5576
4460	65.973	69.9592
4461	65.973	66.9515
4462	65.973	66.7008
4463	65.973	67.4889
4464	65.973	66.8715
4465	65.973	65.973
4466	65.973	66.2867
4467	65.973	67.2801
4468	65.973	66.6215
4469	65.973	67.8709
4470	65.973	67.4597
4471	65.973	67.7174
4472	65.973	66.1877
4473	65.973	66.5221
4474	65.973	66.1577
4475	65.973	67.6599
4476	65.973	66.7285
4477	65.973	66.4467
4478	65.973	66.0673
4479	65.973	66.0514
4480	65.973	66.4539
4481	65.973	66.2657
4482	65.973	68.1937
4483	65.973	67.7614
4484	65.973	66.6011
4485	65.973	66.0291
4486	65.973	66.1904
4487	65.973	66.3483
4488	65.973	66.9305
4489	65.973	67.5044
4490	65.973	66.5602
4491	65.973	66.2904
4492	65.973	66.3656
4493	65.973	66.585
4494	65.973	66.3333
4495	65.973	66.0767
4496	65.973	66.144
4497	65.973	65.976
4498	65.973	67.3246
4499	65.973	67.5631
4500	65.973	66.6572
4501	65.973	67.2168
4502	65.973	66.027
4503	65.973	66.2188
4504	65.973	67.0165
4505	65.973	66.6111
4506	65.973	67.3784
4507	65.973	67.6095
4508	65.973	68.697
4509	65.973	69.1062
4510	65.973	69.0807
4511	65.973	67.2206
4512	65.973	67.1348
4513	65.973	67.6967
4514	65.973	66.6319
4515	65.973	65.9888
4516	65.973	66.9996
4517	65.973	67.8509
4518	65.973	67.3208
4519	65.973	69.2167
4520	65.973	67.2378
4521	65.973	68.5169
4522	65.973	69.6672
4523	65.973	69.2347
4524	65.973	66.6439
4525	65.973	66.8794
4526	65.973	65.973
4527	65.973	66.1323
4528	65.973	65.973
4529	65.973	65.9959
4530	65.973	66.0544
4531	65.973	66.6032
4532	65.973	67.2696
4533	65.973	66.8203
4534	65.973	68.1133
4535	65.973	66.7916
4536	65.973	66.6087
4537	65.973	66.4342
4538	65.973	66.0321
4539	65.973	65.973
4540	65.973	65.9962
4541	65.973	66.0788
4542	65.973	66.643
4543	65.973	66.3012
4544	65.973	67.2629
4545	65.973	67.8005
4546	65.973	68.0308
4547	65.973	66.9451
4548	65.973	66.7766
4549	65.973	67.6432
4550	65.973	68.1666
4551	65.973	66.5211
4552	65.973	67.9899
4553	65.973	69.0238
4554	65.973	69.0539
4555	65.973	68.786
4556	65.973	67.7824
4557	65.973	67.9206
4558	65.973	68.5798
4559	65.973	69.8355
4560	65.973	66.5579
4561	65.973	66.204
4562	65.973	65.9861
4563	65.973	66.132
4564	65.973	66.0214
4565	65.973	66.4852
4566	65.973	66.6546
4567	65.973	67.1062
4568	65.973	67.2066
4569	65.973	67.8693
4570	65.973	66.6267
4571	65.973	66.5182
4572	65.973	66.0128
4573	65.973	66.4983
4574	65.973	66.5108
4575	65.973	65.973
4576	65.973	65.973
4577	65.973	66.0274
4578	65.973	66.6423
4579	65.973	66.1521
4580	65.973	66.3935
4581	65.973	66.5654
4582	65.973	67.1933
4583	65.973	66.5144
4584	65.973	67.3016
4585	65.973	68.0126
4586	65.973	66.8852
4587	65.973	67.2303
4588	65.973	67.0178
4589	65.973	67.2459
4590	65.973	67.8292
4591	65.973	67.2236
4592	65.973	67.448
4593	65.973	66.9905
4594	65.973	66.8031
4595	65.973	67.4322
4596	65.973	66.8105
4597	65.973	67.0186
4598	65.973	66.8339
4599	65.973	66.5325
4600	65.973	66.3475
4601	65.973	67.2478
4602	65.973	66.426
4603	65.973	66.8381
4604	65.973	68.5912
4605	65.973	66.7324
4606	65.973	67.4049
4607	65.973	66.4007
4608	65.973	66.5028
4609	65.973	66.248
4610	65.973	66.7654
4611	65.973	67.2371
4612	65.973	67.0507
4613	65.973	67.5228
4614	65.973	66.8598
4615	65.973	67.26
4616	65.973	67.6655
4617	65.973	67.5651
4618	65.973	67.2523
4619	65.973	67.6287
4620	65.973	67.4101
4621	65.973	67.9352
4622	65.973	67.1285
4623	65.973	66.7741
4624	65.973	68.0119
4625	65.973	69.0301
4626	65.973	70.3065
4627	65.973	68.4141
4628	65.973	66.378
4629	65.973	66.1576
4630	65.973	66.4723
4631	65.973	65.9998
4632	65.973	65.973
4633	65.973	65.973
4634	65.973	66.8532
4635	65.973	66.929
4636	65.973	66.3174
4637	65.973	66.9358
4638	65.973	66.5584
4639	65.973	66.5011
4640	65.973	66.7543
4641	65.973	65.973
4642	65.973	66.919
4643	65.973	67.3746
4644	65.973	66.7435
4645	65.973	66.5614
4646	65.973	66.7532
4647	65.973	66.4535
4648	65.973	66.2118
4649	65.973	67.4307
4650	65.973	66.3707
4651	65.973	66.7707
4652	65.973	66.7854
4653	65.973	67.098
4654	65.973	68.396
4655	65.973	68.1538
4656	65.973	67.5999
4657	65.973	66.2586
4658	65.973	66.1758
4659	65.973	66.382
4660	65.973	65.973
4661	65.973	65.973
4662	65.973	66.2489
4663	65.973	66.1556
4664	65.973	65.9998
4665	65.973	67.1758
4666	65.973	66.688
4667	65.973	66.7307
4668	65.973	67.5207
4669	65.973	67.2761
4670	65.973	68.0925
4671	65.973	67.6964
4672	65.973	68.9166
4673	65.973	67.578
4674	65.973	67.0666
4675	65.973	66.7051
4676	65.973	66.1142
4677	65.973	66.2983
4678	65.973	66.6793
4679	65.973	66.262
4680	65.973	66.6763
4681	65.973	66.6242
4682	65.973	66.7964
4683	65.973	66.7666
4684	65.973	67.484
4685	65.973	67.1227
4686	65.973	67.0316
4687	65.973	66.5271
4688	65.973	66.4975
4689	65.973	67.8214
4690	65.973	67.7708
4691	65.973	67.6693
4692	65.973	66.873
4693	65.973	66.223
4694	65.973	65.986
4695	65.973	67.4479
4696	65.973	67.1651
4697	65.973	67.7844
4698	65.973	69.0031
4699	65.973	66.9071
4700	65.973	67.1816
4701	65.973	68.2407
4702	65.973	67.7208
4703	65.973	67.0958
4704	65.973	67.748
4705	65.973	66.1414
4706	65.973	67.5483
4707	65.973	66.888
4708	65.973	66.4177
4709	65.973	66.4513
4710	65.973	67.1401
4711	65.973	67.3372
4712	65.973	66.7792
4713	65.973	66.7542
4714	65.973	67.5798
4715	65.973	66.0148
4716	65.973	66.5737
4717	65.973	66.7874
4718	65.973	66.7048
4719	65.973	66.1069
4720	65.973	66.0281
4721	65.973	65.973
4722	65.973	65.973
4723	65.973	65.973
4724	65.973	65.9999
4725	65.973	66.403
4726	65.973	65.973
4727	65.973	66.3256
4728	65.973	66.5009
4729	65.973	66.7205
4730	65.973	66.3787
4731	65.973	67.223
4732	65.973	66.5405
4733	65.973	66.2352
4734	65.973	66.5994
4735	65.973	67.024
4736	65.973	66.3008
4737	65.973	66.5725
4738	65.973	66.5013
4739	65.973	66.7047
4740	65.973	66.0069
4741	65.973	66.2638
4742	65.973	66.6354
4743	65.973	66.809
4744	65.973	66.01
4745	65.973	66.1732
4746	65.973	67.8096
4747	65.973	68.1817
4748	65.973	66.0581
4749	65.973	66.0826
4750	65.973	66.4528
4751	65.973	66.7205
4752	65.973	66.9125
4753	65.973	66.4256
4754	65.973	67.2902
4755	65.973	66.3515
4756	65.973	66.179
4757	65.973	67.13
4758	65.973	67.0898
4759	65.973	68.0196
4760	65.973	66.9402
4761	65.973	67.252
4762	65.973	66.8733
4763	65.973	66.6575
4764	65.973	66.8108
4765	65.973	66.7163
4766	65.973	66.1129
4767	65.973	66.0091
4768	65.973	66.0233
4769	65.973	65.973
4770	65.973	65.973
4771	65.973	66.7398
4772	65.973	66.1338
4773	65.973	66.0515
4774	65.973	66.5024
4775	65.973	66.2365
4776	65.973	66.4548
4777	65.973	67.4576
4778	65.973	66.3915
4779	65.973	67.7362
4780	65.973	67.7641
4781	65.973	66.6743
4782	65.973	66.4872
4783	65.973	67.6856
4784	65.973	67.7564
4785	65.973	67.4357
4786	65.973	68.1056
4787	65.973	67.2183
4788	65.973	66.3475
4789	65.973	66.1935
4790	65.973	66.5178
4791	65.973	66.0891
4792	65.973	66.106
4793	65.973	66.1672
4794	65.973	66.3639
4795	65.973	66.1869
4796	65.973	66.5423
4797	65.973	66.3306
4798	65.973	66.9311
4799	65.973	66.3634
4800	65.973	66.5467
4801	65.973	65.973
4802	65.973	65.9887
4803	65.973	66.1944
4804	65.973	66.3043
4805	65.973	66.1664
4806	65.973	65.973
4807	65.973	66.4494
4808	65.973	66.3185
4809	65.973	66.4174
4810	65.973	66.2959
4811	65.973	66.4495
4812	65.973	69.1326
4813	65.973	69.9521
4814	65.973	68.8863
4815	65.973	66.7035
4816	65.973	66.7692
4817	65.973	66.5723
4818	65.973	67.2544
4819	65.973	66.8059
4820	65.973	66.2578
4821	65.973	66.2937
4822	65.973	66.009
4823	65.973	65.973
4824	65.973	65.973
4825	65.973	66.3761
4826	65.973	66.9729
4827	65.973	67.4595
4828	65.973	68.5616
4829	65.973	68.1037
4830	65.973	69.0558
4831	65.973	67.0427
4832	65.973	66.0649
4833	65.973	65.973
4834	65.973	65.973
4835	65.973	66.0587
4836	65.973	65.973
4837	65.973	65.973
4838	65.973	66.9345
4839	65.973	66.8378
4840	65.973	65.9957
4841	65.973	65.983
4842	65.973	67.7047
4843	65.973	66.9629
4844	65.973	66.3142
4845	65.973	66.4816
4846	65.973	66.1767
4847	65.973	66.4201
4848	65.973	66.1887
4849	65.973	66.8264
4850	65.973	66.6805
4851	65.973	67.0874
4852	65.973	67.5393
4853	65.973	67.6866
4854	65.973	66.3593
4855	65.973	67.3111
4856	65.973	66.133
4857	65.973	66.1138
4858	65.973	66.4172
4859	65.973	66.5355
4860	65.973	66.2442
4861	65.973	66.6208
4862	65.973	66.0636
4863	65.973	66.269
4864	65.973	66.2251
4865	65.973	66.8095
4866	65.973	66.7603
4867	65.973	66.64
4868	65.973	66.0436
4869	65.973	65.973
4870	65.973	65.973
4871	65.973	66.1268
4872	65.973	67.2962
4873	65.973	70.5879
4874	65.973	69.6637
4875	65.973	68.2064
4876	65.973	68.8907
4877	65.973	67.1615
4878	65.973	67.9526
4879	65.973	66.0428
4880	65.973	66.1879
4881	65.973	67.1464
4882	65.973	66.621
4883	65.973	67.0944
4884	65.973	66.3135
4885	65.973	66.1849
4886	65.973	65.9917
4887	65.973	66.2667
4888	65.973	66.9733
4889	65.973	67.5295
4890	65.973	66.19
4891	65.973	66.0484
4892	65.973	66.6316
4893	65.973	66.6451
4894	65.973	66.799
4895	65.973	66.169
4896	65.973	66.1268
4897	65.973	66.1556
4898	65.973	65.973
4899	65.973	66.3379
4900	65.973	66.2287
4901	65.973	66.1245
4902	65.973	66.7186
4903	65.973	67.9624
4904	65.973	66.6139
4905	65.973	66.4557
4906	65.973	66.1608
4907	65.973	66.2998
4908	65.973	67.3403
4909	65.973	67.2564
4910	65.973	65.994
4911	65.973	66.4595
4912	65.973	66.2525
4913	65.973	66.0766
4914	65.973	66.7833
4915	65.973	66.3797
4916	65.973	66.3425
4917	65.973	66.0822
4918	65.973	66.011
4919	65.973	65.9933
4920	65.973	66.288
4921	65.973	66.1118
4922	65.973	66.5749
4923	65.973	67.3243
4924	65.973	67.8972
4925	65.973	67.8836
4926	65.973	66.4711
4927	65.973	65.973
4928	65.973	66.3105
4929	65.973	66.9818
4930	65.973	65.973
4931	65.973	66.1699
4932	65.973	66.5876
4933	65.973	66.3855
4934	65.973	67.3602
4935	65.973	69.2922
4936	65.973	68.5187
4937	65.973	68.8697
4938	65.973	70.0601
4939	65.973	67.4292
4940	65.973	66.0342
4941	65.973	65.973
4942	65.973	66.0188
4943	65.973	66.9762
4944	65.973	66.9726
4945	65.973	65.973
4946	65.973	65.973
4947	65.973	66.4463
4948	65.973	67.336
4949	65.973	66.4192
4950	65.973	66.0736
4951	65.973	65.973
4952	65.973	65.973
4953	65.973	65.973
4954	65.973	65.973
4955	65.973	66.0156
4956	65.973	66.111
4957	65.973	67.0586
4958	65.973	65.973
4959	65.973	66.1326
4960	65.973	66.2702
4961	65.973	65.973
4962	65.973	66.223
4963	65.973	66.3282
4964	65.973	66.5296
4965	65.973	67.4069
4966	65.973	67.2403
4967	65.973	66.327
4968	65.973	67.5823
4969	65.973	67.1882
4970	65.973	66.0387
4971	65.973	65.973
4972	65.973	66.1127
4973	65.973	66.0069
4974	65.973	65.973
4975	65.973	66.0681
4976	65.973	66.6055
4977	65.973	66.5589
4978	65.973	66.4692
4979	65.973	66.2211
4980	65.973	66.0789
4981	65.973	67.008
4982	65.973	67.333
4983	65.973	68.4827
4984	65.973	68.7009
4985	65.973	68.0834
4986	65.973	66.4371
4987	65.973	66.0198
4988	65.973	66.1338
4989	65.973	66.4558
4990	65.973	66.1083
4991	65.973	66.0721
4992	65.973	65.973
4993	65.973	65.973
4994	65.973	65.973
4995	65.973	65.973
4996	65.973	66.1973
4997	65.973	66.3007
4998	65.973	67.0824
4999	65.973	67.2109
5000	65.973	66.8347
5001	65.973	66.1254
5002	65.973	66.2526
5003	65.973	65.973
5004	65.973	65.973
5005	65.973	65.973
5006	65.973	66.0285
5007	65.973	66.1662
5008	65.973	66.0905
5009	65.973	66.2152
5010	65.973	66.4848
5011	65.973	66.0817
5012	65.973	67.1986
5013	65.973	66.1281
5014	65.973	66.1378
5015	65.973	65.973
5016	65.973	66.3309
5017	65.973	66.4433
5018	65.973	66.3623
5019	65.973	66.2654
5020	65.973	65.973
5021	65.973	66.1942
5022	65.973	66.3177
5023	65.973	66.5735
5024	65.973	66.0692
5025	65.973	65.973
5026	65.973	66.0169
5027	65.973	65.973
5028	65.973	65.979
5029	65.973	66.0406
5030	65.973	65.973
5031	65.973	66.5667
5032	65.973	66.4511
5033	65.973	66.165
5034	65.973	66.5985
5035	65.973	66.4993
5036	65.973	65.973
5037	65.973	66.0163
5038	65.973	66.0114
5039	65.973	67.5273
5040	65.973	67.9398
5041	65.973	68.355
5042	65.973	66.9427
5043	65.973	66.9948
5044	65.973	66.0163
5045	65.973	66.407
5046	65.973	66.6146
5047	65.973	66.3239
5048	65.973	66.8528
5049	65.973	67.0616
5050	65.973	67.4972
5051	65.973	66.4166
5052	65.973	65.9882
5053	65.973	65.973
5054	65.973	65.973
5055	65.973	66.4477
5056	65.973	67.0042
5057	65.973	67.2789
5058	65.973	66.9936
5059	65.973	67.3624
5060	65.973	67.0138
5061	65.973	65.973
5062	65.973	65.973
5063	65.973	65.973
5064	65.973	65.973
5065	65.973	66.1546
5066	65.973	66.1931
5067	65.973	66.3121
5068	65.973	65.9952
5069	65.973	65.973
5070	65.973	66.4906
5071	65.973	66.6867
5072	65.973	67.2454
5073	65.973	68.0405
5074	65.973	67.2058
5075	65.973	67.9039
5076	65.973	67.0951
5077	65.973	66.5885
5078	65.973	66.6831
5079	65.973	67.3927
5080	65.973	67.9815
5081	65.973	66.5951
5082	65.973	66.4998
5083	65.973	66.1201
5084	65.973	67.2231
5085	65.973	66.5869
5086	65.973	66.8057
5087	65.973	67.4728
5088	65.973	67.2081
5089	65.973	67.9378
5090	65.973	67.6112
5091	65.973	66.5712
5092	65.973	67.9491
5093	65.973	66.518
5094	65.973	66.1005
5095	65.973	66.0437
5096	65.973	65.973
5097	65.973	65.973
5098	65.973	66.1985
5099	65.973	66.0063
5100	65.973	65.973
5101	65.973	66.0404
5102	65.973	66.0601
5103	65.973	65.973
5104	65.973	66.0204
5105	65.973	65.973
5106	65.973	65.973
5107	65.973	65.973
5108	65.973	66.1053
5109	65.973	66.0343
5110	65.973	65.973
5111	65.973	66.1425
5112	65.973	66.1102
5113	65.973	65.973
5114	65.973	66.2932
5115	65.973	66.8373
5116	65.973	66.193
5117	65.973	67.0645
5118	65.973	66.3687
5119	65.973	67.2655
5120	65.973	67.0975
5121	65.973	68.5198
5122	65.973	68.1191
5123	65.973	66.1745
5124	65.973	65.973
5125	65.973	66.0521
5126	65.973	66.6584
5127	65.973	66.0218
5128	65.973	66.4476
5129	65.973	66.1992
5130	65.973	66.0934
5131	65.973	66.5134
5132	65.973	67.1249
5133	65.973	68.9672
5134	65.973	66.3022
5135	65.973	66.1288
5136	65.973	66.5093
5137	65.973	66.8931
5138	65.973	66.2083
5139	65.973	66.0586
5140	65.973	67.2738
5141	65.973	68.0958
5142	65.973	68.4899
5143	65.973	68.6592
5144	65.973	69.1917
5145	65.973	69.729
5146	65.973	66.1724
5147	65.973	66.459
5148	65.973	66.2219
5149	65.973	67.1454
5150	65.973	67.06
5151	65.973	66.0072
5152	65.973	66.0374
5153	65.973	65.973
5154	65.973	66.1845
5155	65.973	65.9963
5156	65.973	66.1579
5157	65.973	66.2788
5158	65.973	67.058
5159	65.973	66.6631
5160	65.973	66.4696
5161	65.973	66.4058
5162	65.973	67.6444
5163	65.973	66.8093
5164	65.973	66.4717
5165	65.973	67.1616
5166	65.973	66.9083
5167	65.973	66.7255
5168	65.973	66.6285
5169	65.973	66.0558
5170	65.973	66.0026
5171	65.973	65.973
5172	65.973	66.0299
5173	65.973	66.3009
5174	65.973	65.9742
5175	65.973	65.973
5176	65.973	65.973
5177	65.973	65.973
5178	65.973	65.973
5179	65.973	65.973
5180	65.973	65.9824
5181	65.973	65.973
5182	65.973	65.9833
5183	65.973	65.9919
5184	65.973	66.055
5185	65.973	66.5058
5186	65.973	66.2987
5187	65.973	66.3745
5188	65.973	66.1927
5189	65.973	66.1466
5190	65.973	65.973
5191	65.973	66.2119
5192	65.973	66.3889
5193	65.973	66.1881
5194	65.973	66.37
5195	65.973	66.2656
5196	65.973	67.054
5197	65.973	67.6418
5198	65.973	67.5901
5199	65.973	67.1524
5200	65.973	67.3609
5201	65.973	66.2122
5202	65.973	67.9065
5203	65.973	66.7545
5204	65.973	67.3217
5205	65.973	66.9825
5206	65.973	67.6048
5207	65.973	67.4553
5208	65.973	66.3606
5209	65.973	66.9586
5210	65.973	68.3954
5211	65.973	68.3822
5212	65.973	67.5658
5213	65.973	66.6588
5214	65.973	67.3376
5215	65.973	67.1158
5216	65.973	67.1591
5217	65.973	67.277
5218	65.973	67.4696
5219	65.973	66.4499
5220	65.973	66.2967
5221	65.973	67.3751
5222	65.973	66.9119
5223	65.973	66.1585
5224	65.973	66.0494
5225	65.973	66.2938
5226	65.973	66.6262
5227	65.973	66.4176
5228	65.973	65.9926
5229	65.973	66.2649
5230	65.973	66.0812
5231	65.973	66.3811
5232	65.973	66.5347
5233	65.973	66.2248
5234	65.973	66.6685
5235	65.973	66.7017
5236	65.973	66.6365
5237	65.973	66.9693
5238	65.973	66.201
5239	65.973	67.5313
5240	65.973	68.1345
5241	65.973	68.2698
5242	65.973	70.2915
5243	65.973	66.9728
5244	65.973	69.7425
5245	65.973	68.2979
5246	65.973	67.7184
5247	65.973	66.5621
5248	65.973	66.186
5249	65.973	66.2421
5250	65.973	67.0933
5251	65.973	66.089
5252	65.973	65.973
5253	65.973	65.973
5254	65.973	66.2141
5255	65.973	66.4348
5256	65.973	66.1176
5257	65.973	66.8867
5258	65.973	66.2256
5259	65.973	66.2326
5260	65.973	67.2798
5261	65.973	66.7221
5262	65.973	67.3032
5263	65.973	66.8351
5264	65.973	66.1773
5265	65.973	67.873
5266	65.973	67.1207
5267	65.973	66.9229
5268	65.973	66.6651
5269	65.973	66.0615
5270	65.973	65.973
5271	65.973	66.0524
5272	65.973	67.136
5273	65.973	67.3653
5274	65.973	66.2402
5275	65.973	66.9623
5276	65.973	70.1229
5277	65.973	67.0709
5278	65.973	67.4482
5279	65.973	67.1135
5280	65.973	66.4804
5281	65.973	65.973
5282	65.973	66.2482
5283	65.973	66.9978
5284	65.973	66.2702
5285	65.973	65.973
5286	65.973	65.973
5287	65.973	65.9919
5288	65.973	65.973
5289	65.973	66.3047
5290	65.973	65.973
5291	65.973	66.1303
5292	65.973	66.4006
5293	65.973	65.9967
5294	65.973	66.8251
5295	65.973	67.7742
5296	65.973	68.9501
5297	65.973	67.8854
5298	65.973	66.6099
5299	65.973	65.973
5300	65.973	65.9805
5301	65.973	67.3891
5302	65.973	66.4927
5303	65.973	66.0942
5304	65.973	66.2016
5305	65.973	66.4543
5306	65.973	66.3436
5307	65.973	66.9937
5308	65.973	66.7765
5309	65.973	66.2842
5310	65.973	66.3535
5311	65.973	66.6184
5312	65.973	66.8356
5313	65.973	66.7153
5314	65.973	66.1576
5315	65.973	66.0751
5316	65.973	66.4046
5317	65.973	66.2687
5318	65.973	66.2263
5319	65.973	66.4156
5320	65.973	67.2807
5321	65.973	67.2429
5322	65.973	66.3802
5323	65.973	66.9024
5324	65.973	66.9449
5325	65.973	67.7238
5326	65.973	68.5772
5327	65.973	69.205
5328	65.973	67.4924
5329	65.973	68.9355
5330	65.973	67.3452
5331	65.973	68.9447
5332	65.973	68.0868
5333	65.973	66.7046
5334	65.973	67.1873
5335	65.973	67.0109
5336	65.973	66.3818
5337	65.973	66.0823
5338	65.973	66.0005
5339	65.973	65.973
5340	65.973	65.973
5341	65.973	65.973
5342	65.973	65.973
5343	65.973	65.973
5344	65.973	65.973
5345	65.973	65.973
5346	65.973	65.973
5347	65.973	65.973
5348	65.973	65.973
5349	65.973	65.973
5350	65.973	65.973
5351	65.973	65.973
5352	65.973	65.973
5353	65.973	66.1738
5354	65.973	65.973
5355	65.973	66.2112
5356	65.973	66.6649
5357	65.973	66.5441
5358	65.973	66.5163
5359	65.973	67.1862
5360	65.973	67.2205
5361	65.973	66.2016
5362	65.973	67.0219
5363	65.973	67.0687
5364	65.973	66.9812
5365	65.973	66.8141
5366	65.973	68.3432
5367	65.973	68.0603
5368	65.973	68.5668
5369	65.973	68.3038
5370	65.973	66.5548
5371	65.973	67.2042
5372	65.973	67.5332
5373	65.973	66.6258
5374	65.973	66.6227
5375	65.973	66.1107
5376	65.973	66.1814
5377	65.973	66.3091
5378	65.973	66.8084
5379	65.973	66.4176
5380	65.973	66.0367
5381	65.973	65.973
5382	65.973	66.1178
5383	65.973	65.973
5384	65.973	66.2907
5385	65.973	67.2795
5386	65.973	66.0562
5387	65.973	66.4529
5388	65.973	67.726
5389	65.973	67.7348
5390	65.973	67.063
5391	65.973	67.3332
5392	65.973	66.8947
5393	65.973	66.4037
5394	65.973	66.3996
5395	65.973	67.1323
5396	65.973	67.7511
5397	65.973	66.4886
5398	65.973	65.973
5399	65.973	66.2156
5400	65.973	66.1709
5401	65.973	66.8307
5402	65.973	66.203
5403	65.973	65.973
5404	65.973	65.973
5405	65.973	67.2395
5406	65.973	65.9967
5407	65.973	66.1075
5408	65.973	66.06
5409	65.973	66.2505
5410	65.973	67.6124
5411	65.973	69.4507
5412	65.973	67.5623
5413	65.973	69.4909
5414	65.973	67.1135
5415	65.973	66.5164
5416	65.973	66.2403
5417	65.973	65.973
5418	65.973	65.973
5419	65.973	65.973
5420	65.973	66.1928
5421	65.973	66.2636
5422	65.973	66.077
5423	65.973	65.973
5424	65.973	65.973
5425	65.973	65.973
5426	65.973	65.973
5427	65.973	65.973
5428	65.973	65.973
5429	65.973	65.973
5430	65.973	66.2023
5431	65.973	67.1301
5432	65.973	66.0259
5433	65.973	66.0936
5434	65.973	66.0322
5435	65.973	67.8398
5436	65.973	66.3119
5437	65.973	65.973
5438	65.973	65.9862
5439	65.973	65.9877
5440	65.973	65.9785
5441	65.973	65.973
5442	65.973	66.2577
5443	65.973	66.0333
5444	65.973	66.0251
5445	65.973	66.262
5446	65.973	66.0531
5447	65.973	69.1099
5448	65.973	69.1733
5449	65.973	69.6288
5450	65.973	69.2415
5451	65.973	66.9851
5452	65.973	66.0174
5453	65.973	65.973
5454	65.973	65.973
5455	65.973	65.973
5456	65.973	65.973
5457	65.973	65.973
5458	65.973	67.2205
5459	65.973	68.5831
5460	65.973	67.9219
5461	65.973	66.8002
5462	65.973	66.3535
5463	65.973	65.973
5464	65.973	65.973
5465	65.973	66.8818
5466	65.973	66.6473
5467	65.973	66.3322
5468	65.973	65.9955
5469	65.973	66.324
5470	65.973	67.1541
5471	65.973	67.247
5472	65.973	67.821
5473	65.973	68.0417
5474	65.973	67.521
5475	65.973	70.305
5476	65.973	69.8769
5477	65.973	68.2506
5478	65.973	67.8029
5479	65.973	66.5351
5480	65.973	66.5059
5481	65.973	66.1722
5482	65.973	66.6352
5483	65.973	66.3915
5484	65.973	66.477
5485	65.973	66.0413
5486	65.973	65.9966
5487	65.973	66.1498
5488	65.973	66.1326
5489	65.973	65.973
5490	65.973	66.2316
5491	65.973	65.973
5492	65.973	66.0222
5493	65.973	66.7578
5494	65.973	67.6574
5495	65.973	67.2202
5496	65.973	66.5806
5497	65.973	65.9964
5498	65.973	66.0255
5499	65.973	65.973
5500	65.973	66.1178
5501	65.973	65.973
5502	65.973	66.1302
5503	65.973	66.9048
5504	65.973	65.973
5505	65.973	66.1837
5506	65.973	66.4657
5507	65.973	66.6097
5508	65.973	68.2528
5509	65.973	67.3909
5510	65.973	67.1729
5511	65.973	67.0097
5512	65.973	67.6092
5513	65.973	66.3715
5514	65.973	66.1934
5515	65.973	66.5342
5516	65.973	66.1678
5517	65.973	66.5073
5518	65.973	65.9765
5519	65.973	65.973
5520	65.973	66.3083
5521	65.973	65.9885
5522	65.973	67.169
5523	65.973	66.5327
5524	65.973	66.5923
5525	65.973	66.9518
5526	65.973	66.797
5527	65.973	67.4038
5528	65.973	66.6913
5529	65.973	66.5225
5530	65.973	65.9969
5531	65.973	65.9813
5532	65.973	66.3824
5533	65.973	66.1436
5534	65.973	65.9916
5535	65.973	65.9892
5536	65.973	66.009
5537	65.973	65.973
5538	65.973	66.0076
5539	65.973	66.0198
5540	65.973	66.3057
5541	65.973	66.5527
5542	65.973	66.2722
5543	65.973	67.0558
5544	65.973	66.5362
5545	65.973	66.1003
5546	65.973	66.0846
5547	65.973	65.9907
5548	65.973	66.1991
5549	65.973	66.7167
5550	65.973	67.213
5551	65.973	66.3527
5552	65.973	67.1225
5553	65.973	66.8216
5554	65.973	66.468
5555	65.973	67.9351
5556	65.973	66.4834
5557	65.973	66.8055
5558	65.973	66.0178
5559	65.973	65.973
5560	65.973	65.973
5561	65.973	66.1927
5562	65.973	66.4206
5563	65.973	67.5708
5564	65.973	66.2232
5565	65.973	66.3057
5566	65.973	66.3294
5567	65.973	65.973
5568	65.973	65.973
5569	65.973	65.973
5570	65.973	66.3764
5571	65.973	66.702
5572	65.973	66.5579
5573	65.973	67.4044
5574	65.973	66.4478
5575	65.973	67.7389
5576	65.973	66.7428
5577	65.973	67.9608
5578	65.973	67.5999
5579	65.973	68.858
5580	65.973	67.2962
5581	65.973	66.63
5582	65.973	66.6013
5583	65.973	66.1177
5584	65.973	65.973
5585	65.973	66.1544
5586	65.973	66.2009
5587	65.973	66.1917
5588	65.973	66.1248
5589	65.973	65.9946
5590	65.973	65.973
5591	65.973	66.1973
5592	65.973	66.095
5593	65.973	65.9765
5594	65.973	66.2333
5595	65.973	66.5411
5596	65.973	66.8636
5597	65.973	68.2718
5598	65.973	69.5056
5599	65.973	67.0022
5600	65.973	67.2599
5601	65.973	66.3048
5602	65.973	68.1171
5603	65.973	68.426
5604	65.973	66.7585
5605	65.973	66.4591
5606	65.973	67.7147
5607	65.973	66.1667
5608	65.973	66.361
5609	65.973	66.7875
5610	65.973	66.8991
5611	65.973	67.9205
5612	65.973	67.5552
5613	65.973	66.1544
5614	65.973	67.0675
5615	65.973	67.3885
5616	65.973	66.5441
5617	65.973	66.3819
5618	65.973	67.2901
5619	65.973	66.2866
5620	65.973	65.973
5621	65.973	65.973
5622	65.973	66.0189
5623	65.973	65.973
5624	65.973	66.0718
5625	65.973	66.3163
5626	65.973	67.0603
5627	65.973	67.4045
5628	65.973	67.6557
5629	65.973	66.1821
5630	65.973	66.9592
5631	65.973	66.5521
5632	65.973	67.4835
5633	65.973	68.0423
5634	65.973	67.5688
5635	65.973	66.0406
5636	65.973	66.1975
5637	65.973	66.5468
5638	65.973	66.1271
5639	65.973	65.973
5640	65.973	65.9914
5641	65.973	66.0422
5642	65.973	66.6177
5643	65.973	66.0719
5644	65.973	67.6245
5645	65.973	68.0672
5646	65.973	67.0025
5647	65.973	66.8208
5648	65.973	66.5986
5649	65.973	68.1638
5650	65.973	66.1324
5651	65.973	66.5021
5652	65.973	67.2708
5653	65.973	67.3544
5654	65.973	66.4795
5655	65.973	66.1501
5656	65.973	65.973
5657	65.973	66.2933
5658	65.973	66.1634
5659	65.973	65.973
5660	65.973	65.973
5661	65.973	65.973
5662	65.973	66.2138
5663	65.973	66.583
5664	65.973	66.1077
5665	65.973	66.0297
5666	65.973	65.9823
5667	65.973	66.0239
5668	65.973	66.0792
5669	65.973	66.5091
5670	65.973	66.0619
5671	65.973	65.973
5672	65.973	65.9833
5673	65.973	66.0239
5674	65.973	66.0008
5675	65.973	65.973
5676	65.973	65.973
5677	65.973	65.973
5678	65.973	65.973
5679	65.973	65.973
5680	65.973	65.973
5681	65.973	66.0726
5682	65.973	66.3923
5683	65.973	66.3696
5684	65.973	65.997
5685	65.973	65.973
5686	65.973	65.973
5687	65.973	65.973
5688	65.973	66.4632
5689	65.973	66.9671
5690	65.973	65.9947
5691	65.973	66.1904
5692	65.973	66.2086
5693	65.973	66.3101
5694	65.973	66.2005
5695	65.973	66.0259
5696	65.973	65.973
5697	65.973	65.973
5698	65.973	65.973
5699	65.973	67.1744
5700	65.973	68.4266
5701	65.973	67.4385
5702	65.973	66.7888
5703	65.973	66.3645
5704	65.973	66.5839
5705	65.973	66.7291
5706	65.973	66.0109
5707	65.973	66.9445
5708	65.973	67.3062
5709	65.973	66.7577
5710	65.973	66.8447
5711	65.973	65.973
5712	65.973	66.2704
5713	65.973	66.9733
5714	65.973	66.6659
5715	65.973	66.826
5716	65.973	67.5466
5717	65.973	67.7583
5718	65.973	66.9612
5719	65.973	65.9801
5720	65.973	66.6481
5721	65.973	66.798
5722	65.973	66.2745
5723	65.973	66.4085
5724	65.973	68.075
5725	65.973	67.919
5726	65.973	65.987
5727	65.973	65.987
5728	65.973	65.973
5729	65.973	65.973
5730	65.973	65.973
5731	65.973	66.1265
5732	65.973	66.069
5733	65.973	66.1593
5734	65.973	66.1602
5735	65.973	66.133
5736	65.973	67.2254
5737	65.973	66.6074
5738	65.973	67.1252
5739	65.973	67.9456
5740	65.973	67.8426
5741	65.973	67.1975
5742	65.973	68.6442
5743	65.973	66.3877
5744	65.973	66.6915
5745	65.973	67.2065
5746	65.973	67.737
5747	65.973	66.6469
5748	65.973	67.4965
5749	65.973	66.9047
5750	65.973	65.973
5751	65.973	65.9931
5752	65.973	66.3257
5753	65.973	66.081
5754	65.973	66.1708
5755	65.973	66.0043
5756	65.973	66.4061
5757	65.973	68.0388
5758	65.973	67.6201
5759	65.973	67.2293
5760	65.973	66.811
5761	65.973	66.0774
5762	65.973	65.973
5763	65.973	66.0218
5764	65.973	65.973
5765	65.973	66.1346
5766	65.973	65.973
5767	65.973	65.973
5768	65.973	66.0836
5769	65.973	66.1978
5770	65.973	67.1659
5771	65.973	66.2664
5772	65.973	67.9166
5773	65.973	65.9972
5774	65.973	68.0317
5775	65.973	67.1254
5776	65.973	68.4231
5777	65.973	67.1441
5778	65.973	70.5024
5779	65.973	68.0512
5780	65.973	70.1348
5781	65.973	68.6433
5782	65.973	68.0051
5783	65.973	67.6272
5784	65.973	66.5849
5785	65.973	66.4639
5786	65.973	66.2355
5787	65.973	67.8998
5788	65.973	67.88
5789	65.973	67.4815
5790	65.973	67.9121
5791	65.973	68.0011
5792	65.973	70.386
5793	65.973	69.0103
5794	65.973	68.373
5795	65.973	67.9865
5796	65.973	67.6416
5797	65.973	67.7067
5798	65.973	66.9514
5799	65.973	66.9748
5800	65.973	67.2147
5801	65.973	67.86
5802	65.973	67.8929
5803	65.973	66.763
5804	65.973	67.3897
5805	65.973	66.3906
5806	65.973	67.8472
5807	65.973	66.6964
5808	65.973	66.6275
5809	65.973	65.973
5810	65.973	65.973
5811	65.973	65.973
5812	65.973	66.6624
5813	65.973	66.5955
5814	65.973	66.4195
5815	65.973	65.973
5816	65.973	66.028
5817	65.973	66.6308
5818	65.973	66.1137
5819	65.973	66.0723
5820	65.973	66.5745
5821	65.973	66.0039
5822	65.973	68.288
5823	65.973	68.6692
5824	65.973	69.7375
5825	65.973	67.7736
5826	65.973	67.76
5827	65.973	66.9643
5828	65.973	67.1564
5829	65.973	66.0754
5830	65.973	66.207
5831	65.973	67.0302
5832	65.973	68.8638
5833	65.973	66.4654
5834	65.973	66.5349
5835	65.973	66.4362
5836	65.973	66.0523
5837	65.973	66.0024
5838	65.973	66.4534
5839	65.973	66.1846
5840	65.973	66.2079
5841	65.973	66.3649
5842	65.973	65.973
5843	65.973	65.9907
5844	65.973	66.8443
5845	65.973	66.7964
5846	65.973	66.115
5847	65.973	66.6349
5848	65.973	67.0946
5849	65.973	66.4222
5850	65.973	66.5291
5851	65.973	66.1805
5852	65.973	66.2684
5853	65.973	65.973
5854	65.973	65.9978
5855	65.973	65.973
5856	65.973	66.3395
5857	65.973	66.1446
5858	65.973	66.1429
5859	65.973	66.1398
5860	65.973	66.5176
5861	65.973	65.973
5862	65.973	66.5193
5863	65.973	66.6805
5864	65.973	65.9872
5865	65.973	67.0754
5866	65.973	67.3562
5867	65.973	66.308
5868	65.973	66.8421
5869	65.973	65.9986
5870	65.973	66.047
5871	65.973	65.973
5872	65.973	65.973
5873	65.973	65.973
5874	65.973	65.973
5875	65.973	65.973
5876	65.973	66.2848
5877	65.973	67.1401
5878	65.973	67.6725
5879	65.973	66.8595
5880	65.973	66.3035
5881	65.973	66.0294
5882	65.973	66.0583
5883	65.973	66.1269
5884	65.973	66.9882
5885	65.973	66.3931
5886	65.973	66.38
5887	65.973	66.3328
5888	65.973	66.5513
5889	65.973	66.1266
5890	65.973	66.3392
5891	65.973	66.5398
5892	65.973	66.8999
5893	65.973	67.2375
5894	65.973	68.2877
5895	65.973	66.4772
5896	65.973	67.0623
5897	65.973	66.7421
5898	65.973	68.0231
5899	65.973	67.258
5900	65.973	67.878
5901	65.973	66.9453
5902	65.973	67.0935
5903	65.973	67.3006
5904	65.973	67.868
5905	65.973	68.4639
5906	65.973	68.0811
5907	65.973	67.8504
5908	65.973	67.703
5909	65.973	69.2988
5910	65.973	67.99
5911	65.973	67.5433
5912	65.973	66.2788
5913	65.973	66.5684
5914	65.973	67.045
5915	65.973	66.2985
5916	65.973	66.2557
5917	65.973	67.5399
5918	65.973	67.7591
5919	65.973	67.7676
5920	65.973	67.0478
5921	65.973	67.5408
5922	65.973	66.6343
5923	65.973	68.1833
5924	65.973	69.2485
5925	65.973	67.0055
5926	65.973	67.5105
5927	65.973	67.4488
5928	65.973	66.4521
5929	65.973	67.7503
5930	65.973	67.8126
5931	65.973	67.3334
5932	65.973	67.5299
5933	65.973	66.5303
5934	65.973	66.4597
5935	65.973	66.2265
5936	65.973	65.973
5937	65.973	65.973
5938	65.973	65.973
5939	65.973	65.973
5940	65.973	65.973
5941	65.973	66.19
5942	65.973	66.6587
5943	65.973	66.1623
5944	65.973	65.973
5945	65.973	65.9875
5946	65.973	66.3323
5947	65.973	66.7611
5948	65.973	68.3953
5949	65.973	67.7861
5950	65.973	66.7532
5951	65.973	66.8027
5952	65.973	66.8676
5953	65.973	66.6737
5954	65.973	66.2004
5955	65.973	66.8674
5956	65.973	66.1362
5957	65.973	66.5398
5958	65.973	68.1094
5959	65.973	67.5729
5960	65.973	66.2087
5961	65.973	65.973
5962	65.973	65.973
5963	65.973	66.4796
5964	65.973	65.973
5965	65.973	66.1722
5966	65.973	66.5976
5967	65.973	66.3702
5968	65.973	66.7225
5969	65.973	66.0382
5970	65.973	66.3821
5971	65.973	66.1262
5972	65.973	67.1297
5973	65.973	66.0907
5974	65.973	67.3864
5975	65.973	67.9512
5976	65.973	66.9501
5977	65.973	67.441
5978	65.973	67.4859
5979	65.973	66.5328
5980	65.973	67.3703
5981	65.973	66.5483
5982	65.973	66.4846
5983	65.973	66.8494
5984	65.973	66.4934
5985	65.973	66.1262
5986	65.973	65.973
5987	65.973	65.973
5988	65.973	66.4952
5989	65.973	66.6364
5990	65.973	66.1716
5991	65.973	66.0944
5992	65.973	65.973
5993	65.973	66.55
5994	65.973	66.0848
5995	65.973	66.1213
5996	65.973	66.8555
5997	65.973	67.333
5998	65.973	66.7863
5999	65.973	66.5715
6000	65.973	66.4604
6001	65.973	66.3815
6002	65.973	66.1643
6003	65.973	66.2252
6004	65.973	66.3986
6005	65.973	66.0525
6006	65.973	66.2598
6007	65.973	66.1989
6008	65.973	65.973
6009	65.973	66.6736
6010	65.973	66.5138
6011	65.973	66.1349
6012	65.973	66.1924
6013	65.973	66.6899
6014	65.973	66.2319
6015	65.973	66.6791
6016	65.973	67.6736
6017	65.973	65.973
6018	65.973	66.0552
6019	65.973	66.4176
6020	65.973	67.1041
6021	65.973	68.2272
6022	65.973	68.0713
6023	65.973	68.1796
6024	65.973	67.0367
6025	65.973	67.6204
6026	65.973	66.8001
6027	65.973	66.6995
6028	65.973	66.0354
6029	65.973	66.0095
6030	65.973	65.973
6031	65.973	65.9888
6032	65.973	66.1055
6033	65.973	66.0398
6034	65.973	65.973
6035	65.973	65.9905
6036	65.973	66.4258
6037	65.973	67.5001
6038	65.973	66.9431
6039	65.973	68.547
6040	65.973	66.4214
6041	65.973	65.973
6042	65.973	65.973
6043	65.973	65.973
6044	65.973	66.0674
6045	65.973	66.048
6046	65.973	66.0549
6047	65.973	66.5935
6048	65.973	66.9229
6049	65.973	66.6501
6050	65.973	66.3609
6051	65.973	65.9776
6052	65.973	66.0417
6053	65.973	66.2252
6054	65.973	66.3715
6055	65.973	66.8525
6056	65.973	66.4143
6057	65.973	65.973
6058	65.973	66.1305
6059	65.973	65.973
6060	65.973	66.0442
6061	65.973	65.973
6062	65.973	66.1431
6063	65.973	66.613
6064	65.973	66.827
6065	65.973	67.6655
6066	65.973	69.4302
6067	65.973	67.2491
6068	65.973	66.73
6069	65.973	66.5775
6070	65.973	66.2775
6071	65.973	66.9033
6072	65.973	66.7204
6073	65.973	67.2363
6074	65.973	66.6287
6075	65.973	66.0642
6076	65.973	65.973
6077	65.973	67.3634
6078	65.973	68.76
6079	65.973	67.2696
6080	65.973	67.9298
6081	65.973	67.6441
6082	65.973	66.4784
6083	65.973	65.973
6084	65.973	66.0181
6085	65.973	66.0862
6086	65.973	67.386
6087	65.973	66.5999
6088	65.973	66.887
6089	65.973	66.3948
6090	65.973	68.0604
6091	65.973	65.973
6092	65.973	66.1305
6093	65.973	66.1326
6094	65.973	66.0432
6095	65.973	65.9859
6096	65.973	66.4108
6097	65.973	66.5724
6098	65.973	66.4048
6099	65.973	66.4506
6100	65.973	66.6118
6101	65.973	66.1857
6102	65.973	66.6282
6103	65.973	67.1205
6104	65.973	65.9976
6105	65.973	66.6465
6106	65.973	67.7755
6107	65.973	66.7376
6108	65.973	66.1268
6109	65.973	66.761
6110	65.973	67.0399
6111	65.973	67.5075
6112	65.973	67.3617
6113	65.973	66.0505
6114	65.973	66.0189
6115	65.973	67.5044
6116	65.973	67.404
6117	65.973	67.1307
6118	65.973	66.6022
6119	65.973	66.0414
6120	65.973	66.0511
6121	65.973	66.0673
6122	65.973	66.1894
6123	65.973	65.973
6124	65.973	66.7673
6125	65.973	66.3414
6126	65.973	66.2643
6127	65.973	65.973
6128	65.973	65.973
6129	65.973	66.0859
6130	65.973	66.0771
6131	65.973	66.016
6132	65.973	65.973
6133	65.973	66.3693
6134	65.973	67.3416
6135	65.973	66.2505
6136	65.973	66.1926
6137	65.973	66.138
6138	65.973	66.3061
6139	65.973	65.973
6140	65.973	66.4396
6141	65.973	66.0116
6142	65.973	66.039
6143	65.973	66.6102
6144	65.973	67.6517
6145	65.973	66.7939
6146	65.973	66.8085
6147	65.973	66.696
6148	65.973	67.6501
6149	65.973	66.6907
6150	65.973	66.4865
6151	65.973	66.0805
6152	65.973	66.7947
6153	65.973	66.0052
6154	65.973	67.8775
6155	65.973	67.4734
6156	65.973	66.7447
6157	65.973	67.6278
6158	65.973	67.1361
6159	65.973	66.6068
6160	65.973	66.9998
6161	65.973	67.1805
6162	65.973	66.5498
6163	65.973	66.315
6164	65.973	66.579
6165	65.973	66.5991
6166	65.973	66.3757
6167	65.973	66.9412
6168	65.973	66.7069
6169	65.973	67.2743
6170	65.973	66.187
6171	65.973	66.102
6172	65.973	66.0152
6173	65.973	66.084
6174	65.973	66.1379
6175	65.973	67.4404
6176	65.973	66.4902
6177	65.973	66.0154
6178	65.973	66.1047
6179	65.973	66.5579
6180	65.973	65.973
6181	65.973	66.1434
6182	65.973	66.1048
6183	65.973	66.1746
6184	65.973	66.0568
6185	65.973	66.0706
6186	65.973	66.0285
6187	65.973	65.973
6188	65.973	66.5639
6189	65.973	67.6155
6190	65.973	67.341
6191	65.973	67.8067
6192	65.973	66.1183
6193	65.973	65.973
6194	65.973	66.1565
6195	65.973	66.0107
6196	65.973	66.0838
6197	65.973	66.6243
6198	65.973	68.4773
6199	65.973	68.2879
6200	65.973	67.4775
6201	65.973	67.2915
6202	65.973	66.6392
6203	65.973	66.181
6204	65.973	66.2583
6205	65.973	66.1887
6206	65.973	66.7205
6207	65.973	66.0712
6208	65.973	66.1252
6209	65.973	66.2016
6210	65.973	66.7637
6211	65.973	68.9825
6212	65.973	66.241
6213	65.973	68.0643
6214	65.973	67.5647
6215	65.973	66.4373
6216	65.973	66.2339
6217	65.973	66.2982
6218	65.973	66.006
6219	65.973	66.0674
6220	65.973	66.2382
6221	65.973	66.092
6222	65.973	66.0411
6223	65.973	66.9536
6224	65.973	68.144
6225	65.973	66.5764
6226	65.973	66.6631
6227	65.973	66.4961
6228	65.973	67.6455
6229	65.973	67.1928
6230	65.973	67.4305
6231	65.973	66.2521
6232	65.973	68.3101
6233	65.973	67.2953
6234	65.973	66.2473
6235	65.973	66.6132
6236	65.973	67.5886
6237	65.973	66.324
6238	65.973	66.2788
6239	65.973	66.2124
6240	65.973	66.0773
6241	65.973	66.1213
6242	65.973	66.109
6243	65.973	66.2615
6244	65.973	66.4199
6245	65.973	67.4418
6246	65.973	66.6632
6247	65.973	67.6956
6248	65.973	67.0607
6249	65.973	66.1254
6250	65.973	66.459
6251	65.973	67.1416
6252	65.973	66.6373
6253	65.973	66.0949
6254	65.973	66.5062
6255	65.973	65.973
6256	65.973	65.973
6257	65.973	65.973
6258	65.973	65.973
6259	65.973	65.986
6260	65.973	66.4674
6261	65.973	66.0488
6262	65.973	66.3388
6263	65.973	66.1132
6264	65.973	66.2689
6265	65.973	66.1956
6266	65.973	66.8875
6267	65.973	66.8977
6268	65.973	68.5023
6269	65.973	66.3405
6270	65.973	66.8023
6271	65.973	66.4896
6272	65.973	66.4655
6273	65.973	66.6888
6274	65.973	66.0459
6275	65.973	65.9742
6276	65.973	66.0869
6277	65.973	66.7317
6278	65.973	66.3873
6279	65.973	66.2949
6280	65.973	66.8137
6281	65.973	66.1335
6282	65.973	66.5389
6283	65.973	66.7101
6284	65.973	68.3793
6285	65.973	68.2003
6286	65.973	67.1344
6287	65.973	67.0386
6288	65.973	66.7444
6289	65.973	67.2827
6290	65.973	68.0181
6291	65.973	66.5299
6292	65.973	67.1099
6293	65.973	67.245
6294	65.973	66.1736
6295	65.973	66.1631
6296	65.973	65.973
6297	65.973	66.1738
6298	65.973	66.498
6299	65.973	66.1529
6300	65.973	67.9771
6301	65.973	66.2979
6302	65.973	66.5279
6303	65.973	66.6223
6304	65.973	67.4457
6305	65.973	67.3604
6306	65.973	66.956
6307	65.973	66.2696
6308	65.973	66.3777
6309	65.973	66.4001
6310	65.973	66.5668
6311	65.973	66.5005
6312	65.973	66.8467
6313	65.973	67.0355
6314	65.973	67.9575
6315	65.973	67.1277
6316	65.973	65.973
6317	65.973	65.973
6318	65.973	65.9975
6319	65.973	66.5019
6320	65.973	66.2139
6321	65.973	67.4039
6322	65.973	66.6137
6323	65.973	67.6643
6324	65.973	68.3067
6325	65.973	67.5958
6326	65.973	66.2213
6327	65.973	66.8734
6328	65.973	66.1385
6329	65.973	66.0701
6330	65.973	65.973
6331	65.973	65.973
6332	65.973	65.973
6333	65.973	66.0009
6334	65.973	65.973
6335	65.973	66.5139
6336	65.973	66.2137
6337	65.973	65.973
6338	65.973	66.3733
6339	65.973	65.973
6340	65.973	66.4754
6341	65.973	66.4179
6342	65.973	65.973
6343	65.973	66.0011
6344	65.973	66.4591
6345	65.973	66.729
6346	65.973	66.6023
6347	65.973	66.2158
6348	65.973	66.536
6349	65.973	66.5952
6350	65.973	66.0891
6351	65.973	67.0567
6352	65.973	67.3137
6353	65.973	66.7392
6354	65.973	65.973
6355	65.973	66.8064
6356	65.973	66.2517
6357	65.973	66.7646
6358	65.973	66.4988
6359	65.973	66.1919
6360	65.973	66.7693
6361	65.973	67.8212
6362	65.973	68.1326
6363	65.973	66.5068
6364	65.973	66.085
6365	65.973	66.1149
6366	65.973	66.1394
6367	65.973	65.973
6368	65.973	65.973
6369	65.973	66.6251
6370	65.973	66.003
6371	65.973	66.0757
6372	65.973	65.9777
6373	65.973	65.973
6374	65.973	66.3114
6375	65.973	65.9733
6376	65.973	65.993
6377	65.973	65.973
6378	65.973	66.216
6379	65.973	66.1198
6380	65.973	67.5082
6381	65.973	67.1016
6382	65.973	68.1153
6383	65.973	66.7489
6384	65.973	66.5685
6385	65.973	66.4913
6386	65.973	66.191
6387	65.973	65.973
6388	65.973	66.2046
6389	65.973	66.7152
6390	65.973	66.6534
6391	65.973	67.5258
6392	65.973	67.5339
6393	65.973	68.4434
6394	65.973	66.5947
6395	65.973	67.2054
6396	65.973	68.2832
6397	65.973	68.0409
6398	65.973	66.8261
6399	65.973	67.8656
6400	65.973	67.7617
6401	65.973	66.7867
6402	65.973	67.5437
6403	65.973	66.883
6404	65.973	66.1446
6405	65.973	66.0753
6406	65.973	66.2337
6407	65.973	66.3957
6408	65.973	66.4525
6409	65.973	67.1104
6410	65.973	66.761
6411	65.973	66.2698
6412	65.973	66.5282
6413	65.973	66.9643
6414	65.973	67.2983
6415	65.973	66.8571
6416	65.973	67.5779
6417	65.973	66.9959
6418	65.973	66.125
6419	65.973	66.2951
6420	65.973	66.5834
6421	65.973	66.089
6422	65.973	66.6111
6423	65.973	66.3054
6424	65.973	66.7524
6425	65.973	66.7871
6426	65.973	66.5498
6427	65.973	66.771
6428	65.973	66.3049
6429	65.973	66.1047
6430	65.973	66.1131
6431	65.973	66.8191
6432	65.973	66.1158
6433	65.973	66.1174
6434	65.973	66.001
6435	65.973	66.1027
6436	65.973	65.973
6437	65.973	65.973
6438	65.973	65.973
6439	65.973	65.973
6440	65.973	66.0936
6441	65.973	66.2442
6442	65.973	67.0503
6443	65.973	66.3893
6444	65.973	66.4493
6445	65.973	67.106
6446	65.973	66.3267
6447	65.973	66.1143
6448	65.973	66.5737
6449	65.973	66.4508
6450	65.973	66.8874
6451	65.973	65.973
6452	65.973	66.2365
6453	65.973	66.0316
6454	65.973	66.4832
6455	65.973	66.3954
6456	65.973	67.0692
6457	65.973	66.0575
6458	65.973	66.4525
6459	65.973	67.228
6460	65.973	66.5454
6461	65.973	65.9894
6462	65.973	65.973
6463	65.973	65.973
6464	65.973	65.973
6465	65.973	65.973
6466	65.973	65.9915
6467	65.973	67.5399
6468	65.973	67.1507
6469	65.973	66.2752
6470	65.973	67.6746
6471	65.973	66.2773
6472	65.973	66.2265
6473	65.973	66.7759
6474	65.973	68.034
6475	65.973	66.7984
6476	65.973	66.5601
6477	65.973	66.574
6478	65.973	66.0564
6479	65.973	67.2275
6480	65.973	67.6547
6481	65.973	66.9469
6482	65.973	67.0151
6483	65.973	66.1327
6484	65.973	67.3878
6485	65.973	68.2335
6486	65.973	67.7892
6487	65.973	66.1933
6488	65.973	66.2712
6489	65.973	66.2132
6490	65.973	66.5644
6491	65.973	66.9176
6492	65.973	66.5442
6493	65.973	66.0932
6494	65.973	66.9399
6495	65.973	66.5372
6496	65.973	67.0021
6497	65.973	66.5996
6498	65.973	68.2037
6499	65.973	67.2093
6500	65.973	68.1536
6501	65.973	67.3485
6502	65.973	66.7622
6503	65.973	66.2798
6504	65.973	67.0993
6505	65.973	66.0688
6506	65.973	65.973
6507	65.973	65.973
6508	65.973	66.0754
6509	65.973	66.1667
6510	65.973	66.5622
6511	65.973	66.0607
6512	65.973	66.3697
6513	65.973	66.3516
6514	65.973	66.0383
6515	65.973	65.973
6516	65.973	65.973
6517	65.973	65.973
6518	65.973	65.973
6519	65.973	66.0452
6520	65.973	65.973
6521	65.973	65.9842
6522	65.973	66.363
6523	65.973	65.973
6524	65.973	66.1307
6525	65.973	66.431
6526	65.973	68.0429
6527	65.973	68.7359
6528	65.973	66.7054
6529	65.973	66.315
6530	65.973	66.6133
6531	65.973	66.8803
6532	65.973	65.9771
6533	65.973	65.9882
6534	65.973	66.1648
6535	65.973	66.4405
6536	65.973	66.6226
6537	65.973	66.4987
6538	65.973	67.3705
6539	65.973	67.766
6540	65.973	68.7058
6541	65.973	67.6878
6542	65.973	68.1697
6543	65.973	67.6116
6544	65.973	68.2418
6545	65.973	67.499
6546	65.973	66.2599
6547	65.973	66.5854
6548	65.973	66.568
6549	65.973	66.0149
6550	65.973	66.5505
6551	65.973	66.1317
6552	65.973	66.3005
6553	65.973	65.973
6554	65.973	65.9824
6555	65.973	65.973
6556	65.973	66.2577
6557	65.973	65.9872
6558	65.973	65.973
6559	65.973	65.973
6560	65.973	65.973
6561	65.973	67.1467
6562	65.973	68.1871
6563	65.973	67.0923
6564	65.973	66.9488
6565	65.973	66.9187
6566	65.973	66.9037
6567	65.973	67.1201
6568	65.973	67.4793
6569	65.973	67.1441
6570	65.973	67.1069
6571	65.973	67.9117
6572	65.973	69.5945
6573	65.973	68.3742
6574	65.973	68.5425
6575	65.973	66.7617
6576	65.973	67.0943
6577	65.973	67.0276
6578	65.973	66.6566
6579	65.973	67.3301
6580	65.973	66.6532
6581	65.973	66.0216
6582	65.973	66.3198
6583	65.973	66.4109
6584	65.973	67.1521
6585	65.973	66.4584
6586	65.973	67.0711
6587	65.973	66.8951
6588	65.973	66.11
6589	65.973	66.1337
6590	65.973	66.5725
6591	65.973	66.6085
6592	65.973	66.4596
6593	65.973	66.4627
6594	65.973	66.3384
6595	65.973	68.3131
6596	65.973	66.9909
6597	65.973	67.2195
6598	65.973	66.787
6599	65.973	67.5033
6600	65.973	68.5778
6601	65.973	67.1649
6602	65.973	67.4673
6603	65.973	67.493
6604	65.973	67.3511
6605	65.973	65.973
6606	65.973	66.1818
6607	65.973	65.973
6608	65.973	65.973
6609	65.973	65.973
6610	65.973	66.2506
6611	65.973	65.9826
6612	65.973	65.973
6613	65.973	65.973
6614	65.973	66.0968
6615	65.973	66.4772
6616	65.973	66.4549
6617	65.973	67.2967
6618	65.973	67.3076
6619	65.973	66.5477
6620	65.973	66.0509
6621	65.973	65.973
6622	65.973	65.973
6623	65.973	65.973
6624	65.973	65.973
6625	65.973	65.973
6626	65.973	66.1996
6627	65.973	66.2318
6628	65.973	66.0169
6629	65.973	66.7747
6630	65.973	66.415
6631	65.973	67.0735
6632	65.973	68.1142
6633	65.973	66.5075
6634	65.973	66.4731
6635	65.973	66.1998
6636	65.973	66.4159
6637	65.973	66.1122
6638	65.973	67.5042
6639	65.973	66.925
6640	65.973	66.9061
6641	65.973	66.5018
6642	65.973	66.6519
6643	65.973	66.4755
6644	65.973	66.2828
6645	65.973	66.2864
6646	65.973	66.0912
6647	65.973	65.973
6648	65.973	66.0142
6649	65.973	66.3155
6650	65.973	66.4786
6651	65.973	65.986
6652	65.973	65.9817
6653	65.973	65.973
6654	65.973	65.9824
6655	65.973	65.973
6656	65.973	65.973
6657	65.973	67.059
6658	65.973	65.973
6659	65.973	65.973
6660	65.973	66.3175
6661	65.973	66.0856
6662	65.973	65.973
6663	65.973	66.1214
6664	65.973	66.8601
6665	65.973	66.9834
6666	65.973	66.9206
6667	65.973	66.1638
6668	65.973	66.4154
6669	65.973	66.6267
6670	65.973	66.8325
6671	65.973	66.0157
6672	65.973	65.9847
6673	65.973	66.0529
6674	65.973	67.2293
6675	65.973	67.3823
6676	65.973	67.2707
6677	65.973	67.9231
6678	65.973	69.3627
6679	65.973	68.6671
6680	65.973	67.9156
6681	65.973	67.5146
6682	65.973	66.7196
6683	65.973	66.869
6684	65.973	66.1227
6685	65.973	66.0522
6686	65.973	67.7788
6687	65.973	67.7266
6688	65.973	66.6685
6689	65.973	66.0513
6690	65.973	66.0069
6691	65.973	66.0187
6692	65.973	66.0058
6693	65.973	66.0246
6694	65.973	65.9925
6695	65.973	66.0554
6696	65.973	66.2998
6697	65.973	67.9012
6698	65.973	66.4154
6699	65.973	66.971
6700	65.973	66.6178
6701	65.973	66.9794
6702	65.973	67.2841
6703	65.973	66.3218
6704	65.973	66.045
6705	65.973	66.7705
6706	65.973	66.8882
6707	65.973	66.383
6708	65.973	66.4906
6709	65.973	67.2094
6710	65.973	67.562
6711	65.973	66.329
6712	65.973	66.5802
6713	65.973	66.2813
6714	65.973	66.4909
6715	65.973	66.9399
6716	65.973	66.7811
6717	65.973	67.1259
6718	65.973	66.3401
6719	65.973	65.973
6720	65.973	66.2066
6721	65.973	66.6164
6722	65.973	66.4053
6723	65.973	66.327
6724	65.973	66.8053
6725	65.973	67.3722
6726	65.973	67.9851
6727	65.973	70.059
6728	65.973	68.6669
6729	65.973	68.4238
6730	65.973	66.9656
6731	65.973	66.6268
6732	65.973	66.0781
6733	65.973	66.2288
6734	65.973	67.1664
6735	65.973	66.4431
6736	65.973	66.3922
6737	65.973	66.0034
6738	65.973	65.973
6739	65.973	66.0383
6740	65.973	65.973
6741	65.973	65.973
6742	65.973	66.0885
6743	65.973	66.9074
6744	65.973	66.2337
6745	65.973	65.973
6746	65.973	66.9987
6747	65.973	65.973
6748	65.973	66.0245
6749	65.973	66.0602
6750	65.973	66.0177
6751	65.973	65.973
6752	65.973	66.4885
6753	65.973	66.0157
6754	65.973	67.2045
6755	65.973	66.0185
6756	65.973	66.3769
6757	65.973	66.2914
6758	65.973	66.3013
6759	65.973	65.973
6760	65.973	65.973
6761	65.973	66.2607
6762	65.973	65.973
6763	65.973	65.973
6764	65.973	65.973
6765	65.973	65.973
6766	65.973	66.0765
6767	65.973	66.2218
6768	65.973	66.6855
6769	65.973	66.9665
6770	65.973	66.1723
6771	65.973	66.3268
6772	65.973	67.4023
6773	65.973	67.2926
6774	65.973	67.133
6775	65.973	68.7183
6776	65.973	66.5125
6777	65.973	69.0608
6778	65.973	66.4813
6779	65.973	66.1571
6780	65.973	65.973
6781	65.973	66.9158
6782	65.973	66.2006
6783	65.973	66.2338
6784	65.973	66.3434
6785	65.973	66.1007
6786	65.973	66.0576
6787	65.973	65.973
6788	65.973	66.0114
6789	65.973	66.6181
6790	65.973	66.0747
6791	65.973	66.1913
6792	65.973	65.973
6793	65.973	65.973
6794	65.973	65.973
6795	65.973	65.973
6796	65.973	66.2221
6797	65.973	66.5794
6798	65.973	66.3343
6799	65.973	66.3266
6800	65.973	67.1979
6801	65.973	67.8832
6802	65.973	66.9183
6803	65.973	67.0119
6804	65.973	66.1987
6805	65.973	66.5817
6806	65.973	67.1263
6807	65.973	66.5034
6808	65.973	66.3993
6809	65.973	66.2295
6810	65.973	65.973
6811	65.973	65.973
6812	65.973	66.0519
6813	65.973	66.6013
6814	65.973	66.9529
6815	65.973	66.0731
6816	65.973	66.3746
6817	65.973	66.2698
6818	65.973	66.3425
6819	65.973	66.0246
6820	65.973	66.7666
6821	65.973	66.4806
6822	65.973	66.2301
6823	65.973	66.6959
6824	65.973	66.1253
6825	65.973	65.973
6826	65.973	65.973
6827	65.973	65.9826
6828	65.973	66.0561
6829	65.973	65.973
6830	65.973	65.973
6831	65.973	65.973
6832	65.973	65.973
6833	65.973	67.2799
6834	65.973	67.1536
6835	65.973	67.0426
6836	65.973	66.5818
6837	65.973	66.3745
6838	65.973	66.3476
6839	65.973	66.983
6840	65.973	67.8305
6841	65.973	67.2986
6842	65.973	67.6384
6843	65.973	68.273
6844	65.973	68.0139
6845	65.973	67.5578
6846	65.973	67.1
6847	65.973	67.0886
6848	65.973	67.0416
6849	65.973	66.1071
6850	65.973	66.0705
6851	65.973	66.0769
6852	65.973	66.6749
6853	65.973	66.1985
6854	65.973	66.6069
6855	65.973	66.6305
6856	65.973	66.8459
6857	65.973	66.1944
6858	65.973	66.643
6859	65.973	67.0819
6860	65.973	67.275
6861	65.973	66.314
6862	65.973	65.973
6863	65.973	66.3874
6864	65.973	66.1665
6865	65.973	65.973
6866	65.973	65.973
6867	65.973	66.7435
6868	65.973	66.5738
6869	65.973	66.2152
6870	65.973	67.3174
6871	65.973	67.9685
6872	65.973	67.7937
6873	65.973	66.5247
6874	65.973	66.9666
6875	65.973	65.973
6876	65.973	65.973
6877	65.973	65.973
6878	65.973	66.1229
6879	65.973	66.3665
6880	65.973	66.3981
6881	65.973	65.973
6882	65.973	67.2781
6883	65.973	67.4394
6884	65.973	65.9917
6885	65.973	65.992
6886	65.973	67.3555
6887	65.973	67.4261
6888	65.973	66.7044
6889	65.973	66.0865
6890	65.973	65.9965
6891	65.973	66.2351
6892	65.973	65.973
6893	65.973	67.2551
6894	65.973	66.2343
6895	65.973	65.9742
6896	65.973	65.973
6897	65.973	66.1751
6898	65.973	65.973
6899	65.973	66.2915
6900	65.973	65.973
6901	65.973	66.0033
6902	65.973	65.973
6903	65.973	66.2994
6904	65.973	66.6014
6905	65.973	66.8728
6906	65.973	66.6221
6907	65.973	66.4544
6908	65.973	66.4911
6909	65.973	68.2048
6910	65.973	67.0069
6911	65.973	66.4667
6912	65.973	67.4235
6913	65.973	67.2714
6914	65.973	65.9907
6915	65.973	66.3819
6916	65.973	66.0158
6917	65.973	66.8099
6918	65.973	68.1241
6919	65.973	68.8758
6920	65.973	68.7075
6921	65.973	67.5589
6922	65.973	67.9076
6923	65.973	67.3423
6924	65.973	66.8513
6925	65.973	66.0829
6926	65.973	65.999
6927	65.973	66.4643
6928	65.973	66.5987
6929	65.973	66.9344
6930	65.973	68.8593
6931	65.973	68.0561
6932	65.973	66.7928
6933	65.973	66.0855
6934	65.973	66.071
6935	65.973	65.973
6936	65.973	66.7914
6937	65.973	66.2931
6938	65.973	66.0256
6939	65.973	66.1546
6940	65.973	66.4399
6941	65.973	65.9797
6942	65.973	66.4984
6943	65.973	66.2918
6944	65.973	66.2062
6945	65.973	66.3094
6946	65.973	66.2163
6947	65.973	67.4149
6948	65.973	65.9742
6949	65.973	65.973
6950	65.973	65.9878
6951	65.973	66.066
6952	65.973	66.7695
6953	65.973	67.0912
6954	65.973	67.1717
6955	65.973	66.4225
6956	65.973	66.0393
6957	65.973	67.1797
6958	65.973	68.2341
6959	65.973	66.8358
6960	65.973	65.973
6961	65.973	66.9642
6962	65.973	66.697
6963	65.973	66.4481
6964	65.973	66.4937
6965	65.973	66.2741
6966	65.973	66.2564
6967	65.973	67.0955
6968	65.973	66.685
6969	65.973	66.6377
6970	65.973	66.0291
6971	65.973	65.973
6972	65.973	65.973
6973	65.973	66.2739
6974	65.973	66.0339
6975	65.973	66.116
6976	65.973	66.7566
6977	65.973	67.0044
6978	65.973	67.5003
6979	65.973	67.3345
6980	65.973	67.5945
6981	65.973	67.5739
6982	65.973	66.9817
6983	65.973	67.1288
6984	65.973	67.8857
6985	65.973	66.4218
6986	65.973	67.4062
6987	65.973	66.8074
6988	65.973	67.3643
6989	65.973	67.2666
6990	65.973	66.5022
6991	65.973	65.973
6992	65.973	66.5981
6993	65.973	66.7333
6994	65.973	67.339
6995	65.973	66.4241
6996	65.973	65.9936
6997	65.973	66.0033
6998	65.973	66.2692
6999	65.973	65.973
7000	65.973	65.973
7001	65.973	65.9866
7002	65.973	66.2942
7003	65.973	66.5866
7004	65.973	66.8295
7005	65.973	66.2324
7006	65.973	66.3156
7007	65.973	66.0116
7008	65.973	66.011
7009	65.973	66.2004
7010	65.973	66.2557
7011	65.973	67.4529
7012	65.973	67.6263
7013	65.973	66.7406
7014	65.973	67.4091
7015	65.973	65.9826
7016	65.973	66.1202
7017	65.973	65.9967
7018	65.973	66.0394
7019	65.973	66.4519
7020	65.973	66.9261
7021	65.973	66.0106
7022	65.973	66.4134
7023	65.973	66.5766
7024	65.973	66.4339
7025	65.973	66.0019
7026	65.973	66.0161
7027	65.973	66.221
7028	65.973	66.727
7029	65.973	67.7621
7030	65.973	66.8685
7031	65.973	68.1918
7032	65.973	67.6347
7033	65.973	67.8581
7034	65.973	66.9696
7035	65.973	66.7431
7036	65.973	66.3656
7037	65.973	66.1695
7038	65.973	66.1513
7039	65.973	66.6101
7040	65.973	66.0319
7041	65.973	66.087
7042	65.973	65.9875
7043	65.973	66.4902
7044	65.973	66.8245
7045	65.973	67.0296
7046	65.973	66.3242
7047	65.973	66.4642
7048	65.973	67.1502
7049	65.973	66.558
7050	65.973	66.16
7051	65.973	66.6463
7052	65.973	66.0656
7053	65.973	66.2406
7054	65.973	65.973
7055	65.973	65.973
7056	65.973	65.973
7057	65.973	65.973
7058	65.973	66.0735
7059	65.973	66.6743
7060	65.973	67.1714
7061	65.973	67.2879
7062	65.973	67.3551
7063	65.973	65.973
7064	65.973	66.6694
7065	65.973	66.7564
7066	65.973	66.0074
7067	65.973	68.0708
7068	65.973	68.4209
7069	65.973	66.4566
7070	65.973	65.979
7071	65.973	65.973
7072	65.973	65.973
7073	65.973	65.973
7074	65.973	65.9845
7075	65.973	66.0541
7076	65.973	66.0023
7077	65.973	65.973
7078	65.973	66.005
7079	65.973	65.973
7080	65.973	66.1231
7081	65.973	67.8347
7082	65.973	66.4398
7083	65.973	66.7215
7084	65.973	66.4067
7085	65.973	65.973
7086	65.973	66.1533
7087	65.973	66.2375
7088	65.973	66.0683
7089	65.973	65.973
7090	65.973	66.8737
7091	65.973	66.7698
7092	65.973	66.1138
7093	65.973	66.9967
7094	65.973	67.3778
7095	65.973	67.3302
7096	65.973	68.2255
7097	65.973	68.4775
7098	65.973	66.5327
7099	65.973	67.3886
7100	65.973	67.7008
7101	65.973	66.7631
7102	65.973	66.2837
7103	65.973	65.973
7104	65.973	65.9907
7105	65.973	65.973
7106	65.973	66.5292
7107	65.973	67.0112
7108	65.973	66.4914
7109	65.973	65.973
7110	65.973	66.1091
7111	65.973	66.2436
7112	65.973	66.0127
7113	65.973	65.9742
7114	65.973	65.973
7115	65.973	65.973
7116	65.973	66.2524
7117	65.973	65.9897
7118	65.973	65.973
7119	65.973	67.4474
7120	65.973	67.8735
7121	65.973	66.8002
7122	65.973	67.2742
7123	65.973	66.8357
7124	65.973	66.7543
7125	65.973	68.5381
7126	65.973	66.3756
7127	65.973	66.3821
7128	65.973	66.1951
7129	65.973	66.1069
7130	65.973	66.1254
7131	65.973	65.973
7132	65.973	66.2775
7133	65.973	66.0595
7134	65.973	67.5772
7135	65.973	67.9499
7136	65.973	69.5832
7137	65.973	69.1322
7138	65.973	67.0689
7139	65.973	67.7717
7140	65.973	67.8055
7141	65.973	66.43
7142	65.973	67.8269
7143	65.973	66.8611
7144	65.973	67.1481
7145	65.973	67.6836
7146	65.973	67.1343
7147	65.973	66.389
7148	65.973	66.3976
7149	65.973	66.3626
7150	65.973	66.2602
7151	65.973	66.3487
7152	65.973	66.3013
7153	65.973	67.3208
7154	65.973	66.414
7155	65.973	66.0176
7156	65.973	66.1775
7157	65.973	65.973
7158	65.973	66.146
7159	65.973	66.5054
7160	65.973	66.79
7161	65.973	66.0119
7162	65.973	66.0895
7163	65.973	66.4723
7164	65.973	66.755
7165	65.973	66.2759
7166	65.973	66.4588
7167	65.973	65.973
7168	65.973	65.9885
7169	65.973	66.1308
7170	65.973	66.3187
7171	65.973	66.2533
7172	65.973	66.0679
7173	65.973	66.6011
7174	65.973	66.2283
7175	65.973	67.7095
7176	65.973	66.4615
7177	65.973	66.5477
7178	65.973	67.0937
7179	65.973	66.2765
7180	65.973	66.1146
7181	65.973	66.4557
7182	65.973	66.0854
7183	65.973	65.973
7184	65.973	66.6638
7185	65.973	66.2256
7186	65.973	65.973
7187	65.973	65.973
7188	65.973	66.0418
7189	65.973	66.3332
7190	65.973	66.1767
7191	65.973	65.973
7192	65.973	65.973
7193	65.973	65.973
7194	65.973	65.973
7195	65.973	65.973
7196	65.973	65.973
7197	65.973	66.1383
7198	65.973	65.9869
7199	65.973	66.2167
7200	65.973	66.5017
7201	65.973	67.0915
7202	65.973	67.0713
7203	65.973	66.0626
7204	65.973	65.973
7205	65.973	66.4904
7206	65.973	67.5086
7207	65.973	67.5037
7208	65.973	68.4676
7209	65.973	66.6792
7210	65.973	66.7824
7211	65.973	67.6662
7212	65.973	67.4617
7213	65.973	67.4846
7214	65.973	66.3728
7215	65.973	66.0198
7216	65.973	65.973
7217	65.973	65.973
7218	65.973	66.4305
7219	65.973	67.2564
7220	65.973	67.1813
7221	65.973	67.0439
7222	65.973	66.3018
7223	65.973	66.3737
7224	65.973	66.2616
7225	65.973	65.973
7226	65.973	66.427
7227	65.973	66.7998
7228	65.973	67.8666
7229	65.973	66.389
7230	65.973	66.1506
7231	65.973	67.6338
7232	65.973	67.0211
7233	65.973	67.189
7234	65.973	66.0312
7235	65.973	65.9803
7236	65.973	66.1106
7237	65.973	66.078
7238	65.973	65.973
7239	65.973	66.0828
7240	65.973	65.973
7241	65.973	66.0096
7242	65.973	67.0018
7243	65.973	66.8872
7244	65.973	67.0432
7245	65.973	66.3975
7246	65.973	66.5822
7247	65.973	66.4299
7248	65.973	66.9878
7249	65.973	67.1213
7250	65.973	66.774
7251	65.973	66.3322
7252	65.973	66.6576
7253	65.973	67.4003
7254	65.973	66.8912
7255	65.973	66.9379
7256	65.973	67.6199
7257	65.973	66.1584
7258	65.973	66.5466
7259	65.973	67.1209
7260	65.973	68.3139
7261	65.973	67.9766
7262	65.973	66.9402
7263	65.973	66.9603
7264	65.973	66.1658
7265	65.973	66.3583
7266	65.973	66.3521
7267	65.973	66.4911
7268	65.973	66.2685
7269	65.973	66.2439
7270	65.973	66.5933
7271	65.973	67.3138
7272	65.973	66.0853
7273	65.973	66.0488
7274	65.973	65.973
7275	65.973	66.2128
7276	65.973	66.5554
7277	65.973	66.5438
7278	65.973	66.3992
7279	65.973	65.973
7280	65.973	66.6932
7281	65.973	66.3076
7282	65.973	65.973
7283	65.973	66.0123
7284	65.973	66.6985
7285	65.973	66.1489
7286	65.973	66.7202
7287	65.973	66.0039
7288	65.973	66.0955
7289	65.973	65.973
7290	65.973	65.973
7291	65.973	66.0435
7292	65.973	65.973
7293	65.973	66.0335
7294	65.973	67.2739
7295	65.973	66.368
7296	65.973	66.2161
7297	65.973	66.948
7298	65.973	68.1728
7299	65.973	67.6731
7300	65.973	68.313
7301	65.973	67.0705
7302	65.973	66.0381
7303	65.973	65.973
7304	65.973	67.6618
7305	65.973	66.3639
7306	65.973	66.4047
7307	65.973	66.0777
7308	65.973	66.7762
7309	65.973	68.1363
7310	65.973	68.8542
7311	65.973	68.3462
7312	65.973	66.0523
7313	65.973	66.3127
7314	65.973	66.2324
7315	65.973	67.2505
7316	65.973	66.3065
7317	65.973	66.0999
7318	65.973	66.2468
7319	65.973	66.6314
7320	65.973	67.3951
7321	65.973	67.3477
7322	65.973	68.3105
7323	65.973	69.0308
7324	65.973	68.4698
7325	65.973	69.9943
7326	65.973	67.4923
7327	65.973	66.6203
7328	65.973	66.4617
7329	65.973	66.2567
7330	65.973	67.189
7331	65.973	66.1524
7332	65.973	66.5247
7333	65.973	66.3887
7334	65.973	66.0031
7335	65.973	67.4409
7336	65.973	65.9965
7337	65.973	65.973
7338	65.973	66.1582
7339	65.973	66.4674
7340	65.973	66.1633
7341	65.973	66.1004
7342	65.973	66.003
7343	65.973	66.1212
7344	65.973	66.0319
7345	65.973	66.2478
7346	65.973	66.6936
7347	65.973	66.6752
7348	65.973	66.6593
7349	65.973	66.3745
7350	65.973	67.7348
7351	65.973	67.7012
7352	65.973	68.0076
7353	65.973	67.4114
7354	65.973	67.0214
7355	65.973	68.3098
7356	65.973	68.107
7357	65.973	67.5536
7358	65.973	66.2573
7359	65.973	66.749
7360	65.973	67.6925
7361	65.973	67.6555
7362	65.973	68.1348
7363	65.973	67.5818
7364	65.973	66.7426
7365	65.973	66.8099
7366	65.973	66.7957
7367	65.973	65.9983
7368	65.973	65.973
7369	65.973	65.973
7370	65.973	67.1295
7371	65.973	66.3656
7372	65.973	66.9477
7373	65.973	66.0992
7374	65.973	65.973
7375	65.973	66.0317
7376	65.973	66.3121
7377	65.973	66.2767
7378	65.973	66.6612
7379	65.973	66.6725
7380	65.973	65.973
7381	65.973	65.973
7382	65.973	65.973
7383	65.973	65.973
7384	65.973	65.9975
7385	65.973	66.1538
7386	65.973	65.973
7387	65.973	66.722
7388	65.973	67.4606
7389	65.973	67.4121
7390	65.973	66.0726
7391	65.973	65.973
7392	65.973	66.163
7393	65.973	67.1725
7394	65.973	66.5122
7395	65.973	66.0683
7396	65.973	65.973
7397	65.973	66.1279
7398	65.973	65.973
7399	65.973	65.973
7400	65.973	67.3145
7401	65.973	67.0514
7402	65.973	67.1014
7403	65.973	66.5798
7404	65.973	68.3242
7405	65.973	67.1894
7406	65.973	66.7546
7407	65.973	69.7374
7408	65.973	68.8755
7409	65.973	69.4022
7410	65.973	68.1962
7411	65.973	66.441
7412	65.973	66.3695
7413	65.973	66.8696
7414	65.973	66.1261
7415	65.973	66.8702
7416	65.973	67.5808
7417	65.973	69.3726
7418	65.973	66.7339
7419	65.973	65.973
7420	65.973	65.973
7421	65.973	65.973
7422	65.973	66.7601
7423	65.973	66.4234
7424	65.973	66.8337
7425	65.973	68.8052
7426	65.973	68.4161
7427	65.973	68.211
7428	65.973	67.1478
7429	65.973	67.061
7430	65.973	66.6975
7431	65.973	66.3992
7432	65.973	67.3391
7433	65.973	66.0817
7434	65.973	65.9801
7435	65.973	66.9353
7436	65.973	67.7822
7437	65.973	67.2685
7438	65.973	66.9262
7439	65.973	67.0777
7440	65.973	66.1056
7441	65.973	65.9932
7442	65.973	66.0562
7443	65.973	66.4804
7444	65.973	66.4507
7445	65.973	66.1853
7446	65.973	66.007
7447	65.973	66.0389
7448	65.973	66.2343
7449	65.973	66.6675
7450	65.973	66.306
7451	65.973	67.0083
7452	65.973	66.4681
7453	65.973	65.9999
7454	65.973	66.4471
7455	65.973	68.1959
7456	65.973	67.8822
7457	65.973	67.2117
7458	65.973	67.6933
7459	65.973	66.32
7460	65.973	66.0193
7461	65.973	66.1181
7462	65.973	66.0132
7463	65.973	66.0775
7464	65.973	66.0216
7465	65.973	66.3096
7466	65.973	65.973
7467	65.973	65.9901
7468	65.973	65.973
7469	65.973	66.0111
7470	65.973	66.4557
7471	65.973	66.2949
7472	65.973	66.9989
7473	65.973	67.2841
7474	65.973	66.5324
7475	65.973	66.1347
7476	65.973	66.3843
7477	65.973	66.1365
7478	65.973	65.973
7479	65.973	66.5917
7480	65.973	66.0709
7481	65.973	66.385
7482	65.973	66.0068
7483	65.973	67.3364
7484	65.973	67.411
7485	65.973	66.687
7486	65.973	66.4074
7487	65.973	66.108
7488	65.973	66.0381
7489	65.973	65.973
7490	65.973	65.973
7491	65.973	66.774
7492	65.973	66.415
7493	65.973	66.3165
7494	65.973	65.973
7495	65.973	66.0794
7496	65.973	66.8752
7497	65.973	67.3101
7498	65.973	66.3354
7499	65.973	66.2733
7500	65.973	66.2858
7501	65.973	66.1521
7502	65.973	67.0475
7503	65.973	66.1527
7504	65.973	66.8528
7505	65.973	66.1698
7506	65.973	66.4914
7507	65.973	65.9856
7508	65.973	65.973
7509	65.973	65.9742
7510	65.973	66.1343
7511	65.973	66.3943
7512	65.973	67.8313
7513	65.973	66.9027
7514	65.973	68.5173
7515	65.973	68.2989
7516	65.973	67.5261
7517	65.973	66.8261
7518	65.973	67.3108
7519	65.973	67.1659
7520	65.973	67.4087
7521	65.973	67.1463
7522	65.973	68.862
7523	65.973	66.7602
7524	65.973	66.0303
7525	65.973	67.77
7526	65.973	67.6384
7527	65.973	67.4259
7528	65.973	66.3195
7529	65.973	66.314
7530	65.973	66.2844
7531	65.973	66.3973
7532	65.973	66.8762
7533	65.973	66.1407
7534	65.973	66.0672
7535	65.973	66.2197
7536	65.973	67.298
7537	65.973	67.2218
7538	65.973	66.9622
7539	65.973	66.8927
7540	65.973	67.1124
7541	65.973	67.629
7542	65.973	69.2533
7543	65.973	67.5685
7544	65.973	66.5481
7545	65.973	66.912
7546	65.973	67.591
7547	65.973	66.6569
7548	65.973	66.8596
7549	65.973	66.8459
7550	65.973	67.0302
7551	65.973	67.1918
7552	65.973	66.1291
7553	65.973	66.3336
7554	65.973	66.0778
7555	65.973	66.0993
7556	65.973	66.3613
7557	65.973	66.0319
7558	65.973	66.3319
7559	65.973	66.427
7560	65.973	66.2431
7561	65.973	67.0575
7562	65.973	67.0862
7563	65.973	66.7249
7564	65.973	66.8084
7565	65.973	66.9056
7566	65.973	65.973
7567	65.973	66.0237
7568	65.973	65.9946
7569	65.973	65.973
7570	65.973	65.973
7571	65.973	66.4327
7572	65.973	67.4984
7573	65.973	67.5304
7574	65.973	66.4548
7575	65.973	66.5216
7576	65.973	66.6789
7577	65.973	66.2868
7578	65.973	68.6582
7579	65.973	66.5925
7580	65.973	68.7857
7581	65.973	67.4412
7582	65.973	66.6881
7583	65.973	67.0378
7584	65.973	66.0734
7585	65.973	66.2121
7586	65.973	66.3851
7587	65.973	66.9154
7588	65.973	66.3868
7589	65.973	65.973
7590	65.973	66.2967
7591	65.973	66.4034
7592	65.973	66.1626
7593	65.973	67.1263
7594	65.973	66.7087
7595	65.973	66.7908
7596	65.973	66.4114
7597	65.973	67.982
7598	65.973	67.4453
7599	65.973	66.9219
7600	65.973	66.7969
7601	65.973	68.7729
7602	65.973	67.6539
7603	65.973	70.4829
7604	65.973	69.1835
7605	65.973	68.3119
7606	65.973	67.1781
7607	65.973	66.2504
7608	65.973	66.8342
7609	65.973	67.331
7610	65.973	67.2061
7611	65.973	66.7971
7612	65.973	66.4992
7613	65.973	66.9461
7614	65.973	67.3101
7615	65.973	66.374
7616	65.973	65.973
7617	65.973	65.973
7618	65.973	65.973
7619	65.973	65.9939
7620	65.973	66.2014
7621	65.973	65.973
7622	65.973	66.2138
7623	65.973	66.2441
7624	65.973	65.973
7625	65.973	66.2214
7626	65.973	66.0608
7627	65.973	66.0763
7628	65.973	66.4463
7629	65.973	66.7967
7630	65.973	67.1175
7631	65.973	66.0741
7632	65.973	66.0245
7633	65.973	65.973
7634	65.973	65.973
7635	65.973	66.7504
7636	65.973	66.491
7637	65.973	66.0683
7638	65.973	66.1941
7639	65.973	65.973
7640	65.973	66.8879
7641	65.973	68.0087
7642	65.973	67.432
7643	65.973	67.2774
7644	65.973	66.0734
7645	65.973	66.2171
7646	65.973	66.7775
7647	65.973	67.3729
7648	65.973	67.0068
7649	65.973	67.326
7650	65.973	67.349
7651	65.973	67.1031
7652	65.973	66.3375
7653	65.973	66.5404
7654	65.973	66.7432
7655	65.973	66.0269
7656	65.973	67.7932
7657	65.973	68.7359
7658	65.973	66.4477
7659	65.973	66.2826
7660	65.973	66.6272
7661	65.973	66.7439
7662	65.973	66.0712
7663	65.973	65.9801
7664	65.973	65.9991
7665	65.973	65.973
7666	65.973	65.973
7667	65.973	65.973
7668	65.973	66.3896
7669	65.973	66.2238
7670	65.973	65.973
7671	65.973	66.2547
7672	65.973	67.1784
7673	65.973	67.2322
7674	65.973	67.837
7675	65.973	67.6457
7676	65.973	67.2386
7677	65.973	68.1997
7678	65.973	66.5214
7679	65.973	66.3688
7680	65.973	66.2328
7681	65.973	66.6776
7682	65.973	67.5975
7683	65.973	66.506
7684	65.973	68.3505
7685	65.973	68.655
7686	65.973	68.4754
7687	65.973	68.8068
7688	65.973	67.1038
7689	65.973	66.9375
7690	65.973	67.3488
7691	65.973	68.3629
7692	65.973	69.7588
7693	65.973	66.6267
7694	65.973	66.8839
7695	65.973	67.9049
7696	65.973	68.7279
7697	65.973	67.2013
7698	65.973	66.4451
7699	65.973	66.9274
7700	65.973	67.2501
7701	65.973	67.2271
7702	65.973	68.1816
7703	65.973	66.4578
7704	65.973	67.2255
7705	65.973	66.6488
7706	65.973	65.973
7707	65.973	65.973
7708	65.973	66.0534
7709	65.973	66.0734
7710	65.973	65.973
7711	65.973	67.067
7712	65.973	66.249
7713	65.973	66.2711
7714	65.973	66.9738
7715	65.973	66.2118
7716	65.973	66.3713
7717	65.973	65.973
7718	65.973	65.973
7719	65.973	66.1721
7720	65.973	67.1036
7721	65.973	67.0598
7722	65.973	66.9385
7723	65.973	68.1185
7724	65.973	66.9765
7725	65.973	68.1169
7726	65.973	66.7704
7727	65.973	66.6551
7728	65.973	66.6168
7729	65.973	67.6011
7730	65.973	65.973
7731	65.973	66.121
7732	65.973	66.1706
7733	65.973	66.1761
7734	65.973	65.973
7735	65.973	65.973
7736	65.973	66.2092
7737	65.973	65.9845
7738	65.973	66.1362
7739	65.973	65.973
7740	65.973	65.973
7741	65.973	66.1588
7742	65.973	66.1806
7743	65.973	67.1606
7744	65.973	68.156
7745	65.973	66.6143
7746	65.973	66.0952
7747	65.973	66.1559
7748	65.973	66.9834
7749	65.973	68.4541
7750	65.973	67.8344
7751	65.973	68.5593
7752	65.973	68.9644
7753	65.973	68.0472
7754	65.973	67.7124
7755	65.973	67.2391
7756	65.973	66.7778
7757	65.973	66.187
7758	65.973	66.8854
7759	65.973	65.973
7760	65.973	66.0628
7761	65.973	66.1641
7762	65.973	65.973
7763	65.973	66.3028
7764	65.973	66.0166
7765	65.973	65.9899
7766	65.973	65.973
7767	65.973	65.973
7768	65.973	65.973
7769	65.973	65.973
7770	65.973	65.973
7771	65.973	66.5449
7772	65.973	66.0188
7773	65.973	66.266
7774	65.973	66.9777
7775	65.973	66.3848
7776	65.973	65.973
7777	65.973	67.2964
7778	65.973	66.7612
7779	65.973	66.2171
7780	65.973	66.6427
7781	65.973	66.7347
7782	65.973	66.734
7783	65.973	66.0814
7784	65.973	66.2322
7785	65.973	65.994
7786	65.973	66.3249
7787	65.973	67.4141
7788	65.973	67.7108
7789	65.973	66.7311
7790	65.973	67.3325
7791	65.973	66.3756
7792	65.973	66.1483
7793	65.973	67.2422
7794	65.973	65.973
7795	65.973	65.973
7796	65.973	66.3358
7797	65.973	66.497
7798	65.973	67.6099
7799	65.973	68.5658
7800	65.973	67.9837
7801	65.973	67.0467
7802	65.973	66.5981
7803	65.973	67.1432
7804	65.973	67.9022
7805	65.973	66.5291
7806	65.973	66.5038
7807	65.973	67.0221
7808	65.973	66.029
7809	65.973	66.1085
7810	65.973	66.5831
7811	65.973	66.2256
7812	65.973	66.2961
7813	65.973	67.1066
7814	65.973	66.2787
7815	65.973	66.2358
7816	65.973	66.9445
7817	65.973	67.8937
7818	65.973	67.7112
7819	65.973	67.1605
7820	65.973	65.9969
7821	65.973	66.025
7822	65.973	66.9471
7823	65.973	66.0535
7824	65.973	65.973
7825	65.973	66.0071
7826	65.973	65.9946
7827	65.973	67.0247
7828	65.973	66.7225
7829	65.973	66.2623
7830	65.973	66.3454
7831	65.973	66.8406
7832	65.973	65.973
7833	65.973	65.9862
7834	65.973	66.1162
7835	65.973	66.0317
7836	65.973	66.4805
7837	65.973	67.1805
7838	65.973	66.0199
7839	65.973	66.0984
7840	65.973	67.5824
7841	65.973	67.0825
7842	65.973	67.1573
7843	65.973	67.0394
7844	65.973	67.1313
7845	65.973	66.8615
7846	65.973	68.6622
7847	65.973	68.0564
7848	65.973	66.5448
7849	65.973	66.3622
7850	65.973	66.4508
7851	65.973	67.7571
7852	65.973	67.0614
7853	65.973	66.9781
7854	65.973	67.3529
7855	65.973	66.6549
7856	65.973	67.8349
7857	65.973	67.3972
7858	65.973	65.973
7859	65.973	65.973
7860	65.973	66.0192
7861	65.973	65.973
7862	65.973	66.0737
7863	65.973	65.973
7864	65.973	65.973
7865	65.973	66.3243
7866	65.973	66.2769
7867	65.973	66.8055
7868	65.973	66.0778
7869	65.973	66.3289
7870	65.973	66.1062
7871	65.973	66.0217
7872	65.973	66.0224
7873	65.973	66.7989
7874	65.973	69.0696
7875	65.973	68.355
7876	65.973	67.4173
7877	65.973	66.6351
7878	65.973	66.1907
7879	65.973	66.094
7880	65.973	66.0613
7881	65.973	66.1279
7882	65.973	65.9776
7883	65.973	65.973
7884	65.973	65.973
7885	65.973	66.248
7886	65.973	66.208
7887	65.973	66.247
7888	65.973	66.3282
7889	65.973	65.973
7890	65.973	65.973
7891	65.973	66.3724
7892	65.973	65.973
7893	65.973	65.973
7894	65.973	66.0133
7895	65.973	65.973
7896	65.973	65.996
7897	65.973	66.5321
7898	65.973	67.6655
7899	65.973	67.4134
7900	65.973	66.8546
7901	65.973	67.2019
7902	65.973	66.5544
7903	65.973	66.5611
7904	65.973	66.8582
7905	65.973	67.7377
7906	65.973	67.9423
7907	65.973	67.8685
7908	65.973	68.0055
7909	65.973	68.1719
7910	65.973	67.8106
7911	65.973	68.2644
7912	65.973	66.5063
7913	65.973	66.4508
7914	65.973	66.1187
7915	65.973	66.0888
7916	65.973	66.109
7917	65.973	65.973
7918	65.973	65.973
7919	65.973	65.973
7920	65.973	66.1162
7921	65.973	67.4541
7922	65.973	66.8403
7923	65.973	66.2989
7924	65.973	66.1579
7925	65.973	66.5395
7926	65.973	66.7016
7927	65.973	67.0982
7928	65.973	67.431
7929	65.973	66.7037
7930	65.973	66.3227
7931	65.973	66.0217
7932	65.973	66.1255
7933	65.973	65.973
7934	65.973	65.973
7935	65.973	66.9803
7936	65.973	66.3528
7937	65.973	66.5329
7938	65.973	65.973
7939	65.973	65.9853
7940	65.973	66.9285
7941	65.973	67.202
7942	65.973	67.2099
7943	65.973	66.6587
7944	65.973	65.9901
7945	65.973	66.1909
7946	65.973	67.1799
7947	65.973	66.2671
7948	65.973	66.2616
7949	65.973	67.0162
7950	65.973	67.841
7951	65.973	66.8456
7952	65.973	67.132
7953	65.973	66.3779
7954	65.973	65.973
7955	65.973	65.973
7956	65.973	66.3298
7957	65.973	66.0312
7958	65.973	66.9318
7959	65.973	65.973
7960	65.973	66.4332
7961	65.973	66.3403
7962	65.973	66.7414
7963	65.973	66.9909
7964	65.973	66.2876
7965	65.973	66.0854
7966	65.973	66.617
7967	65.973	65.9821
7968	65.973	66.1011
7969	65.973	66.0709
7970	65.973	65.973
7971	65.973	66.5032
7972	65.973	66.1567
7973	65.973	66.5535
7974	65.973	66.5225
7975	65.973	66.5638
7976	65.973	66.343
7977	65.973	67.1101
7978	65.973	67.5271
7979	65.973	67.8294
7980	65.973	66.831
7981	65.973	66.6602
7982	65.973	68.2055
7983	65.973	66.7629
7984	65.973	66.782
7985	65.973	66.8166
7986	65.973	66.1866
7987	65.973	66.7004
7988	65.973	66.4847
7989	65.973	65.973
7990	65.973	66.0981
7991	65.973	66.6029
7992	65.973	67.2458
7993	65.973	67.0206
7994	65.973	66.2302
7995	65.973	65.9939
7996	65.973	65.973
7997	65.973	65.973
7998	65.973	65.973
7999	65.973	65.973
8000	65.973	65.973
8001	65.973	65.973
8002	65.973	65.973
8003	65.973	66.3209
8004	65.973	65.9977
8005	65.973	65.973
8006	65.973	66.2277
8007	65.973	66.9816
8008	65.973	66.7002
8009	65.973	66.6395
8010	65.973	66.0121
8011	65.973	65.973
8012	65.973	66.3843
8013	65.973	67.4978
8014	65.973	66.6169
8015	65.973	67.2768
8016	65.973	67.6053
8017	65.973	67.0482
8018	65.973	66.8911
8019	65.973	66.0755
8020	65.973	66.0616
8021	65.973	66.1203
8022	65.973	66.4346
8023	65.973	66.8147
8024	65.973	66.2774
8025	65.973	66.0339
8026	65.973	66.6332
8027	65.973	67.47
8028	65.973	66.7169
8029	65.973	65.9853
8030	65.973	66.0168
8031	65.973	67.2846
8032	65.973	66.8191
8033	65.973	66.6688
8034	65.973	68.963
8035	65.973	66.9515
8036	65.973	66.8341
8037	65.973	66.9065
8038	65.973	65.973
8039	65.973	66.02
8040	65.973	66.3076
8041	65.973	65.973
8042	65.973	65.973
8043	65.973	65.973
8044	65.973	65.973
8045	65.973	65.973
8046	65.973	65.973
8047	65.973	65.973
8048	65.973	65.973
8049	65.973	66.0184
8050	65.973	66.254
8051	65.973	66.6966
8052	65.973	66.0659
8053	65.973	66.0141
8054	65.973	66.638
8055	65.973	67.3458
8056	65.973	67.218
8057	65.973	66.6867
8058	65.973	67.8964
8059	65.973	67.0485
8060	65.973	67.8591
8061	65.973	66.3319
8062	65.973	65.973
8063	65.973	65.9901
8064	65.973	66.4757
8065	65.973	67.632
8066	65.973	67.3362
8067	65.973	67.7072
8068	65.973	66.8906
8069	65.973	67.4754
8070	65.973	66.8466
8071	65.973	66.657
8072	65.973	67.0148
8073	65.973	66.2602
8074	65.973	65.9832
8075	65.973	66.0003
8076	65.973	66.1443
8077	65.973	66.1652
8078	65.973	66.4541
8079	65.973	66.1711
8080	65.973	66.0763
8081	65.973	65.973
8082	65.973	65.973
8083	65.973	65.973
8084	65.973	66.0296
8085	65.973	65.973
8086	65.973	65.973
8087	65.973	65.973
8088	65.973	65.973
8089	65.973	65.973
8090	65.973	66.0246
8091	65.973	65.973
8092	65.973	66.4704
8093	65.973	66.2527
8094	65.973	68.2418
8095	65.973	66.9087
8096	65.973	66.0095
8097	65.973	66.9792
8098	65.973	67.1668
8099	65.973	67.5598
8100	65.973	65.9805
8101	65.973	68.2685
8102	65.973	67.9203
8103	65.973	67.39
8104	65.973	67.299
8105	65.973	66.3878
8106	65.973	65.9849
8107	65.973	66.3858
8108	65.973	66.2925
8109	65.973	66.0033
8110	65.973	66.0884
8111	65.973	66.6274
8112	65.973	66.5301
8113	65.973	66.0678
8114	65.973	66.2307
8115	65.973	66.8678
8116	65.973	67.9816
8117	65.973	65.973
8118	65.973	66.0538
8119	65.973	66.2273
8120	65.973	66.5418
8121	65.973	66.4781
8122	65.973	65.9818
8123	65.973	66.7299
8124	65.973	66.8031
8125	65.973	66.0051
8126	65.973	65.973
8127	65.973	65.973
8128	65.973	66.5186
8129	65.973	66.6969
8130	65.973	66.5359
8131	65.973	66.4355
8132	65.973	67.8874
8133	65.973	67.378
8134	65.973	68.4449
8135	65.973	66.5183
8136	65.973	66.296
8137	65.973	66.8163
8138	65.973	67.8522
8139	65.973	66.6271
8140	65.973	66.5891
8141	65.973	66.5817
8142	65.973	66.7344
8143	65.973	67.0838
8144	65.973	66.5418
8145	65.973	66.1024
8146	65.973	66.4415
8147	65.973	66.3006
8148	65.973	66.2996
8149	65.973	66.0966
8150	65.973	66.0057
8151	65.973	66.3999
8152	65.973	66.2538
8153	65.973	66.0393
8154	65.973	66.3911
8155	65.973	66.0497
8156	65.973	66.2657
8157	65.973	66.3325
8158	65.973	65.973
8159	65.973	65.973
8160	65.973	65.9956
8161	65.973	66.1078
8162	65.973	65.9939
8163	65.973	66.9458
8164	65.973	68.3299
8165	65.973	66.7301
8166	65.973	67.1615
8167	65.973	66.354
8168	65.973	66.6248
8169	65.973	66.3245
8170	65.973	65.973
8171	65.973	65.9755
8172	65.973	66.0538
8173	65.973	66.0071
8174	65.973	65.9848
8175	65.973	66.2567
8176	65.973	66.4305
8177	65.973	66.396
8178	65.973	66.5132
8179	65.973	68.6012
8180	65.973	69.831
8181	65.973	67.9155
8182	65.973	67.9432
8183	65.973	68.6683
8184	65.973	67.0464
8185	65.973	66.2994
8186	65.973	65.973
8187	65.973	66.0456
8188	65.973	66.9142
8189	65.973	66.3554
8190	65.973	66.4142
8191	65.973	66.607
8192	65.973	66.4285
8193	65.973	67.0323
8194	65.973	66.8644
8195	65.973	66.6785
8196	65.973	66.9153
8197	65.973	67.8798
8198	65.973	67.0827
8199	65.973	66.8779
8200	65.973	67.1582
8201	65.973	67.7434
8202	65.973	65.973
8203	65.973	66.0488
8204	65.973	65.973
8205	65.973	66.0046
8206	65.973	66.0158
8207	65.973	66.0764
8208	65.973	66.2419
8209	65.973	66.4318
8210	65.973	67.5601
8211	65.973	66.4614
8212	65.973	68.2603
8213	65.973	66.2925
8214	65.973	66.6527
8215	65.973	66.1563
8216	65.973	66.0113
8217	65.973	66.005
8218	65.973	65.973
8219	65.973	65.973
8220	65.973	65.973
8221	65.973	66.0135
8222	65.973	65.9926
8223	65.973	66.173
8224	65.973	66.0897
8225	65.973	65.973
8226	65.973	65.973
8227	65.973	65.973
8228	65.973	65.973
8229	65.973	65.973
8230	65.973	65.973
8231	65.973	65.973
8232	65.973	66.0009
8233	65.973	66.0848
8234	65.973	66.3166
8235	65.973	66.1708
8236	65.973	65.9919
8237	65.973	66.1065
8238	65.973	66.0393
8239	65.973	66.466
8240	65.973	66.8963
8241	65.973	67.5716
8242	65.973	67.3481
8243	65.973	69.208
8244	65.973	69.6469
8245	65.973	67.8577
8246	65.973	67.749
8247	65.973	67.4084
8248	65.973	66.7209
8249	65.973	66.2806
8250	65.973	66.1219
8251	65.973	66.035
8252	65.973	66.2055
8253	65.973	67.1596
8254	65.973	68.4617
8255	65.973	68.1183
8256	65.973	66.0307
8257	65.973	66.1214
8258	65.973	66.4102
8259	65.973	65.9977
8260	65.973	66.1107
8261	65.973	66.0069
8262	65.973	66.7566
8263	65.973	66.9524
8264	65.973	69.0823
8265	65.973	68.5264
8266	65.973	67.682
8267	65.973	66.8874
8268	65.973	67.8011
8269	65.973	67.4119
8270	65.973	68.0788
8271	65.973	67.0113
8272	65.973	66.3015
8273	65.973	67.7516
8274	65.973	69.7757
8275	65.973	67.8648
8276	65.973	66.4709
8277	65.973	67.1238
8278	65.973	66.9598
8279	65.973	66.3128
8280	65.973	66.6414
8281	65.973	66.9701
8282	65.973	66.3346
8283	65.973	67.1831
8284	65.973	66.8967
8285	65.973	67.8608
8286	65.973	68.4545
8287	65.973	66.9338
8288	65.973	66.6582
8289	65.973	66.4869
8290	65.973	66.8756
8291	65.973	66.3855
8292	65.973	66.9619
8293	65.973	67.0894
8294	65.973	66.744
8295	65.973	67.5199
8296	65.973	67.686
8297	65.973	66.6988
8298	65.973	66.0264
8299	65.973	66.3992
8300	65.973	66.5415
8301	65.973	66.37
8302	65.973	66.1155
8303	65.973	66.5601
8304	65.973	66.7742
8305	65.973	67.3225
8306	65.973	67.619
8307	65.973	70.104
8308	65.973	67.9683
8309	65.973	67.8238
8310	65.973	68.3915
8311	65.973	65.9742
8312	65.973	66.3113
8313	65.973	66.2441
8314	65.973	68.5264
8315	65.973	67.1249
8316	65.973	66.3499
8317	65.973	65.973
8318	65.973	65.973
8319	65.973	65.973
8320	65.973	65.973
8321	65.973	66.5061
8322	65.973	66.4966
8323	65.973	67.7642
8324	65.973	66.8005
8325	65.973	67.3343
8326	65.973	67.5288
8327	65.973	67.4068
8328	65.973	67.5306
8329	65.973	67.562
8330	65.973	65.973
8331	65.973	66.0454
8332	65.973	66.1017
8333	65.973	67.0175
8334	65.973	65.9908
8335	65.973	65.9908
8336	65.973	66.4083
8337	65.973	66.7726
8338	65.973	66.8208
8339	65.973	66.3568
8340	65.973	65.973
8341	65.973	65.973
8342	65.973	66.2294
8343	65.973	65.973
8344	65.973	66.0664
8345	65.973	66.2301
8346	65.973	66.4218
8347	65.973	66.1234
8348	65.973	66.8097
8349	65.973	66.892
8350	65.973	68.0587
8351	65.973	67.0932
8352	65.973	67.8022
8353	65.973	67.7858
8354	65.973	67.4858
8355	65.973	65.9902
8356	65.973	65.9935
8357	65.973	66.799
8358	65.973	66.4265
8359	65.973	66.1734
8360	65.973	66.0483
8361	65.973	67.3168
8362	65.973	66.5539
8363	65.973	66.2515
8364	65.973	66.7556
8365	65.973	66.7013
8366	65.973	66.4346
8367	65.973	66.2089
8368	65.973	66.2981
8369	65.973	66.7884
8370	65.973	66.414
8371	65.973	66.2555
8372	65.973	67.2786
8373	65.973	67.1897
8374	65.973	66.1083
8375	65.973	65.973
8376	65.973	65.973
8377	65.973	65.973
8378	65.973	65.973
8379	65.973	65.973
8380	65.973	65.973
8381	65.973	65.973
8382	65.973	66.5104
8383	65.973	66.1445
8384	65.973	67.2824
8385	65.973	67.0455
8386	65.973	66.9005
8387	65.973	66.2196
8388	65.973	67.2807
8389	65.973	66.6451
8390	65.973	66.8701
8391	65.973	67.1847
8392	65.973	68.027
8393	65.973	67.3268
8394	65.973	67.1564
8395	65.973	66.0435
8396	65.973	65.9792
8397	65.973	66.4338
8398	65.973	67.2637
8399	65.973	66.0987
8400	65.973	66.7072
8401	65.973	66.0118
8402	65.973	65.973
8403	65.973	66.4432
8404	65.973	66.4168
8405	65.973	66.607
8406	65.973	66.2111
8407	65.973	65.973
8408	65.973	65.973
8409	65.973	66.1613
8410	65.973	65.9902
8411	65.973	66.0779
8412	65.973	66.0359
8413	65.973	65.973
8414	65.973	65.973
8415	65.973	66.0163
8416	65.973	66.426
8417	65.973	66.3766
8418	65.973	67.449
8419	65.973	68.7266
8420	65.973	69.6267
8421	65.973	68.5396
8422	65.973	67.0911
8423	65.973	66.0071
8424	65.973	65.9758
8425	65.973	65.973
8426	65.973	65.973
8427	65.973	65.973
8428	65.973	66.0998
8429	65.973	66.1984
8430	65.973	66.3252
8431	65.973	66.2094
8432	65.973	66.1281
8433	65.973	66.3109
8434	65.973	67.5374
8435	65.973	66.2505
8436	65.973	66.7016
8437	65.973	66.0167
8438	65.973	66.2524
8439	65.973	66.0248
8440	65.973	65.973
8441	65.973	66.0811
8442	65.973	67.5085
8443	65.973	66.6528
8444	65.973	67.0789
8445	65.973	67.8223
8446	65.973	66.415
8447	65.973	65.973
8448	65.973	66.0637
8449	65.973	67.3748
8450	65.973	67.6579
8451	65.973	66.6173
8452	65.973	66.9148
8453	65.973	66.3191
8454	65.973	65.973
8455	65.973	66.2422
8456	65.973	65.973
8457	65.973	65.973
8458	65.973	66.0523
8459	65.973	66.4649
8460	65.973	67.5216
8461	65.973	66.307
8462	65.973	67.3026
8463	65.973	67.3954
8464	65.973	66.8539
8465	65.973	66.5438
8466	65.973	67.5064
8467	65.973	66.5345
8468	65.973	66.3084
8469	65.973	66.5652
8470	65.973	66.4646
8471	65.973	66.2961
8472	65.973	65.973
8473	65.973	65.973
8474	65.973	66.897
8475	65.973	66.0385
8476	65.973	65.9801
8477	65.973	67.6127
8478	65.973	66.8691
8479	65.973	67.0739
8480	65.973	66.7404
8481	65.973	67.0773
8482	65.973	67.6645
8483	65.973	69.0055
8484	65.973	68.2875
8485	65.973	66.2422
8486	65.973	66.2136
8487	65.973	65.9997
8488	65.973	67.0451
8489	65.973	65.973
8490	65.973	67.2722
8491	65.973	67.6189
8492	65.973	66.5973
8493	65.973	66.2616
8494	65.973	65.973
8495	65.973	66.0857
8496	65.973	66.2521
8497	65.973	66.1989
8498	65.973	65.973
8499	65.973	66.5732
8500	65.973	66.5858
8501	65.973	65.973
8502	65.973	66.211
8503	65.973	66.0886
8504	65.973	66.2919
8505	65.973	66.0556
8506	65.973	66.0562
8507	65.973	65.9901
8508	65.973	66.0219
8509	65.973	65.973
8510	65.973	66.3318
8511	65.973	66.9204
8512	65.973	66.6256
8513	65.973	67.1328
8514	65.973	67.1331
8515	65.973	66.7003
8516	65.973	67.4191
8517	65.973	67.2525
8518	65.973	66.4255
8519	65.973	66.8459
8520	65.973	66.24
8521	65.973	65.973
8522	65.973	66.2625
8523	65.973	66.2851
8524	65.973	66.1519
8525	65.973	66.0133
8526	65.973	66.4852
8527	65.973	66.3052
8528	65.973	66.3646
8529	65.973	67.6823
8530	65.973	66.3177
8531	65.973	66.0702
8532	65.973	66.6129
8533	65.973	66.8102
8534	65.973	67.2642
8535	65.973	66.6149
8536	65.973	67.5662
8537	65.973	66.9092
8538	65.973	66.3494
8539	65.973	65.973
8540	65.973	66.8195
8541	65.973	68.2353
8542	65.973	67.4575
8543	65.973	66.7893
8544	65.973	67.3649
8545	65.973	67.5098
8546	65.973	67.3487
8547	65.973	66.2253
8548	65.973	66.7496
8549	65.973	66.0296
8550	65.973	66.4179
8551	65.973	66.6547
8552	65.973	67.1908
8553	65.973	66.6878
8554	65.973	67.2487
8555	65.973	66.8857
8556	65.973	66.7293
8557	65.973	66.3201
8558	65.973	66.4366
8559	65.973	66.478
8560	65.973	66.367
8561	65.973	66.0893
8562	65.973	66.2771
8563	65.973	65.973
8564	65.973	65.9966
8565	65.973	66.5392
8566	65.973	66.7289
8567	65.973	66.0615
8568	65.973	66.4186
8569	65.973	66.6196
8570	65.973	68.9845
8571	65.973	69.7332
8572	65.973	68.7502
8573	65.973	67.5947
8574	65.973	66.3874
8575	65.973	65.9766
8576	65.973	65.9871
8577	65.973	66.097
8578	65.973	66.2613
8579	65.973	66.4633
8580	65.973	66.7691
8581	65.973	67.7107
8582	65.973	67.3277
8583	65.973	66.591
8584	65.973	66.6608
8585	65.973	66.9592
8586	65.973	67.2825
8587	65.973	66.2861
8588	65.973	66.7847
8589	65.973	66.8657
8590	65.973	66.8958
8591	65.973	66.5103
8592	65.973	66.8344
8593	65.973	67.8898
8594	65.973	66.6223
8595	65.973	68.1574
8596	65.973	66.8208
8597	65.973	65.9999
8598	65.973	67.5336
8599	65.973	66.9596
8600	65.973	67.0714
8601	65.973	66.5287
8602	65.973	66.4898
8603	65.973	65.973
8604	65.973	66.2793
8605	65.973	66.4007
8606	65.973	66.7489
8607	65.973	65.973
8608	65.973	65.973
8609	65.973	65.973
8610	65.973	65.973
8611	65.973	65.973
8612	65.973	65.973
8613	65.973	65.9938
8614	65.973	66.0031
8615	65.973	66.1438
8616	65.973	66.8523
8617	65.973	68.3557
8618	65.973	66.7475
8619	65.973	66.0355
8620	65.973	65.973
8621	65.973	66.0559
8622	65.973	65.983
8623	65.973	66.0394
8624	65.973	66.5388
8625	65.973	68.1935
8626	65.973	67.362
8627	65.973	66.5866
8628	65.973	67.5479
8629	65.973	68.4292
8630	65.973	66.4761
8631	65.973	65.973
8632	65.973	66.0324
8633	65.973	66.149
8634	65.973	66.2941
8635	65.973	66.7625
8636	65.973	66.7534
8637	65.973	68.8271
8638	65.973	67.2345
8639	65.973	66.9439
8640	65.973	69.1146
8641	65.973	68.0628
8642	65.973	66.8534
8643	65.973	67.4559
8644	65.973	67.3729
8645	65.973	66.5647
8646	65.973	66.0829
8647	65.973	66.2909
8648	65.973	67.2459
8649	65.973	67.2084
8650	65.973	66.4212
8651	65.973	65.9997
8652	65.973	66.347
8653	65.973	66.0446
8654	65.973	65.9805
8655	65.973	65.973
8656	65.973	66.1404
8657	65.973	67.9295
8658	65.973	67.9177
8659	65.973	66.3719
8660	65.973	66.878
8661	65.973	66.1977
8662	65.973	66.5426
8663	65.973	66.2554
8664	65.973	66.0072
8665	65.973	66.2476
8666	65.973	66.2659
8667	65.973	66.135
8668	65.973	67.1275
8669	65.973	67.9247
8670	65.973	68.3457
8671	65.973	67.0331
8672	65.973	66.2652
8673	65.973	66.6178
8674	65.973	67.096
8675	65.973	66.4899
8676	65.973	66.5189
8677	65.973	66.0161
8678	65.973	65.973
8679	65.973	66.725
8680	65.973	66.7177
8681	65.973	67.0412
8682	65.973	66.6195
8683	65.973	66.0605
8684	65.973	65.973
8685	65.973	66.1041
8686	65.973	66.6151
8687	65.973	67.6291
8688	65.973	67.4078
8689	65.973	67.1247
8690	65.973	66.9479
8691	65.973	66.394
8692	65.973	66.3558
8693	65.973	66.0034
8694	65.973	66.6144
8695	65.973	67.4588
8696	65.973	66.7912
8697	65.973	66.4169
8698	65.973	66.23
8699	65.973	66.0806
8700	65.973	66.2829
8701	65.973	66.4977
8702	65.973	66.0562
8703	65.973	67.0402
8704	65.973	66.6196
8705	65.973	67.3972
8706	65.973	67.9579
8707	65.973	67.1034
8708	65.973	66.6559
8709	65.973	67.7144
8710	65.973	66.7707
8711	65.973	66.1204
8712	65.973	65.9908
8713	65.973	66.7879
8714	65.973	66.5091
8715	65.973	66.4432
8716	65.973	66.8944
8717	65.973	65.973
8718	65.973	65.973
8719	65.973	65.973
8720	65.973	67.1766
8721	65.973	66.7608
8722	65.973	66.1639
8723	65.973	65.973
8724	65.973	66.3468
8725	65.973	66.8204
8726	65.973	65.9777
8727	65.973	67.1075
8728	65.973	67.3018
8729	65.973	67.0282
8730	65.973	67.3463
8731	65.973	66.0706
8732	65.973	66.383
8733	65.973	66.4753
8734	65.973	66.5307
8735	65.973	67.656
8736	65.973	67.2621
8737	65.973	66.7807
8738	65.973	68.0388
8739	65.973	67.5734
8740	65.973	66.6271
8741	65.973	66.3061
8742	65.973	66.7839
8743	65.973	66.4602
8744	65.973	66.5271
8745	65.973	66.5897
8746	65.973	65.973
8747	65.973	66.8442
8748	65.973	67.1694
8749	65.973	69.1368
8750	65.973	67.8898
8751	65.973	68.3538
8752	65.973	67.9085
8753	65.973	67.9997
8754	65.973	66.2316
8755	65.973	66.1297
8756	65.973	67.0576
8757	65.973	67.0862
8758	65.973	66.0235
8759	65.973	66.22
8760	65.973	66.5692
8761	65.973	66.8823
8762	65.973	66.6809
8763	65.973	66.46
8764	65.973	66.7423
8765	65.973	66.0063
8766	65.973	65.973
8767	65.973	65.973
8768	65.973	65.9877
8769	65.973	65.973
8770	65.973	66.0574
8771	65.973	66.266
8772	65.973	66.2755
8773	65.973	65.973
8774	65.973	66.0456
8775	65.973	66.3908
8776	65.973	66.0938
8777	65.973	66.4081
8778	65.973	65.973
8779	65.973	65.973
8780	65.973	66.0173
8781	65.973	66.1835
8782	65.973	66.2908
8783	65.973	69.0282
8784	65.973	68.5463
8785	65.973	70.2525
8786	65.973	67.3727
8787	65.973	66.6556
8788	65.973	66.0382
8789	65.973	65.973
8790	65.973	65.973
8791	65.973	65.973
8792	65.973	65.973
8793	65.973	65.973
8794	65.973	65.973
8795	65.973	66.1267
8796	65.973	67.4289
8797	65.973	66.1343
8798	65.973	65.9973
8799	65.973	65.9885
8800	65.973	65.973
8801	65.973	65.973
8802	65.973	67.7712
8803	65.973	68.817
8804	65.973	67.2322
8805	65.973	69.0393
8806	65.973	68.8287
8807	65.973	67.632
8808	65.973	69.2463
8809	65.973	68.7995
8810	65.973	66.7439
8811	65.973	66.4565
8812	65.973	66.2999
8813	65.973	66.7262
8814	65.973	66.6197
8815	65.973	68.1483
8816	65.973	66.9326
8817	65.973	66.3367
8818	65.973	66.1863
8819	65.973	65.9826
8820	65.973	65.973
8821	65.973	66.6339
8822	65.973	65.9772
8823	65.973	66.4682
8824	65.973	66.5568
8825	65.973	65.9773
8826	65.973	66.132
8827	65.973	66.2839
8828	65.973	66.0874
8829	65.973	67.4762
8830	65.973	68.1155
8831	65.973	69.6299
8832	65.973	67.6799
8833	65.973	66.4755
8834	65.973	67.1785
8835	65.973	66.8968
8836	65.973	67.6113
8837	65.973	67.1421
8838	65.973	67.7837
8839	65.973	67.4933
8840	65.973	68.2603
8841	65.973	68.2978
8842	65.973	67.0522
8843	65.973	66.3588
8844	65.973	67.2084
8845	65.973	66.1727
8846	65.973	66.289
8847	65.973	66.4362
8848	65.973	66.07
8849	65.973	66.0595
8850	65.973	66.1628
8851	65.973	66.1249
8852	65.973	66.1069
8853	65.973	66.2639
8854	65.973	66.2528
8855	65.973	66.3734
8856	65.973	66.1739
8857	65.973	65.973
8858	65.973	65.973
8859	65.973	65.973
8860	65.973	65.973
8861	65.973	65.973
8862	65.973	66.2743
8863	65.973	66.1313
8864	65.973	66.0044
8865	65.973	65.973
8866	65.973	65.973
8867	65.973	65.973
8868	65.973	66.6751
8869	65.973	67.0866
8870	65.973	67.3158
8871	65.973	67.3246
8872	65.973	66.5062
8873	65.973	67.7888
8874	65.973	67.1709
8875	65.973	66.4511
8876	65.973	68.8201
8877	65.973	68.9216
8878	65.973	67.07
8879	65.973	67.5152
8880	65.973	66.5305
8881	65.973	66.2519
8882	65.973	66.4192
8883	65.973	65.973
8884	65.973	65.973
8885	65.973	65.973
8886	65.973	65.973
8887	65.973	65.973
8888	65.973	66.5397
8889	65.973	66.5464
8890	65.973	67.361
8891	65.973	66.3188
8892	65.973	66.8168
8893	65.973	66.2412
8894	65.973	66.1621
8895	65.973	66.1779
8896	65.973	66.0852
8897	65.973	67.6852
8898	65.973	67.1111
8899	65.973	67.988
8900	65.973	67.6211
8901	65.973	67.3222
8902	65.973	68.3844
8903	65.973	66.3361
8904	65.973	65.9853
8905	65.973	67.2616
8906	65.973	66.3925
8907	65.973	66.2278
8908	65.973	66.2763
8909	65.973	66.2585
8910	65.973	66.5443
8911	65.973	65.973
8912	65.973	65.973
8913	65.973	66.1994
8914	65.973	67.0646
8915	65.973	67.1388
8916	65.973	66.5024
8917	65.973	66.4087
8918	65.973	66.5494
8919	65.973	68.7304
8920	65.973	68.4466
8921	65.973	66.2093
8922	65.973	66.0092
8923	65.973	65.984
8924	65.973	66.0165
8925	65.973	65.9935
8926	65.973	66.1362
8927	65.973	67.0363
8928	65.973	66.7458
8929	65.973	67.8813
8930	65.973	66.8316
8931	65.973	66.5086
8932	65.973	66.0817
8933	65.973	65.973
8934	65.973	66.416
8935	65.973	66.5077
8936	65.973	68.0294
8937	65.973	67.1247
8938	65.973	67.1244
8939	65.973	67.1345
8940	65.973	66.5517
8941	65.973	66.8061
8942	65.973	66.2661
8943	65.973	66.1202
8944	65.973	66.2123
8945	65.973	65.9849
8946	65.973	65.973
8947	65.973	66.1059
8948	65.973	66.7309
8949	65.973	66.4031
8950	65.973	67.4086
8951	65.973	66.4511
8952	65.973	67.0424
8953	65.973	66.8299
8954	65.973	66.5946
8955	65.973	66.6589
8956	65.973	67.7747
8957	65.973	67.6267
8958	65.973	68.2896
8959	65.973	68.5598
8960	65.973	67.5897
8961	65.973	66.8624
8962	65.973	66.3524
8963	65.973	66.8801
8964	65.973	66.7276
8965	65.973	67.5917
8966	65.973	66.4148
8967	65.973	65.973
8968	65.973	66.2292
8969	65.973	66.1631
8970	65.973	65.9866
8971	65.973	67.7499
8972	65.973	66.575
8973	65.973	68.0402
8974	65.973	69.2615
8975	65.973	67.1827
8976	65.973	66.5251
8977	65.973	66.5443
8978	65.973	66.2264
8979	65.973	66.6472
8980	65.973	67.4063
8981	65.973	66.5063
8982	65.973	68.3695
8983	65.973	67.9293
8984	65.973	66.2713
8985	65.973	66.063
8986	65.973	66.6263
8987	65.973	66.8607
8988	65.973	67.1255
8989	65.973	67.2519
8990	65.973	67.0836
8991	65.973	66.4997
8992	65.973	66.001
8993	65.973	65.9902
8994	65.973	65.973
8995	65.973	66.6763
8996	65.973	66.0067
8997	65.973	66.1497
8998	65.973	66.7644
8999	65.973	66.2908
9000	65.973	66.0743
9001	65.973	66.711
9002	65.973	66.5585
9003	65.973	66.1972
9004	65.973	66.4188
9005	65.973	66.3365
9006	65.973	66.2181
9007	65.973	66.0211
9008	65.973	66.0118
9009	65.973	66.633
9010	65.973	66.5387
9011	65.973	66.0281
9012	65.973	66.4741
9013	65.973	66.2486
9014	65.973	65.973
9015	65.973	65.9936
9016	65.973	66.4021
9017	65.973	66.2183
9018	65.973	65.973
9019	65.973	65.973
9020	65.973	65.973
9021	65.973	66.0014
9022	65.973	66.0014
9023	65.973	66.4212
9024	65.973	66.2316
9025	65.973	66.4044
9026	65.973	68.1355
9027	65.973	66.9888
9028	65.973	66.6478
9029	65.973	66.3186
9030	65.973	66.2794
9031	65.973	66.3851
9032	65.973	66.0959
9033	65.973	66.2447
9034	65.973	66.3445
9035	65.973	66.1415
9036	65.973	66.2152
9037	65.973	66.6952
9038	65.973	66.6003
9039	65.973	67.0722
9040	65.973	66.77
9041	65.973	68.0788
9042	65.973	66.7585
9043	65.973	66.3973
9044	65.973	66.2278
9045	65.973	65.973
9046	65.973	65.973
9047	65.973	65.973
9048	65.973	66.02
9049	65.973	66.4639
9050	65.973	66.787
9051	65.973	67.7484
9052	65.973	67.5431
9053	65.973	69.9697
9054	65.973	69.2011
9055	65.973	69.6741
9056	65.973	67.3113
9057	65.973	66.9209
9058	65.973	68.5989
9059	65.973	67.5834
9060	65.973	67.5903
9061	65.973	67.0502
9062	65.973	69.2451
9063	65.973	68.4057
9064	65.973	69.5701
9065	65.973	68.474
9066	65.973	70.6286
9067	65.973	68.361
9068	65.973	67.9345
9069	65.973	67.8861
9070	65.973	67.619
9071	65.973	66.8354
9072	65.973	67.7664
9073	65.973	66.0078
9074	65.973	66.5221
9075	65.973	66.0434
9076	65.973	66.5835
9077	65.973	65.973
9078	65.973	65.973
9079	65.973	66.0037
9080	65.973	67.4905
9081	65.973	66.4342
9082	65.973	67.2932
9083	65.973	67.2844
9084	65.973	67.4619
9085	65.973	68.9912
9086	65.973	66.116
9087	65.973	65.973
9088	65.973	66.0004
9089	65.973	66.0492
9090	65.973	66.1637
9091	65.973	66.4793
9092	65.973	66.3831
9093	65.973	66.175
9094	65.973	65.973
9095	65.973	65.973
9096	65.973	65.9907
9097	65.973	67.1745
9098	65.973	66.4911
9099	65.973	66.196
9100	65.973	66.0137
9101	65.973	68.7896
9102	65.973	68.7998
9103	65.973	68.2744
9104	65.973	67.3718
9105	65.973	66.1469
9106	65.973	67.0941
9107	65.973	66.8671
9108	65.973	67.2783
9109	65.973	68.3056
9110	65.973	68.3818
9111	65.973	67.7442
9112	65.973	67.5533
9113	65.973	68.7324
9114	65.973	69.1689
9115	65.973	67.4998
9116	65.973	66.8095
9117	65.973	66.0218
9118	65.973	66.4947
9119	65.973	67.8103
9120	65.973	66.9909
9121	65.973	66.1207
9122	65.973	67.1935
9123	65.973	67.2954
9124	65.973	66.0268
9125	65.973	67.3229
9126	65.973	66.0007
9127	65.973	66.9111
9128	65.973	67.5617
9129	65.973	65.973
9130	65.973	65.9878
9131	65.973	66.0049
9132	65.973	66.7326
9133	65.973	67.5254
9134	65.973	66.5661
9135	65.973	66.3637
9136	65.973	67.1533
9137	65.973	66.0377
9138	65.973	66.1268
9139	65.973	67.1211
9140	65.973	66.0732
9141	65.973	66.1192
9142	65.973	66.1287
9143	65.973	65.9775
9144	65.973	65.9775
9145	65.973	65.973
9146	65.973	66.4188
9147	65.973	66.2905
9148	65.973	66.3523
9149	65.973	65.9772
9150	65.973	65.9845
9151	65.973	65.973
9152	65.973	66.5721
9153	65.973	66.452
9154	65.973	65.9742
9155	65.973	65.973
9156	65.973	66.4965
9157	65.973	66.5431
9158	65.973	66.0549
9159	65.973	66.106
9160	65.973	66.3416
9161	65.973	66.7636
9162	65.973	67.397
9163	65.973	66.2129
9164	65.973	65.973
9165	65.973	65.973
9166	65.973	65.973
9167	65.973	65.973
9168	65.973	65.973
9169	65.973	65.973
9170	65.973	66.2341
9171	65.973	67.4642
9172	65.973	66.0545
9173	65.973	66.0247
9174	65.973	65.973
9175	65.973	65.9817
9176	65.973	67.2101
9177	65.973	66.0668
9178	65.973	66.432
9179	65.973	66.1816
9180	65.973	66.081
9181	65.973	66.3526
9182	65.973	66.0757
9183	65.973	66.1433
9184	65.973	67.006
9185	65.973	67.3676
9186	65.973	66.9191
9187	65.973	66.7791
9188	65.973	68.7201
9189	65.973	66.8495
9190	65.973	66.0282
9191	65.973	66.4229
9192	65.973	66.1567
9193	65.973	66.5349
9194	65.973	66.266
9195	65.973	66.128
9196	65.973	66.0597
9197	65.973	66.276
9198	65.973	66.3835
9199	65.973	68.1415
9200	65.973	68.2827
9201	65.973	67.2384
9202	65.973	66.7375
9203	65.973	66.9277
9204	65.973	67.0586
9205	65.973	67.1947
9206	65.973	67.0296
9207	65.973	66.4975
9208	65.973	66.0741
9209	65.973	66.019
9210	65.973	65.9841
9211	65.973	65.973
9212	65.973	66.1556
9213	65.973	66.0917
9214	65.973	66.4514
9215	65.973	67.4159
9216	65.973	68.2141
9217	65.973	67.3811
9218	65.973	66.1494
9219	65.973	66.6809
9220	65.973	65.973
9221	65.973	66.2278
9222	65.973	67.3348
9223	65.973	68.0429
9224	65.973	69.1736
9225	65.973	67.0338
9226	65.973	67.2337
9227	65.973	66.8706
9228	65.973	67.4814
9229	65.973	66.6307
9230	65.973	66.4011
9231	65.973	66.597
9232	65.973	66.1328
9233	65.973	66.4508
9234	65.973	66.5853
9235	65.973	66.3942
9236	65.973	66.0058
9237	65.973	66.2146
9238	65.973	66.423
9239	65.973	66.1398
9240	65.973	67.2477
9241	65.973	66.8623
9242	65.973	66.1241
9243	65.973	66.4581
9244	65.973	67.0028
9245	65.973	66.1111
9246	65.973	66.1697
9247	65.973	66.7525
9248	65.973	66.6118
9249	65.973	66.5535
9250	65.973	66.9505
9251	65.973	66.0395
9252	65.973	66.1069
9253	65.973	66.3613
9254	65.973	67.1266
9255	65.973	66.1326
9256	65.973	66.334
9257	65.973	65.973
9258	65.973	66.556
9259	65.973	66.0895
9260	65.973	65.973
9261	65.973	65.973
9262	65.973	65.973
9263	65.973	66.09
9264	65.973	67.5394
9265	65.973	67.7169
9266	65.973	65.9882
9267	65.973	65.973
9268	65.973	65.973
9269	65.973	66.0449
9270	65.973	67.4302
9271	65.973	66.4927
9272	65.973	66.2269
9273	65.973	66.1534
9274	65.973	65.973
9275	65.973	66.0495
9276	65.973	65.973
9277	65.973	66.9002
9278	65.973	66.1997
9279	65.973	67.0661
9280	65.973	66.1349
9281	65.973	66.4507
9282	65.973	66.0769
9283	65.973	66.0283
9284	65.973	65.973
9285	65.973	66.3285
9286	65.973	67.0216
9287	65.973	66.9341
9288	65.973	66.7129
9289	65.973	66.6664
9290	65.973	66.2832
9291	65.973	66.6623
9292	65.973	66.3969
9293	65.973	66.8234
9294	65.973	66.2875
9295	65.973	68.2893
9296	65.973	67.9985
9297	65.973	67.1727
9298	65.973	69.8716
9299	65.973	68.5239
9300	65.973	68.0244
9301	65.973	67.8482
9302	65.973	67.5528
9303	65.973	67.1774
9304	65.973	67.7187
9305	65.973	68.4884
9306	65.973	66.9805
9307	65.973	68.4418
9308	65.973	68.1795
9309	65.973	69.374
9310	65.973	68.0804
9311	65.973	67.3304
9312	65.973	66.609
9313	65.973	66.3864
9314	65.973	66.2314
9315	65.973	65.973
9316	65.973	66.0017
9317	65.973	66.9834
9318	65.973	66.5297
9319	65.973	66.0891
9320	65.973	65.973
9321	65.973	65.973
9322	65.973	65.973
9323	65.973	66.2048
9324	65.973	66.4647
9325	65.973	65.973
9326	65.973	65.973
9327	65.973	66.0188
9328	65.973	66.3091
9329	65.973	66.5931
9330	65.973	66.7855
9331	65.973	66.9542
9332	65.973	66.8779
9333	65.973	66.7996
9334	65.973	66.6841
9335	65.973	66.3362
9336	65.973	66.0718
9337	65.973	66.1587
9338	65.973	66.3017
9339	65.973	66.358
9340	65.973	66.5808
9341	65.973	67.2666
9342	65.973	66.8758
9343	65.973	67.2896
9344	65.973	68.6035
9345	65.973	68.4892
9346	65.973	68.7064
9347	65.973	67.9495
9348	65.973	66.9406
9349	65.973	66.6915
9350	65.973	67.6388
9351	65.973	66.83
9352	65.973	66.3667
9353	65.973	66.0655
9354	65.973	66.5534
9355	65.973	66.6758
9356	65.973	66.7493
9357	65.973	65.992
9358	65.973	66.261
9359	65.973	65.973
9360	65.973	66.082
9361	65.973	66.665
9362	65.973	66.9247
9363	65.973	66.5325
9364	65.973	67.6686
9365	65.973	66.4069
9366	65.973	66.1529
9367	65.973	66.4146
9368	65.973	66.3209
9369	65.973	66.4418
9370	65.973	66.2663
9371	65.973	66.9911
9372	65.973	66.6559
9373	65.973	65.9865
9374	65.973	66.0133
9375	65.973	66.1478
9376	65.973	65.973
9377	65.973	66.1707
9378	65.973	66.0652
9379	65.973	65.973
9380	65.973	66.0859
9381	65.973	66.0089
9382	65.973	66.3346
9383	65.973	66.2606
9384	65.973	66.2144
9385	65.973	67.8758
9386	65.973	67.1621
9387	65.973	66.0393
9388	65.973	65.973
9389	65.973	66.1885
9390	65.973	66.2094
9391	65.973	67.0089
9392	65.973	67.104
9393	65.973	66.6567
9394	65.973	66.3534
9395	65.973	66.5931
9396	65.973	65.973
9397	65.973	66.0895
9398	65.973	67.7491
9399	65.973	66.8337
9400	65.973	66.4647
9401	65.973	66.0321
9402	65.973	67.5897
9403	65.973	67.3296
9404	65.973	69.0616
9405	65.973	67.5126
9406	65.973	66.2027
9407	65.973	66.0938
9408	65.973	66.2271
9409	65.973	66.1558
9410	65.973	66.1583
9411	65.973	67.3476
9412	65.973	67.0999
9413	65.973	66.5464
9414	65.973	66.3683
9415	65.973	66.8237
9416	65.973	66.0962
9417	65.973	66.3705
9418	65.973	67.3492
9419	65.973	66.9014
9420	65.973	67.2393
9421	65.973	66.5656
9422	65.973	66.8639
9423	65.973	65.973
9424	65.973	66.4862
9425	65.973	66.5458
9426	65.973	66.5393
9427	65.973	65.973
9428	65.973	66.8517
9429	65.973	68.1527
9430	65.973	67.269
9431	65.973	66.7374
9432	65.973	66.5299
9433	65.973	67.4726
9434	65.973	67.7808
9435	65.973	67.8079
9436	65.973	68.3537
9437	65.973	68.6742
9438	65.973	68.8475
9439	65.973	69.0905
9440	65.973	68.7062
9441	65.973	69.117
9442	65.973	67.9884
9443	65.973	67.3579
9444	65.973	66.6856
9445	65.973	66.2748
9446	65.973	65.973
9447	65.973	65.973
9448	65.973	65.973
9449	65.973	66.1234
9450	65.973	66.0357
9451	65.973	66.2839
9452	65.973	66.5145
9453	65.973	66.2964
9454	65.973	67.1689
9455	65.973	67.3473
9456	65.973	65.9841
9457	65.973	66.9301
9458	65.973	66.5727
9459	65.973	66.0499
9460	65.973	66.1715
9461	65.973	65.973
9462	65.973	67.3898
9463	65.973	69.5282
9464	65.973	66.7604
9465	65.973	66.2531
9466	65.973	66.1799
9467	65.973	65.973
9468	65.973	66.7003
9469	65.973	66.1977
9470	65.973	66.591
9471	65.973	67.0484
9472	65.973	66.0433
9473	65.973	65.973
9474	65.973	66.1011
9475	65.973	66.0034
9476	65.973	66.1899
9477	65.973	66.0996
9478	65.973	66.0315
9479	65.973	67.5246
9480	65.973	67.39
9481	65.973	66.1679
9482	65.973	66.4756
9483	65.973	66.625
9484	65.973	67.8982
9485	65.973	69.3874
9486	65.973	68.909
9487	65.973	68.4952
9488	65.973	68.4912
9489	65.973	68.5784
9490	65.973	66.5029
9491	65.973	67.2359
9492	65.973	68.812
9493	65.973	66.5746
9494	65.973	66.4484
9495	65.973	66.5725
9496	65.973	65.9886
9497	65.973	66.2733
9498	65.973	66.9924
9499	65.973	66.3456
9500	65.973	66.7728
9501	65.973	67.4489
9502	65.973	66.4801
9503	65.973	66.7512
9504	65.973	66.2424
9505	65.973	65.973
9506	65.973	66.0849
9507	65.973	66.3138
9508	65.973	66.4635
9509	65.973	66.056
9510	65.973	66.3547
9511	65.973	66.7125
9512	65.973	66.896
9513	65.973	66.4906
9514	65.973	65.973
9515	65.973	66.0054
9516	65.973	66.0243
9517	65.973	65.979
9518	65.973	66.5404
9519	65.973	66.8567
9520	65.973	66.3042
9521	65.973	66.5868
9522	65.973	66.0126
9523	65.973	66.1585
9524	65.973	66.7334
9525	65.973	66.2312
9526	65.973	66.2561
9527	65.973	66.7497
9528	65.973	66.3278
9529	65.973	66.3432
9530	65.973	66.0166
9531	65.973	66.0913
9532	65.973	66.8108
9533	65.973	66.1649
9534	65.973	66.1709
9535	65.973	66.0105
9536	65.973	66.2122
9537	65.973	66.1948
9538	65.973	66.6139
9539	65.973	66.4079
9540	65.973	66.7273
9541	65.973	66.3529
9542	65.973	66.3752
9543	65.973	65.973
9544	65.973	66.831
9545	65.973	66.3788
9546	65.973	66.5953
9547	65.973	66.1163
9548	65.973	66.4094
9549	65.973	65.973
9550	65.973	66.1846
9551	65.973	65.973
9552	65.973	66.2171
9553	65.973	65.9849
9554	65.973	65.973
9555	65.973	66.8285
9556	65.973	65.9885
9557	65.973	66.3707
9558	65.973	66.0608
9559	65.973	65.9977
9560	65.973	66.0944
9561	65.973	66.1991
9562	65.973	66.7162
9563	65.973	66.1885
9564	65.973	65.973
9565	65.973	65.973
9566	65.973	66.0557
9567	65.973	66.372
9568	65.973	66.4803
9569	65.973	65.973
9570	65.973	66.4294
9571	65.973	65.973
9572	65.973	65.9789
9573	65.973	66.2107
9574	65.973	68.3755
9575	65.973	67.2574
9576	65.973	66.3168
9577	65.973	65.973
9578	65.973	66.4042
9579	65.973	65.9953
9580	65.973	66.166
9581	65.973	66.2082
9582	65.973	66.0523
9583	65.973	66.314
9584	65.973	66.279
9585	65.973	66.4428
9586	65.973	66.3819
9587	65.973	66.8671
9588	65.973	66.0368
9589	65.973	66.564
9590	65.973	67.1128
9591	65.973	66.9758
9592	65.973	67.9681
9593	65.973	67.6522
9594	65.973	67.4755
9595	65.973	69.9905
9596	65.973	69.1429
9597	65.973	66.9062
9598	65.973	67.3447
9599	65.973	66.3181
9600	65.973	66.0272
9601	65.973	65.973
9602	65.973	65.973
9603	65.973	65.973
9604	65.973	66.1169
9605	65.973	66.4034
9606	65.973	66.0711
9607	65.973	65.973
9608	65.973	65.9857
9609	65.973	66.6622
9610	65.973	66.4106
9611	65.973	65.973
9612	65.973	66.4271
9613	65.973	66.0851
9614	65.973	66.1001
9615	65.973	66.4937
9616	65.973	66.0732
9617	65.973	66.0097
9618	65.973	66.4149
9619	65.973	66.0901
9620	65.973	66.2269
9621	65.973	66.4685
9622	65.973	66.2377
9623	65.973	65.973
9624	65.973	66.3315
9625	65.973	66.8108
9626	65.973	66.2888
9627	65.973	66.026
9628	65.973	66.8853
9629	65.973	68.3396
9630	65.973	67.439
9631	65.973	66.5496
9632	65.973	67.1543
9633	65.973	66.3555
9634	65.973	67.6336
9635	65.973	66.2009
9636	65.973	66.0069
9637	65.973	66.083
9638	65.973	65.98
9639	65.973	66.4442
9640	65.973	67.0889
9641	65.973	66.027
9642	65.973	66.7063
9643	65.973	67.8508
9644	65.973	66.5537
9645	65.973	67.6318
9646	65.973	66.6831
9647	65.973	66.9195
9648	65.973	67.717
9649	65.973	69.8538
9650	65.973	68.1576
9651	65.973	67.4142
9652	65.973	67.401
9653	65.973	67.3431
9654	65.973	66.5937
9655	65.973	67.3259
9656	65.973	68.1823
9657	65.973	66.7259
9658	65.973	67.0013
9659	65.973	67.0879
9660	65.973	66.8319
9661	65.973	66.2085
9662	65.973	65.973
9663	65.973	66.0123
9664	65.973	66.4365
9665	65.973	67.4197
9666	65.973	68.0301
9667	65.973	67.0176
9668	65.973	66.1562
9669	65.973	66.1478
9670	65.973	66.4061
9671	65.973	66.2112
9672	65.973	66.698
9673	65.973	66.3365
9674	65.973	66.1728
9675	65.973	66.277
9676	65.973	66.9527
9677	65.973	66.67
9678	65.973	67.0502
9679	65.973	66.443
9680	65.973	66.5354
9681	65.973	66.4944
9682	65.973	66.7632
9683	65.973	66.5946
9684	65.973	67.0408
9685	65.973	66.8456
9686	65.973	66.7705
9687	65.973	66.8372
9688	65.973	67.1463
9689	65.973	66.7753
9690	65.973	66.4488
9691	65.973	67.2272
9692	65.973	67.1955
9693	65.973	66.0872
9694	65.973	65.9894
9695	65.973	66.4863
9696	65.973	66.0743
9697	65.973	66.1675
9698	65.973	67.0412
9699	65.973	65.973
9700	65.973	66.2977
9701	65.973	67.5803
9702	65.973	66.4341
9703	65.973	66.6789
9704	65.973	65.9853
9705	65.973	65.973
9706	65.973	66.2022
9707	65.973	66.1198
9708	65.973	65.973
9709	65.973	66.0964
9710	65.973	66.1532
9711	65.973	66.7422
9712	65.973	66.358
9713	65.973	66.316
9714	65.973	66.6804
9715	65.973	65.973
9716	65.973	65.973
9717	65.973	65.973
9718	65.973	65.973
9719	65.973	66.5895
9720	65.973	66.1696
9721	65.973	66.4478
9722	65.973	67.5395
9723	65.973	67.6796
9724	65.973	66.0855
9725	65.973	66.9305
9726	65.973	67.6403
9727	65.973	65.973
9728	65.973	65.973
9729	65.973	66.5576
9730	65.973	66.1883
9731	65.973	66.3074
9732	65.973	68.2968
9733	65.973	67.8238
9734	65.973	67.2986
9735	65.973	68.8825
9736	65.973	67.2639
9737	65.973	67.2476
9738	65.973	66.3359
9739	65.973	66.5985
9740	65.973	66.1098
9741	65.973	65.9842
9742	65.973	66.2009
9743	65.973	65.973
9744	65.973	65.973
9745	65.973	65.973
9746	65.973	65.973
9747	65.973	66.8397
9748	65.973	66.2604
9749	65.973	66.0598
9750	65.973	67.6507
9751	65.973	66.5471
9752	65.973	67.2567
9753	65.973	66.4102
9754	65.973	66.2628
9755	65.973	66.0101
9756	65.973	65.973
9757	65.973	66.7643
9758	65.973	67.5005
9759	65.973	66.6727
9760	65.973	66.5489
9761	65.973	66.381
9762	65.973	66.6767
9763	65.973	68.6994
9764	65.973	67.8603
9765	65.973	67.0503
9766	65.973	68.8284
9767	65.973	69.1468
9768	65.973	67.7351
9769	65.973	66.7813
9770	65.973	69.4528
9771	65.973	67.732
9772	65.973	69.7143
9773	65.973	67.0777
9774	65.973	66.1644
9775	65.973	66.1467
9776	65.973	65.9976
9777	65.973	65.973
9778	65.973	66.0049
9779	65.973	66.0335
9780	65.973	66.428
9781	65.973	68.2629
9782	65.973	66.6595
9783	65.973	66.8222
9784	65.973	67.1819
9785	65.973	68.8086
9786	65.973	67.7202
9787	65.973	66.9704
9788	65.973	66.9167
9789	65.973	66.8372
9790	65.973	67.1933
9791	65.973	67.2345
9792	65.973	66.8176
9793	65.973	66.0487
9794	65.973	66.263
9795	65.973	65.973
9796	65.973	66.6305
9797	65.973	65.973
9798	65.973	65.973
9799	65.973	66.5123
9800	65.973	66.1876
9801	65.973	67.1943
9802	65.973	66.9814
9803	65.973	68.1988
9804	65.973	69.4597
9805	65.973	69.1052
9806	65.973	67.8055
9807	65.973	66.6999
9808	65.973	68.012
9809	65.973	66.7354
9810	65.973	66.8994
9811	65.973	66.0368
9812	65.973	65.973
9813	65.973	65.973
9814	65.973	65.973
9815	65.973	65.973
9816	65.973	66.0255
9817	65.973	66.8961
9818	65.973	66.8418
9819	65.973	66.3203
9820	65.973	66.1373
9821	65.973	65.973
9822	65.973	65.9941
9823	65.973	65.973
9824	65.973	66.732
9825	65.973	65.973
9826	65.973	65.973
9827	65.973	66.0584
9828	65.973	65.973
9829	65.973	65.9875
9830	65.973	65.973
9831	65.973	66.025
9832	65.973	66.0202
9833	65.973	67.2079
9834	65.973	66.9818
9835	65.973	66.8268
9836	65.973	67.9854
9837	65.973	66.9214
9838	65.973	66.238
9839	65.973	66.9851
9840	65.973	66.5236
9841	65.973	66.1573
9842	65.973	65.9941
9843	65.973	65.973
9844	65.973	66.5531
9845	65.973	67.9266
9846	65.973	67.2842
9847	65.973	66.9916
9848	65.973	67.058
9849	65.973	67.0815
9850	65.973	66.6083
9851	65.973	67.9348
9852	65.973	67.7716
9853	65.973	66.9614
9854	65.973	66.592
9855	65.973	66.596
9856	65.973	67.6814
9857	65.973	67.2312
9858	65.973	66.6775
9859	65.973	65.973
9860	65.973	66.096
9861	65.973	66.0637
9862	65.973	66.4578
9863	65.973	66.2913
9864	65.973	66.6623
9865	65.973	66.182
9866	65.973	66.0603
9867	65.973	65.973
9868	65.973	67.7501
9869	65.973	67.5132
9870	65.973	67.7809
9871	65.973	66.4301
9872	65.973	67.6672
9873	65.973	66.732
9874	65.973	66.5439
9875	65.973	66.793
9876	65.973	67.2114
9877	65.973	66.0062
9878	65.973	66.6264
9879	65.973	68.1629
9880	65.973	67.0875
9881	65.973	67.3739
9882	65.973	67.2583
9883	65.973	67.0657
9884	65.973	66.5368
9885	65.973	67.213
9886	65.973	66.5087
9887	65.973	67.3755
9888	65.973	66.4959
9889	65.973	67.4364
9890	65.973	66.4514
9891	65.973	66.577
9892	65.973	66.8884
9893	65.973	66.5344
9894	65.973	66.5068
9895	65.973	66.0977
9896	65.973	65.9877
9897	65.973	66.0869
9898	65.973	66.3737
9899	65.973	67.3995
9900	65.973	67.095
9901	65.973	66.2008
9902	65.973	66.2537
9903	65.973	66.1091
9904	65.973	66.593
9905	65.973	66.1893
9906	65.973	66.0217
9907	65.973	66.0761
9908	65.973	66.0723
9909	65.973	65.973
9910	65.973	66.3015
9911	65.973	66.7345
9912	65.973	66.0316
9913	65.973	66.7921
9914	65.973	66.0037
9915	65.973	66.3407
9916	65.973	67.2024
9917	65.973	67.451
9918	65.973	67.0344
9919	65.973	67.1818
9920	65.973	66.3106
9921	65.973	66.6784
9922	65.973	66.4429
9923	65.973	66.1431
9924	65.973	66.3662
9925	65.973	65.973
9926	65.973	65.973
9927	65.973	66.0972
9928	65.973	66.5426
9929	65.973	67.722
9930	65.973	66.7865
9931	65.973	66.444
9932	65.973	65.973
9933	65.973	66.1162
9934	65.973	65.9977
9935	65.973	65.973
9936	65.973	65.9845
9937	65.973	67.8993
9938	65.973	68.1405
9939	65.973	66.2847
9940	65.973	66.2241
9941	65.973	66.6201
9942	65.973	67.0695
9943	65.973	66.7479
9944	65.973	66.4626
9945	65.973	67.4961
9946	65.973	66.2329
9947	65.973	66.7245
9948	65.973	67.3328
9949	65.973	66.9561
9950	65.973	67.3911
9951	65.973	66.2918
9952	65.973	65.973
9953	65.973	66.0369
9954	65.973	66.1328
9955	65.973	66.9899
9956	65.973	66.8283
9957	65.973	65.973
9958	65.973	66.1674
9959	65.973	66.2096
9960	65.973	67.6674
9961	65.973	67.2804
9962	65.973	66.4195
9963	65.973	66.2068
9964	65.973	67.4926
9965	65.973	66.8512
9966	65.973	66.7415
9967	65.973	67.1117
9968	65.973	67.6378
9969	65.973	66.652
9970	65.973	66.5892
9971	65.973	66.3044
9972	65.973	68.2794
9973	65.973	68.0776
9974	65.973	68.9
9975	65.973	67.0693
9976	65.973	68.1751
9977	65.973	66.6281
9978	65.973	67.6634
9979	65.973	67.4366
9980	65.973	67.1132
9981	65.973	67.2488
9982	65.973	67.2509
9983	65.973	68.048
9984	65.973	68.3391
9985	65.973	66.3363
9986	65.973	65.973
9987	65.973	65.973
9988	65.973	66.4868
9989	65.973	66.2554
9990	65.973	66.983
9991	65.973	66.586
9992	65.973	66.622
9993	65.973	66.1419
9994	65.973	66.0408
9995	65.973	66.7868
9996	65.973	66.7263
9997	65.973	66.3861
9998	65.973	67.0159
9999	65.973	66.4637
