0	434.403	476.415
1	418.865	459.648
2	399.109	442.875
3	398.138	427.763
4	383.86	411.616
5	383.86	399.939
6	382.008	394.518
7	376.003	390.77
8	375.307	383.855
9	371.101	380.035
10	371.101	377.899
11	366.021	373.942
12	356.497	372.429
13	345.415	369.288
14	345.415	367.327
15	343.54	362.347
16	341.998	353.807
17	341.998	348.534
18	337.773	346.328
19	337.773	344.166
20	335.967	341.925
21	333.841	339.399
22	333.841	338.659
23	332.044	338.835
24	330.424	335.447
25	326.195	333.154
26	322.815	333.031
27	321.244	329.489
28	319.487	327.051
29	317.865	324.042
30	315.405	323.153
31	315.53	322.255
32	313.873	319.603
33	304.907	318.63
34	304.907	316.782
35	304.907	312.384
36	304.707	310.729
37	301.287	307.992
38	300.923	305.583
39	298.654	303.988
40	298.654	304.288
41	298.32	302.783
42	295.777	301.351
43	293.841	299.541
44	282.238	299.43
45	282.238	295.636
46	273.122	291.577
47	272.623	285.863
48	271.198	278.291
49	271.198	277.241
50	271.002	276.015
51	266.248	274.252
52	266.053	273.929
53	266.053	271.233
54	265.275	269.949
55	264.631	270.16
56	263.647	268.721
57	258.986	269.437
58	258.223	265.686
59	258.223	265.6
60	256.244	262.238
61	256.244	262.094
62	253.385	259.642
63	253.349	259.393
64	253.349	257.761
65	253.349	255.18
66	252.858	254.335
67	247.1	254.437
68	247.088	253.237
69	245.468	251.411
70	245.468	249.763
71	243.083	247.873
72	235.456	248.262
73	233.848	243.43
74	232.31	241.582
75	230.164	238.424
76	230.164	236.09
77	229.659	236.08
78	229.659	234.525
79	229.253	233.076
80	226.462	233.603
81	226.462	233.976
82	224.782	230.515
83	223.902	229.073
84	218.075	228.804
85	217.129	226.299
86	217.129	226.138
87	210.797	225.498
88	210.797	222.124
89	210.07	218.521
90	209.079	214.056
91	208.701	212.126
92	204.614	211.141
93	204.614	211.573
94	202.321	209.969
95	199.053	207.735
96	199.053	206.417
97	199.053	205.93
98	191.916	203.682
99	191.916	201.157
100	191.916	200.963
101	190.973	198.228
102	189.333	197.176
103	189.333	197.302
104	189.333	194.627
105	189.333	191.944
106	188.902	190.529
107	188.902	190.811
108	188.902	189.687
109	188.45	189.971
110	188.45	191.256
111	188.45	190.265
112	188.45	189.697
113	186.931	189.549
114	186.931	189.469
115	186.931	190.282
116	186.813	190.063
117	186.813	190.176
118	185.294	190.19
119	185.294	192.214
120	182.628	190.594
121	182.628	186.237
122	182.46	184.625
123	182.46	183.146
124	182.46	183.467
125	182.46	183.663
126	180.326	182.482
127	180.286	182.549
128	180.286	182.818
129	180.118	181.687
130	179.588	182.173
131	179.588	181.834
132	179.167	181.908
133	179.167	182.132
134	178.015	180.519
135	178.015	181.463
136	177.608	179.443
137	177.536	178.688
138	177.536	178.505
139	176.279	178.249
140	175.324	177.831
141	174.198	179.521
142	175.252	179.544
143	175.252	178.966
144	175.252	179.494
145	174.469	179.282
146	174.469	176.298
147	174.397	175.459
148	174.397	176.264
149	174.397	176.112
150	174.397	175.685
151	173.749	174.49
152	173.749	175.235
153	173.69	175
154	171.712	175.67
155	171.457	176.823
156	170.826	176.266
157	169.995	174.344
158	169.995	172.463
159	169.995	171.81
160	169.399	171.75
161	169.051	172.403
162	166.654	171.97
163	166.654	171.093
164	166.654	168.959
165	166.654	167.892
166	164.938	167.421
167	164.938	167.097
168	163.602	166.671
169	163.602	165.561
170	163.602	165.696
171	163.602	164.547
172	163.602	164.038
173	163.602	164.111
174	163.602	163.663
175	163.565	163.601
176	163.565	163.6
177	163.565	164.008
178	163.565	164.409
179	161.943	165.003
180	161.629	165.925
181	161.141	165.168
182	159.659	163.618
183	157.234	162.758
184	157.234	161.528
185	154.484	159.254
186	154.484	158.052
187	154.484	159.119
188	154.484	157.239
189	153.708	157.112
190	153.708	156.27
191	153.708	156.24
192	153.708	155.436
193	153.492	156.142
194	153.456	156.216
195	153.383	155.578
196	153.383	157.048
197	151.586	155.079
198	151.586	154.252
199	151.586	154.206
200	151.586	153.367
201	151.586	154.963
202	151.551	152.07
203	150.608	152.052
204	150.608	152.148
205	150.608	152.884
206	149.222	154.895
207	149.222	152.674
208	149.222	154.158
209	149.222	155.388
210	149.222	153.518
211	149.222	151.504
212	149.222	151.595
213	149.222	151.238
214	149.222	150.715
215	149.222	151.597
216	149.222	149.365
217	149.222	149.222
218	149.222	149.222
219	148.413	149.221
220	148.413	149.141
221	148.413	149.026
222	148.212	150.205
223	147.796	151.218
224	147.796	151.192
225	147.796	152.087
226	146.794	151.674
227	146.593	151.076
228	146.593	149.132
229	146.593	148.51
230	146.21	147.404
231	146.21	147.744
232	145.705	146.43
233	145.705	146.873
234	145.705	146.99
235	145.705	146.3
236	145.705	146.207
237	145.705	147.082
238	145.705	146.22
239	145.517	145.737
240	145.517	145.782
241	145.309	145.722
242	144.97	145.706
243	144.843	146.445
244	144.586	146.112
245	144.2	146.065
246	144.2	145.165
247	144.2	144.607
248	143.379	144.642
249	142.728	144.427
250	142.728	144.251
251	142.728	143.984
252	142.728	143.092
253	142.728	142.728
254	142.728	142.747
255	142.354	142.744
256	142.244	142.689
257	142.244	142.571
258	141.87	142.372
259	141.87	142.235
260	141.87	142.142
261	141.87	141.997
262	141.87	141.999
263	141.87	141.921
264	141.87	141.87
265	141.87	141.917
266	140.497	141.861
267	140.458	141.698
268	140.458	141.773
269	140.458	141.154
270	140.458	141.207
271	140.458	141.032
272	140.458	140.771
273	140.255	141.064
274	140.255	141.018
275	140.255	140.871
276	140.255	140.534
277	139.236	140.516
278	139.236	140.34
279	139.236	140.766
280	139.236	140.591
281	139.236	140.939
282	139.236	139.833
283	139.236	139.696
284	139.063	140.667
285	139.063	140.845
286	139.052	141.706
287	138.15	140.031
288	137.966	139.845
289	137.966	140.723
290	137.966	139.107
291	137.966	138.66
292	137.965	139.458
293	137.965	138.638
294	137.605	138.292
295	137.605	138.384
296	137.605	138.013
297	137.605	138.104
298	137.605	137.89
299	137.584	137.938
300	137.019	137.673
301	136.802	137.554
302	133.931	137.211
303	133.931	136.916
304	133.931	135.991
305	133.931	135.498
306	133.931	135.628
307	133.931	134.755
308	133.257	134.024
309	133.257	134.247
310	132.271	133.736
311	132.271	133.46
312	132.271	133.122
313	132.271	133.402
314	132.271	134.147
315	132.271	132.576
316	131.578	132.828
317	131.578	132.365
318	131.578	132.239
319	131.578	132.149
320	131.578	131.793
321	131.578	132.084
322	131.578	131.976
323	131.415	133.873
324	131.415	133.433
325	131.415	131.854
326	131.415	132.42
327	131.415	132.011
328	131.282	131.458
329	131.282	131.424
330	131.282	131.362
331	131.282	131.534
332	130.975	131.33
333	130.975	132.106
334	126.959	132.745
335	126.652	132.703
336	126.652	131.549
337	126.652	131.117
338	126.652	130.293
339	126.652	128.741
340	126.32	128.556
341	126.32	128.85
342	125.832	128.707
343	125.832	127.756
344	125.698	126.694
345	125.534	126.058
346	124.714	126.148
347	123.391	125.66
348	123.391	126.289
349	123.391	125.817
350	123.391	124.627
351	123.391	123.762
352	123.327	123.687
353	123.327	123.608
354	123.327	124.083
355	123.327	124.688
356	123.327	125.172
357	123.327	125.022
358	123.327	125.047
359	123.327	125.063
360	123.327	125.948
361	123.327	124.734
362	123.327	125.283
363	123.327	124.433
364	123.327	123.35
365	123.327	124.143
366	123.327	124.304
367	121.25	124.463
368	121.25	124.993
369	121.25	123.428
370	121.25	122.316
371	121.25	121.909
372	119.945	121.223
373	119.945	121.845
374	119.223	121.885
375	119.223	120.966
376	119.223	120.8
377	119.223	120.945
378	119.223	120.363
379	119.219	120.284
380	119.219	120.24
381	119.219	119.942
382	119.219	120.162
383	118.539	120.206
384	118.539	119.632
385	118.502	120.763
386	118.502	120.571
387	118.314	120.811
388	117.971	121.065
389	117.933	120.543
390	117.758	119.741
391	117.708	120.101
392	117.708	119.164
393	117.708	120.786
394	117.533	119.92
395	117.533	118.67
396	117.533	118.349
397	117.325	117.799
398	117.325	117.638
399	116.982	117.614
400	116.982	117.428
401	108.387	116.758
402	108.387	119.521
403	108.387	120.016
404	108.387	121.501
405	108.387	120.685
406	108.387	119.561
407	108.387	118.967
408	108.387	118.106
409	108.387	111.984
410	108.387	109.976
411	108.387	108.387
412	108.387	108.387
413	108.387	108.555
414	107.093	108.361
415	107.093	108.202
416	107.093	107.927
417	106.949	107.353
418	106.949	107.443
419	106.949	107.147
420	106.949	107.02
421	106.949	107.126
422	106.944	107.162
423	106.944	107.628
424	106.944	108.935
425	105.925	107.503
426	105.925	107.068
427	105.925	106.569
428	105.925	106.408
429	105.468	106.182
430	105.468	106.114
431	105.468	106.476
432	105.468	106.405
433	105.468	107.352
434	105.468	106.842
435	105.468	106.398
436	104.38	106.071
437	104.38	105.882
438	104.38	105.265
439	104.38	104.98
440	104.38	105.2
441	104.217	106.093
442	104.217	105.699
443	104.217	105.822
444	104.217	104.908
445	104.217	104.503
446	104.217	104.226
447	104.096	105.179
448	103.199	104.153
449	103.199	103.896
450	103.199	103.734
451	103.199	104.487
452	103.199	103.635
453	103.199	103.352
454	103.199	105.007
455	103.199	105.822
456	103.199	103.82
457	103.199	104.128
458	103.199	106.769
459	103.199	106.203
460	103.199	106.13
461	103.199	103.581
462	103.199	103.199
463	103.199	103.199
464	103.199	103.533
465	103.199	104.221
466	103.199	105.119
467	103.028	105.641
468	103.028	105.54
469	103.028	104.393
470	103.028	103.845
471	103.028	103.843
472	103.028	104.183
473	103.028	104.032
474	103.028	103.284
475	103.028	103.031
476	103.028	103.028
477	103.028	103.028
478	103.028	103.028
479	103.028	103.077
480	103.028	103.028
481	103.028	103.102
482	103.028	103.426
483	101.157	103.01
484	101.157	102.977
485	101.157	102.679
486	101.157	102.38
487	101.157	102.414
488	101.157	101.968
489	101.157	101.545
490	101.157	101.372
491	101.157	102.397
492	100.126	102.243
493	100.126	101.449
494	100.126	101.453
495	100.126	101.4
496	100.126	101.363
497	100.126	100.806
498	100.126	100.452
499	99.8378	100.801
500	99.8378	100.615
501	99.8378	100.076
502	98.6928	100.338
503	98.6928	100.651
504	98.6928	100.751
505	98.6928	99.9982
506	98.6928	99.8555
507	98.6928	99.6191
508	98.6928	99.3189
509	98.6928	98.839
510	98.6928	98.7393
511	98.6928	98.9773
512	98.6928	98.7461
513	98.6928	98.769
514	98.6928	99.1496
515	98.3899	99.3569
516	98.3899	99.5056
517	98.1387	99.0272
518	98.1387	98.717
519	98.1387	99.9286
520	98.1387	101.067
521	98.1387	99.2879
522	98.1387	98.4156
523	98.1387	99.7068
524	98.1387	98.3494
525	98.0901	98.1377
526	98.0901	98.1319
527	98.0901	99.3726
528	98.0901	98.5066
529	97.2543	98.1163
530	97.2543	98.6449
531	97.2543	97.988
532	97.2543	98.3954
533	97.2543	98.0014
534	97.2543	98.0904
535	96.7099	97.8073
536	96.7099	98.1601
537	96.7099	98.3661
538	96.7099	97.2173
539	96.7099	97.3678
540	96.6922	97.1127
541	96.6922	97.0602
542	95.3191	97.1796
543	95.3191	96.8305
544	95.3191	96.7573
545	94.7501	97.4777
546	94.7406	97.2774
547	94.7406	95.1045
548	94.7406	95.0563
549	94.7277	94.9895
550	94.7182	94.9671
551	94.7182	95.3655
552	94.7182	94.9437
553	94.7182	95.6838
554	94.7182	96.0294
555	94.6474	95.5858
556	94.6474	94.8367
557	94.5212	94.8482
558	94.0809	94.9801
559	94.0809	94.8736
560	94.0809	96.2928
561	94.0809	95.2637
562	94.0809	95.6349
563	94.0809	95.8983
564	93.9365	95.5816
565	92.7763	94.9396
566	92.5685	95.5865
567	92.5685	94.0552
568	92.4708	93.4331
569	92.4708	92.9423
570	92.3928	93.1942
571	92.3928	93.7781
572	92.3928	94.4461
573	92.3928	93.2315
574	92.3928	92.8723
575	92.3928	92.9653
576	92.3928	93.4649
577	92.3928	93.0687
578	92.3928	92.8211
579	92.3928	92.5001
580	92.3928	92.3928
581	92.3928	92.3928
582	92.3928	92.409
583	91.3471	92.3719
584	91.3471	92.2693
585	91.3471	93.0987
586	91.3471	92.3643
587	91.3471	92.0804
588	91.3471	91.4319
589	91.3471	91.3782
590	91.3471	91.5031
591	91.3471	91.8465
592	91.3471	91.436
593	90.991	91.4193
594	90.991	91.5774
595	90.991	91.687
596	90.9703	92.0028
597	90.1652	92.3319
598	90.1652	91.5783
599	90.1652	91.479
600	90.1445	91.2832
601	90.1445	91.4583
602	90.1445	92.0113
603	90.1445	92.7023
604	90.1445	92.5254
605	90.1445	92.2831
606	90.1445	93.2846
607	90.1445	90.8177
608	90.1445	91.3727
609	90.1445	92.731
610	90.1445	94.9302
611	90.1445	93.5624
612	90.1445	90.9761
613	90.1445	91.617
614	90.1445	90.5723
615	90.1445	92.3944
616	90.1445	91.5381
617	90.1445	90.8645
618	90.1445	91.4967
619	89.7442	90.7816
620	88.6694	90.9157
621	88.6694	91.1896
622	88.6694	89.5255
623	88.6694	88.9482
624	88.6694	89.7037
625	88.6694	89.0638
626	88.6694	88.6694
627	88.6694	88.6694
628	88.6694	88.6694
629	88.6694	89.2644
630	88.6694	88.9079
631	88.4501	89.0906
632	88.4501	89.1703
633	88.4501	88.593
634	88.4501	89.1752
635	88.4501	88.5245
636	88.4501	88.8248
637	88.4501	90.714
638	88.4501	92.2518
639	88.4501	91.6009
640	88.4501	90.2236
641	88.4501	88.9723
642	88.4501	88.4501
643	88.4501	88.4657
644	88.4501	89.0481
645	88.4501	89.8724
646	88.4501	89.72
647	88.1585	88.9795
648	88.4501	89.772
649	88.1792	90.1586
650	88.0998	91.1227
651	88.0998	88.9813
652	88.0998	88.7834
653	88.074	91.0218
654	88.074	91.1623
655	88.074	88.6008
656	88.074	90.3604
657	88.074	93.3423
658	88.074	92.9908
659	87.8355	89.851
660	87.7582	90.1679
661	87.7582	91.3095
662	87.524	91.2636
663	87.524	91.1747
664	87.524	89.5281
665	87.524	89.0161
666	87.524	88.7388
667	86.3884	88.372
668	86.1543	87.5568
669	86.1543	88.128
670	86.1543	88.3527
671	86.1543	87.4859
672	85.3353	86.6558
673	85.3353	86.7658
674	85.3353	86.5265
675	85.3353	86.9388
676	85.3353	86.309
677	85.3353	87.1239
678	85.3353	87.8016
679	85.3353	86.2236
680	85.3353	87.1099
681	85.3353	87.2312
682	85.3353	86.7459
683	85.3353	85.3551
684	85.3353	86.0578
685	85.3353	86.3122
686	85.3353	86.5532
687	85.3353	85.9969
688	85.3353	85.4042
689	85.3353	85.5492
690	85.3353	85.4529
691	85.3353	85.7168
692	85.3353	85.3599
693	85.3353	85.5529
694	85.3353	86.095
695	85.3353	85.363
696	85.3353	85.3353
697	85.3353	85.3353
698	85.3353	85.4298
699	85.3353	85.3353
700	85.3353	85.5174
701	85.3353	85.53
702	85.3353	86.4865
703	85.3353	87.315
704	85.2212	87.9753
705	85.2212	85.9481
706	85.2212	85.7912
707	85.2212	86.4374
708	84.8798	86.6201
709	84.8798	85.8866
710	84.8798	86.5396
711	84.8798	86.2737
712	84.8798	84.9856
713	84.8798	85.4054
714	84.8798	85.4109
715	84.8798	85.5071
716	84.8798	85.3116
717	84.8798	84.9506
718	84.8798	85.0956
719	84.8798	84.8798
720	84.8798	85.1258
721	84.8798	85.1813
722	84.8798	85.8286
723	84.8798	85.9671
724	84.8798	85.9216
725	84.8798	85.2819
726	84.8798	85.8434
727	84.8798	84.8798
728	84.5882	84.9311
729	84.5882	85.1143
730	84.5882	85.6695
731	84.5753	84.7237
732	84.1881	84.7943
733	84.1881	85.0633
734	84.1881	84.667
735	84.1881	84.3557
736	84.1881	84.2676
737	84.1881	84.2276
738	84.1881	84.2119
739	84.1881	84.1881
740	84.1881	84.1881
741	84.1881	84.1881
742	84.1881	84.1881
743	84.1881	84.1881
744	84.1881	84.2171
745	84.1881	84.2707
746	83.8643	84.8769
747	83.8643	85.524
748	83.8643	86.0388
749	83.8643	84.6194
750	83.8643	84.2014
751	83.8643	84.1474
752	83.8643	84.3805
753	83.8643	84.8515
754	83.8643	84.8247
755	83.8643	85.4502
756	83.8643	84.4343
757	83.8643	85.1759
758	83.8643	85.0742
759	83.8643	85.1893
760	83.8643	84.4886
761	83.8643	83.8784
762	83.8643	83.9845
763	83.8643	84.2152
764	83.8643	85.5747
765	83.8643	84.4633
766	83.8643	83.8933
767	83.8643	84.0089
768	83.8643	84.0235
769	83.8643	83.8643
770	83.8518	83.9338
771	83.8426	83.9352
772	83.8426	84.1515
773	83.5814	84.6177
774	83.5814	84.4007
775	83.5814	83.8685
776	83.5814	84.0718
777	83.5814	84.5299
778	83.5814	83.6023
779	83.5814	84.6828
780	83.5814	84.1996
781	83.5814	84.5583
782	83.5814	83.7471
783	83.5814	84.9325
784	83.5814	84.6987
785	83.5814	83.7593
786	83.5814	83.63
787	83.5814	83.7984
788	82.3798	83.6682
789	82.3798	84.1146
790	82.3798	83.8684
791	82.3798	84.4118
792	82.3798	84.2315
793	82.3798	83.1395
794	82.3798	82.6931
795	82.3798	82.6899
796	82.3798	82.7995
797	82.3798	82.5582
798	82.3798	82.5045
799	82.3798	83.7294
800	82.3798	82.4834
801	80.6107	82.7032
802	80.6107	85.0935
803	80.6107	83.5059
804	80.6107	82.3883
805	80.6107	82.9074
806	80.6107	81.889
807	80.6107	81.526
808	80.6107	81.6963
809	80.6107	81.4464
810	80.6107	80.833
811	80.6107	81.0971
812	80.6107	80.6107
813	80.6107	81.7416
814	80.6107	80.6543
815	80.6107	80.8199
816	80.6107	80.852
817	80.6107	80.8203
818	80.6107	80.6107
819	80.6107	80.6107
820	80.6107	80.6107
821	80.6107	80.8969
822	80.6107	80.6753
823	80.6107	80.6476
824	80.6107	80.7263
825	80.6107	80.7709
826	80.6107	80.6107
827	80.6107	80.7659
828	80.6107	80.6107
829	80.6107	80.6107
830	80.6107	80.889
831	80.6107	81.5471
832	80.6107	81.2212
833	80.6107	81.2676
834	80.6107	81.6698
835	80.6107	82.5453
836	80.6107	81.9656
837	80.6107	81.1567
838	80.6107	80.6114
839	80.6107	81.1769
840	80.6107	80.7233
841	80.6107	80.7052
842	80.6107	80.6388
843	80.6107	81.1331
844	80.6107	81.143
845	80.6107	81.5781
846	80.6107	80.7825
847	80.6107	81.1332
848	80.6107	80.6659
849	80.6107	81.5225
850	80.6107	81.6753
851	80.6107	82.3199
852	80.6107	81.2945
853	80.6107	80.7486
854	80.6107	81.466
855	80.6107	80.7845
856	80.6107	81.8776
857	80.6107	81.6835
858	80.6107	80.6414
859	80.6107	80.6107
860	80.6107	80.6107
861	80.6107	80.7614
862	80.6107	80.7092
863	80.6107	80.6957
864	80.6107	80.6107
865	80.6107	80.6107
866	80.6107	80.6107
867	80.6107	80.6107
868	80.6107	80.7133
869	80.6107	80.7247
870	80.6107	82.0863
871	80.6107	81.7335
872	80.6107	80.8349
873	80.6107	80.6107
874	80.6107	80.6107
875	80.6107	81.0111
876	80.6107	80.8482
877	80.6107	80.898
878	80.6107	81.7296
879	80.6107	82.1673
880	80.6107	81.049
881	80.6107	81.5075
882	80.6107	81.268
883	80.6107	80.8214
884	80.6107	80.7008
885	80.6107	81.2306
886	80.6107	81.5365
887	80.6107	81.4437
888	80.6107	81.0911
889	80.6107	82.2323
890	80.6107	81.3986
891	80.6107	80.9374
892	80.6107	81.7483
893	80.6107	81.0675
894	80.6107	81.3422
895	80.6107	81.5952
896	80.6107	81.7012
897	80.6107	80.8867
898	80.6107	81.011
899	80.6107	80.9678
900	80.6107	80.8993
901	80.0343	80.8735
902	79.4905	80.4872
903	79.4905	80.825
904	79.4905	80.4788
905	77.6651	79.9127
906	77.6651	79.8978
907	77.6651	79.3769
908	77.6651	79.2223
909	77.5094	79.2863
910	77.5094	78.0187
911	77.5094	78.0083
912	77.5094	77.7028
913	77.5094	77.5531
914	77.452	77.553
915	77.452	77.5113
916	77.452	77.7601
917	77.452	77.5371
918	77.452	77.6921
919	77.452	77.9987
920	77.452	77.6528
921	77.452	77.7064
922	77.452	79.0878
923	77.452	78.2972
924	77.452	78.3338
925	77.452	78.3122
926	77.452	78.8319
927	77.452	78.072
928	77.452	77.8946
929	77.452	77.7717
930	77.452	77.7708
931	77.452	77.452
932	77.452	77.452
933	77.452	77.5866
934	77.452	77.452
935	77.452	77.5402
936	77.452	78.2696
937	77.452	77.587
938	77.452	77.452
939	77.452	77.452
940	77.452	77.452
941	77.452	77.9541
942	77.452	78.9053
943	77.452	78.3127
944	77.452	78.0996
945	77.452	78.5736
946	77.452	78.4637
947	77.452	77.604
948	77.452	77.4717
949	77.452	78.0853
950	77.452	77.782
951	77.452	77.8123
952	77.452	78.097
953	77.452	77.7197
954	77.452	77.5812
955	77.452	78.134
956	77.452	78.5746
957	77.452	78.4519
958	77.452	77.7018
959	77.452	77.5524
960	77.452	78.3706
961	77.452	77.9005
962	77.452	77.8547
963	77.452	77.8631
964	77.452	77.5033
965	77.452	78.0104
966	77.452	78.2388
967	77.452	77.8754
968	77.452	77.5645
969	77.4157	78.0997
970	77.4157	77.5755
971	77.3348	77.7371
972	77.3348	78.3429
973	77.3348	79.0012
974	77.3348	77.6267
975	77.3348	77.8805
976	77.3348	77.6231
977	77.3348	77.3381
978	77.3348	77.547
979	77.3348	77.7362
980	77.3348	78.0955
981	77.3348	77.5739
982	77.3348	77.706
983	77.3348	77.6677
984	77.3348	79.8103
985	77.3348	78.0242
986	77.3348	78.6313
987	77.3348	77.7752
988	77.3348	78.1691
989	77.3348	77.4748
990	77.3348	77.3833
991	77.3348	77.3865
992	77.3348	77.7399
993	77.3348	77.5408
994	77.3348	77.3597
995	77.3348	77.6887
996	77.3348	79.2526
997	77.3348	78.7675
998	77.3348	78.3182
999	77.3348	78.0963
1000	77.3348	77.8344
1001	77.3348	78.0063
1002	77.2918	77.4629
1003	77.2918	77.5063
1004	77.2918	77.6859
1005	77.2918	77.7114
1006	77.2918	77.6449
1007	77.2918	77.7975
1008	77.2918	78.8751
1009	77.2918	78.3799
1010	77.2918	77.921
1011	77.2918	77.3763
1012	77.2918	77.333
1013	77.2918	77.934
1014	77.2918	77.6265
1015	77.2918	77.382
1016	77.2918	77.4432
1017	77.2918	77.6376
1018	77.2918	77.3507
1019	77.2918	78.0956
1020	77.2475	78.2559
1021	77.2475	78.1632
1022	77.2475	78.7501
1023	77.2475	77.3003
1024	77.2475	77.2904
1025	77.2475	77.2599
1026	77.2475	77.2537
1027	77.2475	77.4981
1028	77.2475	77.3307
1029	77.2475	77.408
1030	77.2475	77.254
1031	77.2475	77.915
1032	77.2475	77.2475
1033	77.2475	77.2547
1034	77.2475	77.4453
1035	77.2475	77.2475
1036	77.2475	77.5351
1037	77.2475	77.7055
1038	77.2475	77.3261
1039	77.2475	77.9348
1040	77.2475	80.5989
1041	77.2475	80.1344
1042	77.2475	80.6766
1043	77.2475	79.6564
1044	77.2475	79.2658
1045	77.2475	80.9272
1046	77.2475	79.5011
1047	77.2475	78.8005
1048	77.2475	78.7306
1049	77.2475	77.6478
1050	77.2475	77.2475
1051	77.2475	77.2475
1052	77.2475	77.2475
1053	77.2475	77.5069
1054	77.2475	78.0406
1055	77.2475	77.8434
1056	77.2475	78.5807
1057	77.2475	78.4089
1058	77.2475	77.5521
1059	77.2475	78.9473
1060	77.2475	78.0496
1061	77.2475	78.4854
1062	77.2475	78.9562
1063	77.2475	78.9768
1064	77.2475	77.9518
1065	77.2475	78.1125
1066	77.2475	78.0273
1067	77.2475	79.6594
1068	77.2475	79.0514
1069	77.2475	79.5103
1070	77.2475	77.8506
1071	77.2475	77.2595
1072	77.2475	77.2957
1073	77.2475	77.2475
1074	77.2475	77.322
1075	77.2475	77.664
1076	77.2475	77.2475
1077	77.2475	77.2475
1078	77.2475	77.2475
1079	77.2475	77.2475
1080	77.2475	77.4197
1081	77.2475	77.9158
1082	77.2475	78.5706
1083	77.184	78.0435
1084	77.184	77.7276
1085	77.184	77.553
1086	77.184	77.2196
1087	77.184	77.7524
1088	77.184	77.8058
1089	76.0064	77.6026
1090	76.0064	77.2852
1091	76.0064	77.4426
1092	76.0064	76.8406
1093	75.9958	76.4065
1094	75.9958	76.2184
1095	75.9958	76.1832
1096	75.9958	78.3792
1097	75.9958	77.4348
1098	75.9958	76.0826
1099	75.9958	76.3207
1100	75.9958	77.6122
1101	74.7004	77.4597
1102	74.7004	76.1753
1103	74.3551	76.154
1104	74.3551	75.7848
1105	74.3551	76.0946
1106	74.3551	75.0469
1107	74.3551	74.5262
1108	74.3551	74.4556
1109	74.3551	74.9557
1110	74.3551	75.2675
1111	74.3551	74.4525
1112	74.3551	75.321
1113	74.3551	74.5561
1114	74.3551	74.8827
1115	74.3551	74.4597
1116	74.3551	74.3593
1117	74.3551	75.3821
1118	74.3551	75.2819
1119	74.3551	74.4478
1120	74.3551	74.6195
1121	74.3551	74.6812
1122	74.3551	74.3551
1123	74.3551	74.361
1124	74.3551	74.3735
1125	74.3551	74.3551
1126	74.3551	74.7302
1127	74.3551	74.5525
1128	74.3551	74.8462
1129	74.3551	74.5561
1130	74.3551	74.3587
1131	74.1915	74.839
1132	74.1915	74.5546
1133	74.1915	74.8688
1134	74.1915	75.4172
1135	74.1915	74.7937
1136	74.136	74.2564
1137	74.136	74.2154
1138	74.136	74.2127
1139	74.136	74.1592
1140	74.136	74.1426
1141	74.136	74.1868
1142	74.136	74.2503
1143	74.136	74.5118
1144	74.136	74.5572
1145	74.136	75.2088
1146	74.136	75.218
1147	74.136	74.366
1148	74.136	75.0213
1149	74.136	74.2531
1150	74.136	74.1834
1151	74.136	74.3881
1152	74.136	74.136
1153	74.136	74.6362
1154	74.136	74.4825
1155	74.136	74.6686
1156	74.136	74.3357
1157	74.136	74.9786
1158	74.136	74.5742
1159	74.136	74.1543
1160	74.136	75.0881
1161	74.136	75.4343
1162	74.136	75.5035
1163	74.136	74.5922
1164	74.136	74.136
1165	74.136	74.231
1166	74.136	74.9464
1167	74.136	74.7386
1168	74.136	74.4213
1169	74.136	74.3296
1170	74.136	74.4458
1171	74.136	74.2037
1172	74.136	74.3526
1173	74.136	74.3381
1174	74.136	74.2087
1175	74.136	74.4994
1176	74.136	74.1419
1177	74.136	75.0687
1178	74.136	75.9298
1179	74.136	76.2812
1180	74.136	75.8632
1181	74.136	78.0468
1182	74.136	76.496
1183	74.136	74.136
1184	74.136	74.3379
1185	74.136	74.8676
1186	74.136	76.0783
1187	74.136	74.916
1188	74.136	75.4156
1189	74.136	75.36
1190	74.0265	74.596
1191	74.0265	75.3087
1192	74.0265	75.0914
1193	74.0265	74.2203
1194	74.0265	74.2384
1195	74.0265	74.2878
1196	74.0265	74.0265
1197	74.0265	74.0791
1198	74.0265	74.0265
1199	74.0265	74.0824
1200	74.0265	74.7814
1201	74.0265	74.1243
1202	74.0265	76.0015
1203	74.0265	74.9537
1204	74.0265	75.1894
1205	74.0265	75.2028
1206	74.0265	74.5533
1207	74.0265	74.282
1208	74.0265	74.0265
1209	74.0265	74.0265
1210	74.0265	74.3378
1211	74.0265	74.0265
1212	74.0265	74.0265
1213	74.0265	74.0265
1214	74.0265	76.1491
1215	74.0265	74.0265
1216	74.0265	74.071
1217	74.0265	74.2152
1218	74.0265	75.4435
1219	74.0265	74.0265
1220	74.0265	74.4916
1221	74.0265	74.9743
1222	74.0265	75.752
1223	74.0265	75.6661
1224	74.0265	75.547
1225	74.0265	78.4952
1226	74.0265	79.2098
1227	74.0265	77.0875
1228	74.0265	75.4112
1229	74.0265	74.5031
1230	74.0265	74.5412
1231	74.0265	75.3619
1232	74.0265	76.4389
1233	74.0265	74.8488
1234	74.0265	75.213
1235	74.0265	75.1227
1236	74.0265	75.048
1237	74.0265	75.0129
1238	74.0265	74.2842
1239	74.0265	74.0265
1240	74.0265	74.0265
1241	74.0265	74.0265
1242	74.0265	74.0265
1243	74.0265	74.0265
1244	74.0265	74.5949
1245	74.0265	74.1401
1246	74.0265	74.2357
1247	74.0265	74.0917
1248	74.0265	74.6491
1249	74.0265	74.7516
1250	74.0265	76.3713
1251	74.0265	75.9286
1252	74.0265	76.8452
1253	74.0265	74.0265
1254	74.0265	74.2943
1255	74.0265	74.0265
1256	74.0265	74.2053
1257	74.0265	74.33
1258	74.0265	74.7176
1259	74.0265	75.6775
1260	74.0265	75.6294
1261	74.0265	74.4046
1262	74.0265	74.3778
1263	74.0265	74.1995
1264	74.0265	74.2132
1265	74.0265	74.0314
1266	74.0265	74.0543
1267	73.8717	75.2038
1268	73.8717	74.6679
1269	73.8717	73.9739
1270	73.8717	74.1148
1271	73.8717	74.1294
1272	73.8717	74.1933
1273	73.8717	74.057
1274	73.8717	73.8717
1275	73.8717	73.9064
1276	73.8717	73.9585
1277	73.8717	73.8717
1278	73.8717	73.8717
1279	73.8717	73.9482
1280	73.8717	73.8717
1281	73.8717	73.8717
1282	73.8717	74.3276
1283	73.8717	73.8717
1284	73.8717	74.123
1285	73.8717	74.7469
1286	73.8717	74.0166
1287	73.8717	73.8999
1288	73.8717	73.9737
1289	73.8717	73.9277
1290	73.8717	74.0958
1291	73.8717	73.9704
1292	73.8717	73.8717
1293	73.8717	73.905
1294	73.8717	73.8717
1295	73.8717	74.3625
1296	73.8717	74.2473
1297	73.8717	73.8717
1298	73.8717	74.6099
1299	73.8717	73.8717
1300	73.8717	73.9289
1301	72.7848	74.4692
1302	72.7848	74.4408
1303	72.7848	74.3499
1304	72.0183	74.0978
1305	72.0183	73.8804
1306	71.6481	72.9739
1307	71.6481	72.0861
1308	71.6481	71.884
1309	71.6481	71.8036
1310	71.6481	71.8915
1311	71.6481	72.5858
1312	71.6481	71.9607
1313	71.6481	71.913
1314	71.6481	72.0908
1315	71.6481	71.6629
1316	71.6481	71.986
1317	71.6481	72.3336
1318	71.6481	72.1801
1319	71.6481	71.6552
1320	71.6481	71.7598
1321	71.6481	71.7734
1322	71.6481	71.924
1323	71.6481	71.6804
1324	71.6481	71.9177
1325	71.6481	72.4788
1326	71.6481	73.1187
1327	71.6481	71.6481
1328	71.6481	71.7951
1329	71.6481	72.3967
1330	71.6481	71.8235
1331	71.6481	71.7565
1332	71.6481	71.7219
1333	71.6481	71.6481
1334	71.6481	71.6481
1335	71.6481	71.6481
1336	71.6481	71.7138
1337	71.6481	72.068
1338	71.6481	71.8317
1339	71.6481	72.2028
1340	71.6481	72.0846
1341	71.6481	71.7286
1342	71.6481	72.1087
1343	71.6481	71.8859
1344	71.6481	71.814
1345	71.6481	71.6481
1346	71.6481	71.6481
1347	71.6481	71.6875
1348	71.6481	72.9823
1349	71.6481	74.1832
1350	71.6481	73.0761
1351	71.6481	72.8498
1352	71.6481	71.9975
1353	71.6481	71.9278
1354	71.6481	71.6481
1355	71.6481	71.6481
1356	71.6481	71.6481
1357	71.6481	71.6715
1358	71.6481	72.7961
1359	71.6481	72.0554
1360	71.6481	72.7024
1361	71.6481	72.2686
1362	71.6481	71.9097
1363	71.6481	72.5854
1364	71.6481	73.0729
1365	71.6481	73.6142
1366	71.6481	71.8858
1367	71.6481	72.2837
1368	71.6481	72.0979
1369	71.6481	72.5252
1370	71.6481	72.2368
1371	71.599	72.2007
1372	71.599	71.6494
1373	71.599	71.6659
1374	71.599	72.1553
1375	71.599	71.9366
1376	71.599	71.779
1377	71.599	71.9411
1378	71.599	72.0855
1379	71.599	71.7778
1380	71.599	71.751
1381	71.599	72.0649
1382	71.599	71.6873
1383	71.599	71.621
1384	71.599	71.6381
1385	71.599	71.7321
1386	71.599	71.7401
1387	71.599	71.9972
1388	71.599	71.599
1389	71.599	71.8339
1390	71.599	71.9874
1391	71.599	71.6508
1392	71.599	71.599
1393	71.599	71.6415
1394	71.599	72.154
1395	71.599	71.649
1396	71.599	71.6486
1397	71.599	71.7768
1398	71.599	71.7475
1399	71.599	71.8987
1400	71.599	71.6061
1401	69.4723	72.3759
1402	69.4723	72.1996
1403	69.4723	71.3475
1404	69.4723	70.4062
1405	69.4723	70.5135
1406	69.4723	70.3636
1407	69.3009	69.7772
1408	69.3009	69.5725
1409	69.3009	69.5285
1410	69.3009	69.5926
1411	69.3009	70.2613
1412	69.3009	71.3737
1413	69.3009	72.4746
1414	69.3009	71.49
1415	69.3009	70.5183
1416	69.3009	70.7434
1417	69.3009	70.4139
1418	69.3009	69.6883
1419	69.3009	69.5021
1420	69.3009	69.3479
1421	69.3009	69.6171
1422	69.3009	69.3009
1423	69.3009	69.3327
1424	69.3009	69.3634
1425	69.3009	69.4146
1426	69.3009	69.5123
1427	69.3009	69.5235
1428	69.3009	69.3459
1429	69.3009	69.3009
1430	69.3009	69.8186
1431	69.3009	69.7697
1432	69.3009	70.0668
1433	69.3009	70.5731
1434	69.3009	69.3999
1435	69.3009	69.5551
1436	69.3009	70.654
1437	69.3009	70.2068
1438	69.3009	70.0555
1439	69.3009	70.0778
1440	69.3009	69.9749
1441	69.3009	69.5173
1442	69.3009	69.3932
1443	69.3009	70.5744
1444	69.3009	71.5597
1445	69.3009	71.3693
1446	69.3009	72.1583
1447	69.3009	72.2328
1448	69.3009	70.5849
1449	69.3009	69.4972
1450	69.3009	69.5258
1451	69.3009	69.6022
1452	69.3009	69.9363
1453	69.3009	70.389
1454	69.3009	70.5527
1455	69.3009	69.5547
1456	69.3009	69.4268
1457	69.3009	69.3141
1458	69.3009	69.3009
1459	69.3009	69.3469
1460	69.3009	69.5087
1461	69.3009	70.0741
1462	69.3009	70.0593
1463	69.3009	69.3009
1464	69.3009	69.3009
1465	69.3009	69.3009
1466	69.3009	69.57
1467	69.3009	71.2469
1468	69.3009	70.7265
1469	69.3009	69.4818
1470	69.3009	71.1198
1471	69.3009	69.637
1472	69.3009	70.5081
1473	69.3009	71.3033
1474	69.3009	70.9328
1475	69.3009	70.8126
1476	69.3009	71.3197
1477	69.3009	71.4657
1478	69.3009	72.0764
1479	69.3009	71.7183
1480	69.3009	71.4939
1481	69.3009	70.9793
1482	69.3009	70.5917
1483	69.3009	71.1765
1484	69.3009	70.4999
1485	69.3009	70.0474
1486	69.3009	70.6775
1487	69.3009	69.7218
1488	69.3009	69.3009
1489	69.3009	69.7784
1490	69.3009	69.7095
1491	69.3009	70.29
1492	69.3009	70.2318
1493	69.3009	70.1187
1494	69.3009	70.4939
1495	69.3009	71.0054
1496	69.3009	70.3933
1497	69.3009	69.3939
1498	69.3009	70.3539
1499	69.3009	69.7317
1500	69.3009	69.3568
1501	68.6016	70.6538
1502	68.6016	70.1535
1503	68.6016	70.1471
1504	68.6016	71.1598
1505	68.6016	70.7259
1506	68.6016	70.7596
1507	68.6016	71.1304
1508	68.6016	69.887
1509	68.6016	69.5727
1510	68.4714	69.8921
1511	68.273	68.9293
1512	68.273	69.4509
1513	68.273	68.6325
1514	68.273	68.4018
1515	68.273	68.4093
1516	68.273	68.3371
1517	68.273	68.5052
1518	68.273	68.4706
1519	68.273	68.7549
1520	68.273	68.4747
1521	68.273	68.3278
1522	68.273	68.273
1523	68.273	68.8229
1524	68.273	70.6293
1525	68.273	69.5335
1526	68.273	70.7118
1527	68.273	69.5822
1528	68.273	70.5964
1529	68.273	70.0261
1530	68.273	68.4934
1531	68.273	69.9354
1532	68.273	68.8671
1533	68.273	69.0525
1534	68.273	68.4024
1535	68.273	68.273
1536	68.273	68.9651
1537	68.273	69.9091
1538	68.273	69.2616
1539	68.273	69.2511
1540	68.273	68.7834
1541	68.273	68.8555
1542	68.273	69.2821
1543	68.273	69.3324
1544	68.273	69.2155
1545	68.273	68.273
1546	68.273	68.273
1547	68.273	68.4399
1548	68.273	69.8511
1549	68.0144	69.2419
1550	68.0144	68.769
1551	68.0144	68.513
1552	68.0144	68.3
1553	68.0144	68.2036
1554	68.0144	68.0558
1555	68.0144	68.0351
1556	68.0144	68.185
1557	68.0144	68.0144
1558	68.0144	68.2338
1559	68.0144	68.2311
1560	68.0144	68.2105
1561	68.0144	69.5892
1562	68.0144	69.3397
1563	68.0144	68.8761
1564	68.0144	69.8646
1565	68.0144	68.5032
1566	68.0144	68.2686
1567	68.0144	69.181
1568	68.0144	68.1581
1569	68.0144	68.0144
1570	68.0144	68.027
1571	68.0144	68.4115
1572	68.0144	69.29
1573	68.0144	68.4113
1574	68.0144	69.5596
1575	68.0144	69.456
1576	68.0144	68.3801
1577	68.0144	69.5443
1578	68.0144	68.4174
1579	68.0144	68.0586
1580	68.0144	68.0144
1581	68.0144	68.0144
1582	68.0144	68.0144
1583	68.0144	68.1516
1584	68.0144	68.0144
1585	68.0144	68.6337
1586	68.0144	68.2569
1587	68.0144	68.0144
1588	68.0144	68.1248
1589	68.0144	68.035
1590	68.0144	68.5864
1591	68.0144	68.1769
1592	68.0144	68.0144
1593	68.0144	68.8459
1594	68.0144	68.1926
1595	68.0144	68.0144
1596	68.0144	68.1445
1597	68.0144	68.0718
1598	68.0144	68.1854
1599	68.0144	69.0148
1600	68.0144	68.0144
1601	68.0144	68.5327
1602	68.0144	68.6947
1603	68.0144	68.752
1604	68.0144	68.2401
1605	68.0144	68.1378
1606	68.0144	69.0299
1607	68.0144	68.123
1608	68.0144	69.9944
1609	68.0144	69.1257
1610	68.0144	69.0512
1611	68.0144	69.755
1612	68.0144	69.1905
1613	68.0144	68.644
1614	68.0144	69.3553
1615	68.0144	69.9878
1616	68.0144	68.1391
1617	68.0144	70.003
1618	68.0144	68.0144
1619	68.0144	68.0144
1620	68.0144	68.2037
1621	68.0144	68.7144
1622	68.0144	68.3082
1623	68.0144	69.9142
1624	68.0144	69.6615
1625	68.0144	68.4803
1626	68.0144	69.3544
1627	68.0144	68.4649
1628	68.0144	68.8678
1629	68.0144	68.3981
1630	68.0144	68.2094
1631	68.0144	68.2683
1632	68.0144	68.8833
1633	68.0144	68.3262
1634	68.0144	68.9495
1635	68.0144	68.3652
1636	68.0144	69.9168
1637	68.0144	71.6222
1638	68.0144	71.0116
1639	68.0144	68.8934
1640	68.0144	69.089
1641	68.0144	68.5752
1642	68.0144	69.5974
1643	68.0144	69.6138
1644	68.0144	68.525
1645	68.0144	68.4299
1646	68.0144	68.1705
1647	68.0144	68.9378
1648	68.0144	68.6779
1649	68.0144	68.0758
1650	68.0144	68.1288
1651	68.0144	68.7293
1652	68.0144	68.182
1653	68.0144	68.2425
1654	68.0144	68.6878
1655	68.0144	68.046
1656	68.0144	68.048
1657	68.0144	69.1036
1658	68.0144	68.0283
1659	68.0144	68.0144
1660	68.0144	68.0144
1661	68.0144	68.036
1662	68.0144	68.0144
1663	68.0144	68.5922
1664	68.0144	68.988
1665	68.0144	68.8174
1666	68.0144	68.1181
1667	68.0144	69.1371
1668	68.0144	68.6826
1669	68.0144	69.0843
1670	68.0144	68.4242
1671	68.0144	68.3151
1672	68.0144	68.7774
1673	68.0144	70.2883
1674	68.0144	69.5587
1675	68.0144	69.029
1676	68.0144	68.8152
1677	68.0144	68.06
1678	68.0144	68.0144
1679	68.0144	68.0144
1680	68.0144	68.0144
1681	68.0144	68.0144
1682	68.0144	68.0373
1683	68.0144	68.4756
1684	68.0144	68.3362
1685	68.0144	68.8465
1686	68.0144	68.8669
1687	68.0144	69.1946
1688	68.0144	68.1377
1689	68.0144	68.0144
1690	68.0144	68.0144
1691	68.0144	68.0144
1692	68.0144	68.0144
1693	68.0144	68.6401
1694	68.0144	68.6987
1695	68.0144	68.535
1696	68.0144	69.6408
1697	68.0144	68.1087
1698	68.0144	68.4052
1699	68.0144	68.3536
1700	68.0144	68.5372
1701	68.0144	68.0664
1702	68.0144	68.2161
1703	68.0144	69.2642
1704	68.0144	68.2081
1705	68.0144	68.1783
1706	68.0144	68.302
1707	68.0144	68.084
1708	68.0144	68.2267
1709	68.0144	68.0144
1710	68.0144	68.1778
1711	68.0144	68.0952
1712	68.0144	69.1093
1713	68.0144	69.4448
1714	68.0144	68.0687
1715	68.0144	68.6663
1716	68.0144	69.0163
1717	68.0144	68.0596
1718	68.0144	68.0466
1719	68.0144	69.0712
1720	68.0144	68.8194
1721	68.0144	69.6533
1722	68.0144	69.8147
1723	68.0144	70.1289
1724	68.0144	69.0738
1725	68.0144	68.6521
1726	68.0144	68.0267
1727	68.0144	68.0144
1728	68.0144	68.0875
1729	68.0144	70.0773
1730	68.0144	71.2103
1731	68.0144	72.3899
1732	68.0144	70.1426
1733	68.0144	69.4549
1734	68.0144	68.7601
1735	68.0144	68.4405
1736	68.0144	68.2765
1737	68.0144	68.1641
1738	68.0144	68.2521
1739	68.0144	68.5549
1740	68.0144	69.3787
1741	68.0144	68.5131
1742	68.0144	69.261
1743	68.0144	68.3941
1744	68.0144	68.0144
1745	68.0144	68.0144
1746	68.0144	68.4345
1747	68.0144	68.1134
1748	68.0144	68.5303
1749	68.0144	69.8828
1750	68.0144	70.1072
1751	68.0144	69.4703
1752	68.0144	69.6162
1753	68.0144	70.9928
1754	68.0144	70.3715
1755	68.0144	69.5587
1756	68.0144	69.3192
1757	68.0144	70.5886
1758	68.0144	70.6299
1759	68.0144	69.1564
1760	68.0144	68.0144
1761	68.0144	68.2878
1762	68.0144	68.5037
1763	68.0144	69.0509
1764	68.0144	68.7542
1765	68.0144	69.1984
1766	68.0144	68.2849
1767	68.0144	68.8949
1768	68.0144	68.0144
1769	68.0144	69.1497
1770	68.0144	70.1204
1771	68.0144	69.0406
1772	68.0144	69.427
1773	68.0144	68.7023
1774	68.0144	68.0641
1775	68.0144	68.3095
1776	68.0144	69.1681
1777	68.0144	68.5165
1778	68.0144	68.6051
1779	68.0144	68.9558
1780	68.0144	68.385
1781	68.0144	69.6218
1782	68.0144	69.0827
1783	68.0144	68.1122
1784	68.0144	68.0144
1785	68.0144	68.0751
1786	68.0144	68.0319
1787	68.0144	68.0463
1788	68.0144	68.0144
1789	68.0144	68.0144
1790	68.0144	68.9585
1791	68.0144	68.6585
1792	68.0144	68.0144
1793	68.0144	68.2728
1794	68.0144	68.6397
1795	68.0144	68.0144
1796	67.9897	68.0139
1797	67.9897	68.0231
1798	67.9897	68.007
1799	67.9897	68.0211
1800	67.9897	68.8777
1801	67.5487	69.3415
1802	67.5487	68.4249
1803	67.5487	68.5803
1804	67.5487	68.2457
1805	67.5487	68.4308
1806	67.5487	68.4403
1807	67.5487	68.611
1808	67.5487	68.9148
1809	67.5487	68.801
1810	67.5487	67.5762
1811	67.5487	67.6352
1812	67.5487	67.8663
1813	67.5487	67.5487
1814	67.5487	67.6065
1815	67.5487	67.7995
1816	67.5487	68.2485
1817	67.5487	68.4743
1818	67.5487	69.5382
1819	67.5487	68.0135
1820	67.5487	69.1488
1821	67.5487	67.7136
1822	67.5487	67.5487
1823	67.5487	67.5852
1824	67.5487	67.5658
1825	67.5487	67.7594
1826	67.5487	67.6359
1827	67.5487	67.9372
1828	67.5487	68.377
1829	67.5487	68.7055
1830	67.5487	68.341
1831	67.5487	68.361
1832	67.5487	68.8927
1833	67.5487	67.9886
1834	67.5487	68.0919
1835	67.5487	68.2538
1836	67.5487	67.6935
1837	67.5487	68.0571
1838	67.5487	69.1422
1839	67.5487	68.6931
1840	67.5487	67.7844
1841	67.5487	67.6029
1842	67.5487	69.8204
1843	67.5487	70.8261
1844	67.5487	71.0227
1845	67.5487	69.745
1846	67.5487	68.4898
1847	67.5487	69.8152
1848	67.5487	67.6919
1849	67.5487	68.0607
1850	67.5487	68.7979
1851	67.5487	68.4404
1852	67.5487	69.1806
1853	67.5487	68.2762
1854	67.5487	68.7315
1855	67.5487	67.8646
1856	67.5487	68.0098
1857	67.5487	69.0156
1858	67.5487	67.6323
1859	67.5487	68.4394
1860	67.5487	69.1943
1861	67.5487	67.93
1862	67.5487	67.8788
1863	67.5487	67.8712
1864	67.5487	67.5731
1865	67.5487	67.5558
1866	67.5487	67.5487
1867	67.5487	67.5487
1868	67.5487	67.7512
1869	67.5487	69.1898
1870	67.5487	68.0769
1871	67.5487	68.9954
1872	67.5487	70.5914
1873	67.5487	68.8253
1874	67.5487	70.9399
1875	67.5487	70.6473
1876	67.5487	70.3868
1877	67.5487	68.6876
1878	67.5487	68.0344
1879	67.5487	67.8415
1880	67.5487	68.982
1881	67.5487	68.1007
1882	67.5487	67.5487
1883	67.5487	67.6977
1884	67.5487	67.5487
1885	67.5487	67.9545
1886	67.5487	67.9726
1887	67.5487	70.299
1888	67.5487	70.2815
1889	67.5487	69.2303
1890	67.5487	68.2734
1891	67.5487	69.9514
1892	67.5487	70.0126
1893	67.5487	69.3414
1894	67.5487	68.3585
1895	67.5487	67.5487
1896	67.5487	67.9496
1897	67.5487	68.4695
1898	67.5487	69.1154
1899	67.5487	70.4429
1900	67.5487	70.5389
1901	66.6177	69.8839
1902	66.6177	67.8638
1903	66.6177	68.0199
1904	66.6177	67.8339
1905	66.6177	67.1845
1906	66.6177	66.8848
1907	66.6177	66.6183
1908	66.6177	66.6814
1909	66.6177	66.9355
1910	66.6177	66.8171
1911	66.6177	66.6177
1912	66.6177	66.6283
1913	66.6177	66.6177
1914	66.6177	66.6177
1915	66.6177	66.6177
1916	66.6177	66.6177
1917	66.6177	66.7132
1918	66.6177	66.6693
1919	66.6177	68.1229
1920	66.6177	68.555
1921	66.6177	68.3463
1922	66.6177	67.8548
1923	66.6177	67.8625
1924	66.6177	68.5586
1925	66.6177	67.769
1926	66.6177	68.1967
1927	66.6177	69.5871
1928	66.6177	70.0538
1929	66.6177	68.6501
1930	66.6177	67.0297
1931	66.6177	66.9541
1932	66.6177	67.6409
1933	66.6177	67.6477
1934	66.6177	67.2223
1935	66.6177	68.1139
1936	66.6177	68.2152
1937	66.6177	68.6779
1938	66.6177	66.6371
1939	66.6177	66.639
1940	66.6177	66.6651
1941	66.6177	67.1206
1942	66.6177	69.4372
1943	66.6177	68.0493
1944	66.6177	67.8214
1945	66.6177	67.5127
1946	66.6177	69.2069
1947	66.6177	67.2602
1948	66.6177	67.5912
1949	66.6177	68.7506
1950	66.6177	67.7678
1951	66.6177	67.7244
1952	66.6177	66.7156
1953	66.6177	66.6205
1954	66.6177	66.6177
1955	66.6177	67.0637
1956	66.6177	68.0842
1957	66.6177	67.6304
1958	66.6177	68.0218
1959	66.6177	67.232
1960	66.6177	67.452
1961	66.6177	67.0171
1962	66.6177	67.0492
1963	66.6177	67.4729
1964	66.6177	68.267
1965	66.6177	67.7187
1966	66.6177	68.5974
1967	66.6177	68.2312
1968	66.6177	67.2593
1969	66.6177	66.6988
1970	66.6177	67.7108
1971	66.6177	67.9178
1972	66.6177	68.8122
1973	66.6177	67.1726
1974	66.6177	69.5915
1975	66.6177	67.5621
1976	66.6177	66.7875
1977	66.6177	67.0728
1978	66.6177	67.0224
1979	66.6177	66.7927
1980	66.6177	66.8405
1981	66.6177	66.8039
1982	66.6177	67.4775
1983	66.6177	67.1376
1984	66.6177	66.807
1985	66.6177	67.3256
1986	66.6177	66.9981
1987	66.6177	66.811
1988	66.6177	67.1291
1989	66.6177	66.6606
1990	66.6177	66.7075
1991	66.6177	68.0294
1992	66.6177	69.65
1993	66.6177	67.6226
1994	66.6177	67.7224
1995	66.6177	66.8621
1996	66.6177	67.3871
1997	66.6177	66.7676
1998	66.6177	67.8612
1999	66.6177	67.4859
2000	66.6177	67.4439
2001	66.6177	68.0544
2002	66.6177	68.5399
2003	66.6177	68.4982
2004	66.6177	67.6342
2005	66.6177	67.0779
2006	66.6177	67.4857
2007	66.6177	67.293
2008	66.6177	68.4591
2009	66.6177	66.8737
2010	66.6177	66.7857
2011	66.6177	66.8821
2012	66.6177	66.6177
2013	66.6177	66.6654
2014	66.6177	67.2923
2015	66.6177	68.0555
2016	66.6177	67.8351
2017	66.6177	67.9164
2018	66.6177	68.2918
2019	66.6177	67.762
2020	66.6177	66.6345
2021	66.6177	66.8914
2022	66.6177	68.139
2023	66.6177	68.9835
2024	66.6177	68.2364
2025	66.6177	68.0968
2026	66.6177	68.6472
2027	66.6177	69.0719
2028	66.6177	68.4265
2029	66.6177	69.2666
2030	66.6177	67.1594
2031	66.6177	67.9719
2032	66.6177	67.9184
2033	66.6177	68.8551
2034	66.6177	69.136
2035	66.6177	69.6823
2036	66.6177	69.2611
2037	66.6177	68.6067
2038	66.6177	68.8208
2039	66.6177	68.4141
2040	66.6177	66.6177
2041	66.6177	66.6362
2042	66.6177	68.0208
2043	66.6177	67.3155
2044	66.6177	67.2273
2045	66.6177	66.9589
2046	66.6177	67.7032
2047	66.6177	69.0828
2048	66.6177	67.5923
2049	66.6177	67.9167
2050	66.6177	67.2283
2051	66.6177	66.8485
2052	66.6177	67.7366
2053	66.6177	67.8247
2054	66.6177	67.204
2055	66.6177	66.8188
2056	66.6177	67.7056
2057	66.6177	67.2671
2058	66.6177	66.8569
2059	66.6177	67.1441
2060	66.6177	67.1816
2061	66.6177	68.6905
2062	66.6177	67.0879
2063	66.6177	66.753
2064	66.6177	66.6177
2065	66.6177	66.6177
2066	66.6177	66.7094
2067	66.6177	66.7855
2068	66.6177	66.6177
2069	66.6177	66.6177
2070	66.6177	67.3459
2071	66.6177	68.153
2072	66.6177	68.3783
2073	66.6177	67.1101
2074	66.6177	68.1313
2075	66.6177	69.5235
2076	66.6177	68.3916
2077	66.6177	67.7297
2078	66.6177	67.2991
2079	66.6177	67.2515
2080	66.6177	67.3789
2081	66.6177	67.357
2082	66.6177	67.2039
2083	66.6177	66.638
2084	66.6177	66.9102
2085	66.6177	66.8804
2086	66.6177	66.6177
2087	66.6177	67.0771
2088	66.6177	67.5087
2089	66.6177	67.4698
2090	66.6177	68.4247
2091	66.6177	67.753
2092	66.6177	67.2569
2093	66.6177	66.9965
2094	66.6177	66.652
2095	66.6177	66.9521
2096	66.6177	66.8791
2097	66.6177	67.0372
2098	66.6177	67.3281
2099	66.6177	66.6466
2100	66.6177	67.1763
2101	66.6177	67.1296
2102	66.6177	67.5083
2103	66.6177	67.6064
2104	66.6177	68.1153
2105	66.6177	68.4915
2106	66.6177	67.1062
2107	66.6177	66.9362
2108	66.6177	66.9646
2109	66.6177	67.9426
2110	66.6177	69.0904
2111	66.6177	69.0144
2112	66.6177	67.4697
2113	66.6177	68.2486
2114	66.6177	67.6637
2115	66.6177	67.0994
2116	66.6177	67.0186
2117	66.6177	66.9344
2118	66.6177	66.8073
2119	66.6177	66.9811
2120	66.6177	66.7138
2121	66.6177	67.354
2122	66.6177	66.6717
2123	66.6177	66.9281
2124	66.6177	66.7432
2125	66.6177	66.7057
2126	66.6177	67.0297
2127	66.6177	67.9015
2128	66.6177	68.8403
2129	66.6177	67.1474
2130	66.6177	66.9121
2131	66.6177	67.7643
2132	66.6177	67.4112
2133	66.6177	68.564
2134	66.6177	68.0634
2135	66.6177	67.5493
2136	66.6177	68.1234
2137	66.6177	67.0048
2138	66.6177	67.3881
2139	66.6177	66.8846
2140	66.6177	66.8541
2141	66.6177	66.7315
2142	66.6177	67.3733
2143	66.6177	68.4932
2144	66.6177	68.8931
2145	66.6177	68.9826
2146	66.6177	67.5068
2147	66.6177	68.3438
2148	66.6177	67.2027
2149	66.6177	67.8394
2150	66.6177	67.077
2151	66.6177	68.393
2152	66.6177	67.5141
2153	66.6177	67.3739
2154	66.6177	66.6236
2155	66.6177	66.662
2156	66.6177	66.6177
2157	66.6177	66.6177
2158	66.6177	66.6177
2159	66.6177	66.6177
2160	66.6177	66.9549
2161	66.6177	67.0045
2162	66.6177	67.1646
2163	66.6177	68.2088
2164	66.6177	66.81
2165	66.6177	66.8294
2166	66.6177	68.4173
2167	66.6177	67.7927
2168	66.6177	67.8739
2169	66.6177	66.6177
2170	66.6177	66.7962
2171	66.6177	66.6177
2172	66.6177	66.7471
2173	66.6177	67.1488
2174	66.6177	67.1132
2175	66.6177	67.4623
2176	66.6177	66.7783
2177	66.6177	67.8329
2178	66.6177	67.2237
2179	66.6177	67.0705
2180	66.6177	68.0158
2181	66.6177	67.0977
2182	66.6177	67.9487
2183	66.6177	66.7761
2184	66.6177	67.6041
2185	66.6177	68.552
2186	66.6177	68.6491
2187	66.6177	66.9049
2188	66.6177	66.8399
2189	66.6177	66.7768
2190	66.6177	67.8297
2191	66.6177	67.2433
2192	66.6177	67.0709
2193	66.6177	67.1426
2194	66.6177	67.4426
2195	66.6177	66.7297
2196	66.6177	67.3163
2197	66.6177	67.6191
2198	66.6177	67.3922
2199	66.6177	66.7274
2200	66.6177	66.7229
2201	66.6177	67.0407
2202	66.3119	66.9883
2203	66.3119	67.7924
2204	66.3119	67.3172
2205	66.3119	66.9988
2206	66.3119	67.1738
2207	66.3119	67.0141
2208	66.3119	66.9636
2209	66.3119	66.9881
2210	66.3119	66.3954
2211	66.3119	66.5494
2212	66.3119	67.0244
2213	66.3119	66.5115
2214	66.3119	66.3696
2215	66.3119	66.6732
2216	66.3119	66.8112
2217	66.3119	68.3371
2218	66.3119	67.0573
2219	66.3119	69.0683
2220	66.3119	67.4022
2221	66.3119	67.8227
2222	66.3119	66.3988
2223	66.3119	66.6204
2224	66.3119	66.5917
2225	66.3119	66.7808
2226	66.3119	66.8184
2227	66.3119	67.3188
2228	66.3119	66.3797
2229	66.3119	66.3119
2230	66.3119	66.3119
2231	66.3119	66.3119
2232	66.3119	66.4296
2233	66.3119	66.3831
2234	66.3119	66.3977
2235	66.3119	67.6575
2236	66.3119	66.7945
2237	66.3119	67.0502
2238	66.3119	67.1958
2239	66.3119	67.9463
2240	66.3119	66.7878
2241	66.3119	66.4958
2242	66.3119	67.5527
2243	66.3119	67.314
2244	66.3119	66.6711
2245	66.3119	66.4196
2246	66.3119	66.5167
2247	66.3119	66.5229
2248	66.3119	66.3119
2249	66.3119	66.6658
2250	66.3119	66.7164
2251	66.3119	67.0733
2252	66.3119	66.5737
2253	66.3119	66.5221
2254	66.3119	66.7515
2255	66.3119	66.5114
2256	66.3119	66.668
2257	66.3119	66.3352
2258	66.3119	66.3119
2259	66.3119	66.3765
2260	66.3119	66.3119
2261	66.3119	66.3119
2262	66.3119	66.4103
2263	66.3119	66.4243
2264	66.3119	66.3243
2265	66.3119	66.7002
2266	66.3119	69.4173
2267	66.3119	67.5371
2268	66.3119	67.1172
2269	66.3119	66.9068
2270	66.3119	67.5822
2271	66.3119	68.86
2272	66.3119	67.6988
2273	66.3119	68.3672
2274	66.3119	68.0059
2275	66.3119	66.6126
2276	66.3119	66.4616
2277	66.3119	67.7243
2278	66.3119	67.2128
2279	66.3119	66.6538
2280	66.3119	67.0622
2281	66.3119	66.7586
2282	66.3119	66.8747
2283	66.3119	66.4126
2284	66.3119	66.3119
2285	66.3119	66.4487
2286	66.3119	66.4558
2287	66.3119	66.3119
2288	66.3119	66.3831
2289	66.3119	66.4598
2290	66.3119	66.4378
2291	66.3119	67.0322
2292	66.3119	66.6651
2293	66.3119	66.3119
2294	66.3119	66.5399
2295	66.3119	66.6123
2296	66.3119	66.7435
2297	66.3119	66.8225
2298	66.3119	66.7029
2299	66.3119	67.3171
2300	66.3119	66.8586
2301	66.3119	67.1043
2302	66.3119	66.6038
2303	66.3119	66.3119
2304	66.3119	66.3119
2305	66.3119	66.557
2306	66.3119	66.5026
2307	66.3119	66.3119
2308	66.3119	66.9207
2309	66.3119	67.1114
2310	66.3119	68.7311
2311	66.3119	66.3119
2312	66.3119	66.6728
2313	66.3119	66.4138
2314	66.3119	66.3272
2315	66.3119	66.9441
2316	66.3119	66.4212
2317	66.3119	66.4123
2318	66.3119	66.5037
2319	66.3119	67.3363
2320	66.3119	66.5573
2321	66.3119	66.7968
2322	66.3119	68.1802
2323	66.3119	67.8039
2324	66.3119	67.8556
2325	66.3119	66.58
2326	66.3119	66.3119
2327	66.3119	66.3119
2328	66.3119	66.3119
2329	66.3119	66.3119
2330	66.3119	66.3274
2331	66.3119	66.3436
2332	66.3119	66.5079
2333	66.3119	66.3119
2334	66.3119	66.5259
2335	66.3119	67.8055
2336	66.3119	67.3318
2337	66.3119	67.6853
2338	66.3119	67.9705
2339	66.3119	70.031
2340	66.3119	68.2404
2341	66.3119	66.3778
2342	66.3119	66.5336
2343	66.3119	66.6614
2344	66.3119	66.858
2345	66.3119	66.3243
2346	66.3119	66.4278
2347	66.3119	66.5387
2348	66.3119	66.3659
2349	66.3119	66.5542
2350	66.3119	67.0865
2351	66.3119	66.6031
2352	66.3119	66.313
2353	66.3119	66.3335
2354	66.3119	66.8387
2355	66.3119	66.7341
2356	66.3119	66.9545
2357	66.3119	66.7578
2358	66.3119	66.9121
2359	66.3119	67.3804
2360	66.3119	66.8332
2361	66.3119	66.9369
2362	66.3119	67.3375
2363	66.3119	67.0684
2364	66.3119	67.4989
2365	66.3119	66.4314
2366	66.3119	66.3734
2367	66.3119	66.3119
2368	66.3119	66.4654
2369	66.3119	67.0108
2370	66.3119	66.928
2371	66.3119	67.5456
2372	66.3119	67.3109
2373	66.3119	67.6763
2374	66.3119	66.9424
2375	66.3119	67.9901
2376	66.3119	67.1844
2377	66.3119	66.7482
2378	66.3119	67.0854
2379	66.3119	66.515
2380	66.3119	66.3119
2381	66.3119	66.4972
2382	66.3119	66.6115
2383	66.3119	67.1469
2384	66.3119	67.2819
2385	66.3119	66.6505
2386	66.3119	67.3012
2387	66.3119	69.1049
2388	66.3119	67.8859
2389	66.3119	67.9944
2390	66.3119	67.8722
2391	66.3119	67.9825
2392	66.3119	67.4348
2393	66.3119	67.1916
2394	66.3119	66.6955
2395	66.3119	66.3341
2396	66.3119	67.1819
2397	66.3119	69.9182
2398	66.3119	69.0414
2399	66.3119	67.992
2400	66.3119	67.1764
2401	66.3119	66.3244
2402	66.3119	66.85
2403	66.3119	66.4712
2404	66.3119	66.427
2405	66.3119	66.6486
2406	66.3119	66.9841
2407	66.3119	66.3373
2408	66.3119	66.6429
2409	66.3119	67.7971
2410	66.3119	67.4409
2411	66.3119	66.9214
2412	66.3119	66.3415
2413	66.3119	67.4679
2414	66.3119	66.3204
2415	66.3119	66.3204
2416	66.3119	66.6326
2417	66.3119	67.7966
2418	66.3119	67.4225
2419	66.3119	66.4368
2420	66.3119	66.3239
2421	66.3119	67.6019
2422	66.3119	67.3325
2423	66.3119	67.4727
2424	66.3119	67.5532
2425	66.3119	68.6624
2426	66.3119	67.2654
2427	66.3119	66.4389
2428	66.3119	66.4791
2429	66.3119	66.3677
2430	66.3119	67.5233
2431	66.3119	67.1929
2432	66.3119	67.1226
2433	66.3119	66.5466
2434	66.3119	66.338
2435	66.3119	66.5921
2436	66.3119	66.5094
2437	66.3119	66.3421
2438	66.3119	66.5763
2439	66.3119	66.6592
2440	66.3119	66.3119
2441	66.3119	66.8244
2442	66.3119	66.8739
2443	66.3119	67.4706
2444	66.3119	66.8589
2445	66.3119	66.3572
2446	66.3119	66.317
2447	66.3119	66.3119
2448	66.3119	66.362
2449	66.3119	66.3373
2450	66.3119	66.7557
2451	66.3119	66.4424
2452	66.3119	66.7192
2453	66.3119	66.3528
2454	66.3119	66.781
2455	66.3119	67.382
2456	66.3119	66.6495
2457	66.3119	67.4197
2458	66.3119	67.7999
2459	66.3119	66.945
2460	66.3119	68.113
2461	66.3119	66.7076
2462	66.3119	66.6492
2463	66.3119	67.4133
2464	66.3119	67.8783
2465	66.3119	67.7361
2466	66.3119	67.5769
2467	66.3119	67.7365
2468	66.3119	66.3279
2469	66.3119	67.5394
2470	66.3119	68.8623
2471	66.3119	66.7602
2472	66.3119	66.3119
2473	66.3119	66.3327
2474	66.3119	66.6061
2475	66.3119	66.4096
2476	66.3119	66.5731
2477	66.3119	66.506
2478	66.3119	66.3674
2479	66.3119	67.0935
2480	66.3119	67.0398
2481	66.3119	68.476
2482	66.3119	67.3108
2483	66.3119	68.4943
2484	66.3119	66.9142
2485	66.3119	66.3229
2486	66.3119	66.313
2487	66.3119	66.3119
2488	66.3119	66.5155
2489	66.3119	66.3119
2490	66.3119	66.6691
2491	66.3119	66.7656
2492	66.3119	66.4017
2493	66.3119	66.9013
2494	66.3119	66.3119
2495	66.3119	66.5534
2496	66.3119	66.4384
2497	66.3119	66.4059
2498	66.3119	66.4219
2499	66.3119	66.3119
2500	66.3119	66.3119
2501	66.3119	66.633
2502	66.3119	66.6416
2503	66.3119	66.6349
2504	66.3119	66.6616
2505	66.3119	66.9061
2506	66.3119	66.6472
2507	66.3119	66.5048
2508	66.3119	67.434
2509	66.3119	69.8503
2510	66.3119	68.567
2511	66.3119	68.256
2512	66.3119	68.9304
2513	66.3119	67.7346
2514	66.3119	66.3401
2515	66.3119	66.3378
2516	66.3119	66.3119
2517	66.3119	66.3783
2518	66.3119	66.3384
2519	66.3119	66.5495
2520	66.3119	66.3119
2521	66.3119	66.3384
2522	66.3119	66.3119
2523	66.3119	66.5056
2524	66.3119	68.6166
2525	66.3119	68.9613
2526	66.3119	68.4376
2527	66.3119	67.9197
2528	66.3119	66.8177
2529	66.3119	66.6258
2530	66.3119	66.8516
2531	66.3119	67.6501
2532	66.3119	66.9698
2533	66.3119	66.3409
2534	66.3119	66.3119
2535	66.3119	66.3119
2536	66.3119	66.4079
2537	66.3119	66.3692
2538	66.3119	66.8634
2539	66.3119	66.3119
2540	66.3119	66.6519
2541	66.3119	66.8123
2542	66.3119	66.4149
2543	66.3119	66.7205
2544	66.3119	67.7891
2545	66.3119	67.534
2546	66.3119	68.2017
2547	66.3119	67.6802
2548	66.3119	66.7413
2549	66.3119	66.3731
2550	66.3119	66.3119
2551	66.3119	66.4082
2552	66.3119	66.5824
2553	66.3119	66.4032
2554	66.3119	66.3119
2555	66.3119	66.5866
2556	66.3119	66.4885
2557	66.3119	66.3235
2558	66.3119	66.3376
2559	66.3119	66.4665
2560	66.3119	66.911
2561	66.3119	67.8178
2562	66.3119	66.3119
2563	66.3119	66.3119
2564	66.3119	66.3452
2565	66.3119	66.3258
2566	66.3119	66.3119
2567	66.3119	66.3229
2568	66.3119	66.3119
2569	66.3119	66.3198
2570	66.3119	67.7714
2571	66.3119	67.6426
2572	66.3119	66.5842
2573	66.3119	67.0195
2574	66.3119	66.3803
2575	66.3119	66.5159
2576	66.3119	66.4708
2577	66.3119	68.4278
2578	66.3119	68.2339
2579	66.3119	66.5186
2580	66.3119	66.8094
2581	66.3119	67.0468
2582	66.3119	67.1073
2583	66.3119	67.0547
2584	66.3119	67.2705
2585	66.3119	66.339
2586	66.3119	66.7878
2587	66.3119	66.3634
2588	66.3119	66.3119
2589	66.3119	66.3119
2590	66.3119	66.3119
2591	66.3119	66.3119
2592	66.3119	66.5081
2593	66.3119	66.4299
2594	66.3119	66.698
2595	66.3119	66.4313
2596	66.3119	66.573
2597	66.3119	66.5075
2598	66.3119	67.4916
2599	66.3119	67.2445
2600	66.3119	66.5574
2601	66.3119	67.1211
2602	66.3119	66.3412
2603	66.3119	66.3637
2604	66.3119	66.9969
2605	66.3119	66.4237
2606	66.3119	66.7961
2607	66.3119	66.9513
2608	66.3119	66.6678
2609	66.3119	66.3119
2610	66.3119	66.4856
2611	66.3119	66.3192
2612	66.3119	66.6797
2613	66.3119	66.523
2614	66.3119	66.4444
2615	66.3119	66.4497
2616	66.3119	66.4016
2617	66.3119	66.3868
2618	66.3119	66.3119
2619	66.3119	66.4729
2620	66.3119	66.3589
2621	66.3119	66.4303
2622	66.3119	66.4539
2623	66.3119	66.3183
2624	66.3119	66.6195
2625	66.3119	67.0799
2626	66.3119	68.1775
2627	66.3119	67.7206
2628	66.3119	66.9472
2629	66.3119	66.7627
2630	66.3119	67.3792
2631	66.3119	67.0915
2632	66.3119	67.7125
2633	66.3119	68.061
2634	66.3119	66.5805
2635	66.3119	67.6773
2636	66.3119	68.0095
2637	66.3119	68.4501
2638	66.3119	69.1385
2639	66.3119	68.9954
2640	66.3119	68.3239
2641	66.3119	68.3509
2642	66.3119	66.7593
2643	66.3119	67.1129
2644	66.3119	66.6958
2645	66.3119	66.4433
2646	66.3119	67.2261
2647	66.3119	68.9977
2648	66.3119	67.8528
2649	66.3119	69.3705
2650	66.3119	68.0386
2651	66.3119	66.6901
2652	66.3119	66.7336
2653	66.3119	67.7187
2654	66.3119	66.7577
2655	66.3119	68.2479
2656	66.3119	68.0743
2657	66.3119	67.7369
2658	66.3119	67.997
2659	66.3119	67.1875
2660	66.3119	66.8787
2661	66.3119	67.1628
2662	66.3119	67.1173
2663	66.3119	66.3361
2664	66.3119	66.5803
2665	66.3119	67.1636
2666	66.3119	66.7486
2667	66.3119	66.3172
2668	66.3119	66.3564
2669	66.3119	68.0152
2670	66.3119	68.5321
2671	66.3119	67.8306
2672	66.3119	67.576
2673	66.3119	67.019
2674	66.3119	66.8675
2675	66.3119	66.3282
2676	66.3119	66.3119
2677	66.3119	66.3119
2678	66.3119	66.3119
2679	66.3119	66.3119
2680	66.3119	66.3119
2681	66.3119	66.3171
2682	66.3119	66.417
2683	66.3119	66.3298
2684	66.3119	66.4972
2685	66.3119	66.4069
2686	66.3119	66.4353
2687	66.3119	66.614
2688	66.3119	66.6077
2689	66.3119	66.32
2690	66.3119	66.3119
2691	66.3119	66.3119
2692	66.3119	66.3891
2693	66.3119	66.648
2694	66.3119	66.4725
2695	66.3119	66.5819
2696	66.3119	66.3595
2697	66.3119	66.7118
2698	66.3119	66.4137
2699	66.3119	66.3119
2700	66.3119	66.3248
2701	66.3119	66.3119
2702	66.3119	66.4472
2703	66.3119	66.3679
2704	66.3119	67.6898
2705	66.3119	69.8643
2706	66.3119	70.1248
2707	66.3119	68.7562
2708	66.3119	69.3049
2709	66.3119	66.8865
2710	66.3119	66.3737
2711	66.3119	66.4504
2712	66.3119	67.4956
2713	66.3119	68.5135
2714	66.3119	67.3423
2715	66.3119	68.3108
2716	66.3119	67.7973
2717	66.3119	66.8604
2718	66.3119	67.5276
2719	66.3119	66.5629
2720	66.3119	66.6766
2721	66.3119	67.7393
2722	66.3119	69.4189
2723	66.3119	68.3558
2724	66.3119	67.0717
2725	66.3119	66.4423
2726	66.3119	68.1798
2727	66.3119	68.3037
2728	66.3119	68.2206
2729	66.3119	67.6974
2730	66.3119	67.4869
2731	66.3119	66.8066
2732	66.3119	66.5164
2733	66.3119	66.61
2734	66.3119	66.3769
2735	66.3119	66.7474
2736	66.3119	66.3119
2737	66.3119	67.0503
2738	66.3119	67.5823
2739	66.3119	66.6998
2740	66.3119	66.4302
2741	66.3119	66.3292
2742	66.3119	68.4456
2743	66.3119	68.6786
2744	66.3119	69.7691
2745	66.3119	67.1044
2746	66.3119	67.355
2747	66.3119	67.5178
2748	66.3119	68.5997
2749	66.3119	67.8659
2750	66.3119	66.8511
2751	66.3119	67.4063
2752	66.3119	67.3942
2753	66.3119	66.961
2754	66.3119	66.5565
2755	66.3119	66.3119
2756	66.3119	66.3119
2757	66.3119	66.3585
2758	66.3119	67.1551
2759	66.3119	66.4723
2760	66.3119	66.3559
2761	66.3119	66.3355
2762	66.3119	66.7984
2763	66.3119	66.3926
2764	66.3119	66.7888
2765	66.3119	67.2391
2766	66.3119	66.8649
2767	66.3119	67.5885
2768	66.3119	67.1945
2769	66.3119	66.642
2770	66.3119	66.3185
2771	66.3119	66.3455
2772	66.3119	68.0305
2773	66.3119	67.1057
2774	66.3119	66.5668
2775	66.3119	66.4553
2776	66.3119	66.3879
2777	66.3119	66.6958
2778	66.3119	66.7215
2779	66.3119	66.3343
2780	66.3119	66.7489
2781	66.3119	66.9254
2782	66.3119	66.6011
2783	66.3119	67.3778
2784	66.3119	66.5785
2785	66.3119	66.398
2786	66.3119	66.3373
2787	66.3119	66.3119
2788	66.3119	66.7884
2789	66.3119	66.9478
2790	66.3119	66.4943
2791	66.3119	66.7953
2792	66.3119	66.5864
2793	66.3119	67.0553
2794	66.3119	67.7533
2795	66.3119	68.4726
2796	66.3119	67.097
2797	66.3119	66.5179
2798	66.3119	66.8826
2799	66.3119	66.8891
2800	66.3119	67.4647
2801	66.3119	67.1555
2802	66.3119	67.3287
2803	66.3119	67.1517
2804	66.3119	66.4264
2805	66.3119	66.9627
2806	66.3119	67.348
2807	66.3119	66.4011
2808	66.3119	66.6515
2809	66.3119	66.389
2810	66.3119	66.8408
2811	66.3119	66.7945
2812	66.3119	66.3896
2813	66.3119	66.7804
2814	66.3119	67.8855
2815	66.3119	67.7524
2816	66.3119	67.9217
2817	66.3119	66.5484
2818	66.3119	66.4653
2819	66.3119	66.5838
2820	66.3119	66.6282
2821	66.3119	66.92
2822	66.3119	67.4465
2823	66.3119	67.7481
2824	66.3119	67.5386
2825	66.3119	67.3353
2826	66.3119	66.3545
2827	66.3119	66.3156
2828	66.3119	66.3345
2829	66.3119	66.4798
2830	66.3119	67.6645
2831	66.3119	67.8024
2832	66.3119	68.4949
2833	66.3119	69.2832
2834	66.3119	67.4624
2835	66.3119	67.0209
2836	66.3119	67.5833
2837	66.3119	67.7107
2838	66.3119	68.3427
2839	66.3119	67.859
2840	66.3119	67.2353
2841	66.3119	67.1573
2842	66.3119	68.2125
2843	66.3119	69.151
2844	66.3119	69.1236
2845	66.3119	69.2494
2846	66.3119	67.8433
2847	66.3119	68.0256
2848	66.3119	68.1053
2849	66.3119	67.9465
2850	66.3119	66.6238
2851	66.3119	66.3752
2852	66.3119	66.3491
2853	66.3119	66.3119
2854	66.3119	66.3119
2855	66.3119	66.3813
2856	66.3119	66.3854
2857	66.3119	66.6015
2858	66.3119	66.3636
2859	66.3119	66.6961
2860	66.3119	66.5198
2861	66.3119	66.5947
2862	66.3119	66.3119
2863	66.3119	66.3119
2864	66.3119	66.3119
2865	66.3119	66.3119
2866	66.3119	66.3119
2867	66.3119	66.3119
2868	66.3119	66.3119
2869	66.3119	66.3119
2870	66.3119	66.3119
2871	66.3119	66.6523
2872	66.3119	66.6666
2873	66.3119	67.1112
2874	66.3119	66.3119
2875	66.3119	66.3392
2876	66.3119	66.3119
2877	66.3119	66.7698
2878	66.3119	67.3103
2879	66.3119	66.9984
2880	66.3119	66.7328
2881	66.3119	66.6641
2882	66.3119	68.1304
2883	66.3119	67.7891
2884	66.3119	67.6201
2885	66.3119	68.3733
2886	66.3119	67.7747
2887	66.3119	66.7445
2888	66.3119	66.3201
2889	66.3119	66.4464
2890	66.3119	67.8319
2891	66.3119	66.8538
2892	66.3119	66.8759
2893	66.3119	66.3119
2894	66.3119	68.2182
2895	66.3119	66.3119
2896	66.3119	66.3119
2897	66.3119	66.3119
2898	66.3119	66.3119
2899	66.3119	67.3065
2900	66.3119	67.0551
2901	66.3014	69.3882
2902	66.3014	67.8827
2903	66.3014	68.0312
2904	66.3014	66.7079
2905	66.3014	66.6499
2906	66.3014	67.7144
2907	66.3014	68.5248
2908	66.3014	68.2626
2909	66.3014	67.7631
2910	66.3014	67.3496
2911	66.3014	67.9796
2912	66.3014	66.6534
2913	66.3014	66.6739
2914	66.3014	68.4137
2915	66.3014	67.6457
2916	66.3014	68.0369
2917	66.3014	67.7691
2918	66.3014	68.1613
2919	66.3014	66.9107
2920	66.3014	67.8464
2921	66.3014	68.4882
2922	66.3014	67.0731
2923	66.3014	67.0285
2924	66.3014	66.846
2925	66.3014	68.2924
2926	66.3014	68.1262
2927	66.3014	67.5377
2928	66.3014	67.2942
2929	66.3014	66.3059
2930	66.3014	67.4723
2931	66.3014	68.026
2932	66.3014	67.2586
2933	66.3014	66.5222
2934	66.3014	66.3237
2935	66.3014	66.3014
2936	66.3014	67.4539
2937	66.3014	67.2959
2938	66.3014	68.1558
2939	66.3014	67.5249
2940	66.3014	67.2504
2941	66.3014	66.5869
2942	66.3014	66.4942
2943	66.3014	66.3014
2944	66.3014	66.3014
2945	66.3014	66.3753
2946	66.3014	66.3014
2947	66.3014	66.3014
2948	66.3014	66.6448
2949	66.3014	66.7421
2950	66.3014	66.5167
2951	66.3014	67.2068
2952	66.3014	66.6125
2953	66.3014	66.8644
2954	66.3014	66.4017
2955	66.3014	66.3452
2956	66.3014	66.664
2957	66.3014	66.4429
2958	66.3014	66.4933
2959	66.3014	66.3856
2960	66.3014	66.3014
2961	66.3014	66.5627
2962	66.3014	66.3014
2963	66.3014	66.5064
2964	66.3014	68.2913
2965	66.3014	67.4209
2966	66.3014	67.0638
2967	66.3014	66.9389
2968	66.3014	66.3783
2969	66.3014	66.3014
2970	66.3014	66.6329
2971	66.3014	66.3014
2972	66.3014	66.5286
2973	66.3014	66.4636
2974	66.3014	66.4393
2975	66.3014	66.4782
2976	66.3014	67.3201
2977	66.3014	66.8001
2978	66.3014	67.348
2979	66.3014	68.3798
2980	66.3014	68.0991
2981	66.3014	66.8784
2982	66.3014	67.466
2983	66.3014	66.4366
2984	66.3014	67.1115
2985	66.3014	66.8923
2986	66.3014	66.3014
2987	66.3014	66.3014
2988	66.3014	66.3014
2989	66.3014	66.3014
2990	66.3014	66.4406
2991	66.3014	66.3014
2992	66.3014	66.3141
2993	66.3014	66.8623
2994	66.3014	66.3604
2995	66.3014	66.3885
2996	66.3014	66.3576
2997	66.3014	67.1477
2998	66.3014	67.5205
2999	66.3014	67.8413
3000	66.3014	68.5196
3001	66.3014	68.0598
3002	66.3014	67.3991
3003	66.3014	66.6416
3004	66.3014	66.611
3005	66.3014	67.4401
3006	66.3014	68.3624
3007	66.3014	67.7598
3008	66.3014	67.6958
3009	66.3014	66.7511
3010	66.3014	66.8451
3011	66.3014	66.5886
3012	66.3014	66.7515
3013	66.3014	66.3014
3014	66.3014	66.3014
3015	66.3014	66.8014
3016	66.3014	66.3014
3017	66.3014	66.4696
3018	66.3014	66.4423
3019	66.3014	66.7461
3020	66.3014	66.4414
3021	66.3014	66.5774
3022	66.3014	67.0181
3023	66.3014	66.3755
3024	66.3014	67.3866
3025	66.3014	67.2077
3026	66.3014	66.7397
3027	66.3014	67.5472
3028	66.3014	66.5808
3029	66.3014	67.2767
3030	66.3014	67.1591
3031	66.3014	66.5608
3032	66.3014	66.7276
3033	66.3014	66.4023
3034	66.3014	66.3193
3035	66.3014	66.4263
3036	66.3014	66.5944
3037	66.3014	66.3105
3038	66.3014	66.9246
3039	66.3014	66.3333
3040	66.3014	66.5182
3041	66.3014	66.9013
3042	66.3014	66.6015
3043	66.3014	66.4
3044	66.3014	66.4732
3045	66.3014	66.4588
3046	66.3014	67.4559
3047	66.3014	66.4164
3048	66.3014	66.4204
3049	66.3014	66.5163
3050	66.3014	67.0541
3051	66.3014	67.6115
3052	66.3014	66.6528
3053	66.3014	66.3155
3054	66.3014	66.3014
3055	66.3014	66.3014
3056	66.3014	66.3014
3057	66.3014	66.9552
3058	66.3014	66.3014
3059	66.3014	66.3014
3060	66.3014	66.4112
3061	66.3014	67.6666
3062	66.3014	66.556
3063	66.3014	66.3601
3064	66.3014	67.1166
3065	66.3014	66.3014
3066	66.3014	66.3014
3067	66.3014	66.3014
3068	66.3014	66.3014
3069	66.3014	66.4868
3070	66.3014	66.3957
3071	66.3014	66.8892
3072	66.3014	66.852
3073	66.3014	66.982
3074	66.3014	66.7241
3075	66.3014	66.7052
3076	66.3014	67.2182
3077	66.3014	66.7116
3078	66.3014	66.5089
3079	66.3014	66.7605
3080	66.3014	66.553
3081	66.3014	66.3014
3082	66.3014	66.3014
3083	66.3014	66.3014
3084	66.3014	66.3014
3085	66.3014	66.3014
3086	66.3014	66.4691
3087	66.3014	66.6126
3088	66.3014	66.987
3089	66.3014	67.1397
3090	66.3014	66.9427
3091	66.3014	66.3355
3092	66.3014	66.4194
3093	66.3014	66.7056
3094	66.3014	66.8717
3095	66.3014	66.3673
3096	66.3014	66.9469
3097	66.3014	66.3122
3098	66.3014	66.4165
3099	66.3014	66.6264
3100	66.3014	66.3014
3101	66.3014	66.6252
3102	66.3014	66.5246
3103	66.3014	66.8413
3104	66.3014	66.6902
3105	66.3014	67.2109
3106	66.3014	66.7796
3107	66.3014	67.3694
3108	66.3014	66.5584
3109	66.3014	66.9844
3110	66.3014	66.7696
3111	66.3014	67.508
3112	66.3014	66.3232
3113	66.3014	66.3141
3114	66.3014	66.9629
3115	66.3014	66.6864
3116	66.3014	68.0873
3117	66.3014	67.5212
3118	66.3014	68.0595
3119	66.3014	67.0632
3120	66.3014	66.5123
3121	66.3014	67.4236
3122	66.3014	66.7378
3123	66.3014	66.8705
3124	66.3014	67.001
3125	66.3014	66.6775
3126	66.3014	67.1337
3127	66.3014	67.2838
3128	66.3014	66.3701
3129	66.3014	66.3225
3130	66.3014	67.5126
3131	66.3014	68.7874
3132	66.3014	67.584
3133	66.3014	68.0169
3134	66.3014	67.3312
3135	66.3014	66.4225
3136	66.3014	67.1524
3137	66.3014	67.6287
3138	66.3014	67.5017
3139	66.3014	70.5866
3140	66.3014	69.6966
3141	66.3014	71.3104
3142	66.3014	70.1355
3143	66.3014	67.809
3144	66.3014	66.9786
3145	66.3014	68.0673
3146	66.3014	67.2136
3147	66.3014	66.5727
3148	66.3014	66.9738
3149	66.3014	66.7827
3150	66.3014	66.6264
3151	66.3014	67.021
3152	66.3014	66.318
3153	66.3014	66.3096
3154	66.3014	66.3014
3155	66.3014	66.3014
3156	66.3014	66.3014
3157	66.3014	66.4581
3158	66.3014	66.498
3159	66.3014	66.3693
3160	66.3014	66.7415
3161	66.3014	66.5687
3162	66.3014	67.087
3163	66.3014	67.6532
3164	66.3014	67.0039
3165	66.3014	66.9666
3166	66.3014	67.462
3167	66.3014	67.0589
3168	66.3014	66.354
3169	66.3014	66.5207
3170	66.3014	66.5233
3171	66.3014	67.0345
3172	66.3014	66.9214
3173	66.3014	67.0424
3174	66.3014	67.5464
3175	66.3014	67.025
3176	66.3014	67.7319
3177	66.3014	68.3675
3178	66.3014	67.748
3179	66.3014	67.3599
3180	66.3014	66.5601
3181	66.3014	66.6224
3182	66.3014	67.1364
3183	66.3014	67.0224
3184	66.3014	66.4601
3185	66.3014	69.232
3186	66.3014	68.4414
3187	66.3014	67.0964
3188	66.3014	67.6641
3189	66.3014	67.4906
3190	66.3014	66.3284
3191	66.3014	66.3014
3192	66.3014	66.4308
3193	66.3014	66.4791
3194	66.3014	66.9349
3195	66.3014	68.6125
3196	66.3014	68.614
3197	66.3014	67.3391
3198	66.3014	68.0084
3199	66.3014	67.41
3200	66.3014	66.9217
3201	66.3014	66.3014
3202	66.3014	66.3689
3203	66.3014	66.539
3204	66.3014	67.3033
3205	66.3014	66.9221
3206	66.3014	67.1986
3207	66.3014	68.4401
3208	66.3014	66.3014
3209	66.3014	66.8822
3210	66.3014	66.4893
3211	66.3014	66.3415
3212	66.3014	66.4333
3213	66.3014	66.8338
3214	66.3014	66.718
3215	66.3014	66.3014
3216	66.3014	66.3014
3217	66.3014	66.4636
3218	66.3014	66.8873
3219	66.3014	66.8739
3220	66.3014	66.3014
3221	66.3014	66.3014
3222	66.3014	66.7701
3223	66.3014	66.3253
3224	66.3014	67.2723
3225	66.3014	67.4561
3226	66.3014	67.0436
3227	66.3014	67.0812
3228	66.3014	67.051
3229	66.3014	67.2346
3230	66.3014	66.3476
3231	66.3014	66.4014
3232	66.3014	66.3427
3233	66.3014	66.3787
3234	66.3014	66.3014
3235	66.3014	66.4203
3236	66.3014	66.3014
3237	66.3014	68.1917
3238	66.3014	67.0648
3239	66.3014	67.2625
3240	66.3014	67.7044
3241	66.3014	66.5975
3242	66.3014	66.6877
3243	66.3014	69.0702
3244	66.3014	67.3047
3245	66.3014	66.3014
3246	66.3014	66.3014
3247	66.3014	66.3014
3248	66.3014	66.3014
3249	66.3014	66.3744
3250	66.3014	66.6503
3251	66.3014	66.3553
3252	66.3014	66.7679
3253	66.3014	66.8974
3254	66.3014	66.4668
3255	66.3014	67.1391
3256	66.3014	68.1989
3257	66.3014	66.847
3258	66.3014	66.3014
3259	66.3014	66.3014
3260	66.3014	66.3014
3261	66.3014	66.3014
3262	66.3014	66.5746
3263	66.3014	66.362
3264	66.3014	66.7136
3265	66.3014	66.9066
3266	66.3014	66.5894
3267	66.3014	66.3696
3268	66.3014	66.5209
3269	66.3014	67.4161
3270	66.3014	66.6018
3271	66.3014	66.8061
3272	66.3014	66.8746
3273	66.3014	67.5993
3274	66.3014	66.7694
3275	66.3014	66.7138
3276	66.3014	67.0311
3277	66.3014	66.9599
3278	66.3014	66.3014
3279	66.3014	66.3774
3280	66.3014	66.6006
3281	66.3014	66.6157
3282	66.3014	66.3282
3283	66.3014	66.3014
3284	66.3014	66.3014
3285	66.3014	66.3014
3286	66.3014	66.3014
3287	66.3014	66.8438
3288	66.3014	66.321
3289	66.3014	66.4188
3290	66.3014	66.4727
3291	66.3014	66.5691
3292	66.3014	66.7688
3293	66.3014	66.6174
3294	66.3014	66.9684
3295	66.3014	67.3823
3296	66.3014	66.8923
3297	66.3014	67.0102
3298	66.3014	67.1185
3299	66.3014	68.0906
3300	66.3014	67.212
3301	66.3014	66.3014
3302	66.3014	66.3014
3303	66.3014	66.3014
3304	66.3014	66.3014
3305	66.3014	66.3014
3306	66.3014	66.3129
3307	66.3014	67.1548
3308	66.3014	67.0054
3309	66.3014	66.8609
3310	66.3014	66.9355
3311	66.3014	66.5804
3312	66.3014	66.3014
3313	66.3014	66.408
3314	66.3014	66.5062
3315	66.3014	66.4908
3316	66.3014	66.476
3317	66.3014	66.3943
3318	66.3014	66.3014
3319	66.3014	66.3014
3320	66.3014	66.3329
3321	66.3014	66.3014
3322	66.3014	66.353
3323	66.3014	66.9216
3324	66.3014	67.036
3325	66.3014	66.7938
3326	66.3014	66.8336
3327	66.3014	66.4188
3328	66.3014	66.4513
3329	66.3014	66.4093
3330	66.3014	66.8906
3331	66.3014	66.7131
3332	66.3014	69.4366
3333	66.3014	68.3458
3334	66.3014	67.0658
3335	66.3014	67.0969
3336	66.3014	67.1051
3337	66.3014	67.1509
3338	66.3014	67.3691
3339	66.3014	66.3502
3340	66.3014	66.3373
3341	66.3014	66.9082
3342	66.3014	66.5549
3343	66.3014	66.7402
3344	66.3014	66.3918
3345	66.3014	66.3014
3346	66.3014	66.3185
3347	66.3014	66.3589
3348	66.3014	66.3234
3349	66.3014	66.3759
3350	66.3014	66.8741
3351	66.3014	66.4907
3352	66.3014	66.36
3353	66.3014	66.3014
3354	66.3014	66.5891
3355	66.3014	66.5962
3356	66.3014	66.3349
3357	66.3014	66.3716
3358	66.3014	66.5219
3359	66.3014	66.3014
3360	66.3014	66.5615
3361	66.3014	66.4686
3362	66.3014	66.9254
3363	66.3014	66.7949
3364	66.3014	66.915
3365	66.3014	68.9671
3366	66.3014	69.8145
3367	66.3014	67.0738
3368	66.3014	67.2844
3369	66.3014	67.0268
3370	66.3014	67.7112
3371	66.3014	66.94
3372	66.3014	67.5954
3373	66.3014	67.5341
3374	66.3014	67.7424
3375	66.3014	68.1708
3376	66.3014	67.3049
3377	66.3014	67.6534
3378	66.3014	67.538
3379	66.3014	66.9747
3380	66.3014	67.323
3381	66.3014	66.3788
3382	66.3014	67.4352
3383	66.3014	67.2078
3384	66.3014	66.9411
3385	66.3014	66.8204
3386	66.3014	67.4853
3387	66.3014	66.8673
3388	66.3014	67.4766
3389	66.3014	67.2343
3390	66.3014	67.0373
3391	66.3014	66.815
3392	66.3014	67.1775
3393	66.3014	68.0348
3394	66.3014	66.989
3395	66.3014	66.5791
3396	66.3014	66.412
3397	66.3014	66.5564
3398	66.3014	66.824
3399	66.3014	66.4308
3400	66.3014	66.4919
3401	66.3014	66.9072
3402	66.3014	66.4952
3403	66.3014	66.4367
3404	66.3014	66.3014
3405	66.3014	66.5261
3406	66.3014	67.1165
3407	66.3014	66.674
3408	66.3014	66.7422
3409	66.3014	66.9088
3410	66.3014	66.3014
3411	66.3014	66.3014
3412	66.3014	66.595
3413	66.3014	66.3753
3414	66.3014	66.3014
3415	66.3014	66.3014
3416	66.3014	66.6818
3417	66.3014	66.4441
3418	66.3014	66.5755
3419	66.3014	68.3335
3420	66.3014	68.7191
3421	66.3014	66.687
3422	66.3014	67.3191
3423	66.3014	66.8267
3424	66.3014	66.3014
3425	66.3014	66.3014
3426	66.3014	66.4577
3427	66.3014	66.5465
3428	66.3014	67.6599
3429	66.3014	67.1223
3430	66.3014	66.599
3431	66.3014	67.9163
3432	66.3014	67.8982
3433	66.3014	67.2781
3434	66.3014	68.6272
3435	66.3014	66.9125
3436	66.3014	67.0936
3437	66.3014	67.2896
3438	66.3014	66.3014
3439	66.3014	66.4277
3440	66.3014	66.3416
3441	66.3014	66.3107
3442	66.3014	66.3014
3443	66.3014	66.3229
3444	66.3014	67.3486
3445	66.3014	66.8367
3446	66.3014	66.4685
3447	66.3014	66.429
3448	66.3014	66.7736
3449	66.3014	66.3209
3450	66.3014	66.3185
3451	66.3014	66.6254
3452	66.3014	67.0973
3453	66.3014	66.6478
3454	66.3014	66.5581
3455	66.3014	66.8069
3456	66.3014	66.5582
3457	66.3014	66.3305
3458	66.3014	67.2208
3459	66.3014	66.7867
3460	66.3014	66.7592
3461	66.3014	66.336
3462	66.3014	66.388
3463	66.3014	67.7281
3464	66.3014	66.354
3465	66.3014	66.4447
3466	66.3014	66.5176
3467	66.3014	68.2219
3468	66.3014	68.207
3469	66.3014	67.5551
3470	66.3014	66.3014
3471	66.3014	66.3014
3472	66.3014	67.0856
3473	66.3014	66.6502
3474	66.3014	66.4437
3475	66.3014	66.9129
3476	66.3014	66.8476
3477	66.3014	66.962
3478	66.3014	66.9259
3479	66.3014	66.8527
3480	66.3014	66.5194
3481	66.3014	67.775
3482	66.3014	67.4634
3483	66.3014	67.4441
3484	66.3014	67.0273
3485	66.3014	67.5843
3486	66.3014	66.8979
3487	66.3014	66.6047
3488	66.3014	66.391
3489	66.3014	67.2961
3490	66.3014	67.7321
3491	66.3014	67.6076
3492	66.3014	68.1999
3493	66.3014	66.6497
3494	66.3014	66.8783
3495	66.3014	66.6497
3496	66.3014	66.6365
3497	66.3014	66.7216
3498	66.3014	66.4924
3499	66.3014	66.4836
3500	66.3014	66.7402
3501	66.3014	69.2472
3502	66.3014	68.2334
3503	66.3014	67.2425
3504	66.3014	67.1211
3505	66.3014	66.6346
3506	66.3014	66.3014
3507	66.3014	66.3014
3508	66.3014	66.3014
3509	66.3014	66.3014
3510	66.3014	66.3974
3511	66.3014	66.4757
3512	66.3014	66.7552
3513	66.3014	67.0503
3514	66.3014	66.4745
3515	66.3014	66.4216
3516	66.3014	66.8904
3517	66.3014	67.5266
3518	66.3014	66.3237
3519	66.3014	66.3441
3520	66.3014	66.3534
3521	66.3014	66.634
3522	66.3014	66.8658
3523	66.3014	66.3605
3524	66.3014	66.4149
3525	66.3014	66.8672
3526	66.3014	66.7315
3527	66.3014	66.5735
3528	66.3014	66.8743
3529	66.3014	67.1296
3530	66.3014	66.3014
3531	66.3014	66.9146
3532	66.3014	66.9773
3533	66.3014	66.3346
3534	66.3014	66.3014
3535	66.3014	66.3014
3536	66.3014	66.3014
3537	66.3014	67.0391
3538	66.3014	66.8066
3539	66.3014	66.3513
3540	66.3014	67.0218
3541	66.3014	67.2662
3542	66.3014	67.8013
3543	66.3014	67.7472
3544	66.3014	68.2131
3545	66.3014	67.4558
3546	66.3014	66.8211
3547	66.3014	66.4713
3548	66.3014	66.3014
3549	66.3014	66.6964
3550	66.3014	66.3592
3551	66.3014	66.3174
3552	66.3014	66.7916
3553	66.3014	66.7234
3554	66.3014	67.7878
3555	66.3014	66.3748
3556	66.3014	66.3014
3557	66.3014	66.3543
3558	66.3014	66.416
3559	66.3014	66.3014
3560	66.3014	66.3218
3561	66.3014	67.0824
3562	66.3014	66.3014
3563	66.3014	66.4121
3564	66.3014	67.1619
3565	66.3014	67.479
3566	66.3014	68.1986
3567	66.3014	67.8351
3568	66.3014	66.6767
3569	66.3014	69.5025
3570	66.3014	69.0679
3571	66.3014	69.2821
3572	66.3014	67.5478
3573	66.3014	67.2789
3574	66.3014	67.2792
3575	66.3014	67.9173
3576	66.3014	67.6492
3577	66.3014	67.4957
3578	66.3014	66.6421
3579	66.3014	66.6287
3580	66.3014	66.4412
3581	66.3014	66.6136
3582	66.3014	68.2579
3583	66.3014	68.2115
3584	66.3014	67.6872
3585	66.3014	68.9666
3586	66.3014	67.3532
3587	66.3014	68.2796
3588	66.3014	67.411
3589	66.3014	67.7475
3590	66.3014	68.5247
3591	66.3014	68.3027
3592	66.3014	66.8218
3593	66.3014	67.4634
3594	66.3014	66.7311
3595	66.3014	66.4192
3596	66.3014	66.5909
3597	66.3014	66.4967
3598	66.3014	67.3882
3599	66.3014	66.741
3600	66.3014	67.5334
3601	66.0334	66.9473
3602	66.0334	66.5877
3603	66.0334	66.1966
3604	66.0334	66.1851
3605	66.0334	66.1276
3606	66.0334	66.0558
3607	66.0334	66.3332
3608	66.0334	66.3021
3609	66.0334	66.2472
3610	66.0334	67.0838
3611	66.0334	68.8282
3612	66.0334	67.1079
3613	66.0334	66.4929
3614	66.0334	66.5233
3615	66.0334	66.0334
3616	66.0334	66.0951
3617	66.0334	66.0334
3618	66.0334	66.0909
3619	66.0334	66.0334
3620	66.0334	66.0334
3621	66.0334	66.0334
3622	66.0334	66.8206
3623	66.0334	66.8298
3624	66.0334	66.211
3625	66.0334	67.1268
3626	66.0334	66.2928
3627	66.0334	66.6093
3628	66.0334	66.1781
3629	66.0334	66.3242
3630	66.0334	67.1465
3631	66.0334	67.394
3632	66.0334	67.1702
3633	66.0334	68.3765
3634	66.0334	67.5495
3635	66.0334	68.691
3636	66.0334	70.3373
3637	66.0334	71.0655
3638	66.0334	67.428
3639	66.0334	68.0024
3640	66.0334	68.231
3641	66.0334	66.7216
3642	66.0334	66.0629
3643	66.0334	66.1702
3644	66.0334	66.8877
3645	66.0334	67.0709
3646	66.0334	67.0324
3647	66.0334	68.0791
3648	66.0334	67.8334
3649	66.0334	66.4618
3650	66.0334	66.4968
3651	66.0334	66.0334
3652	66.0334	66.0334
3653	66.0334	66.6466
3654	66.0334	66.4424
3655	66.0334	66.5985
3656	66.0334	66.2525
3657	66.0334	67.1517
3658	66.0334	66.0334
3659	66.0334	66.0553
3660	66.0334	66.3354
3661	66.0334	66.8966
3662	66.0334	67.6533
3663	66.0334	67.2086
3664	66.0334	66.2801
3665	66.0334	66.6423
3666	66.0334	66.5942
3667	66.0334	66.8419
3668	66.0334	66.2386
3669	66.0334	66.0578
3670	66.0334	66.3225
3671	66.0334	66.317
3672	66.0334	66.648
3673	66.0334	66.0393
3674	66.0334	66.253
3675	66.0334	66.0334
3676	66.0334	67.0807
3677	66.0334	67.9683
3678	66.0334	68.4249
3679	66.0334	66.4497
3680	66.0334	66.7849
3681	66.0334	67.2946
3682	66.0334	68.049
3683	66.0334	68.2194
3684	66.0334	68.2581
3685	66.0334	67.2764
3686	66.0334	68.4926
3687	66.0334	66.1739
3688	66.0334	66.2947
3689	66.0334	68.0581
3690	66.0334	66.3509
3691	66.0334	66.6114
3692	66.0334	66.8179
3693	66.0334	67.3221
3694	66.0334	67.3584
3695	66.0334	68.246
3696	66.0334	67.3481
3697	66.0334	67.2194
3698	66.0334	66.9433
3699	66.0334	66.4313
3700	66.0334	66.2308
3701	66.0334	66.0334
3702	66.0334	66.2612
3703	66.0334	66.5291
3704	66.0334	66.0334
3705	66.0334	66.0334
3706	66.0334	66.1073
3707	66.0334	67.277
3708	66.0334	66.2654
3709	66.0334	66.5472
3710	66.0334	66.0334
3711	66.0334	67.5356
3712	66.0334	66.0334
3713	66.0334	66.0449
3714	66.0334	66.0334
3715	66.0334	66.4312
3716	66.0334	67.9817
3717	66.0334	67.4899
3718	66.0334	67.0413
3719	66.0334	66.1946
3720	66.0334	66.0756
3721	66.0334	66.0334
3722	66.0334	66.0334
3723	66.0334	66.0334
3724	66.0334	66.0545
3725	66.0334	66.2756
3726	66.0334	67.4828
3727	66.0334	67.7312
3728	66.0334	66.5303
3729	66.0334	66.1737
3730	66.0334	66.582
3731	66.0334	66.4942
3732	66.0334	66.4626
3733	66.0334	66.4815
3734	66.0334	67.2666
3735	66.0334	68.5399
3736	66.0334	67.545
3737	66.0334	69.4165
3738	66.0334	68.1528
3739	66.0334	67.9171
3740	66.0334	67.0777
3741	66.0334	67.2393
3742	66.0334	66.215
3743	66.0334	66.3856
3744	66.0334	66.2009
3745	66.0334	66.2306
3746	66.0334	68.6078
3747	66.0334	67.8325
3748	66.0334	66.6288
3749	66.0334	66.1589
3750	66.0334	66.5702
3751	66.0334	67.571
3752	66.0334	66.5484
3753	66.0334	66.291
3754	66.0334	66.1192
3755	66.0334	66.3155
3756	66.0334	67.9282
3757	66.0334	66.7789
3758	66.0334	66.779
3759	66.0334	68.3465
3760	66.0334	66.3105
3761	66.0334	66.1224
3762	66.0334	66.1402
3763	66.0334	66.1444
3764	66.0334	66.1894
3765	66.0334	67.6403
3766	66.0334	67.3033
3767	66.0334	67.2545
3768	66.0334	67.1083
3769	66.0334	66.4885
3770	66.0334	67.217
3771	66.0334	67.432
3772	66.0334	67.476
3773	66.0334	67.0447
3774	66.0334	67.375
3775	66.0334	67.6286
3776	66.0334	67.4538
3777	66.0334	67.0724
3778	66.0334	66.2084
3779	66.0334	66.9346
3780	66.0334	67.02
3781	66.0334	67.6129
3782	66.0334	67.354
3783	66.0334	67.4979
3784	66.0334	67.0851
3785	66.0334	66.8268
3786	66.0334	67.7028
3787	66.0334	67.5618
3788	66.0334	66.143
3789	66.0334	66.0334
3790	66.0334	66.0997
3791	66.0334	66.0516
3792	66.0334	66.0334
3793	66.0334	66.4828
3794	66.0334	67.0088
3795	66.0334	67.5085
3796	66.0334	68.9146
3797	66.0334	69.2742
3798	66.0334	68.5725
3799	66.0334	69.5724
3800	66.0334	66.2817
3801	65.973	66.3026
3802	65.973	66.0141
3803	65.973	66.3669
3804	65.973	66.4049
3805	65.973	65.9791
3806	65.973	65.973
3807	65.973	65.9754
3808	65.973	66.5179
3809	65.973	66.3532
3810	65.973	67.0339
3811	65.973	65.984
3812	65.973	65.973
3813	65.973	65.9865
3814	65.973	66.7957
3815	65.973	68.0185
3816	65.973	68.1436
3817	65.973	67.2779
3818	65.973	66.4928
3819	65.973	66.4302
3820	65.973	66.531
3821	65.973	66.3255
3822	65.973	67.1152
3823	65.973	66.9245
3824	65.973	67.8158
3825	65.973	67.1935
3826	65.973	67.7427
3827	65.973	67.8878
3828	65.973	67.3655
3829	65.973	66.678
3830	65.973	66.2244
3831	65.973	65.9792
3832	65.973	65.973
3833	65.973	66.4782
3834	65.973	66.2657
3835	65.973	66.4818
3836	65.973	66.0232
3837	65.973	66.3535
3838	65.973	66.6586
3839	65.973	66.434
3840	65.973	68.4119
3841	65.973	68.6338
3842	65.973	67.8421
3843	65.973	66.7691
3844	65.973	66.8489
3845	65.973	67.3802
3846	65.973	67.2439
3847	65.973	66.5503
3848	65.973	66.133
3849	65.973	66.1988
3850	65.973	65.9859
3851	65.973	67.1428
3852	65.973	67.7946
3853	65.973	67.39
3854	65.973	65.973
3855	65.973	65.973
3856	65.973	67.1505
3857	65.973	67.448
3858	65.973	67.8588
3859	65.973	67.1429
3860	65.973	66.5643
3861	65.973	66.2882
3862	65.973	66.2219
3863	65.973	66.1265
3864	65.973	66.0472
3865	65.973	66.4102
3866	65.973	65.973
3867	65.973	66.5654
3868	65.973	66.305
3869	65.973	66.34
3870	65.973	65.973
3871	65.973	66.2464
3872	65.973	66.3034
3873	65.973	66.1654
3874	65.973	66.6407
3875	65.973	66.1021
3876	65.973	66.4364
3877	65.973	66.6283
3878	65.973	66.5105
3879	65.973	66.1348
3880	65.973	66.2013
3881	65.973	65.985
3882	65.973	66.1808
3883	65.973	66.435
3884	65.973	66.0446
3885	65.973	66.0144
3886	65.973	66.8313
3887	65.973	66.6827
3888	65.973	67.8869
3889	65.973	67.6275
3890	65.973	67.8799
3891	65.973	66.5957
3892	65.973	67.0243
3893	65.973	66.8906
3894	65.973	66.0795
3895	65.973	65.973
3896	65.973	66.586
3897	65.973	67.1969
3898	65.973	66.8328
3899	65.973	66.9681
3900	65.973	66.405
3901	65.973	66.8127
3902	65.973	66.8023
3903	65.973	67.9656
3904	65.973	66.8452
3905	65.973	67.3403
3906	65.973	66.2539
3907	65.973	67.1816
3908	65.973	66.8403
3909	65.973	68.4591
3910	65.973	67.5454
3911	65.973	68.0186
3912	65.973	66.7192
3913	65.973	66.0405
3914	65.973	65.973
3915	65.973	66.0749
3916	65.973	66.6916
3917	65.973	66.3092
3918	65.973	65.9844
3919	65.973	65.973
3920	65.973	65.973
3921	65.973	66.2213
3922	65.973	66.1496
3923	65.973	65.973
3924	65.973	66.0605
3925	65.973	66.0333
3926	65.973	66.0557
3927	65.973	65.973
3928	65.973	65.973
3929	65.973	65.973
3930	65.973	66.0219
3931	65.973	66.0204
3932	65.973	66.09
3933	65.973	66.4772
3934	65.973	67.7981
3935	65.973	66.8207
3936	65.973	66.2503
3937	65.973	66.108
3938	65.973	66.1057
3939	65.973	66.0565
3940	65.973	66.0576
3941	65.973	66.5216
3942	65.973	65.973
3943	65.973	66.2439
3944	65.973	65.9908
3945	65.973	65.9763
3946	65.973	65.9782
3947	65.973	65.981
3948	65.973	65.973
3949	65.973	65.973
3950	65.973	66.1554
3951	65.973	67.3039
3952	65.973	66.3403
3953	65.973	66.2433
3954	65.973	66.4797
3955	65.973	68.1332
3956	65.973	68.8696
3957	65.973	68.5192
3958	65.973	69.2872
3959	65.973	67.9101
3960	65.973	68.0739
3961	65.973	67.608
3962	65.973	66.4945
3963	65.973	67.1497
3964	65.973	67.3675
3965	65.973	68.2165
3966	65.973	68.2113
3967	65.973	66.3018
3968	65.973	66.7923
3969	65.973	66.485
3970	65.973	66.3538
3971	65.973	66.1135
3972	65.973	65.973
3973	65.973	66.3081
3974	65.973	66.9595
3975	65.973	66.283
3976	65.973	66.0113
3977	65.973	66.5418
3978	65.973	66.0019
3979	65.973	66.7964
3980	65.973	66.4808
3981	65.973	66.3782
3982	65.973	66.5542
3983	65.973	67.2467
3984	65.973	67.9735
3985	65.973	67.5544
3986	65.973	67.1772
3987	65.973	66.2662
3988	65.973	67.3322
3989	65.973	66.8596
3990	65.973	66.3294
3991	65.973	65.973
3992	65.973	66.1732
3993	65.973	66.6107
3994	65.973	66.0136
3995	65.973	66.8649
3996	65.973	66.6303
3997	65.973	66.7083
3998	65.973	67.6541
3999	65.973	66.9245
4000	65.973	66.0374
4001	65.973	68.4987
4002	65.973	66.9528
4003	65.973	66.9539
4004	65.973	66.0716
4005	65.973	65.9929
4006	65.973	65.973
4007	65.973	66.3269
4008	65.973	66.0393
4009	65.973	66.4222
4010	65.973	65.973
4011	65.973	65.973
4012	65.973	66.0126
4013	65.973	65.973
4014	65.973	66.0276
4015	65.973	66.0807
4016	65.973	66.4226
4017	65.973	66.0681
4018	65.973	67.0735
4019	65.973	67.1957
4020	65.973	67.006
4021	65.973	67.2542
4022	65.973	67.0533
4023	65.973	66.6817
4024	65.973	66.8044
4025	65.973	66.5126
4026	65.973	66.0935
4027	65.973	66.3023
4028	65.973	66.0164
4029	65.973	66.1413
4030	65.973	66.4869
4031	65.973	66.9387
4032	65.973	67.469
4033	65.973	66.0562
4034	65.973	66.343
4035	65.973	66.8403
4036	65.973	66.0714
4037	65.973	65.973
4038	65.973	65.9861
4039	65.973	66.6002
4040	65.973	66.9165
4041	65.973	66.6443
4042	65.973	68.1673
4043	65.973	68.6285
4044	65.973	70.0794
4045	65.973	70.9983
4046	65.973	68.5101
4047	65.973	67.7048
4048	65.973	66.8316
4049	65.973	67.423
4050	65.973	66.7917
4051	65.973	66.868
4052	65.973	67.4327
4053	65.973	67.3962
4054	65.973	66.1582
4055	65.973	65.973
4056	65.973	66.0804
4057	65.973	66.0012
4058	65.973	66.3491
4059	65.973	66.8382
4060	65.973	66.483
4061	65.973	66.5593
4062	65.973	66.0143
4063	65.973	65.973
4064	65.973	66.7059
4065	65.973	68.2642
4066	65.973	68.5952
4067	65.973	69.5734
4068	65.973	67.6696
4069	65.973	67.5914
4070	65.973	67.8398
4071	65.973	67.7699
4072	65.973	67.1491
4073	65.973	67.6934
4074	65.973	66.5561
4075	65.973	66.8523
4076	65.973	66.4518
4077	65.973	65.973
4078	65.973	65.9853
4079	65.973	66.3302
4080	65.973	66.5667
4081	65.973	67.2071
4082	65.973	66.1993
4083	65.973	66.5212
4084	65.973	67.809
4085	65.973	68.7207
4086	65.973	69.5774
4087	65.973	68.4043
4088	65.973	67.9079
4089	65.973	67.1007
4090	65.973	67.0015
4091	65.973	66.7426
4092	65.973	65.973
4093	65.973	65.992
4094	65.973	66.0035
4095	65.973	66.1218
4096	65.973	66.0631
4097	65.973	66.1346
4098	65.973	65.9963
4099	65.973	66.0206
4100	65.973	65.973
4101	65.973	65.973
4102	65.973	65.973
4103	65.973	66.0058
4104	65.973	67.362
4105	65.973	66.8153
4106	65.973	66.3513
4107	65.973	66.1948
4108	65.973	65.973
4109	65.973	65.973
4110	65.973	65.973
4111	65.973	65.973
4112	65.973	66.4211
4113	65.973	67.0389
4114	65.973	66.6052
4115	65.973	66.9952
4116	65.973	68.8492
4117	65.973	68.8397
4118	65.973	66.9555
4119	65.973	66.7849
4120	65.973	66.0852
4121	65.973	66.3728
4122	65.973	66.5693
4123	65.973	65.997
4124	65.973	66.1129
4125	65.973	66.3987
4126	65.973	67.6715
4127	65.973	65.9939
4128	65.973	65.973
4129	65.973	65.9939
4130	65.973	65.973
4131	65.973	67.5806
4132	65.973	66.7832
4133	65.973	66.8773
4134	65.973	67.5297
4135	65.973	66.4701
4136	65.973	65.973
4137	65.973	65.973
4138	65.973	66.8851
4139	65.973	67.3475
4140	65.973	67.8092
4141	65.973	67.6443
4142	65.973	66.0543
4143	65.973	66.3934
4144	65.973	66.9222
4145	65.973	67.1287
4146	65.973	67.6081
4147	65.973	67.2918
4148	65.973	66.4045
4149	65.973	66.247
4150	65.973	66.0891
4151	65.973	66.4296
4152	65.973	68.0797
4153	65.973	68.6088
4154	65.973	67.4824
4155	65.973	66.9568
4156	65.973	67.2418
4157	65.973	65.973
4158	65.973	66.808
4159	65.973	66.7446
4160	65.973	67.6066
4161	65.973	66.0074
4162	65.973	65.973
4163	65.973	66.0391
4164	65.973	66.3649
4165	65.973	66.3735
4166	65.973	67.6118
4167	65.973	67.2798
4168	65.973	69.7626
4169	65.973	70.3483
4170	65.973	67.5999
4171	65.973	66.2331
4172	65.973	66.459
4173	65.973	66.715
4174	65.973	67.0685
4175	65.973	66.0722
4176	65.973	66.1356
4177	65.973	66.6338
4178	65.973	66.9854
4179	65.973	67.7079
4180	65.973	66.8914
4181	65.973	66.7465
4182	65.973	67.2133
4183	65.973	69.5162
4184	65.973	66.4456
4185	65.973	66.5439
4186	65.973	66.5028
4187	65.973	66.0862
4188	65.973	66.0562
4189	65.973	66.4506
4190	65.973	68.0512
4191	65.973	66.5045
4192	65.973	66.2936
4193	65.973	66.138
4194	65.973	66.8094
4195	65.973	65.9878
4196	65.973	66.0648
4197	65.973	66.3197
4198	65.973	66.2092
4199	65.973	66.0303
4200	65.973	66.3683
4201	65.973	66.1941
4202	65.973	66.2457
4203	65.973	67.4422
4204	65.973	66.7578
4205	65.973	67.0031
4206	65.973	66.0104
4207	65.973	65.973
4208	65.973	66.1344
4209	65.973	65.973
4210	65.973	66.374
4211	65.973	66.9881
4212	65.973	66.1431
4213	65.973	66.0139
4214	65.973	65.973
4215	65.973	66.9188
4216	65.973	67.4386
4217	65.973	66.4722
4218	65.973	67.6706
4219	65.973	68.6841
4220	65.973	67.2364
4221	65.973	67.2958
4222	65.973	68.8097
4223	65.973	68.3497
4224	65.973	67.1275
4225	65.973	67.2434
4226	65.973	67.2777
4227	65.973	68.2971
4228	65.973	67.073
4229	65.973	66.753
4230	65.973	67.1373
4231	65.973	66.5132
4232	65.973	66.458
4233	65.973	65.9954
4234	65.973	66.3804
4235	65.973	66.5937
4236	65.973	66.5322
4237	65.973	65.973
4238	65.973	66.381
4239	65.973	66.4581
4240	65.973	67.0777
4241	65.973	66.6208
4242	65.973	67.1497
4243	65.973	67.5772
4244	65.973	66.3209
4245	65.973	66.0666
4246	65.973	66.158
4247	65.973	68.9576
4248	65.973	67.8619
4249	65.973	66.4383
4250	65.973	65.973
4251	65.973	67.0183
4252	65.973	66.6389
4253	65.973	67.9461
4254	65.973	67.0105
4255	65.973	67.0998
4256	65.973	67.8441
4257	65.973	67.3693
4258	65.973	66.4788
4259	65.973	66.26
4260	65.973	66.7605
4261	65.973	66.2884
4262	65.973	66.0273
4263	65.973	66.5797
4264	65.973	66.5119
4265	65.973	66.0668
4266	65.973	66.5608
4267	65.973	68.0598
4268	65.973	65.973
4269	65.973	66.0651
4270	65.973	66.2591
4271	65.973	66.3187
4272	65.973	67.2797
4273	65.973	67.5121
4274	65.973	67.276
4275	65.973	66.2828
4276	65.973	65.973
4277	65.973	65.973
4278	65.973	66.3195
4279	65.973	66.2443
4280	65.973	66.3359
4281	65.973	65.9792
4282	65.973	66.2956
4283	65.973	66.4298
4284	65.973	66.2943
4285	65.973	66.5418
4286	65.973	66.166
4287	65.973	66.0741
4288	65.973	66.1565
4289	65.973	65.9803
4290	65.973	65.9803
4291	65.973	66.0278
4292	65.973	66.2498
4293	65.973	65.973
4294	65.973	65.973
4295	65.973	65.973
4296	65.973	65.973
4297	65.973	65.973
4298	65.973	65.973
4299	65.973	66.0055
4300	65.973	66.0164
4301	65.973	66.6084
4302	65.973	67.0387
4303	65.973	66.9211
4304	65.973	69.5846
4305	65.973	68.0617
4306	65.973	66.5917
4307	65.973	66.4128
4308	65.973	66.4167
4309	65.973	66.6195
4310	65.973	66.4167
4311	65.973	66.6026
4312	65.973	66.2731
4313	65.973	67.9892
4314	65.973	67.1697
4315	65.973	68.6765
4316	65.973	68.9439
4317	65.973	67.9004
4318	65.973	68.1122
4319	65.973	69.4475
4320	65.973	68.1835
4321	65.973	68.0147
4322	65.973	66.5856
4323	65.973	66.0599
4324	65.973	66.2164
4325	65.973	66.0701
4326	65.973	66.2365
4327	65.973	66.0373
4328	65.973	66.5359
4329	65.973	66.4695
4330	65.973	66.3962
4331	65.973	65.973
4332	65.973	66.07
4333	65.973	66.0266
4334	65.973	66.162
4335	65.973	66.4657
4336	65.973	67.3922
4337	65.973	67.3311
4338	65.973	67.4205
4339	65.973	66.095
4340	65.973	65.973
4341	65.973	65.973
4342	65.973	65.973
4343	65.973	65.973
4344	65.973	65.973
4345	65.973	66.0986
4346	65.973	66.5633
4347	65.973	66.0692
4348	65.973	66.0054
4349	65.973	66.0054
4350	65.973	66.9426
4351	65.973	66.0773
4352	65.973	66.5373
4353	65.973	66.0918
4354	65.973	67.1788
4355	65.973	66.1064
4356	65.973	66.6862
4357	65.973	66.2812
4358	65.973	66.418
4359	65.973	66.2338
4360	65.973	66.1079
4361	65.973	65.973
4362	65.973	66.1181
4363	65.973	66.0326
4364	65.973	66.2076
4365	65.973	67.2184
4366	65.973	67.9296
4367	65.973	66.423
4368	65.973	65.973
4369	65.973	66.0166
4370	65.973	66.1939
4371	65.973	66.3077
4372	65.973	66.7074
4373	65.973	66.0212
4374	65.973	66.0456
4375	65.973	66.7024
4376	65.973	66.9231
4377	65.973	67.4936
4378	65.973	68.34
4379	65.973	66.6828
4380	65.973	66.5933
4381	65.973	66.9262
4382	65.973	68.9928
4383	65.973	69.1162
4384	65.973	67.9188
4385	65.973	66.6522
4386	65.973	66.8223
4387	65.973	66.0393
4388	65.973	66.7617
4389	65.973	65.973
4390	65.973	66.3471
4391	65.973	65.9758
4392	65.973	67.0297
4393	65.973	67.6225
4394	65.973	66.6896
4395	65.973	66.1368
4396	65.973	66.5593
4397	65.973	66.4366
4398	65.973	66.4738
4399	65.973	66.8314
4400	65.973	69.8474
4401	65.973	68.5332
4402	65.973	67.0787
4403	65.973	66.5952
4404	65.973	66.3665
4405	65.973	66.4923
4406	65.973	66.1076
4407	65.973	66.0699
4408	65.973	65.973
4409	65.973	66.4884
4410	65.973	66.2685
4411	65.973	66.1631
4412	65.973	65.973
4413	65.973	65.973
4414	65.973	66.2563
4415	65.973	66.7524
4416	65.973	66.1616
4417	65.973	66.1733
4418	65.973	66.5772
4419	65.973	66.0698
4420	65.973	65.9938
4421	65.973	65.988
4422	65.973	66.1879
4423	65.973	65.9882
4424	65.973	66.056
4425	65.973	66.497
4426	65.973	66.0706
4427	65.973	67.033
4428	65.973	67.4346
4429	65.973	66.6535
4430	65.973	68.9009
4431	65.973	67.5744
4432	65.973	67.2272
4433	65.973	66.9774
4434	65.973	65.973
4435	65.973	65.973
4436	65.973	65.9746
4437	65.973	66.237
4438	65.973	66.3682
4439	65.973	67.1944
4440	65.973	66.0727
4441	65.973	66.2311
4442	65.973	66.2003
4443	65.973	66.1513
4444	65.973	66.6026
4445	65.973	66.1954
4446	65.973	65.973
4447	65.973	66.2662
4448	65.973	66.1781
4449	65.973	66.2025
4450	65.973	65.973
4451	65.973	66.0001
4452	65.973	66.3862
4453	65.973	67.158
4454	65.973	66.817
4455	65.973	66.9497
4456	65.973	66.7331
4457	65.973	66.5384
4458	65.973	66.4724
4459	65.973	66.2206
4460	65.973	66.1871
4461	65.973	65.973
4462	65.973	66.2593
4463	65.973	66.1028
4464	65.973	65.973
4465	65.973	66.4291
4466	65.973	65.973
4467	65.973	66.7098
4468	65.973	66.0944
4469	65.973	66.4587
4470	65.973	66.4106
4471	65.973	65.9897
4472	65.973	67.8438
4473	65.973	66.9594
4474	65.973	66.2924
4475	65.973	66.214
4476	65.973	66.0549
4477	65.973	65.973
4478	65.973	66.073
4479	65.973	65.973
4480	65.973	66.4112
4481	65.973	66.601
4482	65.973	67.5556
4483	65.973	67.8
4484	65.973	67.0958
4485	65.973	67.8991
4486	65.973	67.6125
4487	65.973	67.0791
4488	65.973	66.4397
4489	65.973	66.423
4490	65.973	66.3367
4491	65.973	66.8142
4492	65.973	66.6092
4493	65.973	65.973
4494	65.973	67.1986
4495	65.973	67.0429
4496	65.973	65.973
4497	65.973	65.973
4498	65.973	65.973
4499	65.973	65.973
4500	65.973	65.9821
4501	65.973	65.973
4502	65.973	66.6758
4503	65.973	66.1618
4504	65.973	66.2722
4505	65.973	67.4781
4506	65.973	67.569
4507	65.973	66.2427
4508	65.973	65.973
4509	65.973	65.973
4510	65.973	67.566
4511	65.973	66.2011
4512	65.973	65.9753
4513	65.973	66.3788
4514	65.973	66.2373
4515	65.973	66.4284
4516	65.973	65.9939
4517	65.973	66.6533
4518	65.973	67.1374
4519	65.973	66.3832
4520	65.973	65.973
4521	65.973	65.973
4522	65.973	66.7719
4523	65.973	67.0567
4524	65.973	66.6886
4525	65.973	66.1448
4526	65.973	66.3539
4527	65.973	65.9901
4528	65.973	66.1633
4529	65.973	66.0158
4530	65.973	66.3697
4531	65.973	66.4986
4532	65.973	66.4979
4533	65.973	67.4765
4534	65.973	67.8124
4535	65.973	68.3019
4536	65.973	67.8909
4537	65.973	67.9447
4538	65.973	67.3116
4539	65.973	66.5638
4540	65.973	65.9826
4541	65.973	66.1739
4542	65.973	67.002
4543	65.973	66.6222
4544	65.973	67.6657
4545	65.973	67.0999
4546	65.973	66.6921
4547	65.973	65.973
4548	65.973	66.7655
4549	65.973	66.7269
4550	65.973	66.1097
4551	65.973	66.6039
4552	65.973	66.3992
4553	65.973	67.102
4554	65.973	66.8024
4555	65.973	65.973
4556	65.973	65.973
4557	65.973	65.9997
4558	65.973	66.5648
4559	65.973	66.2331
4560	65.973	66.8589
4561	65.973	66.6919
4562	65.973	66.8735
4563	65.973	66.0077
4564	65.973	66.003
4565	65.973	66.2524
4566	65.973	66.1305
4567	65.973	66.1558
4568	65.973	66.7815
4569	65.973	66.2127
4570	65.973	66.3748
4571	65.973	67.0319
4572	65.973	67.7799
4573	65.973	67.5535
4574	65.973	67.011
4575	65.973	67.6474
4576	65.973	66.5633
4577	65.973	67.8993
4578	65.973	68.114
4579	65.973	66.1903
4580	65.973	66.9327
4581	65.973	66.0063
4582	65.973	68.1602
4583	65.973	66.7551
4584	65.973	66.9268
4585	65.973	65.9758
4586	65.973	66.592
4587	65.973	66.091
4588	65.973	66.5841
4589	65.973	66.0233
4590	65.973	65.973
4591	65.973	66.2689
4592	65.973	66.1292
4593	65.973	66.4587
4594	65.973	67.028
4595	65.973	66.5789
4596	65.973	66.1926
4597	65.973	66.9668
4598	65.973	67.6586
4599	65.973	66.2505
4600	65.973	66.6173
4601	65.973	65.973
4602	65.973	66.0658
4603	65.973	66.7092
4604	65.973	66.164
4605	65.973	65.973
4606	65.973	65.973
4607	65.973	65.973
4608	65.973	66.2902
4609	65.973	65.973
4610	65.973	66.3583
4611	65.973	66.8675
4612	65.973	67.8164
4613	65.973	68.832
4614	65.973	68.5825
4615	65.973	68.1476
4616	65.973	67.7747
4617	65.973	68.3696
4618	65.973	67.3497
4619	65.973	66.4482
4620	65.973	66.1728
4621	65.973	65.973
4622	65.973	65.973
4623	65.973	66.86
4624	65.973	66.9055
4625	65.973	67.8702
4626	65.973	67.1871
4627	65.973	66.1379
4628	65.973	66.4124
4629	65.973	66.4156
4630	65.973	65.973
4631	65.973	65.973
4632	65.973	65.973
4633	65.973	65.973
4634	65.973	66.2701
4635	65.973	66.1034
4636	65.973	66.0601
4637	65.973	66.3342
4638	65.973	65.973
4639	65.973	65.973
4640	65.973	65.973
4641	65.973	65.973
4642	65.973	66.0861
4643	65.973	65.973
4644	65.973	66.627
4645	65.973	66.7667
4646	65.973	67.3046
4647	65.973	66.5068
4648	65.973	67.6759
4649	65.973	66.4546
4650	65.973	66.1306
4651	65.973	66.7558
4652	65.973	67.3951
4653	65.973	66.7693
4654	65.973	66.4927
4655	65.973	67.3142
4656	65.973	68.205
4657	65.973	66.7074
4658	65.973	67.4308
4659	65.973	66.8271
4660	65.973	65.973
4661	65.973	66.6242
4662	65.973	66.6286
4663	65.973	66.7708
4664	65.973	67.143
4665	65.973	68.0583
4666	65.973	67.396
4667	65.973	67.1374
4668	65.973	66.5327
4669	65.973	66.4885
4670	65.973	66.7992
4671	65.973	66.4019
4672	65.973	66.0105
4673	65.973	66.4807
4674	65.973	67.334
4675	65.973	66.2909
4676	65.973	67.0149
4677	65.973	66.087
4678	65.973	66.2677
4679	65.973	66.0536
4680	65.973	66.1423
4681	65.973	67.0661
4682	65.973	67.6885
4683	65.973	66.8844
4684	65.973	66.4078
4685	65.973	67.4171
4686	65.973	67.0177
4687	65.973	66.5752
4688	65.973	66.307
4689	65.973	66.3701
4690	65.973	66.0705
4691	65.973	66.404
4692	65.973	67.0152
4693	65.973	68.3157
4694	65.973	67.2641
4695	65.973	66.2445
4696	65.973	66.8557
4697	65.973	66.9967
4698	65.973	66.9084
4699	65.973	66.3151
4700	65.973	66.074
4701	65.973	65.973
4702	65.973	67.3076
4703	65.973	66.9847
4704	65.973	66.0451
4705	65.973	66.5854
4706	65.973	66.413
4707	65.973	67.5396
4708	65.973	68.0236
4709	65.973	68.8094
4710	65.973	67.2161
4711	65.973	67.6457
4712	65.973	66.4498
4713	65.973	66.804
4714	65.973	66.5711
4715	65.973	66.137
4716	65.973	65.973
4717	65.973	66.0364
4718	65.973	66.7084
4719	65.973	66.205
4720	65.973	66.3785
4721	65.973	66.915
4722	65.973	67.3355
4723	65.973	66.1117
4724	65.973	66.8539
4725	65.973	66.3023
4726	65.973	66.0744
4727	65.973	66.4209
4728	65.973	66.1194
4729	65.973	66.0808
4730	65.973	66.0908
4731	65.973	66.5558
4732	65.973	66.3991
4733	65.973	66.1756
4734	65.973	66.4998
4735	65.973	67.2333
4736	65.973	66.9675
4737	65.973	66.5269
4738	65.973	66.7312
4739	65.973	65.973
4740	65.973	65.997
4741	65.973	66.0305
4742	65.973	67.805
4743	65.973	66.1579
4744	65.973	66.2654
4745	65.973	66.0078
4746	65.973	65.973
4747	65.973	66.5229
4748	65.973	67.4923
4749	65.973	66.8337
4750	65.973	68.5914
4751	65.973	66.4204
4752	65.973	69.2526
4753	65.973	67.8582
4754	65.973	68.3591
4755	65.973	67.8932
4756	65.973	67.8456
4757	65.973	66.9141
4758	65.973	66.9776
4759	65.973	67.7512
4760	65.973	67.6338
4761	65.973	68.296
4762	65.973	67.3095
4763	65.973	66.1867
4764	65.973	66.6622
4765	65.973	66.2071
4766	65.973	65.9792
4767	65.973	66.05
4768	65.973	66.5046
4769	65.973	66.3898
4770	65.973	66.581
4771	65.973	66.0241
4772	65.973	65.973
4773	65.973	66.0552
4774	65.973	66.6241
4775	65.973	65.973
4776	65.973	66.1396
4777	65.973	66.5704
4778	65.973	66.5826
4779	65.973	67.1043
4780	65.973	67.1786
4781	65.973	66.4556
4782	65.973	65.973
4783	65.973	66.2589
4784	65.973	67.0094
4785	65.973	67.1124
4786	65.973	66.4158
4787	65.973	66.4325
4788	65.973	66.006
4789	65.973	66.1591
4790	65.973	67.2207
4791	65.973	66.8602
4792	65.973	66.6516
4793	65.973	66.0875
4794	65.973	66.6686
4795	65.973	66.9835
4796	65.973	67.234
4797	65.973	67.4275
4798	65.973	66.9132
4799	65.973	66.1628
4800	65.973	66.4874
4801	65.973	66.8848
4802	65.973	66.503
4803	65.973	66.8581
4804	65.973	66.4289
4805	65.973	66.4412
4806	65.973	66.9572
4807	65.973	67.0498
4808	65.973	66.4387
4809	65.973	66.2572
4810	65.973	66.8406
4811	65.973	66.9429
4812	65.973	66.2184
4813	65.973	67.2058
4814	65.973	67.5773
4815	65.973	67.8577
4816	65.973	66.7425
4817	65.973	67.2283
4818	65.973	67.0485
4819	65.973	66.1395
4820	65.973	65.973
4821	65.973	66.0031
4822	65.973	66.8219
4823	65.973	66.7536
4824	65.973	66.2834
4825	65.973	67.1941
4826	65.973	68.0248
4827	65.973	68.2344
4828	65.973	67.2033
4829	65.973	66.5782
4830	65.973	66.9683
4831	65.973	67.526
4832	65.973	67.4657
4833	65.973	66.7858
4834	65.973	66.5377
4835	65.973	66.032
4836	65.973	66.219
4837	65.973	66.7745
4838	65.973	68.4353
4839	65.973	67.8994
4840	65.973	66.6396
4841	65.973	66.7425
4842	65.973	67.1198
4843	65.973	66.5108
4844	65.973	66.2601
4845	65.973	65.973
4846	65.973	66.4552
4847	65.973	66.2107
4848	65.973	67.0306
4849	65.973	66.0669
4850	65.973	65.973
4851	65.973	65.973
4852	65.973	65.973
4853	65.973	66.3593
4854	65.973	66.6278
4855	65.973	67.3907
4856	65.973	68.6349
4857	65.973	69.3845
4858	65.973	70.66
4859	65.973	69.4257
4860	65.973	69.3797
4861	65.973	69.421
4862	65.973	67.5458
4863	65.973	66.5806
4864	65.973	66.3049
4865	65.973	66.5556
4866	65.973	66.7639
4867	65.973	66.6344
4868	65.973	67.3224
4869	65.973	66.3697
4870	65.973	66.4866
4871	65.973	66.3962
4872	65.973	66.234
4873	65.973	66.2659
4874	65.973	66.8183
4875	65.973	66.2824
4876	65.973	66.7994
4877	65.973	66.812
4878	65.973	66.2066
4879	65.973	65.973
4880	65.973	66.0667
4881	65.973	66.3016
4882	65.973	65.9885
4883	65.973	66.1721
4884	65.973	66.4715
4885	65.973	66.0815
4886	65.973	65.988
4887	65.973	66.9137
4888	65.973	66.6483
4889	65.973	66.7269
4890	65.973	67.2767
4891	65.973	66.0053
4892	65.973	66.1705
4893	65.973	67.0936
4894	65.973	66.2823
4895	65.973	65.973
4896	65.973	65.973
4897	65.973	66.597
4898	65.973	68.6773
4899	65.973	68.5963
4900	65.973	67.6564
4901	65.973	67.0246
4902	65.973	68.1533
4903	65.973	66.1378
4904	65.973	66.0137
4905	65.973	65.9975
4906	65.973	66.0087
4907	65.973	66.4604
4908	65.973	66.5607
4909	65.973	66.0157
4910	65.973	66.3837
4911	65.973	66.0436
4912	65.973	66.6694
4913	65.973	66.1971
4914	65.973	67.1315
4915	65.973	67.1625
4916	65.973	66.8822
4917	65.973	66.1971
4918	65.973	66.0473
4919	65.973	66.7934
4920	65.973	66.3184
4921	65.973	65.973
4922	65.973	65.9946
4923	65.973	66.2653
4924	65.973	65.973
4925	65.973	65.973
4926	65.973	65.973
4927	65.973	66.2954
4928	65.973	66.056
4929	65.973	67.1129
4930	65.973	66.2522
4931	65.973	66.1233
4932	65.973	66.4038
4933	65.973	66.6825
4934	65.973	66.3418
4935	65.973	66.9439
4936	65.973	66.1992
4937	65.973	66.0768
4938	65.973	66.4935
4939	65.973	66.9292
4940	65.973	66.3157
4941	65.973	66.1099
4942	65.973	66.637
4943	65.973	66.1799
4944	65.973	66.1911
4945	65.973	66.2298
4946	65.973	66.02
4947	65.973	66.8699
4948	65.973	66.2886
4949	65.973	67.039
4950	65.973	66.7584
4951	65.973	66.3747
4952	65.973	65.973
4953	65.973	65.9976
4954	65.973	66.3351
4955	65.973	66.4142
4956	65.973	66.577
4957	65.973	66.2383
4958	65.973	66.3129
4959	65.973	66.7243
4960	65.973	66.9955
4961	65.973	66.5426
4962	65.973	66.3626
4963	65.973	66.2933
4964	65.973	67.0067
4965	65.973	68.11
4966	65.973	68.2517
4967	65.973	68.1723
4968	65.973	68.4578
4969	65.973	67.2391
4970	65.973	67.5192
4971	65.973	66.2862
4972	65.973	68.2099
4973	65.973	66.4144
4974	65.973	67.5538
4975	65.973	66.575
4976	65.973	66.4695
4977	65.973	66.0072
4978	65.973	65.973
4979	65.973	65.973
4980	65.973	66.2827
4981	65.973	66.5332
4982	65.973	66.062
4983	65.973	67.151
4984	65.973	68.5011
4985	65.973	69.4722
4986	65.973	68.8223
4987	65.973	66.3571
4988	65.973	66.1357
4989	65.973	66.0012
4990	65.973	65.973
4991	65.973	66.8536
4992	65.973	66.566
4993	65.973	66.6357
4994	65.973	68.6433
4995	65.973	68.6686
4996	65.973	68.036
4997	65.973	67.2501
4998	65.973	66.0874
4999	65.973	68.6736
5000	65.973	69.508
5001	65.973	67.7197
5002	65.973	66.2115
5003	65.973	66.8784
5004	65.973	66.5642
5005	65.973	66.2619
5006	65.973	66.1874
5007	65.973	65.9742
5008	65.973	66.0741
5009	65.973	66.2721
5010	65.973	66.0712
5011	65.973	66.3531
5012	65.973	66.2697
5013	65.973	66.3829
5014	65.973	66.1799
5015	65.973	66.1273
5016	65.973	66.0478
5017	65.973	65.973
5018	65.973	65.973
5019	65.973	65.973
5020	65.973	65.973
5021	65.973	65.973
5022	65.973	66.0125
5023	65.973	66.2789
5024	65.973	66.259
5025	65.973	66.3471
5026	65.973	66.6172
5027	65.973	66.2238
5028	65.973	66.7246
5029	65.973	66.4851
5030	65.973	66.4188
5031	65.973	66.1113
5032	65.973	66.2378
5033	65.973	66.4395
5034	65.973	66.8978
5035	65.973	68.8484
5036	65.973	66.1415
5037	65.973	67.1482
5038	65.973	68.6192
5039	65.973	68.1127
5040	65.973	67.0416
5041	65.973	65.9872
5042	65.973	65.9901
5043	65.973	66.3438
5044	65.973	66.0366
5045	65.973	66.3301
5046	65.973	67.8793
5047	65.973	69.1388
5048	65.973	67.7322
5049	65.973	68.5518
5050	65.973	66.3542
5051	65.973	66.0096
5052	65.973	65.973
5053	65.973	65.973
5054	65.973	66.0603
5055	65.973	66.16
5056	65.973	66.3244
5057	65.973	67.3422
5058	65.973	66.7429
5059	65.973	66.2638
5060	65.973	66.6828
5061	65.973	66.0214
5062	65.973	65.973
5063	65.973	65.9856
5064	65.973	65.973
5065	65.973	65.973
5066	65.973	65.973
5067	65.973	66.0056
5068	65.973	67.2342
5069	65.973	66.0072
5070	65.973	65.973
5071	65.973	66.3764
5072	65.973	66.1726
5073	65.973	67.6556
5074	65.973	66.9176
5075	65.973	66.3666
5076	65.973	67.2888
5077	65.973	68.0757
5078	65.973	72.9626
5079	65.973	69.5384
5080	65.973	67.0529
5081	65.973	66.3312
5082	65.973	66.2982
5083	65.973	66.7356
5084	65.973	66.975
5085	65.973	66.054
5086	65.973	66.3133
5087	65.973	66.151
5088	65.973	66.2618
5089	65.973	65.973
5090	65.973	65.973
5091	65.973	66.1878
5092	65.973	66.4175
5093	65.973	67.3409
5094	65.973	67.6636
5095	65.973	67.0261
5096	65.973	67.643
5097	65.973	66.5716
5098	65.973	66.3029
5099	65.973	65.973
5100	65.973	66.6287
5101	65.973	66.16
5102	65.973	66.8426
5103	65.973	66.2031
5104	65.973	66.1284
5105	65.973	66.5441
5106	65.973	66.7404
5107	65.973	66.7808
5108	65.973	66.4361
5109	65.973	66.0432
5110	65.973	65.973
5111	65.973	65.973
5112	65.973	66.3953
5113	65.973	66.2449
5114	65.973	66.2421
5115	65.973	67.4555
5116	65.973	67.748
5117	65.973	68.6496
5118	65.973	66.7906
5119	65.973	67.0225
5120	65.973	67.3124
5121	65.973	66.1543
5122	65.973	66.2237
5123	65.973	65.973
5124	65.973	65.9977
5125	65.973	65.973
5126	65.973	66.0345
5127	65.973	66.0733
5128	65.973	66.2943
5129	65.973	67.9853
5130	65.973	66.4141
5131	65.973	66.6572
5132	65.973	67.9447
5133	65.973	66.6723
5134	65.973	67.0286
5135	65.973	66.8253
5136	65.973	66.1422
5137	65.973	66.1716
5138	65.973	67.1098
5139	65.973	67.345
5140	65.973	66.6081
5141	65.973	67.1783
5142	65.973	66.6933
5143	65.973	67.0633
5144	65.973	65.9901
5145	65.973	66.0899
5146	65.973	66.1711
5147	65.973	66.019
5148	65.973	66.0728
5149	65.973	65.973
5150	65.973	66.0651
5151	65.973	66.237
5152	65.973	66.4696
5153	65.973	67.4617
5154	65.973	66.9074
5155	65.973	66.0832
5156	65.973	65.973
5157	65.973	66.051
5158	65.973	66.0764
5159	65.973	66.0287
5160	65.973	67.0743
5161	65.973	66.3765
5162	65.973	66.0632
5163	65.973	65.9839
5164	65.973	65.973
5165	65.973	65.973
5166	65.973	65.973
5167	65.973	66.0338
5168	65.973	66.618
5169	65.973	66.3417
5170	65.973	66.1606
5171	65.973	66.4431
5172	65.973	66.4829
5173	65.973	66.9935
5174	65.973	67.0865
5175	65.973	66.8348
5176	65.973	66.8333
5177	65.973	67.099
5178	65.973	66.5293
5179	65.973	66.187
5180	65.973	66.2364
5181	65.973	66.1276
5182	65.973	66.3262
5183	65.973	67.0124
5184	65.973	66.6243
5185	65.973	66.6633
5186	65.973	66.884
5187	65.973	66.4998
5188	65.973	67.0068
5189	65.973	65.973
5190	65.973	66.0525
5191	65.973	66.3367
5192	65.973	66.3122
5193	65.973	65.973
5194	65.973	65.983
5195	65.973	66.274
5196	65.973	66.0582
5197	65.973	66.2151
5198	65.973	66.1166
5199	65.973	66.3567
5200	65.973	66.4164
5201	65.973	66.5738
5202	65.973	66.5049
5203	65.973	69.1189
5204	65.973	67.2285
5205	65.973	69.4474
5206	65.973	69.0064
5207	65.973	69.3044
5208	65.973	71.0498
5209	65.973	69.5587
5210	65.973	69.7199
5211	65.973	69.3162
5212	65.973	69.3861
5213	65.973	69.9806
5214	65.973	71.4299
5215	65.973	70.0556
5216	65.973	69.7597
5217	65.973	69.0455
5218	65.973	68.1499
5219	65.973	68.8385
5220	65.973	69.4814
5221	65.973	70.293
5222	65.973	70.9673
5223	65.973	70.7038
5224	65.973	67.9353
5225	65.973	67.3938
5226	65.973	66.6342
5227	65.973	67.874
5228	65.973	66.9285
5229	65.973	68.5665
5230	65.973	67.7296
5231	65.973	66.9532
5232	65.973	66.5897
5233	65.973	66.1342
5234	65.973	66.6517
5235	65.973	66.3391
5236	65.973	65.9804
5237	65.973	66.5491
5238	65.973	66.2611
5239	65.973	65.973
5240	65.973	65.973
5241	65.973	66.0718
5242	65.973	66.3955
5243	65.973	66.7249
5244	65.973	66.1262
5245	65.973	66.8491
5246	65.973	65.973
5247	65.973	65.973
5248	65.973	66.5
5249	65.973	65.973
5250	65.973	65.973
5251	65.973	66.3283
5252	65.973	66.4993
5253	65.973	66.3274
5254	65.973	66.3165
5255	65.973	67.1289
5256	65.973	65.973
5257	65.973	66.3339
5258	65.973	66.324
5259	65.973	65.9952
5260	65.973	66.0726
5261	65.973	65.973
5262	65.973	66.0755
5263	65.973	66.4925
5264	65.973	66.3395
5265	65.973	66.216
5266	65.973	66.5043
5267	65.973	66.3887
5268	65.973	65.973
5269	65.973	66.055
5270	65.973	66.3772
5271	65.973	67.9149
5272	65.973	66.6732
5273	65.973	67.1157
5274	65.973	68.0075
5275	65.973	66.9268
5276	65.973	66.5375
5277	65.973	67.5119
5278	65.973	67.7194
5279	65.973	67.792
5280	65.973	66.9481
5281	65.973	68.4342
5282	65.973	66.9918
5283	65.973	66.5932
5284	65.973	66.3496
5285	65.973	66.3948
5286	65.973	66.1289
5287	65.973	66.3956
5288	65.973	65.973
5289	65.973	65.9851
5290	65.973	66.1498
5291	65.973	66.9336
5292	65.973	68.3042
5293	65.973	71.266
5294	65.973	70.7157
5295	65.973	71.813
5296	65.973	69.8571
5297	65.973	67.2648
5298	65.973	66.1355
5299	65.973	66.9477
5300	65.973	68.7818
5301	65.973	68.6298
5302	65.973	68.3606
5303	65.973	66.8532
5304	65.973	66.3036
5305	65.973	66.942
5306	65.973	68.0058
5307	65.973	67.2543
5308	65.973	66.659
5309	65.973	66.7767
5310	65.973	66.3923
5311	65.973	68.4376
5312	65.973	67.7422
5313	65.973	66.7319
5314	65.973	66.1505
5315	65.973	66.0017
5316	65.973	66.1101
5317	65.973	66.8711
5318	65.973	66.0264
5319	65.973	66.3192
5320	65.973	66.7626
5321	65.973	66.1936
5322	65.973	66.5967
5323	65.973	66.015
5324	65.973	65.9857
5325	65.973	66.0286
5326	65.973	65.973
5327	65.973	65.986
5328	65.973	66.0889
5329	65.973	67.2668
5330	65.973	65.9872
5331	65.973	66.1611
5332	65.973	66.304
5333	65.973	65.973
5334	65.973	66.6695
5335	65.973	66.5274
5336	65.973	66.4639
5337	65.973	65.973
5338	65.973	65.973
5339	65.973	66.7589
5340	65.973	66.0165
5341	65.973	66.0765
5342	65.973	66.142
5343	65.973	66.3146
5344	65.973	66.2441
5345	65.973	66.3071
5346	65.973	66.3203
5347	65.973	66.0477
5348	65.973	66.0717
5349	65.973	65.973
5350	65.973	66.3799
5351	65.973	65.973
5352	65.973	66.2385
5353	65.973	66.4267
5354	65.973	67.1599
5355	65.973	66.7099
5356	65.973	66.1134
5357	65.973	66.0396
5358	65.973	66.4206
5359	65.973	65.973
5360	65.973	65.973
5361	65.973	65.973
5362	65.973	65.973
5363	65.973	65.9826
5364	65.973	66.3205
5365	65.973	67.0426
5366	65.973	66.3093
5367	65.973	66.0223
5368	65.973	66.1772
5369	65.973	66.446
5370	65.973	67.131
5371	65.973	66.587
5372	65.973	66.5075
5373	65.973	66.429
5374	65.973	66.3108
5375	65.973	66.3904
5376	65.973	68.3644
5377	65.973	66.7942
5378	65.973	66.358
5379	65.973	66.5251
5380	65.973	67.1188
5381	65.973	67.4162
5382	65.973	67.2931
5383	65.973	66.5629
5384	65.973	66.439
5385	65.973	66.52
5386	65.973	66.7001
5387	65.973	67.0337
5388	65.973	66.382
5389	65.973	66.4598
5390	65.973	67.8853
5391	65.973	67.2982
5392	65.973	66.9609
5393	65.973	66.5867
5394	65.973	66.7568
5395	65.973	66.1837
5396	65.973	65.987
5397	65.973	66.3664
5398	65.973	65.973
5399	65.973	65.973
5400	65.973	66.084
5401	65.973	66.1539
5402	65.973	66.5404
5403	65.973	66.6452
5404	65.973	67.3779
5405	65.973	68.0635
5406	65.973	66.2913
5407	65.973	66.9383
5408	65.973	68.8813
5409	65.973	67.3068
5410	65.973	68.2774
5411	65.973	66.4568
5412	65.973	66.0545
5413	65.973	66.2552
5414	65.973	66.0536
5415	65.973	66.1983
5416	65.973	65.9753
5417	65.973	65.973
5418	65.973	65.9753
5419	65.973	66.347
5420	65.973	66.3771
5421	65.973	66.6059
5422	65.973	66.2149
5423	65.973	66.4472
5424	65.973	68.1727
5425	65.973	67.4663
5426	65.973	67.6477
5427	65.973	68.1837
5428	65.973	68.6134
5429	65.973	68.0139
5430	65.973	66.962
5431	65.973	67.9107
5432	65.973	70.5108
5433	65.973	68.6661
5434	65.973	67.7367
5435	65.973	68.1855
5436	65.973	70.139
5437	65.973	70.2624
5438	65.973	68.2041
5439	65.973	67.1157
5440	65.973	66.2973
5441	65.973	66.901
5442	65.973	66.5442
5443	65.973	67.2892
5444	65.973	66.252
5445	65.973	67.8247
5446	65.973	66.5565
5447	65.973	68.2518
5448	65.973	68.1763
5449	65.973	69.076
5450	65.973	70.3971
5451	65.973	67.256
5452	65.973	66.4103
5453	65.973	66.5793
5454	65.973	65.973
5455	65.973	65.973
5456	65.973	65.973
5457	65.973	65.9742
5458	65.973	66.8467
5459	65.973	66.8786
5460	65.973	66.4924
5461	65.973	66.1094
5462	65.973	65.973
5463	65.973	66.6382
5464	65.973	65.973
5465	65.973	66.0837
5466	65.973	66.3361
5467	65.973	66.9435
5468	65.973	66.815
5469	65.973	67.3063
5470	65.973	67.0499
5471	65.973	66.9374
5472	65.973	66.2232
5473	65.973	66.5484
5474	65.973	66.8946
5475	65.973	66.8106
5476	65.973	67.936
5477	65.973	66.871
5478	65.973	66.8449
5479	65.973	66.0667
5480	65.973	65.973
5481	65.973	65.987
5482	65.973	66.4988
5483	65.973	66.2115
5484	65.973	65.9914
5485	65.973	65.973
5486	65.973	66.392
5487	65.973	66.9007
5488	65.973	66.5583
5489	65.973	66.5661
5490	65.973	66.682
5491	65.973	66.9498
5492	65.973	66.131
5493	65.973	66.4728
5494	65.973	67.6306
5495	65.973	66.4628
5496	65.973	66.6488
5497	65.973	66.1524
5498	65.973	66.1752
5499	65.973	65.973
5500	65.973	65.9853
5501	65.973	66.4713
5502	65.973	65.973
5503	65.973	65.973
5504	65.973	65.973
5505	65.973	65.973
5506	65.973	66.2375
5507	65.973	68.0343
5508	65.973	66.1411
5509	65.973	66.1403
5510	65.973	65.973
5511	65.973	65.973
5512	65.973	65.9839
5513	65.973	65.973
5514	65.973	65.973
5515	65.973	65.973
5516	65.973	66.3936
5517	65.973	66.2351
5518	65.973	66.502
5519	65.973	66.5371
5520	65.973	66.6474
5521	65.973	67.1329
5522	65.973	66.3222
5523	65.973	66.1889
5524	65.973	67.8557
5525	65.973	68.2247
5526	65.973	68.1038
5527	65.973	67.5941
5528	65.973	66.8675
5529	65.973	66.9109
5530	65.973	67.091
5531	65.973	67.1274
5532	65.973	67.1728
5533	65.973	68.0664
5534	65.973	67.7961
5535	65.973	68.183
5536	65.973	69.5194
5537	65.973	67.6932
5538	65.973	67.5652
5539	65.973	68.3096
5540	65.973	66.5672
5541	65.973	66.8165
5542	65.973	68.0038
5543	65.973	66.4421
5544	65.973	66.359
5545	65.973	66.7503
5546	65.973	65.9864
5547	65.973	66.037
5548	65.973	66.3869
5549	65.973	66.6262
5550	65.973	67.3208
5551	65.973	67.0783
5552	65.973	66.656
5553	65.973	66.437
5554	65.973	66.2956
5555	65.973	66.4064
5556	65.973	66.3182
5557	65.973	66.7018
5558	65.973	66.5689
5559	65.973	66.9023
5560	65.973	66.0356
5561	65.973	66.0103
5562	65.973	66.6134
5563	65.973	67.594
5564	65.973	67.646
5565	65.973	67.4143
5566	65.973	67.2828
5567	65.973	67.431
5568	65.973	68.2411
5569	65.973	68.7155
5570	65.973	68.0632
5571	65.973	66.432
5572	65.973	67.5845
5573	65.973	66.9492
5574	65.973	67.8297
5575	65.973	66.32
5576	65.973	67.4266
5577	65.973	66.0186
5578	65.973	65.973
5579	65.973	65.973
5580	65.973	65.973
5581	65.973	66.0601
5582	65.973	65.973
5583	65.973	66.5781
5584	65.973	67.1365
5585	65.973	66.442
5586	65.973	65.973
5587	65.973	65.973
5588	65.973	65.973
5589	65.973	66.6104
5590	65.973	66.2859
5591	65.973	66.7576
5592	65.973	66.0848
5593	65.973	66.6009
5594	65.973	66.0144
5595	65.973	65.973
5596	65.973	66.1784
5597	65.973	66.3404
5598	65.973	67.4956
5599	65.973	66.9221
5600	65.973	67.098
5601	65.973	66.5031
5602	65.973	69.0905
5603	65.973	67.018
5604	65.973	68.7817
5605	65.973	65.973
5606	65.973	66.1282
5607	65.973	65.9869
5608	65.973	66.4411
5609	65.973	67.9982
5610	65.973	66.6763
5611	65.973	66.0479
5612	65.973	66.0235
5613	65.973	66.1248
5614	65.973	67.2583
5615	65.973	67.3578
5616	65.973	66.7125
5617	65.973	66.6693
5618	65.973	66.8109
5619	65.973	66.2765
5620	65.973	65.973
5621	65.973	65.973
5622	65.973	65.973
5623	65.973	66.5869
5624	65.973	66.1594
5625	65.973	66.086
5626	65.973	65.973
5627	65.973	65.973
5628	65.973	66.1372
5629	65.973	66.2681
5630	65.973	66.2531
5631	65.973	66.3761
5632	65.973	66.1782
5633	65.973	65.973
5634	65.973	66.845
5635	65.973	67.022
5636	65.973	67.7001
5637	65.973	66.7803
5638	65.973	67.5502
5639	65.973	68.0557
5640	65.973	66.7888
5641	65.973	66.2383
5642	65.973	65.973
5643	65.973	65.973
5644	65.973	65.973
5645	65.973	65.973
5646	65.973	66.0729
5647	65.973	66.1418
5648	65.973	66.3742
5649	65.973	66.3251
5650	65.973	66.1518
5651	65.973	66.4876
5652	65.973	66.6415
5653	65.973	66.401
5654	65.973	66.7332
5655	65.973	66.0961
5656	65.973	66.0106
5657	65.973	66.017
5658	65.973	66.0748
5659	65.973	66.9329
5660	65.973	66.8437
5661	65.973	67.8197
5662	65.973	67.0762
5663	65.973	66.7761
5664	65.973	66.1131
5665	65.973	65.973
5666	65.973	66.1398
5667	65.973	66.1288
5668	65.973	66.6813
5669	65.973	66.1517
5670	65.973	65.973
5671	65.973	66.1907
5672	65.973	66.8619
5673	65.973	66.901
5674	65.973	66.4637
5675	65.973	67.0672
5676	65.973	68.2864
5677	65.973	66.2808
5678	65.973	68.3279
5679	65.973	69.2824
5680	65.973	68.5957
5681	65.973	68.2083
5682	65.973	68.6332
5683	65.973	67.5093
5684	65.973	66.2697
5685	65.973	65.973
5686	65.973	65.973
5687	65.973	65.973
5688	65.973	67.4103
5689	65.973	68.5416
5690	65.973	68.799
5691	65.973	68.6387
5692	65.973	67.7733
5693	65.973	67.2418
5694	65.973	66.6617
5695	65.973	66.5898
5696	65.973	66.8793
5697	65.973	66.106
5698	65.973	66.8531
5699	65.973	67.9332
5700	65.973	67.293
5701	65.973	66.0558
5702	65.973	66.0459
5703	65.973	65.9801
5704	65.973	66.1035
5705	65.973	66.7614
5706	65.973	68.271
5707	65.973	67.1354
5708	65.973	67.0791
5709	65.973	66.4036
5710	65.973	66.2782
5711	65.973	66.2155
5712	65.973	66.7834
5713	65.973	66.8591
5714	65.973	66.2239
5715	65.973	66.1315
5716	65.973	66.1702
5717	65.973	67.6537
5718	65.973	67.2301
5719	65.973	66.5259
5720	65.973	65.973
5721	65.973	66.8337
5722	65.973	67.6158
5723	65.973	67.6082
5724	65.973	66.6494
5725	65.973	67.7016
5726	65.973	68.7093
5727	65.973	69.0353
5728	65.973	66.6024
5729	65.973	66.8186
5730	65.973	66.2518
5731	65.973	66.0192
5732	65.973	66.3456
5733	65.973	66.5171
5734	65.973	66.5828
5735	65.973	66.8419
5736	65.973	68.0157
5737	65.973	67.4455
5738	65.973	67.4464
5739	65.973	68.309
5740	65.973	67.6707
5741	65.973	66.5873
5742	65.973	68.3407
5743	65.973	68.2814
5744	65.973	67.5835
5745	65.973	66.7057
5746	65.973	66.4622
5747	65.973	66.4772
5748	65.973	66.0673
5749	65.973	66.4623
5750	65.973	66.7986
5751	65.973	66.4886
5752	65.973	66.8504
5753	65.973	67.1564
5754	65.973	67.5282
5755	65.973	66.6692
5756	65.973	66.0863
5757	65.973	66.1312
5758	65.973	66.071
5759	65.973	66.1975
5760	65.973	65.973
5761	65.973	66.1567
5762	65.973	66.2364
5763	65.973	66.2079
5764	65.973	66.0484
5765	65.973	65.9901
5766	65.973	66.1846
5767	65.973	66.0475
5768	65.973	65.973
5769	65.973	65.973
5770	65.973	65.973
5771	65.973	65.973
5772	65.973	66.0067
5773	65.973	66.4556
5774	65.973	66.0668
5775	65.973	66.1319
5776	65.973	66.9537
5777	65.973	67.0232
5778	65.973	66.7113
5779	65.973	67.674
5780	65.973	68.2798
5781	65.973	66.9375
5782	65.973	66.6035
5783	65.973	66.242
5784	65.973	66.3043
5785	65.973	67.613
5786	65.973	67.9912
5787	65.973	68.9448
5788	65.973	67.0979
5789	65.973	67.0987
5790	65.973	69.0185
5791	65.973	68.0949
5792	65.973	69.8836
5793	65.973	67.1544
5794	65.973	68.9847
5795	65.973	67.6726
5796	65.973	66.6795
5797	65.973	68.068
5798	65.973	67.7894
5799	65.973	66.8923
5800	65.973	66.7317
5801	65.973	66.0705
5802	65.973	68.1914
5803	65.973	66.0318
5804	65.973	66.5811
5805	65.973	67.945
5806	65.973	67.04
5807	65.973	67.7829
5808	65.973	66.9256
5809	65.973	67.2649
5810	65.973	67.804
5811	65.973	67.234
5812	65.973	70.3938
5813	65.973	69.2867
5814	65.973	67.3556
5815	65.973	67.0448
5816	65.973	67.5906
5817	65.973	68.4811
5818	65.973	66.8274
5819	65.973	67.4953
5820	65.973	66.2485
5821	65.973	66.7022
5822	65.973	66.6543
5823	65.973	66.3507
5824	65.973	66.2662
5825	65.973	66.8592
5826	65.973	68.1801
5827	65.973	68.3067
5828	65.973	66.9646
5829	65.973	66.6315
5830	65.973	65.9865
5831	65.973	65.9901
5832	65.973	66.278
5833	65.973	66.2943
5834	65.973	66.0495
5835	65.973	65.973
5836	65.973	66.2824
5837	65.973	67.2511
5838	65.973	66.0804
5839	65.973	66.506
5840	65.973	66.6191
5841	65.973	66.9491
5842	65.973	67.2661
5843	65.973	66.8964
5844	65.973	66.7326
5845	65.973	66.046
5846	65.973	65.9853
5847	65.973	66.3121
5848	65.973	66.4606
5849	65.973	66.9435
5850	65.973	66.2921
5851	65.973	66.8859
5852	65.973	67.5563
5853	65.973	66.9303
5854	65.973	67.0828
5855	65.973	66.3035
5856	65.973	66.7071
5857	65.973	66.8933
5858	65.973	66.1374
5859	65.973	66.6593
5860	65.973	66.1403
5861	65.973	66.4811
5862	65.973	66.7598
5863	65.973	66.2715
5864	65.973	66.0499
5865	65.973	66.2289
5866	65.973	66.3896
5867	65.973	66.7126
5868	65.973	67.744
5869	65.973	66.3905
5870	65.973	67.5397
5871	65.973	68.5469
5872	65.973	65.973
5873	65.973	66.3873
5874	65.973	66.9132
5875	65.973	66.6628
5876	65.973	67.3471
5877	65.973	66.9419
5878	65.973	66.4521
5879	65.973	66.4141
5880	65.973	66.3236
5881	65.973	67.1402
5882	65.973	68.001
5883	65.973	67.9008
5884	65.973	66.2632
5885	65.973	66.1127
5886	65.973	66.3501
5887	65.973	66.3162
5888	65.973	67.7464
5889	65.973	66.6581
5890	65.973	65.9932
5891	65.973	65.973
5892	65.973	65.973
5893	65.973	66.1562
5894	65.973	67.1694
5895	65.973	67.5702
5896	65.973	67.3137
5897	65.973	66.2237
5898	65.973	66.3086
5899	65.973	66.2581
5900	65.973	66.4609
5901	65.973	66.3542
5902	65.973	66.9359
5903	65.973	66.6345
5904	65.973	66.337
5905	65.973	66.1516
5906	65.973	65.9765
5907	65.973	66.2055
5908	65.973	66.2235
5909	65.973	66.4525
5910	65.973	66.0912
5911	65.973	65.973
5912	65.973	66.0607
5913	65.973	65.973
5914	65.973	66.1498
5915	65.973	67.0452
5916	65.973	67.9183
5917	65.973	67.2352
5918	65.973	66.6209
5919	65.973	66.4248
5920	65.973	66.2401
5921	65.973	66.2919
5922	65.973	66.3165
5923	65.973	67.5973
5924	65.973	67.2532
5925	65.973	68.0017
5926	65.973	66.6103
5927	65.973	68.6829
5928	65.973	66.9896
5929	65.973	68.0421
5930	65.973	66.6654
5931	65.973	67.0868
5932	65.973	66.0957
5933	65.973	66.024
5934	65.973	66.8895
5935	65.973	66.3193
5936	65.973	66.9578
5937	65.973	66.8534
5938	65.973	67.523
5939	65.973	66.6046
5940	65.973	66.1034
5941	65.973	67.133
5942	65.973	66.5044
5943	65.973	65.99
5944	65.973	66.1742
5945	65.973	66.6112
5946	65.973	67.3646
5947	65.973	66.3332
5948	65.973	65.973
5949	65.973	66.3047
5950	65.973	65.973
5951	65.973	66.0471
5952	65.973	67.1919
5953	65.973	66.2469
5954	65.973	65.973
5955	65.973	65.973
5956	65.973	65.973
5957	65.973	65.973
5958	65.973	66.1361
5959	65.973	66.0908
5960	65.973	66.1555
5961	65.973	66.0809
5962	65.973	66.1121
5963	65.973	65.9967
5964	65.973	66.4334
5965	65.973	66.98
5966	65.973	67.0941
5967	65.973	66.559
5968	65.973	67.3109
5969	65.973	66.3845
5970	65.973	66.2188
5971	65.973	66.4993
5972	65.973	67.5755
5973	65.973	67.5535
5974	65.973	67.0069
5975	65.973	67.2172
5976	65.973	67.1078
5977	65.973	66.7389
5978	65.973	66.504
5979	65.973	68.34
5980	65.973	68.2573
5981	65.973	68.5226
5982	65.973	67.4003
5983	65.973	66.3896
5984	65.973	66.1266
5985	65.973	67.6822
5986	65.973	66.175
5987	65.973	66.0489
5988	65.973	66.2607
5989	65.973	66.0815
5990	65.973	66.0869
5991	65.973	66.1231
5992	65.973	66.1364
5993	65.973	65.9959
5994	65.973	66.6724
5995	65.973	66.4026
5996	65.973	68.4171
5997	65.973	66.5103
5998	65.973	67.2694
5999	65.973	67.0051
6000	65.973	66.4025
6001	65.973	67.9096
6002	65.973	67.5848
6003	65.973	68.3199
6004	65.973	66.3173
6005	65.973	66.794
6006	65.973	67.2269
6007	65.973	66.3248
6008	65.973	66.1336
6009	65.973	65.973
6010	65.973	66.1428
6011	65.973	65.973
6012	65.973	65.9891
6013	65.973	65.973
6014	65.973	66.0158
6015	65.973	66.7427
6016	65.973	65.973
6017	65.973	65.973
6018	65.973	66.4493
6019	65.973	66.0621
6020	65.973	66.6909
6021	65.973	67.7942
6022	65.973	68.6208
6023	65.973	70.8808
6024	65.973	70.283
6025	65.973	67.7726
6026	65.973	65.973
6027	65.973	66.1151
6028	65.973	66.2162
6029	65.973	66.5575
6030	65.973	66.3454
6031	65.973	66.2807
6032	65.973	66.5828
6033	65.973	66.6738
6034	65.973	66.3565
6035	65.973	66.3702
6036	65.973	66.9802
6037	65.973	66.7581
6038	65.973	66.3956
6039	65.973	66.2591
6040	65.973	65.973
6041	65.973	65.973
6042	65.973	66.4986
6043	65.973	67.6168
6044	65.973	66.3253
6045	65.973	65.9961
6046	65.973	66.0076
6047	65.973	66.1699
6048	65.973	65.973
6049	65.973	66.566
6050	65.973	66.1927
6051	65.973	67.4991
6052	65.973	70.2273
6053	65.973	69.8012
6054	65.973	69.4305
6055	65.973	70.1565
6056	65.973	67.6118
6057	65.973	66.1894
6058	65.973	66.2582
6059	65.973	67.3958
6060	65.973	67.4179
6061	65.973	67.0573
6062	65.973	66.4543
6063	65.973	65.973
6064	65.973	65.973
6065	65.973	66.3569
6066	65.973	65.9742
6067	65.973	66.1536
6068	65.973	66.0897
6069	65.973	68.1989
6070	65.973	68.2406
6071	65.973	66.8679
6072	65.973	66.6345
6073	65.973	65.973
6074	65.973	65.973
6075	65.973	66.2897
6076	65.973	66.1142
6077	65.973	66.4783
6078	65.973	66.6672
6079	65.973	67.7225
6080	65.973	67.0261
6081	65.973	67.4863
6082	65.973	66.5819
6083	65.973	66.217
6084	65.973	66.3911
6085	65.973	66.4014
6086	65.973	66.1493
6087	65.973	65.973
6088	65.973	65.973
6089	65.973	66.8577
6090	65.973	66.5369
6091	65.973	66.6483
6092	65.973	66.5627
6093	65.973	66.0891
6094	65.973	66.0599
6095	65.973	66.0718
6096	65.973	66.1066
6097	65.973	67.4094
6098	65.973	67.0381
6099	65.973	66.6192
6100	65.973	66.5707
6101	65.973	68.5051
6102	65.973	68.1934
6103	65.973	68.2106
6104	65.973	68.3203
6105	65.973	66.5808
6106	65.973	66.7774
6107	65.973	66.1265
6108	65.973	66.1673
6109	65.973	67.2026
6110	65.973	67.1637
6111	65.973	67.2243
6112	65.973	67.5673
6113	65.973	66.2897
6114	65.973	66.4132
6115	65.973	66.2898
6116	65.973	66.4999
6117	65.973	66.7506
6118	65.973	66.4317
6119	65.973	65.9742
6120	65.973	66.2139
6121	65.973	66.2181
6122	65.973	65.973
6123	65.973	65.973
6124	65.973	65.973
6125	65.973	66.9863
6126	65.973	66.3042
6127	65.973	66.8102
6128	65.973	66.2379
6129	65.973	65.9843
6130	65.973	66.3637
6131	65.973	66.463
6132	65.973	66.4026
6133	65.973	66.3528
6134	65.973	67.0149
6135	65.973	66.4416
6136	65.973	66.4403
6137	65.973	66.2974
6138	65.973	66.2342
6139	65.973	66.1085
6140	65.973	67.0126
6141	65.973	67.2103
6142	65.973	67.4103
6143	65.973	69.6629
6144	65.973	67.5057
6145	65.973	69.3379
6146	65.973	68.2151
6147	65.973	70.7899
6148	65.973	69.0829
6149	65.973	66.9921
6150	65.973	66.5922
6151	65.973	66.4044
6152	65.973	65.9826
6153	65.973	66.0201
6154	65.973	65.973
6155	65.973	66.4631
6156	65.973	66.5986
6157	65.973	66.4927
6158	65.973	66.6033
6159	65.973	66.6077
6160	65.973	66.8513
6161	65.973	66.8212
6162	65.973	67.5795
6163	65.973	66.6871
6164	65.973	68.8378
6165	65.973	67.9254
6166	65.973	66.2797
6167	65.973	65.973
6168	65.973	67.3336
6169	65.973	66.7397
6170	65.973	66.1281
6171	65.973	66.9139
6172	65.973	66.4366
6173	65.973	66.5485
6174	65.973	66.1945
6175	65.973	67.1649
6176	65.973	67.0542
6177	65.973	67.0855
6178	65.973	65.973
6179	65.973	65.973
6180	65.973	65.973
6181	65.973	65.9866
6182	65.973	66.9247
6183	65.973	67.8134
6184	65.973	68.0635
6185	65.973	67.1602
6186	65.973	66.5086
6187	65.973	66.3748
6188	65.973	67.2708
6189	65.973	66.0811
6190	65.973	66.0144
6191	65.973	65.973
6192	65.973	66.0231
6193	65.973	66.1587
6194	65.973	65.9742
6195	65.973	66.4378
6196	65.973	66.5306
6197	65.973	66.0599
6198	65.973	66.9313
6199	65.973	68.2611
6200	65.973	67.7561
6201	65.973	66.7414
6202	65.973	66.2145
6203	65.973	66.3922
6204	65.973	67.6718
6205	65.973	67.128
6206	65.973	66.3332
6207	65.973	65.973
6208	65.973	65.973
6209	65.973	66.1935
6210	65.973	66.038
6211	65.973	66.2075
6212	65.973	66.0504
6213	65.973	66.4509
6214	65.973	66.228
6215	65.973	66.1613
6216	65.973	66.1491
6217	65.973	67.7562
6218	65.973	67.2768
6219	65.973	67.5537
6220	65.973	66.7039
6221	65.973	65.973
6222	65.973	66.0388
6223	65.973	66.0813
6224	65.973	66.8123
6225	65.973	66.7763
6226	65.973	66.8495
6227	65.973	66.4256
6228	65.973	69.8161
6229	65.973	66.8938
6230	65.973	67.3653
6231	65.973	67.9984
6232	65.973	66.8215
6233	65.973	66.3423
6234	65.973	66.1386
6235	65.973	66.6728
6236	65.973	66.533
6237	65.973	67.3992
6238	65.973	68.5401
6239	65.973	66.9589
6240	65.973	66.695
6241	65.973	66.7599
6242	65.973	67.2166
6243	65.973	67.1112
6244	65.973	66.0015
6245	65.973	66.8871
6246	65.973	66.8489
6247	65.973	66.8335
6248	65.973	66.7766
6249	65.973	66.0731
6250	65.973	67.2204
6251	65.973	66.5197
6252	65.973	66.232
6253	65.973	66.3503
6254	65.973	66.3211
6255	65.973	66.2656
6256	65.973	66.3711
6257	65.973	66.7421
6258	65.973	66.1382
6259	65.973	65.973
6260	65.973	65.973
6261	65.973	65.973
6262	65.973	65.973
6263	65.973	65.9734
6264	65.973	66.6851
6265	65.973	66.2766
6266	65.973	66.2167
6267	65.973	66.0258
6268	65.973	66.1935
6269	65.973	66.6115
6270	65.973	66.0851
6271	65.973	66.1695
6272	65.973	66.3994
6273	65.973	66.1737
6274	65.973	66.6335
6275	65.973	66.084
6276	65.973	66.484
6277	65.973	67.1419
6278	65.973	66.6295
6279	65.973	66.7096
6280	65.973	68.2796
6281	65.973	66.7777
6282	65.973	70.0865
6283	65.973	69.6102
6284	65.973	71.8141
6285	65.973	71.0129
6286	65.973	70.5594
6287	65.973	69.3214
6288	65.973	69.3404
6289	65.973	69.4648
6290	65.973	68.3633
6291	65.973	67.8597
6292	65.973	68.3345
6293	65.973	67.6366
6294	65.973	67.5095
6295	65.973	66.6194
6296	65.973	66.2032
6297	65.973	66.5134
6298	65.973	66.0846
6299	65.973	66.743
6300	65.973	66.1238
6301	65.973	66.0325
6302	65.973	66.7231
6303	65.973	65.973
6304	65.973	66.4972
6305	65.973	66.6974
6306	65.973	65.973
6307	65.973	66.351
6308	65.973	65.973
6309	65.973	66.0986
6310	65.973	66.3201
6311	65.973	66.854
6312	65.973	67.9201
6313	65.973	67.7712
6314	65.973	66.7563
6315	65.973	67.1694
6316	65.973	69.0718
6317	65.973	70.4299
6318	65.973	69.6804
6319	65.973	68.4325
6320	65.973	67.3682
6321	65.973	66.3091
6322	65.973	66.4788
6323	65.973	66.5327
6324	65.973	66.8941
6325	65.973	66.9003
6326	65.973	67.328
6327	65.973	67.0855
6328	65.973	67.3783
6329	65.973	71.2757
6330	65.973	67.9942
6331	65.973	67.4808
6332	65.973	66.4907
6333	65.973	66.3472
6334	65.973	66.748
6335	65.973	66.362
6336	65.973	66.1524
6337	65.973	66.0134
6338	65.973	66.1766
6339	65.973	67.5316
6340	65.973	68.3562
6341	65.973	67.4791
6342	65.973	66.4046
6343	65.973	66.0963
6344	65.973	66.0939
6345	65.973	66.3964
6346	65.973	65.973
6347	65.973	65.9936
6348	65.973	66.1065
6349	65.973	67.0375
6350	65.973	66.833
6351	65.973	67.4628
6352	65.973	67.9868
6353	65.973	67.1565
6354	65.973	67.1675
6355	65.973	66.5195
6356	65.973	65.973
6357	65.973	66.026
6358	65.973	66.4371
6359	65.973	65.973
6360	65.973	66.8664
6361	65.973	67.0737
6362	65.973	66.637
6363	65.973	67.0022
6364	65.973	67.0113
6365	65.973	66.0487
6366	65.973	67.0973
6367	65.973	67.933
6368	65.973	67.2743
6369	65.973	66.6747
6370	65.973	67.1635
6371	65.973	66.1596
6372	65.973	66.1285
6373	65.973	66.8298
6374	65.973	68.2972
6375	65.973	67.6718
6376	65.973	68.4055
6377	65.973	67.7202
6378	65.973	68.3015
6379	65.973	68.1608
6380	65.973	67.7823
6381	65.973	67.6044
6382	65.973	66.7488
6383	65.973	67.2382
6384	65.973	65.9788
6385	65.973	66.6052
6386	65.973	66.868
6387	65.973	67.0237
6388	65.973	67.1539
6389	65.973	67.6202
6390	65.973	70.4424
6391	65.973	71.946
6392	65.973	69.7278
6393	65.973	67.359
6394	65.973	69.3455
6395	65.973	66.9548
6396	65.973	66.4358
6397	65.973	66.3578
6398	65.973	66.3359
6399	65.973	65.973
6400	65.973	65.973
6401	65.973	67.4107
6402	65.973	68.8451
6403	65.973	68.6832
6404	65.973	66.3714
6405	65.973	65.9742
6406	65.973	67.9826
6407	65.973	67.1205
6408	65.973	67.2572
6409	65.973	68.2622
6410	65.973	66.6253
6411	65.973	66.349
6412	65.973	66.1791
6413	65.973	66.2596
6414	65.973	65.973
6415	65.973	65.973
6416	65.973	66.8811
6417	65.973	65.9941
6418	65.973	65.973
6419	65.973	67.7845
6420	65.973	67.2632
6421	65.973	67.1002
6422	65.973	66.7864
6423	65.973	67.2838
6424	65.973	67.089
6425	65.973	66.2353
6426	65.973	66.0302
6427	65.973	65.973
6428	65.973	65.973
6429	65.973	65.973
6430	65.973	65.973
6431	65.973	65.973
6432	65.973	66.8016
6433	65.973	65.973
6434	65.973	66.4344
6435	65.973	65.973
6436	65.973	65.973
6437	65.973	66.0208
6438	65.973	65.973
6439	65.973	66.9875
6440	65.973	66.9037
6441	65.973	66.1279
6442	65.973	66.5338
6443	65.973	66.9472
6444	65.973	68.0149
6445	65.973	66.5015
6446	65.973	66.8283
6447	65.973	66.0292
6448	65.973	66.0021
6449	65.973	66.2047
6450	65.973	66.3084
6451	65.973	66.5773
6452	65.973	65.973
6453	65.973	65.996
6454	65.973	66.214
6455	65.973	66.4025
6456	65.973	66.5304
6457	65.973	66.6238
6458	65.973	66.1407
6459	65.973	66.3848
6460	65.973	66.1783
6461	65.973	66.0428
6462	65.973	65.973
6463	65.973	65.9826
6464	65.973	66.4999
6465	65.973	67.8204
6466	65.973	67.1251
6467	65.973	67.3454
6468	65.973	66.2178
6469	65.973	66.1705
6470	65.973	65.973
6471	65.973	65.973
6472	65.973	66.4117
6473	65.973	66.7501
6474	65.973	66.1633
6475	65.973	65.973
6476	65.973	65.9771
6477	65.973	65.973
6478	65.973	65.973
6479	65.973	66.1049
6480	65.973	66.2096
6481	65.973	67.2557
6482	65.973	65.973
6483	65.973	65.973
6484	65.973	65.973
6485	65.973	65.973
6486	65.973	66.466
6487	65.973	67.0145
6488	65.973	67.0238
6489	65.973	66.6484
6490	65.973	66.2722
6491	65.973	66.5458
6492	65.973	66.9124
6493	65.973	66.0759
6494	65.973	65.9823
6495	65.973	65.973
6496	65.973	66.5407
6497	65.973	66.3186
6498	65.973	65.973
6499	65.973	65.973
6500	65.973	65.973
6501	65.973	65.973
6502	65.973	67.0339
6503	65.973	67.8061
6504	65.973	68.131
6505	65.973	68.4774
6506	65.973	67.62
6507	65.973	68.3025
6508	65.973	66.6683
6509	65.973	67.3285
6510	65.973	67.715
6511	65.973	67.8224
6512	65.973	68.0373
6513	65.973	67.6221
6514	65.973	66.0195
6515	65.973	65.973
6516	65.973	66.3824
6517	65.973	67.1745
6518	65.973	68.3223
6519	65.973	66.8644
6520	65.973	66.6638
6521	65.973	66.3717
6522	65.973	66.8041
6523	65.973	66.3289
6524	65.973	67.2254
6525	65.973	66.9844
6526	65.973	67.4098
6527	65.973	67.6355
6528	65.973	66.958
6529	65.973	66.2821
6530	65.973	65.9923
6531	65.973	66.0138
6532	65.973	66.8543
6533	65.973	66.8692
6534	65.973	68.31
6535	65.973	66.8011
6536	65.973	66.003
6537	65.973	65.9772
6538	65.973	66.7917
6539	65.973	66.2344
6540	65.973	66.3078
6541	65.973	66.4697
6542	65.973	66.0196
6543	65.973	66.4411
6544	65.973	66.2752
6545	65.973	66.3699
6546	65.973	65.973
6547	65.973	66.0657
6548	65.973	66.1794
6549	65.973	66.0225
6550	65.973	66.226
6551	65.973	66.4796
6552	65.973	66.4091
6553	65.973	66.2231
6554	65.973	66.0001
6555	65.973	66.2116
6556	65.973	66.0727
6557	65.973	65.9823
6558	65.973	65.973
6559	65.973	66.3375
6560	65.973	66.7719
6561	65.973	66.4236
6562	65.973	66.5302
6563	65.973	66.3418
6564	65.973	66.331
6565	65.973	66.2667
6566	65.973	66.8097
6567	65.973	66.8179
6568	65.973	66.1312
6569	65.973	65.973
6570	65.973	66.1575
6571	65.973	66.3835
6572	65.973	66.5667
6573	65.973	66.3184
6574	65.973	66.2678
6575	65.973	66.2911
6576	65.973	66.1824
6577	65.973	66.5698
6578	65.973	67.0072
6579	65.973	66.3003
6580	65.973	66.4604
6581	65.973	66.3654
6582	65.973	66.3607
6583	65.973	67.1503
6584	65.973	66.621
6585	65.973	67.0491
6586	65.973	67.7531
6587	65.973	68.0826
6588	65.973	67.5861
6589	65.973	66.3699
6590	65.973	66.6303
6591	65.973	67.1904
6592	65.973	66.6339
6593	65.973	66.4214
6594	65.973	66.2534
6595	65.973	66.0445
6596	65.973	66.0116
6597	65.973	66.6098
6598	65.973	67.112
6599	65.973	66.4874
6600	65.973	65.973
6601	65.973	66.4242
6602	65.973	66.3372
6603	65.973	67.3216
6604	65.973	66.5535
6605	65.973	67.812
6606	65.973	66.6483
6607	65.973	66.2072
6608	65.973	66.6218
6609	65.973	67.4863
6610	65.973	66.1883
6611	65.973	66.8572
6612	65.973	66.0045
6613	65.973	66.0836
6614	65.973	66.3552
6615	65.973	66.281
6616	65.973	66.3315
6617	65.973	66.9959
6618	65.973	67.7049
6619	65.973	67.2451
6620	65.973	66.4367
6621	65.973	67.1296
6622	65.973	66.7573
6623	65.973	67.7813
6624	65.973	67.2607
6625	65.973	66.9853
6626	65.973	66.5143
6627	65.973	66.905
6628	65.973	66.3479
6629	65.973	66.0816
6630	65.973	66.2227
6631	65.973	66.8378
6632	65.973	67.5719
6633	65.973	66.8997
6634	65.973	66.8055
6635	65.973	66.3147
6636	65.973	67.0881
6637	65.973	67.5616
6638	65.973	66.6832
6639	65.973	66.3961
6640	65.973	65.973
6641	65.973	65.973
6642	65.973	65.973
6643	65.973	66.0122
6644	65.973	66.0103
6645	65.973	66.0331
6646	65.973	67.2078
6647	65.973	67.4524
6648	65.973	68.7228
6649	65.973	67.3274
6650	65.973	68.2267
6651	65.973	66.9179
6652	65.973	66.0882
6653	65.973	65.973
6654	65.973	65.973
6655	65.973	65.973
6656	65.973	66.058
6657	65.973	66.6565
6658	65.973	66.2115
6659	65.973	66.3774
6660	65.973	66.285
6661	65.973	66.6715
6662	65.973	66.5216
6663	65.973	66.3226
6664	65.973	66.8703
6665	65.973	66.6112
6666	65.973	66.3559
6667	65.973	65.9968
6668	65.973	66.2257
6669	65.973	66.1873
6670	65.973	66.1237
6671	65.973	66.1516
6672	65.973	66.4952
6673	65.973	66.7757
6674	65.973	66.4072
6675	65.973	66.1697
6676	65.973	65.973
6677	65.973	66.3862
6678	65.973	66.0525
6679	65.973	65.9835
6680	65.973	66.8587
6681	65.973	67.1019
6682	65.973	66.3261
6683	65.973	66.7311
6684	65.973	65.973
6685	65.973	65.973
6686	65.973	65.973
6687	65.973	65.973
6688	65.973	66.4021
6689	65.973	66.028
6690	65.973	66.0697
6691	65.973	66.1586
6692	65.973	67.054
6693	65.973	67.435
6694	65.973	66.4594
6695	65.973	66.2664
6696	65.973	66.1132
6697	65.973	65.973
6698	65.973	65.973
6699	65.973	66.0595
6700	65.973	66.2823
6701	65.973	66.1776
6702	65.973	66.2884
6703	65.973	66.0528
6704	65.973	66.0625
6705	65.973	65.9907
6706	65.973	66.0274
6707	65.973	66.3457
6708	65.973	66.6868
6709	65.973	66.1702
6710	65.973	66.1819
6711	65.973	65.973
6712	65.973	65.973
6713	65.973	66.3962
6714	65.973	67.0468
6715	65.973	66.0493
6716	65.973	66.0246
6717	65.973	67.0273
6718	65.973	66.1777
6719	65.973	65.973
6720	65.973	66.9461
6721	65.973	66.2639
6722	65.973	66.257
6723	65.973	66.9244
6724	65.973	66.1149
6725	65.973	66.0653
6726	65.973	67.0853
6727	65.973	66.8179
6728	65.973	66.5805
6729	65.973	66.8922
6730	65.973	66.5442
6731	65.973	66.2121
6732	65.973	66.5838
6733	65.973	66.4076
6734	65.973	66.6309
6735	65.973	66.7867
6736	65.973	66.4291
6737	65.973	66.2589
6738	65.973	66.2236
6739	65.973	66.0211
6740	65.973	66.4762
6741	65.973	66.9787
6742	65.973	66.5438
6743	65.973	66.6551
6744	65.973	66.2698
6745	65.973	66.2342
6746	65.973	65.973
6747	65.973	66.2225
6748	65.973	66.0161
6749	65.973	66.0938
6750	65.973	66.0351
6751	65.973	66.383
6752	65.973	66.0868
6753	65.973	66.0536
6754	65.973	66.3811
6755	65.973	66.3197
6756	65.973	65.973
6757	65.973	66.075
6758	65.973	66.3738
6759	65.973	66.0104
6760	65.973	66.0821
6761	65.973	66.0429
6762	65.973	66.0854
6763	65.973	66.0804
6764	65.973	67.0822
6765	65.973	66.3714
6766	65.973	67.2217
6767	65.973	67.2198
6768	65.973	67.1496
6769	65.973	67.9289
6770	65.973	66.761
6771	65.973	66.7368
6772	65.973	66.8148
6773	65.973	66.6444
6774	65.973	67.2227
6775	65.973	66.1122
6776	65.973	66.8219
6777	65.973	67.3191
6778	65.973	66.9726
6779	65.973	67.7841
6780	65.973	67.5376
6781	65.973	66.4189
6782	65.973	66.4984
6783	65.973	66.8996
6784	65.973	66.0114
6785	65.973	66.4792
6786	65.973	66.0421
6787	65.973	66.1867
6788	65.973	67.3633
6789	65.973	67.6551
6790	65.973	66.6975
6791	65.973	66.6626
6792	65.973	67.3658
6793	65.973	67.6578
6794	65.973	68.9519
6795	65.973	70.4067
6796	65.973	67.7948
6797	65.973	69.3621
6798	65.973	67.9231
6799	65.973	68.4446
6800	65.973	67.9349
6801	65.973	68.0672
6802	65.973	67.4136
6803	65.973	67.0663
6804	65.973	66.6661
6805	65.973	66.2994
6806	65.973	66.4531
6807	65.973	66.4733
6808	65.973	67.8022
6809	65.973	66.7138
6810	65.973	66.8596
6811	65.973	66.3576
6812	65.973	66.4535
6813	65.973	66.1154
6814	65.973	66.1909
6815	65.973	66.4093
6816	65.973	66.3376
6817	65.973	65.973
6818	65.973	65.973
6819	65.973	65.973
6820	65.973	66.0276
6821	65.973	66.7025
6822	65.973	66.0266
6823	65.973	66.0526
6824	65.973	66.5334
6825	65.973	67.1326
6826	65.973	67.1521
6827	65.973	67.2502
6828	65.973	67.4889
6829	65.973	65.973
6830	65.973	65.9969
6831	65.973	66.0204
6832	65.973	66.3074
6833	65.973	65.973
6834	65.973	66.4478
6835	65.973	66.7396
6836	65.973	66.1103
6837	65.973	67.0781
6838	65.973	66.4408
6839	65.973	67.0218
6840	65.973	66.3765
6841	65.973	65.973
6842	65.973	65.973
6843	65.973	65.973
6844	65.973	66.1014
6845	65.973	65.973
6846	65.973	65.973
6847	65.973	66.0461
6848	65.973	66.7499
6849	65.973	68.0378
6850	65.973	66.6894
6851	65.973	65.973
6852	65.973	65.973
6853	65.973	65.973
6854	65.973	65.973
6855	65.973	65.973
6856	65.973	65.9872
6857	65.973	66.1203
6858	65.973	66.0572
6859	65.973	67.2772
6860	65.973	67.3261
6861	65.973	66.4869
6862	65.973	67.3041
6863	65.973	68.3978
6864	65.973	66.5449
6865	65.973	66.0021
6866	65.973	65.973
6867	65.973	66.3048
6868	65.973	66.0765
6869	65.973	66.0021
6870	65.973	66.3371
6871	65.973	67.1158
6872	65.973	66.847
6873	65.973	66.2076
6874	65.973	65.9833
6875	65.973	66.306
6876	65.973	66.1838
6877	65.973	67.9499
6878	65.973	67.4638
6879	65.973	67.5163
6880	65.973	67.5049
6881	65.973	68.888
6882	65.973	67.0163
6883	65.973	68.1684
6884	65.973	67.7265
6885	65.973	66.5311
6886	65.973	66.9107
6887	65.973	66.3058
6888	65.973	66.4258
6889	65.973	66.9845
6890	65.973	66.3714
6891	65.973	66.2849
6892	65.973	67.2515
6893	65.973	66.3535
6894	65.973	66.6223
6895	65.973	65.9803
6896	65.973	66.5911
6897	65.973	66.0582
6898	65.973	65.973
6899	65.973	66.5679
6900	65.973	67.5387
6901	65.973	68.1018
6902	65.973	67.1208
6903	65.973	67.0754
6904	65.973	66.204
6905	65.973	66.1926
6906	65.973	66.1554
6907	65.973	66.0071
6908	65.973	67.3229
6909	65.973	67.0125
6910	65.973	66.2724
6911	65.973	67.2834
6912	65.973	67.3945
6913	65.973	66.4833
6914	65.973	68.0296
6915	65.973	66.143
6916	65.973	66.9843
6917	65.973	66.8432
6918	65.973	67.0543
6919	65.973	66.0535
6920	65.973	66.5875
6921	65.973	65.973
6922	65.973	66.2141
6923	65.973	66.0668
6924	65.973	66.0841
6925	65.973	66.4753
6926	65.973	66.2883
6927	65.973	66.0675
6928	65.973	65.973
6929	65.973	66.0072
6930	65.973	67.8185
6931	65.973	66.8582
6932	65.973	66.5442
6933	65.973	66.8033
6934	65.973	66.219
6935	65.973	66.0158
6936	65.973	66.0267
6937	65.973	65.973
6938	65.973	65.9927
6939	65.973	65.973
6940	65.973	65.973
6941	65.973	66.2436
6942	65.973	67.5907
6943	65.973	67.287
6944	65.973	67.6182
6945	65.973	69.129
6946	65.973	68.6704
6947	65.973	66.5012
6948	65.973	66.894
6949	65.973	66.5313
6950	65.973	66.2875
6951	65.973	67.2492
6952	65.973	65.9901
6953	65.973	68.3571
6954	65.973	68.7692
6955	65.973	70.9035
6956	65.973	69.2052
6957	65.973	67.2205
6958	65.973	67.5155
6959	65.973	66.4022
6960	65.973	67.3308
6961	65.973	67.2192
6962	65.973	66.6652
6963	65.973	66.7026
6964	65.973	67.9658
6965	65.973	67.4833
6966	65.973	67.0459
6967	65.973	67.8208
6968	65.973	67.9554
6969	65.973	66.9397
6970	65.973	66.0516
6971	65.973	66.0932
6972	65.973	66.2338
6973	65.973	66.5256
6974	65.973	66.8217
6975	65.973	66.1203
6976	65.973	66.3063
6977	65.973	66.7802
6978	65.973	66.7165
6979	65.973	66.5374
6980	65.973	66.6319
6981	65.973	66.8338
6982	65.973	67.6954
6983	65.973	66.8864
6984	65.973	66.5905
6985	65.973	68.101
6986	65.973	67.1644
6987	65.973	66.0448
6988	65.973	66.6799
6989	65.973	66.0846
6990	65.973	66.0755
6991	65.973	66.0653
6992	65.973	65.973
6993	65.973	65.973
6994	65.973	66.0458
6995	65.973	66.0997
6996	65.973	65.9958
6997	65.973	65.973
6998	65.973	65.973
6999	65.973	66.1965
7000	65.973	65.973
7001	65.973	66.0142
7002	65.973	65.973
7003	65.973	66.2226
7004	65.973	66.6416
7005	65.973	66.7144
7006	65.973	66.3674
7007	65.973	66.4231
7008	65.973	66.1178
7009	65.973	66.3292
7010	65.973	66.1934
7011	65.973	65.9933
7012	65.973	66.0748
7013	65.973	66.4051
7014	65.973	66.3656
7015	65.973	66.5823
7016	65.973	66.3803
7017	65.973	67.4178
7018	65.973	67.5708
7019	65.973	67.4063
7020	65.973	67.7786
7021	65.973	68.2755
7022	65.973	67.2708
7023	65.973	66.6223
7024	65.973	67.149
7025	65.973	68.2522
7026	65.973	68.5655
7027	65.973	67.275
7028	65.973	66.0675
7029	65.973	65.973
7030	65.973	66.3635
7031	65.973	67.2434
7032	65.973	69.3864
7033	65.973	69.3724
7034	65.973	67.2547
7035	65.973	66.653
7036	65.973	66.9433
7037	65.973	66.7708
7038	65.973	67.4511
7039	65.973	66.6439
7040	65.973	67.0441
7041	65.973	66.8314
7042	65.973	65.9865
7043	65.973	66.4625
7044	65.973	67.0096
7045	65.973	66.7324
7046	65.973	66.2305
7047	65.973	66.1575
7048	65.973	65.973
7049	65.973	66.3727
7050	65.973	66.0471
7051	65.973	67.4089
7052	65.973	68.5898
7053	65.973	67.5985
7054	65.973	66.3076
7055	65.973	66.2188
7056	65.973	66.1025
7057	65.973	65.973
7058	65.973	65.973
7059	65.973	66.1354
7060	65.973	65.973
7061	65.973	65.973
7062	65.973	66.5723
7063	65.973	66.3718
7064	65.973	66.0948
7065	65.973	65.973
7066	65.973	66.436
7067	65.973	66.1269
7068	65.973	66.3618
7069	65.973	67.237
7070	65.973	66.8125
7071	65.973	66.6885
7072	65.973	66.086
7073	65.973	66.5037
7074	65.973	65.9841
7075	65.973	65.9922
7076	65.973	66.015
7077	65.973	65.973
7078	65.973	66.0879
7079	65.973	65.973
7080	65.973	65.973
7081	65.973	65.973
7082	65.973	66.0655
7083	65.973	65.973
7084	65.973	66.019
7085	65.973	66.1018
7086	65.973	65.9798
7087	65.973	65.973
7088	65.973	66.4724
7089	65.973	66.2367
7090	65.973	66.0961
7091	65.973	66.0731
7092	65.973	66.1531
7093	65.973	67.1939
7094	65.973	66.0395
7095	65.973	66.3425
7096	65.973	66.0577
7097	65.973	66.05
7098	65.973	65.973
7099	65.973	66.9183
7100	65.973	66.2835
7101	65.973	65.973
7102	65.973	66.1662
7103	65.973	66.4136
7104	65.973	66.9374
7105	65.973	68.1148
7106	65.973	67.0441
7107	65.973	66.7702
7108	65.973	66.3273
7109	65.973	65.973
7110	65.973	65.973
7111	65.973	66.2504
7112	65.973	66.3167
7113	65.973	66.8683
7114	65.973	66.6013
7115	65.973	65.973
7116	65.973	66.1174
7117	65.973	66.5715
7118	65.973	66.7076
7119	65.973	66.8155
7120	65.973	68.0069
7121	65.973	66.8804
7122	65.973	66.8085
7123	65.973	66.5404
7124	65.973	66.8456
7125	65.973	66.394
7126	65.973	66.8188
7127	65.973	66.2775
7128	65.973	66.0852
7129	65.973	66.5339
7130	65.973	66.6353
7131	65.973	67.5679
7132	65.973	67.6869
7133	65.973	67.6425
7134	65.973	66.4912
7135	65.973	67.0848
7136	65.973	68.982
7137	65.973	67.8616
7138	65.973	69.0737
7139	65.973	67.6555
7140	65.973	66.9433
7141	65.973	66.3647
7142	65.973	67.7387
7143	65.973	66.3284
7144	65.973	67.4722
7145	65.973	67.0201
7146	65.973	66.0514
7147	65.973	66.0174
7148	65.973	66.2175
7149	65.973	66.1793
7150	65.973	66.1619
7151	65.973	66.422
7152	65.973	68.5037
7153	65.973	67.9366
7154	65.973	67.274
7155	65.973	66.7939
7156	65.973	66.3655
7157	65.973	66.2209
7158	65.973	65.973
7159	65.973	66.3587
7160	65.973	66.9588
7161	65.973	66.6005
7162	65.973	66.1247
7163	65.973	67.2625
7164	65.973	66.3247
7165	65.973	65.973
7166	65.973	65.973
7167	65.973	66.0686
7168	65.973	66.128
7169	65.973	66.0406
7170	65.973	66.7214
7171	65.973	66.357
7172	65.973	66.1436
7173	65.973	66.5245
7174	65.973	67.1332
7175	65.973	66.5144
7176	65.973	66.9097
7177	65.973	67.3915
7178	65.973	66.4961
7179	65.973	65.973
7180	65.973	65.9894
7181	65.973	65.9894
7182	65.973	66.3839
7183	65.973	67.5242
7184	65.973	67.5507
7185	65.973	66.4604
7186	65.973	66.6279
7187	65.973	66.422
7188	65.973	66.8853
7189	65.973	66.3654
7190	65.973	66.0148
7191	65.973	65.973
7192	65.973	65.973
7193	65.973	65.973
7194	65.973	66.0025
7195	65.973	66.4096
7196	65.973	68.4094
7197	65.973	68.8312
7198	65.973	68.0696
7199	65.973	69.061
7200	65.973	67.9034
7201	65.973	66.6384
7202	65.973	67.3484
7203	65.973	67.652
7204	65.973	66.3177
7205	65.973	67.19
7206	65.973	67.0034
7207	65.973	68.5923
7208	65.973	67.5181
7209	65.973	68.1961
7210	65.973	67.8181
7211	65.973	67.2032
7212	65.973	65.973
7213	65.973	66.2356
7214	65.973	66.1563
7215	65.973	66.6085
7216	65.973	66.4392
7217	65.973	66.2422
7218	65.973	67.2444
7219	65.973	66.5617
7220	65.973	66.7278
7221	65.973	67.4837
7222	65.973	66.2
7223	65.973	66.3964
7224	65.973	66.1869
7225	65.973	66.1154
7226	65.973	66.3821
7227	65.973	65.973
7228	65.973	65.9742
7229	65.973	66.7988
7230	65.973	66.5698
7231	65.973	67.1719
7232	65.973	68.1993
7233	65.973	67.0844
7234	65.973	69.077
7235	65.973	67.998
7236	65.973	69.001
7237	65.973	67.2665
7238	65.973	66.4969
7239	65.973	66.3851
7240	65.973	67.8096
7241	65.973	66.8158
7242	65.973	67.2292
7243	65.973	66.7867
7244	65.973	65.973
7245	65.973	66.3332
7246	65.973	67.1615
7247	65.973	67.1489
7248	65.973	66.4014
7249	65.973	66.3969
7250	65.973	65.973
7251	65.973	65.9801
7252	65.973	65.973
7253	65.973	65.973
7254	65.973	65.9804
7255	65.973	65.973
7256	65.973	65.973
7257	65.973	65.973
7258	65.973	66.1828
7259	65.973	66.2301
7260	65.973	65.973
7261	65.973	65.973
7262	65.973	66.1967
7263	65.973	65.973
7264	65.973	66.0714
7265	65.973	66.088
7266	65.973	66.4547
7267	65.973	66.2839
7268	65.973	67.3482
7269	65.973	66.4806
7270	65.973	67.4331
7271	65.973	66.7496
7272	65.973	66.3694
7273	65.973	66.0216
7274	65.973	66.2186
7275	65.973	67.0398
7276	65.973	66.7529
7277	65.973	66.9923
7278	65.973	66.5156
7279	65.973	66.9808
7280	65.973	67.9636
7281	65.973	69.9236
7282	65.973	69.0137
7283	65.973	67.863
7284	65.973	66.1851
7285	65.973	66.4646
7286	65.973	67.2494
7287	65.973	66.9655
7288	65.973	66.2685
7289	65.973	67.4465
7290	65.973	67.5275
7291	65.973	66.9736
7292	65.973	67.6196
7293	65.973	68.1385
7294	65.973	68.1376
7295	65.973	66.5224
7296	65.973	66.235
7297	65.973	67.7326
7298	65.973	66.9069
7299	65.973	66.7141
7300	65.973	68.3337
7301	65.973	66.3882
7302	65.973	66.2465
7303	65.973	66.2047
7304	65.973	66.3696
7305	65.973	66.133
7306	65.973	66.2184
7307	65.973	66.4908
7308	65.973	66.5829
7309	65.973	66.5812
7310	65.973	66.1327
7311	65.973	66.3801
7312	65.973	66.1077
7313	65.973	66.8722
7314	65.973	66.3536
7315	65.973	67.3665
7316	65.973	66.4143
7317	65.973	66.0341
7318	65.973	66.1327
7319	65.973	67.2203
7320	65.973	67.4118
7321	65.973	67.5928
7322	65.973	68.0803
7323	65.973	66.6126
7324	65.973	66.1036
7325	65.973	66.0776
7326	65.973	67.1426
7327	65.973	65.973
7328	65.973	66.8852
7329	65.973	66.0974
7330	65.973	66.7106
7331	65.973	65.9959
7332	65.973	65.973
7333	65.973	66.6343
7334	65.973	66.241
7335	65.973	66.3477
7336	65.973	66.5026
7337	65.973	66.9348
7338	65.973	67.8745
7339	65.973	68.8879
7340	65.973	66.9891
7341	65.973	66.8143
7342	65.973	67.4003
7343	65.973	67.3831
7344	65.973	67.1348
7345	65.973	66.3832
7346	65.973	66.4927
7347	65.973	66.9428
7348	65.973	66.4703
7349	65.973	66.439
7350	65.973	65.973
7351	65.973	66.1693
7352	65.973	65.973
7353	65.973	66.3937
7354	65.973	66.402
7355	65.973	66.6837
7356	65.973	66.5731
7357	65.973	66.7929
7358	65.973	66.449
7359	65.973	66.4946
7360	65.973	66.4255
7361	65.973	66.6131
7362	65.973	66.5852
7363	65.973	65.973
7364	65.973	65.973
7365	65.973	65.973
7366	65.973	66.2257
7367	65.973	68.6964
7368	65.973	67.8656
7369	65.973	65.9766
7370	65.973	65.973
7371	65.973	65.973
7372	65.973	65.9801
7373	65.973	66.4504
7374	65.973	66.7448
7375	65.973	67.0397
7376	65.973	67.3324
7377	65.973	67.1318
7378	65.973	66.0308
7379	65.973	66.0416
7380	65.973	67.459
7381	65.973	67.2002
7382	65.973	66.7731
7383	65.973	66.1172
7384	65.973	69.269
7385	65.973	69.0211
7386	65.973	67.518
7387	65.973	65.973
7388	65.973	66.2237
7389	65.973	66.3811
7390	65.973	67.1896
7391	65.973	65.9873
7392	65.973	65.973
7393	65.973	65.973
7394	65.973	65.973
7395	65.973	66.3524
7396	65.973	66.2077
7397	65.973	67.3665
7398	65.973	66.5737
7399	65.973	67.9555
7400	65.973	67.8678
7401	65.973	68.4226
7402	65.973	67.6814
7403	65.973	67.3259
7404	65.973	67.2736
7405	65.973	66.423
7406	65.973	66.7253
7407	65.973	66.6519
7408	65.973	66.7992
7409	65.973	66.6617
7410	65.973	66.7914
7411	65.973	66.7528
7412	65.973	66.5951
7413	65.973	67.2358
7414	65.973	66.4593
7415	65.973	66.2497
7416	65.973	66.5721
7417	65.973	66.5387
7418	65.973	66.6755
7419	65.973	66.362
7420	65.973	66.0654
7421	65.973	66.6908
7422	65.973	65.987
7423	65.973	66.0649
7424	65.973	66.2309
7425	65.973	67.0073
7426	65.973	66.5681
7427	65.973	66.9846
7428	65.973	66.2392
7429	65.973	65.973
7430	65.973	66.0551
7431	65.973	66.453
7432	65.973	66.0074
7433	65.973	65.973
7434	65.973	65.973
7435	65.973	65.973
7436	65.973	65.973
7437	65.973	66.1652
7438	65.973	65.973
7439	65.973	66.4136
7440	65.973	66.2552
7441	65.973	66.2674
7442	65.973	66.0407
7443	65.973	65.979
7444	65.973	66.406
7445	65.973	66.0583
7446	65.973	67.8838
7447	65.973	66.5308
7448	65.973	66.084
7449	65.973	65.973
7450	65.973	65.973
7451	65.973	66.3111
7452	65.973	67.8443
7453	65.973	68.0217
7454	65.973	67.363
7455	65.973	67.7096
7456	65.973	67.9207
7457	65.973	68.0838
7458	65.973	66.0723
7459	65.973	67.6728
7460	65.973	67.8983
7461	65.973	67.7419
7462	65.973	68.0614
7463	65.973	66.5882
7464	65.973	67.0315
7465	65.973	67.0142
7466	65.973	66.9104
7467	65.973	67.1381
7468	65.973	67.4124
7469	65.973	68.2466
7470	65.973	67.3786
7471	65.973	66.4591
7472	65.973	66.761
7473	65.973	66.7086
7474	65.973	68.2912
7475	65.973	66.7627
7476	65.973	66.1606
7477	65.973	66.7126
7478	65.973	66.9844
7479	65.973	66.2475
7480	65.973	67.6422
7481	65.973	67.5564
7482	65.973	66.3833
7483	65.973	66.2751
7484	65.973	66.4604
7485	65.973	66.2945
7486	65.973	66.7325
7487	65.973	66.3731
7488	65.973	65.973
7489	65.973	66.0189
7490	65.973	66.773
7491	65.973	66.7639
7492	65.973	66.4248
7493	65.973	66.1786
7494	65.973	66.1255
7495	65.973	66.0795
7496	65.973	65.973
7497	65.973	66.4865
7498	65.973	65.973
7499	65.973	65.973
7500	65.973	65.9984
7501	65.973	66.1467
7502	65.973	65.973
7503	65.973	66.1733
7504	65.973	65.973
7505	65.973	66.5738
7506	65.973	66.0752
7507	65.973	65.973
7508	65.973	66.2196
7509	65.973	66.518
7510	65.973	67.7713
7511	65.973	66.7104
7512	65.973	67.642
7513	65.973	66.1947
7514	65.973	66.3056
7515	65.973	66.4593
7516	65.973	68.7205
7517	65.973	67.7719
7518	65.973	66.8366
7519	65.973	66.106
7520	65.973	65.973
7521	65.973	66.0818
7522	65.973	65.973
7523	65.973	66.0513
7524	65.973	66.3379
7525	65.973	66.7905
7526	65.973	66.5636
7527	65.973	66.7096
7528	65.973	66.8144
7529	65.973	67.1692
7530	65.973	67.3213
7531	65.973	66.5839
7532	65.973	66.7124
7533	65.973	67.2439
7534	65.973	68.949
7535	65.973	67.7075
7536	65.973	67.7544
7537	65.973	66.1774
7538	65.973	66.2545
7539	65.973	66.1602
7540	65.973	66.086
7541	65.973	65.973
7542	65.973	66.1273
7543	65.973	65.973
7544	65.973	65.973
7545	65.973	66.2655
7546	65.973	66.0901
7547	65.973	66.2806
7548	65.973	66.2528
7549	65.973	66.6365
7550	65.973	66.0679
7551	65.973	67.1921
7552	65.973	68.147
7553	65.973	68.4066
7554	65.973	68.3096
7555	65.973	67.553
7556	65.973	67.1325
7557	65.973	68.5682
7558	65.973	69.0427
7559	65.973	67.7154
7560	65.973	68.5378
7561	65.973	66.4617
7562	65.973	67.2499
7563	65.973	67.7843
7564	65.973	69.0515
7565	65.973	67.3175
7566	65.973	66.4892
7567	65.973	66.5249
7568	65.973	66.228
7569	65.973	66.1855
7570	65.973	67.6264
7571	65.973	67.0948
7572	65.973	67.9824
7573	65.973	66.3083
7574	65.973	66.116
7575	65.973	67.5236
7576	65.973	67.8978
7577	65.973	68.2164
7578	65.973	68.7191
7579	65.973	66.092
7580	65.973	66.2823
7581	65.973	66.1257
7582	65.973	67.1593
7583	65.973	66.0885
7584	65.973	67.3798
7585	65.973	68.3579
7586	65.973	67.6735
7587	65.973	68.8208
7588	65.973	68.0254
7589	65.973	66.583
7590	65.973	66.382
7591	65.973	66.8117
7592	65.973	67.5705
7593	65.973	66.0447
7594	65.973	65.973
7595	65.973	65.973
7596	65.973	65.973
7597	65.973	66.5143
7598	65.973	66.1201
7599	65.973	65.973
7600	65.973	65.973
7601	65.973	65.973
7602	65.973	65.973
7603	65.973	66.1238
7604	65.973	65.973
7605	65.973	65.973
7606	65.973	65.973
7607	65.973	66.3496
7608	65.973	66.4343
7609	65.973	66.5369
7610	65.973	66.0714
7611	65.973	65.973
7612	65.973	65.973
7613	65.973	66.8594
7614	65.973	66.6336
7615	65.973	65.973
7616	65.973	66.2092
7617	65.973	66.1095
7618	65.973	66.2919
7619	65.973	66.0937
7620	65.973	66.0123
7621	65.973	66.1132
7622	65.973	66.1406
7623	65.973	65.973
7624	65.973	66.1021
7625	65.973	66.1549
7626	65.973	65.973
7627	65.973	65.973
7628	65.973	65.9823
7629	65.973	66.1315
7630	65.973	66.1528
7631	65.973	66.0633
7632	65.973	66.1256
7633	65.973	66.2135
7634	65.973	66.928
7635	65.973	66.8741
7636	65.973	67.2623
7637	65.973	65.9823
7638	65.973	65.973
7639	65.973	66.2029
7640	65.973	66.2415
7641	65.973	66.0603
7642	65.973	66.1391
7643	65.973	66.2946
7644	65.973	67.1151
7645	65.973	67.7357
7646	65.973	67.1203
7647	65.973	66.0386
7648	65.973	66.7028
7649	65.973	67.1514
7650	65.973	66.7809
7651	65.973	66.2876
7652	65.973	65.973
7653	65.973	65.973
7654	65.973	65.9742
7655	65.973	66.1967
7656	65.973	67.1891
7657	65.973	67.2906
7658	65.973	67.7927
7659	65.973	67.1737
7660	65.973	67.1715
7661	65.973	67.0338
7662	65.973	67.829
7663	65.973	66.019
7664	65.973	66.1924
7665	65.973	66.1315
7666	65.973	66.2343
7667	65.973	66.7812
7668	65.973	66.948
7669	65.973	66.8756
7670	65.973	67.9583
7671	65.973	69.8067
7672	65.973	66.7393
7673	65.973	66.6076
7674	65.973	66.8287
7675	65.973	67.0637
7676	65.973	67.346
7677	65.973	67.0506
7678	65.973	67.6051
7679	65.973	67.5608
7680	65.973	67.6634
7681	65.973	66.8872
7682	65.973	67.5577
7683	65.973	67.3383
7684	65.973	68.5842
7685	65.973	69.197
7686	65.973	68.4739
7687	65.973	67.3954
7688	65.973	66.106
7689	65.973	66.4467
7690	65.973	67.6548
7691	65.973	67.1814
7692	65.973	68.5339
7693	65.973	67.7315
7694	65.973	67.3846
7695	65.973	68.2012
7696	65.973	66.6739
7697	65.973	66.4043
7698	65.973	66.2583
7699	65.973	66.0282
7700	65.973	66.0366
7701	65.973	66.0282
7702	65.973	65.973
7703	65.973	65.973
7704	65.973	66.6116
7705	65.973	66.5101
7706	65.973	68.4361
7707	65.973	67.4785
7708	65.973	67.2834
7709	65.973	65.973
7710	65.973	65.9833
7711	65.973	65.973
7712	65.973	66.1743
7713	65.973	65.9888
7714	65.973	66.5803
7715	65.973	66.773
7716	65.973	66.6013
7717	65.973	66.3381
7718	65.973	67.5008
7719	65.973	66.5574
7720	65.973	67.4391
7721	65.973	68.6686
7722	65.973	67.6016
7723	65.973	67.2917
7724	65.973	67.2538
7725	65.973	67.4025
7726	65.973	66.8851
7727	65.973	66.4247
7728	65.973	66.5131
7729	65.973	66.1452
7730	65.973	66.2331
7731	65.973	66.7994
7732	65.973	66.4214
7733	65.973	66.6658
7734	65.973	66.5315
7735	65.973	66.5137
7736	65.973	66.1866
7737	65.973	65.9796
7738	65.973	66.9177
7739	65.973	66.124
7740	65.973	65.973
7741	65.973	66.6372
7742	65.973	66.0508
7743	65.973	66.024
7744	65.973	66.1322
7745	65.973	66.4874
7746	65.973	66.0268
7747	65.973	66.5393
7748	65.973	66.1264
7749	65.973	65.973
7750	65.973	65.973
7751	65.973	66.3652
7752	65.973	65.973
7753	65.973	67.2844
7754	65.973	67.8219
7755	65.973	67.5207
7756	65.973	66.9759
7757	65.973	66.922
7758	65.973	66.1726
7759	65.973	67.7711
7760	65.973	66.3011
7761	65.973	66.5912
7762	65.973	65.973
7763	65.973	66.0557
7764	65.973	66.4379
7765	65.973	67.1263
7766	65.973	68.4049
7767	65.973	68.4573
7768	65.973	67.9899
7769	65.973	68.936
7770	65.973	68.5781
7771	65.973	66.9649
7772	65.973	66.867
7773	65.973	67.5385
7774	65.973	68.025
7775	65.973	69.0716
7776	65.973	69.7174
7777	65.973	69.0667
7778	65.973	67.3793
7779	65.973	67.6294
7780	65.973	66.9987
7781	65.973	66.7339
7782	65.973	67.7679
7783	65.973	66.4319
7784	65.973	67.2142
7785	65.973	66.3068
7786	65.973	66.7175
7787	65.973	66.5127
7788	65.973	66.5682
7789	65.973	66.8472
7790	65.973	67.3681
7791	65.973	67.6235
7792	65.973	66.3386
7793	65.973	67.9725
7794	65.973	68.7642
7795	65.973	67.5699
7796	65.973	67.2155
7797	65.973	67.4883
7798	65.973	69.1801
7799	65.973	70.2511
7800	65.973	67.3659
7801	65.973	67.3344
7802	65.973	68.2673
7803	65.973	66.1847
7804	65.973	66.3034
7805	65.973	70.4172
7806	65.973	71.2305
7807	65.973	68.5689
7808	65.973	67.431
7809	65.973	68.9479
7810	65.973	66.3525
7811	65.973	66.6774
7812	65.973	66.1838
7813	65.973	66.2718
7814	65.973	66.4102
7815	65.973	67.1967
7816	65.973	68.5136
7817	65.973	67.4474
7818	65.973	66.1259
7819	65.973	65.973
7820	65.973	65.973
7821	65.973	65.973
7822	65.973	65.973
7823	65.973	65.973
7824	65.973	66.7247
7825	65.973	66.0259
7826	65.973	65.973
7827	65.973	66.1252
7828	65.973	65.9976
7829	65.973	66.1887
7830	65.973	65.973
7831	65.973	65.973
7832	65.973	65.9868
7833	65.973	66.2049
7834	65.973	65.973
7835	65.973	65.973
7836	65.973	66.3471
7837	65.973	66.0614
7838	65.973	65.973
7839	65.973	65.973
7840	65.973	66.2678
7841	65.973	66.2313
7842	65.973	66.6347
7843	65.973	66.8159
7844	65.973	66.2274
7845	65.973	66.0655
7846	65.973	66.8363
7847	65.973	66.2826
7848	65.973	66.3205
7849	65.973	66.1216
7850	65.973	66.0006
7851	65.973	66.2238
7852	65.973	65.9811
7853	65.973	66.0121
7854	65.973	66.0006
7855	65.973	66.0442
7856	65.973	65.973
7857	65.973	65.973
7858	65.973	66.0535
7859	65.973	66.3839
7860	65.973	66.1204
7861	65.973	66.5927
7862	65.973	66.6681
7863	65.973	66.3365
7864	65.973	66.4592
7865	65.973	66.4775
7866	65.973	66.1719
7867	65.973	66.1994
7868	65.973	65.973
7869	65.973	65.973
7870	65.973	67.1917
7871	65.973	68.507
7872	65.973	68.3088
7873	65.973	68.3364
7874	65.973	66.1495
7875	65.973	67.0089
7876	65.973	66.8019
7877	65.973	68.2446
7878	65.973	67.7886
7879	65.973	67.008
7880	65.973	65.973
7881	65.973	66.5338
7882	65.973	67.7244
7883	65.973	66.8958
7884	65.973	67.0016
7885	65.973	65.973
7886	65.973	66.0901
7887	65.973	65.973
7888	65.973	66.0316
7889	65.973	65.973
7890	65.973	66.1504
7891	65.973	66.0141
7892	65.973	65.973
7893	65.973	66.3333
7894	65.973	66.2562
7895	65.973	66.3143
7896	65.973	66.3132
7897	65.973	66.2596
7898	65.973	65.973
7899	65.973	66.0496
7900	65.973	66.5063
7901	65.973	66.7298
7902	65.973	67.0624
7903	65.973	68.2689
7904	65.973	67.2813
7905	65.973	67.1287
7906	65.973	66.0225
7907	65.973	65.973
7908	65.973	65.973
7909	65.973	65.973
7910	65.973	66.2792
7911	65.973	66.0346
7912	65.973	66.3347
7913	65.973	66.4698
7914	65.973	67.4758
7915	65.973	68.8287
7916	65.973	67.9624
7917	65.973	67.6902
7918	65.973	66.6927
7919	65.973	66.9916
7920	65.973	66.4909
7921	65.973	66.1551
7922	65.973	66.4646
7923	65.973	65.973
7924	65.973	65.973
7925	65.973	66.3234
7926	65.973	66.5003
7927	65.973	66.385
7928	65.973	65.9845
7929	65.973	66.5377
7930	65.973	66.7629
7931	65.973	66.3046
7932	65.973	66.0248
7933	65.973	66.981
7934	65.973	66.2698
7935	65.973	65.973
7936	65.973	65.973
7937	65.973	66.5672
7938	65.973	65.9867
7939	65.973	66.4641
7940	65.973	66.054
7941	65.973	65.9977
7942	65.973	67.3149
7943	65.973	68.7578
7944	65.973	68.0594
7945	65.973	67.5799
7946	65.973	67.7391
7947	65.973	68.2208
7948	65.973	66.7163
7949	65.973	66.3822
7950	65.973	66.1204
7951	65.973	66.7818
7952	65.973	66.8241
7953	65.973	66.4711
7954	65.973	66.732
7955	65.973	67.7052
7956	65.973	69.0512
7957	65.973	66.2395
7958	65.973	65.9911
7959	65.973	65.973
7960	65.973	65.973
7961	65.973	66.1243
7962	65.973	65.973
7963	65.973	66.6101
7964	65.973	66.411
7965	65.973	68.8887
7966	65.973	67.7108
7967	65.973	68.0121
7968	65.973	67.1507
7969	65.973	66.9765
7970	65.973	66.3956
7971	65.973	66.3584
7972	65.973	65.973
7973	65.973	65.973
7974	65.973	65.989
7975	65.973	66.9404
7976	65.973	66.5522
7977	65.973	66.3708
7978	65.973	66.7057
7979	65.973	66.9756
7980	65.973	66.1952
7981	65.973	66.101
7982	65.973	65.973
7983	65.973	65.973
7984	65.973	66.3345
7985	65.973	65.973
7986	65.973	65.973
7987	65.973	66.4748
7988	65.973	66.9907
7989	65.973	68.0115
7990	65.973	67.0223
7991	65.973	67.8348
7992	65.973	67.8325
7993	65.973	69.4805
7994	65.973	68.6868
7995	65.973	68.0676
7996	65.973	66.4776
7997	65.973	66.1081
7998	65.973	66.307
7999	65.973	66.6329
8000	65.973	67.4352
8001	65.973	66.5164
8002	65.973	65.9817
8003	65.973	66.0825
8004	65.973	66.1521
8005	65.973	66.6572
8006	65.973	66.4122
8007	65.973	66.6811
8008	65.973	66.5705
8009	65.973	65.973
8010	65.973	65.973
8011	65.973	66.2485
8012	65.973	66.0037
8013	65.973	66.04
8014	65.973	66.9361
8015	65.973	66.095
8016	65.973	66.1293
8017	65.973	66.4214
8018	65.973	67.292
8019	65.973	66.6236
8020	65.973	66.8041
8021	65.973	66.4633
8022	65.973	65.973
8023	65.973	65.973
8024	65.973	65.973
8025	65.973	66.0964
8026	65.973	67.1734
8027	65.973	66.8026
8028	65.973	67.2895
8029	65.973	68.3648
8030	65.973	68.0652
8031	65.973	67.43
8032	65.973	67.2898
8033	65.973	69.362
8034	65.973	66.9992
8035	65.973	66.3978
8036	65.973	66.1168
8037	65.973	66.05
8038	65.973	66.053
8039	65.973	66.5804
8040	65.973	66.4679
8041	65.973	66.9719
8042	65.973	68.2203
8043	65.973	67.2883
8044	65.973	67.623
8045	65.973	66.6435
8046	65.973	66.728
8047	65.973	66.2753
8048	65.973	66.1823
8049	65.973	66.1724
8050	65.973	66.3703
8051	65.973	66.2111
8052	65.973	65.973
8053	65.973	66.1655
8054	65.973	65.973
8055	65.973	65.973
8056	65.973	65.973
8057	65.973	66.0829
8058	65.973	66.6251
8059	65.973	66.4756
8060	65.973	67.8405
8061	65.973	67.4707
8062	65.973	67.0417
8063	65.973	66.587
8064	65.973	68.1478
8065	65.973	68.026
8066	65.973	66.1272
8067	65.973	66.2908
8068	65.973	66.9012
8069	65.973	67.5856
8070	65.973	66.5016
8071	65.973	65.997
8072	65.973	66.2244
8073	65.973	65.973
8074	65.973	67.0038
8075	65.973	66.5115
8076	65.973	67.3695
8077	65.973	67.2212
8078	65.973	66.1496
8079	65.973	65.973
8080	65.973	66.002
8081	65.973	66.1175
8082	65.973	66.016
8083	65.973	65.973
8084	65.973	65.973
8085	65.973	65.973
8086	65.973	65.973
8087	65.973	65.973
8088	65.973	65.973
8089	65.973	65.973
8090	65.973	65.973
8091	65.973	65.973
8092	65.973	66.2363
8093	65.973	66.0191
8094	65.973	65.973
8095	65.973	66.0931
8096	65.973	66.4436
8097	65.973	65.991
8098	65.973	65.9841
8099	65.973	66.4541
8100	65.973	66.4252
8101	65.973	66.0625
8102	65.973	65.973
8103	65.973	65.973
8104	65.973	66.1964
8105	65.973	65.973
8106	65.973	66.5261
8107	65.973	67.2635
8108	65.973	66.049
8109	65.973	66.264
8110	65.973	66.6342
8111	65.973	66.0174
8112	65.973	66.075
8113	65.973	66.1185
8114	65.973	68.3576
8115	65.973	66.6955
8116	65.973	67.1927
8117	65.973	66.9321
8118	65.973	66.6054
8119	65.973	66.5229
8120	65.973	66.4308
8121	65.973	66.6939
8122	65.973	66.3648
8123	65.973	65.9891
8124	65.973	66.4045
8125	65.973	66.5723
8126	65.973	67.7855
8127	65.973	67.3692
8128	65.973	66.1463
8129	65.973	66.1029
8130	65.973	66.0465
8131	65.973	66.4999
8132	65.973	66.1832
8133	65.973	66.3937
8134	65.973	67.2986
8135	65.973	67.9441
8136	65.973	67.9335
8137	65.973	67.7941
8138	65.973	68.2977
8139	65.973	68.0712
8140	65.973	66.5858
8141	65.973	67.2036
8142	65.973	66.3159
8143	65.973	66.1078
8144	65.973	66.0892
8145	65.973	66.1226
8146	65.973	66.17
8147	65.973	65.9945
8148	65.973	66.0587
8149	65.973	65.973
8150	65.973	65.973
8151	65.973	66.2477
8152	65.973	66.1082
8153	65.973	66.4091
8154	65.973	66.074
8155	65.973	65.973
8156	65.973	66.2081
8157	65.973	66.1897
8158	65.973	66.7076
8159	65.973	66.7129
8160	65.973	66.8726
8161	65.973	66.7541
8162	65.973	66.0706
8163	65.973	66.4175
8164	65.973	66.4462
8165	65.973	66.0286
8166	65.973	66.894
8167	65.973	68.214
8168	65.973	67.6874
8169	65.973	66.1215
8170	65.973	66.6083
8171	65.973	66.3423
8172	65.973	66.1755
8173	65.973	66.2752
8174	65.973	66.8174
8175	65.973	66.3629
8176	65.973	66.7911
8177	65.973	65.973
8178	65.973	65.973
8179	65.973	65.973
8180	65.973	66.428
8181	65.973	66.1561
8182	65.973	67.2216
8183	65.973	67.5191
8184	65.973	67.1518
8185	65.973	67.0146
8186	65.973	66.8689
8187	65.973	67.501
8188	65.973	68.1952
8189	65.973	67.5534
8190	65.973	67.4527
8191	65.973	66.6703
8192	65.973	66.5414
8193	65.973	66.5466
8194	65.973	66.079
8195	65.973	66.2089
8196	65.973	66.3627
8197	65.973	66.2014
8198	65.973	66.6772
8199	65.973	66.0893
8200	65.973	65.9911
8201	65.973	65.973
8202	65.973	66.18
8203	65.973	66.4554
8204	65.973	66.7361
8205	65.973	66.2607
8206	65.973	66.4494
8207	65.973	66.1575
8208	65.973	66.6768
8209	65.973	66.3407
8210	65.973	66.0193
8211	65.973	65.973
8212	65.973	66.4202
8213	65.973	66.0457
8214	65.973	66.7646
8215	65.973	66.0154
8216	65.973	65.973
8217	65.973	65.973
8218	65.973	66.1299
8219	65.973	66.0103
8220	65.973	66.1343
8221	65.973	65.973
8222	65.973	66.4075
8223	65.973	67.1609
8224	65.973	66.3006
8225	65.973	66.3271
8226	65.973	67.3307
8227	65.973	66.3391
8228	65.973	66.397
8229	65.973	66.6005
8230	65.973	68.2353
8231	65.973	66.0073
8232	65.973	65.973
8233	65.973	66.1959
8234	65.973	66.8296
8235	65.973	66.5581
8236	65.973	65.9825
8237	65.973	66.0729
8238	65.973	65.973
8239	65.973	65.973
8240	65.973	66.554
8241	65.973	66.2293
8242	65.973	66.2786
8243	65.973	67.771
8244	65.973	67.1834
8245	65.973	68.0766
8246	65.973	66.1125
8247	65.973	66.4732
8248	65.973	66.0396
8249	65.973	66.8551
8250	65.973	66.0278
8251	65.973	66.0018
8252	65.973	66.1743
8253	65.973	65.973
8254	65.973	66.0128
8255	65.973	66.5251
8256	65.973	67.1204
8257	65.973	66.8567
8258	65.973	66.4971
8259	65.973	67.4942
8260	65.973	68.4099
8261	65.973	67.161
8262	65.973	66.754
8263	65.973	66.6371
8264	65.973	65.973
8265	65.973	65.973
8266	65.973	66.0083
8267	65.973	67.394
8268	65.973	67.7117
8269	65.973	67.4783
8270	65.973	67.3747
8271	65.973	67.9869
8272	65.973	67.4779
8273	65.973	68.0177
8274	65.973	69.9947
8275	65.973	69.8854
8276	65.973	69.3102
8277	65.973	67.4664
8278	65.973	67.5562
8279	65.973	66.9488
8280	65.973	68.2722
8281	65.973	69.1149
8282	65.973	67.8259
8283	65.973	65.9963
8284	65.973	66.2097
8285	65.973	66.0267
8286	65.973	65.9852
8287	65.973	65.973
8288	65.973	65.973
8289	65.973	66.1669
8290	65.973	66.2399
8291	65.973	66.5307
8292	65.973	67.7573
8293	65.973	67.4865
8294	65.973	67.3489
8295	65.973	67.4428
8296	65.973	68.9982
8297	65.973	68.0428
8298	65.973	68.0109
8299	65.973	66.7968
8300	65.973	67.6819
8301	65.973	68.9276
8302	65.973	67.9075
8303	65.973	69.0986
8304	65.973	69.3249
8305	65.973	68.739
8306	65.973	67.02
8307	65.973	66.4407
8308	65.973	65.9742
8309	65.973	65.973
8310	65.973	66.0396
8311	65.973	66.1127
8312	65.973	65.9753
8313	65.973	65.973
8314	65.973	66.0144
8315	65.973	66.9815
8316	65.973	66.1977
8317	65.973	65.973
8318	65.973	66.134
8319	65.973	66.0607
8320	65.973	67.8348
8321	65.973	66.6366
8322	65.973	66.6579
8323	65.973	67.3873
8324	65.973	67.6182
8325	65.973	68.3618
8326	65.973	67.6468
8327	65.973	66.1441
8328	65.973	66.1042
8329	65.973	66.8531
8330	65.973	66.4744
8331	65.973	67.4372
8332	65.973	66.9458
8333	65.973	66.8048
8334	65.973	66.1818
8335	65.973	66.6353
8336	65.973	66.1216
8337	65.973	66.0158
8338	65.973	66.4224
8339	65.973	66.8334
8340	65.973	66.3476
8341	65.973	66.0157
8342	65.973	66.8035
8343	65.973	67.971
8344	65.973	67.2298
8345	65.973	66.8415
8346	65.973	65.973
8347	65.973	65.973
8348	65.973	66.5961
8349	65.973	66.0014
8350	65.973	65.973
8351	65.973	65.973
8352	65.973	66.2096
8353	65.973	65.973
8354	65.973	65.973
8355	65.973	65.973
8356	65.973	65.973
8357	65.973	66.2868
8358	65.973	65.9879
8359	65.973	65.973
8360	65.973	66.2977
8361	65.973	66.4943
8362	65.973	66.4018
8363	65.973	67.5269
8364	65.973	66.9113
8365	65.973	66.5029
8366	65.973	67.5488
8367	65.973	67.0456
8368	65.973	66.1914
8369	65.973	66.3602
8370	65.973	66.2008
8371	65.973	66.1988
8372	65.973	67.0006
8373	65.973	66.6347
8374	65.973	66.873
8375	65.973	65.973
8376	65.973	66.422
8377	65.973	66.1592
8378	65.973	66.3768
8379	65.973	66.9971
8380	65.973	66.2669
8381	65.973	66.2027
8382	65.973	66.1553
8383	65.973	66.2409
8384	65.973	66.087
8385	65.973	66.4042
8386	65.973	66.0484
8387	65.973	67.0849
8388	65.973	68.1868
8389	65.973	67.0174
8390	65.973	66.335
8391	65.973	66.0375
8392	65.973	65.973
8393	65.973	65.973
8394	65.973	65.9882
8395	65.973	68.3728
8396	65.973	67.5791
8397	65.973	65.9771
8398	65.973	65.973
8399	65.973	65.973
8400	65.973	65.973
8401	65.973	65.973
8402	65.973	66.5682
8403	65.973	66.8543
8404	65.973	66.264
8405	65.973	66.5756
8406	65.973	68.0583
8407	65.973	67.1676
8408	65.973	67.6496
8409	65.973	68.4609
8410	65.973	68.6829
8411	65.973	67.8798
8412	65.973	68.7956
8413	65.973	68.0282
8414	65.973	67.6191
8415	65.973	69.4437
8416	65.973	67.925
8417	65.973	68.0567
8418	65.973	67.8199
8419	65.973	68.393
8420	65.973	66.5815
8421	65.973	66.9421
8422	65.973	66.8402
8423	65.973	66.0037
8424	65.973	66.3276
8425	65.973	66.1061
8426	65.973	66.3143
8427	65.973	66.6213
8428	65.973	66.3659
8429	65.973	67.611
8430	65.973	67.706
8431	65.973	67.1444
8432	65.973	68.1197
8433	65.973	66.5403
8434	65.973	66.6805
8435	65.973	65.973
8436	65.973	66.202
8437	65.973	66.4691
8438	65.973	67.5809
8439	65.973	66.8819
8440	65.973	65.9842
8441	65.973	66.2667
8442	65.973	66.2167
8443	65.973	66.478
8444	65.973	66.7828
8445	65.973	66.7845
8446	65.973	66.7175
8447	65.973	67.9575
8448	65.973	66.847
8449	65.973	67.6437
8450	65.973	66.3855
8451	65.973	66.2026
8452	65.973	65.9956
8453	65.973	66.1046
8454	65.973	66.5405
8455	65.973	67.3325
8456	65.973	67.9792
8457	65.973	67.5154
8458	65.973	66.6281
8459	65.973	66.7885
8460	65.973	67.9286
8461	65.973	66.0203
8462	65.973	66.7084
8463	65.973	66.2193
8464	65.973	66.594
8465	65.973	66.5921
8466	65.973	66.5409
8467	65.973	68.3999
8468	65.973	68.3447
8469	65.973	67.5283
8470	65.973	67.7728
8471	65.973	67.1051
8472	65.973	66.3119
8473	65.973	66.2332
8474	65.973	67.7003
8475	65.973	66.7172
8476	65.973	66.7409
8477	65.973	65.979
8478	65.973	66.4226
8479	65.973	66.0504
8480	65.973	66.3918
8481	65.973	66.0357
8482	65.973	65.973
8483	65.973	65.973
8484	65.973	66.3959
8485	65.973	65.973
8486	65.973	66.0708
8487	65.973	66.2628
8488	65.973	66.3222
8489	65.973	66.647
8490	65.973	66.0962
8491	65.973	67.0856
8492	65.973	67.0611
8493	65.973	66.7397
8494	65.973	67.1732
8495	65.973	66.163
8496	65.973	66.0996
8497	65.973	65.973
8498	65.973	65.973
8499	65.973	66.0058
8500	65.973	66.4672
8501	65.973	66.5659
8502	65.973	66.2501
8503	65.973	67.5852
8504	65.973	67.5276
8505	65.973	68.0375
8506	65.973	66.3419
8507	65.973	66.0445
8508	65.973	66.0092
8509	65.973	66.2569
8510	65.973	67.557
8511	65.973	67.615
8512	65.973	68.7458
8513	65.973	67.9115
8514	65.973	67.1986
8515	65.973	67.359
8516	65.973	66.1113
8517	65.973	66.8072
8518	65.973	67.5691
8519	65.973	68.0002
8520	65.973	67.2234
8521	65.973	66.6342
8522	65.973	66.8158
8523	65.973	66.6084
8524	65.973	66.8467
8525	65.973	66.3416
8526	65.973	66.2396
8527	65.973	66.0898
8528	65.973	65.973
8529	65.973	66.0564
8530	65.973	65.973
8531	65.973	65.9924
8532	65.973	66.1959
8533	65.973	66.15
8534	65.973	66.0289
8535	65.973	66.8145
8536	65.973	66.111
8537	65.973	66.4603
8538	65.973	66.6671
8539	65.973	66.5567
8540	65.973	66.0806
8541	65.973	66.1893
8542	65.973	67.7192
8543	65.973	66.7726
8544	65.973	67.6577
8545	65.973	67.741
8546	65.973	66.8793
8547	65.973	67.7144
8548	65.973	66.6165
8549	65.973	66.4229
8550	65.973	66.4384
8551	65.973	66.1046
8552	65.973	65.973
8553	65.973	66.0532
8554	65.973	67.0985
8555	65.973	67.0145
8556	65.973	67.0456
8557	65.973	66.5623
8558	65.973	65.973
8559	65.973	65.973
8560	65.973	66.0673
8561	65.973	65.973
8562	65.973	65.973
8563	65.973	66.1073
8564	65.973	65.973
8565	65.973	66.1776
8566	65.973	66.1398
8567	65.973	66.4804
8568	65.973	66.0109
8569	65.973	66.0268
8570	65.973	65.973
8571	65.973	66.5276
8572	65.973	67.1346
8573	65.973	67.0933
8574	65.973	67.9491
8575	65.973	70.019
8576	65.973	69.6935
8577	65.973	66.4522
8578	65.973	66.7872
8579	65.973	66.7931
8580	65.973	66.3817
8581	65.973	66.4357
8582	65.973	66.0852
8583	65.973	66.8508
8584	65.973	66.726
8585	65.973	66.5162
8586	65.973	66.1599
8587	65.973	66.4835
8588	65.973	66.3852
8589	65.973	66.2179
8590	65.973	65.973
8591	65.973	66.1209
8592	65.973	67.4345
8593	65.973	66.9105
8594	65.973	66.0146
8595	65.973	66.8666
8596	65.973	66.0932
8597	65.973	65.973
8598	65.973	65.984
8599	65.973	66.0101
8600	65.973	66.541
8601	65.973	66.4874
8602	65.973	66.3552
8603	65.973	66.3357
8604	65.973	66.4769
8605	65.973	66.31
8606	65.973	66.2171
8607	65.973	65.973
8608	65.973	66.1309
8609	65.973	66.1205
8610	65.973	66.2217
8611	65.973	66.1155
8612	65.973	66.4185
8613	65.973	66.3638
8614	65.973	66.9263
8615	65.973	67.6247
8616	65.973	66.6666
8617	65.973	67.4108
8618	65.973	66.4696
8619	65.973	65.973
8620	65.973	65.973
8621	65.973	66.0662
8622	65.973	66.6113
8623	65.973	66.8354
8624	65.973	67.3349
8625	65.973	66.7442
8626	65.973	67.4121
8627	65.973	67.4066
8628	65.973	67.3065
8629	65.973	66.0439
8630	65.973	65.973
8631	65.973	65.973
8632	65.973	66.3459
8633	65.973	65.973
8634	65.973	65.973
8635	65.973	66.1382
8636	65.973	66.6296
8637	65.973	66.6414
8638	65.973	66.9974
8639	65.973	66.8283
8640	65.973	66.1725
8641	65.973	67.2652
8642	65.973	67.6772
8643	65.973	67.3274
8644	65.973	69.186
8645	65.973	67.7349
8646	65.973	68.026
8647	65.973	67.698
8648	65.973	66.0296
8649	65.973	66.4551
8650	65.973	66.0706
8651	65.973	66.066
8652	65.973	66.0902
8653	65.973	66.0412
8654	65.973	65.973
8655	65.973	65.973
8656	65.973	65.973
8657	65.973	65.973
8658	65.973	65.973
8659	65.973	65.973
8660	65.973	66.4022
8661	65.973	66.8551
8662	65.973	67.0796
8663	65.973	66.2038
8664	65.973	66.1261
8665	65.973	66.5869
8666	65.973	66.0808
8667	65.973	68.0961
8668	65.973	66.6803
8669	65.973	68.4517
8670	65.973	67.8448
8671	65.973	67.6308
8672	65.973	67.0033
8673	65.973	66.2623
8674	65.973	66.8101
8675	65.973	68.0045
8676	65.973	67.5609
8677	65.973	66.7203
8678	65.973	66.3285
8679	65.973	67.9801
8680	65.973	68.6853
8681	65.973	67.8717
8682	65.973	67.065
8683	65.973	66.1729
8684	65.973	67.0504
8685	65.973	66.1957
8686	65.973	65.973
8687	65.973	66.1639
8688	65.973	66.1024
8689	65.973	66.3753
8690	65.973	65.973
8691	65.973	65.973
8692	65.973	65.973
8693	65.973	65.973
8694	65.973	65.973
8695	65.973	65.973
8696	65.973	66.3171
8697	65.973	66.1952
8698	65.973	66.7875
8699	65.973	66.2421
8700	65.973	66.0461
8701	65.973	66.0285
8702	65.973	66.0009
8703	65.973	66.5259
8704	65.973	66.1023
8705	65.973	66.5897
8706	65.973	66.7986
8707	65.973	67.0605
8708	65.973	66.2833
8709	65.973	66.1873
8710	65.973	66.5891
8711	65.973	67.6319
8712	65.973	66.6479
8713	65.973	66.1877
8714	65.973	65.973
8715	65.973	66.0896
8716	65.973	66.3954
8717	65.973	66.115
8718	65.973	66.0054
8719	65.973	66.6251
8720	65.973	66.8849
8721	65.973	67.3324
8722	65.973	67.0987
8723	65.973	66.7209
8724	65.973	66.9379
8725	65.973	66.4959
8726	65.973	67.2634
8727	65.973	67.0425
8728	65.973	66.2565
8729	65.973	66.1307
8730	65.973	66.3901
8731	65.973	66.559
8732	65.973	66
8733	65.973	66.0737
8734	65.973	66.1466
8735	65.973	66.7554
8736	65.973	66.3232
8737	65.973	66.9024
8738	65.973	67.4461
8739	65.973	68.0102
8740	65.973	66.3853
8741	65.973	65.9863
8742	65.973	66.4135
8743	65.973	66.3434
8744	65.973	66.9469
8745	65.973	65.973
8746	65.973	66.1658
8747	65.973	65.973
8748	65.973	66.5416
8749	65.973	66.0049
8750	65.973	66.3034
8751	65.973	66.0926
8752	65.973	66.4656
8753	65.973	66.0867
8754	65.973	66.0138
8755	65.973	65.973
8756	65.973	65.973
8757	65.973	65.9869
8758	65.973	66.5478
8759	65.973	66.9916
8760	65.973	66.1783
8761	65.973	67.4751
8762	65.973	67.2713
8763	65.973	67.5308
8764	65.973	66.6155
8765	65.973	66.9815
8766	65.973	66.3882
8767	65.973	66.7431
8768	65.973	66.6039
8769	65.973	66.4028
8770	65.973	67.3421
8771	65.973	67.354
8772	65.973	66.5263
8773	65.973	67.2513
8774	65.973	66.6211
8775	65.973	66.5908
8776	65.973	67.0243
8777	65.973	67.1035
8778	65.973	66.6054
8779	65.973	66.3592
8780	65.973	66.3347
8781	65.973	66.2812
8782	65.973	66.0932
8783	65.973	65.973
8784	65.973	65.973
8785	65.973	66.0016
8786	65.973	66.2419
8787	65.973	66.0353
8788	65.973	65.973
8789	65.973	65.986
8790	65.973	66.5477
8791	65.973	66.2486
8792	65.973	66.6482
8793	65.973	65.973
8794	65.973	66.1029
8795	65.973	66.1929
8796	65.973	66.3494
8797	65.973	66.9703
8798	65.973	66.2562
8799	65.973	66.546
8800	65.973	66.2489
8801	65.973	66.6211
8802	65.973	66.8726
8803	65.973	66.3315
8804	65.973	67.624
8805	65.973	66.7153
8806	65.973	66.2963
8807	65.973	65.973
8808	65.973	66.3561
8809	65.973	66.1169
8810	65.973	67.2873
8811	65.973	67.1412
8812	65.973	68.8639
8813	65.973	66.0383
8814	65.973	66.3281
8815	65.973	66.4547
8816	65.973	66.7132
8817	65.973	66.3443
8818	65.973	67.1873
8819	65.973	66.4661
8820	65.973	66.4181
8821	65.973	67.0112
8822	65.973	66.0091
8823	65.973	66.4174
8824	65.973	67.0676
8825	65.973	66.6756
8826	65.973	67.5408
8827	65.973	67.7004
8828	65.973	67.3305
8829	65.973	66.0132
8830	65.973	67.2763
8831	65.973	66.1686
8832	65.973	66.1825
8833	65.973	66.3089
8834	65.973	65.973
8835	65.973	65.973
8836	65.973	66.3716
8837	65.973	68.3395
8838	65.973	67.2789
8839	65.973	67.1472
8840	65.973	66.7073
8841	65.973	67.618
8842	65.973	67.6954
8843	65.973	67.7769
8844	65.973	68.0702
8845	65.973	67.3423
8846	65.973	66.4956
8847	65.973	66.5625
8848	65.973	66.0426
8849	65.973	66.5026
8850	65.973	65.973
8851	65.973	65.973
8852	65.973	66.1041
8853	65.973	65.973
8854	65.973	67.1321
8855	65.973	67.5784
8856	65.973	66.5825
8857	65.973	66.2048
8858	65.973	66.1254
8859	65.973	66.1432
8860	65.973	66.2477
8861	65.973	66.038
8862	65.973	65.973
8863	65.973	65.973
8864	65.973	66.4344
8865	65.973	66.7224
8866	65.973	66.4069
8867	65.973	67.1035
8868	65.973	66.5687
8869	65.973	66.6147
8870	65.973	67.2943
8871	65.973	66.0499
8872	65.973	66.6778
8873	65.973	66.4642
8874	65.973	66.2011
8875	65.973	66.0967
8876	65.973	65.9989
8877	65.973	66.3683
8878	65.973	66.0811
8879	65.973	66.4539
8880	65.973	65.973
8881	65.973	65.973
8882	65.973	66.6927
8883	65.973	67.3142
8884	65.973	66.6561
8885	65.973	66.2531
8886	65.973	66.8772
8887	65.973	66.1449
8888	65.973	66.0005
8889	65.973	66.4942
8890	65.973	66.082
8891	65.973	66.2214
8892	65.973	67.2539
8893	65.973	67.4015
8894	65.973	66.0758
8895	65.973	67.6691
8896	65.973	66.4698
8897	65.973	67.1179
8898	65.973	66.8
8899	65.973	68.6829
8900	65.973	66.4077
8901	65.973	66.0671
8902	65.973	66.0515
8903	65.973	65.973
8904	65.973	65.973
8905	65.973	65.973
8906	65.973	65.973
8907	65.973	66.687
8908	65.973	66.0229
8909	65.973	67.0068
8910	65.973	66.8999
8911	65.973	67.0665
8912	65.973	66.7534
8913	65.973	66.6228
8914	65.973	67.7467
8915	65.973	67.1281
8916	65.973	67.0342
8917	65.973	66.3367
8918	65.973	66.7611
8919	65.973	66.2169
8920	65.973	66.2596
8921	65.973	66.1849
8922	65.973	66.7091
8923	65.973	66.2521
8924	65.973	67.0891
8925	65.973	66.3134
8926	65.973	66.1985
8927	65.973	66.3641
8928	65.973	66.1079
8929	65.973	65.973
8930	65.973	66.813
8931	65.973	67.5385
8932	65.973	66.4077
8933	65.973	66.296
8934	65.973	65.973
8935	65.973	66.0322
8936	65.973	66.6338
8937	65.973	66.5152
8938	65.973	68.3689
8939	65.973	68.0847
8940	65.973	67.8321
8941	65.973	67.4113
8942	65.973	66.0077
8943	65.973	66.6591
8944	65.973	66.4097
8945	65.973	66.0846
8946	65.973	65.973
8947	65.973	65.973
8948	65.973	66.0098
8949	65.973	66.6195
8950	65.973	66.6207
8951	65.973	67.3231
8952	65.973	66.8035
8953	65.973	66.1269
8954	65.973	66.2991
8955	65.973	66.4654
8956	65.973	66.229
8957	65.973	66.3364
8958	65.973	67.5648
8959	65.973	67.3526
8960	65.973	66.7746
8961	65.973	66.1679
8962	65.973	65.973
8963	65.973	65.973
8964	65.973	66.0164
8965	65.973	65.973
8966	65.973	66.1726
8967	65.973	67.8074
8968	65.973	67.3846
8969	65.973	67.4569
8970	65.973	66.416
8971	65.973	67.1788
8972	65.973	66.0029
8973	65.973	66.0332
8974	65.973	65.973
8975	65.973	66.1395
8976	65.973	66.0895
8977	65.973	66.2112
8978	65.973	65.973
8979	65.973	66.1039
8980	65.973	66.0741
8981	65.973	66.077
8982	65.973	65.973
8983	65.973	65.973
8984	65.973	66.1257
8985	65.973	65.973
8986	65.973	65.9885
8987	65.973	66.0937
8988	65.973	66.1673
8989	65.973	65.973
8990	65.973	66.0011
8991	65.973	65.973
8992	65.973	65.973
8993	65.973	66.7158
8994	65.973	67.0863
8995	65.973	67.1185
8996	65.973	67.0393
8997	65.973	67.8489
8998	65.973	67.4966
8999	65.973	66.3966
9000	65.973	67.2302
9001	65.973	66.8107
9002	65.973	66.4221
9003	65.973	67.2968
9004	65.973	67.5519
9005	65.973	67.1671
9006	65.973	68.4009
9007	65.973	67.3621
9008	65.973	67.3056
9009	65.973	66.7981
9010	65.973	67.7568
9011	65.973	66.3163
9012	65.973	65.9888
9013	65.973	65.973
9014	65.973	65.973
9015	65.973	65.973
9016	65.973	66.5434
9017	65.973	65.973
9018	65.973	66.1728
9019	65.973	66.8089
9020	65.973	66.4762
9021	65.973	67.5474
9022	65.973	69.2416
9023	65.973	69.1342
9024	65.973	68.6871
9025	65.973	69.8513
9026	65.973	67.8994
9027	65.973	67.3025
9028	65.973	68.1068
9029	65.973	68.4738
9030	65.973	67.8102
9031	65.973	67.4047
9032	65.973	66.9736
9033	65.973	66.1303
9034	65.973	66.3335
9035	65.973	66.6612
9036	65.973	67.7118
9037	65.973	68.9626
9038	65.973	69.6931
9039	65.973	66.6944
9040	65.973	66.4501
9041	65.973	66.2571
9042	65.973	66.3004
9043	65.973	66.0263
9044	65.973	65.973
9045	65.973	66.0376
9046	65.973	65.973
9047	65.973	65.973
9048	65.973	65.973
9049	65.973	65.973
9050	65.973	66.9289
9051	65.973	67.5056
9052	65.973	67.5977
9053	65.973	67.8898
9054	65.973	67.5311
9055	65.973	67.4312
9056	65.973	69.5994
9057	65.973	69.6232
9058	65.973	69.1441
9059	65.973	67.2196
9060	65.973	67.456
9061	65.973	66.3014
9062	65.973	66.0239
9063	65.973	66.0027
9064	65.973	65.973
9065	65.973	65.973
9066	65.973	65.973
9067	65.973	65.973
9068	65.973	67.0531
9069	65.973	66.3924
9070	65.973	66.3541
9071	65.973	66.3837
9072	65.973	66.1019
9073	65.973	66.0138
9074	65.973	65.9919
9075	65.973	65.9919
9076	65.973	65.973
9077	65.973	66.4005
9078	65.973	66.5699
9079	65.973	66.8124
9080	65.973	66.7101
9081	65.973	66.109
9082	65.973	66.2256
9083	65.973	65.997
9084	65.973	66.9321
9085	65.973	67.0307
9086	65.973	66.3265
9087	65.973	66.9751
9088	65.973	67.9032
9089	65.973	66.5922
9090	65.973	68.3153
9091	65.973	67.9695
9092	65.973	67.0604
9093	65.973	68.1843
9094	65.973	66.7092
9095	65.973	67.6882
9096	65.973	67.4053
9097	65.973	66.7515
9098	65.973	66.905
9099	65.973	66.1769
9100	65.973	69.2431
9101	65.973	68.1166
9102	65.973	67.5499
9103	65.973	67.1385
9104	65.973	68.2469
9105	65.973	68.043
9106	65.973	67.633
9107	65.973	67.4846
9108	65.973	66.699
9109	65.973	67.8645
9110	65.973	69.4078
9111	65.973	69.7637
9112	65.973	68.971
9113	65.973	67.7418
9114	65.973	68.0428
9115	65.973	68.0676
9116	65.973	67.7148
9117	65.973	68.225
9118	65.973	68.2219
9119	65.973	68.2185
9120	65.973	67.2889
9121	65.973	67.2906
9122	65.973	66.7007
9123	65.973	67.3133
9124	65.973	66.3896
9125	65.973	65.9905
9126	65.973	65.9832
9127	65.973	67.3357
9128	65.973	66.723
9129	65.973	66.2228
9130	65.973	66.0981
9131	65.973	66.3844
9132	65.973	66.1284
9133	65.973	66.1471
9134	65.973	66.1341
9135	65.973	66.0506
9136	65.973	66.0301
9137	65.973	66.2293
9138	65.973	66.1656
9139	65.973	66.0374
9140	65.973	65.973
9141	65.973	65.973
9142	65.973	65.9803
9143	65.973	66.9799
9144	65.973	68.3645
9145	65.973	67.6668
9146	65.973	68.2033
9147	65.973	67.2574
9148	65.973	67.2876
9149	65.973	66.3736
9150	65.973	66.6931
9151	65.973	65.973
9152	65.973	65.973
9153	65.973	66.0261
9154	65.973	67.2817
9155	65.973	68.0297
9156	65.973	67.3579
9157	65.973	67.2659
9158	65.973	66.0191
9159	65.973	66.3041
9160	65.973	66.5986
9161	65.973	66.2689
9162	65.973	66.0366
9163	65.973	66.2248
9164	65.973	65.973
9165	65.973	65.9828
9166	65.973	65.973
9167	65.973	66.2284
9168	65.973	65.973
9169	65.973	66.0352
9170	65.973	66.2701
9171	65.973	66.5766
9172	65.973	68.6993
9173	65.973	68.9056
9174	65.973	67.2626
9175	65.973	66.2107
9176	65.973	66.4077
9177	65.973	66.5694
9178	65.973	66.0451
9179	65.973	66.3138
9180	65.973	66.1427
9181	65.973	66.109
9182	65.973	66.509
9183	65.973	65.973
9184	65.973	66.0118
9185	65.973	65.973
9186	65.973	66.1834
9187	65.973	67.7594
9188	65.973	67.1995
9189	65.973	66.0651
9190	65.973	66.5504
9191	65.973	66.9945
9192	65.973	66.4346
9193	65.973	65.973
9194	65.973	66.2108
9195	65.973	66.1076
9196	65.973	66.2151
9197	65.973	66.3055
9198	65.973	67.1869
9199	65.973	66.1039
9200	65.973	67.5944
9201	65.973	67.0905
9202	65.973	66.2059
9203	65.973	66.9222
9204	65.973	66.7305
9205	65.973	66.4207
9206	65.973	66.284
9207	65.973	65.973
9208	65.973	65.973
9209	65.973	68.2048
9210	65.973	66.1076
9211	65.973	66.0679
9212	65.973	66.9116
9213	65.973	67.1679
9214	65.973	67.5792
9215	65.973	67.5631
9216	65.973	66.4266
9217	65.973	66.0213
9218	65.973	66.35
9219	65.973	65.9971
9220	65.973	66.8427
9221	65.973	66.6918
9222	65.973	66.7204
9223	65.973	66.5607
9224	65.973	66.3786
9225	65.973	66.0446
9226	65.973	66.0778
9227	65.973	65.9842
9228	65.973	66.1129
9229	65.973	65.973
9230	65.973	65.973
9231	65.973	66.344
9232	65.973	66.1905
9233	65.973	65.9813
9234	65.973	66.0059
9235	65.973	66.7017
9236	65.973	66.7223
9237	65.973	67.2634
9238	65.973	66.0511
9239	65.973	65.973
9240	65.973	66.0738
9241	65.973	67.2199
9242	65.973	66.9236
9243	65.973	66.7463
9244	65.973	66.7436
9245	65.973	67.1796
9246	65.973	67.4859
9247	65.973	68.4758
9248	65.973	68.261
9249	65.973	67.0052
9250	65.973	66.8653
9251	65.973	67.5727
9252	65.973	67.2604
9253	65.973	66.8221
9254	65.973	67.0871
9255	65.973	66.7702
9256	65.973	67.3383
9257	65.973	66.9763
9258	65.973	66.0503
9259	65.973	66.1275
9260	65.973	66.3416
9261	65.973	65.973
9262	65.973	65.973
9263	65.973	65.973
9264	65.973	65.973
9265	65.973	65.973
9266	65.973	66.0025
9267	65.973	66.0149
9268	65.973	66.0442
9269	65.973	66.0734
9270	65.973	65.973
9271	65.973	66.4223
9272	65.973	67.7338
9273	65.973	69.0662
9274	65.973	69.0701
9275	65.973	69.7066
9276	65.973	67.2908
9277	65.973	66.5724
9278	65.973	67.036
9279	65.973	67.9073
9280	65.973	66.4104
9281	65.973	66.1577
9282	65.973	66.7444
9283	65.973	66.8307
9284	65.973	66.3491
9285	65.973	67.1373
9286	65.973	66.7404
9287	65.973	67.1339
9288	65.973	66.496
9289	65.973	66.3948
9290	65.973	66.6705
9291	65.973	66.7876
9292	65.973	66.3044
9293	65.973	66.158
9294	65.973	66.0124
9295	65.973	66.1865
9296	65.973	66.106
9297	65.973	65.9995
9298	65.973	66.7725
9299	65.973	66.5749
9300	65.973	67.2583
9301	65.973	65.973
9302	65.973	66.1349
9303	65.973	67.6905
9304	65.973	68.0781
9305	65.973	68.1329
9306	65.973	67.0729
9307	65.973	66.5517
9308	65.973	66.8474
9309	65.973	66.2108
9310	65.973	66.4177
9311	65.973	65.973
9312	65.973	66.8221
9313	65.973	66.5747
9314	65.973	67.3976
9315	65.973	66.5858
9316	65.973	66.6989
9317	65.973	66.7798
9318	65.973	65.973
9319	65.973	65.973
9320	65.973	66.3752
9321	65.973	67.4199
9322	65.973	68.33
9323	65.973	66.6231
9324	65.973	66.5406
9325	65.973	66.2968
9326	65.973	66.3057
9327	65.973	66.2904
9328	65.973	66.3246
9329	65.973	66.2446
9330	65.973	66.3055
9331	65.973	66.005
9332	65.973	65.9904
9333	65.973	66.1836
9334	65.973	67.3493
9335	65.973	66.0104
9336	65.973	65.973
9337	65.973	65.973
9338	65.973	65.9919
9339	65.973	66.5481
9340	65.973	66.9766
9341	65.973	66.3468
9342	65.973	66.3755
9343	65.973	66.8303
9344	65.973	66.0164
9345	65.973	65.973
9346	65.973	66.0892
9347	65.973	66.0355
9348	65.973	66.3748
9349	65.973	66.4009
9350	65.973	68.1509
9351	65.973	66.7419
9352	65.973	67.0289
9353	65.973	66.8215
9354	65.973	66.0892
9355	65.973	66.2056
9356	65.973	66.3556
9357	65.973	68.4108
9358	65.973	67.1813
9359	65.973	67.014
9360	65.973	66.7245
9361	65.973	66.4728
9362	65.973	65.994
9363	65.973	66.2785
9364	65.973	65.973
9365	65.973	65.973
9366	65.973	66.4145
9367	65.973	66.2171
9368	65.973	66.5362
9369	65.973	67.6541
9370	65.973	68.0661
9371	65.973	66.3721
9372	65.973	66.538
9373	65.973	66.1068
9374	65.973	67.2478
9375	65.973	67.2158
9376	65.973	66.4417
9377	65.973	65.973
9378	65.973	66.9185
9379	65.973	66.2001
9380	65.973	65.973
9381	65.973	65.973
9382	65.973	65.973
9383	65.973	65.973
9384	65.973	65.973
9385	65.973	66.6771
9386	65.973	66.1
9387	65.973	66.2884
9388	65.973	66.1193
9389	65.973	66.3228
9390	65.973	66.1539
9391	65.973	65.973
9392	65.973	66.6894
9393	65.973	69.6894
9394	65.973	68.0975
9395	65.973	66.8804
9396	65.973	68.1791
9397	65.973	68.6866
9398	65.973	67.5193
9399	65.973	68.4075
9400	65.973	67.8988
9401	65.973	67.4971
9402	65.973	66.636
9403	65.973	66.3268
9404	65.973	66.324
9405	65.973	66.0439
9406	65.973	66.0311
9407	65.973	66.1468
9408	65.973	65.973
9409	65.973	66.0259
9410	65.973	66.5014
9411	65.973	66.4783
9412	65.973	66.1476
9413	65.973	65.9811
9414	65.973	66.0596
9415	65.973	66.3135
9416	65.973	67.3358
9417	65.973	66.7796
9418	65.973	66.181
9419	65.973	65.986
9420	65.973	66.2431
9421	65.973	65.995
9422	65.973	66.0206
9423	65.973	65.973
9424	65.973	67.0596
9425	65.973	67.3777
9426	65.973	66.8128
9427	65.973	66.0734
9428	65.973	65.973
9429	65.973	65.973
9430	65.973	66.3303
9431	65.973	66.0135
9432	65.973	65.973
9433	65.973	66.461
9434	65.973	67.3052
9435	65.973	67.2323
9436	65.973	67.2746
9437	65.973	67.2457
9438	65.973	66.7548
9439	65.973	67.041
9440	65.973	66.2193
9441	65.973	66.2043
9442	65.973	68.3097
9443	65.973	69.0858
9444	65.973	67.5129
9445	65.973	67.1378
9446	65.973	68.1831
9447	65.973	66.77
9448	65.973	67.3391
9449	65.973	67.378
9450	65.973	67.4679
9451	65.973	66.865
9452	65.973	66.4293
9453	65.973	67.6183
9454	65.973	67.2619
9455	65.973	65.996
9456	65.973	66.1024
9457	65.973	65.973
9458	65.973	66.3035
9459	65.973	66.8771
9460	65.973	67.3323
9461	65.973	66.6534
9462	65.973	67.315
9463	65.973	66.605
9464	65.973	66.3696
9465	65.973	66.3268
9466	65.973	67.4826
9467	65.973	67.014
9468	65.973	65.973
9469	65.973	67.1589
9470	65.973	67.4661
9471	65.973	67.9565
9472	65.973	66.1946
9473	65.973	66.2733
9474	65.973	66.3722
9475	65.973	66.8829
9476	65.973	66.4598
9477	65.973	66.6489
9478	65.973	66.3729
9479	65.973	67.2026
9480	65.973	66.531
9481	65.973	66.5537
9482	65.973	66.8036
9483	65.973	67.1523
9484	65.973	66.3376
9485	65.973	67.5576
9486	65.973	67.5128
9487	65.973	67.9052
9488	65.973	67.0385
9489	65.973	65.973
9490	65.973	66.3397
9491	65.973	66.3413
9492	65.973	66.4561
9493	65.973	66.5296
9494	65.973	67.1851
9495	65.973	66.8526
9496	65.973	66.8224
9497	65.973	66.0589
9498	65.973	66.2376
9499	65.973	66.1015
9500	65.973	65.973
9501	65.973	65.9801
9502	65.973	66.8356
9503	65.973	66.2627
9504	65.973	66.6584
9505	65.973	66.6995
9506	65.973	66.1169
9507	65.973	66.1916
9508	65.973	66.4135
9509	65.973	66.0098
9510	65.973	66.1965
9511	65.973	65.973
9512	65.973	65.9971
9513	65.973	66.3697
9514	65.973	65.9995
9515	65.973	67.4382
9516	65.973	66.3504
9517	65.973	71.0167
9518	65.973	69.805
9519	65.973	69.9218
9520	65.973	66.7395
9521	65.973	67.7512
9522	65.973	66.6341
9523	65.973	66.8447
9524	65.973	66.7175
9525	65.973	66.013
9526	65.973	65.984
9527	65.973	67.2309
9528	65.973	66.8704
9529	65.973	66.0734
9530	65.973	66.6168
9531	65.973	66.289
9532	65.973	67.1945
9533	65.973	66.3697
9534	65.973	67.0068
9535	65.973	67.7039
9536	65.973	67.9027
9537	65.973	68.0713
9538	65.973	68.4907
9539	65.973	66.9359
9540	65.973	68.5567
9541	65.973	67.8501
9542	65.973	67.3606
9543	65.973	66.205
9544	65.973	65.973
9545	65.973	65.973
9546	65.973	66.0638
9547	65.973	65.9877
9548	65.973	66.1152
9549	65.973	66.5599
9550	65.973	66.072
9551	65.973	65.973
9552	65.973	65.973
9553	65.973	66.0345
9554	65.973	65.987
9555	65.973	65.9878
9556	65.973	66.3808
9557	65.973	66.7808
9558	65.973	68.2653
9559	65.973	67.6907
9560	65.973	66.8829
9561	65.973	66.0784
9562	65.973	66.5991
9563	65.973	66.2908
9564	65.973	65.973
9565	65.973	65.9781
9566	65.973	66.0531
9567	65.973	65.973
9568	65.973	66.1134
9569	65.973	66.2729
9570	65.973	66.0279
9571	65.973	66.6013
9572	65.973	66.3563
9573	65.973	67.1363
9574	65.973	67.3011
9575	65.973	67.3824
9576	65.973	67.5053
9577	65.973	66.3469
9578	65.973	65.973
9579	65.973	65.976
9580	65.973	66.0622
9581	65.973	66.7897
9582	65.973	66.2294
9583	65.973	68.2627
9584	65.973	67.1703
9585	65.973	67.2814
9586	65.973	68.7687
9587	65.973	68.4295
9588	65.973	67.1056
9589	65.973	66.8284
9590	65.973	65.9971
9591	65.973	66.3291
9592	65.973	65.9805
9593	65.973	66.1006
9594	65.973	68.0755
9595	65.973	66.6866
9596	65.973	66.3371
9597	65.973	68.2206
9598	65.973	66.7679
9599	65.973	67.0947
9600	65.973	67.3596
9601	65.973	67.0606
9602	65.973	67.5965
9603	65.973	67.3917
9604	65.973	65.973
9605	65.973	65.973
9606	65.973	65.973
9607	65.973	66.6045
9608	65.973	67.5062
9609	65.973	66.5875
9610	65.973	66.1408
9611	65.973	66.0868
9612	65.973	65.973
9613	65.973	66.168
9614	65.973	66.2673
9615	65.973	66.1338
9616	65.973	66.2035
9617	65.973	65.973
9618	65.973	65.9841
9619	65.973	66.0718
9620	65.973	66.1481
9621	65.973	66.3572
9622	65.973	66.301
9623	65.973	66.5574
9624	65.973	66.3902
9625	65.973	65.973
9626	65.973	66.3727
9627	65.973	66.7742
9628	65.973	66.0622
9629	65.973	66.399
9630	65.973	66.4903
9631	65.973	66.1303
9632	65.973	66.339
9633	65.973	66.1226
9634	65.973	66.2187
9635	65.973	67.059
9636	65.973	66.414
9637	65.973	66.0282
9638	65.973	66.1335
9639	65.973	67.0056
9640	65.973	67.012
9641	65.973	66.3451
9642	65.973	66.3139
9643	65.973	66.2069
9644	65.973	65.9901
9645	65.973	66.5002
9646	65.973	67.8655
9647	65.973	67.9422
9648	65.973	66.5134
9649	65.973	66.0492
9650	65.973	66.7179
9651	65.973	67.2055
9652	65.973	66.5724
9653	65.973	66.7741
9654	65.973	67.1167
9655	65.973	67.1437
9656	65.973	66.3969
9657	65.973	66.2648
9658	65.973	67.5889
9659	65.973	66.6299
9660	65.973	67.9507
9661	65.973	66.5843
9662	65.973	66.2214
9663	65.973	66.9078
9664	65.973	66.6529
9665	65.973	66.2973
9666	65.973	65.973
9667	65.973	65.973
9668	65.973	66.5359
9669	65.973	65.973
9670	65.973	66.2354
9671	65.973	66.4261
9672	65.973	65.973
9673	65.973	66.0394
9674	65.973	66.1556
9675	65.973	66.2128
9676	65.973	66.3512
9677	65.973	66.2737
9678	65.973	66.8624
9679	65.973	66.1843
9680	65.973	66.0131
9681	65.973	66.0221
9682	65.973	66.087
9683	65.973	66.5245
9684	65.973	67.2947
9685	65.973	67.8612
9686	65.973	66.6311
9687	65.973	67.9839
9688	65.973	68.4293
9689	65.973	68.9304
9690	65.973	67.8319
9691	65.973	66.4646
9692	65.973	66.6594
9693	65.973	66.1717
9694	65.973	66.1719
9695	65.973	65.973
9696	65.973	65.973
9697	65.973	65.973
9698	65.973	65.973
9699	65.973	66.679
9700	65.973	66.7121
9701	65.973	66.8159
9702	65.973	67.7803
9703	65.973	66.705
9704	65.973	66.1905
9705	65.973	66.5894
9706	65.973	65.973
9707	65.973	67.162
9708	65.973	67.8802
9709	65.973	67.4886
9710	65.973	67.2664
9711	65.973	68.8748
9712	65.973	69.4507
9713	65.973	67.1066
9714	65.973	67.5868
9715	65.973	66.1711
9716	65.973	66.4859
9717	65.973	66.2466
9718	65.973	66.6993
9719	65.973	68.1376
9720	65.973	66.394
9721	65.973	66.4991
9722	65.973	66.6021
9723	65.973	66.1323
9724	65.973	66.3459
9725	65.973	66.8766
9726	65.973	67.3669
9727	65.973	65.973
9728	65.973	66.2072
9729	65.973	66.0857
9730	65.973	66.529
9731	65.973	66.526
9732	65.973	67.044
9733	65.973	66.6804
9734	65.973	68.7354
9735	65.973	68.0566
9736	65.973	67.981
9737	65.973	68.6016
9738	65.973	67.6881
9739	65.973	66.6043
9740	65.973	66.1222
9741	65.973	66.2023
9742	65.973	66.0896
9743	65.973	66.6477
9744	65.973	66.6743
9745	65.973	66.6258
9746	65.973	66.6402
9747	65.973	65.9841
9748	65.973	66.7561
9749	65.973	67.5479
9750	65.973	67.7639
9751	65.973	66.3664
9752	65.973	66.1174
9753	65.973	65.973
9754	65.973	65.9773
9755	65.973	66.0647
9756	65.973	66.4161
9757	65.973	66.519
9758	65.973	66.0716
9759	65.973	66.0395
9760	65.973	66.0285
9761	65.973	66.1422
9762	65.973	66.2527
9763	65.973	66.002
9764	65.973	66.1772
9765	65.973	66.1878
9766	65.973	65.973
9767	65.973	67.1024
9768	65.973	66.1453
9769	65.973	66.0996
9770	65.973	66.0279
9771	65.973	66.3517
9772	65.973	66.4533
9773	65.973	66.0221
9774	65.973	65.9907
9775	65.973	66.0843
9776	65.973	65.973
9777	65.973	66.008
9778	65.973	66.9006
9779	65.973	66.4293
9780	65.973	66.3504
9781	65.973	66.0173
9782	65.973	66.2722
9783	65.973	66.1243
9784	65.973	66.1401
9785	65.973	66.2114
9786	65.973	65.9876
9787	65.973	65.973
9788	65.973	66.5232
9789	65.973	66.3702
9790	65.973	66.4942
9791	65.973	66.9562
9792	65.973	65.973
9793	65.973	66.4871
9794	65.973	66.0518
9795	65.973	66.0136
9796	65.973	66.2629
9797	65.973	66.2478
9798	65.973	66.6726
9799	65.973	65.9876
9800	65.973	65.973
9801	65.973	66.1729
9802	65.973	65.9903
9803	65.973	67.306
9804	65.973	67.422
9805	65.973	66.2304
9806	65.973	66.0092
9807	65.973	66.4938
9808	65.973	66.8137
9809	65.973	67.5404
9810	65.973	66.4903
9811	65.973	66.949
9812	65.973	66.2984
9813	65.973	66.1355
9814	65.973	66.1293
9815	65.973	66.9618
9816	65.973	66.7395
9817	65.973	66.2288
9818	65.973	66.3791
9819	65.973	66.4235
9820	65.973	65.9859
9821	65.973	65.973
9822	65.973	65.973
9823	65.973	66.4558
9824	65.973	66.2561
9825	65.973	66.207
9826	65.973	66.7509
9827	65.973	66.3498
9828	65.973	66.5972
9829	65.973	67.5278
9830	65.973	67.3382
9831	65.973	69.4048
9832	65.973	68.1214
9833	65.973	68.3981
9834	65.973	68.3386
9835	65.973	68.6595
9836	65.973	68.8167
9837	65.973	69.2118
9838	65.973	66.6311
9839	65.973	67.5313
9840	65.973	66.8953
9841	65.973	67.6158
9842	65.973	67.826
9843	65.973	67.978
9844	65.973	66.9398
9845	65.973	68.2926
9846	65.973	68.5175
9847	65.973	68.4436
9848	65.973	67.6852
9849	65.973	67.175
9850	65.973	66.9916
9851	65.973	68.005
9852	65.973	67.2917
9853	65.973	67.1468
9854	65.973	67.6248
9855	65.973	66.8171
9856	65.973	66.3325
9857	65.973	66.9754
9858	65.973	66.7233
9859	65.973	67.1006
9860	65.973	66.216
9861	65.973	65.9994
9862	65.973	66.4942
9863	65.973	65.973
9864	65.973	66.0305
9865	65.973	65.973
9866	65.973	66.0554
9867	65.973	66.3308
9868	65.973	66.3892
9869	65.973	66.1038
9870	65.973	66.2496
9871	65.973	66.0908
9872	65.973	66.6366
9873	65.973	68.0688
9874	65.973	67.9142
9875	65.973	68.7739
9876	65.973	67.7407
9877	65.973	66.3838
9878	65.973	66.5399
9879	65.973	66.308
9880	65.973	66.8493
9881	65.973	67.1482
9882	65.973	66.8882
9883	65.973	67.586
9884	65.973	66.7559
9885	65.973	66.9403
9886	65.973	65.9828
9887	65.973	65.973
9888	65.973	65.973
9889	65.973	66.1291
9890	65.973	67.0214
9891	65.973	66.9811
9892	65.973	66.8566
9893	65.973	66.8976
9894	65.973	66.9009
9895	65.973	66.2872
9896	65.973	65.973
9897	65.973	66.5908
9898	65.973	67.3529
9899	65.973	66.8289
9900	65.973	66.2136
9901	65.973	65.973
9902	65.973	65.973
9903	65.973	65.973
9904	65.973	65.9967
9905	65.973	66.1112
9906	65.973	66.2243
9907	65.973	66.3509
9908	65.973	65.9914
9909	65.973	66.4089
9910	65.973	67.7498
9911	65.973	66.293
9912	65.973	66.0779
9913	65.973	66.025
9914	65.973	66.0512
9915	65.973	65.973
9916	65.973	65.9964
9917	65.973	67.6723
9918	65.973	66.9992
9919	65.973	67.5332
9920	65.973	66.1016
9921	65.973	65.973
9922	65.973	66.8186
9923	65.973	67.7956
9924	65.973	67.0091
9925	65.973	67.499
9926	65.973	67.828
9927	65.973	68.5345
9928	65.973	67.8194
9929	65.973	66.4025
9930	65.973	66.1844
9931	65.973	66.1369
9932	65.973	66.2415
9933	65.973	66.695
9934	65.973	67.2852
9935	65.973	66.8457
9936	65.973	66.3266
9937	65.973	67.8291
9938	65.973	68.2656
9939	65.973	67.4709
9940	65.973	66.5665
9941	65.973	66.5819
9942	65.973	67.1057
9943	65.973	66.6515
9944	65.973	66.4862
9945	65.973	67.3665
9946	65.973	67.7109
9947	65.973	66.589
9948	65.973	66.796
9949	65.973	66.5197
9950	65.973	66.8401
9951	65.973	66.7622
9952	65.973	67.4451
9953	65.973	66.6613
9954	65.973	67.432
9955	65.973	67.4862
9956	65.973	66.3293
9957	65.973	69.0565
9958	65.973	66.9006
9959	65.973	65.973
9960	65.973	66.125
9961	65.973	65.9958
9962	65.973	66.1371
9963	65.973	65.9936
9964	65.973	65.9944
9965	65.973	66.3025
9966	65.973	66.3229
9967	65.973	66.1931
9968	65.973	65.973
9969	65.973	66.1678
9970	65.973	66.1649
9971	65.973	66.0107
9972	65.973	66.4269
9973	65.973	67.0038
9974	65.973	65.973
9975	65.973	65.973
9976	65.973	66.0054
9977	65.973	66.3725
9978	65.973	67.456
9979	65.973	68.5388
9980	65.973	67.3271
9981	65.973	67.1362
9982	65.973	66.5328
9983	65.973	66.839
9984	65.973	67.04
9985	65.973	66.7846
9986	65.973	66.5982
9987	65.973	67.4328
9988	65.973	67.0761
9989	65.973	66.1345
9990	65.973	65.973
9991	65.973	65.973
9992	65.973	65.9939
9993	65.973	66.2831
9994	65.973	66.2623
9995	65.973	66.3832
9996	65.973	66.2596
9997	65.973	66.0198
9998	65.973	66.8732
9999	65.973	67.5428
