0	451.625	475.159
1	429.887	465.059
2	419.035	453.854
3	419.035	440.514
4	416.279	430.215
5	412.668	426.546
6	403.397	420.439
7	385.491	412.999
8	383.443	406.211
9	360.688	396.042
10	357.639	383.514
11	357.639	369.078
12	355.854	364.504
13	355.854	359.857
14	347.691	356.795
15	342.45	353.737
16	342.45	351.999
17	333.572	347.331
18	333.431	346.917
19	333.431	342.577
20	330.435	338.069
21	330.435	336.36
22	323.353	333.258
23	321.644	330.747
24	321.271	325.806
25	308.019	323.278
26	308.019	321.002
27	305.856	317.379
28	302.455	312.067
29	302.455	309.234
30	301.049	307.694
31	299.462	305.492
32	299.462	303.541
33	296.949	302.427
34	294.462	300.354
35	291.077	299.601
36	290.933	299.422
37	283.733	296.483
38	283.733	294.517
39	283.733	293.498
40	280.292	290.336
41	279.881	285.963
42	278.82	283.85
43	278.739	281.904
44	276.113	280.332
45	271.332	278.052
46	271.332	276.407
47	271.332	275.631
48	268.484	274.378
49	267.153	273.722
50	259.989	272.088
51	259.989	268.416
52	259.989	265.741
53	259.989	263.06
54	258.79	261.91
55	253.279	260.491
56	248.427	257.455
57	248.427	256.203
58	247.321	254.96
59	247.107	254.373
60	244.911	252.517
61	244.911	250.763
62	243.448	248.569
63	243.368	249.851
64	243.092	246.595
65	240.964	245.444
66	240.964	244.397
67	240.359	243.259
68	239.673	242.381
69	238.747	242.73
70	238.326	241.527
71	237.89	241.384
72	230.217	239.248
73	229.907	238.318
74	229.907	236.375
75	224.531	235.491
76	224.531	234.658
77	224.531	230.107
78	223.298	227.209
79	221.32	225.678
80	220.193	224.232
81	220.193	222.809
82	220.193	222.062
83	219.775	222.07
84	216.719	220.838
85	216.719	221.387
86	216.719	219.438
87	214.651	219.174
88	214.511	218.495
89	214.511	218.302
90	214.511	216.766
91	213.518	215.941
92	213.518	215.859
93	210.197	215.039
94	209.204	213.435
95	207.735	212.121
96	207.735	211.077
97	206.95	210.19
98	206.95	208.944
99	206.95	208.316
100	205.563	207.493
101	191.916	206.173
102	191.916	205.838
103	191.916	201.664
104	191.916	198.967
105	191.916	196.859
106	190.825	194.407
107	190.825	195.332
108	190.525	193.875
109	190.525	192.489
110	190.353	191.206
111	189.713	191.919
112	189.713	191.817
113	189.261	190.943
114	186.988	191.517
115	186.988	191.516
116	186.988	191.818
117	186.988	192.536
118	186.988	192.563
119	188.19	194.21
120	188.19	193.598
121	188.176	192.182
122	188.176	191.571
123	188.176	192.923
124	188.176	193.39
125	188.176	190.914
126	188.176	189.45
127	187.319	189.121
128	187.319	190.765
129	185.7	189.714
130	185.7	188.76
131	183.237	187.36
132	183.237	186.678
133	182.727	185.874
134	182.727	185.825
135	180.543	185.053
136	180.543	184.106
137	179.284	182.612
138	179.284	183.527
139	178.406	182.221
140	178.406	181.022
141	178.406	180.93
142	177.398	180.469
143	177.398	180.45
144	177.398	178.653
145	177.398	178.975
146	176.109	179.942
147	176.109	180.112
148	176.109	179.757
149	175.416	179.632
150	175.416	179.113
151	175.399	176.424
152	175.344	176.31
153	175.344	176.258
154	175.344	175.749
155	175.344	175.458
156	175.344	175.362
157	173.833	176.198
158	173.833	176.064
159	173.833	176.159
160	173.833	176.817
161	173.833	175.861
162	173.833	176.448
163	173.061	176.821
164	171.291	175.179
165	171.291	176.025
166	168.137	173.972
167	168.137	174.948
168	168.137	174.798
169	168.137	173.15
170	168.137	170.931
171	167.365	171.347
172	167.365	170.566
173	167.365	170.415
174	166.415	169.797
175	166.415	169.314
176	166.415	168.871
177	165.383	168.06
178	165.383	167.766
179	165.383	169.001
180	165.247	168.711
181	163.791	166.378
182	163.791	167.149
183	163.791	168.136
184	163.791	167.973
185	163.557	167.388
186	160.347	168.531
187	159.743	168.437
188	159.743	167.672
189	159.743	165.451
190	159.743	163.519
191	159.743	163.027
192	159.743	162.627
193	159.743	160.677
194	159.495	159.918
195	159.441	159.994
196	159.441	160.908
197	159.441	160.799
198	159.441	160.156
199	159.385	160.03
200	159.385	160.161
201	158.674	159.861
202	158.674	160.623
203	158.674	159.616
204	158.674	159.924
205	158.674	160.052
206	158.571	159.057
207	158.537	160.039
208	158.537	158.727
209	158.537	158.825
210	158.537	159.218
211	158.537	159.08
212	156.405	159.776
213	155.165	159.371
214	155.165	157.777
215	155.165	157.88
216	155.165	158.438
217	155.165	157.609
218	155.165	156.987
219	155.165	156.386
220	155.165	155.496
221	154.206	155.25
222	154.012	155.082
223	154.012	155.655
224	153.624	157.258
225	152.464	156.062
226	152.464	155.807
227	152.464	155.618
228	152.464	154.266
229	151.692	154.793
230	151.692	155.613
231	151.692	154.919
232	151.692	154.417
233	151.095	154.811
234	151.095	155.243
235	150.787	154.191
236	150.787	154.018
237	150.787	153.862
238	150.787	153.525
239	150.787	151.831
240	150.787	152.698
241	149.594	153.256
242	149.594	154.114
243	149.594	155.721
244	148.571	155.658
245	148.571	153.563
246	148.571	153.619
247	148.571	153.908
248	147.71	152.535
249	147.71	152.086
250	147.625	152.242
251	146.765	150.273
252	144.03	148.498
253	143.71	147.108
254	143.71	146.598
255	143.71	145.245
256	143.563	144.726
257	143.563	144.495
258	143.459	145.788
259	143.459	146.114
260	143.311	145.326
261	143.066	144.782
262	142.918	143.808
263	142.918	145.692
264	142.918	144.995
265	142.918	145.595
266	142.918	143.312
267	142.918	143.2
268	142.918	143.716
269	142.918	145.354
270	142.417	143.669
271	142.417	143.683
272	142.417	142.757
273	142.277	142.686
274	142.277	142.579
275	142.277	142.433
276	142.277	142.4
277	142.277	142.64
278	142.277	142.357
279	141.605	142.324
280	141.605	142.204
281	141.605	142.156
282	141.605	142.679
283	141.605	141.812
284	141.605	141.686
285	141.515	141.667
286	141.304	141.66
287	141.304	141.562
288	141.304	141.575
289	140.772	141.652
290	139.884	141.792
291	139.703	141.564
292	139.316	141.498
293	138.081	140.947
294	138.081	140.705
295	138.081	140.292
296	138.081	139.701
297	138.081	138.555
298	138.081	139.198
299	138.081	140.273
300	138.081	138.932
301	130.835	140.522
302	130.835	140.062
303	130.835	142.969
304	130.835	140.736
305	130.835	139.014
306	130.835	137.855
307	130.835	137.484
308	130.835	135.089
309	130.835	135.331
310	130.835	134.238
311	130.835	130.835
312	130.835	132.072
313	130.103	131.678
314	130.103	131.812
315	130.103	131.225
316	130.103	130.636
317	128.898	132.26
318	128.898	132.39
319	128.898	131.802
320	128.898	131.156
321	128.898	130.062
322	128.84	129.623
323	128.84	129.517
324	128.84	129.025
325	127.98	129.623
326	127.98	131.197
327	127.98	129.276
328	127.98	129.002
329	127.98	128.4
330	127.98	128.647
331	127.98	128.707
332	127.98	128.703
333	127.98	128.672
334	127.158	128.531
335	127.158	128.051
336	127.158	128.538
337	127.158	130.284
338	127.158	128.974
339	127.158	128.518
340	127.158	127.275
341	126.846	127.212
342	125.261	127.43
343	125.261	128.202
344	125.261	128.572
345	125.261	127.63
346	125.261	128.526
347	124.262	128.175
348	124.262	126.169
349	123.059	126.529
350	122.829	125.133
351	122.829	124.232
352	122.829	123.63
353	122.829	123.668
354	122.829	123.656
355	122.829	123.015
356	122.829	122.829
357	122.829	122.829
358	122.829	123.098
359	122.829	122.843
360	122.828	122.829
361	122.828	122.879
362	122.828	123.188
363	122.398	123.097
364	122.398	122.72
365	122.398	122.562
366	122.398	122.545
367	122.398	123.667
368	122.398	123.814
369	122.398	125.232
370	122.398	123.494
371	122.398	123.241
372	122.398	124.125
373	122.398	122.745
374	122.398	122.996
375	122.398	122.471
376	122.398	122.955
377	122.398	122.412
378	122.085	123.778
379	122.085	123.602
380	121.143	124.363
381	121.143	123.228
382	121.143	122.796
383	121.143	122.969
384	121.143	122.465
385	121.143	122.779
386	121.143	123.033
387	121.143	122.426
388	121.143	121.931
389	121.143	123.405
390	121.143	123.783
391	121.143	124.392
392	121.143	121.872
393	121.143	122.347
394	120.397	121.636
395	120.397	121.687
396	120.397	121.497
397	119.71	122.287
398	119.299	121.13
399	118.612	120.356
400	118.612	121.072
401	110.866	122.286
402	110.866	123.49
403	110.866	121.903
404	110.866	121.28
405	110.866	120.632
406	110.866	120.297
407	110.866	115.925
408	110.668	113.795
409	110.668	113.832
410	110.617	112.895
411	110.617	112.389
412	110.617	112.39
413	110.571	113.034
414	110.468	111.751
415	108.931	112.262
416	108.873	112.261
417	108.873	112.86
418	108.873	111.406
419	108.873	110.147
420	108.873	109.063
421	108.873	109.476
422	108.873	108.88
423	108.873	110.712
424	108.873	110.112
425	108.873	109.532
426	108.873	109.344
427	108.873	109.292
428	108.873	109.005
429	108.101	110.519
430	108.101	111.17
431	108.101	110.192
432	108.022	110.15
433	107.949	110.967
434	107.949	108.968
435	107.949	108.591
436	107.949	108.201
437	107.949	109.438
438	107.949	109.673
439	107.949	109.972
440	107.949	108.205
441	107.729	108.653
442	107.729	109.723
443	106.966	110.586
444	106.966	110.505
445	106.966	109.215
446	106.7	108.863
447	106.7	108.886
448	106.7	107.995
449	106.38	106.928
450	106.38	107.087
451	106.38	107.989
452	106.38	107.216
453	106.08	106.988
454	106.08	106.922
455	106.08	107.385
456	106.08	107.92
457	106.08	106.357
458	106.08	106.668
459	105.68	106.396
460	105.68	107.165
461	105.68	106.576
462	105.68	106.013
463	105.68	105.859
464	105.68	105.784
465	104.963	105.725
466	104.563	105.755
467	104.563	105.877
468	104.563	106.931
469	104.507	107.972
470	104.507	107.205
471	104.507	106.707
472	104.259	105.111
473	104.259	104.9
474	104.259	105.359
475	104.259	105.834
476	104.259	104.605
477	104.18	104.421
478	104.18	104.373
479	104.18	104.612
480	104.114	105.295
481	104.114	107.609
482	104.114	107.036
483	104.114	108.981
484	104.114	107.119
485	104.114	106.493
486	104.114	106.247
487	104.114	104.89
488	104.114	105.881
489	104.114	104.114
490	104.114	106.73
491	104.114	105.144
492	104.114	105.222
493	104.114	104.588
494	104.114	104.214
495	104.114	104.114
496	104.114	104.114
497	104.114	104.114
498	104.114	104.114
499	103.888	104.109
500	103.888	104.473
501	92.3906	104.469
502	92.3906	105.747
503	92.3906	104.238
504	92.3906	102.225
505	92.3906	103.401
506	92.2393	101.864
507	92.2393	101.692
508	92.2393	98.0474
509	92.2393	96.0904
510	92.2393	95.5457
511	92.2393	94.0891
512	92.2393	94.2023
513	91.732	92.6823
514	91.732	92.8155
515	91.732	92.3061
516	90.8775	92.1758
517	90.8775	93.3249
518	90.8775	91.7224
519	90.8775	92.6744
520	90.8775	93.4632
521	90.8775	92.6682
522	90.8775	92.4124
523	90.8775	91.9933
524	90.8775	92.2684
525	90.8775	92.808
526	90.8775	93.7183
527	90.8775	90.9777
528	90.3742	90.9668
529	90.3742	91.0478
530	90.3742	90.8944
531	90.3742	90.6057
532	90.3742	90.4887
533	90.3742	90.4418
534	90.3742	90.9877
535	90.3742	91.6953
536	90.3742	90.8997
537	90.3742	91.115
538	90.3742	90.8362
539	90.3742	90.39
540	90.3742	90.8726
541	90.3742	91.1859
542	90.3742	91.1231
543	90.3742	90.9816
544	90.3742	90.641
545	90.3742	91.0286
546	90.3742	91.7798
547	90.3742	91.824
548	90.3742	91.3309
549	90.3742	91.0433
550	90.3742	90.6585
551	90.3742	90.7303
552	90.3742	90.9001
553	90.3742	90.9451
554	90.3742	90.4416
555	90.3742	90.732
556	90.3742	90.5332
557	90.3742	90.3742
558	89.4689	90.9851
559	89.4689	92.0785
560	89.4689	90.3172
561	89.4689	90.3826
562	89.4689	91.1754
563	89.4689	89.7079
564	89.4689	90.346
565	89.4689	91.9731
566	89.4689	93.0762
567	89.156	90.4164
568	89.156	91.6101
569	88.9475	91.9548
570	88.9475	90.4775
571	88.8662	89.752
572	88.8662	91.1642
573	88.8662	92.1293
574	88.8642	91.9204
575	88.8642	92.0092
576	88.8642	89.7838
577	88.8642	89.3325
578	88.8642	89.2095
579	88.8642	88.9199
580	88.626	89.1443
581	88.626	88.8523
582	88.626	89.0671
583	88.626	89.493
584	88.626	89.3546
585	88.626	89.4679
586	88.626	88.6307
587	88.626	88.6548
588	88.626	88.626
589	88.626	88.6644
590	88.626	88.626
591	88.626	88.626
592	88.626	88.626
593	88.626	89.2763
594	88.626	90.121
595	88.626	89.4013
596	88.626	89.0294
597	88.626	88.8105
598	88.626	89.4908
599	88.626	89.774
600	88.626	89.2346
601	88.6096	90.0953
602	88.6096	89.958
603	87.2529	91.8008
604	87.2529	93.4
605	87.2529	93.2187
606	87.2529	94.002
607	87.0863	94.4302
608	87.0863	94.783
609	87.0863	91.5448
610	87.0863	91.1955
611	87.0863	91.7559
612	87.0863	88.8655
613	87.0863	87.8309
614	87.0863	88.0382
615	87.0863	87.4863
616	87.0863	87.7795
617	87.0863	87.7577
618	87.0863	88.3329
619	87.0863	87.5979
620	87.0863	87.3195
621	87.0863	87.1343
622	87.0863	87.1489
623	87.0863	87.1327
624	87.0863	88.0856
625	87.0863	88.0381
626	87.0863	88.1605
627	87.0863	87.8081
628	87.0863	88.839
629	87.0863	90.2192
630	87.0863	87.6969
631	87.0863	88.1669
632	87.0863	87.2987
633	87.0863	87.6328
634	87.0863	89.5514
635	87.0863	88.2065
636	87.0863	87.6529
637	87.0863	87.4334
638	87.0863	88.783
639	87.0863	87.7411
640	87.0863	88.5491
641	87.0863	89.5309
642	87.0863	90.2578
643	87.0863	89.1264
644	87.0863	89.0597
645	87.0863	90.931
646	87.0863	90.9541
647	87.0863	88.821
648	87.0863	88.0022
649	87.0863	88.2479
650	87.0863	87.5619
651	87.0863	88.2338
652	87.0863	88.4955
653	87.0863	88.8586
654	87.0863	87.9836
655	87.0863	87.9949
656	86.257	87.3088
657	86.257	86.9597
658	86.2416	87.8576
659	86.2416	87.0281
660	86.2416	87.3055
661	86.2416	86.5037
662	85.9226	87.2203
663	85.9226	87.7385
664	85.9226	88.8391
665	85.9226	87.2614
666	85.9226	86.0134
667	85.9226	85.9801
668	85.9226	86.2805
669	85.9226	86.259
670	85.9226	86.1956
671	85.9226	86.1431
672	85.8279	86.5154
673	85.8279	86.5165
674	85.8279	86.3315
675	85.8279	86.0605
676	85.8279	86.2468
677	85.8279	86.367
678	85.8279	85.8515
679	85.8279	86.2478
680	85.8279	85.8381
681	85.8279	85.9083
682	85.8279	85.8593
683	85.8279	85.8279
684	85.8279	85.9295
685	85.8279	86.0671
686	85.8279	86.7574
687	85.8279	86.6828
688	85.5045	86.0093
689	85.4492	85.8074
690	85.1257	85.7883
691	85.1257	85.7087
692	85.1257	85.4819
693	85.1257	85.634
694	85.1257	85.6854
695	85.1257	87.2744
696	85.1257	86.2206
697	85.1257	85.3922
698	85.0232	85.6716
699	85.0232	87.7551
700	85.0232	88.3812
701	85.0232	88.7755
702	85.0232	87.4337
703	85.0232	86.1714
704	85.0232	85.6804
705	85.0232	86.2877
706	85.0232	87.3867
707	85.0232	86.9358
708	85.0232	89.4907
709	85.0232	87.5128
710	85.0232	86.5731
711	84.514	85.7035
712	84.514	85.5907
713	84.514	85.1074
714	84.514	85.3528
715	84.514	84.6523
716	84.514	85.3253
717	84.514	85.2959
718	84.514	85.2172
719	84.514	85.566
720	84.514	86.6152
721	84.514	85.4496
722	84.514	85.967
723	84.514	84.861
724	84.514	84.5637
725	84.514	84.514
726	84.514	84.514
727	84.514	85.4654
728	84.514	84.7142
729	84.514	84.6273
730	84.514	84.514
731	84.514	84.6134
732	84.514	84.7115
733	84.514	84.53
734	84.514	84.5495
735	84.16	84.5224
736	84.16	84.4502
737	84.16	84.3795
738	84.16	84.2733
739	84.16	84.2025
740	84.16	84.1883
741	84.16	84.16
742	84.16	84.16
743	84.16	84.16
744	84.16	84.16
745	84.16	84.1727
746	84.16	84.16
747	84.16	84.3052
748	84.16	85.23
749	84.16	84.16
750	84.16	84.16
751	84.16	84.16
752	84.16	84.16
753	84.16	84.2559
754	84.16	84.2787
755	84.0455	84.3129
756	83.7783	84.1658
757	83.7783	84.5597
758	83.7783	85.7033
759	83.6638	84.4614
760	83.6638	85.0033
761	83.6638	84.0652
762	82.8714	83.7885
763	82.8714	83.9528
764	82.8714	85.8365
765	82.8714	83.8024
766	82.8714	83.2051
767	82.8714	84.0478
768	82.3081	82.9483
769	82.3081	83.1875
770	82.3081	82.8795
771	82.3081	82.6987
772	82.3081	82.6462
773	82.3081	82.5156
774	82.3081	83.5363
775	82.3081	83.5771
776	82.3081	82.3194
777	82.3081	82.3294
778	82.3081	82.7603
779	82.3081	82.9577
780	82.3081	82.4673
781	82.3081	82.3081
782	82.3081	82.3081
783	82.3081	82.6711
784	82.3081	82.3081
785	82.3081	82.6328
786	82.3081	83.3896
787	82.0629	83.3291
788	81.9286	84.1487
789	81.9286	84.9073
790	81.6834	84.3107
791	81.6834	84.5677
792	81.6834	87.4691
793	81.6834	87.8511
794	81.6834	86.6452
795	81.6834	84.447
796	81.6834	83.2077
797	81.6834	82.0873
798	81.6834	81.7323
799	81.6834	81.8129
800	81.6834	81.7002
801	81.6834	81.6834
802	81.6834	81.6834
803	81.6834	81.6834
804	81.3611	81.6927
805	81.3611	81.7416
806	81.3611	81.5287
807	81.3611	81.4642
808	81.3611	81.5603
809	81.3611	81.5009
810	81.3611	81.7025
811	81.3611	81.7304
812	81.3611	81.6714
813	81.3611	82.6116
814	81.3611	81.9942
815	81.3611	82.4343
816	81.3611	82.5262
817	81.3611	83.2824
818	81.3611	84.8125
819	81.3611	83.3997
820	81.3611	85.3619
821	81.3611	84.4923
822	81.3611	83.4557
823	81.3611	82.2222
824	81.3611	82.8057
825	81.3611	82.161
826	81.3611	81.8804
827	81.3611	81.3611
828	81.3611	81.4492
829	81.3611	81.439
830	81.3611	82.258
831	81.2599	82.0531
832	81.2599	82.0761
833	80.7318	82.4049
834	80.7318	82.8942
835	80.7318	81.7441
836	80.7318	82.5214
837	80.7318	82.6716
838	80.7318	81.5557
839	80.7318	81.0628
840	80.7318	81.3469
841	80.7318	80.9149
842	80.7318	80.9167
843	80.7318	81.0802
844	80.7318	80.9806
845	80.7318	81.2056
846	80.7318	81.0088
847	80.7318	80.8766
848	80.7318	81.2256
849	80.7318	81.2042
850	80.7318	81.4908
851	80.7318	81.194
852	80.7318	81.1712
853	80.7318	80.7978
854	80.7318	80.7352
855	80.7318	80.792
856	80.7318	81.1042
857	80.7318	82.259
858	80.7318	81.5081
859	80.7318	80.7318
860	80.7318	80.8882
861	80.7318	81.083
862	80.7318	81.3394
863	80.7318	81.5957
864	80.7318	81.4308
865	80.7318	80.767
866	80.7318	80.7318
867	80.7318	80.8342
868	80.7318	80.7777
869	80.7318	80.7336
870	80.7318	80.8169
871	80.6591	80.8595
872	80.6591	81.0166
873	80.6591	80.7345
874	80.6591	80.7712
875	80.6591	80.9542
876	80.6591	80.6591
877	80.6591	80.6999
878	80.6591	80.6591
879	80.6591	80.6591
880	80.6591	81.0283
881	80.6591	80.8234
882	80.6591	80.941
883	80.6591	80.9593
884	80.6591	82.3311
885	80.6591	81.7262
886	80.6591	81.0098
887	80.6591	82.1338
888	80.6591	80.8561
889	80.6591	81.0517
890	80.6591	80.9778
891	80.6591	80.9825
892	80.6591	82.2223
893	80.6591	81.3999
894	80.6591	80.9369
895	80.6591	81.5714
896	80.6591	81.2735
897	80.1888	82.0262
898	80.1888	82.1374
899	80.1888	81.5173
900	80.1888	80.4927
901	80.1888	80.9259
902	80.1888	81.4399
903	80.1888	81.7677
904	80.1888	83.3856
905	80.1888	82.8996
906	80.1888	82.4733
907	80.1888	81.8081
908	80.1888	80.3251
909	80.1888	80.31
910	80.1888	80.7651
911	80.1888	81.0484
912	80.1888	80.1888
913	80.1888	80.2669
914	80.1888	80.1888
915	80.1888	80.3305
916	80.1888	80.2447
917	80.1888	80.1888
918	80.1888	80.1888
919	80.0758	80.1865
920	80.0758	80.1752
921	80.0758	80.4158
922	80.0758	80.3956
923	80.0758	80.1627
924	80.0758	80.163
925	80.0758	81.1576
926	80.0758	80.6922
927	79.1861	81.2593
928	79.0443	80.7113
929	79.0443	80.4958
930	78.7565	79.5156
931	78.7565	79.5517
932	78.7565	79.3962
933	78.7565	79.0483
934	78.7565	79.7778
935	78.7565	79.6612
936	78.7565	78.8759
937	78.7565	78.7707
938	78.7565	78.8578
939	78.7565	78.7754
940	78.7565	78.9804
941	78.7565	79.2184
942	78.7565	79.8849
943	78.7565	80.733
944	78.7565	79.7544
945	78.7565	78.9084
946	78.7565	78.8191
947	78.7565	78.7794
948	78.7565	78.8076
949	78.7565	78.7565
950	78.7565	79.5506
951	78.7565	79.7689
952	78.7565	81.8979
953	78.7565	79.7766
954	78.7565	81.5563
955	78.7565	79.9361
956	78.7565	79.0006
957	78.7565	79.0804
958	78.7565	79.5626
959	78.7565	79.6521
960	78.7565	80.0504
961	78.7565	79.105
962	78.7565	79.4033
963	78.7565	79.8835
964	78.7565	80.1804
965	78.7565	79.8339
966	78.7565	79.158
967	78.7565	79.2472
968	78.7565	78.9118
969	78.7565	79.4641
970	78.7565	79.8588
971	78.7565	80.1168
972	78.7565	79.3367
973	78.7565	79.6978
974	78.7565	79.9089
975	78.7565	79.7911
976	78.7565	79.2948
977	78.7565	79.9479
978	78.7565	79.8187
979	78.7565	80.84
980	78.7565	81.3305
981	78.7565	84.1097
982	78.7565	83.2424
983	78.7565	82.1897
984	78.7565	80.9882
985	78.7565	79.7355
986	78.7565	80.5411
987	78.7565	79.0984
988	78.7565	78.8773
989	78.7565	79.7327
990	78.7565	80.0223
991	78.1032	78.9762
992	78.1032	78.7549
993	78.1032	78.5997
994	78.1032	79.0567
995	78.1032	79.2276
996	78.1032	78.2328
997	78.1032	78.1032
998	78.1032	78.1032
999	78.1032	78.1743
1000	78.1032	79.077
1001	78.1032	79.2467
1002	78.1032	78.7637
1003	78.1032	79.1201
1004	78.1032	79.1216
1005	78.1032	78.6614
1006	78.1032	78.3765
1007	78.1032	78.8638
1008	78.1032	79.008
1009	78.1032	78.1387
1010	78.1032	78.1032
1011	78.1032	78.1085
1012	78.1032	78.1032
1013	78.1032	78.1494
1014	78.1032	78.3069
1015	78.1032	78.3806
1016	78.1032	78.2393
1017	78.1032	78.2374
1018	78.1032	78.4939
1019	78.1032	78.2217
1020	78.1032	78.1409
1021	78.1032	78.1032
1022	78.1032	79.0465
1023	78.1032	79.6901
1024	78.1032	79.1544
1025	78.1032	79.0631
1026	78.1032	79.0701
1027	78.1032	79.7142
1028	78.1032	78.8915
1029	78.1032	78.1443
1030	78.1032	78.161
1031	78.1032	78.4791
1032	77.9822	78.1007
1033	77.9822	78.0886
1034	77.9822	78.0572
1035	77.9822	78.2664
1036	77.9822	79.5863
1037	77.9822	78.4508
1038	77.9822	78.3157
1039	77.9822	78.0371
1040	77.9822	78.0276
1041	77.9822	79.4269
1042	77.7734	78.8123
1043	77.7734	78.4577
1044	77.7734	77.8653
1045	77.7734	77.7901
1046	77.7734	77.7734
1047	77.7734	77.7818
1048	77.7734	78.6777
1049	77.7734	79.6488
1050	77.7734	79.8535
1051	77.7734	80.8163
1052	77.7734	80.4662
1053	77.7734	79.1849
1054	77.7734	80.5814
1055	77.7734	80.5267
1056	77.7734	80.359
1057	77.7734	81.9352
1058	77.7734	82.9647
1059	77.7734	79.9038
1060	77.7734	78.5351
1061	77.7734	79.4664
1062	77.7734	78.6533
1063	77.1983	78.0213
1064	77.1983	77.9476
1065	77.1983	77.7816
1066	77.1983	77.7715
1067	77.1983	77.5698
1068	77.1983	79.4416
1069	77.1983	78.2832
1070	77.1983	78.8988
1071	77.1983	79.3131
1072	77.1983	78.1174
1073	77.1983	77.301
1074	77.1983	77.292
1075	77.1983	78.2795
1076	77.1983	79.2374
1077	77.1983	78.7079
1078	77.1983	78.8816
1079	77.1983	78.0153
1080	77.1983	77.8004
1081	77.1983	77.4179
1082	77.1983	77.7947
1083	77.1983	77.3287
1084	77.1983	77.9044
1085	77.1983	77.9073
1086	77.1983	78.3947
1087	77.1983	77.6605
1088	77.1983	77.6977
1089	77.1807	77.6539
1090	77.1807	77.1951
1091	77.1807	77.6023
1092	77.1807	77.2881
1093	77.1807	77.5754
1094	77.1807	77.5926
1095	77.1807	77.1807
1096	77.1807	77.181
1097	77.1807	77.1807
1098	77.1807	77.5382
1099	77.1807	78.1683
1100	77.1807	77.2936
1101	76.3988	78.3553
1102	76.3988	80.4368
1103	76.3988	80.9895
1104	76.3988	79.3764
1105	76.3587	78.5033
1106	76.3587	78.0562
1107	76.3587	77.4416
1108	76.3587	77.714
1109	76.3587	76.5896
1110	76.3587	76.7427
1111	76.3587	77.6498
1112	76.3587	78.0698
1113	76.3587	78.7965
1114	76.3587	76.7805
1115	76.3587	77.0077
1116	76.3587	76.5377
1117	76.3587	76.3773
1118	76.3587	76.419
1119	76.3587	77.0991
1120	76.3587	76.3587
1121	76.3587	76.3587
1122	76.3587	76.3943
1123	76.3587	78.6629
1124	76.3587	77.3357
1125	76.3587	76.3587
1126	76.3587	77.678
1127	76.3587	76.5933
1128	76.3587	77.4652
1129	76.3587	77.1809
1130	76.3587	76.3587
1131	76.3587	77.4634
1132	76.3587	77.2867
1133	76.3587	77.2594
1134	76.3587	76.6324
1135	76.3587	77.0878
1136	76.3587	77.319
1137	76.3587	77.1881
1138	76.3587	77.4478
1139	76.3587	76.3817
1140	76.3587	77.1723
1141	76.3587	77.8622
1142	76.3587	77.3134
1143	76.3587	76.5225
1144	76.3587	77.3371
1145	76.3587	77.3728
1146	76.3587	79.8229
1147	76.3587	77.9508
1148	75.8519	76.6032
1149	75.8519	77.8257
1150	75.8519	76.8684
1151	75.8519	76.1736
1152	75.8519	76.9662
1153	75.8519	76.3125
1154	75.8519	77.5626
1155	75.8519	76.671
1156	75.8519	76.0537
1157	75.8519	76.4268
1158	75.8519	76.0207
1159	75.8519	76.065
1160	75.8519	75.8586
1161	75.8519	76.0741
1162	75.8519	75.8648
1163	75.8519	76.2823
1164	75.8519	76.1942
1165	75.8519	76.7198
1166	75.8519	76.9884
1167	75.8519	76.3395
1168	75.8519	76.4156
1169	75.8519	76.1596
1170	75.8519	76.8304
1171	75.8519	76.1457
1172	75.8519	75.8519
1173	75.8519	75.9835
1174	75.8519	75.9768
1175	75.8519	76.0524
1176	75.8519	76.4025
1177	75.8519	76.6403
1178	75.8519	77.8627
1179	75.8519	81.3827
1180	75.8519	81.6215
1181	75.8519	79.8937
1182	75.8519	79.246
1183	75.8519	77.4957
1184	75.8519	77.9776
1185	75.8519	77.964
1186	75.8519	77.0903
1187	75.8519	76.4014
1188	75.8519	76.2929
1189	75.8519	75.9592
1190	75.8519	75.9342
1191	75.5378	76.1715
1192	75.5378	75.8205
1193	75.5378	75.8017
1194	75.5378	75.7137
1195	75.5378	75.6258
1196	75.5378	75.7382
1197	75.5378	75.8712
1198	75.5378	75.6741
1199	75.5378	75.7814
1200	75.5378	75.5539
1201	75.5378	75.5479
1202	75.5378	75.6759
1203	75.5378	75.9003
1204	75.5378	76.0223
1205	75.5378	75.6216
1206	75.5378	77.5036
1207	75.5378	77.7379
1208	75.5378	77.8137
1209	75.5378	76.1839
1210	75.5378	75.9814
1211	75.5378	75.8639
1212	75.5378	75.6693
1213	75.5378	75.5378
1214	75.5378	75.6232
1215	75.5378	75.7012
1216	75.5378	75.6544
1217	75.5378	75.5445
1218	75.5378	75.5378
1219	75.5378	75.5378
1220	75.5378	76.1893
1221	75.5378	77.1591
1222	75.5378	76.1922
1223	75.5378	75.7016
1224	75.5378	75.8307
1225	75.5378	75.9936
1226	75.5378	76.6887
1227	75.5378	75.89
1228	75.5378	75.9342
1229	75.5378	75.5671
1230	75.5378	75.5722
1231	75.5378	75.7098
1232	75.5378	75.5627
1233	75.5378	75.6124
1234	75.5378	76.1764
1235	75.5378	76.5725
1236	75.5378	77.9083
1237	75.5378	76.3404
1238	75.5378	76.7378
1239	75.5378	75.9517
1240	75.5378	75.9772
1241	75.5378	76.7984
1242	75.5378	76.4364
1243	75.5378	76.2701
1244	75.5378	77.1986
1245	75.5378	76.7598
1246	75.5378	76.1141
1247	75.5378	76.1683
1248	75.5378	75.9008
1249	75.5378	75.9801
1250	75.5378	76.3282
1251	75.5378	76.8735
1252	75.5378	75.6228
1253	75.5378	75.5378
1254	75.5285	75.5376
1255	75.5142	75.7701
1256	75.5142	75.6667
1257	75.5142	77.0369
1258	75.5142	77.1385
1259	75.5142	78.4258
1260	75.5142	77.3593
1261	75.5142	76.6745
1262	75.5142	76.1395
1263	75.5142	75.5253
1264	75.4482	76.2776
1265	75.4482	77.2171
1266	75.4482	75.6405
1267	75.4482	76.2691
1268	75.4482	75.502
1269	75.4482	75.5311
1270	75.4482	76.4968
1271	75.4482	77.4154
1272	75.4482	78.2289
1273	75.4482	78.1297
1274	75.4482	76.1043
1275	75.4482	75.5139
1276	75.4482	75.9259
1277	75.4482	77.1626
1278	75.4482	77.0107
1279	75.4482	76.0414
1280	75.4482	77.1862
1281	75.4482	77.0007
1282	75.4482	77.1522
1283	75.4482	76.1369
1284	75.4482	76.2228
1285	75.4482	75.9603
1286	75.4482	76.2604
1287	75.4482	75.7863
1288	75.4482	75.9987
1289	75.4482	75.7578
1290	75.4482	75.4482
1291	75.4482	75.6013
1292	75.4482	77.5884
1293	75.4482	76.4129
1294	75.4482	76.8585
1295	75.4482	76.0595
1296	75.4482	75.8549
1297	75.4482	76.1409
1298	75.4482	76.3489
1299	75.4482	75.5135
1300	75.4482	75.8147
1301	73.3312	76.658
1302	73.3312	75.6684
1303	73.3312	77.2013
1304	73.3312	75.6236
1305	73.3312	75.2151
1306	73.3312	75.2022
1307	73.3312	73.9615
1308	73.3312	73.4116
1309	73.3312	73.3312
1310	73.3312	73.738
1311	73.3312	73.6764
1312	73.3312	74.0598
1313	73.3312	75.5394
1314	73.3312	74.9274
1315	73.3312	75.8704
1316	73.3312	75.4052
1317	73.3312	75.4103
1318	73.3312	73.9326
1319	73.3312	73.3591
1320	73.3312	73.3312
1321	73.3312	73.4294
1322	73.3312	73.8168
1323	73.3312	74.579
1324	73.3312	75.9634
1325	73.3312	76.8128
1326	73.3312	74.8077
1327	73.0162	74.3019
1328	73.0162	75.6726
1329	73.0162	74.0171
1330	73.0162	73.1611
1331	73.0162	73.1044
1332	73.0162	73.0666
1333	73.0162	73.0173
1334	73.0162	73.6597
1335	73.0162	74.058
1336	73.0162	73.4177
1337	73.0162	73.1637
1338	73.0162	73.7394
1339	73.0162	73.5865
1340	73.0162	74.4721
1341	73.0162	73.909
1342	73.0162	73.9821
1343	73.0162	73.1575
1344	73.0162	73.8041
1345	73.0162	73.0812
1346	73.0162	73.0162
1347	73.0162	73.1134
1348	73.0162	73.0162
1349	73.0162	73.0684
1350	73.0162	73.2971
1351	73.0162	73.5563
1352	73.0162	73.0162
1353	73.0162	73.0162
1354	73.0162	73.0162
1355	73.0162	74.2584
1356	73.0162	74.1577
1357	73.0162	74.677
1358	73.0162	73.5206
1359	73.0162	73.9985
1360	73.0162	73.2019
1361	73.0162	73.0606
1362	73.0162	73.0162
1363	73.0162	73.2619
1364	73.0162	73.8634
1365	73.0162	73.3596
1366	73.0162	74.4166
1367	73.0162	74.454
1368	73.0162	73.1929
1369	73.0162	73.0162
1370	73.0162	73.6183
1371	73.0162	73.4888
1372	73.0162	74.1078
1373	73.0162	73.3469
1374	73.0162	73.499
1375	73.0162	73.0692
1376	73.0162	73.0831
1377	73.0162	73.1033
1378	73.0162	73.2442
1379	73.0162	73.2867
1380	73.0162	73.1375
1381	73.0162	73.0162
1382	73.0162	73.1218
1383	73.0162	73.03
1384	73.0162	73.0162
1385	73.0162	73.0162
1386	73.0162	73.0162
1387	73.0162	73.9002
1388	73.0162	74.5058
1389	73.0162	74.0398
1390	73.0162	73.8993
1391	73.0162	74.8114
1392	73.0162	75.2337
1393	73.0162	75.5963
1394	73.0162	73.6184
1395	73.0162	73.3629
1396	73.0162	73.3518
1397	73.0162	73.6402
1398	73.0162	74.5469
1399	73.0162	76.2876
1400	73.0162	74.4308
1401	72.9906	73.5738
1402	72.9906	74.0949
1403	72.9906	74.3645
1404	72.9906	73.123
1405	72.9906	73.3022
1406	72.9906	73.3388
1407	72.9906	73.6286
1408	72.9906	72.9906
1409	72.9906	72.9906
1410	72.9906	72.9906
1411	72.9906	74.831
1412	72.9906	75.8406
1413	72.9906	75.9398
1414	72.9906	75.7323
1415	72.9906	75.5194
1416	72.9906	76.2395
1417	72.9906	75.8554
1418	72.9906	75.8584
1419	72.9906	74.4378
1420	72.9906	74.1769
1421	72.9906	73.6519
1422	72.9906	73.0845
1423	72.9906	73.235
1424	72.9906	73.355
1425	72.9906	72.9906
1426	72.2517	73.1002
1427	72.2517	73.181
1428	72.2517	73.3241
1429	72.2517	73.1177
1430	72.2517	72.7762
1431	72.2517	75.098
1432	72.2517	74.1742
1433	72.2517	73.9799
1434	72.2517	73.7718
1435	72.2517	73.048
1436	72.2517	73.2649
1437	72.2517	73.0049
1438	72.2517	73.6193
1439	72.2517	73.3183
1440	72.2517	72.266
1441	72.2517	72.2517
1442	72.2517	72.3616
1443	72.2517	72.7065
1444	72.2517	72.9456
1445	72.2517	72.6795
1446	72.2517	74.6682
1447	72.2517	73.4907
1448	72.2517	73.4111
1449	72.2517	73.8638
1450	72.2517	73.0356
1451	72.2517	72.5942
1452	72.2517	72.5054
1453	72.2517	72.2517
1454	72.2517	72.2517
1455	72.2517	73.9712
1456	72.2517	73.1981
1457	72.2517	72.6475
1458	72.2517	72.4162
1459	72.2517	72.3478
1460	72.2517	72.2517
1461	72.2517	72.3692
1462	72.2517	72.7977
1463	72.2517	73.1932
1464	72.2517	73.8731
1465	72.2517	75.0518
1466	72.2517	73.7206
1467	72.2517	74.179
1468	72.2517	73.5883
1469	72.2517	72.2517
1470	72.2517	72.374
1471	72.2517	72.6873
1472	72.2517	73.0417
1473	72.2517	73.0916
1474	72.2517	73.2407
1475	72.2517	72.5597
1476	72.2517	72.4811
1477	72.2517	72.4117
1478	72.2517	73.0393
1479	72.2517	73.0767
1480	72.2517	72.259
1481	72.2517	74.4228
1482	72.2517	73.2519
1483	72.2517	72.7
1484	72.2517	72.4097
1485	72.2517	72.653
1486	72.2517	72.2517
1487	72.2517	73.3305
1488	72.2517	73.1215
1489	72.2517	72.8511
1490	72.2517	74.4512
1491	71.987	73.8685
1492	71.987	73.8423
1493	71.987	72.3447
1494	71.987	72.2523
1495	71.987	72.0082
1496	71.987	72.0606
1497	71.987	72.1284
1498	71.987	71.987
1499	71.987	72.0557
1500	71.987	72.1123
1501	71.987	71.987
1502	71.987	72.837
1503	71.987	73.4895
1504	71.987	74.2359
1505	71.987	74.0199
1506	71.987	72.3651
1507	71.987	72.3551
1508	71.987	73.5968
1509	71.987	73.1358
1510	71.987	72.5707
1511	71.987	72.8592
1512	71.987	72.6001
1513	71.987	73.9766
1514	71.987	74.5525
1515	71.987	73.8195
1516	71.987	73.7959
1517	71.987	73.5661
1518	71.987	73.0435
1519	71.987	72.4995
1520	71.987	72.4766
1521	71.987	73.5185
1522	71.987	72.135
1523	71.987	72.8066
1524	71.987	74.571
1525	71.987	72.8759
1526	71.987	72.7981
1527	71.987	73.3946
1528	71.987	72.3693
1529	71.987	72.3825
1530	71.987	72.1678
1531	71.987	72.617
1532	71.987	73.4705
1533	71.987	72.7172
1534	71.987	73.4677
1535	71.987	73.5244
1536	71.987	73.8467
1537	71.987	72.3689
1538	71.987	73.5795
1539	71.987	72.3425
1540	71.987	72.787
1541	71.987	73.0055
1542	71.987	72.132
1543	71.987	72.0858
1544	71.987	72.2049
1545	71.987	72.0476
1546	71.987	73.4397
1547	71.987	73.8261
1548	71.987	73.3488
1549	71.987	73.3126
1550	71.987	72.7733
1551	71.987	72.6118
1552	71.987	72.6871
1553	71.987	71.987
1554	71.987	72.0363
1555	71.987	71.987
1556	71.987	72.1914
1557	71.987	72.0083
1558	71.987	73.3745
1559	71.987	73.0627
1560	71.987	71.987
1561	71.987	73.6401
1562	71.987	72.6149
1563	71.987	72.7248
1564	71.987	73.8582
1565	71.987	75.2245
1566	71.987	73.7211
1567	71.987	73.0876
1568	71.987	72.3925
1569	71.987	72.9672
1570	71.987	73.0112
1571	71.987	72.5113
1572	71.987	75.9784
1573	71.987	73.2858
1574	71.987	73.8064
1575	71.987	72.8729
1576	71.987	75.2446
1577	71.987	74.1004
1578	71.987	72.3309
1579	71.987	73.0623
1580	71.987	72.6244
1581	71.987	72.1359
1582	71.987	72.0857
1583	71.987	72.4847
1584	71.987	72.462
1585	71.987	71.987
1586	71.987	72.6185
1587	71.987	72.8518
1588	71.987	72.7128
1589	71.987	73.7744
1590	71.987	73.8642
1591	71.987	74.3606
1592	71.987	73.5281
1593	71.987	72.3856
1594	71.987	72.425
1595	71.987	72.0952
1596	71.987	72.6957
1597	71.987	71.987
1598	71.987	71.9905
1599	71.987	72.3098
1600	71.987	73.0836
1601	71.4706	74.2617
1602	71.4706	73.4304
1603	70.9592	73.8584
1604	70.7437	74.8929
1605	70.7437	75.4881
1606	70.7437	75.1496
1607	70.7437	74.9838
1608	70.7437	73.878
1609	70.7437	73.7586
1610	70.7437	71.6026
1611	70.7437	74.1317
1612	70.7437	73.8684
1613	70.7437	73.8533
1614	70.7437	72.0857
1615	70.7437	70.7437
1616	70.7437	70.7437
1617	70.7437	71.0583
1618	70.7437	72.384
1619	70.7437	72.1031
1620	70.7437	70.9841
1621	70.7437	72.5695
1622	70.7437	73.1059
1623	70.7437	72.8561
1624	70.7437	72.3829
1625	70.7437	74.4234
1626	70.7437	73.0724
1627	70.7437	72.9018
1628	70.7437	73.9506
1629	70.7437	73.9784
1630	70.7437	71.4826
1631	70.7437	72.8244
1632	70.7437	72.3145
1633	70.7437	71.3606
1634	70.7437	71.4641
1635	70.7437	71.8269
1636	70.7437	71.3492
1637	70.7437	73.3412
1638	70.7437	71.04
1639	70.7437	70.9396
1640	70.7437	70.9929
1641	70.7437	72.0316
1642	70.7437	71.5986
1643	70.7437	70.8932
1644	70.7437	70.7437
1645	70.7437	70.9492
1646	70.7437	71.8852
1647	70.7437	71.2912
1648	70.7437	70.8708
1649	70.7437	70.8648
1650	70.7437	70.7437
1651	70.7437	70.7437
1652	70.7437	70.7437
1653	70.7437	70.7437
1654	70.7437	70.9407
1655	70.7437	70.7437
1656	70.7437	70.7437
1657	70.7437	70.7437
1658	70.7437	70.7792
1659	70.7437	71.1243
1660	70.7437	70.8657
1661	70.7437	70.7437
1662	70.7437	70.7437
1663	70.7437	70.7437
1664	70.7437	70.7478
1665	70.7437	70.7437
1666	70.7437	70.8892
1667	70.7437	72.3647
1668	70.7437	72.5757
1669	70.7437	71.2115
1670	70.7437	71.0415
1671	70.7437	70.7916
1672	70.7437	71.8104
1673	70.7437	71.6999
1674	70.7437	70.8844
1675	70.7437	70.9584
1676	70.7437	70.7626
1677	70.7437	71.5766
1678	70.7437	71.0021
1679	70.7437	71.1967
1680	70.7437	71.0211
1681	70.7437	70.7437
1682	70.7437	70.7437
1683	70.7437	70.7437
1684	70.7437	70.7437
1685	70.7437	70.7437
1686	70.7437	71.2718
1687	70.7437	71.6874
1688	70.7437	71.1993
1689	70.7437	71.3116
1690	70.7437	70.7437
1691	70.7437	70.7893
1692	70.7437	71.2337
1693	70.7437	70.7437
1694	70.7437	71.381
1695	70.7437	70.7437
1696	70.7437	70.8947
1697	70.7437	72.2288
1698	70.7437	73.1148
1699	70.7437	74.3904
1700	70.7437	73.2273
1701	70.7437	71.5892
1702	70.7437	70.8708
1703	70.7437	70.7437
1704	70.7437	71.4922
1705	70.7437	72.2619
1706	70.7437	71.5343
1707	70.7437	71.8937
1708	70.7437	72.0371
1709	70.7437	72.2854
1710	70.7437	70.7437
1711	70.7437	70.7437
1712	70.7437	71.0928
1713	70.7437	71.1919
1714	70.7437	72.167
1715	70.7437	71.9631
1716	70.7437	71.5411
1717	70.7437	71.41
1718	70.7437	71.86
1719	70.7437	71.3628
1720	70.7437	71.0696
1721	70.7437	70.9664
1722	70.7437	70.7437
1723	70.7437	70.7437
1724	70.7437	70.7437
1725	70.7437	70.8514
1726	70.7437	70.9637
1727	70.7437	70.9548
1728	70.7437	71.2304
1729	70.7437	72.5645
1730	70.7437	71.5215
1731	70.7437	72.569
1732	70.7437	71.2304
1733	70.7437	71.1341
1734	70.7437	70.7437
1735	70.7437	70.7437
1736	70.7437	70.794
1737	70.7437	71.9372
1738	70.7437	71.6421
1739	70.7437	71.9185
1740	70.7437	70.9816
1741	70.7437	70.7776
1742	70.7437	70.7529
1743	70.7437	71.7576
1744	70.7437	71.1416
1745	70.7437	71.2005
1746	70.7437	70.7552
1747	70.7437	70.7585
1748	70.7437	70.895
1749	70.7437	70.7798
1750	70.7437	70.8992
1751	70.7437	70.8838
1752	70.7437	71.9586
1753	70.7437	72.2189
1754	70.7437	71.3347
1755	70.7437	71.4164
1756	70.7437	71.409
1757	70.7437	71.2608
1758	70.7437	71.2759
1759	70.7437	70.7635
1760	70.7437	70.7501
1761	70.7437	70.758
1762	70.7437	70.7437
1763	70.7437	71.2486
1764	70.7437	70.9418
1765	70.7437	71.2626
1766	70.7437	71.7167
1767	70.7437	72.5003
1768	70.7437	71.2339
1769	70.7437	72.6513
1770	70.7437	71.5633
1771	70.7437	71.244
1772	70.7437	71.0946
1773	70.7437	71.3029
1774	70.7437	71.1156
1775	70.7437	71.688
1776	70.7437	72.667
1777	70.7437	71.7554
1778	70.7437	71.2248
1779	70.7437	70.769
1780	70.7437	71.1317
1781	70.7437	71.3718
1782	70.7437	71.2141
1783	70.7437	71.6544
1784	70.7437	72.5943
1785	70.7437	73.1161
1786	70.7437	71.3428
1787	70.7437	71.2198
1788	70.7437	70.7742
1789	70.7437	70.8264
1790	70.7437	70.758
1791	70.7437	70.7437
1792	70.7437	70.7437
1793	70.7437	70.7437
1794	70.7437	70.8896
1795	70.7437	71.9883
1796	70.7437	72.7073
1797	70.7437	72.0392
1798	70.7437	71.0836
1799	70.7437	70.9124
1800	70.7437	70.9506
1801	70.5685	70.7352
1802	70.5685	71.8463
1803	70.5685	71.7948
1804	70.1282	71.4172
1805	70.1282	71.3022
1806	70.1282	70.9109
1807	70.1282	70.9019
1808	70.1282	71.9587
1809	70.1282	71.0809
1810	70.1282	70.4752
1811	70.1282	70.5934
1812	70.1282	70.858
1813	70.1282	70.5971
1814	70.1282	71.5929
1815	70.1282	72.348
1816	70.1282	71.1492
1817	70.1282	71.8757
1818	70.1282	72.0645
1819	70.1282	71.8286
1820	70.1282	70.8036
1821	70.1282	70.1282
1822	70.1282	70.2007
1823	70.1282	70.2906
1824	70.1282	70.1282
1825	70.1282	70.1282
1826	70.1282	70.351
1827	70.1282	70.5654
1828	70.1282	71.3083
1829	70.1282	71.1366
1830	70.1282	71.7582
1831	70.1282	71.9484
1832	70.1282	70.5873
1833	70.1282	70.8231
1834	70.1282	71.439
1835	70.1282	70.7989
1836	70.1282	70.5268
1837	70.1282	70.1282
1838	70.1282	71.0441
1839	70.1282	70.3973
1840	70.1282	70.1326
1841	70.1282	70.1282
1842	70.1282	70.1282
1843	70.1282	70.1282
1844	70.1282	70.1282
1845	70.1282	70.6511
1846	70.1282	71.0625
1847	70.1282	72.4115
1848	70.1282	71.9234
1849	70.1282	70.3184
1850	69.984	70.8474
1851	69.984	72.6176
1852	69.984	71.679
1853	69.984	73.1947
1854	69.984	72.984
1855	69.984	72.663
1856	69.984	76.1493
1857	69.984	74.1707
1858	69.984	71.7695
1859	69.984	70.5816
1860	69.984	69.9841
1861	69.984	70.0979
1862	69.984	70.0121
1863	69.984	70.2477
1864	69.984	70.0769
1865	69.984	70.7996
1866	69.984	71.0977
1867	69.984	70.8559
1868	69.984	72.1514
1869	69.984	71.1862
1870	69.984	70.7457
1871	69.984	70.7183
1872	69.984	70.5871
1873	69.984	70.4686
1874	69.984	70.2471
1875	69.984	70.2498
1876	69.984	70.6156
1877	69.984	70.7766
1878	69.984	71.4911
1879	69.984	70.8788
1880	69.984	70.3628
1881	69.984	71.4888
1882	69.984	70.2931
1883	69.984	70.0144
1884	69.984	70.2636
1885	69.984	70.1476
1886	69.984	70.0518
1887	69.984	70.5507
1888	69.984	70.78
1889	69.984	70.3036
1890	69.984	70.0451
1891	69.984	70.4746
1892	69.984	70.0352
1893	69.984	70.5519
1894	69.984	69.984
1895	69.984	69.984
1896	69.984	69.984
1897	69.984	69.984
1898	69.984	69.984
1899	69.984	69.9841
1900	69.984	69.984
1901	69.984	70.0821
1902	69.984	69.984
1903	69.984	70.1355
1904	69.984	70.898
1905	69.984	71.566
1906	69.984	70.8486
1907	69.984	71.0837
1908	69.984	70.8977
1909	69.984	70.4582
1910	69.984	70.4371
1911	69.984	71.755
1912	69.984	71.0184
1913	69.984	70.7816
1914	69.984	71.1759
1915	69.984	70.6839
1916	69.984	69.984
1917	69.984	70.4549
1918	69.984	70.1419
1919	69.984	70.553
1920	69.984	69.9945
1921	69.984	70.03
1922	69.984	70.2993
1923	69.984	70.0856
1924	69.984	70.8173
1925	69.984	71.0949
1926	69.984	70.935
1927	69.984	70.8032
1928	69.984	71.4508
1929	69.984	70.5074
1930	69.984	70.2416
1931	69.984	70.0338
1932	69.984	70.1682
1933	69.984	70.4609
1934	69.984	70.3531
1935	69.984	70.4171
1936	69.984	69.984
1937	69.984	70.0782
1938	69.984	70.1725
1939	69.984	70.0317
1940	69.984	70.033
1941	69.984	70.1085
1942	69.984	69.984
1943	69.984	70.2214
1944	69.984	69.984
1945	69.984	70.1636
1946	69.984	71.6056
1947	69.984	71.436
1948	69.984	71.6147
1949	69.984	72.5064
1950	69.984	71.2937
1951	69.984	70.4197
1952	69.984	71.6632
1953	69.984	71.2674
1954	69.984	70.2555
1955	69.984	70.2006
1956	69.984	70.4185
1957	69.984	70.3187
1958	69.984	70.1437
1959	69.984	70.0012
1960	69.984	70.2459
1961	69.984	70.1278
1962	69.984	70.9269
1963	69.984	70.7385
1964	69.984	70.1586
1965	69.984	70.1623
1966	69.984	70.4387
1967	69.984	71.1344
1968	69.984	70.0221
1969	69.984	71.4642
1970	69.984	72.8629
1971	69.984	71.08
1972	69.984	70.0214
1973	69.984	70.3195
1974	69.984	70.3372
1975	69.984	71.4164
1976	69.984	72.7482
1977	69.984	70.5946
1978	69.984	70.6291
1979	69.984	70.8657
1980	69.984	71.1385
1981	69.984	71.3759
1982	69.984	69.984
1983	69.984	70.3295
1984	69.984	70.9756
1985	69.984	70.1088
1986	69.984	70.6147
1987	69.984	69.984
1988	69.984	69.984
1989	69.984	72.1565
1990	69.984	70.9088
1991	69.984	70.1525
1992	69.984	69.984
1993	69.984	69.984
1994	69.984	70.1504
1995	69.984	69.984
1996	69.984	70.7819
1997	69.984	71.9014
1998	69.984	71.1008
1999	69.984	70.8938
2000	69.984	70.553
2001	69.984	71.6839
2002	69.984	71.0053
2003	69.984	70.2613
2004	69.7859	70.1016
2005	69.7859	70.8503
2006	69.6417	71.3822
2007	69.6417	71.2248
2008	69.6417	70.8027
2009	69.6417	71.3774
2010	69.6417	71.9375
2011	69.6417	72.3217
2012	69.6417	70.1625
2013	69.6417	69.6446
2014	69.6417	69.6417
2015	69.6417	69.6417
2016	69.6417	69.6417
2017	69.6417	70.433
2018	69.6417	70.4468
2019	69.6417	70.0598
2020	69.6417	70.1192
2021	69.6417	69.734
2022	69.6417	69.6933
2023	69.6417	69.6829
2024	69.6417	69.6417
2025	69.6417	69.6417
2026	69.6417	69.8897
2027	69.6417	69.856
2028	69.6417	69.9968
2029	69.6417	69.88
2030	69.6417	69.7372
2031	69.6417	69.6417
2032	69.6417	69.7168
2033	69.6417	69.6417
2034	69.6417	69.6417
2035	69.6417	69.6417
2036	69.6417	69.6417
2037	69.6417	69.6417
2038	69.6417	69.6417
2039	69.6417	69.6417
2040	69.6417	70.1375
2041	69.6417	70.463
2042	69.6417	69.9697
2043	69.6417	70.2245
2044	69.6417	69.7167
2045	69.6417	69.7432
2046	69.6417	69.8709
2047	69.6417	69.6864
2048	69.6417	69.8259
2049	69.6417	70.3613
2050	69.6417	70.0409
2051	69.6417	69.9762
2052	69.6417	70.7042
2053	69.6417	70.593
2054	69.6417	71.6609
2055	69.6417	70.6084
2056	69.6417	69.6417
2057	69.6417	69.6417
2058	69.6417	69.745
2059	69.6417	69.7305
2060	69.6417	69.6647
2061	69.6417	70.3732
2062	69.6417	70.2309
2063	69.6417	70.9324
2064	69.6417	70.033
2065	69.6417	69.6417
2066	69.6417	69.9752
2067	69.6417	70.0575
2068	69.6417	70.0617
2069	69.6417	70.0251
2070	69.6417	70.0513
2071	69.6417	69.6417
2072	69.6417	69.6417
2073	69.6417	69.7132
2074	69.6417	69.9424
2075	69.6417	70.137
2076	69.6417	69.8085
2077	69.6417	69.6561
2078	69.6417	69.7492
2079	69.6417	69.6417
2080	69.6417	69.8466
2081	69.6417	70.9809
2082	69.6417	70.0788
2083	69.6417	71.1459
2084	69.6417	73.5022
2085	69.6417	71.5527
2086	69.6417	71.3663
2087	69.6417	70.9511
2088	69.6417	70.2857
2089	69.6417	70.7544
2090	69.6417	69.6994
2091	69.6417	70.128
2092	69.6417	69.6606
2093	69.6417	69.6417
2094	69.6417	69.6417
2095	69.6417	69.8358
2096	69.6417	69.9667
2097	69.6417	70.9107
2098	69.6417	70.3622
2099	69.6417	70.0927
2100	69.6417	69.9006
2101	69.6417	70.6252
2102	69.6417	70.2436
2103	69.6417	70.0586
2104	69.6417	70.0068
2105	69.6417	69.9556
2106	69.6417	71.0845
2107	69.5835	70.5507
2108	69.5835	70.1881
2109	69.5835	69.7419
2110	69.423	70.6631
2111	69.423	69.6671
2112	69.423	69.6837
2113	69.423	70.096
2114	69.423	70.2664
2115	69.423	70.2252
2116	69.423	69.7407
2117	69.423	70.4035
2118	69.423	71.4168
2119	69.423	70.4612
2120	69.423	71.6404
2121	69.423	69.9285
2122	69.423	70.6026
2123	69.423	69.9359
2124	69.423	70.4323
2125	69.423	71.8556
2126	69.423	70.7638
2127	69.423	69.5992
2128	69.423	69.423
2129	69.423	69.4595
2130	69.423	70.1034
2131	69.423	73.0982
2132	69.423	72.4001
2133	69.423	71.263
2134	69.423	69.8671
2135	69.423	69.6662
2136	69.423	69.9548
2137	69.423	69.5012
2138	69.423	69.423
2139	69.423	69.423
2140	69.423	69.423
2141	69.423	71.5276
2142	69.423	70.1967
2143	69.423	70.2181
2144	69.423	69.9649
2145	69.423	69.7224
2146	69.423	70.6576
2147	69.423	69.7105
2148	69.423	69.423
2149	69.423	69.7164
2150	69.423	70.0866
2151	69.423	69.423
2152	69.423	69.423
2153	69.423	69.5625
2154	69.423	69.5315
2155	69.423	70.1769
2156	69.423	69.4906
2157	69.423	69.9549
2158	69.423	70.0178
2159	69.423	71.0713
2160	69.423	69.8569
2161	69.423	69.6457
2162	69.423	69.7837
2163	69.423	69.423
2164	69.423	69.5641
2165	69.423	69.423
2166	69.423	69.7469
2167	69.423	69.4627
2168	69.423	69.5912
2169	69.423	69.5904
2170	69.423	69.9323
2171	69.423	70.8877
2172	69.423	70.5719
2173	69.423	69.463
2174	69.423	69.5492
2175	69.423	69.526
2176	69.423	69.423
2177	69.423	69.7674
2178	69.423	70.9688
2179	69.423	72.1975
2180	69.423	73.123
2181	69.423	70.3403
2182	69.423	70.41
2183	69.423	70.3613
2184	69.423	70.0401
2185	69.423	69.9324
2186	69.423	71.8746
2187	69.423	71.3432
2188	69.423	70.4499
2189	69.423	70.8263
2190	69.423	71.044
2191	69.423	72.1081
2192	69.423	71.1399
2193	69.423	71.2486
2194	69.423	71.216
2195	69.423	70.711
2196	69.423	70.0874
2197	69.423	70.9412
2198	69.423	70.7831
2199	69.423	70.3346
2200	69.423	70.4789
2201	69.423	70.068
2202	69.423	72.4611
2203	69.423	71.4751
2204	69.423	70.4455
2205	69.423	70.0322
2206	69.423	71.172
2207	69.423	70.6104
2208	69.423	69.6722
2209	69.423	70.3882
2210	69.423	70.6956
2211	69.423	71.132
2212	69.423	71.0422
2213	69.423	71.0986
2214	69.423	70.8839
2215	69.423	72.0627
2216	69.423	70.5171
2217	69.423	69.5614
2218	69.423	69.7857
2219	69.423	70.165
2220	69.423	70.0148
2221	69.423	69.8784
2222	69.423	69.6472
2223	69.3745	69.835
2224	69.3745	69.5765
2225	69.3745	70.0373
2226	69.3745	69.6065
2227	69.3745	69.4183
2228	69.3745	69.3745
2229	69.3745	69.3745
2230	69.3745	69.4816
2231	69.3745	69.8255
2232	69.3745	69.9466
2233	69.3745	69.531
2234	69.3745	69.4277
2235	69.3745	69.8194
2236	69.3745	69.4795
2237	69.3745	70.132
2238	69.3745	70.737
2239	69.3745	70.9225
2240	69.3745	70.9504
2241	69.3745	71.7275
2242	69.3745	70.8457
2243	69.3745	70.0833
2244	69.3745	71.2558
2245	69.3745	69.8227
2246	69.3745	71.5239
2247	69.3745	69.6611
2248	69.3745	69.3745
2249	69.3745	69.3745
2250	69.3745	69.3745
2251	69.3745	69.3745
2252	69.3745	69.3745
2253	69.3745	69.4058
2254	69.3745	69.3745
2255	69.3745	69.3745
2256	69.3745	69.7884
2257	69.3745	69.6126
2258	69.3745	69.4195
2259	69.3745	69.4061
2260	69.3745	69.4854
2261	69.3745	69.4329
2262	69.3745	71.2802
2263	69.3745	70.1135
2264	69.3745	69.9624
2265	69.3745	70.3771
2266	69.3745	70.004
2267	69.3745	69.5328
2268	69.3745	70.2857
2269	69.3745	70.5127
2270	69.3745	70.0364
2271	69.3745	70.0092
2272	69.3745	69.4759
2273	69.3745	69.3745
2274	69.3745	69.3745
2275	69.3745	69.552
2276	69.3745	69.453
2277	69.3745	69.9368
2278	69.3745	70.1425
2279	69.3745	69.6814
2280	69.3745	70.8741
2281	67.8765	70.2148
2282	67.8765	70.1228
2283	67.8765	69.1251
2284	67.8765	69.8112
2285	67.8765	69.1491
2286	67.8765	69.0909
2287	67.8765	69.8302
2288	67.8765	68.4977
2289	67.8765	68.9713
2290	67.8765	68.4801
2291	67.8765	68.8784
2292	67.8765	68.8835
2293	67.8765	67.8765
2294	67.8765	68.0425
2295	67.8765	67.8765
2296	67.8765	68.9029
2297	67.8765	68.5746
2298	67.8765	68.1027
2299	67.8765	68.7831
2300	67.8765	69.3931
2301	67.8765	68.8833
2302	67.8765	68.2973
2303	67.8765	67.9548
2304	67.8765	69.1927
2305	67.8765	68.3628
2306	67.8765	68.2414
2307	67.8765	68.3469
2308	67.8765	68.434
2309	67.8765	69.1584
2310	67.8765	68.2471
2311	67.8765	68.2124
2312	67.8765	68.0355
2313	67.8765	68.2661
2314	67.6601	67.8721
2315	67.6601	68.1384
2316	67.6601	67.9691
2317	67.6601	68.2336
2318	67.6601	68.8273
2319	67.6601	68.8702
2320	67.6601	69.2729
2321	67.6601	70.1091
2322	67.6601	69.4211
2323	67.6601	69.8521
2324	67.6601	68.8674
2325	67.6601	69.0276
2326	67.6601	68.6597
2327	67.6601	69.7627
2328	67.6601	68.5668
2329	67.6601	68.1811
2330	67.6601	67.714
2331	67.6601	68.1031
2332	67.6601	67.9264
2333	67.6601	67.6601
2334	67.6601	68.025
2335	67.6601	67.6601
2336	67.6601	68.3036
2337	67.6601	68.0955
2338	67.6601	68.6139
2339	67.6601	67.6747
2340	67.6601	67.6601
2341	67.6601	68.5667
2342	67.6601	68.4686
2343	67.6601	68.249
2344	67.6601	67.8517
2345	67.6601	68.0209
2346	67.6601	67.6601
2347	67.6601	68.3395
2348	67.6601	67.9727
2349	67.6601	70.0901
2350	67.6601	68.8717
2351	67.6601	70.0079
2352	67.6601	68.3949
2353	67.6601	70.3562
2354	67.6601	71.3797
2355	67.6601	69.9151
2356	67.6601	69.8302
2357	67.6601	71.9082
2358	67.6601	69.2531
2359	67.6601	68.2132
2360	67.6601	68.4179
2361	67.6601	67.6601
2362	67.6601	68.1289
2363	67.6601	67.9546
2364	67.6601	68.388
2365	67.6601	67.883
2366	67.6601	67.7278
2367	67.6601	67.7471
2368	67.6601	67.8881
2369	67.6601	70.2104
2370	67.6601	70.5786
2371	67.6601	70.462
2372	67.6601	69.2191
2373	67.6601	72.4519
2374	67.6601	71.3067
2375	67.6601	70.2395
2376	67.6601	70.7764
2377	67.6601	69.3538
2378	67.6601	69.5278
2379	67.6601	69.2646
2380	67.6601	69.9579
2381	67.6601	68.2896
2382	67.6601	67.6601
2383	67.6601	67.684
2384	67.6601	68.0058
2385	67.6601	68.2445
2386	67.6601	67.8286
2387	67.6601	67.6601
2388	67.6601	67.6601
2389	67.6601	68.2506
2390	67.6601	68.6241
2391	67.6601	68.9341
2392	67.6601	70.5838
2393	67.6601	67.8107
2394	67.6601	68.4554
2395	67.6601	68.01
2396	67.6601	67.9458
2397	67.6601	68.0466
2398	67.6601	67.6728
2399	67.6601	67.6601
2400	67.6601	67.6757
2401	67.6601	67.7091
2402	67.6601	68.2688
2403	67.6601	68.6275
2404	67.6601	67.8687
2405	67.6601	67.9494
2406	67.6601	67.7694
2407	67.6601	67.6601
2408	67.6601	67.6611
2409	67.6601	68.3132
2410	67.6601	67.6791
2411	67.6601	67.8074
2412	67.6601	67.6601
2413	67.6601	67.7986
2414	67.6601	67.7794
2415	67.6601	68.3001
2416	67.6601	67.8961
2417	67.6601	68.917
2418	67.6601	67.7986
2419	67.6601	67.6601
2420	67.6601	67.6601
2421	67.6601	67.7579
2422	67.6601	67.6601
2423	67.6601	67.6601
2424	67.6601	67.6601
2425	67.6601	67.6943
2426	67.6601	67.6601
2427	67.6601	67.6601
2428	67.6601	67.6601
2429	67.6601	67.7125
2430	67.6601	67.6601
2431	67.6601	67.6601
2432	67.6601	67.953
2433	67.6601	68.6094
2434	67.6601	68.8077
2435	67.6601	67.798
2436	67.6601	67.9197
2437	67.6601	67.899
2438	67.6601	67.8845
2439	67.6601	68.9176
2440	67.6601	68.2545
2441	67.6601	68.2285
2442	67.6601	68.3912
2443	67.6601	68.9519
2444	67.6601	69.8163
2445	67.6601	68.7209
2446	67.6601	70.2262
2447	67.6601	69.7435
2448	67.6601	69.2631
2449	67.6601	68.4232
2450	67.6601	67.6601
2451	67.6601	68.0845
2452	67.6601	67.7367
2453	67.6601	67.735
2454	67.6601	67.6938
2455	67.6601	67.6601
2456	67.6601	68.0146
2457	67.6431	67.8037
2458	67.6431	67.6584
2459	67.6431	67.7417
2460	67.6431	67.8075
2461	67.6431	67.6468
2462	67.6431	67.7123
2463	67.6431	67.7252
2464	67.6431	67.6431
2465	67.6431	68.0963
2466	67.6431	67.8936
2467	67.6431	70.3165
2468	67.6431	68.9621
2469	67.6431	67.6431
2470	67.6431	67.674
2471	67.6431	68.0193
2472	67.6431	68.1425
2473	67.6431	67.6431
2474	67.6431	67.6431
2475	67.6431	69.3258
2476	67.6431	69.4737
2477	67.6431	68.8819
2478	67.6431	70.5952
2479	67.6431	69.9915
2480	67.6431	68.1207
2481	67.6431	68.5305
2482	67.6431	67.9247
2483	67.6431	67.6431
2484	67.6431	67.6431
2485	67.6431	67.7305
2486	67.6431	67.6431
2487	67.6431	68.2478
2488	67.6431	69.1983
2489	67.6431	68.8616
2490	67.6431	68.5936
2491	67.6431	67.9733
2492	67.6431	69.4218
2493	67.6431	68.3338
2494	67.6431	67.7289
2495	67.6431	67.7557
2496	67.6431	67.8552
2497	67.6431	68.0869
2498	67.6431	68.0846
2499	67.6431	68.7662
2500	67.6431	68.2426
2501	67.6431	68.6083
2502	67.6431	68.3108
2503	67.6431	69.4331
2504	67.6431	69.5838
2505	67.6431	68.6073
2506	67.6431	68.2327
2507	67.6431	68.0693
2508	67.6431	68.0795
2509	67.6431	68.1563
2510	67.6431	68.0797
2511	67.6431	68.7569
2512	67.6431	68.8443
2513	67.6431	67.6812
2514	67.6431	67.6489
2515	67.6431	67.7428
2516	67.6431	67.6658
2517	67.6431	67.7216
2518	67.6431	67.6534
2519	67.6431	67.6431
2520	67.6431	67.6742
2521	67.6431	67.6939
2522	67.6431	68.0948
2523	67.6431	68.24
2524	67.6431	68.1179
2525	67.6431	69.6141
2526	67.6431	68.0044
2527	67.6431	67.78
2528	67.6431	68.7848
2529	67.6431	69.2062
2530	67.6431	68.6112
2531	67.6431	68.4158
2532	67.6431	68.7317
2533	67.6431	68.386
2534	67.6431	67.9699
2535	67.6431	67.6431
2536	67.6431	67.768
2537	67.6431	67.8887
2538	67.6431	68.6429
2539	67.6431	68.8963
2540	67.6431	69.3972
2541	67.6431	68.9567
2542	67.6431	67.8834
2543	67.5774	67.7386
2544	67.5774	67.6343
2545	67.5774	67.9936
2546	67.5774	68.8234
2547	67.5774	68.2228
2548	67.5774	67.629
2549	67.5774	68.0435
2550	67.5774	68.418
2551	67.5774	67.5945
2552	67.5774	67.5774
2553	67.5774	67.5774
2554	67.5774	67.9415
2555	67.5774	67.5774
2556	67.5774	67.6986
2557	67.5774	68.0691
2558	67.5774	67.9925
2559	67.5774	69.3065
2560	67.5774	69.0586
2561	67.5774	70.5618
2562	67.5774	70.6011
2563	67.5774	69.079
2564	67.5774	67.6592
2565	67.5774	67.5774
2566	67.5774	67.7292
2567	67.5774	67.6122
2568	67.5774	68.8917
2569	67.5774	69.502
2570	67.5774	68.3045
2571	67.5774	68.1218
2572	67.5774	67.7303
2573	67.5774	67.9171
2574	67.5774	68.1916
2575	67.5774	69.1116
2576	67.5774	68.6841
2577	67.5774	67.8053
2578	67.5774	68.0837
2579	67.5774	70.232
2580	67.5774	68.9716
2581	67.5774	68.7764
2582	67.5774	67.5774
2583	67.5774	67.586
2584	67.5774	68.4358
2585	67.5774	68.3038
2586	67.5774	67.5897
2587	67.5774	67.9688
2588	67.5774	68.0047
2589	67.5774	68.2858
2590	67.5774	67.9394
2591	67.5774	67.8279
2592	67.5774	68.0441
2593	67.5774	67.6209
2594	67.5774	67.5774
2595	67.5774	68.0758
2596	67.5774	68.715
2597	67.5774	67.8199
2598	67.5774	67.7496
2599	67.5774	67.5774
2600	67.5774	67.5774
2601	67.5774	67.6092
2602	67.5774	68.295
2603	67.5774	68.8569
2604	67.5774	68.3337
2605	67.5774	67.8787
2606	67.5774	67.9503
2607	67.5774	68.0176
2608	67.5774	67.7563
2609	67.5774	67.9339
2610	67.5774	68.1268
2611	67.5774	68.3447
2612	67.5774	67.5774
2613	67.5774	67.6345
2614	67.5774	67.8039
2615	67.5774	68.4807
2616	67.5774	68.9418
2617	67.5774	69.1212
2618	67.5774	68.5728
2619	67.5774	69.3607
2620	67.5774	68.4676
2621	67.5774	67.9924
2622	67.5774	68.2881
2623	67.5774	67.903
2624	67.5774	67.5774
2625	67.5774	67.642
2626	67.5774	67.6727
2627	67.5774	68.6445
2628	67.5774	68.4309
2629	67.5774	68.1384
2630	67.5774	68.5758
2631	67.5774	68.9469
2632	67.5774	68.7775
2633	67.5774	67.9349
2634	67.5774	68.6054
2635	67.5774	69.9036
2636	67.5774	69.4854
2637	67.5774	69.7361
2638	67.5774	70.2173
2639	67.5774	68.2133
2640	67.5774	68.4711
2641	67.5774	68.0626
2642	67.5774	68.5467
2643	67.5774	69.1511
2644	67.5774	68.57
2645	67.5774	69.15
2646	67.5774	68.0884
2647	67.5774	68.4082
2648	67.5774	68.147
2649	67.5774	68.504
2650	67.5774	68.8101
2651	67.5774	68.3523
2652	67.5774	68.3538
2653	67.5774	67.8304
2654	67.5774	68.1845
2655	67.5774	68.4484
2656	67.5774	68.866
2657	67.5774	70.1518
2658	67.5774	69.2064
2659	67.5774	68.4572
2660	67.5774	67.6597
2661	67.5774	68.4396
2662	67.5774	67.9802
2663	67.5774	67.5774
2664	67.5774	67.8314
2665	67.5774	67.6915
2666	67.5774	67.8794
2667	67.5774	67.6667
2668	67.5774	68.4132
2669	67.5774	67.764
2670	67.5774	67.6234
2671	67.5774	67.8717
2672	67.5774	68.5643
2673	67.5774	67.9198
2674	67.5774	68.3738
2675	67.5774	68.2396
2676	67.5774	67.7742
2677	67.5774	68.2843
2678	67.5774	67.9277
2679	67.5774	68.051
2680	67.5774	67.855
2681	67.5774	67.9515
2682	67.5774	67.7118
2683	67.5774	67.6214
2684	67.5774	67.5774
2685	67.5774	67.5774
2686	67.5774	67.5774
2687	67.5774	67.5774
2688	67.5774	67.6231
2689	67.5774	67.6998
2690	67.5774	67.7271
2691	67.5774	67.8215
2692	67.5774	68.0834
2693	67.5774	68.3714
2694	67.5774	68.0588
2695	67.5774	67.5774
2696	67.5774	67.5945
2697	67.5774	67.5774
2698	67.5774	67.9741
2699	67.5774	67.5774
2700	67.5774	67.5774
2701	67.4373	68.8227
2702	67.3717	67.6989
2703	67.3717	67.5464
2704	67.3717	68.2709
2705	67.3717	68.0957
2706	67.3717	68.5047
2707	67.3717	67.9339
2708	67.3717	67.751
2709	67.3717	67.77
2710	67.3717	69.0071
2711	67.3717	68.5109
2712	67.3717	67.7873
2713	67.3717	68.3378
2714	67.3717	67.4146
2715	67.3717	67.3717
2716	67.3717	67.3717
2717	67.3717	67.5803
2718	67.3717	67.6059
2719	67.3717	67.4107
2720	67.3717	67.3717
2721	67.3717	67.5628
2722	67.3717	67.3717
2723	67.3717	67.3717
2724	67.3717	67.6092
2725	67.3717	67.4123
2726	67.3717	67.667
2727	67.3717	67.6072
2728	67.3717	67.9919
2729	67.3717	68.4835
2730	67.3717	67.8899
2731	67.3717	67.6978
2732	67.3717	67.7311
2733	67.3717	69.5264
2734	67.3717	68.4547
2735	67.3717	67.8901
2736	67.3717	67.3717
2737	67.3717	67.6555
2738	67.3717	68.1107
2739	67.3717	67.3868
2740	67.3717	67.3717
2741	67.3717	67.4218
2742	67.3717	67.3804
2743	67.3717	67.3717
2744	67.3717	67.3717
2745	67.3717	67.5197
2746	67.3717	68.1285
2747	67.3717	68.0244
2748	67.3717	68.3767
2749	67.3717	68.5182
2750	67.3717	69.6971
2751	67.3717	68.3076
2752	67.3717	67.4058
2753	67.3717	67.3717
2754	67.3717	67.3717
2755	67.3717	67.3717
2756	67.3717	67.3717
2757	67.3717	67.3717
2758	67.3717	67.4258
2759	67.3717	67.3717
2760	67.3717	67.3717
2761	67.3717	67.5357
2762	67.3717	67.3717
2763	67.3717	67.4319
2764	67.3717	68.0648
2765	67.3717	68.1036
2766	67.3717	68.2795
2767	67.3717	68.2134
2768	67.3717	69.1826
2769	67.3717	68.4013
2770	67.3717	67.6356
2771	67.3717	67.5387
2772	67.3717	68.0888
2773	67.3717	67.5407
2774	67.3717	69.59
2775	67.3717	69.5536
2776	67.3717	69.1277
2777	67.3717	68.7995
2778	67.3717	67.514
2779	67.3717	67.6288
2780	67.3717	68.5751
2781	67.3717	68.3482
2782	67.3717	68.0185
2783	67.3717	67.872
2784	67.3717	67.8764
2785	67.3717	67.7897
2786	67.3717	67.9402
2787	67.3717	67.4787
2788	67.3717	68.7003
2789	67.3717	68.5921
2790	67.3717	68.3219
2791	67.3717	68.7026
2792	67.3717	67.7983
2793	67.3717	67.5834
2794	67.3717	67.3728
2795	67.3717	67.397
2796	67.3717	67.728
2797	67.3717	68.51
2798	67.3717	68.5111
2799	67.3717	68.5622
2800	67.3717	68.8257
2801	67.0392	67.8013
2802	67.0392	68.1479
2803	67.0392	70.581
2804	67.0392	69.3794
2805	67.0392	67.5154
2806	67.0392	67.8709
2807	67.0392	67.8919
2808	67.0392	67.0584
2809	67.0392	67.0574
2810	67.0392	67.0392
2811	67.0392	67.0392
2812	67.0392	67.2023
2813	67.0392	67.0547
2814	67.0392	67.06
2815	67.0392	67.4033
2816	67.0392	67.8462
2817	67.0392	67.0392
2818	67.0392	67.1326
2819	67.0392	67.5348
2820	67.0392	67.4013
2821	67.0392	68.1563
2822	67.0392	68.663
2823	67.0392	69.7979
2824	67.0392	67.8359
2825	67.0392	68.1617
2826	67.0392	69.1209
2827	67.0392	68.2492
2828	67.0392	68.737
2829	67.0392	67.9575
2830	67.0392	67.0698
2831	67.0392	67.3401
2832	67.0392	68.2657
2833	67.0392	67.7617
2834	67.0392	67.3674
2835	67.0392	67.5763
2836	67.0392	67.5512
2837	67.0392	67.3165
2838	67.0392	67.5122
2839	67.0392	67.4856
2840	67.0392	67.752
2841	67.0392	67.9033
2842	67.0392	68.6486
2843	67.0392	67.427
2844	67.0392	67.0392
2845	67.0392	67.0392
2846	67.0392	67.0392
2847	67.0392	67.0392
2848	67.0392	67.0392
2849	67.0392	67.0392
2850	67.0392	67.3473
2851	67.0392	67.4458
2852	67.0392	67.1163
2853	66.9348	67.1918
2854	66.9348	67.0679
2855	66.9348	67.7736
2856	66.9348	68.0796
2857	66.9348	67.8632
2858	66.9348	67.3057
2859	66.9348	68.4945
2860	66.9348	67.5873
2861	66.9348	67.3872
2862	66.9348	67.6444
2863	66.9348	68.1606
2864	66.9348	67.7221
2865	66.9348	67.0862
2866	66.9348	67.3689
2867	66.9348	67.6162
2868	66.9348	67.7663
2869	66.9348	67.436
2870	66.9348	67.3026
2871	66.9348	67.24
2872	66.9348	68.6843
2873	66.9348	68.5704
2874	66.9348	68.2869
2875	66.9348	67.0601
2876	66.9348	67.3787
2877	66.9348	66.9348
2878	66.9348	66.9714
2879	66.9348	67.352
2880	66.9348	66.9348
2881	66.9348	67.136
2882	66.9348	67.573
2883	66.9348	67.5963
2884	66.9348	67.2543
2885	66.9348	66.9348
2886	66.9348	66.9348
2887	66.9348	66.9348
2888	66.9348	66.9996
2889	66.9348	67.274
2890	66.9348	67.5374
2891	66.9348	68.1852
2892	66.9348	67.6493
2893	66.9348	67.1258
2894	66.9348	68.1448
2895	66.9348	68.0573
2896	66.9348	68.061
2897	66.9348	66.9582
2898	66.9348	66.9348
2899	66.9348	67.1321
2900	66.9348	66.9348
2901	66.9348	67.3706
2902	66.9348	67.5255
2903	66.9348	67.5796
2904	66.9348	67.0485
2905	66.9348	67.0872
2906	66.9348	67.3892
2907	66.9348	67.1839
2908	66.9348	66.9571
2909	66.9348	66.9938
2910	66.9348	66.9389
2911	66.9348	67.4234
2912	66.9348	67.6316
2913	66.9348	69.5274
2914	66.9348	69.5021
2915	66.9348	69.1743
2916	66.9348	67.4816
2917	66.9348	66.9836
2918	66.9348	67.3341
2919	66.9348	68.9371
2920	66.9348	67.9463
2921	66.9348	67.0579
2922	66.9348	67.5627
2923	66.9348	67.8344
2924	66.9348	67.5143
2925	66.9348	67.9238
2926	66.9348	68.8885
2927	66.9348	67.5197
2928	66.9348	67.4288
2929	66.9348	67.6278
2930	66.9348	68.5431
2931	66.9348	67.5161
2932	66.9348	67.0834
2933	66.9348	66.9595
2934	66.9348	66.9348
2935	66.9348	67.0295
2936	66.9348	66.9683
2937	66.9348	67.8799
2938	66.9348	67.0279
2939	66.9348	67.0352
2940	66.9348	67.1994
2941	66.9348	66.9348
2942	66.9348	67.6848
2943	66.9348	67.3476
2944	66.9348	66.9348
2945	66.9348	67.0173
2946	66.9348	66.9917
2947	66.9348	67.0225
2948	66.9348	67.2021
2949	66.9348	67.8923
2950	66.9348	68.7254
2951	66.9348	67.3492
2952	66.9348	66.9348
2953	66.9348	67.1787
2954	66.9348	66.9348
2955	66.9348	67.4577
2956	66.9348	67.8705
2957	66.9348	68.084
2958	66.9348	68.2767
2959	66.9348	70.3299
2960	66.9348	70.1479
2961	66.9348	68.9374
2962	66.9348	69.6891
2963	66.9348	68.2042
2964	66.9348	67.8309
2965	66.9348	67.5193
2966	66.9348	66.9443
2967	66.9348	67.1815
2968	66.9348	68.1463
2969	66.9348	67.6069
2970	66.9348	67.2572
2971	66.9348	67.3896
2972	66.9348	67.2568
2973	66.9348	67.6041
2974	66.9348	67.5895
2975	66.9348	67.6353
2976	66.9348	67.119
2977	66.9348	67.0944
2978	66.8857	67.3601
2979	66.8857	67.5194
2980	66.8857	68.3545
2981	66.8857	68.285
2982	66.8857	67.7182
2983	66.8857	68.5921
2984	66.8857	67.4984
2985	66.8857	66.8868
2986	66.8857	66.8857
2987	66.8857	66.8857
2988	66.8857	66.9509
2989	66.8857	67.1004
2990	66.8857	67.7258
2991	66.8857	67.582
2992	66.8857	67.7477
2993	66.8857	67.4173
2994	66.8857	66.8857
2995	66.8857	67.0583
2996	66.8857	67.2378
2997	66.8857	66.9103
2998	66.8857	67.0478
2999	66.8857	66.8857
3000	66.8857	67.3703
3001	66.8857	67.21
3002	66.8857	67.0631
3003	66.8857	67.9316
3004	66.8857	67.1531
3005	66.8857	67.1996
3006	66.8857	67.2878
3007	66.8857	67.3004
3008	66.8857	67.3769
3009	66.8857	67.2649
3010	66.8857	67.0793
3011	66.8857	67.2397
3012	66.8857	68.4571
3013	66.8857	69.4814
3014	66.8857	68.5085
3015	66.8857	67.1652
3016	66.8857	67.2722
3017	66.8857	66.9974
3018	66.8857	67.164
3019	66.8857	67.9504
3020	66.8857	67.2848
3021	66.8857	66.9268
3022	66.8857	67.3385
3023	66.8857	68.5521
3024	66.8857	67.9229
3025	66.8857	66.8857
3026	66.8857	66.9268
3027	66.8857	66.9094
3028	66.8857	66.8868
3029	66.8857	66.8857
3030	66.8857	66.8857
3031	66.8857	66.8857
3032	66.8857	67.1719
3033	66.8857	66.9047
3034	66.8857	66.9905
3035	66.8857	66.9332
3036	66.8857	67.6823
3037	66.8857	67.3509
3038	66.8857	69.1319
3039	66.8857	69.008
3040	66.8857	68.5058
3041	66.8857	69.6436
3042	66.8857	68.4673
3043	66.8857	68.0909
3044	66.8857	67.1255
3045	66.8857	67.5172
3046	66.8857	67.799
3047	66.8857	67.7246
3048	66.8857	67.0453
3049	66.8857	67.9195
3050	66.8857	68.5935
3051	66.8857	66.9679
3052	66.8857	67.0561
3053	66.8857	66.9295
3054	66.8857	67.4674
3055	66.8857	66.9602
3056	66.8857	67.0267
3057	66.8857	66.8857
3058	66.8857	66.9062
3059	66.8857	68.1816
3060	66.8857	68.3053
3061	66.8857	67.0961
3062	66.8857	68.6439
3063	66.8857	69.7011
3064	66.8857	68.3346
3065	66.8857	67.7413
3066	66.8857	68.5348
3067	66.8857	68.3248
3068	66.8857	68.1647
3069	66.8857	68.133
3070	66.8857	68.5931
3071	66.8857	67.3054
3072	66.8857	67.4408
3073	66.8857	67.5647
3074	66.8857	67.3677
3075	66.8857	66.9399
3076	66.8857	67.5623
3077	66.8857	67.7907
3078	66.8857	71.2652
3079	66.8857	68.5239
3080	66.8857	68.033
3081	66.8857	67.1037
3082	66.8857	67.2512
3083	66.8857	67.9893
3084	66.8857	67.9874
3085	66.8857	67.7706
3086	66.8857	67.4504
3087	66.8857	67.7118
3088	66.8857	67.7278
3089	66.8857	67.1341
3090	66.8857	66.8857
3091	66.8857	67.2125
3092	66.8857	66.8857
3093	66.8857	67.2393
3094	66.8857	67.173
3095	66.8857	67.0394
3096	66.8857	67.6719
3097	66.8857	67.7769
3098	66.8857	67.5819
3099	66.8857	69.7684
3100	66.8857	68.4893
3101	66.5405	67.5763
3102	66.5405	66.8955
3103	66.5405	66.6954
3104	66.5405	66.9323
3105	66.5405	67.7912
3106	66.5405	69.0136
3107	66.5405	67.6201
3108	66.5405	68.263
3109	66.5405	68.3193
3110	66.5405	66.9038
3111	66.5405	67
3112	66.5405	67.6177
3113	66.5405	69.5595
3114	66.5405	69.2965
3115	66.5405	67.8727
3116	66.5405	66.5696
3117	66.5405	66.5405
3118	66.5405	66.5405
3119	66.5405	67.2217
3120	66.5405	67.3128
3121	66.5405	67.3137
3122	66.5405	66.6603
3123	66.5405	67.0633
3124	66.5405	66.9018
3125	66.5405	66.5405
3126	66.5405	67.3123
3127	66.5405	66.8687
3128	66.5405	67.3224
3129	66.5405	66.8291
3130	66.5405	67.2044
3131	66.5405	68.7631
3132	66.5405	67.3842
3133	66.5405	68.2102
3134	66.5405	68.8658
3135	66.5405	68.5736
3136	66.5405	67.4811
3137	66.5405	67.3462
3138	66.5405	67.2011
3139	66.5405	66.8593
3140	66.5405	67.1197
3141	66.5405	67.6836
3142	66.5405	67.8971
3143	66.5405	67.2054
3144	66.5405	66.6185
3145	66.5405	66.559
3146	66.5405	66.559
3147	66.5405	67.2997
3148	66.5405	67.6932
3149	66.5405	66.803
3150	66.5405	66.5405
3151	66.5405	67.7855
3152	66.5405	68.5681
3153	66.5405	67.2426
3154	66.5405	66.6318
3155	66.5405	66.5405
3156	66.5405	66.5712
3157	66.5405	66.7497
3158	66.5405	66.6328
3159	66.5405	66.7153
3160	66.5405	67.957
3161	66.5405	66.8191
3162	66.5405	66.5405
3163	66.5405	66.5405
3164	66.5405	67.5594
3165	66.5405	68.9211
3166	66.5405	69.2665
3167	66.5405	68.8957
3168	66.5405	69.1605
3169	66.5405	68.4745
3170	66.5405	68.3609
3171	66.5405	67.4538
3172	66.5405	68.3174
3173	66.5405	68.5327
3174	66.5405	68.3385
3175	66.5405	69.0817
3176	66.5405	68.7744
3177	66.5405	68.9162
3178	66.5405	69.649
3179	66.5405	69.231
3180	66.5405	69.1806
3181	66.5405	68.5438
3182	66.5405	68.4651
3183	66.5405	70.664
3184	66.5405	67.9967
3185	66.5405	67.6797
3186	66.5405	68.3356
3187	66.5405	67.9614
3188	66.5405	67.5656
3189	66.5405	67.2911
3190	66.5405	68.0296
3191	66.5405	67.4615
3192	66.5405	66.5405
3193	66.5405	67.1565
3194	66.5405	67.6048
3195	66.5405	68.3315
3196	66.5405	66.868
3197	66.5405	66.5405
3198	66.5405	66.5532
3199	66.5405	66.5405
3200	66.5405	67.1415
3201	66.5405	66.7389
3202	66.5405	66.7452
3203	66.5405	66.5405
3204	66.5405	66.5405
3205	66.5405	66.6115
3206	66.5405	68.6496
3207	66.5405	67.7958
3208	66.5405	66.9863
3209	66.5405	66.5657
3210	66.5405	66.9699
3211	66.5405	67.0423
3212	66.5405	67.6869
3213	66.5405	66.8089
3214	66.5405	67.0201
3215	66.5405	66.8692
3216	66.5405	66.5405
3217	66.5405	66.878
3218	66.5405	68.1116
3219	66.5405	68.2523
3220	66.5405	67.0023
3221	66.5405	68.0983
3222	66.5405	68.1664
3223	66.5405	67.6664
3224	66.5405	67.4727
3225	66.5405	67.0141
3226	66.5405	66.6516
3227	66.5405	66.5405
3228	66.5405	66.5405
3229	66.5405	66.5405
3230	66.5405	66.5405
3231	66.5405	66.5477
3232	66.5405	66.9866
3233	66.5405	66.5405
3234	66.5405	66.5405
3235	66.5405	66.5405
3236	66.5405	66.5405
3237	66.5405	66.6585
3238	66.5405	66.7473
3239	66.5405	66.5405
3240	66.5405	66.8255
3241	66.5405	67.4201
3242	66.5405	68.7318
3243	66.5405	67.4071
3244	66.5405	66.6618
3245	66.5405	67.7271
3246	66.5405	66.65
3247	66.5405	66.5405
3248	66.5405	66.6854
3249	66.5405	67.613
3250	66.5405	66.6596
3251	66.5405	67.2128
3252	66.5405	67.3449
3253	66.5405	68.176
3254	66.5405	66.7969
3255	66.5405	66.7291
3256	66.5405	67.6049
3257	66.5405	67.622
3258	66.5405	67.9353
3259	66.5405	69.8234
3260	66.5405	69.4785
3261	66.5405	68.1828
3262	66.5405	66.6572
3263	66.5405	66.5833
3264	66.5405	67.4931
3265	66.5405	66.5405
3266	66.5405	66.7101
3267	66.5405	66.9037
3268	66.5405	66.7822
3269	66.5405	67.0021
3270	66.5405	68.9861
3271	66.5405	67.8572
3272	66.5405	67.4067
3273	66.5405	68.407
3274	66.5405	67.0253
3275	66.5405	67.6556
3276	66.5405	67.0819
3277	66.5405	67.2494
3278	66.5405	66.5405
3279	66.5405	67.4453
3280	66.5405	68.4973
3281	66.5405	68.4959
3282	66.5405	68.7011
3283	66.5405	71.2084
3284	66.5405	68.0615
3285	66.5405	68.5033
3286	66.5405	68.1762
3287	66.5405	67.6614
3288	66.5405	66.5457
3289	66.5405	66.8136
3290	66.5405	66.9459
3291	66.5405	66.6065
3292	66.5405	66.5434
3293	66.5405	67.213
3294	66.5405	67.1293
3295	66.5405	67.5095
3296	66.5405	67.065
3297	66.5405	66.9556
3298	66.5405	68.9581
3299	66.5405	69.2773
3300	66.5405	66.8346
3301	66.4572	67.0284
3302	66.4572	67.2158
3303	66.4572	66.9951
3304	66.4572	66.6708
3305	66.4572	67.0875
3306	66.4572	66.4825
3307	66.4572	66.4706
3308	66.4572	66.5747
3309	66.4572	66.5627
3310	66.4572	67.5215
3311	66.4572	67.3984
3312	66.4572	66.7266
3313	66.4572	66.4572
3314	66.4572	66.4572
3315	66.4572	66.9259
3316	66.4572	67.0079
3317	66.4572	67.2415
3318	66.4572	67.7635
3319	66.4572	67.267
3320	66.4572	66.4572
3321	66.4572	66.4572
3322	66.4572	66.4572
3323	66.4572	67.4602
3324	66.4572	67.3542
3325	66.4572	67.1194
3326	66.4572	67.0846
3327	66.4572	66.8687
3328	66.4572	67.8074
3329	66.4572	67.1399
3330	66.4572	66.854
3331	66.4572	66.5672
3332	66.4572	66.4572
3333	66.4572	66.7012
3334	66.4572	66.892
3335	66.4572	67.9574
3336	66.4572	66.4572
3337	66.4572	66.4572
3338	66.4572	66.4572
3339	66.4572	66.694
3340	66.4572	66.6518
3341	66.4572	67.4106
3342	66.4572	67.1727
3343	66.4572	66.7565
3344	66.4572	66.6217
3345	66.4572	67.0436
3346	66.4572	66.9249
3347	66.4572	66.9753
3348	66.4572	68.6074
3349	66.4572	69.1231
3350	66.4572	68.3053
3351	66.4572	69.4246
3352	66.4572	70.3975
3353	66.4572	71.5699
3354	66.4572	67.6706
3355	66.4572	67.0174
3356	66.4572	66.6572
3357	66.4572	66.4572
3358	66.4572	66.4572
3359	66.4572	66.4572
3360	66.4572	66.5431
3361	66.4572	66.5025
3362	66.4572	66.8101
3363	66.4572	66.6435
3364	66.4572	67.1056
3365	66.4572	66.8544
3366	66.4572	66.4572
3367	66.4572	66.4572
3368	66.4572	66.4679
3369	66.4572	67.2681
3370	66.4572	67.2249
3371	66.4572	67.5411
3372	66.4572	67.3453
3373	66.4572	66.8814
3374	66.4572	67.8483
3375	66.4572	67.0905
3376	66.4572	67.0543
3377	66.4572	66.9191
3378	66.4572	66.5863
3379	66.4572	66.5706
3380	66.4572	66.4572
3381	66.4572	66.4642
3382	66.4572	66.4572
3383	66.4572	67.0471
3384	66.4572	66.8084
3385	66.4572	66.6432
3386	66.4572	66.5151
3387	66.4572	66.635
3388	66.4572	66.6152
3389	66.4572	66.9615
3390	66.4572	66.7492
3391	66.4572	66.5923
3392	66.4572	66.7194
3393	66.4572	66.8635
3394	66.4572	67.0293
3395	66.4572	66.5882
3396	66.4572	66.9699
3397	66.4572	66.6953
3398	66.4572	68.6081
3399	66.4572	67.225
3400	66.4572	67.2391
3401	66.4355	66.97
3402	66.4355	67.5524
3403	66.4355	67.6101
3404	66.4355	66.7379
3405	66.4355	68.0389
3406	66.4355	68.2006
3407	66.4355	68.172
3408	66.4355	67.2053
3409	66.4355	67.8564
3410	66.4355	68.6025
3411	66.4355	67.4194
3412	66.4355	68.0794
3413	66.4355	67.5686
3414	66.4355	69.6224
3415	66.4355	67.8427
3416	66.4355	66.9718
3417	66.4355	67.662
3418	66.4355	66.5106
3419	66.4355	67.4544
3420	66.4355	66.5353
3421	66.4355	66.5519
3422	66.4355	66.7896
3423	66.4355	67.6487
3424	66.4355	67.3828
3425	66.4355	67.4228
3426	66.4355	66.9807
3427	66.4355	67.1503
3428	66.4355	67.9919
3429	66.4355	67.4471
3430	66.4355	68.1855
3431	66.4355	66.8118
3432	66.4355	67.4075
3433	66.4355	67.6217
3434	66.4355	68.2024
3435	66.4355	69.3657
3436	66.4355	68.5633
3437	66.4355	68.6415
3438	66.4355	67.7999
3439	66.4355	66.7156
3440	66.4355	66.9166
3441	66.4355	66.8743
3442	66.4355	66.6134
3443	66.4355	66.4355
3444	66.4355	66.4738
3445	66.4355	66.6792
3446	66.4355	67.2594
3447	66.4355	67.5302
3448	66.4355	66.6149
3449	66.4355	66.526
3450	66.4355	66.5658
3451	66.4355	66.4836
3452	66.4355	66.7839
3453	66.4355	66.9846
3454	66.4355	67.5233
3455	66.4355	67.0305
3456	66.4355	67.1168
3457	66.4355	67.1141
3458	66.4355	66.8385
3459	66.4355	67.8052
3460	66.4355	68.0997
3461	66.4355	66.9221
3462	66.4355	67.3886
3463	66.4355	66.6241
3464	66.4355	67.609
3465	66.4355	70.7304
3466	66.4355	71.459
3467	66.4355	69.7311
3468	66.4355	66.6245
3469	66.4355	66.581
3470	66.4355	66.7769
3471	66.4355	66.8096
3472	66.4355	66.4691
3473	66.4355	66.8656
3474	66.4355	67.1421
3475	66.4355	66.4355
3476	66.4355	66.4853
3477	66.4355	66.4685
3478	66.4355	66.4355
3479	66.4355	66.4355
3480	66.4355	66.4355
3481	66.4355	66.5345
3482	66.4355	66.6833
3483	66.4355	66.7365
3484	66.4355	66.4355
3485	66.4355	66.4355
3486	66.4355	66.4355
3487	66.4355	66.5884
3488	66.4355	66.4545
3489	66.4355	66.4355
3490	66.4355	66.6004
3491	66.4355	66.4983
3492	66.4355	66.4355
3493	66.4355	66.4732
3494	66.4355	66.4558
3495	66.4355	66.4795
3496	66.4355	68.2101
3497	66.4355	67.1291
3498	66.4355	66.9554
3499	66.4355	66.4355
3500	66.4355	66.5176
3501	65.943	66.9101
3502	65.943	66.4897
3503	65.943	66.2227
3504	65.943	66.3199
3505	65.943	66.4337
3506	65.943	66.1574
3507	65.943	66.1855
3508	65.943	66.4073
3509	65.943	66.6238
3510	65.943	66.4318
3511	65.943	65.9737
3512	65.943	66.4303
3513	65.943	66.3172
3514	65.943	66.1442
3515	65.943	66.2099
3516	65.943	66.4751
3517	65.943	67.3663
3518	65.943	67.0312
3519	65.943	66.5387
3520	65.943	65.9453
3521	65.943	65.95
3522	65.943	66.1326
3523	65.943	66.0428
3524	65.943	66.0073
3525	65.943	65.9907
3526	65.943	66.1446
3527	65.943	67.6614
3528	65.943	66.2186
3529	65.943	66.2734
3530	65.943	66.4467
3531	65.943	67.3985
3532	65.943	66.8268
3533	65.943	65.9884
3534	65.943	66.3256
3535	65.943	66.2345
3536	65.943	66.258
3537	65.943	65.9797
3538	65.943	67.0084
3539	65.943	67.9121
3540	65.943	67.1428
3541	65.943	68.1309
3542	65.943	66.6201
3543	65.943	65.943
3544	65.943	66.3052
3545	65.943	66.8254
3546	65.943	67.4112
3547	65.943	66.533
3548	65.943	66.5522
3549	65.943	67.7861
3550	65.943	66.3173
3551	65.943	66.087
3552	65.943	66.2619
3553	65.943	66.4081
3554	65.943	66.3593
3555	65.943	66.5851
3556	65.943	66.3804
3557	65.943	65.943
3558	65.943	66.9371
3559	65.943	66.149
3560	65.943	66.6544
3561	65.943	66.2154
3562	65.943	66.3107
3563	65.943	67.0584
3564	65.943	66.4762
3565	65.943	66.0702
3566	65.943	66.4454
3567	65.943	67.0505
3568	65.943	66.7226
3569	65.943	65.9635
3570	65.943	65.943
3571	65.943	66.1958
3572	65.943	66.2027
3573	65.943	65.943
3574	65.943	65.943
3575	65.943	66.2889
3576	65.943	66.2058
3577	65.943	66.0625
3578	65.943	66.0291
3579	65.943	65.943
3580	65.943	65.9586
3581	65.943	66.0203
3582	65.943	65.9516
3583	65.943	66.3513
3584	65.943	66.5418
3585	65.943	66.4347
3586	65.943	66.445
3587	65.943	68.1965
3588	65.943	68.0048
3589	65.943	67.7237
3590	65.943	67.2237
3591	65.943	66.0373
3592	65.943	66.4045
3593	65.943	66.1856
3594	65.943	66.6749
3595	65.943	66.2021
3596	65.943	67.3314
3597	65.943	67.8867
3598	65.943	67.5116
3599	65.943	67.7134
3600	65.943	66.4801
3601	65.943	67.0168
3602	65.943	66.0532
3603	65.943	66.4576
3604	65.943	65.9646
3605	65.943	66.1676
3606	65.943	66.2491
3607	65.943	66.0598
3608	65.943	66.1221
3609	65.943	66.3835
3610	65.943	67.5739
3611	65.943	66.7016
3612	65.943	66.0055
3613	65.943	66.5602
3614	65.943	67.2642
3615	65.943	67.0871
3616	65.943	66.4274
3617	65.943	66.7302
3618	65.943	66.7492
3619	65.943	67.5692
3620	65.943	66.196
3621	65.943	66.7653
3622	65.943	66.9732
3623	65.943	67.596
3624	65.943	66.546
3625	65.943	66.3106
3626	65.943	67.2641
3627	65.943	67.9066
3628	65.943	66.4091
3629	65.943	66.2197
3630	65.943	66.4265
3631	65.943	66.95
3632	65.943	66.7948
3633	65.943	65.9596
3634	65.943	65.943
3635	65.943	65.9537
3636	65.943	66.4818
3637	65.943	67.0328
3638	65.943	67.5003
3639	65.943	70.2646
3640	65.943	67.7423
3641	65.943	66.9713
3642	65.943	67.6192
3643	65.943	66.7879
3644	65.943	66.3228
3645	65.943	66.3502
3646	65.943	66.0371
3647	65.943	65.953
3648	65.943	66.0099
3649	65.943	65.9736
3650	65.943	65.943
3651	65.943	65.943
3652	65.943	66.1083
3653	65.943	66.0215
3654	65.943	65.9896
3655	65.943	66.146
3656	65.943	66.634
3657	65.943	65.943
3658	65.943	66.0002
3659	65.943	65.943
3660	65.943	65.943
3661	65.943	65.993
3662	65.943	65.9589
3663	65.943	65.943
3664	65.943	65.943
3665	65.943	65.943
3666	65.943	65.943
3667	65.943	66.6539
3668	65.943	65.943
3669	65.943	66.1019
3670	65.943	66.1743
3671	65.943	66.7282
3672	65.943	66.8714
3673	65.943	67.7414
3674	65.943	67.0807
3675	65.943	67.739
3676	65.943	67.2632
3677	65.943	67.0254
3678	65.943	69.1667
3679	65.943	67.1802
3680	65.943	67.5802
3681	65.943	66.3386
3682	65.943	65.943
3683	65.943	65.9733
3684	65.943	65.943
3685	65.943	66.5572
3686	65.943	66.9102
3687	65.943	66.8448
3688	65.943	66.3223
3689	65.943	65.943
3690	65.943	66.6775
3691	65.943	67.0174
3692	65.943	66.5222
3693	65.943	67.1323
3694	65.943	68.2463
3695	65.943	67.4508
3696	65.943	65.9813
3697	65.943	66.8959
3698	65.943	65.943
3699	65.943	66.0326
3700	65.943	66.1298
3701	65.943	66.1365
3702	65.943	66.041
3703	65.943	66.3305
3704	65.943	65.943
3705	65.943	65.943
3706	65.943	65.943
3707	65.943	65.943
3708	65.943	66.8143
3709	65.943	66.1359
3710	65.943	66.4043
3711	65.943	66.6518
3712	65.943	66.4019
3713	65.943	66.3893
3714	65.943	66.4301
3715	65.943	67.13
3716	65.943	66.7068
3717	65.943	66.6399
3718	65.943	66.5771
3719	65.943	66.9689
3720	65.943	66.2348
3721	65.943	67.3341
3722	65.943	67.6886
3723	65.943	67.4758
3724	65.943	66.5974
3725	65.943	66.4443
3726	65.943	66.0456
3727	65.943	65.943
3728	65.943	66.1359
3729	65.943	68.0817
3730	65.943	67.4011
3731	65.943	66.5198
3732	65.943	66.2845
3733	65.943	66.4873
3734	65.943	66.6139
3735	65.943	66.8205
3736	65.943	66.2514
3737	65.943	67.106
3738	65.943	66.2009
3739	65.943	66.4785
3740	65.943	66.5054
3741	65.943	66.1752
3742	65.943	67.5326
3743	65.943	68.1548
3744	65.943	67.0591
3745	65.943	66.3438
3746	65.943	67.7874
3747	65.943	69.3332
3748	65.943	69.701
3749	65.943	66.9621
3750	65.943	66.7584
3751	65.943	66.3972
3752	65.943	66.2002
3753	65.943	66.0131
3754	65.943	66.1382
3755	65.943	65.9877
3756	65.943	66.2606
3757	65.943	66.303
3758	65.943	66.1916
3759	65.943	65.943
3760	65.943	65.9649
3761	65.943	65.9883
3762	65.943	65.948
3763	65.943	66.162
3764	65.943	66.0494
3765	65.943	66.1515
3766	65.943	66.5547
3767	65.943	66.7013
3768	65.943	67.345
3769	65.943	66.7229
3770	65.943	67.5587
3771	65.943	68.7911
3772	65.943	67.7636
3773	65.943	68.0145
3774	65.943	66.6003
3775	65.943	66.6351
3776	65.943	65.943
3777	65.943	66.0814
3778	65.943	65.943
3779	65.943	66.3076
3780	65.943	66.2919
3781	65.943	66.3194
3782	65.943	65.9716
3783	65.943	66.0447
3784	65.943	66.0763
3785	65.943	66.0075
3786	65.943	65.943
3787	65.943	65.943
3788	65.943	65.943
3789	65.943	65.9739
3790	65.943	65.943
3791	65.943	67.1836
3792	65.943	67.2091
3793	65.943	67.1585
3794	65.943	66.3001
3795	65.943	67.222
3796	65.943	67.4144
3797	65.943	65.943
3798	65.943	65.943
3799	65.943	67.6832
3800	65.943	68.2427
3801	65.943	68.062
3802	65.943	66.6228
3803	65.943	68.6212
3804	65.943	66.5756
3805	65.943	66.5526
3806	65.943	66.3428
3807	65.943	66.4271
3808	65.943	69.1187
3809	65.943	69.2306
3810	65.943	69.0788
3811	65.943	69.7654
3812	65.943	67.8446
3813	65.943	67.7367
3814	65.943	67.4731
3815	65.943	66.1293
3816	65.943	66.0704
3817	65.943	65.949
3818	65.943	66.1673
3819	65.943	66.5709
3820	65.943	66.6963
3821	65.943	66.2972
3822	65.943	66.2512
3823	65.943	66.2887
3824	65.943	66.4257
3825	65.943	65.943
3826	65.943	65.943
3827	65.943	66.3121
3828	65.943	66.1836
3829	65.943	66.4241
3830	65.943	65.9841
3831	65.943	66.2612
3832	65.943	66.1521
3833	65.943	65.9527
3834	65.943	66.8328
3835	65.943	66.5049
3836	65.943	67.3507
3837	65.943	67.8266
3838	65.943	68.2673
3839	65.943	66.7643
3840	65.943	66.9212
3841	65.943	66.0555
3842	65.943	66.0964
3843	65.943	65.9999
3844	65.943	66.2082
3845	65.943	66.0286
3846	65.943	65.943
3847	65.943	65.943
3848	65.943	66.2202
3849	65.943	66.5742
3850	65.943	66.7317
3851	65.943	66.1258
3852	65.943	67.0763
3853	65.943	66.8727
3854	65.943	65.963
3855	65.943	66.062
3856	65.943	65.9849
3857	65.943	66.269
3858	65.943	67.0078
3859	65.943	66.446
3860	65.943	66.7893
3861	65.943	66.3821
3862	65.943	66.2514
3863	65.943	66.2301
3864	65.943	66.2212
3865	65.943	66.2282
3866	65.943	65.943
3867	65.943	66.0729
3868	65.943	65.943
3869	65.943	65.9501
3870	65.943	66.4117
3871	65.943	66.8653
3872	65.943	65.9665
3873	65.943	65.9475
3874	65.943	65.943
3875	65.943	66.0204
3876	65.943	66.1823
3877	65.943	65.943
3878	65.943	65.943
3879	65.943	66.002
3880	65.943	66.8872
3881	65.943	67.4679
3882	65.943	67.7741
3883	65.943	66.5675
3884	65.943	66.4119
3885	65.943	67.0613
3886	65.943	67.8383
3887	65.943	66.1396
3888	65.943	66.277
3889	65.943	66.7654
3890	65.943	66.2843
3891	65.943	65.9879
3892	65.943	65.9766
3893	65.943	66.2644
3894	65.943	66.4131
3895	65.943	66.5857
3896	65.943	67.3506
3897	65.943	66.7515
3898	65.943	66.7925
3899	65.943	66.6689
3900	65.943	65.9695
3901	65.7181	66.078
3902	65.7181	66.1288
3903	65.7181	65.8223
3904	65.7181	65.7451
3905	65.7181	65.8636
3906	65.7181	65.9999
3907	65.7181	65.8326
3908	65.7181	66.6821
3909	65.7181	67.0133
3910	65.7181	66.1882
3911	65.7181	66.636
3912	65.7181	65.9776
3913	65.7181	66.1985
3914	65.7181	67.4868
3915	65.7181	66.0068
3916	65.7181	66.9897
3917	65.7181	66.818
3918	65.7181	66.9577
3919	65.7181	66.5228
3920	65.7181	66.5519
3921	65.7181	66.439
3922	65.7181	65.7817
3923	65.7181	65.8301
3924	65.7181	65.813
3925	65.7181	66.1343
3926	65.7181	66.2602
3927	65.7181	65.7181
3928	65.7181	66.1283
3929	65.7181	65.883
3930	65.7181	65.7181
3931	65.7181	66.1293
3932	65.7181	65.8839
3933	65.7181	65.7181
3934	65.7181	65.7233
3935	65.7181	65.7474
3936	65.7181	65.7422
3937	65.7181	66.0045
3938	65.7181	67.0805
3939	65.7181	67.5554
3940	65.7181	67.6674
3941	65.7181	68.29
3942	65.7181	67.1992
3943	65.7181	66.0223
3944	65.7181	65.7181
3945	65.7181	65.7181
3946	65.7181	65.7181
3947	65.7181	66.0784
3948	65.7181	65.8305
3949	65.7181	66.236
3950	65.7181	66.9479
3951	65.7181	67.9331
3952	65.7181	66.6747
3953	65.7181	67.229
3954	65.7181	67.0496
3955	65.7181	65.7181
3956	65.7181	66.3039
3957	65.7181	66.8916
3958	65.7181	66.4543
3959	65.7181	66.6547
3960	65.7181	66.1551
3961	65.7181	67.9285
3962	65.7181	67.0267
3963	65.7181	67.8531
3964	65.7181	68.8889
3965	65.7181	66.4894
3966	65.7181	66.915
3967	65.7181	67.3929
3968	65.7181	67.5315
3969	65.7181	66.5053
3970	65.7181	66.2012
3971	65.7181	66.4525
3972	65.7181	66.1134
3973	65.7181	66.6344
3974	65.7181	66.3288
3975	65.7181	65.9252
3976	65.7181	66.5016
3977	65.7181	65.9795
3978	65.7181	65.9517
3979	65.7181	65.9318
3980	65.7181	66.0434
3981	65.7181	65.8365
3982	65.7181	65.7181
3983	65.7181	65.8751
3984	65.7181	66.5423
3985	65.7181	66.3161
3986	65.7181	67.0283
3987	65.7181	68.0125
3988	65.7181	67.3044
3989	65.7181	66.377
3990	65.7181	67.409
3991	65.7181	66.2273
3992	65.7181	66.0123
3993	65.7181	65.7181
3994	65.7181	65.8804
3995	65.7181	66.4168
3996	65.7181	65.9993
3997	65.7181	66.1337
3998	65.7181	66.789
3999	65.7181	65.7245
4000	65.7181	66.6071
4001	65.7181	67.7544
4002	65.7181	68.4138
4003	65.7181	68.4263
4004	65.7181	67.4559
4005	65.7181	68.0265
4006	65.7181	67.823
4007	65.7181	66.757
4008	65.7181	66.4729
4009	65.7181	67.2482
4010	65.7181	66.3089
4011	65.7181	67.5809
4012	65.7181	66.7085
4013	65.7181	65.9279
4014	65.7181	66.4117
4015	65.7181	65.7181
4016	65.7181	66.1986
4017	65.7181	65.7985
4018	65.7181	67.2619
4019	65.7181	65.7339
4020	65.7181	66.701
4021	65.7181	66.1462
4022	65.7181	66.4129
4023	65.7181	66.3803
4024	65.7181	66.5518
4025	65.7181	66.6712
4026	65.7181	67.0311
4027	65.7181	66.0418
4028	65.7181	66.455
4029	65.7181	65.9217
4030	65.7181	66.2851
4031	65.7181	65.8037
4032	65.7181	65.9413
4033	65.7181	66.8356
4034	65.7181	66.9678
4035	65.7181	67.1277
4036	65.7181	67.5895
4037	65.7181	66.9929
4038	65.7181	66.9262
4039	65.7181	66.9481
4040	65.7181	65.8715
4041	65.7181	65.7181
4042	65.7181	65.7181
4043	65.7181	66.6505
4044	65.7181	65.8375
4045	65.7181	66.7399
4046	65.7181	66.362
4047	65.7181	66.4858
4048	65.7181	67.0846
4049	65.7181	65.8939
4050	65.7181	66.4755
4051	65.7181	66.4185
4052	65.7181	66.3946
4053	65.7181	66.115
4054	65.7181	66.5816
4055	65.7181	66.0508
4056	65.7181	66.9113
4057	65.7181	66.7098
4058	65.7181	66.6241
4059	65.7181	67.1895
4060	65.7181	67.179
4061	65.7181	68.047
4062	65.7181	69.3509
4063	65.7181	70.0129
4064	65.7181	68.8413
4065	65.7181	67.1683
4066	65.7181	66.5778
4067	65.7181	66.2286
4068	65.7181	66.1266
4069	65.7181	65.7181
4070	65.7181	66.6437
4071	65.7181	67.5144
4072	65.7181	67.94
4073	65.7181	66.6174
4074	65.7181	65.9293
4075	65.7181	66.065
4076	65.7181	65.7181
4077	65.7181	66.1672
4078	65.7181	65.7576
4079	65.7181	65.9211
4080	65.7181	65.7232
4081	65.7181	65.8069
4082	65.7181	65.7181
4083	65.7181	65.7232
4084	65.7181	65.7181
4085	65.7181	65.7181
4086	65.7181	65.7181
4087	65.7181	65.7181
4088	65.7181	66.0167
4089	65.7181	66.2568
4090	65.7181	65.9467
4091	65.7181	65.7772
4092	65.7181	65.7181
4093	65.7181	65.7181
4094	65.7181	66.5701
4095	65.7181	65.9217
4096	65.7181	66.053
4097	65.7181	65.7181
4098	65.7181	65.7181
4099	65.7181	65.7181
4100	65.7181	65.7181
4101	65.7181	66.5031
4102	65.7181	65.9809
4103	65.7181	65.8414
4104	65.7181	65.7181
4105	65.7181	65.9161
4106	65.7181	66.2159
4107	65.7181	66.8034
4108	65.7181	66.6844
4109	65.7181	67.7054
4110	65.7181	68.846
4111	65.7181	70.4627
4112	65.7181	69.2062
4113	65.7181	67.4724
4114	65.7181	70.4851
4115	65.7181	69.0082
4116	65.7181	67.6465
4117	65.7181	68.3151
4118	65.7181	68.5304
4119	65.7181	68.3628
4120	65.7181	67.4785
4121	65.7181	67.6882
4122	65.7181	66.6232
4123	65.7181	65.8543
4124	65.7181	66.2251
4125	65.7181	65.7181
4126	65.7181	66.5059
4127	65.7181	66.4981
4128	65.7181	65.8003
4129	65.7181	65.7181
4130	65.7181	65.9246
4131	65.7181	66.0797
4132	65.7181	66.2307
4133	65.7181	65.7304
4134	65.7181	65.7181
4135	65.7181	65.7181
4136	65.7181	65.7181
4137	65.7181	66.6371
4138	65.7181	66.0835
4139	65.7181	67.0847
4140	65.7181	66.1403
4141	65.7181	66.8148
4142	65.7181	66.8118
4143	65.7181	65.8946
4144	65.7181	65.7181
4145	65.7181	65.938
4146	65.7181	67.3504
4147	65.7181	67.1709
4148	65.7181	66.6822
4149	65.7181	65.9739
4150	65.7181	67.0621
4151	65.7181	66.2504
4152	65.7181	66.0396
4153	65.7181	65.7181
4154	65.7181	66.1496
4155	65.7181	65.8429
4156	65.7181	65.7181
4157	65.7181	65.7181
4158	65.7181	65.7466
4159	65.7181	65.7655
4160	65.7181	65.8221
4161	65.7181	65.7572
4162	65.7181	66.4222
4163	65.7181	67.0558
4164	65.7181	67.4115
4165	65.7181	67.1275
4166	65.7181	66.9839
4167	65.7181	67.4934
4168	65.7181	66.4115
4169	65.7181	66.9124
4170	65.7181	66.4397
4171	65.7181	66.4397
4172	65.7181	66.5076
4173	65.7181	66.3301
4174	65.7181	66.5972
4175	65.7181	65.7859
4176	65.7181	66.0725
4177	65.7181	66.507
4178	65.7181	66.8082
4179	65.7181	67.5938
4180	65.7181	66.256
4181	65.7181	65.7181
4182	65.7181	66.4703
4183	65.7181	66.0878
4184	65.7181	66.835
4185	65.7181	66.2096
4186	65.7181	65.7445
4187	65.7181	66.6703
4188	65.7181	67.6505
4189	65.7181	67.0415
4190	65.7181	67.2931
4191	65.7181	66.22
4192	65.7181	65.8708
4193	65.7181	65.8714
4194	65.7181	65.7181
4195	65.7181	66.0854
4196	65.7181	66.7901
4197	65.7181	66.3382
4198	65.7181	66.1233
4199	65.7181	66.3498
4200	65.7181	66.7363
4201	65.7181	66.5152
4202	65.7181	67.2108
4203	65.7181	67.8305
4204	65.7181	68.438
4205	65.7181	67.8331
4206	65.7181	68.0083
4207	65.7181	66.3039
4208	65.7181	66.2189
4209	65.7181	66.1878
4210	65.7181	67.0896
4211	65.7181	67.4174
4212	65.7181	67.2751
4213	65.7181	66.4745
4214	65.7181	65.9401
4215	65.7181	65.7785
4216	65.7181	67.2209
4217	65.7181	66.0331
4218	65.7181	66.0584
4219	65.7181	67.0684
4220	65.7181	66.1124
4221	65.7181	67.1744
4222	65.7181	65.8528
4223	65.7181	66.3174
4224	65.7181	65.7181
4225	65.7181	65.7181
4226	65.7181	65.8809
4227	65.7181	65.7576
4228	65.7181	65.7398
4229	65.7181	65.7574
4230	65.7181	65.7181
4231	65.7181	65.7302
4232	65.7181	65.8895
4233	65.7181	66.0947
4234	65.7181	66.1306
4235	65.7181	66.2097
4236	65.7181	66.074
4237	65.7181	65.7181
4238	65.7181	65.7545
4239	65.7181	65.8347
4240	65.7181	65.8882
4241	65.7181	65.9829
4242	65.7181	65.9425
4243	65.7181	66.1948
4244	65.7181	67.4046
4245	65.7181	67.7042
4246	65.7181	67.829
4247	65.7181	66.9803
4248	65.7181	67.1134
4249	65.7181	66.6904
4250	65.7181	66.997
4251	65.7181	66.5167
4252	65.7181	66.9574
4253	65.7181	67.0946
4254	65.7181	66.651
4255	65.7181	66.1802
4256	65.7181	67.3083
4257	65.7181	65.946
4258	65.7181	66.377
4259	65.7181	65.7181
4260	65.7181	65.7181
4261	65.7181	65.7567
4262	65.7181	65.7181
4263	65.7181	65.7225
4264	65.7181	65.8578
4265	65.7181	65.7276
4266	65.7181	65.7181
4267	65.7181	65.8931
4268	65.7181	65.7181
4269	65.7181	65.7181
4270	65.7181	66.2684
4271	65.7181	65.8947
4272	65.7181	66.0646
4273	65.7181	65.7881
4274	65.7181	65.7181
4275	65.7181	65.7181
4276	65.7181	65.7592
4277	65.7181	65.7181
4278	65.7181	65.7574
4279	65.7181	65.741
4280	65.7181	65.8645
4281	65.7181	65.7419
4282	65.7181	65.7336
4283	65.7181	65.8337
4284	65.7181	65.739
4285	65.7181	65.7286
4286	65.7181	65.7181
4287	65.7181	65.7729
4288	65.7181	66.2325
4289	65.7181	65.8242
4290	65.7181	65.7595
4291	65.7181	65.8796
4292	65.7181	65.7181
4293	65.7181	65.7181
4294	65.7181	65.8227
4295	65.7181	65.7181
4296	65.7181	65.9263
4297	65.7181	66.0256
4298	65.7181	66.0538
4299	65.7181	66.077
4300	65.7181	66.0865
4301	65.7181	66.1923
4302	65.7181	66.9725
4303	65.7181	66.866
4304	65.7181	66.1493
4305	65.7181	65.728
4306	65.7181	66.2882
4307	65.7181	65.9063
4308	65.7181	66.1615
4309	65.7181	66.4098
4310	65.7181	66.9261
4311	65.7181	66.5389
4312	65.7181	66.0273
4313	65.7181	65.8476
4314	65.7181	67.2365
4315	65.7181	65.7281
4316	65.7181	65.7181
4317	65.7181	65.7181
4318	65.7181	65.7181
4319	65.7181	66.1752
4320	65.7181	67.5299
4321	65.7181	67.5328
4322	65.7181	67.8239
4323	65.7181	68.6124
4324	65.7181	66.4639
4325	65.7181	66.079
4326	65.7181	65.8692
4327	65.7181	66.2574
4328	65.7181	65.8195
4329	65.7181	67.8482
4330	65.7181	67.4667
4331	65.7181	67.4245
4332	65.7181	68.2218
4333	65.7181	66.4816
4334	65.7181	66.8151
4335	65.7181	66.1267
4336	65.7181	66.17
4337	65.7181	65.7181
4338	65.7181	66.0649
4339	65.7181	66.0779
4340	65.7181	65.9951
4341	65.7181	66.09
4342	65.7181	66.0819
4343	65.7181	66.1891
4344	65.7181	66.6965
4345	65.7181	67.1654
4346	65.7181	66.0006
4347	65.7181	66.5741
4348	65.7181	67.1493
4349	65.7181	65.8981
4350	65.7181	65.7308
4351	65.7181	65.7181
4352	65.7181	65.7181
4353	65.7181	65.7181
4354	65.7181	65.7181
4355	65.7181	65.7181
4356	65.7181	65.7181
4357	65.7181	65.7181
4358	65.7181	65.8784
4359	65.7181	66.0708
4360	65.7181	67.1113
4361	65.7181	66.7804
4362	65.7181	65.7319
4363	65.7181	65.7181
4364	65.7181	65.988
4365	65.7181	65.7739
4366	65.7181	65.9447
4367	65.7181	65.9784
4368	65.7181	66.0688
4369	65.7181	65.9186
4370	65.7181	65.8094
4371	65.7181	65.8533
4372	65.7181	66.097
4373	65.7181	65.7266
4374	65.7181	65.7181
4375	65.7181	65.9952
4376	65.7181	66.176
4377	65.7181	66.0337
4378	65.7181	65.7355
4379	65.7181	65.895
4380	65.7181	66.0096
4381	65.7181	66.4651
4382	65.7181	66.6363
4383	65.7181	66.8988
4384	65.7181	67.9005
4385	65.7181	67.7041
4386	65.7181	68.4759
4387	65.7181	67.0954
4388	65.7181	66.3461
4389	65.7181	65.7702
4390	65.7181	66.1035
4391	65.7181	65.7772
4392	65.7181	65.8056
4393	65.7181	66.4436
4394	65.7181	66.2456
4395	65.7181	66.2009
4396	65.7181	66.5912
4397	65.7181	66.6017
4398	65.7181	65.7776
4399	65.7181	65.777
4400	65.7181	65.7342
4401	65.7181	65.7253
4402	65.7181	66.1578
4403	65.7181	65.7253
4404	65.7181	65.9056
4405	65.7181	66.7339
4406	65.7181	67.5032
4407	65.7181	66.406
4408	65.7181	66.5647
4409	65.7181	66.9333
4410	65.7181	65.9015
4411	65.7181	65.831
4412	65.7181	65.8456
4413	65.7181	65.8508
4414	65.7181	65.7181
4415	65.7181	65.7657
4416	65.7181	65.8652
4417	65.7181	65.7639
4418	65.7181	65.7445
4419	65.7181	65.7211
4420	65.7181	65.7181
4421	65.7181	65.7181
4422	65.7181	65.7181
4423	65.7181	66.541
4424	65.7181	66.7777
4425	65.7181	66.8454
4426	65.7181	67.2332
4427	65.7181	68.3953
4428	65.7181	68.7379
4429	65.7181	66.7401
4430	65.7181	66.6137
4431	65.7181	67.2035
4432	65.7181	66.1714
4433	65.7181	67.4291
4434	65.7181	66.7854
4435	65.7181	67.2032
4436	65.7181	67.1689
4437	65.7181	67.1333
4438	65.7181	67.8439
4439	65.7181	66.4545
4440	65.7181	66.4511
4441	65.7181	66.8806
4442	65.7181	66.6089
4443	65.7181	67.3019
4444	65.7181	67.6114
4445	65.7181	66.5308
4446	65.7181	66.6595
4447	65.7181	66.9207
4448	65.7181	67.6708
4449	65.7181	68.1733
4450	65.7181	67.9461
4451	65.7181	66.036
4452	65.7181	66.0537
4453	65.7181	65.7735
4454	65.7181	66.0972
4455	65.7181	68.0587
4456	65.7181	67.3715
4457	65.7181	66.4368
4458	65.7181	66.6386
4459	65.7181	67.7009
4460	65.7181	68.7102
4461	65.7181	66.763
4462	65.7181	66.4531
4463	65.7181	66.9039
4464	65.7181	67.2717
4465	65.7181	65.7181
4466	65.7181	66.3097
4467	65.7181	66.185
4468	65.7181	66.6736
4469	65.7181	66.9969
4470	65.7181	66.9785
4471	65.7181	66.7412
4472	65.7181	65.8119
4473	65.7181	66.3318
4474	65.7181	65.9963
4475	65.7181	66.8663
4476	65.7181	66.3378
4477	65.7181	66.71
4478	65.7181	65.8957
4479	65.7181	65.8565
4480	65.7181	66.3373
4481	65.7181	66.1412
4482	65.7181	67.4946
4483	65.7181	67.4233
4484	65.7181	66.3149
4485	65.7181	65.7495
4486	65.7181	65.7181
4487	65.7181	66.4994
4488	65.7181	66.6406
4489	65.7181	66.7226
4490	65.7181	66.3052
4491	65.7181	66.1222
4492	65.7181	65.8167
4493	65.7181	66.2715
4494	65.7181	66.0723
4495	65.7181	65.8089
4496	65.7181	65.9804
4497	65.7181	65.743
4498	65.7181	67.4625
4499	65.7181	67.8581
4500	65.7181	66.4349
4501	65.7181	66.4859
4502	65.7181	65.7284
4503	65.7181	66.4133
4504	65.7181	67.673
4505	65.7181	68.2294
4506	65.7181	67.1308
4507	65.7181	68.0558
4508	65.7181	67.9434
4509	65.7181	68.3167
4510	65.7181	67.2566
4511	65.7181	66.2459
4512	65.7181	66.338
4513	65.7181	66.7312
4514	65.7181	66.2078
4515	65.7181	65.7521
4516	65.7181	67.2874
4517	65.7181	68.7892
4518	65.7181	67.8682
4519	65.7181	69.8445
4520	65.7181	67.5679
4521	65.7181	68.1795
4522	65.7181	68.2725
4523	65.7181	69.1075
4524	65.7181	66.6956
4525	65.7181	66.744
4526	65.7181	65.8339
4527	65.7181	66.0835
4528	65.7181	65.7181
4529	65.7181	65.7865
4530	65.7181	65.7567
4531	65.7181	66.5703
4532	65.7181	66.7053
4533	65.7181	66.6032
4534	65.7181	68.1322
4535	65.7181	67.3112
4536	65.7181	65.753
4537	65.7181	65.9845
4538	65.7181	65.7409
4539	65.7181	65.7181
4540	65.7181	65.7181
4541	65.7181	65.7476
4542	65.7181	66.1065
4543	65.7181	65.9319
4544	65.7181	66.6117
4545	65.7181	67.4581
4546	65.7181	66.7806
4547	65.7181	65.7959
4548	65.7181	66.4865
4549	65.7181	66.9815
4550	65.7181	67.7907
4551	65.7181	67.0651
4552	65.7181	68.3938
4553	65.7181	68.885
4554	65.7181	69.9978
4555	65.7181	69.5435
4556	65.7181	68.6547
4557	65.7181	68.9164
4558	65.7181	69.7001
4559	65.7181	70.1865
4560	65.7181	66.9276
4561	65.7181	65.8571
4562	65.7181	65.7181
4563	65.7181	65.8218
4564	65.7181	65.7399
4565	65.7181	65.9454
4566	65.7181	66.4217
4567	65.7181	66.7916
4568	65.7181	66.5075
4569	65.7181	67.2357
4570	65.7181	66.2307
4571	65.7181	66.3987
4572	65.7181	65.7876
4573	65.7181	66.3183
4574	65.7181	66.0849
4575	65.7181	65.7308
4576	65.7181	65.7181
4577	65.7181	65.7181
4578	65.7181	66.0364
4579	65.7181	65.9457
4580	65.7181	65.7777
4581	65.7181	65.7872
4582	65.7181	66.3566
4583	65.7181	66.2971
4584	65.7181	67.1362
4585	65.7181	67.335
4586	65.7181	66.2728
4587	65.7181	66.5125
4588	65.7181	66.8918
4589	65.7181	66.9059
4590	65.7181	68.1349
4591	65.7181	67.2749
4592	65.7181	67.085
4593	65.7181	67.1648
4594	65.7181	67.4537
4595	65.7181	67.845
4596	65.7181	67.5198
4597	65.7181	66.7043
4598	65.7181	66.5664
4599	65.7181	66.0557
4600	65.7181	66.5827
4601	65.7181	67.5207
4602	65.7181	66.0865
4603	65.7181	65.9188
4604	65.7181	67.0956
4605	65.7181	66.1427
4606	65.7181	66.6919
4607	65.7181	66.211
4608	65.7181	67.1534
4609	65.7181	66.6914
4610	65.7181	67.5096
4611	65.7181	67.8313
4612	65.7181	67.3262
4613	65.7181	67.314
4614	65.7181	66.4777
4615	65.7181	66.256
4616	65.7181	67.5274
4617	65.7181	66.7505
4618	65.7181	66.6994
4619	65.7181	66.8781
4620	65.7181	66.2757
4621	65.7181	67.1145
4622	65.7181	66.3863
4623	65.7181	66.4964
4624	65.7181	66.9444
4625	65.7181	68.1757
4626	65.7181	69.2423
4627	65.7181	67.5474
4628	65.7181	65.7756
4629	65.7181	65.7749
4630	65.7181	65.8978
4631	65.7181	65.8418
4632	65.7181	65.7181
4633	65.7181	65.7495
4634	65.7181	66.0426
4635	65.7181	67.2621
4636	65.7181	66.7245
4637	65.7181	66.4693
4638	65.7181	66.6081
4639	65.7181	66.2823
4640	65.7181	66.4399
4641	65.7181	65.7399
4642	65.7181	67.3786
4643	65.7181	67.4377
4644	65.7181	67.1751
4645	65.7181	66.5161
4646	65.7181	66.3536
4647	65.7181	65.9743
4648	65.7181	66.0387
4649	65.7181	67.0523
4650	65.7181	66.2557
4651	65.7181	66.4641
4652	65.7181	66.1936
4653	65.7181	66.6895
4654	65.7181	67.6836
4655	65.7181	67.9105
4656	65.7181	67.4488
4657	65.7181	66.1881
4658	65.7181	66.0184
4659	65.7181	66.535
4660	65.7181	65.8675
4661	65.7181	65.7181
4662	65.7181	65.7503
4663	65.7181	66.0592
4664	65.7181	65.7248
4665	65.7181	66.1408
4666	65.7181	66.1382
4667	65.7181	66.7101
4668	65.7181	66.3943
4669	65.7181	66.131
4670	65.7181	66.2348
4671	65.7181	66.1385
4672	65.7181	66.8821
4673	65.7181	66.3866
4674	65.7181	65.9276
4675	65.7181	66.1569
4676	65.7181	65.7181
4677	65.7181	66.3246
4678	65.7181	66.8043
4679	65.7181	66.2175
4680	65.7181	66.7799
4681	65.7181	66.2794
4682	65.7181	66.0243
4683	65.7181	65.8379
4684	65.7181	66.6533
4685	65.7181	66.4232
4686	65.7181	66.3693
4687	65.7181	66.0298
4688	65.7181	67.7096
4689	65.7181	68.6879
4690	65.7181	68.6782
4691	65.7181	68.1368
4692	65.7181	67.8436
4693	65.7181	66.5904
4694	65.7181	65.8006
4695	65.7181	67.6035
4696	65.7181	66.9033
4697	65.7181	67.4306
4698	65.7181	68.4936
4699	65.7181	67.0774
4700	65.7181	66.4644
4701	65.7181	68.3387
4702	65.7181	68.1844
4703	65.7181	66.994
4704	65.7181	67.2477
4705	65.7181	65.9846
4706	65.7181	66.8893
4707	65.7181	67.0585
4708	65.7181	66.2435
4709	65.7181	66.3075
4710	65.7181	66.6507
4711	65.7181	67.7228
4712	65.7181	66.4267
4713	65.7181	67.0625
4714	65.7181	67.4178
4715	65.7181	65.7181
4716	65.7181	66.5859
4717	65.7181	67.0156
4718	65.7181	66.4669
4719	65.7181	65.831
4720	65.7181	65.7631
4721	65.7181	65.7181
4722	65.7181	65.7181
4723	65.7181	65.7181
4724	65.7181	65.7181
4725	65.7181	66.1005
4726	65.7181	65.7181
4727	65.7181	65.8204
4728	65.7181	66.1898
4729	65.7181	66.5973
4730	65.7181	65.8316
4731	65.7181	66.6596
4732	65.7181	66.1903
4733	65.7181	65.7918
4734	65.7181	66.3954
4735	65.7181	66.8029
4736	65.7181	66.0939
4737	65.7181	66.2023
4738	65.7181	66.2652
4739	65.7181	65.9743
4740	65.7181	65.9246
4741	65.7181	65.9502
4742	65.7181	65.8711
4743	65.7181	65.8766
4744	65.7181	65.7277
4745	65.7181	65.7253
4746	65.7181	66.3104
4747	65.7181	66.5205
4748	65.7181	65.7181
4749	65.7181	65.7521
4750	65.7181	66.0242
4751	65.7181	66.4878
4752	65.7181	67.4793
4753	65.7181	66.2226
4754	65.7181	67.1065
4755	65.7181	67.292
4756	65.7181	66.3555
4757	65.7181	67.836
4758	65.7181	67.8604
4759	65.7181	68.6364
4760	65.7181	68.2255
4761	65.7181	67.3473
4762	65.7181	66.9378
4763	65.7181	66.7613
4764	65.7181	67.217
4765	65.7181	67.2911
4766	65.7181	65.7561
4767	65.7181	65.7405
4768	65.7181	65.7477
4769	65.7181	65.7181
4770	65.7181	65.7673
4771	65.7181	66.4628
4772	65.7181	66.0003
4773	65.7181	66.0007
4774	65.7181	66.2115
4775	65.7181	65.969
4776	65.7181	65.9156
4777	65.7181	66.1231
4778	65.7181	66.2473
4779	65.7181	67.0636
4780	65.7181	66.9165
4781	65.7181	66.1527
4782	65.7181	65.7181
4783	65.7181	66.3398
4784	65.7181	67.2888
4785	65.7181	67.2791
4786	65.7181	68.3724
4787	65.7181	67.0961
4788	65.7181	66.2289
4789	65.7181	66.2339
4790	65.7181	66.2095
4791	65.7181	65.7192
4792	65.7181	65.7181
4793	65.7181	65.7226
4794	65.7181	65.8026
4795	65.7181	65.7756
4796	65.7181	66.1916
4797	65.7181	66.114
4798	65.7181	66.4433
4799	65.7181	66.4628
4800	65.7181	66.1244
4801	65.7181	65.7181
4802	65.7181	65.7181
4803	65.7181	65.7281
4804	65.7181	65.7181
4805	65.7181	65.7284
4806	65.7181	65.7181
4807	65.7181	65.7908
4808	65.7181	66.6167
4809	65.7181	66.0483
4810	65.7181	65.9862
4811	65.7181	66.6561
4812	65.7181	69.5533
4813	65.7181	70.0291
4814	65.7181	69.2668
4815	65.7181	66.2811
4816	65.7181	66.2391
4817	65.7181	65.9691
4818	65.7181	66.7242
4819	65.7181	66.6699
4820	65.7181	66.1661
4821	65.7181	65.9349
4822	65.7181	65.7578
4823	65.7181	65.7181
4824	65.7181	65.7181
4825	65.7181	66.2634
4826	65.7181	66.8027
4827	65.7181	66.825
4828	65.7181	66.5524
4829	65.7181	66.6636
4830	65.7181	68.1421
4831	65.7181	66.4717
4832	65.7181	65.7181
4833	65.7181	65.7181
4834	65.7181	65.7181
4835	65.7181	65.7837
4836	65.7181	65.7181
4837	65.7181	65.7181
4838	65.7181	66.7612
4839	65.7181	66.6137
4840	65.7181	65.728
4841	65.7181	65.7181
4842	65.7181	67.4643
4843	65.7181	66.1208
4844	65.7181	65.7855
4845	65.7181	66.0084
4846	65.7181	65.7559
4847	65.7181	65.9858
4848	65.7181	65.7839
4849	65.7181	66.5631
4850	65.7181	66.0548
4851	65.7181	66.3579
4852	65.7181	67.9406
4853	65.7181	67.7628
4854	65.7181	66.652
4855	65.7181	66.4437
4856	65.7181	65.7251
4857	65.7181	65.7181
4858	65.7181	66.1278
4859	65.7181	66.1661
4860	65.7181	65.919
4861	65.7181	66.5755
4862	65.7181	66.6355
4863	65.7181	66.1788
4864	65.7181	65.9095
4865	65.7181	66.0398
4866	65.7181	66.0624
4867	65.7181	66.5726
4868	65.7181	65.7597
4869	65.7181	65.8936
4870	65.7181	65.7253
4871	65.7181	65.9825
4872	65.7181	67.5843
4873	65.7181	69.8705
4874	65.7181	68.7685
4875	65.7181	67.3281
4876	65.7181	68.4376
4877	65.7181	66.0339
4878	65.7181	66.538
4879	65.7181	65.7876
4880	65.7181	65.7993
4881	65.7181	66.67
4882	65.7181	66.0124
4883	65.7181	66.2694
4884	65.7181	65.9495
4885	65.7181	66.2214
4886	65.7181	65.7646
4887	65.7181	65.7921
4888	65.7181	66.3794
4889	65.7181	66.9492
4890	65.7181	66.161
4891	65.7181	65.9639
4892	65.7181	66.4487
4893	65.7181	66.4228
4894	65.7181	66.7168
4895	65.7181	65.9574
4896	65.7181	65.7181
4897	65.7181	66.0185
4898	65.7181	65.7181
4899	65.7181	65.8736
4900	65.7181	66.034
4901	65.7181	66.0395
4902	65.7181	67.628
4903	65.7181	68.2401
4904	65.7181	66.6961
4905	65.7181	66.2563
4906	65.7181	66.0527
4907	65.7181	66.3589
4908	65.7181	66.8437
4909	65.7181	66.4958
4910	65.7181	65.8565
4911	65.7181	66.0397
4912	65.7181	66.0514
4913	65.7181	65.7447
4914	65.7181	66.6701
4915	65.7181	66.0572
4916	65.7181	66.585
4917	65.7181	65.7941
4918	65.7181	65.7398
4919	65.7181	65.7181
4920	65.7181	65.9961
4921	65.7181	65.7534
4922	65.7181	66.0858
4923	65.7181	67.9056
4924	65.7181	68.1696
4925	65.7181	68.3365
4926	65.7181	66.7911
4927	65.7181	65.7181
4928	65.7181	65.8003
4929	65.7181	66.4221
4930	65.7181	65.7181
4931	65.7181	66.0262
4932	65.7181	66.2677
4933	65.7181	65.9269
4934	65.7181	66.8225
4935	65.7181	69.3869
4936	65.7181	69.3519
4937	65.7181	69.4311
4938	65.7181	70.383
4939	65.7181	66.4155
4940	65.7181	65.7181
4941	65.7181	65.7181
4942	65.7181	65.7181
4943	65.7181	66.4579
4944	65.7181	66.6962
4945	65.7181	65.7181
4946	65.7181	65.7181
4947	65.7181	65.8972
4948	65.7181	66.9219
4949	65.7181	66.0333
4950	65.7181	65.8089
4951	65.7181	65.7181
4952	65.7181	65.7181
4953	65.7181	65.7181
4954	65.7181	65.7288
4955	65.7181	65.7395
4956	65.7181	65.8897
4957	65.7181	66.6381
4958	65.7181	65.7181
4959	65.7181	65.7434
4960	65.7181	66.1169
4961	65.7181	65.7181
4962	65.7181	66.1175
4963	65.7181	66.2844
4964	65.7181	67.0876
4965	65.7181	66.8166
4966	65.7181	66.9592
4967	65.7181	66.5141
4968	65.7181	67.7074
4969	65.7181	67.8605
4970	65.7181	66.0428
4971	65.7181	65.9448
4972	65.7181	66.5503
4973	65.7181	66.1211
4974	65.7181	66.1405
4975	65.7181	66.5352
4976	65.7181	66.5553
4977	65.7181	66.3994
4978	65.7181	66.4172
4979	65.7181	66.6111
4980	65.7181	66.2137
4981	65.7181	66.674
4982	65.7181	66.6295
4983	65.7181	67.8643
4984	65.7181	67.8024
4985	65.7181	66.9526
4986	65.7181	66.132
4987	65.7181	65.7461
4988	65.7181	65.9632
4989	65.7181	66.2767
4990	65.7181	65.9336
4991	65.7181	65.7181
4992	65.7181	65.7181
4993	65.7181	65.7181
4994	65.7181	65.7181
4995	65.7181	65.7181
4996	65.7181	65.7562
4997	65.7181	66.0949
4998	65.7181	66.7263
4999	65.7181	67.2087
5000	65.7181	66.5393
5001	65.7181	66.145
5002	65.7181	65.9925
5003	65.7181	65.7181
5004	65.7181	65.7181
5005	65.7181	65.7181
5006	65.7181	65.9488
5007	65.7181	65.9409
5008	65.7181	65.9148
5009	65.7181	65.9792
5010	65.7181	65.9146
5011	65.7181	65.7773
5012	65.7181	66.6594
5013	65.7181	65.9892
5014	65.7181	65.7767
5015	65.7181	65.7474
5016	65.7181	65.9433
5017	65.7181	66.2972
5018	65.7181	66.4738
5019	65.7181	66.1544
5020	65.7181	65.8425
5021	65.7181	66.1538
5022	65.7181	66.6925
5023	65.7181	66.0676
5024	65.7181	66.1213
5025	65.7181	65.7181
5026	65.7181	65.7606
5027	65.7181	65.758
5028	65.7181	65.7181
5029	65.7181	65.9321
5030	65.7181	65.7181
5031	65.7181	65.8843
5032	65.7181	66.2796
5033	65.7181	65.7251
5034	65.7181	66.2064
5035	65.7181	66.675
5036	65.7181	65.8752
5037	65.7181	65.9657
5038	65.7181	65.9806
5039	65.7181	68.3524
5040	65.7181	69.82
5041	65.7181	69.0703
5042	65.7181	67.5989
5043	65.7181	66.5925
5044	65.7181	65.7343
5045	65.7181	66.0422
5046	65.7181	65.9279
5047	65.7181	66.0693
5048	65.7181	67.4056
5049	65.7181	66.8587
5050	65.7181	66.7255
5051	65.7181	66.2706
5052	65.7181	65.7562
5053	65.7181	65.7501
5054	65.7181	65.7181
5055	65.7181	65.7181
5056	65.7181	66.3001
5057	65.7181	66.8143
5058	65.7181	66.7165
5059	65.7181	66.5562
5060	65.7181	66.3713
5061	65.7181	65.7181
5062	65.7181	65.7181
5063	65.7181	65.7181
5064	65.7181	65.7181
5065	65.7181	65.7638
5066	65.7181	65.8336
5067	65.7181	66.0432
5068	65.7181	66.026
5069	65.7181	65.7181
5070	65.7181	66.0165
5071	65.7181	66.3754
5072	65.7181	68.2223
5073	65.7181	69.0146
5074	65.7181	67.8973
5075	65.7181	67.9298
5076	65.7181	66.5725
5077	65.7181	66.4114
5078	65.7181	66.1196
5079	65.7181	65.9135
5080	65.7181	65.9328
5081	65.7181	65.7181
5082	65.7181	66.0023
5083	65.7181	65.8673
5084	65.7181	66.2883
5085	65.7181	65.8259
5086	65.7181	65.9759
5087	65.7181	66.6676
5088	65.7181	66.4011
5089	65.7181	67.2502
5090	65.7181	67.0408
5091	65.7181	66.4414
5092	65.7181	67.3984
5093	65.7181	66.2689
5094	65.7181	65.8456
5095	65.7181	65.7181
5096	65.7181	65.7181
5097	65.7181	65.7596
5098	65.7181	65.8609
5099	65.7181	65.9207
5100	65.7181	65.8319
5101	65.7181	65.7181
5102	65.7181	66.3685
5103	65.7181	65.7181
5104	65.7181	65.9073
5105	65.7181	65.7292
5106	65.7181	65.7181
5107	65.7181	65.7181
5108	65.7181	65.8848
5109	65.7181	65.7641
5110	65.7181	65.7181
5111	65.7181	65.8442
5112	65.7181	65.7783
5113	65.7181	66.1391
5114	65.7181	66.105
5115	65.7181	67.0747
5116	65.7181	66.0702
5117	65.7181	67.2354
5118	65.7181	67.508
5119	65.7181	67.7253
5120	65.7181	66.4073
5121	65.7181	67.1801
5122	65.7181	66.7437
5123	65.7181	65.7876
5124	65.7181	65.7794
5125	65.7181	65.7314
5126	65.7181	66.8408
5127	65.7181	65.9623
5128	65.7181	66.4003
5129	65.7181	65.8077
5130	65.7181	65.8919
5131	65.7181	66.5242
5132	65.7181	66.789
5133	65.7181	69.2269
5134	65.7181	65.9179
5135	65.7181	65.8772
5136	65.7181	66.5963
5137	65.7181	66.9208
5138	65.7181	65.7813
5139	65.7181	65.7962
5140	65.7181	65.9243
5141	65.7181	66.1833
5142	65.7181	67.4301
5143	65.7181	66.497
5144	65.7181	66.4892
5145	65.7181	67.5856
5146	65.7181	66.0183
5147	65.7181	65.7919
5148	65.7181	65.8341
5149	65.7181	66.1882
5150	65.7181	66.4125
5151	65.7181	65.7181
5152	65.7181	65.7522
5153	65.7181	65.7181
5154	65.7181	66.2203
5155	65.7181	65.8719
5156	65.7181	66.0057
5157	65.7181	66.0057
5158	65.7181	66.9
5159	65.7181	66.593
5160	65.7181	66.2801
5161	65.7181	65.8159
5162	65.7181	67.4115
5163	65.7181	66.498
5164	65.7181	66.2734
5165	65.7181	66.8734
5166	65.7181	67.2679
5167	65.7181	66.7407
5168	65.7181	66.772
5169	65.7181	65.8109
5170	65.7181	65.9995
5171	65.7181	65.8355
5172	65.7181	66.0078
5173	65.7181	66.4369
5174	65.7181	65.7706
5175	65.7181	65.7181
5176	65.7181	65.7181
5177	65.7181	65.7181
5178	65.7181	65.7988
5179	65.7181	65.8085
5180	65.7181	65.7181
5181	65.7181	65.7578
5182	65.7181	65.7181
5183	65.7181	65.7913
5184	65.7181	65.779
5185	65.7181	66.1326
5186	65.7181	66.5883
5187	65.7181	65.9114
5188	65.7181	65.8274
5189	65.7181	65.7674
5190	65.7181	65.7181
5191	65.7181	66.2414
5192	65.7181	66.2604
5193	65.7181	66.2425
5194	65.7181	66.9592
5195	65.7181	66.9622
5196	65.7181	68.1347
5197	65.7181	68.7586
5198	65.7181	68.259
5199	65.7181	67.0451
5200	65.7181	67.3743
5201	65.7181	66.4296
5202	65.7181	67.791
5203	65.7181	66.6453
5204	65.7181	67.2747
5205	65.7181	67.1435
5206	65.7181	67.2234
5207	65.7181	67.2737
5208	65.7181	66.2209
5209	65.7181	67.0132
5210	65.7181	68.3679
5211	65.7181	67.6234
5212	65.7181	66.5324
5213	65.7181	66.3856
5214	65.7181	67.3567
5215	65.7181	67.1178
5216	65.7181	66.4311
5217	65.7181	67.1936
5218	65.7181	67.0454
5219	65.7181	66.3029
5220	65.7181	65.7929
5221	65.7181	66.7326
5222	65.7181	66.3658
5223	65.7181	65.835
5224	65.7181	65.7181
5225	65.7181	65.8543
5226	65.7181	66.341
5227	65.7181	66.7264
5228	65.7181	65.7181
5229	65.7181	66.0674
5230	65.7181	66.041
5231	65.7181	66.1057
5232	65.7181	66.9522
5233	65.7181	65.9889
5234	65.7181	66.2218
5235	65.7181	66.8894
5236	65.7181	66.8174
5237	65.7181	67.3278
5238	65.7181	66.6032
5239	65.7181	67.5106
5240	65.7181	67.4463
5241	65.7181	66.8557
5242	65.7181	68.0965
5243	65.7181	67.3768
5244	65.7181	68.9309
5245	65.7181	67.5016
5246	65.7181	66.964
5247	65.7181	65.8449
5248	65.7181	65.7763
5249	65.7181	65.8927
5250	65.7181	66.9342
5251	65.7181	66.0093
5252	65.7181	65.7181
5253	65.7181	65.7181
5254	65.7181	66.0022
5255	65.7181	66.3633
5256	65.7181	65.8979
5257	65.7181	66.7461
5258	65.7181	66.0584
5259	65.7181	65.9799
5260	65.7181	66.7311
5261	65.7181	66.4055
5262	65.7181	67.6846
5263	65.7181	67.0714
5264	65.7181	66.3187
5265	65.7181	67.3031
5266	65.7181	66.5102
5267	65.7181	66.2023
5268	65.7181	66.0994
5269	65.7181	65.7873
5270	65.7181	65.7181
5271	65.7181	65.8156
5272	65.7181	66.3618
5273	65.7181	67.0599
5274	65.7181	66.3145
5275	65.7181	66.8433
5276	65.7181	70.0271
5277	65.7181	66.8826
5278	65.7181	67.3665
5279	65.7181	66.8086
5280	65.7181	65.9624
5281	65.7181	65.7181
5282	65.7181	65.7598
5283	65.7181	66.1787
5284	65.7181	65.804
5285	65.7181	65.7181
5286	65.7181	65.7181
5287	65.7181	65.7181
5288	65.7181	65.7181
5289	65.7181	66.0651
5290	65.7181	65.8599
5291	65.7181	65.7181
5292	65.7181	66.5315
5293	65.7181	66.0965
5294	65.7181	66.417
5295	65.7181	67.212
5296	65.7181	69.0333
5297	65.7181	68.1641
5298	65.7181	67.5109
5299	65.7181	66.0121
5300	65.7181	65.7181
5301	65.7181	65.7267
5302	65.7181	65.9514
5303	65.7181	65.7181
5304	65.7181	66.1141
5305	65.7181	66.2481
5306	65.7181	65.8717
5307	65.7181	67.1995
5308	65.7181	66.2663
5309	65.7181	66.0507
5310	65.7181	65.934
5311	65.7181	66.372
5312	65.7181	66.0954
5313	65.7181	65.9956
5314	65.7181	65.7181
5315	65.7181	65.7181
5316	65.7181	65.7181
5317	65.7181	65.8897
5318	65.7181	65.8795
5319	65.7181	66.2422
5320	65.7181	66.2482
5321	65.7181	66.9445
5322	65.7181	66.054
5323	65.7181	66.556
5324	65.7181	66.2042
5325	65.7181	67.1983
5326	65.7181	68.5658
5327	65.7181	69.9201
5328	65.7181	68.164
5329	65.7181	68.5983
5330	65.7181	66.937
5331	65.7181	67.7821
5332	65.7181	67.6486
5333	65.7181	66.8961
5334	65.7181	68.5032
5335	65.7181	68.2255
5336	65.7181	66.3233
5337	65.7181	66.0276
5338	65.7181	65.81
5339	65.7181	65.7181
5340	65.7181	65.7181
5341	65.7181	65.7181
5342	65.7181	65.7181
5343	65.7181	65.7181
5344	65.7181	65.7181
5345	65.7181	65.7181
5346	65.7181	65.7181
5347	65.7181	65.7181
5348	65.7181	65.7181
5349	65.7181	65.7181
5350	65.7181	65.7181
5351	65.7181	65.7181
5352	65.7181	65.8059
5353	65.7181	66.3804
5354	65.7181	65.7181
5355	65.7181	65.9697
5356	65.7181	66.5324
5357	65.7181	66.3668
5358	65.7181	66.7364
5359	65.7181	66.7828
5360	65.7181	67.1715
5361	65.7181	66.188
5362	65.7181	66.6759
5363	65.7181	66.9861
5364	65.7181	66.9244
5365	65.7181	68.0014
5366	65.7181	68.5401
5367	65.7181	68.0411
5368	65.7181	68.7568
5369	65.7181	68.9901
5370	65.7181	66.8031
5371	65.7181	66.6316
5372	65.7181	67.2334
5373	65.7181	66.8791
5374	65.7181	66.2117
5375	65.7181	65.8345
5376	65.7181	65.8585
5377	65.7181	66.6909
5378	65.7181	67.1197
5379	65.7181	66.3128
5380	65.7181	65.8918
5381	65.7181	65.778
5382	65.7181	65.8593
5383	65.7181	65.7331
5384	65.7181	65.8401
5385	65.7181	66.7312
5386	65.7181	65.8511
5387	65.7181	66.1874
5388	65.7181	67.1721
5389	65.7181	67.8256
5390	65.7181	67.5315
5391	65.7181	67.1805
5392	65.7181	66.7124
5393	65.7181	66.2016
5394	65.7181	66.0275
5395	65.7181	66.4564
5396	65.7181	66.7784
5397	65.7181	65.9611
5398	65.7181	65.7254
5399	65.7181	65.9372
5400	65.7181	65.8201
5401	65.7181	66.3531
5402	65.7181	65.9804
5403	65.7181	66.0196
5404	65.7181	65.8852
5405	65.7181	67.644
5406	65.7181	65.9003
5407	65.7181	66.64
5408	65.7181	65.7352
5409	65.7181	65.9507
5410	65.7181	67.3853
5411	65.7181	68.6707
5412	65.7181	67.6225
5413	65.7181	68.7516
5414	65.7181	66.3888
5415	65.7181	66.5945
5416	65.7181	66.3303
5417	65.7181	65.7181
5418	65.7181	65.7181
5419	65.7181	65.7181
5420	65.7181	65.741
5421	65.7181	66.5729
5422	65.7181	66.0868
5423	65.7181	65.7181
5424	65.7181	65.7181
5425	65.7181	65.7181
5426	65.7181	65.7253
5427	65.7181	65.7181
5428	65.7181	65.7181
5429	65.7181	65.7181
5430	65.7181	65.8603
5431	65.7181	66.9569
5432	65.7181	65.7181
5433	65.7181	65.956
5434	65.7181	65.9114
5435	65.7181	66.8772
5436	65.7181	66.108
5437	65.7181	65.7181
5438	65.7181	65.7312
5439	65.7181	65.73
5440	65.7181	65.7359
5441	65.7181	65.73
5442	65.7181	65.947
5443	65.7181	65.7429
5444	65.7181	66.2967
5445	65.7181	66.1693
5446	65.7181	67.0628
5447	65.7181	70.0676
5448	65.7181	69.0983
5449	65.7181	68.676
5450	65.7181	68.4498
5451	65.7181	66.3406
5452	65.7181	65.7181
5453	65.7181	65.7181
5454	65.7181	65.7181
5455	65.7181	65.7181
5456	65.7181	65.7181
5457	65.7181	65.7181
5458	65.7181	66.3676
5459	65.7181	67.7966
5460	65.7181	68.2188
5461	65.7181	67.3603
5462	65.7181	66.2516
5463	65.7181	65.7343
5464	65.7181	65.7181
5465	65.7181	66.1535
5466	65.7181	66.0184
5467	65.7181	66.2396
5468	65.7181	65.824
5469	65.7181	65.8793
5470	65.7181	66.3662
5471	65.7181	66.7021
5472	65.7181	66.7716
5473	65.7181	67.9717
5474	65.7181	67.0136
5475	65.7181	70.0055
5476	65.7181	68.6597
5477	65.7181	68.6994
5478	65.7181	68.2126
5479	65.7181	66.3906
5480	65.7181	66.0925
5481	65.7181	65.825
5482	65.7181	66.0781
5483	65.7181	65.7449
5484	65.7181	66.056
5485	65.7181	65.7181
5486	65.7181	65.7335
5487	65.7181	65.7709
5488	65.7181	65.9558
5489	65.7181	65.7181
5490	65.7181	66.1981
5491	65.7181	65.8286
5492	65.7181	65.7715
5493	65.7181	66.5259
5494	65.7181	67.6
5495	65.7181	66.9602
5496	65.7181	65.9083
5497	65.7181	65.8445
5498	65.7181	65.9458
5499	65.7181	65.7261
5500	65.7181	65.9103
5501	65.7181	65.7181
5502	65.7181	66.0985
5503	65.7181	66.4232
5504	65.7181	66.131
5505	65.7181	65.7921
5506	65.7181	66.7888
5507	65.7181	66.2413
5508	65.7181	67.6886
5509	65.7181	67.4824
5510	65.7181	66.9876
5511	65.7181	67.0983
5512	65.7181	67.1296
5513	65.7181	66.151
5514	65.7181	65.8277
5515	65.7181	66.9108
5516	65.7181	66.3435
5517	65.7181	66.1448
5518	65.7181	65.7633
5519	65.7181	65.7181
5520	65.7181	66.6546
5521	65.7181	65.7621
5522	65.7181	67.3677
5523	65.7181	67.0369
5524	65.7181	66.9646
5525	65.7181	67.1801
5526	65.7181	66.8734
5527	65.7181	66.6419
5528	65.7181	65.8546
5529	65.7181	66.3916
5530	65.7181	65.7872
5531	65.7181	65.7181
5532	65.7181	66.2175
5533	65.7181	65.9736
5534	65.7181	65.8082
5535	65.7181	65.7181
5536	65.7181	66.0296
5537	65.7181	65.9091
5538	65.7181	65.9892
5539	65.7181	65.976
5540	65.7181	66.2422
5541	65.7181	66.9628
5542	65.7181	66.5445
5543	65.7181	67.6507
5544	65.7181	66.9233
5545	65.7181	66.0934
5546	65.7181	65.7656
5547	65.7181	65.7181
5548	65.7181	65.971
5549	65.7181	66.5503
5550	65.7181	66.3908
5551	65.7181	65.7635
5552	65.7181	66.0272
5553	65.7181	66.8759
5554	65.7181	66.6177
5555	65.7181	68.642
5556	65.7181	66.3535
5557	65.7181	66.6021
5558	65.7181	65.8146
5559	65.7181	65.7181
5560	65.7181	65.7181
5561	65.7181	65.7828
5562	65.7181	66.2444
5563	65.7181	67.1656
5564	65.7181	66.8055
5565	65.7181	66.3392
5566	65.7181	66.3159
5567	65.7181	66.4348
5568	65.7181	65.7181
5569	65.7181	65.7181
5570	65.7181	65.9803
5571	65.7181	66.1037
5572	65.7181	66.3332
5573	65.7181	67.3087
5574	65.7181	66.5117
5575	65.7181	67.5299
5576	65.7181	66.6918
5577	65.7181	68.5879
5578	65.7181	67.4226
5579	65.7181	69.1095
5580	65.7181	67.7353
5581	65.7181	66.893
5582	65.7181	67.0206
5583	65.7181	65.8757
5584	65.7181	65.7181
5585	65.7181	65.727
5586	65.7181	65.9027
5587	65.7181	65.8012
5588	65.7181	65.9391
5589	65.7181	65.8402
5590	65.7181	65.7388
5591	65.7181	66.2366
5592	65.7181	65.7621
5593	65.7181	65.726
5594	65.7181	66.132
5595	65.7181	66.3431
5596	65.7181	66.2609
5597	65.7181	68.5642
5598	65.7181	67.7209
5599	65.7181	66.4134
5600	65.7181	66.4409
5601	65.7181	66.2208
5602	65.7181	66.6651
5603	65.7181	67.2353
5604	65.7181	66.3705
5605	65.7181	66.1613
5606	65.7181	68.32
5607	65.7181	65.8585
5608	65.7181	65.7526
5609	65.7181	65.9343
5610	65.7181	66.3062
5611	65.7181	67.0617
5612	65.7181	67.2804
5613	65.7181	65.7181
5614	65.7181	66.8919
5615	65.7181	66.8297
5616	65.7181	66.3241
5617	65.7181	65.7181
5618	65.7181	66.5052
5619	65.7181	66.2909
5620	65.7181	65.7181
5621	65.7181	65.7181
5622	65.7181	65.7181
5623	65.7181	65.7181
5624	65.7181	65.7308
5625	65.7181	66.2639
5626	65.7181	67.0571
5627	65.7181	67.0266
5628	65.7181	68.3368
5629	65.7181	66.2807
5630	65.7181	66.8964
5631	65.7181	66.13
5632	65.7181	67.0425
5633	65.7181	67.1087
5634	65.7181	66.5621
5635	65.7181	65.7181
5636	65.7181	65.7439
5637	65.7181	65.8652
5638	65.7181	65.7181
5639	65.7181	65.7181
5640	65.7181	65.8079
5641	65.7181	65.8247
5642	65.7181	67.2007
5643	65.7181	65.9832
5644	65.7181	66.4211
5645	65.7181	67.2801
5646	65.7181	66.8981
5647	65.7181	67.2621
5648	65.7181	65.8829
5649	65.7181	67.3404
5650	65.7181	65.7756
5651	65.7181	66.2456
5652	65.7181	66.1333
5653	65.7181	66.9527
5654	65.7181	66.2391
5655	65.7181	65.9205
5656	65.7181	65.7181
5657	65.7181	66.1814
5658	65.7181	66.0167
5659	65.7181	65.7507
5660	65.7181	65.7181
5661	65.7181	65.7844
5662	65.7181	66.1705
5663	65.7181	66.2372
5664	65.7181	65.9557
5665	65.7181	65.8242
5666	65.7181	65.7592
5667	65.7181	65.7395
5668	65.7181	65.8694
5669	65.7181	66.4397
5670	65.7181	65.9456
5671	65.7181	65.7673
5672	65.7181	65.8296
5673	65.7181	65.9662
5674	65.7181	65.7955
5675	65.7181	65.7181
5676	65.7181	65.7181
5677	65.7181	65.7181
5678	65.7181	65.7181
5679	65.7181	65.7181
5680	65.7181	65.7181
5681	65.7181	65.7181
5682	65.7181	66.1115
5683	65.7181	66.5233
5684	65.7181	65.7181
5685	65.7181	65.7181
5686	65.7181	65.7181
5687	65.7181	65.7181
5688	65.7181	65.9161
5689	65.7181	65.9425
5690	65.7181	65.7181
5691	65.7181	66.4321
5692	65.7181	65.9581
5693	65.7181	65.9009
5694	65.7181	65.9125
5695	65.7181	65.8216
5696	65.7181	65.7181
5697	65.7181	65.8618
5698	65.7181	65.7181
5699	65.7181	67.1149
5700	65.7181	67.8757
5701	65.7181	67.3962
5702	65.7181	66.3032
5703	65.7181	66.095
5704	65.7181	66.3716
5705	65.7181	66.0235
5706	65.7181	65.7181
5707	65.7181	65.9685
5708	65.7181	67.2763
5709	65.7181	67.1609
5710	65.7181	66.5651
5711	65.7181	65.7604
5712	65.7181	66.2386
5713	65.7181	66.6728
5714	65.7181	66.9511
5715	65.7181	67.2453
5716	65.7181	67.9737
5717	65.7181	67.4377
5718	65.7181	66.4179
5719	65.7181	65.7927
5720	65.7181	66.2978
5721	65.7181	66.1368
5722	65.7181	65.9456
5723	65.7181	66.0382
5724	65.7181	67.8149
5725	65.7181	67.1095
5726	65.7181	66.0435
5727	65.7181	65.8381
5728	65.7181	65.7181
5729	65.7181	65.7181
5730	65.7181	65.7181
5731	65.7181	65.9045
5732	65.7181	65.8015
5733	65.7181	65.8541
5734	65.7181	65.784
5735	65.7181	65.7719
5736	65.7181	66.886
5737	65.7181	66.0156
5738	65.7181	66.7
5739	65.7181	66.9022
5740	65.7181	67.226
5741	65.7181	66.153
5742	65.7181	66.9826
5743	65.7181	65.8699
5744	65.7181	65.9391
5745	65.7181	66.7293
5746	65.7181	66.9623
5747	65.7181	66.4459
5748	65.7181	67.4007
5749	65.7181	68.0109
5750	65.7181	65.8259
5751	65.7181	66.0676
5752	65.7181	65.7181
5753	65.7181	65.7952
5754	65.7181	65.9159
5755	65.7181	65.767
5756	65.7181	66.5607
5757	65.7181	67.8991
5758	65.7181	67.5491
5759	65.7181	67.8607
5760	65.7181	66.1862
5761	65.7181	66.2744
5762	65.7181	65.7525
5763	65.7181	65.7181
5764	65.7181	65.7351
5765	65.7181	65.9377
5766	65.7181	65.7181
5767	65.7181	65.7558
5768	65.7181	65.89
5769	65.7181	65.9164
5770	65.7181	66.3614
5771	65.7181	66.1546
5772	65.7181	66.778
5773	65.7181	65.7579
5774	65.7181	66.7554
5775	65.7181	67.3795
5776	65.7181	67.9603
5777	65.7181	67.1547
5778	65.7181	68.9634
5779	65.7181	67.595
5780	65.7181	68.0565
5781	65.7181	68.3013
5782	65.7181	67.5979
5783	65.7181	67.4151
5784	65.7181	66.5463
5785	65.7181	66.2144
5786	65.7181	66.1642
5787	65.7181	67.7157
5788	65.7181	67.5896
5789	65.7181	67.3425
5790	65.7181	67.801
5791	65.7181	67.2675
5792	65.7181	69.3593
5793	65.7181	68.772
5794	65.7181	68.2165
5795	65.7181	67.6098
5796	65.7181	66.9631
5797	65.7181	66.8068
5798	65.7181	66.3316
5799	65.7181	66.8037
5800	65.7181	67.9016
5801	65.7181	69.3176
5802	65.7181	67.9259
5803	65.7181	67.4406
5804	65.7181	68.1298
5805	65.7181	66.0748
5806	65.7181	67.081
5807	65.7181	66.716
5808	65.7181	66.4966
5809	65.7181	65.7181
5810	65.7181	65.7181
5811	65.7181	65.7181
5812	65.7181	65.8476
5813	65.7181	67.1539
5814	65.7181	66.4109
5815	65.7181	65.7181
5816	65.7181	65.7794
5817	65.7181	66.0788
5818	65.7181	65.8549
5819	65.7181	65.7636
5820	65.7181	66.1599
5821	65.7181	66.0326
5822	65.7181	68.6431
5823	65.7181	69.69
5824	65.7181	70.4351
5825	65.7181	67.8029
5826	65.7181	67.0466
5827	65.7181	66.6936
5828	65.7181	65.9334
5829	65.7181	65.7301
5830	65.7181	65.8297
5831	65.7181	66.1261
5832	65.7181	67.8691
5833	65.7181	66.5052
5834	65.7181	66.6608
5835	65.7181	66.3296
5836	65.7181	65.8524
5837	65.7181	65.8119
5838	65.7181	66.3684
5839	65.7181	65.7181
5840	65.7181	65.737
5841	65.7181	66.0265
5842	65.7181	66.1263
5843	65.7181	65.7181
5844	65.7181	65.9742
5845	65.7181	65.9049
5846	65.7181	65.7181
5847	65.7181	66.3606
5848	65.7181	66.9376
5849	65.7181	66.3546
5850	65.7181	66.6881
5851	65.7181	65.9306
5852	65.7181	65.9982
5853	65.7181	65.7181
5854	65.7181	65.7181
5855	65.7181	65.7181
5856	65.7181	65.9464
5857	65.7181	65.749
5858	65.7181	65.8779
5859	65.7181	65.7519
5860	65.7181	66.1174
5861	65.7181	65.7423
5862	65.7181	67.1611
5863	65.7181	68.0969
5864	65.7181	66.5593
5865	65.7181	66.095
5866	65.7181	66.1578
5867	65.7181	66.0318
5868	65.7181	66.5921
5869	65.7181	65.909
5870	65.7181	65.8789
5871	65.7181	65.7181
5872	65.7181	65.749
5873	65.7181	65.7181
5874	65.7181	65.7181
5875	65.7181	65.7181
5876	65.7181	66.447
5877	65.7181	66.9769
5878	65.7181	67.8423
5879	65.7181	67.261
5880	65.7181	66.1688
5881	65.7181	65.7686
5882	65.7181	65.7226
5883	65.7181	65.7791
5884	65.7181	65.9764
5885	65.7181	66.063
5886	65.7181	66.0985
5887	65.7181	66.0203
5888	65.7181	66.0214
5889	65.7181	65.7288
5890	65.7181	66.2544
5891	65.7181	66.5597
5892	65.7181	66.7779
5893	65.7181	66.7249
5894	65.7181	68.5553
5895	65.7181	66.1423
5896	65.7181	67.0723
5897	65.7181	66.9911
5898	65.7181	68.2253
5899	65.7181	68.0406
5900	65.7181	67.1421
5901	65.7181	67.0602
5902	65.7181	66.9401
5903	65.7181	67.9314
5904	65.7181	67.3148
5905	65.7181	68.005
5906	65.7181	67.504
5907	65.7181	67.5105
5908	65.7181	66.4291
5909	65.7181	67.8988
5910	65.7181	67.5812
5911	65.7181	67.9405
5912	65.7181	66.0796
5913	65.7181	66.3131
5914	65.7181	66.1686
5915	65.7181	66.2197
5916	65.7181	65.7402
5917	65.7181	67.4065
5918	65.7181	67.5068
5919	65.7181	67.0172
5920	65.7181	67.366
5921	65.7181	67.3166
5922	65.7181	66.2105
5923	65.7181	67.2518
5924	65.7181	67.8639
5925	65.7181	66.3282
5926	65.7181	66.8733
5927	65.7181	67.2496
5928	65.7181	66.7091
5929	65.7181	68.3755
5930	65.7181	68.0016
5931	65.7181	67.2816
5932	65.7181	67.8134
5933	65.7181	66.8652
5934	65.7181	66.7274
5935	65.7181	66.0978
5936	65.7181	65.7297
5937	65.7181	65.7181
5938	65.7181	65.7181
5939	65.7181	65.7228
5940	65.7181	65.7181
5941	65.7181	66.1608
5942	65.7181	66.5305
5943	65.7181	66.023
5944	65.7181	65.7816
5945	65.7181	65.7495
5946	65.7181	66.008
5947	65.7181	66.9861
5948	65.7181	67.491
5949	65.7181	66.968
5950	65.7181	66.3188
5951	65.7181	66.0492
5952	65.7181	66.7022
5953	65.7181	66.6735
5954	65.7181	65.9732
5955	65.7181	66.45
5956	65.7181	65.7724
5957	65.7181	66.476
5958	65.7181	68.1142
5959	65.7181	67.6617
5960	65.7181	65.9377
5961	65.7181	65.7181
5962	65.7181	65.7284
5963	65.7181	66.2038
5964	65.7181	65.7401
5965	65.7181	66.1342
5966	65.7181	66.5385
5967	65.7181	66.2991
5968	65.7181	66.1599
5969	65.7181	65.7799
5970	65.7181	65.8751
5971	65.7181	65.8224
5972	65.7181	66.4129
5973	65.7181	66.4265
5974	65.7181	67.2231
5975	65.7181	67.0383
5976	65.7181	66.7148
5977	65.7181	66.2057
5978	65.7181	66.6905
5979	65.7181	66.2151
5980	65.7181	66.6286
5981	65.7181	66.7404
5982	65.7181	65.9609
5983	65.7181	66.3745
5984	65.7181	66.1795
5985	65.7181	65.8042
5986	65.7181	65.7457
5987	65.7181	65.7181
5988	65.7181	66.197
5989	65.7181	66.0623
5990	65.7181	65.8961
5991	65.7181	65.7684
5992	65.7181	65.7181
5993	65.7181	66.1317
5994	65.7181	65.7671
5995	65.7181	65.8699
5996	65.7181	66.9286
5997	65.7181	66.801
5998	65.7181	66.187
5999	65.7181	66.5938
6000	65.7181	66.4032
6001	65.7181	65.7181
6002	65.7181	65.7181
6003	65.7181	65.8125
6004	65.7181	65.8456
6005	65.7181	65.9841
6006	65.7181	66.5441
6007	65.7181	66.2618
6008	65.7181	65.7386
6009	65.7181	66.1442
6010	65.7181	65.849
6011	65.7181	65.7901
6012	65.7181	65.7368
6013	65.7181	66.3317
6014	65.7181	65.8763
6015	65.7181	65.9542
6016	65.7181	66.9041
6017	65.7181	65.7181
6018	65.7181	65.8836
6019	65.7181	66.2135
6020	65.7181	66.3835
6021	65.7181	66.9003
6022	65.7181	67.7851
6023	65.7181	68
6024	65.7181	66.9009
6025	65.7181	67.5124
6026	65.7181	66.7889
6027	65.7181	66.9543
6028	65.7181	66.2917
6029	65.7181	65.9036
6030	65.7181	65.7181
6031	65.7181	65.7661
6032	65.7181	66.0396
6033	65.7181	65.9223
6034	65.7181	65.7592
6035	65.7181	65.7527
6036	65.7181	65.8577
6037	65.7181	66.3066
6038	65.7181	66.4419
6039	65.7181	67.8466
6040	65.7181	65.8282
6041	65.7181	65.7181
6042	65.7181	65.7181
6043	65.7181	65.7181
6044	65.7181	65.8412
6045	65.7181	65.7846
6046	65.7181	65.7181
6047	65.7181	66.5892
6048	65.7181	66.6038
6049	65.7181	66.2454
6050	65.7181	66.3654
6051	65.7181	65.8341
6052	65.7181	65.7274
6053	65.7181	66.1843
6054	65.7181	66.1074
6055	65.7181	66.9543
6056	65.7181	66.2612
6057	65.7181	65.7181
6058	65.7181	65.8063
6059	65.7181	65.9119
6060	65.7181	65.7181
6061	65.7181	65.7181
6062	65.7181	66.6543
6063	65.7181	66.3631
6064	65.7181	66.9944
6065	65.7181	66.4693
6066	65.7181	68.1083
6067	65.7181	66.365
6068	65.7181	66.3043
6069	65.7181	65.8423
6070	65.7181	66.8939
6071	65.7181	66.1617
6072	65.7181	65.8528
6073	65.7181	66.6469
6074	65.7181	66.3043
6075	65.7181	65.9954
6076	65.7181	65.7181
6077	65.7181	66.3469
6078	65.7181	67.9823
6079	65.7181	67.6307
6080	65.7181	66.8978
6081	65.7181	67.9818
6082	65.7181	66.2416
6083	65.7181	65.7181
6084	65.7181	65.7272
6085	65.7181	66.0109
6086	65.7181	66.6853
6087	65.7181	65.9607
6088	65.7181	66.14
6089	65.7181	66.0064
6090	65.7181	67.3547
6091	65.7181	65.7664
6092	65.7181	66.2939
6093	65.7181	66.1318
6094	65.7181	65.7944
6095	65.7181	65.7181
6096	65.7181	66.0773
6097	65.7181	66.2372
6098	65.7181	65.9182
6099	65.7181	65.8033
6100	65.7181	66.6564
6101	65.6592	66.2326
6102	65.6592	67.2496
6103	65.6592	67.082
6104	65.6592	66.1477
6105	65.6592	66.3578
6106	65.6592	67.3184
6107	65.6592	66.3535
6108	65.6592	65.6909
6109	65.6592	66.192
6110	65.6592	66.9835
6111	65.6592	66.9838
6112	65.6592	67.2189
6113	65.6592	66.146
6114	65.6592	65.6818
6115	65.6592	67.3939
6116	65.6592	66.9788
6117	65.6592	66.1551
6118	65.6592	66.3273
6119	65.6592	65.8169
6120	65.6592	65.7262
6121	65.6592	65.9197
6122	65.6592	66.1303
6123	65.6592	65.6592
6124	65.6592	66.0739
6125	65.6592	66.4114
6126	65.6592	65.9587
6127	65.6592	65.6592
6128	65.6592	65.6592
6129	65.6592	65.6592
6130	65.6592	65.6592
6131	65.6592	65.6672
6132	65.6592	65.6797
6133	65.6592	66.0895
6134	65.6592	66.335
6135	65.6592	65.7282
6136	65.6592	65.7533
6137	65.6592	65.6592
6138	65.6592	65.6763
6139	65.6592	65.6592
6140	65.6592	65.6744
6141	65.6592	65.9215
6142	65.6592	65.7803
6143	65.6592	66.0694
6144	65.6592	66.8394
6145	65.6592	66.6956
6146	65.6592	67.1262
6147	65.6592	66.7663
6148	65.6592	67.3915
6149	65.6592	66.9444
6150	65.6592	66.7318
6151	65.6592	65.8992
6152	65.6592	66.6802
6153	65.6592	65.6682
6154	65.6592	66.1918
6155	65.6592	66.5334
6156	65.6592	66.1913
6157	65.6592	67.0369
6158	65.6592	67.5638
6159	65.6592	66.5769
6160	65.6592	66.8793
6161	65.6592	66.1819
6162	65.6592	66.4709
6163	65.6592	65.946
6164	65.6592	66.5241
6165	65.6592	66.3599
6166	65.6592	66.227
6167	65.6592	66.3419
6168	65.6592	66.6492
6169	65.6592	67.1317
6170	65.6592	65.8842
6171	65.6592	66.1376
6172	65.6592	65.6945
6173	65.6592	65.8735
6174	65.6592	66.3591
6175	65.6592	66.2209
6176	65.6592	65.6744
6177	65.6592	65.6688
6178	65.6592	65.6592
6179	65.6592	66.0054
6180	65.6592	65.6592
6181	65.6592	66.0817
6182	65.6592	65.9007
6183	65.6592	65.7681
6184	65.6592	65.6592
6185	65.6592	65.6592
6186	65.6592	65.6592
6187	65.6592	65.6694
6188	65.6592	65.6592
6189	65.6592	65.8246
6190	65.6592	66.5253
6191	65.6592	66.5504
6192	65.6592	65.6592
6193	65.6592	65.6592
6194	65.6592	65.6592
6195	65.6592	65.6592
6196	65.6592	65.6592
6197	65.6592	66.0761
6198	65.6592	67.5591
6199	65.6592	66.9107
6200	65.6592	66.8198
6201	65.6592	65.8737
6202	65.6592	66.5044
6203	65.6592	65.9442
6204	65.6592	65.8744
6205	65.6592	65.6788
6206	65.6592	66.0826
6207	65.6592	65.7197
6208	65.6592	65.6592
6209	65.6592	65.6626
6210	65.6592	66.5431
6211	65.6592	67.7507
6212	65.6592	66.2902
6213	65.6592	67.4406
6214	65.6592	66.6844
6215	65.6592	65.7195
6216	65.6592	65.7774
6217	65.6592	65.6944
6218	65.6592	65.7007
6219	65.6592	65.7189
6220	65.6592	65.8603
6221	65.6592	65.8924
6222	65.6592	65.6592
6223	65.6592	66.0967
6224	65.6592	66.6492
6225	65.6592	65.6592
6226	65.6592	65.9304
6227	65.6592	65.8137
6228	65.6592	67.2402
6229	65.6592	66.4525
6230	65.6592	66.965
6231	65.6592	66.3391
6232	65.6592	68.0828
6233	65.6592	67.0255
6234	65.6592	66.5082
6235	65.6592	66.4373
6236	65.6592	67.2499
6237	65.6592	66.069
6238	65.6592	65.9904
6239	65.6592	66.4403
6240	65.6592	65.8197
6241	65.6592	66.2159
6242	65.6592	65.9303
6243	65.6592	66.502
6244	65.6592	66.9948
6245	65.6592	67.3803
6246	65.6592	67.0104
6247	65.6592	67.8336
6248	65.6592	66.4331
6249	65.6592	65.9385
6250	65.6592	66.0025
6251	65.6592	66.5293
6252	65.6592	65.9488
6253	65.6592	65.7825
6254	65.6592	66.5453
6255	65.6592	65.6592
6256	65.6592	65.6592
6257	65.6592	65.6592
6258	65.6592	65.6592
6259	65.6592	65.6604
6260	65.6592	65.7617
6261	65.6592	66.1713
6262	65.6592	66.0267
6263	65.6592	66.0821
6264	65.6592	66.2232
6265	65.6592	66.0764
6266	65.6592	67.3837
6267	65.6592	66.5244
6268	65.6592	67.4194
6269	65.6592	65.9442
6270	65.6592	65.9892
6271	65.6592	65.9636
6272	65.6592	65.8047
6273	65.6592	66.184
6274	65.6592	65.8191
6275	65.6592	65.7852
6276	65.6592	66.1858
6277	65.6592	66.7946
6278	65.6592	66.3692
6279	65.6592	66.4056
6280	65.6592	66.8675
6281	65.6592	65.7893
6282	65.6592	66.3552
6283	65.6592	66.8971
6284	65.6592	68.1639
6285	65.6592	68.1321
6286	65.6592	67.1896
6287	65.6592	66.7505
6288	65.6592	66.6295
6289	65.6592	67.301
6290	65.6592	66.5321
6291	65.6592	66.82
6292	65.6592	66.3967
6293	65.6592	67.4167
6294	65.6592	66.9192
6295	65.6592	66.0064
6296	65.6592	65.6592
6297	65.6592	65.6964
6298	65.6592	65.7515
6299	65.6592	65.7219
6300	65.6592	66.6667
6301	65.6592	66.5982
6302	65.6592	66.1829
6303	65.6592	66.383
6304	65.6592	66.64
6305	65.6592	65.9905
6306	65.6592	65.7824
6307	65.6592	65.6592
6308	65.6592	65.853
6309	65.6592	65.9234
6310	65.6592	66.1879
6311	65.6592	65.9621
6312	65.6592	67.1731
6313	65.6592	68.6593
6314	65.6592	67.7469
6315	65.6592	66.6556
6316	65.6592	65.7951
6317	65.6592	65.6592
6318	65.6592	65.6592
6319	65.6592	65.7781
6320	65.6592	65.7592
6321	65.6592	65.9776
6322	65.6592	66.2099
6323	65.6592	67.9378
6324	65.6592	68.0714
6325	65.6592	67.7017
6326	65.6592	65.7488
6327	65.6592	66.872
6328	65.6592	65.7339
6329	65.6592	65.7652
6330	65.6592	65.6592
6331	65.6592	65.6784
6332	65.6592	65.6784
6333	65.6592	65.7712
6334	65.6592	65.7016
6335	65.6592	66.023
6336	65.6592	66.315
6337	65.6592	65.6592
6338	65.6592	65.7972
6339	65.6592	65.6592
6340	65.6592	65.8809
6341	65.6592	65.8276
6342	65.6592	65.6692
6343	65.6592	65.9103
6344	65.6592	66.297
6345	65.6592	66.2983
6346	65.6592	66.686
6347	65.6592	65.8751
6348	65.6592	66.2805
6349	65.6592	65.9907
6350	65.6592	65.8691
6351	65.6592	66.0367
6352	65.6592	67.1093
6353	65.6592	66.9253
6354	65.6592	65.8427
6355	65.6592	66.0527
6356	65.6592	66.4164
6357	65.6592	65.8072
6358	65.6592	66.0495
6359	65.6592	65.9407
6360	65.6592	66.6154
6361	65.6592	67.5616
6362	65.6592	68.7616
6363	65.6592	66.3068
6364	65.6592	65.6753
6365	65.6592	65.7523
6366	65.6592	66.3516
6367	65.6592	65.9106
6368	65.6592	65.6592
6369	65.6592	66.0916
6370	65.6592	65.663
6371	65.6592	65.7776
6372	65.6592	65.6626
6373	65.6592	65.6592
6374	65.6592	65.7053
6375	65.6592	65.6592
6376	65.6592	65.6592
6377	65.6592	65.6592
6378	65.6592	66.0468
6379	65.6592	65.9901
6380	65.6592	66.5723
6381	65.6592	66.1971
6382	65.6592	67.1751
6383	65.6592	66.0389
6384	65.6592	65.7811
6385	65.6592	66.1858
6386	65.6592	66.2708
6387	65.6592	65.6592
6388	65.6592	65.6747
6389	65.6592	65.8211
6390	65.6592	65.8346
6391	65.6592	66.6418
6392	65.6592	66.8393
6393	65.6592	66.8741
6394	65.6592	65.8773
6395	65.6592	65.9723
6396	65.6592	66.7807
6397	65.6592	66.2986
6398	65.6592	66.0462
6399	65.6592	67.153
6400	65.6592	67.2319
6401	65.6592	66.6303
6402	65.6592	67.0747
6403	65.6592	66.9091
6404	65.6592	66.1615
6405	65.6592	66.0764
6406	65.6592	65.8978
6407	65.6592	66.182
6408	65.6592	65.7377
6409	65.6592	66.7087
6410	65.6592	66.0566
6411	65.6592	66.1147
6412	65.6592	66.9758
6413	65.6592	67.1919
6414	65.6592	67.5975
6415	65.6592	68.0142
6416	65.6592	67.4094
6417	65.6592	66.7766
6418	65.6592	65.7925
6419	65.6592	65.8907
6420	65.6592	67.5893
6421	65.6592	66.3697
6422	65.6592	67.5149
6423	65.6592	66.1876
6424	65.6592	66.6377
6425	65.6592	66.9653
6426	65.6592	67.3599
6427	65.6592	67.0779
6428	65.6592	67.2255
6429	65.6592	66.2804
6430	65.6592	66.5248
6431	65.6592	66.7561
6432	65.6592	66.1273
6433	65.6592	66.0237
6434	65.6592	65.6592
6435	65.6592	65.7761
6436	65.6592	65.6592
6437	65.6592	65.6592
6438	65.6592	65.6592
6439	65.6592	65.6592
6440	65.6592	65.6592
6441	65.6592	65.8694
6442	65.6592	66.5422
6443	65.6592	65.8379
6444	65.6592	66.1964
6445	65.6592	66.041
6446	65.6592	65.7692
6447	65.6592	66.0081
6448	65.6592	66.9967
6449	65.6592	66.1185
6450	65.6592	65.7024
6451	65.6592	65.6641
6452	65.6592	65.948
6453	65.6592	65.6592
6454	65.6592	66.0145
6455	65.6592	66.0005
6456	65.6592	66.63
6457	65.6592	66.3274
6458	65.6592	65.9494
6459	65.6592	66.9552
6460	65.6592	66.4365
6461	65.6592	65.8129
6462	65.6592	65.6592
6463	65.6592	65.6592
6464	65.6592	65.6592
6465	65.6592	65.6592
6466	65.6592	65.711
6467	65.6592	66.5346
6468	65.6592	66.3395
6469	65.6592	65.7252
6470	65.6592	66.3959
6471	65.6592	65.9295
6472	65.6592	65.884
6473	65.6592	66.1494
6474	65.6592	67.3723
6475	65.6592	66.7439
6476	65.6592	66.6408
6477	65.6592	65.9004
6478	65.6592	65.9339
6479	65.6592	67.3059
6480	65.6592	66.6099
6481	65.6592	66.4494
6482	65.6592	66.1742
6483	65.6592	65.9039
6484	65.6592	66.2552
6485	65.6592	67.6946
6486	65.6592	68.029
6487	65.6592	66.466
6488	65.6592	66.1739
6489	65.6592	65.7187
6490	65.6592	65.8556
6491	65.6592	66.1
6492	65.6592	65.6592
6493	65.6592	65.8892
6494	65.6592	66.4133
6495	65.6592	66.1126
6496	65.6592	65.721
6497	65.6592	65.8749
6498	65.6592	66.7473
6499	65.6592	66.3276
6500	65.6592	66.5799
6501	65.6592	68.0917
6502	65.6592	67.3356
6503	65.6592	66.6364
6504	65.6592	67.1573
6505	65.6592	65.9004
6506	65.6592	65.6592
6507	65.6592	65.8531
6508	65.6592	65.6592
6509	65.6592	65.8071
6510	65.6592	65.9145
6511	65.6592	65.7628
6512	65.6592	65.9539
6513	65.6592	66.3407
6514	65.6592	65.9756
6515	65.6592	65.7142
6516	65.6592	65.6946
6517	65.6592	65.7076
6518	65.6592	65.6806
6519	65.6592	65.6592
6520	65.6592	65.6592
6521	65.6592	65.6663
6522	65.6592	65.6592
6523	65.6592	65.6592
6524	65.6592	65.7233
6525	65.6592	65.8729
6526	65.6592	66.1592
6527	65.6592	67.6399
6528	65.6592	66.1704
6529	65.6592	66.3086
6530	65.6592	66.3989
6531	65.6592	66.4331
6532	65.6592	65.6592
6533	65.6592	65.6592
6534	65.6592	65.9878
6535	65.6592	66.2603
6536	65.6592	65.6839
6537	65.6592	66.4072
6538	65.6592	66.6617
6539	65.6592	67.3994
6540	65.6592	67.6294
6541	65.6592	66.9638
6542	65.6592	67.6211
6543	65.6592	67.0164
6544	65.6592	66.1056
6545	65.6592	66.529
6546	65.6592	65.6698
6547	65.6592	65.7239
6548	65.6592	66.0189
6549	65.6592	65.6592
6550	65.6592	66.057
6551	65.6592	65.8749
6552	65.6592	66.186
6553	65.6592	65.7244
6554	65.6592	66.1441
6555	65.6592	65.6592
6556	65.6592	66.3761
6557	65.6592	65.6874
6558	65.6592	65.6592
6559	65.6592	65.6592
6560	65.6592	65.7823
6561	65.6592	66.6231
6562	65.6592	68.3346
6563	65.6592	66.1967
6564	65.6592	66.849
6565	65.6592	66.6252
6566	65.6592	66.3432
6567	65.6592	66.2232
6568	65.6592	66.3841
6569	65.6592	67.34
6570	65.6592	66.7125
6571	65.6592	68.1864
6572	65.6592	69.5664
6573	65.6592	68.7582
6574	65.6592	69.077
6575	65.6592	67.0057
6576	65.6592	66.5327
6577	65.6592	67.0991
6578	65.6592	66.2326
6579	65.6592	67.6438
6580	65.6592	67.493
6581	65.6592	65.8682
6582	65.6592	66.5801
6583	65.6592	65.9272
6584	65.6592	67.1126
6585	65.6592	66.4454
6586	65.6592	67.3993
6587	65.6592	66.6285
6588	65.6592	66.1721
6589	65.6592	65.7806
6590	65.6592	65.8309
6591	65.6592	65.9212
6592	65.6592	66.1068
6593	65.6592	66.4646
6594	65.6592	65.9062
6595	65.6592	67.3061
6596	65.6592	67.5897
6597	65.6592	67.0531
6598	65.6592	66.6832
6599	65.6592	67.0595
6600	65.6592	67.5255
6601	65.6592	66.4537
6602	65.6592	67.0342
6603	65.6592	66.6527
6604	65.6592	66.7054
6605	65.6592	65.7037
6606	65.6592	65.8294
6607	65.6592	65.6592
6608	65.6592	65.6592
6609	65.6592	65.6592
6610	65.6592	65.7772
6611	65.6592	66.036
6612	65.6592	65.6592
6613	65.6592	65.6592
6614	65.6592	65.6592
6615	65.6592	65.9493
6616	65.6592	66.4349
6617	65.6592	67.8871
6618	65.6592	67.7068
6619	65.6592	66.8416
6620	65.6592	66.2467
6621	65.6592	65.7475
6622	65.6592	65.7092
6623	65.6592	65.6592
6624	65.6592	65.6592
6625	65.6592	65.6592
6626	65.6592	65.9971
6627	65.6592	65.6747
6628	65.6592	65.6592
6629	65.6592	66.6832
6630	65.6592	65.832
6631	65.6592	66.1305
6632	65.6592	67.2759
6633	65.6592	66.3409
6634	65.6592	66.5693
6635	65.6592	66.1212
6636	65.6592	65.8224
6637	65.6592	66.0295
6638	65.6592	67.2672
6639	65.6592	66.4858
6640	65.6592	67.0216
6641	65.6592	66.026
6642	65.6592	66.7778
6643	65.6592	66.4609
6644	65.6592	66.3589
6645	65.6592	66.1547
6646	65.6592	65.7147
6647	65.6592	65.6592
6648	65.6592	65.8019
6649	65.6592	65.8934
6650	65.6592	66.4519
6651	65.6592	65.6665
6652	65.6592	65.6592
6653	65.6592	65.6592
6654	65.6592	65.7088
6655	65.6592	65.6592
6656	65.6592	65.6592
6657	65.6592	67.1241
6658	65.6592	65.8802
6659	65.6592	65.8002
6660	65.6592	66.0829
6661	65.6592	65.7582
6662	65.6592	65.6798
6663	65.6592	66.3718
6664	65.6592	66.2834
6665	65.6592	66.2492
6666	65.6592	66.3674
6667	65.6592	65.9638
6668	65.6592	66.2484
6669	65.6592	66.5203
6670	65.6592	66.1806
6671	65.6592	65.7884
6672	65.6592	65.8899
6673	65.6592	65.6592
6674	65.6592	67.2968
6675	65.6592	67.9187
6676	65.6592	67.3148
6677	65.6592	67.5042
6678	65.6592	68.1837
6679	65.6592	68.6251
6680	65.6592	67.857
6681	65.6592	67.7366
6682	65.6592	66.4718
6683	65.6592	67.3109
6684	65.6592	65.6592
6685	65.6592	65.876
6686	65.6592	66.5267
6687	65.6592	67.0345
6688	65.6592	66.1373
6689	65.6592	65.841
6690	65.6592	65.7183
6691	65.6592	65.9849
6692	65.6592	65.7388
6693	65.6592	65.677
6694	65.6592	65.677
6695	65.6592	65.6901
6696	65.6592	65.9457
6697	65.6592	67.0865
6698	65.6592	66.5373
6699	65.6592	66.9322
6700	65.6592	66.5997
6701	65.6592	66.301
6702	65.6592	66.3103
6703	65.6592	66.0154
6704	65.6592	65.6592
6705	65.6592	66.7955
6706	65.6592	66.1791
6707	65.6592	65.6592
6708	65.6592	66.3659
6709	65.6592	66.7285
6710	65.6592	66.5702
6711	65.6592	65.8699
6712	65.6592	65.9428
6713	65.6592	66.0395
6714	65.6592	65.9144
6715	65.6592	65.9989
6716	65.6592	66.6134
6717	65.6592	66.8769
6718	65.6592	65.9792
6719	65.6592	65.6592
6720	65.6592	65.9109
6721	65.6592	65.8468
6722	65.6592	65.9614
6723	65.6592	65.9121
6724	65.6592	65.9035
6725	65.6592	66.8186
6726	65.6592	67.0309
6727	65.6592	69.0407
6728	65.6592	68.7014
6729	65.6592	67.5317
6730	65.6592	66.1788
6731	65.6592	66.04
6732	65.6592	66.4185
6733	65.6592	66.0091
6734	65.6592	66.7273
6735	65.6592	66.3879
6736	65.6592	65.9962
6737	65.6592	65.6805
6738	65.6592	65.856
6739	65.6592	66.056
6740	65.6592	65.6592
6741	65.6592	65.6592
6742	65.6592	65.7722
6743	65.6592	66.7635
6744	65.6592	65.9253
6745	65.6592	65.6835
6746	65.6592	65.8665
6747	65.6592	65.7511
6748	65.6592	65.914
6749	65.6592	66.019
6750	65.6592	65.8411
6751	65.6592	65.6592
6752	65.6592	66.3006
6753	65.6592	65.8785
6754	65.6592	67.3599
6755	65.6592	66.2013
6756	65.6592	65.9341
6757	65.6592	66.3566
6758	65.6592	65.8342
6759	65.6592	65.6688
6760	65.6592	65.6592
6761	65.6592	66.177
6762	65.6592	65.6592
6763	65.6592	65.6592
6764	65.6592	65.6592
6765	65.6592	65.6592
6766	65.6592	65.7621
6767	65.6592	66.1874
6768	65.6592	65.7128
6769	65.6592	66.221
6770	65.6592	65.6955
6771	65.6592	66.0154
6772	65.6592	66.7748
6773	65.6592	67.0409
6774	65.6592	67.1985
6775	65.6592	66.8443
6776	65.6592	65.754
6777	65.6592	67.9947
6778	65.6592	66.3545
6779	65.6592	65.687
6780	65.6592	65.6592
6781	65.6592	66.1879
6782	65.6592	65.8981
6783	65.6592	65.914
6784	65.6592	65.8823
6785	65.6592	65.9647
6786	65.6592	66.1842
6787	65.6592	65.7803
6788	65.6592	65.7819
6789	65.6592	66.5774
6790	65.6592	66.3991
6791	65.6592	66.0354
6792	65.6592	65.6592
6793	65.6592	65.6592
6794	65.6592	65.6592
6795	65.6592	65.6592
6796	65.6592	65.6592
6797	65.6592	65.8901
6798	65.6592	65.8803
6799	65.6592	66.0087
6800	65.6592	66.8588
6801	65.6592	67.8591
6802	65.6592	66.5905
6803	65.6592	66.2421
6804	65.6592	66.3189
6805	65.6592	66.9255
6806	65.6592	66.5032
6807	65.6592	66.2077
6808	65.6592	65.7921
6809	65.6592	65.8673
6810	65.6592	65.6592
6811	65.6592	65.6719
6812	65.6592	65.8691
6813	65.6592	66.1602
6814	65.6592	66.1756
6815	65.6592	65.8038
6816	65.6592	65.8816
6817	65.6592	65.9354
6818	65.6592	65.7652
6819	65.6592	65.8999
6820	65.6592	66.5604
6821	65.6592	65.861
6822	65.6592	65.9825
6823	65.6592	66.2934
6824	65.6592	66.0174
6825	65.6592	65.6832
6826	65.6592	65.7791
6827	65.6592	65.6592
6828	65.6592	65.6592
6829	65.6592	65.6592
6830	65.6592	65.6592
6831	65.6592	65.6592
6832	65.6592	65.7012
6833	65.6592	66.286
6834	65.6592	66.1595
6835	65.6592	66.4205
6836	65.6592	66.1699
6837	65.6592	65.8501
6838	65.6592	65.772
6839	65.6592	66.4195
6840	65.6592	66.3184
6841	65.6592	66.432
6842	65.6592	67.426
6843	65.6592	68.4154
6844	65.6592	67.9396
6845	65.6592	68.5706
6846	65.6592	66.9078
6847	65.6592	67.0507
6848	65.6592	66.7724
6849	65.6592	66.0226
6850	65.6592	65.7619
6851	65.6592	65.6779
6852	65.6592	66.0446
6853	65.6592	65.8618
6854	65.6592	66.2491
6855	65.6592	65.9793
6856	65.6592	66.6559
6857	65.6592	66.2071
6858	65.6592	66.6248
6859	65.6592	66.6598
6860	65.6592	66.8466
6861	65.6592	66.5551
6862	65.6592	65.6592
6863	65.6592	65.691
6864	65.6592	65.7261
6865	65.6592	65.6592
6866	65.6592	65.6592
6867	65.6592	66.8857
6868	65.6592	66.9333
6869	65.6592	65.9652
6870	65.6592	68.3182
6871	65.6592	67.6334
6872	65.6592	67.3483
6873	65.6592	66.2164
6874	65.6592	66.3224
6875	65.6592	65.6592
6876	65.6592	65.6592
6877	65.6592	65.6592
6878	65.6592	65.6592
6879	65.6592	66.0056
6880	65.6592	66.2262
6881	65.6592	65.6592
6882	65.6592	66.3474
6883	65.6592	66.1186
6884	65.6592	65.6592
6885	65.6592	65.8973
6886	65.6592	66.0823
6887	65.6592	67.533
6888	65.6592	67.0411
6889	65.6592	66.0287
6890	65.6592	66.5604
6891	65.6592	66.2376
6892	65.6592	65.6592
6893	65.6592	66.3506
6894	65.6592	65.9547
6895	65.6592	65.8309
6896	65.6592	65.6592
6897	65.6592	66.8532
6898	65.6592	66.238
6899	65.6592	66.8034
6900	65.6592	65.8138
6901	65.6592	65.6592
6902	65.6592	65.6592
6903	65.6592	66.0041
6904	65.6592	65.8915
6905	65.6592	65.9397
6906	65.6592	65.9021
6907	65.6592	66.0493
6908	65.6592	66.6875
6909	65.6592	68.3517
6910	65.6592	66.4719
6911	65.6592	65.7191
6912	65.6592	66.9116
6913	65.6592	66.3894
6914	65.6592	65.6763
6915	65.6592	65.9829
6916	65.6592	66.0621
6917	65.6592	66.7331
6918	65.6592	66.9746
6919	65.6592	67.9625
6920	65.6592	68.6626
6921	65.6592	66.7596
6922	65.6592	67.1691
6923	65.6592	66.5761
6924	65.6592	66.4983
6925	65.6592	65.9352
6926	65.6592	65.9924
6927	65.6592	66.5575
6928	65.6592	66.6978
6929	65.6592	67.0043
6930	65.6592	68.6122
6931	65.6592	67.5945
6932	65.6592	67.3915
6933	65.6592	66.1217
6934	65.6592	65.8368
6935	65.6592	65.6592
6936	65.6592	65.8625
6937	65.6592	65.8117
6938	65.6592	65.8716
6939	65.6592	65.6592
6940	65.6592	65.889
6941	65.6592	65.679
6942	65.6592	65.9503
6943	65.6592	65.7921
6944	65.6592	65.7629
6945	65.6592	65.9655
6946	65.6592	66.1018
6947	65.6592	67.9468
6948	65.6592	66.0445
6949	65.6592	65.8803
6950	65.6592	65.9143
6951	65.6592	66.6
6952	65.6592	67.1143
6953	65.6592	66.5291
6954	65.6592	66.9184
6955	65.6592	66.1926
6956	65.6592	65.7482
6957	65.6592	66.2212
6958	65.6592	67.561
6959	65.6592	66.6372
6960	65.6592	65.6592
6961	65.6592	66.1674
6962	65.6592	66.1514
6963	65.6592	66.2594
6964	65.6592	65.9197
6965	65.6592	65.869
6966	65.6592	65.6592
6967	65.6592	65.9454
6968	65.6592	65.9462
6969	65.6592	65.8724
6970	65.6592	66.0834
6971	65.6592	65.7113
6972	65.6592	65.6592
6973	65.6592	66.3391
6974	65.6592	65.6592
6975	65.6592	66.1133
6976	65.6592	65.8139
6977	65.6592	66.576
6978	65.6592	66.7276
6979	65.6592	67.0668
6980	65.6592	68.4711
6981	65.6592	67.4064
6982	65.6592	66.6993
6983	65.6592	66.3956
6984	65.6592	66.5984
6985	65.6592	66.0329
6986	65.6592	67.0686
6987	65.6592	67.1155
6988	65.6592	67.4708
6989	65.6592	67.144
6990	65.6592	66.1331
6991	65.6592	65.6592
6992	65.6592	65.9126
6993	65.6592	66.0384
6994	65.6592	66.3964
6995	65.6592	65.8519
6996	65.6592	65.9245
6997	65.6592	65.6798
6998	65.6592	65.8539
6999	65.6592	65.7115
7000	65.6592	65.6592
7001	65.6592	65.6592
7002	65.6592	66.0563
7003	65.6592	65.8767
7004	65.6592	66.4217
7005	65.6592	66.637
7006	65.6592	65.9973
7007	65.6592	65.7975
7008	65.6592	65.7019
7009	65.6592	65.7994
7010	65.6592	65.7399
7011	65.6592	66.4248
7012	65.6592	66.565
7013	65.6592	66.378
7014	65.6592	66.58
7015	65.6592	66.5666
7016	65.6592	65.8776
7017	65.6592	65.6592
7018	65.6592	65.7243
7019	65.6592	65.9784
7020	65.6592	66.0979
7021	65.6592	65.8814
7022	65.6592	65.9995
7023	65.6592	66.1818
7024	65.6592	66.2713
7025	65.6592	65.8816
7026	65.6592	65.6592
7027	65.6592	65.8313
7028	65.6592	66.9662
7029	65.6592	66.9661
7030	65.6592	66.6661
7031	65.6592	67.6136
7032	65.6592	66.9951
7033	65.6592	67.508
7034	65.6592	66.5642
7035	65.6592	66.4657
7036	65.6592	66.1549
7037	65.6592	65.8384
7038	65.6592	66.034
7039	65.6592	66.1283
7040	65.6592	65.9784
7041	65.6592	65.9557
7042	65.6592	65.7419
7043	65.6592	65.7103
7044	65.6592	66.0016
7045	65.6592	66.6141
7046	65.6592	65.8183
7047	65.6592	65.8098
7048	65.6592	66.3023
7049	65.6592	66.3991
7050	65.6592	66.6158
7051	65.6592	66.0427
7052	65.6592	65.7212
7053	65.6592	65.8716
7054	65.6592	65.7073
7055	65.6592	65.6592
7056	65.6592	65.6592
7057	65.6592	65.6592
7058	65.6592	65.6592
7059	65.6592	66.6177
7060	65.6592	66.896
7061	65.6592	66.4366
7062	65.6592	66.2013
7063	65.6592	65.6592
7064	65.6592	66.2792
7065	65.6592	66.9212
7066	65.6592	66.952
7067	65.6592	67.794
7068	65.6592	67.98
7069	65.6592	66.7111
7070	65.6592	65.6592
7071	65.6592	65.6592
7072	65.6592	65.6592
7073	65.6592	65.6592
7074	65.6592	65.9244
7075	65.6592	65.9103
7076	65.6592	65.7658
7077	65.6592	65.6693
7078	65.6592	65.6592
7079	65.6592	65.6592
7080	65.6592	65.6592
7081	65.6592	66.2912
7082	65.6592	65.7014
7083	65.6592	66.6362
7084	65.6592	66.1536
7085	65.6592	65.6592
7086	65.6592	65.6842
7087	65.6592	66.1012
7088	65.6592	65.7366
7089	65.6592	65.6592
7090	65.6592	67.2636
7091	65.6592	66.7196
7092	65.6592	66.0093
7093	65.6592	66.2439
7094	65.6592	66.6806
7095	65.6592	66.5726
7096	65.6592	68.2863
7097	65.6592	67.8452
7098	65.6592	66.5027
7099	65.6592	66.357
7100	65.6592	67.0025
7101	65.6592	66.1897
7102	65.6592	65.7966
7103	65.6592	65.7941
7104	65.6592	65.6592
7105	65.6592	65.7829
7106	65.6592	66.6806
7107	65.6592	66.8643
7108	65.6592	66.2311
7109	65.6592	65.6592
7110	65.6592	65.6592
7111	65.6592	65.7469
7112	65.6592	65.6592
7113	65.6592	65.6592
7114	65.6592	65.6592
7115	65.6592	65.6592
7116	65.6592	66.0874
7117	65.6592	65.9021
7118	65.6592	65.7109
7119	65.6592	66.3545
7120	65.6592	66.9698
7121	65.6592	66.5136
7122	65.6592	66.6917
7123	65.6592	66.4266
7124	65.6592	66.0925
7125	65.6592	69.2961
7126	65.6592	66.4591
7127	65.6592	66.0844
7128	65.6592	66.5719
7129	65.6592	65.7636
7130	65.6592	65.7138
7131	65.6592	65.6592
7132	65.6592	66.1139
7133	65.6592	66.3112
7134	65.6592	66.8409
7135	65.6592	66.9752
7136	65.6592	69.8089
7137	65.6592	68.6407
7138	65.6592	66.4886
7139	65.6592	67.0557
7140	65.6592	67.6661
7141	65.6592	65.9979
7142	65.6592	67.2531
7143	65.6592	67.4236
7144	65.6592	66.2399
7145	65.6592	67.533
7146	65.6592	67.3268
7147	65.6592	66.9585
7148	65.6592	65.7777
7149	65.6592	65.718
7150	65.6592	65.6831
7151	65.6592	65.7907
7152	65.6592	65.9106
7153	65.6592	66.8736
7154	65.6592	66.3822
7155	65.6592	66.0832
7156	65.6592	66.2519
7157	65.6592	65.6592
7158	65.6592	65.8397
7159	65.6592	65.8157
7160	65.6592	66.0932
7161	65.6592	65.6592
7162	65.6592	65.6592
7163	65.6592	66.6693
7164	65.6592	66.3408
7165	65.6592	66.3552
7166	65.6592	66.5902
7167	65.6592	65.6592
7168	65.6592	65.697
7169	65.6592	65.6592
7170	65.6592	65.7265
7171	65.6592	66.3009
7172	65.6592	65.7114
7173	65.6592	66.3711
7174	65.6592	66.0363
7175	65.6592	67.4444
7176	65.6592	66.1858
7177	65.6592	66.8075
7178	65.6592	66.8477
7179	65.6592	65.6972
7180	65.6592	65.6592
7181	65.6592	66.4757
7182	65.6592	65.832
7183	65.6592	65.806
7184	65.6592	66.2083
7185	65.6592	65.702
7186	65.6592	65.6592
7187	65.6592	65.6592
7188	65.6592	65.7315
7189	65.6592	66.0827
7190	65.6592	65.8787
7191	65.6592	66.059
7192	65.6592	65.6592
7193	65.6592	65.6592
7194	65.6592	65.6592
7195	65.6592	65.6592
7196	65.6592	65.6592
7197	65.6592	66.5282
7198	65.6592	65.9041
7199	65.6592	65.758
7200	65.6592	66.0549
7201	65.6592	66.2618
7202	65.6592	66.9019
7203	65.6592	66.1155
7204	65.6592	65.6592
7205	65.6592	66.2776
7206	65.6592	67.2286
7207	65.6592	66.7774
7208	65.6592	68.2316
7209	65.6592	65.9972
7210	65.6592	66.272
7211	65.6592	66.2527
7212	65.6592	66.8307
7213	65.6592	67.0868
7214	65.6592	66.2109
7215	65.6592	65.7734
7216	65.6592	65.8634
7217	65.6592	65.6592
7218	65.6592	65.9857
7219	65.6592	66.5141
7220	65.6592	66.1425
7221	65.6592	67.5913
7222	65.6592	66.4645
7223	65.6592	65.8795
7224	65.6592	65.785
7225	65.6592	65.6747
7226	65.6592	65.8265
7227	65.6592	66.3507
7228	65.6592	67.3187
7229	65.6592	66.0825
7230	65.6592	65.6884
7231	65.6592	66.6738
7232	65.6592	66.4861
7233	65.6592	66.4386
7234	65.6592	66.044
7235	65.6592	65.7973
7236	65.6592	66.0722
7237	65.6592	66.0577
7238	65.6592	65.6592
7239	65.6592	65.7203
7240	65.6592	65.6769
7241	65.6592	65.6592
7242	65.6592	65.9806
7243	65.6592	66.2006
7244	65.6592	65.9109
7245	65.6592	65.9116
7246	65.6592	65.9229
7247	65.6592	65.9778
7248	65.6592	66.912
7249	65.6592	67.1107
7250	65.6592	66.6656
7251	65.6592	66.3725
7252	65.6592	66.5013
7253	65.6592	67.7607
7254	65.6592	66.9987
7255	65.6592	66.6607
7256	65.6592	67.8933
7257	65.6592	66.2568
7258	65.6592	66.4333
7259	65.6592	66.5985
7260	65.6592	66.9705
7261	65.6592	67.3929
7262	65.6592	66.5666
7263	65.6592	66.9172
7264	65.6592	66.2502
7265	65.6592	66.2303
7266	65.6592	66.3386
7267	65.6592	66.2387
7268	65.6592	66.4128
7269	65.6592	66.1022
7270	65.6592	66.7058
7271	65.6592	67.1019
7272	65.6592	65.8795
7273	65.6592	65.8427
7274	65.6592	65.6706
7275	65.6592	65.7436
7276	65.6592	65.8636
7277	65.6592	66.1335
7278	65.6592	65.9491
7279	65.6592	65.6592
7280	65.6592	66.112
7281	65.6592	65.8466
7282	65.6592	65.6592
7283	65.6592	65.865
7284	65.6592	66.7166
7285	65.6592	65.6592
7286	65.6592	65.6801
7287	65.6592	65.683
7288	65.6592	66.3838
7289	65.6592	65.7258
7290	65.6592	65.6592
7291	65.6592	65.9009
7292	65.6592	65.6592
7293	65.6592	65.7579
7294	65.6592	67.0832
7295	65.6592	66.8181
7296	65.6592	66.1304
7297	65.6592	66.6354
7298	65.6592	66.8397
7299	65.6592	66.6135
7300	65.6592	67.3052
7301	65.6592	66.8308
7302	65.6592	65.6592
7303	65.6592	65.6592
7304	65.6592	66.5961
7305	65.6592	66.3758
7306	65.6592	66.3052
7307	65.6592	65.7173
7308	65.6592	66.2194
7309	65.6592	67.4503
7310	65.6592	68.0589
7311	65.6592	67.9768
7312	65.6592	65.8575
7313	65.6592	66.3587
7314	65.6592	66.0897
7315	65.6592	66.4579
7316	65.6592	66.072
7317	65.6592	65.6592
7318	65.6592	66.0145
7319	65.6592	66.1332
7320	65.6592	66.2567
7321	65.6592	66.5429
7322	65.6592	67.3533
7323	65.6592	68.1382
7324	65.6592	68.2688
7325	65.6592	68.8664
7326	65.6592	66.9514
7327	65.6592	66.7264
7328	65.6592	65.9994
7329	65.6592	65.7815
7330	65.6592	66.4115
7331	65.6592	65.8438
7332	65.6592	66.2541
7333	65.6592	65.929
7334	65.6592	65.8925
7335	65.6592	67.5287
7336	65.6592	66.3225
7337	65.6592	65.781
7338	65.6592	66.1326
7339	65.6592	66.45
7340	65.6592	66.1235
7341	65.6592	66.0234
7342	65.6592	65.8637
7343	65.6592	66.2361
7344	65.6592	65.6592
7345	65.6592	66.1519
7346	65.6592	66.101
7347	65.6592	66.9765
7348	65.6592	66.3513
7349	65.6592	65.7366
7350	65.6592	66.832
7351	65.6592	67.9951
7352	65.6592	67.4921
7353	65.6592	66.5819
7354	65.6592	66.9567
7355	65.6592	68.0985
7356	65.6592	68.1849
7357	65.6592	66.6307
7358	65.6592	66.7916
7359	65.6592	65.9211
7360	65.6592	66.2053
7361	65.6592	66.1861
7362	65.6592	67.0201
7363	65.6592	65.9985
7364	65.6592	66.0774
7365	65.6592	65.8118
7366	65.6592	66.1473
7367	65.6592	65.7435
7368	65.6592	65.6592
7369	65.6592	65.6592
7370	65.6592	65.7187
7371	65.6592	65.7233
7372	65.6592	66.4716
7373	65.6592	65.6638
7374	65.6592	65.6592
7375	65.6592	65.6592
7376	65.6592	66.0222
7377	65.6592	66.2918
7378	65.6592	66.2767
7379	65.6592	66.3958
7380	65.6592	65.6592
7381	65.6592	65.6592
7382	65.6592	65.6592
7383	65.6592	65.6592
7384	65.6592	65.6592
7385	65.6592	65.7666
7386	65.6592	65.6592
7387	65.6592	65.8522
7388	65.6592	67.2504
7389	65.6592	66.0022
7390	65.6592	65.7466
7391	65.6592	65.6592
7392	65.6592	65.726
7393	65.6592	66.8164
7394	65.6592	65.7357
7395	65.6592	65.9118
7396	65.6592	65.6702
7397	65.6592	65.9826
7398	65.6592	65.6915
7399	65.6592	65.9175
7400	65.6592	67.0678
7401	65.6592	67.8974
7402	65.6592	67.8678
7403	65.6592	65.9934
7404	65.6592	67.0636
7405	65.6592	66.3859
7406	65.6592	66.6896
7407	65.6592	67.4934
7408	65.6592	68.5304
7409	65.6592	68.2899
7410	65.6592	68.341
7411	65.6592	66.5925
7412	65.6592	66.4268
7413	65.6592	66.542
7414	65.6592	65.6944
7415	65.6592	66.1716
7416	65.6592	66.9448
7417	65.6592	68.3593
7418	65.6592	66.4726
7419	65.6592	65.9076
7420	65.6592	65.8466
7421	65.6592	65.6592
7422	65.6592	66.3804
7423	65.6592	66.5146
7424	65.6592	66.0167
7425	65.6592	67.26
7426	65.6592	68.5236
7427	65.6592	67.435
7428	65.6592	66.7907
7429	65.6592	66.4752
7430	65.6592	66.7592
7431	65.6592	66.7624
7432	65.6592	67.2299
7433	65.6592	65.8305
7434	65.6592	65.6908
7435	65.6592	66.6894
7436	65.6592	67.5682
7437	65.6592	66.9075
7438	65.6592	67.0882
7439	65.6592	66.5443
7440	65.6592	65.7095
7441	65.6592	65.6596
7442	65.6592	65.7576
7443	65.6592	65.8861
7444	65.6592	66.0642
7445	65.6592	66.0846
7446	65.6592	65.6687
7447	65.6592	66.0369
7448	65.6592	66.2109
7449	65.6592	67.4687
7450	65.6592	66.1869
7451	65.6592	67.0436
7452	65.6592	66.4595
7453	65.6592	66.0033
7454	65.6592	66.1703
7455	65.6592	66.7326
7456	65.6592	67.6038
7457	65.6592	66.709
7458	65.6592	67.0106
7459	65.6592	66.0279
7460	65.6592	65.6592
7461	65.6592	65.6765
7462	65.6592	65.6592
7463	65.6592	65.6814
7464	65.6592	65.6739
7465	65.6592	66.035
7466	65.6592	65.6592
7467	65.6592	65.6592
7468	65.6592	65.6592
7469	65.6592	65.6592
7470	65.6592	65.988
7471	65.6592	65.8747
7472	65.6592	66.075
7473	65.6592	67.0204
7474	65.6592	66.4886
7475	65.6592	66.1669
7476	65.6592	66.2896
7477	65.6592	65.6862
7478	65.6592	65.6592
7479	65.6592	65.6592
7480	65.6592	65.786
7481	65.6592	65.9373
7482	65.6592	65.674
7483	65.6592	66.1085
7484	65.6592	66.2364
7485	65.6592	66.1786
7486	65.6592	66.6153
7487	65.6592	65.6592
7488	65.6592	65.7168
7489	65.6592	65.664
7490	65.6592	65.6592
7491	65.6592	66.7529
7492	65.6592	65.979
7493	65.6592	65.8119
7494	65.6592	65.7737
7495	65.6592	65.9797
7496	65.6592	66.1448
7497	65.6592	66.9939
7498	65.6592	66.2084
7499	65.6592	66.2865
7500	65.6592	66.1534
7501	65.6592	66.056
7502	65.6592	66.038
7503	65.6592	65.76
7504	65.6592	66.2079
7505	65.6592	65.7807
7506	65.6592	66.1891
7507	65.6592	65.7621
7508	65.6592	65.683
7509	65.6592	65.7162
7510	65.6592	65.9267
7511	65.6592	66.031
7512	65.6592	67.0347
7513	65.6592	66.6029
7514	65.6592	67.5874
7515	65.6592	66.884
7516	65.6592	66.6366
7517	65.6592	65.9521
7518	65.6592	66.0796
7519	65.6592	66.8542
7520	65.6592	67.4566
7521	65.6592	67.4389
7522	65.6592	69.8567
7523	65.6592	68.7316
7524	65.6592	66.9498
7525	65.6592	69.9493
7526	65.6592	69.3563
7527	65.6592	68.1043
7528	65.6592	66.7462
7529	65.6592	66.0718
7530	65.6592	66.8453
7531	65.6592	67.0992
7532	65.6592	67.6421
7533	65.6592	66.4546
7534	65.6592	65.8974
7535	65.6592	65.8032
7536	65.6592	66.5219
7537	65.6592	66.0543
7538	65.6592	67.5676
7539	65.6592	67.1939
7540	65.6592	67.7599
7541	65.6592	66.941
7542	65.6592	69.2308
7543	65.6592	66.9121
7544	65.6592	65.9763
7545	65.6592	66.5012
7546	65.6592	67.0547
7547	65.6592	66.0718
7548	65.6592	66.7905
7549	65.6592	67.2378
7550	65.6592	67.0836
7551	65.6592	67.4806
7552	65.6592	66.0733
7553	65.6592	65.8228
7554	65.6592	65.8385
7555	65.6592	65.9284
7556	65.6592	65.9091
7557	65.6592	65.6592
7558	65.6592	65.9046
7559	65.6592	66.1219
7560	65.6592	66.186
7561	65.6592	66.0018
7562	65.6592	66.6087
7563	65.6592	66.1837
7564	65.6592	66.9151
7565	65.6592	66.5391
7566	65.6592	65.6592
7567	65.6592	65.859
7568	65.6592	65.8226
7569	65.6592	66.5164
7570	65.6592	65.6592
7571	65.6592	66.748
7572	65.6592	67.536
7573	65.6592	66.591
7574	65.6592	66.0287
7575	65.6592	66.2157
7576	65.6592	66.981
7577	65.6592	66.8774
7578	65.6592	68.3236
7579	65.6592	66.4493
7580	65.6592	68.4374
7581	65.6592	68.3448
7582	65.6592	66.3296
7583	65.6592	67.2025
7584	65.6592	66.0378
7585	65.6592	66.2164
7586	65.6592	66.2845
7587	65.6592	66.8665
7588	65.6592	66.4685
7589	65.6592	65.7686
7590	65.6592	65.8849
7591	65.6592	66.2939
7592	65.6592	65.8217
7593	65.6592	66.6287
7594	65.6592	66.2816
7595	65.6592	66.0231
7596	65.6592	65.8961
7597	65.6592	66.9037
7598	65.6592	66.4539
7599	65.6592	65.9685
7600	65.6592	66.1222
7601	65.6592	67.6408
7602	65.6592	66.8927
7603	65.6592	70.5132
7604	65.6592	68.9552
7605	65.6592	67.345
7606	65.6592	66.5983
7607	65.6592	65.8807
7608	65.6592	66.203
7609	65.6592	66.3624
7610	65.6592	67.2015
7611	65.6592	66.2357
7612	65.6592	66.3303
7613	65.6592	66.4438
7614	65.6592	66.76
7615	65.6592	66.1958
7616	65.6592	65.6592
7617	65.6592	65.6592
7618	65.6592	65.6592
7619	65.6592	65.6801
7620	65.6592	66.0119
7621	65.6592	65.6963
7622	65.6592	66.647
7623	65.6592	65.7458
7624	65.6592	65.8472
7625	65.6592	65.8627
7626	65.6592	65.7786
7627	65.6592	65.6668
7628	65.6592	66.0738
7629	65.6592	66.5283
7630	65.6592	67.3245
7631	65.6592	66.0364
7632	65.6592	65.6987
7633	65.6592	65.6592
7634	65.6592	65.6592
7635	65.6592	66.0359
7636	65.6592	66.5113
7637	65.6592	65.6908
7638	65.6592	66.0555
7639	65.6592	65.6592
7640	65.6592	66.746
7641	65.6592	66.851
7642	65.6592	67.0334
7643	65.6592	67.1809
7644	65.6592	66.2328
7645	65.6592	65.9497
7646	65.6592	66.2661
7647	65.6592	66.5786
7648	65.6592	66.9102
7649	65.6592	66.6235
7650	65.6592	66.7725
7651	65.6592	66.9685
7652	65.6592	66.4123
7653	65.6592	66.8097
7654	65.6592	66.5302
7655	65.6592	65.6905
7656	65.6592	67.0921
7657	65.6592	67.8024
7658	65.6592	65.806
7659	65.6592	65.6592
7660	65.6592	65.8948
7661	65.6592	66.1131
7662	65.6592	65.851
7663	65.6592	65.6592
7664	65.6592	65.8651
7665	65.6592	65.6592
7666	65.6592	65.6592
7667	65.6592	65.6811
7668	65.6592	65.7596
7669	65.6592	65.6592
7670	65.6592	65.7371
7671	65.6592	66.4163
7672	65.6592	67.3089
7673	65.6592	68.2411
7674	65.6592	67.3063
7675	65.6592	67.0104
7676	65.6592	66.5806
7677	65.6592	67.2406
7678	65.6592	66.422
7679	65.6592	65.7263
7680	65.6592	65.7345
7681	65.6592	65.8978
7682	65.6592	67.2003
7683	65.6592	66.1884
7684	65.6592	68.8531
7685	65.6592	68.3397
7686	65.6592	67.4861
7687	65.6592	67.8666
7688	65.6592	65.9764
7689	65.6592	66.2598
7690	65.6592	66.2874
7691	65.6592	68.4035
7692	65.6592	70.052
7693	65.6592	66.8961
7694	65.6592	66.5455
7695	65.6592	67.7646
7696	65.6592	69.2349
7697	65.6592	68.0405
7698	65.6592	66.2274
7699	65.6592	66.8745
7700	65.6592	66.5178
7701	65.6592	66.1092
7702	65.6592	66.5209
7703	65.6592	66.2759
7704	65.6592	65.9852
7705	65.6592	66.4119
7706	65.6592	65.6592
7707	65.6592	65.6592
7708	65.6592	65.7949
7709	65.6592	65.7642
7710	65.6592	65.7012
7711	65.6592	67.0251
7712	65.6592	66.8207
7713	65.6592	67.7503
7714	65.6592	67.1745
7715	65.6592	66.5377
7716	65.6592	66.3895
7717	65.6592	65.6592
7718	65.6592	65.6592
7719	65.6592	65.7602
7720	65.6592	67.1088
7721	65.6592	66.3837
7722	65.6592	66.6612
7723	65.6592	67.14
7724	65.6592	66.9258
7725	65.6592	67.6739
7726	65.6592	66.9106
7727	65.6592	66.3515
7728	65.6592	66.9315
7729	65.6592	67.6297
7730	65.6592	65.6592
7731	65.6592	65.9681
7732	65.6592	66.0881
7733	65.6592	65.8045
7734	65.6592	65.6592
7735	65.6592	65.6592
7736	65.6592	65.8009
7737	65.6592	65.6592
7738	65.6592	66.2576
7739	65.6592	65.8146
7740	65.6592	65.6592
7741	65.6592	65.6883
7742	65.6592	65.7688
7743	65.6592	66.4382
7744	65.6592	67.8521
7745	65.6592	66.735
7746	65.6592	65.7465
7747	65.6592	65.8671
7748	65.6592	66.986
7749	65.6592	68.3926
7750	65.6592	66.9559
7751	65.6592	67.1747
7752	65.6592	68.0692
7753	65.6592	67.8269
7754	65.6592	66.9134
7755	65.6592	67.1094
7756	65.6592	66.536
7757	65.6592	66.2409
7758	65.6592	65.9926
7759	65.6592	65.6592
7760	65.6592	65.7557
7761	65.6592	65.7962
7762	65.6592	65.6769
7763	65.6592	65.7764
7764	65.6592	65.692
7765	65.6592	65.7148
7766	65.6592	65.6992
7767	65.6592	65.6592
7768	65.6592	65.6592
7769	65.6592	65.6592
7770	65.6592	65.6592
7771	65.6592	65.6828
7772	65.6592	65.6592
7773	65.6592	66.1835
7774	65.6592	66.2459
7775	65.6592	65.9052
7776	65.6592	65.6592
7777	65.6592	66.649
7778	65.6592	66.2
7779	65.6592	65.6592
7780	65.6592	65.9962
7781	65.6592	65.7289
7782	65.6592	66.3198
7783	65.6592	65.7871
7784	65.6592	65.6592
7785	65.6592	66.0579
7786	65.6592	66.5234
7787	65.6592	66.8139
7788	65.6592	66.7495
7789	65.6592	66.1661
7790	65.6592	66.7991
7791	65.6592	66.512
7792	65.6592	66.1333
7793	65.6592	66.5706
7794	65.6592	66.4947
7795	65.6592	65.8824
7796	65.6592	65.8456
7797	65.6592	67.1897
7798	65.6592	67.2666
7799	65.6592	68.2311
7800	65.6592	67.7277
7801	65.6592	67.3326
7802	65.6592	66.2685
7803	65.6592	66.3614
7804	65.6592	66.7584
7805	65.6592	65.7891
7806	65.6592	66.1343
7807	65.6592	66.6762
7808	65.6592	65.724
7809	65.6592	65.6808
7810	65.6592	65.8378
7811	65.6592	65.9878
7812	65.6592	66.0291
7813	65.6592	66.4467
7814	65.6592	65.8698
7815	65.6592	66.1718
7816	65.6592	66.1278
7817	65.6592	66.9392
7818	65.6592	67.2861
7819	65.6592	66.1711
7820	65.6592	65.6592
7821	65.6592	65.7907
7822	65.6592	65.8284
7823	65.6592	65.7845
7824	65.6592	65.6592
7825	65.6592	65.7497
7826	65.6592	65.8345
7827	65.6592	66.5161
7828	65.6592	66.6805
7829	65.6592	66.3405
7830	65.6592	66.6992
7831	65.6592	66.8521
7832	65.6592	65.7441
7833	65.6592	65.8217
7834	65.6592	65.7608
7835	65.6592	65.703
7836	65.6592	66.2107
7837	65.6592	67.0703
7838	65.6592	65.7498
7839	65.6592	65.7083
7840	65.6592	66.354
7841	65.6592	66.0749
7842	65.6592	66.4541
7843	65.6592	66.5671
7844	65.6592	67.0199
7845	65.6592	66.5597
7846	65.6592	67.8012
7847	65.6592	69.0353
7848	65.6592	66.4255
7849	65.6592	66.0274
7850	65.6592	66.4226
7851	65.6592	67.1098
7852	65.6592	66.9428
7853	65.6592	66.7119
7854	65.6592	66.924
7855	65.6592	65.6738
7856	65.6592	66.6333
7857	65.6592	66.2285
7858	65.6592	65.6592
7859	65.6592	65.6592
7860	65.6592	65.6972
7861	65.6592	65.6592
7862	65.6592	65.7132
7863	65.6592	65.6592
7864	65.6592	65.6592
7865	65.6592	65.9881
7866	65.6592	65.79
7867	65.6592	66.2076
7868	65.6592	65.7394
7869	65.6592	66.0134
7870	65.6592	65.6592
7871	65.6592	65.6592
7872	65.6592	65.7116
7873	65.6592	66.8008
7874	65.6592	67.4067
7875	65.6592	68.5479
7876	65.6592	66.4833
7877	65.6592	66.0864
7878	65.6592	65.7928
7879	65.6592	65.6931
7880	65.6592	65.669
7881	65.6592	65.743
7882	65.6592	65.6822
7883	65.6592	65.6592
7884	65.6592	65.6592
7885	65.6592	65.8048
7886	65.6592	65.9131
7887	65.6592	65.8055
7888	65.6592	66.3832
7889	65.6592	65.6592
7890	65.6592	65.6592
7891	65.6592	65.7057
7892	65.6592	65.7194
7893	65.6592	65.9678
7894	65.6592	65.6592
7895	65.6592	65.6592
7896	65.6592	65.6738
7897	65.6592	66.0733
7898	65.6592	67.4171
7899	65.6592	68.3874
7900	65.6592	66.814
7901	65.6592	66.7025
7902	65.6592	66.2608
7903	65.6592	66.0955
7904	65.6592	66.2674
7905	65.6592	67.2645
7906	65.6592	67.3147
7907	65.6592	67.0845
7908	65.6592	67.5584
7909	65.6592	67.0077
7910	65.6592	66.7037
7911	65.6592	67.4662
7912	65.6592	66.4755
7913	65.6592	66.55
7914	65.6592	65.797
7915	65.6592	66.1146
7916	65.6592	65.9548
7917	65.6592	65.6947
7918	65.6592	65.6592
7919	65.6592	65.6592
7920	65.6592	65.6592
7921	65.6592	65.7634
7922	65.6592	66.8646
7923	65.6592	65.8201
7924	65.6592	65.9128
7925	65.6592	66.254
7926	65.6592	66.134
7927	65.6592	66.2924
7928	65.6592	67.1366
7929	65.6592	66.2202
7930	65.6592	66.3599
7931	65.6592	65.7713
7932	65.6592	65.8327
7933	65.6592	65.6592
7934	65.6592	65.6592
7935	65.6592	66.5371
7936	65.6592	65.9692
7937	65.6592	66.5371
7938	65.6592	65.8261
7939	65.6592	65.85
7940	65.6592	65.8379
7941	65.6592	66.6028
7942	65.6592	66.7619
7943	65.6592	66.5126
7944	65.6592	65.7768
7945	65.6592	66.0085
7946	65.6592	66.3965
7947	65.6592	66.0104
7948	65.6592	65.8426
7949	65.6592	66.2354
7950	65.6592	67.6805
7951	65.6592	66.291
7952	65.6592	66.6431
7953	65.6592	66.2831
7954	65.6592	65.6592
7955	65.6592	65.6592
7956	65.6592	65.8353
7957	65.6592	65.7124
7958	65.6592	66.8472
7959	65.6592	65.7074
7960	65.6592	65.7464
7961	65.6592	65.8338
7962	65.6592	65.8029
7963	65.6592	67.1562
7964	65.6592	65.8134
7965	65.6592	65.8539
7966	65.6592	65.9591
7967	65.6592	65.6592
7968	65.6592	65.6592
7969	65.6592	65.6592
7970	65.6592	65.6592
7971	65.6592	65.7796
7972	65.6592	65.72
7973	65.6592	65.7877
7974	65.6592	65.8492
7975	65.6592	66.3453
7976	65.6592	65.6592
7977	65.6592	66.6464
7978	65.6592	66.8933
7979	65.6592	67.0419
7980	65.6592	66.5855
7981	65.6592	66.1814
7982	65.6592	67.088
7983	65.6592	66.7714
7984	65.6592	66.0312
7985	65.6592	66.1396
7986	65.6592	65.893
7987	65.6592	66.0908
7988	65.6592	65.9044
7989	65.6592	65.6592
7990	65.6592	65.7859
7991	65.6592	65.9005
7992	65.6592	66.4919
7993	65.6592	67.1127
7994	65.6592	67.242
7995	65.6592	65.8386
7996	65.6592	65.6592
7997	65.6592	65.6592
7998	65.6592	65.6592
7999	65.6592	65.6592
8000	65.6592	65.6592
8001	65.6592	65.684
8002	65.6592	65.6592
8003	65.6592	66.4887
8004	65.6592	65.7506
8005	65.6592	65.6592
8006	65.6592	65.9619
8007	65.6592	66.778
8008	65.6592	66.8522
8009	65.6592	67.0648
8010	65.6592	65.8783
8011	65.6592	66.3684
8012	65.6592	65.733
8013	65.6592	66.9667
8014	65.6592	66.0549
8015	65.6592	66.4805
8016	65.6592	67.795
8017	65.6592	67.8935
8018	65.6592	66.4684
8019	65.6592	66.5268
8020	65.6592	66.3527
8021	65.6592	66.339
8022	65.6592	66.8089
8023	65.6592	66.0028
8024	65.6592	65.834
8025	65.6592	65.803
8026	65.6592	65.757
8027	65.6592	66.6291
8028	65.6592	66.5605
8029	65.6592	65.6592
8030	65.6592	65.8546
8031	65.6592	66.7505
8032	65.6592	66.4007
8033	65.6592	66.9078
8034	65.6592	68.4626
8035	65.6592	66.4632
8036	65.6592	66.4111
8037	65.6592	66.6864
8038	65.6592	66.0687
8039	65.6592	65.9984
8040	65.6592	66.1472
8041	65.6592	65.9141
8042	65.6592	65.6592
8043	65.6592	65.6592
8044	65.6592	65.6692
8045	65.6592	65.6592
8046	65.6592	65.6592
8047	65.6592	65.6592
8048	65.6592	65.6592
8049	65.6592	65.694
8050	65.6592	66.6066
8051	65.6592	66.2816
8052	65.6592	65.728
8053	65.6592	65.7916
8054	65.6592	65.9918
8055	65.6592	66.9866
8056	65.6592	66.5093
8057	65.6592	66.7567
8058	65.6592	68.1737
8059	65.6592	66.8213
8060	65.6592	68.0372
8061	65.6592	66.9506
8062	65.6592	65.7283
8063	65.6592	65.7104
8064	65.6592	65.9455
8065	65.6592	67.5866
8066	65.6592	67.3337
8067	65.6592	67.6482
8068	65.6592	66.8485
8069	65.6592	67.3286
8070	65.6592	67.2315
8071	65.6592	65.8844
8072	65.6592	66.5122
8073	65.6592	66.0324
8074	65.6592	65.6592
8075	65.6592	65.6643
8076	65.6592	66.1393
8077	65.6592	65.9888
8078	65.6592	65.7013
8079	65.6592	65.8458
8080	65.6592	65.6592
8081	65.6592	65.6592
8082	65.6592	65.6592
8083	65.6592	65.6592
8084	65.6592	65.6812
8085	65.6592	65.6592
8086	65.6592	65.6592
8087	65.6592	65.6592
8088	65.6592	65.6592
8089	65.6592	65.6592
8090	65.6592	65.6592
8091	65.6592	65.6592
8092	65.6592	65.7844
8093	65.6592	66.6357
8094	65.6592	67.2073
8095	65.6592	67.0741
8096	65.6592	65.8005
8097	65.6592	66.4831
8098	65.6592	66.9374
8099	65.6592	67.0845
8100	65.6592	65.8667
8101	65.6592	69.0829
8102	65.6592	68.7374
8103	65.6592	67.8431
8104	65.6592	66.0859
8105	65.6592	65.695
8106	65.6592	65.6592
8107	65.6592	66.0284
8108	65.6592	65.7022
8109	65.6592	65.8337
8110	65.6592	65.8895
8111	65.6592	66.3316
8112	65.6592	66.0802
8113	65.6592	65.9218
8114	65.6592	65.8722
8115	65.6592	65.9411
8116	65.6592	66.1568
8117	65.6592	65.6592
8118	65.6592	65.7477
8119	65.6592	65.7675
8120	65.6592	65.9674
8121	65.6592	66.4042
8122	65.6592	65.662
8123	65.6592	66.3722
8124	65.6592	66.7569
8125	65.6592	66.0187
8126	65.6592	65.6592
8127	65.6592	65.6592
8128	65.6592	66.1956
8129	65.6592	65.9135
8130	65.6592	66.2386
8131	65.6592	66.1529
8132	65.6592	67.5659
8133	65.6592	67.3442
8134	65.6592	68.838
8135	65.6592	67.6139
8136	65.6592	66.7199
8137	65.6592	66.9745
8138	65.6592	68.711
8139	65.6592	66.8016
8140	65.6592	66.3475
8141	65.6592	66.4839
8142	65.6592	66.3736
8143	65.6592	66.8971
8144	65.6592	65.7043
8145	65.6592	65.6592
8146	65.6592	65.7042
8147	65.6592	65.7431
8148	65.6592	65.7176
8149	65.6592	65.7817
8150	65.6592	65.6592
8151	65.6592	65.9031
8152	65.6592	66.2794
8153	65.6592	65.98
8154	65.6592	65.9563
8155	65.6592	66.9728
8156	65.6592	66.9077
8157	65.6592	66.1886
8158	65.6592	65.6592
8159	65.6592	65.6592
8160	65.6592	65.7866
8161	65.6592	66.0359
8162	65.6592	65.7658
8163	65.6592	65.873
8164	65.6592	66.9165
8165	65.6592	66.049
8166	65.6592	66.3309
8167	65.6592	66.095
8168	65.6592	65.9864
8169	65.6592	66.5427
8170	65.6592	65.8856
8171	65.6592	65.8837
8172	65.6592	66.2899
8173	65.6592	65.8412
8174	65.6592	65.9692
8175	65.6592	66.5339
8176	65.6592	67.206
8177	65.6592	66.043
8178	65.6592	66.3035
8179	65.6592	69.7096
8180	65.6592	70.5168
8181	65.6592	68.293
8182	65.6592	67.4493
8183	65.6592	69.6253
8184	65.6592	67.6471
8185	65.6592	66.3207
8186	65.6592	65.6592
8187	65.6592	65.6592
8188	65.6592	65.7936
8189	65.6592	66.0667
8190	65.6592	65.8173
8191	65.6592	66.2156
8192	65.6592	65.818
8193	65.6592	66.3252
8194	65.6592	65.9023
8195	65.6592	66.5419
8196	65.6592	66.7109
8197	65.6592	67.7495
8198	65.6592	66.9815
8199	65.6592	67.072
8200	65.6592	67.5384
8201	65.6592	68.294
8202	65.6592	65.882
8203	65.6592	65.8787
8204	65.6592	65.6791
8205	65.6592	65.6592
8206	65.6592	66.1045
8207	65.6592	65.9066
8208	65.6592	65.9003
8209	65.6592	65.6592
8210	65.6592	67.2183
8211	65.6592	66.1431
8212	65.6592	68.9146
8213	65.6592	67.498
8214	65.6592	66.9254
8215	65.6592	66.3119
8216	65.6592	65.6592
8217	65.6592	65.6948
8218	65.6592	65.6592
8219	65.6592	65.6592
8220	65.6592	65.8918
8221	65.6592	65.6892
8222	65.6592	65.704
8223	65.6592	65.9323
8224	65.6592	66.0884
8225	65.6592	65.6592
8226	65.6592	65.6592
8227	65.6592	65.6775
8228	65.6592	65.6592
8229	65.6592	65.6592
8230	65.6592	65.6592
8231	65.6592	65.6592
8232	65.6592	65.684
8233	65.6592	65.6592
8234	65.6592	65.6687
8235	65.6592	65.7262
8236	65.6592	65.6858
8237	65.6592	65.7517
8238	65.6592	65.7492
8239	65.6592	66.5271
8240	65.6592	67.7345
8241	65.6592	67.3064
8242	65.6592	68.257
8243	65.6592	69.043
8244	65.6592	68.4551
8245	65.6592	68.6761
8246	65.6592	68.2607
8247	65.6592	66.8078
8248	65.6592	66.6204
8249	65.6592	66.237
8250	65.6592	65.8341
8251	65.6592	65.8376
8252	65.6592	65.6592
8253	65.6592	66.1849
8254	65.6592	66.4417
8255	65.6592	66.9001
8256	65.6592	65.7701
8257	65.6592	65.8198
8258	65.6592	66.0508
8259	65.6592	66.4211
8260	65.6592	65.8418
8261	65.6592	65.6592
8262	65.6592	66.2235
8263	65.6592	66.4538
8264	65.6592	68.1723
8265	65.6592	68.5751
8266	65.6592	68.5224
8267	65.6592	67.9939
8268	65.6592	69.7229
8269	65.6592	67.2639
8270	65.6592	68.21
8271	65.6592	67.3684
8272	65.6592	66.0291
8273	65.6592	66.48
8274	65.6592	67.375
8275	65.6592	68.0091
8276	65.6592	65.9185
8277	65.6592	66.1704
8278	65.6592	66.3178
8279	65.6592	65.8856
8280	65.6592	66.1451
8281	65.6592	67.0683
8282	65.6592	65.9433
8283	65.6592	67.027
8284	65.6592	66.7907
8285	65.6592	68.0333
8286	65.6592	68.6559
8287	65.6592	66.8033
8288	65.6592	66.3401
8289	65.6592	66.1302
8290	65.6592	66.4168
8291	65.6592	66.7949
8292	65.6592	66.3724
8293	65.6592	66.1282
8294	65.6592	67.3243
8295	65.6592	67.8846
8296	65.6592	68.1936
8297	65.6592	67.3439
8298	65.6592	65.7296
8299	65.6592	66.4209
8300	65.6592	65.7427
8301	65.6592	65.8687
8302	65.6592	65.7589
8303	65.6592	65.6592
8304	65.6592	65.8663
8305	65.6592	66.6871
8306	65.6592	67.6028
8307	65.6592	68.7038
8308	65.6592	68.2873
8309	65.6592	67.1822
8310	65.6592	68.3066
8311	65.6592	65.8809
8312	65.6592	66.4519
8313	65.6592	66.591
8314	65.6592	67.5656
8315	65.6592	67.7851
8316	65.6592	66.3305
8317	65.6592	65.7226
8318	65.6592	65.6592
8319	65.6592	65.7026
8320	65.6592	65.6592
8321	65.6592	65.9878
8322	65.6592	66.5795
8323	65.6592	66.7227
8324	65.6592	66.6767
8325	65.6592	67.0506
8326	65.6592	66.9475
8327	65.6592	66.6537
8328	65.6592	66.9968
8329	65.6592	67.0255
8330	65.6592	65.7482
8331	65.6592	65.7177
8332	65.6592	65.8366
8333	65.6592	67.0985
8334	65.6592	65.8098
8335	65.6592	66.0876
8336	65.6592	66.8761
8337	65.6592	65.9579
8338	65.6592	66.3359
8339	65.6592	65.9043
8340	65.6592	65.6592
8341	65.6592	65.6592
8342	65.6592	65.7773
8343	65.6592	65.6592
8344	65.6592	66.0177
8345	65.6592	65.8107
8346	65.6592	66.1524
8347	65.6592	65.9472
8348	65.6592	65.9538
8349	65.6592	66.9902
8350	65.6592	67.3058
8351	65.6592	66.471
8352	65.6592	66.6607
8353	65.6592	67.0393
8354	65.6592	66.8516
8355	65.6592	65.6592
8356	65.6592	65.8049
8357	65.6592	65.8511
8358	65.6592	65.9776
8359	65.6592	65.6934
8360	65.6592	65.6592
8361	65.6592	67.0797
8362	65.6592	66.184
8363	65.6592	65.7495
8364	65.6592	66.3294
8365	65.6592	65.8007
8366	65.6592	65.9476
8367	65.6592	65.7174
8368	65.6592	65.7766
8369	65.6592	66.5755
8370	65.6592	66.7996
8371	65.6592	65.8991
8372	65.6592	66.5194
8373	65.6592	66.384
8374	65.6592	65.9088
8375	65.6592	65.6592
8376	65.6592	65.6592
8377	65.6592	65.6592
8378	65.6592	65.8132
8379	65.6592	65.723
8380	65.6592	65.6592
8381	65.6592	65.6592
8382	65.6592	66.362
8383	65.6592	66.1643
8384	65.6592	67.0191
8385	65.6592	67.1789
8386	65.6592	67.0599
8387	65.6592	66.2415
8388	65.6592	66.7385
8389	65.6592	66.5669
8390	65.6592	67.6387
8391	65.6592	66.7939
8392	65.6592	66.3437
8393	65.6592	66.1958
8394	65.6592	66.8313
8395	65.6592	65.6652
8396	65.6592	65.718
8397	65.6592	65.9204
8398	65.6592	67.3708
8399	65.6592	65.9377
8400	65.6592	66.1684
8401	65.6592	65.6849
8402	65.6592	65.6592
8403	65.6592	66.0231
8404	65.6592	65.8149
8405	65.6592	66.3645
8406	65.6592	65.726
8407	65.6592	65.6592
8408	65.6592	65.6592
8409	65.6592	65.7297
8410	65.6592	65.7046
8411	65.6592	65.8295
8412	65.6592	65.8577
8413	65.6592	65.7218
8414	65.6592	65.6592
8415	65.6592	65.6789
8416	65.6592	66.4901
8417	65.6592	65.6763
8418	65.6592	67.2059
8419	65.6592	68.4948
8420	65.6592	69.9177
8421	65.6592	69.6594
8422	65.6592	68.6253
8423	65.6592	65.6592
8424	65.6592	65.8378
8425	65.6592	65.715
8426	65.6592	65.6592
8427	65.6592	65.7487
8428	65.6592	65.7728
8429	65.6592	65.6867
8430	65.6592	66.0021
8431	65.6592	66.0734
8432	65.6592	65.6592
8433	65.6592	66.0214
8434	65.6592	66.7229
8435	65.6592	65.9248
8436	65.6592	65.7405
8437	65.6592	65.6737
8438	65.6592	65.774
8439	65.6592	65.8282
8440	65.6592	65.6592
8441	65.6592	65.7046
8442	65.6592	66.2925
8443	65.6592	66.0911
8444	65.6592	66.5373
8445	65.6592	67.2006
8446	65.6592	67.2941
8447	65.6592	65.8516
8448	65.6592	65.9589
8449	65.6592	66.9357
8450	65.6592	67.5707
8451	65.6592	66.6465
8452	65.6592	66.4685
8453	65.6592	66.2181
8454	65.6592	65.7767
8455	65.6592	65.7866
8456	65.6592	65.9687
8457	65.6592	65.7185
8458	65.6592	65.7336
8459	65.6592	65.8718
8460	65.6592	66.5597
8461	65.6592	66.3463
8462	65.6592	66.5083
8463	65.6592	66.5102
8464	65.6592	66.0698
8465	65.6592	66.2612
8466	65.6592	66.6503
8467	65.6592	65.8338
8468	65.6592	65.9257
8469	65.6592	67.1177
8470	65.6592	66.075
8471	65.6592	66.0251
8472	65.6592	65.6592
8473	65.6592	65.6592
8474	65.6592	66.8419
8475	65.6592	66.4834
8476	65.6592	66.1194
8477	65.6592	68.1786
8478	65.6592	67.826
8479	65.6592	67.2222
8480	65.6592	66.3573
8481	65.6592	66.5944
8482	65.6592	67.7209
8483	65.6592	68.9261
8484	65.6592	68.4106
8485	65.6592	66.5861
8486	65.6592	65.8583
8487	65.6592	65.9416
8488	65.6592	65.892
8489	65.6592	65.6875
8490	65.6592	66.7633
8491	65.6592	66.4519
8492	65.6592	66.3385
8493	65.6592	66.1295
8494	65.6592	65.6843
8495	65.6592	65.7449
8496	65.6592	65.7047
8497	65.6592	65.9015
8498	65.6592	65.672
8499	65.6592	66.2569
8500	65.6592	66.4664
8501	65.6592	65.6848
8502	65.6592	65.672
8503	65.6592	65.7268
8504	65.6592	65.8405
8505	65.6592	65.8229
8506	65.6592	66.0819
8507	65.6592	65.6921
8508	65.6592	65.6763
8509	65.6592	65.6934
8510	65.6592	65.8829
8511	65.6592	67.2406
8512	65.6592	67.9938
8513	65.6592	66.9791
8514	65.6592	66.1039
8515	65.6592	66.5321
8516	65.6592	66.0798
8517	65.6592	66.5284
8518	65.6592	66.1599
8519	65.6592	66.2762
8520	65.6592	65.9905
8521	65.6592	65.6592
8522	65.6592	66.6178
8523	65.6592	66.0256
8524	65.6592	65.8126
8525	65.6592	65.6678
8526	65.6592	65.8119
8527	65.6592	65.7778
8528	65.6592	65.9739
8529	65.6592	67.2381
8530	65.6592	66.408
8531	65.6592	66.0003
8532	65.6592	66.3478
8533	65.6592	66.3515
8534	65.6592	66.4655
8535	65.6592	66.4333
8536	65.6592	67.4924
8537	65.6592	67.1617
8538	65.6592	67.0125
8539	65.6592	65.878
8540	65.6592	66.3092
8541	65.6592	67.0311
8542	65.6592	66.8218
8543	65.6592	66.6234
8544	65.6592	66.6947
8545	65.6592	67.1923
8546	65.6592	66.9288
8547	65.6592	66.4775
8548	65.6592	66.3982
8549	65.6592	65.8364
8550	65.6592	66.1823
8551	65.6592	67.024
8552	65.6592	67.9283
8553	65.6592	66.744
8554	65.6592	67.9944
8555	65.6592	66.483
8556	65.6592	66.8077
8557	65.6592	66.7358
8558	65.6592	66.2594
8559	65.6592	66.061
8560	65.6592	65.9638
8561	65.6592	65.9161
8562	65.6592	66.0234
8563	65.6592	65.6592
8564	65.6592	65.9207
8565	65.6592	66.0646
8566	65.6592	66.4132
8567	65.6592	65.8401
8568	65.6592	65.9497
8569	65.6592	66.0556
8570	65.6592	68.225
8571	65.6592	68.4792
8572	65.6592	68.444
8573	65.6592	66.9229
8574	65.6592	66.5286
8575	65.6592	65.8884
8576	65.6592	65.7755
8577	65.6592	65.8697
8578	65.6592	65.7473
8579	65.6592	65.7965
8580	65.6592	66.1479
8581	65.6592	66.8111
8582	65.6592	66.8955
8583	65.6592	66.44
8584	65.6592	66.4169
8585	65.6592	67.2574
8586	65.6592	66.0765
8587	65.6592	66.0419
8588	65.6592	66.5689
8589	65.6592	66.8314
8590	65.6592	66.7549
8591	65.6592	67.1178
8592	65.6592	67.1189
8593	65.6592	67.9109
8594	65.6592	66.6315
8595	65.6592	67.2917
8596	65.6592	67.1481
8597	65.6592	65.6719
8598	65.6592	67.2774
8599	65.6592	66.5837
8600	65.6592	66.1707
8601	65.6592	65.9956
8602	65.6592	66.2857
8603	65.6592	65.7435
8604	65.6592	65.6891
8605	65.6592	65.7331
8606	65.6592	66.1698
8607	65.6592	65.6592
8608	65.6592	65.6592
8609	65.6592	65.6592
8610	65.6592	65.6592
8611	65.6592	65.6663
8612	65.6592	65.6592
8613	65.6592	65.6821
8614	65.6592	65.7329
8615	65.6592	66.6364
8616	65.6592	66.8363
8617	65.6592	69.026
8618	65.6592	68.0792
8619	65.6592	66.6004
8620	65.6592	65.7978
8621	65.6592	66.3924
8622	65.6592	66.2372
8623	65.6592	66.1221
8624	65.6592	66.3207
8625	65.6592	66.9497
8626	65.6592	67.6352
8627	65.6592	66.1945
8628	65.6592	67.6244
8629	65.6592	69.0571
8630	65.6592	66.2797
8631	65.6592	65.6592
8632	65.6592	65.6592
8633	65.6592	65.7411
8634	65.6592	65.92
8635	65.6592	66.3406
8636	65.6592	65.9852
8637	65.6592	67.5794
8638	65.6592	65.9316
8639	65.6592	66.3227
8640	65.6592	68.0937
8641	65.6592	68.2207
8642	65.6592	66.0012
8643	65.6592	66.6756
8644	65.6592	66.6898
8645	65.6592	66.8348
8646	65.6592	65.7858
8647	65.6592	65.8636
8648	65.6592	66.6755
8649	65.6592	66.5007
8650	65.6592	66.4203
8651	65.6592	65.7113
8652	65.6592	66.2603
8653	65.6592	65.8469
8654	65.6592	65.758
8655	65.6592	66.0172
8656	65.6592	65.7173
8657	65.6592	66.4329
8658	65.6592	67.5504
8659	65.6592	66.5941
8660	65.6592	66.4204
8661	65.6592	66.0241
8662	65.6592	66.0079
8663	65.6592	66.6902
8664	65.6592	65.7398
8665	65.6592	66.3428
8666	65.6592	67.2272
8667	65.6592	66.4493
8668	65.6592	66.4531
8669	65.6592	67.1383
8670	65.6592	67.2207
8671	65.6592	66.9776
8672	65.6592	66.6398
8673	65.6592	65.7513
8674	65.6592	66.0262
8675	65.6592	65.7855
8676	65.6592	65.8956
8677	65.6592	65.7189
8678	65.6592	65.6592
8679	65.6592	65.7736
8680	65.6592	65.753
8681	65.6592	66.4424
8682	65.6592	65.9263
8683	65.6592	65.8224
8684	65.6592	65.6592
8685	65.6592	65.6592
8686	65.6592	66.2242
8687	65.6592	66.8781
8688	65.6592	66.6244
8689	65.6592	66.606
8690	65.6592	66.2692
8691	65.6592	65.8984
8692	65.6592	65.6855
8693	65.6592	65.8288
8694	65.6592	66.6591
8695	65.6592	66.8606
8696	65.6592	66.3336
8697	65.6592	65.8811
8698	65.6592	66.177
8699	65.6592	66.1983
8700	65.6592	65.6836
8701	65.6592	66.0604
8702	65.6592	65.835
8703	65.6592	66.9777
8704	65.6592	66.632
8705	65.6592	66.5691
8706	65.6592	67.0498
8707	65.6592	66.063
8708	65.6592	67.1989
8709	65.6592	67.3522
8710	65.6592	66.8987
8711	65.6592	66.0421
8712	65.6592	66.2841
8713	65.6592	66.9151
8714	65.6592	66.6247
8715	65.6592	66.3108
8716	65.6592	66.0736
8717	65.6592	65.6592
8718	65.6592	65.6664
8719	65.6592	65.6592
8720	65.6592	66.8872
8721	65.6592	66.6425
8722	65.6592	65.7768
8723	65.6592	65.8105
8724	65.6592	66.0809
8725	65.6592	66.019
8726	65.6592	65.6592
8727	65.6592	66.5505
8728	65.6592	66.8049
8729	65.6592	66.773
8730	65.6592	66.9976
8731	65.6592	66.0543
8732	65.6592	65.972
8733	65.6592	66.0117
8734	65.6592	65.9478
8735	65.6592	66.9402
8736	65.6592	66.725
8737	65.6592	66.2339
8738	65.6592	66.9939
8739	65.6592	66.6151
8740	65.6592	66.8041
8741	65.6592	65.7532
8742	65.6592	67.1787
8743	65.6592	66.686
8744	65.6592	66.3658
8745	65.6592	65.7106
8746	65.6592	65.6981
8747	65.6592	66.0969
8748	65.6592	67.0109
8749	65.6592	68.7111
8750	65.6592	68.7386
8751	65.6592	68.1394
8752	65.6592	68.2249
8753	65.6592	67.2281
8754	65.6592	66.1839
8755	65.6592	65.9191
8756	65.6592	66.5445
8757	65.6592	66.8072
8758	65.6592	65.7443
8759	65.6592	66.044
8760	65.6592	65.7972
8761	65.6592	66.5339
8762	65.6592	66.1858
8763	65.6592	65.8323
8764	65.6592	66.1626
8765	65.6592	66.0139
8766	65.6592	65.8733
8767	65.6592	65.9954
8768	65.6592	65.9424
8769	65.6592	65.6592
8770	65.6592	65.6592
8771	65.6592	65.6592
8772	65.6592	65.7853
8773	65.6592	65.6592
8774	65.6592	65.7855
8775	65.6592	65.6937
8776	65.6592	65.6677
8777	65.6592	65.9026
8778	65.6592	65.7274
8779	65.6592	65.6592
8780	65.6592	65.6592
8781	65.6592	65.7617
8782	65.6592	65.7598
8783	65.6592	66.7039
8784	65.6592	67.2203
8785	65.6592	67.6162
8786	65.6592	67.6083
8787	65.6592	66.0631
8788	65.6592	65.7473
8789	65.6592	65.6798
8790	65.6592	65.6592
8791	65.6592	65.6592
8792	65.6592	65.6923
8793	65.6592	65.6592
8794	65.6592	65.6592
8795	65.6592	65.9828
8796	65.6592	66.5957
8797	65.6592	65.8906
8798	65.6592	65.7516
8799	65.6592	65.6592
8800	65.6592	65.7755
8801	65.6592	65.6592
8802	65.6592	66.244
8803	65.6592	67.9023
8804	65.6592	65.7717
8805	65.6592	66.5384
8806	65.6592	67.9028
8807	65.6592	68.0256
8808	65.6592	67.685
8809	65.6592	67.3528
8810	65.6592	66.1328
8811	65.6592	66.6954
8812	65.6592	65.8588
8813	65.6592	66.2181
8814	65.6592	66.487
8815	65.6592	66.3563
8816	65.6592	66.591
8817	65.6592	66.1834
8818	65.6592	65.8432
8819	65.6592	65.768
8820	65.6592	65.6592
8821	65.6592	66.0378
8822	65.6592	65.703
8823	65.6592	65.9139
8824	65.6592	65.8092
8825	65.6592	65.6592
8826	65.6592	65.9806
8827	65.6592	66.4714
8828	65.6592	65.9256
8829	65.6592	66.7209
8830	65.6592	67.4886
8831	65.6592	69.3751
8832	65.6592	67.8408
8833	65.6592	66.5442
8834	65.6592	67.0666
8835	65.6592	67.4573
8836	65.6592	69.3532
8837	65.6592	68.1993
8838	65.6592	66.4664
8839	65.6592	66.8371
8840	65.6592	68.1069
8841	65.6592	67.8759
8842	65.6592	66.8551
8843	65.6592	65.7903
8844	65.6592	65.9231
8845	65.6592	65.7514
8846	65.6592	65.7154
8847	65.6592	65.8183
8848	65.6592	65.7506
8849	65.6592	65.7152
8850	65.6592	66.4074
8851	65.6592	65.6592
8852	65.6592	65.6592
8853	65.6592	66.0943
8854	65.6592	65.8547
8855	65.6592	66.0734
8856	65.6592	66.0619
8857	65.6592	65.6592
8858	65.6592	65.6643
8859	65.6592	65.6592
8860	65.6592	65.6592
8861	65.6592	65.6592
8862	65.6592	66.0514
8863	65.6592	65.7375
8864	65.6592	65.7034
8865	65.6592	65.6592
8866	65.6592	65.6592
8867	65.6592	65.6592
8868	65.6592	66.4124
8869	65.6592	66.5127
8870	65.6592	66.0622
8871	65.6592	67.0514
8872	65.6592	66.4588
8873	65.6592	67.6115
8874	65.6592	66.6793
8875	65.6592	66.0327
8876	65.6592	68.5218
8877	65.6592	68.9759
8878	65.6592	66.6555
8879	65.6592	67.143
8880	65.6592	66.2137
8881	65.6592	66.1532
8882	65.6592	66.1012
8883	65.6592	65.7326
8884	65.6592	65.6919
8885	65.6592	65.6592
8886	65.6592	65.6592
8887	65.6592	65.6767
8888	65.6592	65.969
8889	65.6592	65.7757
8890	65.6592	66.6381
8891	65.6592	66.3154
8892	65.6592	66.7637
8893	65.6592	66.4504
8894	65.6592	65.8316
8895	65.6592	65.7373
8896	65.6592	65.8888
8897	65.6592	66.2546
8898	65.6592	66.0435
8899	65.6592	67.0222
8900	65.6592	66.4886
8901	65.6592	66.9233
8902	65.6592	67.492
8903	65.6592	65.7352
8904	65.6592	65.713
8905	65.6592	65.9224
8906	65.6592	66.7651
8907	65.6592	65.6786
8908	65.6592	65.7199
8909	65.6592	65.8668
8910	65.6592	66.0929
8911	65.6592	65.7778
8912	65.6592	65.6592
8913	65.6592	65.8806
8914	65.6592	66.0421
8915	65.6592	66.5955
8916	65.6592	67.0386
8917	65.6592	66.0083
8918	65.6592	66.2584
8919	65.6592	67.1893
8920	65.6592	67.9072
8921	65.6592	65.8379
8922	65.6592	65.6592
8923	65.6592	65.7082
8924	65.6592	65.9276
8925	65.6592	65.8941
8926	65.6592	65.7575
8927	65.6592	66.2472
8928	65.6592	66.9023
8929	65.6592	66.8349
8930	65.6592	66.754
8931	65.6592	66.0329
8932	65.6592	65.7659
8933	65.6592	65.6725
8934	65.6592	66.3626
8935	65.6592	66.066
8936	65.6592	67.3447
8937	65.6592	66.4171
8938	65.6592	67.3916
8939	65.6592	67.3885
8940	65.6592	66.3324
8941	65.6592	66.5955
8942	65.6592	65.9276
8943	65.6592	65.8511
8944	65.6592	66.1505
8945	65.6592	65.6809
8946	65.6592	65.7179
8947	65.6592	65.7609
8948	65.6592	66.2776
8949	65.6592	66.369
8950	65.6592	67.7563
8951	65.6592	66.69
8952	65.6592	66.4076
8953	65.6592	67.7269
8954	65.6592	66.3506
8955	65.6592	66.4329
8956	65.6592	66.8293
8957	65.6592	67.5445
8958	65.6592	67.1572
8959	65.6592	68.4713
8960	65.6592	66.5216
8961	65.6592	66.7038
8962	65.6592	66.1343
8963	65.6592	66.4403
8964	65.6592	66.344
8965	65.6592	66.7453
8966	65.6592	66.3064
8967	65.6592	65.6734
8968	65.6592	65.7534
8969	65.6592	65.7732
8970	65.6592	65.7039
8971	65.6592	67.3265
8972	65.6592	66.496
8973	65.6592	68.8263
8974	65.6592	69.1637
8975	65.6592	67.9674
8976	65.6592	66.8416
8977	65.6592	66.7523
8978	65.6592	66.5601
8979	65.6592	66.8264
8980	65.6592	67.3108
8981	65.6592	66.4527
8982	65.6592	67.1785
8983	65.6592	67.3898
8984	65.6592	66.6509
8985	65.6592	65.8985
8986	65.6592	66.4607
8987	65.6592	67.0701
8988	65.6592	67.0012
8989	65.6592	67.7232
8990	65.6592	66.5029
8991	65.6592	66.2877
8992	65.6592	65.6836
8993	65.6592	65.6592
8994	65.6592	65.6592
8995	65.6592	66.556
8996	65.6592	66.2868
8997	65.6592	66.0547
8998	65.6592	67.542
8999	65.6592	66.3923
9000	65.6592	65.9703
9001	65.6592	66.5643
9002	65.6592	66.4476
9003	65.6592	65.8365
9004	65.6592	65.9864
9005	65.6592	66.1607
9006	65.6592	65.8979
9007	65.6592	65.852
9008	65.6592	65.747
9009	65.6592	66.4066
9010	65.6592	66.6434
9011	65.6592	65.9008
9012	65.6592	66.6825
9013	65.6592	66.3983
9014	65.6592	65.6592
9015	65.6592	66.2494
9016	65.6592	65.882
9017	65.6592	65.9951
9018	65.6592	65.6592
9019	65.6592	65.6592
9020	65.6592	65.6753
9021	65.6592	65.6912
9022	65.6592	65.6592
9023	65.6592	66.3146
9024	65.6592	65.7253
9025	65.6592	66.0831
9026	65.6592	67.9192
9027	65.6592	66.7735
9028	65.6592	65.9551
9029	65.6592	66.4882
9030	65.6592	65.8858
9031	65.6592	66.3201
9032	65.6592	65.7472
9033	65.6592	66.0032
9034	65.6592	65.8281
9035	65.6592	65.9103
9036	65.6592	65.7056
9037	65.6592	66.2554
9038	65.6592	66.1555
9039	65.6592	67.3783
9040	65.6592	66.5096
9041	65.6592	68.746
9042	65.6592	66.9401
9043	65.6592	66.4499
9044	65.6592	65.9701
9045	65.6592	65.6592
9046	65.6592	65.7393
9047	65.6592	65.7553
9048	65.6592	65.7127
9049	65.6592	66.2015
9050	65.6592	66.2991
9051	65.6592	67.7005
9052	65.6592	67.7541
9053	65.6592	69.0333
9054	65.6592	68.2308
9055	65.6592	68.1683
9056	65.6592	66.7098
9057	65.6592	66.4843
9058	65.6592	66.1331
9059	65.6592	66.2725
9060	65.6592	67.0196
9061	65.6592	67.0258
9062	65.6592	68.134
9063	65.6592	67.4324
9064	65.6592	68.0234
9065	65.6592	67.1793
9066	65.6592	69.1566
9067	65.6592	68.6166
9068	65.6592	67.0383
9069	65.6592	67.8073
9070	65.6592	67.0733
9071	65.6592	66.1251
9072	65.6592	66.3721
9073	65.6592	65.8176
9074	65.6592	66.1857
9075	65.6592	65.9492
9076	65.6592	66.3037
9077	65.6592	65.6682
9078	65.6592	65.6592
9079	65.6592	65.6715
9080	65.6592	66.6959
9081	65.6592	66.1408
9082	65.6592	66.7208
9083	65.6592	67.232
9084	65.6592	67.5981
9085	65.6592	68.526
9086	65.6592	65.8076
9087	65.6592	65.6623
9088	65.6592	65.6592
9089	65.6592	66.0655
9090	65.6592	65.7717
9091	65.6592	66.6494
9092	65.6592	66.97
9093	65.6592	66.0966
9094	65.6592	65.6592
9095	65.6592	65.6592
9096	65.6592	65.6592
9097	65.6592	67.5943
9098	65.6592	66.2196
9099	65.6592	66.0587
9100	65.6592	66.5106
9101	65.6592	67.5958
9102	65.6592	67.5714
9103	65.6592	67.8481
9104	65.6592	67.4336
9105	65.6592	66.6105
9106	65.6592	66.7348
9107	65.6592	66.6521
9108	65.6592	67.1941
9109	65.6592	67.4515
9110	65.6592	68.7829
9111	65.6592	68.6554
9112	65.6592	67.279
9113	65.6592	67.9244
9114	65.6592	69.8717
9115	65.6592	68.2329
9116	65.6592	67.0549
9117	65.6592	65.8213
9118	65.6592	67.266
9119	65.6592	68.458
9120	65.6592	67.4994
9121	65.6592	66.4542
9122	65.6592	66.7833
9123	65.6592	68.0345
9124	65.6592	66.0834
9125	65.6592	66.3555
9126	65.6592	65.6592
9127	65.6592	66.2093
9128	65.6592	66.2009
9129	65.6592	65.9143
9130	65.6592	65.6592
9131	65.6592	65.6672
9132	65.6592	66.1683
9133	65.6592	67.6594
9134	65.6592	66.3108
9135	65.6592	66.3304
9136	65.6592	66.5668
9137	65.6592	65.8075
9138	65.6592	65.7482
9139	65.6592	66.1504
9140	65.6592	65.6592
9141	65.6592	65.6592
9142	65.6592	65.6592
9143	65.6592	65.6615
9144	65.6592	65.6592
9145	65.6592	65.6592
9146	65.6592	65.9331
9147	65.6592	65.8161
9148	65.6592	65.6592
9149	65.6592	65.7062
9150	65.6592	65.6685
9151	65.6592	65.6592
9152	65.6592	65.7478
9153	65.6592	66.0945
9154	65.6592	65.6592
9155	65.6592	65.6592
9156	65.6592	66.0903
9157	65.6592	65.984
9158	65.6592	65.9346
9159	65.6592	66.439
9160	65.6592	65.9263
9161	65.6592	66.7037
9162	65.6592	66.9609
9163	65.6592	65.7757
9164	65.6592	65.6592
9165	65.6592	65.6592
9166	65.6592	65.6592
9167	65.6592	65.6592
9168	65.6592	65.6592
9169	65.6592	65.6592
9170	65.6592	65.8258
9171	65.6592	67.4875
9172	65.6592	66.4149
9173	65.6592	66.0233
9174	65.6592	65.8933
9175	65.6592	65.6592
9176	65.6592	66.9099
9177	65.6592	65.769
9178	65.6592	66.1669
9179	65.6592	65.7461
9180	65.6592	65.7089
9181	65.6592	66.363
9182	65.6592	65.9612
9183	65.6592	66.6129
9184	65.6592	67.3371
9185	65.6592	68.1875
9186	65.6592	66.1073
9187	65.6592	66.4606
9188	65.6592	67.5193
9189	65.6592	66.3821
9190	65.6592	65.7825
9191	65.6592	65.808
9192	65.6592	65.8274
9193	65.6592	66.2745
9194	65.6592	66.5945
9195	65.6592	65.8812
9196	65.6592	65.8819
9197	65.6592	65.9656
9198	65.6592	65.8662
9199	65.6592	66.7019
9200	65.6592	66.786
9201	65.6592	65.9789
9202	65.6592	65.741
9203	65.6592	66.6683
9204	65.6592	66.3542
9205	65.6592	67.2702
9206	65.6592	66.5883
9207	65.6592	65.8375
9208	65.6592	65.884
9209	65.6592	65.7212
9210	65.6592	66.3537
9211	65.6592	65.6592
9212	65.6592	65.8118
9213	65.6592	65.8161
9214	65.6592	66.1218
9215	65.6592	66.9098
9216	65.6592	67.6092
9217	65.6592	67.1425
9218	65.6592	66.3054
9219	65.6592	66.7961
9220	65.6592	65.6592
9221	65.6592	65.6592
9222	65.6592	66.2144
9223	65.6592	66.2586
9224	65.6592	67.4884
9225	65.6592	66.1762
9226	65.6592	66.3135
9227	65.6592	66.3347
9228	65.6592	67.0176
9229	65.6592	66.2464
9230	65.6592	66.3051
9231	65.6592	66.5725
9232	65.6592	66.1122
9233	65.6592	67.2989
9234	65.6592	68.7532
9235	65.6592	66.2878
9236	65.6592	65.9669
9237	65.6592	66.3683
9238	65.6592	66.0754
9239	65.6592	65.8419
9240	65.6592	67.4189
9241	65.6592	66.5079
9242	65.6592	66.2557
9243	65.6592	66.1044
9244	65.6592	66.7655
9245	65.6592	65.6695
9246	65.6592	65.7896
9247	65.6592	66.1827
9248	65.6592	66.5297
9249	65.6592	66.2523
9250	65.6592	67.315
9251	65.6592	66.2827
9252	65.6592	66.2492
9253	65.6592	65.7701
9254	65.6592	67.1649
9255	65.6592	65.8264
9256	65.6592	66.0387
9257	65.6592	65.6592
9258	65.6592	65.8173
9259	65.6592	65.7567
9260	65.6592	65.6987
9261	65.6592	65.6604
9262	65.6592	65.6604
9263	65.6592	65.8185
9264	65.6592	66.7484
9265	65.6592	67.5275
9266	65.6592	65.9105
9267	65.6592	65.9549
9268	65.6592	65.6721
9269	65.6592	65.7124
9270	65.6592	67.0492
9271	65.6592	66.1324
9272	65.6592	66.5382
9273	65.6592	65.7902
9274	65.6592	65.6822
9275	65.6592	65.7474
9276	65.6592	65.6812
9277	65.6592	66.264
9278	65.6592	66.134
9279	65.6592	66.1548
9280	65.6592	65.8965
9281	65.6592	66.3803
9282	65.6592	65.6621
9283	65.6592	65.6592
9284	65.6592	65.6592
9285	65.6592	65.8759
9286	65.6592	66.7417
9287	65.6592	66.5887
9288	65.6592	67.0043
9289	65.6592	66.303
9290	65.6592	65.7063
9291	65.6592	66.0643
9292	65.6592	66.1124
9293	65.6592	66.7898
9294	65.6592	66.1665
9295	65.6592	67.4168
9296	65.6592	66.7672
9297	65.6592	66.0924
9298	65.6592	67.9925
9299	65.6592	68.3311
9300	65.6592	67.6722
9301	65.6592	67.7512
9302	65.6592	67.0142
9303	65.6592	66.9677
9304	65.6592	66.8361
9305	65.6592	67.2568
9306	65.6592	66.3159
9307	65.6592	67.3607
9308	65.6592	66.9858
9309	65.6592	67.3379
9310	65.6592	67.5692
9311	65.6592	66.4638
9312	65.6592	66.3692
9313	65.6592	66.0164
9314	65.6592	65.9928
9315	65.6592	65.7183
9316	65.6592	65.8585
9317	65.6592	66.2422
9318	65.6592	65.7308
9319	65.6592	65.9039
9320	65.6592	65.6592
9321	65.6592	65.6592
9322	65.6592	65.6592
9323	65.6592	66.0616
9324	65.6592	66.2535
9325	65.6592	65.6592
9326	65.6592	65.6592
9327	65.6592	65.8218
9328	65.6592	65.6842
9329	65.6592	66.1056
9330	65.6592	65.9387
9331	65.6592	66.1546
9332	65.6592	66.6907
9333	65.6592	66.2909
9334	65.6592	66.1271
9335	65.6592	66.1235
9336	65.6592	65.6592
9337	65.6592	66.0785
9338	65.6592	65.9815
9339	65.6592	66.7206
9340	65.6592	67.3902
9341	65.6592	66.8901
9342	65.6592	66.6702
9343	65.6592	67.5079
9344	65.6592	67.6388
9345	65.6592	68.6581
9346	65.6592	69.101
9347	65.6592	68.4121
9348	65.6592	67.7138
9349	65.6592	66.9017
9350	65.6592	67.4747
9351	65.6592	66.5562
9352	65.6592	66.2081
9353	65.6592	65.7717
9354	65.6592	66.8256
9355	65.6592	66.6446
9356	65.6592	66.0457
9357	65.6592	65.6592
9358	65.6592	65.7885
9359	65.6592	65.6889
9360	65.6592	65.7749
9361	65.6592	66.3787
9362	65.6592	66.904
9363	65.6592	66.0938
9364	65.6592	66.8825
9365	65.6592	65.9534
9366	65.6592	66.4384
9367	65.6592	65.8249
9368	65.6592	65.7496
9369	65.6592	66.1698
9370	65.6592	66.2977
9371	65.6592	66.1165
9372	65.6592	66.1457
9373	65.6592	65.7469
9374	65.6592	65.6592
9375	65.6592	65.8401
9376	65.6592	65.6685
9377	65.6592	65.8252
9378	65.6592	65.9016
9379	65.6592	65.7211
9380	65.6592	65.8266
9381	65.6592	65.9839
9382	65.6592	65.7834
9383	65.6592	65.8412
9384	65.6592	65.7369
9385	65.6592	68.1201
9386	65.6592	67.3572
9387	65.6592	65.6816
9388	65.6592	65.6592
9389	65.6592	66.6371
9390	65.6592	66.2107
9391	65.6592	66.7089
9392	65.6592	66.5151
9393	65.6592	66.5915
9394	65.6592	66.2505
9395	65.6592	66.8639
9396	65.6592	66.0098
9397	65.6592	65.7271
9398	65.6592	66.2987
9399	65.6592	66.5213
9400	65.6592	66.0881
9401	65.6592	66.204
9402	65.6592	68.0236
9403	65.6592	67.3006
9404	65.6592	67.9861
9405	65.6592	68.2917
9406	65.6592	66.8219
9407	65.6592	65.8684
9408	65.6592	66.3677
9409	65.6592	66.5862
9410	65.6592	66.0462
9411	65.6592	67.1694
9412	65.6592	67.1037
9413	65.6592	65.9155
9414	65.6592	65.6751
9415	65.6592	65.7599
9416	65.6592	65.8489
9417	65.6592	65.6652
9418	65.6592	66.4492
9419	65.6592	66.2199
9420	65.6592	67.0234
9421	65.6592	66.5313
9422	65.6592	66.7771
9423	65.6592	65.6753
9424	65.6592	66.5579
9425	65.6592	66.4872
9426	65.6592	65.9543
9427	65.6592	65.6592
9428	65.6592	66.9893
9429	65.6592	67.4728
9430	65.6592	66.4215
9431	65.6592	66.1666
9432	65.6592	66.5098
9433	65.6592	67.1145
9434	65.6592	67.9739
9435	65.6592	68.3955
9436	65.6592	68.2069
9437	65.6592	68.2125
9438	65.6592	68.1661
9439	65.6592	68.218
9440	65.6592	69.2724
9441	65.6592	68.1545
9442	65.6592	67.3908
9443	65.6592	67.8528
9444	65.6592	66.5383
9445	65.6592	66.4618
9446	65.6592	65.794
9447	65.6592	65.6592
9448	65.6592	65.6592
9449	65.6592	65.7475
9450	65.6592	65.7178
9451	65.6592	66.0622
9452	65.6592	65.7453
9453	65.6592	65.8266
9454	65.6592	66.7356
9455	65.6592	67.797
9456	65.6592	66.2203
9457	65.6592	66.1826
9458	65.6592	66.7441
9459	65.6592	65.9074
9460	65.6592	66.1773
9461	65.6592	65.6798
9462	65.6592	67.8375
9463	65.6592	68.3437
9464	65.6592	67.1276
9465	65.6592	66.1109
9466	65.6592	65.7841
9467	65.6592	65.72
9468	65.6592	66.5818
9469	65.6592	66.197
9470	65.6592	66.1739
9471	65.6592	66.3651
9472	65.6592	65.6828
9473	65.6592	65.6592
9474	65.6592	66.0164
9475	65.6592	65.7132
9476	65.6592	65.7141
9477	65.6592	65.7201
9478	65.6592	65.9682
9479	65.6592	66.3676
9480	65.6592	67.2185
9481	65.6592	65.9992
9482	65.6592	66.7152
9483	65.6592	66.8537
9484	65.6592	67.2582
9485	65.6592	69.1095
9486	65.6592	68.2413
9487	65.6592	67.2337
9488	65.6592	68.214
9489	65.6592	66.7776
9490	65.6592	66.0105
9491	65.6592	66.9
9492	65.6592	67.4421
9493	65.6592	66.4669
9494	65.6592	66.7437
9495	65.6592	66.5003
9496	65.6592	65.6592
9497	65.6592	65.6604
9498	65.6592	66.6594
9499	65.6592	66.1656
9500	65.6592	66.3245
9501	65.6592	67.2953
9502	65.6592	67.7987
9503	65.6592	67.2114
9504	65.6592	66.4694
9505	65.6592	66.3391
9506	65.6592	66.8614
9507	65.6592	66.302
9508	65.6592	65.9499
9509	65.6592	65.9469
9510	65.6592	65.7071
9511	65.6592	66.2385
9512	65.6592	66.0551
9513	65.6592	66.1317
9514	65.6592	66.0613
9515	65.6592	65.7011
9516	65.6592	65.7137
9517	65.6592	65.6592
9518	65.6592	65.9124
9519	65.6592	66.4813
9520	65.6592	66.5588
9521	65.6592	66.7398
9522	65.6592	65.6592
9523	65.6592	65.7446
9524	65.6592	66.4751
9525	65.6592	66.1693
9526	65.6592	66.1778
9527	65.6592	66.8709
9528	65.6592	66.3676
9529	65.6592	66.0756
9530	65.6592	65.6592
9531	65.6592	65.6592
9532	65.6592	66.2743
9533	65.6592	65.811
9534	65.6592	65.7657
9535	65.6592	65.7137
9536	65.6592	65.8966
9537	65.6592	65.8673
9538	65.6592	66.4394
9539	65.6592	66.5106
9540	65.6592	66.3321
9541	65.6592	65.7382
9542	65.6592	66.1773
9543	65.6592	65.8145
9544	65.6592	66.2219
9545	65.6592	65.7973
9546	65.6592	66.5495
9547	65.6592	66.0326
9548	65.6592	65.8546
9549	65.6592	65.6592
9550	65.6592	66.4865
9551	65.6592	65.6592
9552	65.6592	65.6869
9553	65.6592	65.6819
9554	65.6592	65.7377
9555	65.6592	66.1457
9556	65.6592	65.7457
9557	65.6592	65.7118
9558	65.6592	65.8458
9559	65.6592	65.6592
9560	65.6592	65.6592
9561	65.6592	66.2426
9562	65.6592	66.6447
9563	65.6592	65.7753
9564	65.6592	65.6592
9565	65.6592	65.6592
9566	65.6592	65.8187
9567	65.6592	66.1796
9568	65.6592	66.0507
9569	65.6592	65.9139
9570	65.6592	65.9022
9571	65.6592	65.6592
9572	65.6592	65.7429
9573	65.6592	65.8926
9574	65.6592	68.3122
9575	65.6592	66.965
9576	65.6592	66.2968
9577	65.6592	65.6592
9578	65.6592	65.7927
9579	65.6592	65.6592
9580	65.6592	65.6592
9581	65.6592	65.816
9582	65.6592	65.7096
9583	65.6592	65.7876
9584	65.6592	66.8727
9585	65.6592	66.019
9586	65.6592	65.9448
9587	65.6592	67.0749
9588	65.6592	65.7384
9589	65.6592	65.7808
9590	65.6592	66.2747
9591	65.6592	66.9189
9592	65.6592	67.4886
9593	65.6592	66.7938
9594	65.6592	66.2757
9595	65.6592	67.8135
9596	65.6592	67.8298
9597	65.6592	67.2974
9598	65.6592	66.9063
9599	65.6592	66.3562
9600	65.6592	65.7335
9601	65.6592	66.0812
9602	65.6592	65.6592
9603	65.6592	65.6592
9604	65.6592	65.6592
9605	65.6592	65.6841
9606	65.6592	65.6592
9607	65.6592	65.6592
9608	65.6592	65.6592
9609	65.6592	66.116
9610	65.6592	66.0984
9611	65.6592	65.6592
9612	65.6592	66.8146
9613	65.6592	65.9095
9614	65.6592	65.6592
9615	65.6592	65.7628
9616	65.6592	65.6592
9617	65.6592	65.6734
9618	65.6592	65.9127
9619	65.6592	65.8929
9620	65.6592	66.2401
9621	65.6592	66.3622
9622	65.6592	65.94
9623	65.6592	65.6592
9624	65.6592	65.8974
9625	65.6592	66.368
9626	65.6592	65.7413
9627	65.6592	65.6767
9628	65.6592	66.8224
9629	65.6592	67.8159
9630	65.6592	67.3597
9631	65.6592	66.7145
9632	65.6592	67.3636
9633	65.6592	67.0924
9634	65.6592	66.9496
9635	65.6592	66.2771
9636	65.6592	65.6592
9637	65.6592	65.7159
9638	65.6592	66.0991
9639	65.6592	65.8927
9640	65.6592	66.4113
9641	65.6592	65.6953
9642	65.6592	67.0008
9643	65.6592	67.5036
9644	65.6592	66.3381
9645	65.6592	67.4729
9646	65.6592	66.7624
9647	65.6592	67.0311
9648	65.6592	69.0566
9649	65.6592	70.7621
9650	65.6592	69.4965
9651	65.6592	67.2007
9652	65.6592	66.8346
9653	65.6592	67.0479
9654	65.6592	66.2159
9655	65.6592	67.4104
9656	65.6592	68.6081
9657	65.6592	67.0773
9658	65.6592	67.5505
9659	65.6592	66.5989
9660	65.6592	66.7278
9661	65.6592	66.3096
9662	65.6592	65.6796
9663	65.6592	65.6592
9664	65.6592	65.7353
9665	65.6592	66.5702
9666	65.6592	67.1829
9667	65.6592	66.5068
9668	65.6592	66.4991
9669	65.6592	66.0589
9670	65.6592	65.9526
9671	65.6592	65.7379
9672	65.6592	66.2385
9673	65.6592	66.5466
9674	65.6592	66.1388
9675	65.6592	65.8952
9676	65.6592	66.7179
9677	65.6592	66.931
9678	65.6592	67.096
9679	65.6592	66.5606
9680	65.6592	66.068
9681	65.6592	66.0659
9682	65.6592	67.1299
9683	65.6592	66.6436
9684	65.6592	66.7872
9685	65.6592	66.4433
9686	65.6592	66.4381
9687	65.6592	67.0126
9688	65.6592	67.3242
9689	65.6592	66.1101
9690	65.6592	66.9797
9691	65.6592	66.8523
9692	65.6592	66.628
9693	65.6592	65.7817
9694	65.6592	65.8529
9695	65.6592	66.3443
9696	65.6592	65.9782
9697	65.6592	66.0281
9698	65.6592	66.457
9699	65.6592	65.7351
9700	65.6592	65.9802
9701	65.6592	66.0467
9702	65.6592	65.9105
9703	65.6592	65.9404
9704	65.6592	65.6592
9705	65.6592	65.6592
9706	65.6592	65.9047
9707	65.6592	65.8365
9708	65.6592	65.6592
9709	65.6592	65.9271
9710	65.6592	66.3141
9711	65.6592	66.1728
9712	65.6592	66.7047
9713	65.6592	66.4589
9714	65.6592	66.6143
9715	65.6592	65.6592
9716	65.6592	65.6592
9717	65.6592	65.683
9718	65.6592	65.6592
9719	65.6592	66.0969
9720	65.6592	65.9139
9721	65.6592	66.0928
9722	65.6592	66.4445
9723	65.6592	67.0191
9724	65.6592	65.9456
9725	65.6592	66.0408
9726	65.6592	66.8901
9727	65.6592	65.6592
9728	65.6592	65.6592
9729	65.6592	66.7228
9730	65.6592	65.7922
9731	65.6592	66.061
9732	65.6592	67.4628
9733	65.6592	67.1701
9734	65.6592	66.9269
9735	65.6592	67.7911
9736	65.6592	66.1494
9737	65.6592	67.113
9738	65.6592	65.857
9739	65.6592	66.0093
9740	65.6592	65.9237
9741	65.6592	65.8206
9742	65.6592	66.0975
9743	65.6592	65.7935
9744	65.6592	65.8082
9745	65.6592	65.6592
9746	65.6592	65.6592
9747	65.6592	65.7976
9748	65.6592	66.6835
9749	65.6592	66.0799
9750	65.6592	67.7949
9751	65.6592	66.3583
9752	65.6592	66.3913
9753	65.6592	66.3
9754	65.6592	65.6747
9755	65.6592	65.6592
9756	65.6592	65.6592
9757	65.6592	65.7735
9758	65.6592	66.9393
9759	65.6592	67.1968
9760	65.6592	66.3592
9761	65.6592	66.9101
9762	65.6592	66.6573
9763	65.6592	67.1961
9764	65.6592	67.7241
9765	65.6592	66.5023
9766	65.6592	68.2347
9767	65.6592	67.9435
9768	65.6592	67.1002
9769	65.6592	66.6985
9770	65.6592	67.8469
9771	65.6592	67.5424
9772	65.6592	68.219
9773	65.6592	67.29
9774	65.6592	66.7213
9775	65.6592	66.5155
9776	65.6592	65.9087
9777	65.6592	65.6592
9778	65.6592	65.6592
9779	65.6592	66.3201
9780	65.6592	66.6684
9781	65.6592	67.6806
9782	65.6592	67.1246
9783	65.6592	66.7281
9784	65.6592	66.4041
9785	65.6592	66.55
9786	65.6592	68.2451
9787	65.6592	66.9363
9788	65.6592	66.1086
9789	65.6592	66.5323
9790	65.6592	66.7315
9791	65.6592	66.8665
9792	65.6592	66.7348
9793	65.6592	66.015
9794	65.6592	65.9656
9795	65.6592	65.6592
9796	65.6592	67.0848
9797	65.6592	65.6592
9798	65.6592	65.6592
9799	65.6592	65.728
9800	65.6592	65.6663
9801	65.6592	66.2112
9802	65.6592	65.7166
9803	65.6592	66.5249
9804	65.6592	67.6332
9805	65.6592	67.9019
9806	65.6592	66.6492
9807	65.6592	67.1275
9808	65.6592	68.0217
9809	65.6592	66.8594
9810	65.6592	66.7234
9811	65.6592	66.2319
9812	65.6592	65.6592
9813	65.6592	65.6592
9814	65.6592	65.688
9815	65.6592	65.6592
9816	65.6592	65.9472
9817	65.6592	66.8988
9818	65.6592	67.4081
9819	65.6592	66.2402
9820	65.6592	65.6975
9821	65.6592	65.6592
9822	65.6592	65.9689
9823	65.6592	65.6592
9824	65.6592	65.8524
9825	65.6592	65.8798
9826	65.6592	65.6592
9827	65.6592	65.7575
9828	65.6592	65.9237
9829	65.6592	65.7884
9830	65.6592	65.6592
9831	65.6592	65.9343
9832	65.6592	65.6916
9833	65.6592	66.1791
9834	65.6592	66.1655
9835	65.6592	66.1195
9836	65.6592	67.0538
9837	65.6592	66.2755
9838	65.6592	65.8029
9839	65.6592	65.9559
9840	65.6592	65.7738
9841	65.6592	65.8257
9842	65.6592	65.6747
9843	65.6592	65.6592
9844	65.6592	66.5402
9845	65.6592	67.0688
9846	65.6592	66.5376
9847	65.6592	66.2465
9848	65.6592	66.2063
9849	65.6592	66.2122
9850	65.6592	66.1193
9851	65.6592	66.7793
9852	65.6592	67.6042
9853	65.6592	66.3116
9854	65.6592	65.8042
9855	65.6592	65.7277
9856	65.6592	67.1381
9857	65.6592	66.9061
9858	65.6592	66.1346
9859	65.6592	65.6592
9860	65.6592	66.4173
9861	65.6592	65.6592
9862	65.6592	66.5911
9863	65.6592	66.7378
9864	65.6592	66.1333
9865	65.6592	65.9128
9866	65.6592	66.3941
9867	65.6592	65.6592
9868	65.6592	67.1323
9869	65.6592	67.6754
9870	65.6592	67.4083
9871	65.6592	66.2836
9872	65.6592	67.3559
9873	65.6592	66.6036
9874	65.6592	66.1501
9875	65.6592	66.48
9876	65.6592	66.4568
9877	65.6592	65.8773
9878	65.6592	67.4666
9879	65.6592	67.7059
9880	65.6592	67.0787
9881	65.6592	66.4891
9882	65.6592	66.1228
9883	65.6592	66.3483
9884	65.6592	66.1056
9885	65.6592	66.3876
9886	65.6592	66.581
9887	65.6592	66.8542
9888	65.6592	67.1303
9889	65.6592	67.2761
9890	65.6592	66.5619
9891	65.6592	65.7594
9892	65.6592	66.2791
9893	65.6592	66.099
9894	65.6592	65.8351
9895	65.6592	65.6592
9896	65.6592	65.8798
9897	65.6592	65.6893
9898	65.6592	65.8654
9899	65.6592	65.7539
9900	65.6592	67.0068
9901	65.6592	66.2127
9902	65.6592	65.9174
9903	65.6592	66.1292
9904	65.6592	66.0639
9905	65.6592	65.8003
9906	65.6592	65.7023
9907	65.6592	65.6615
9908	65.6592	65.6615
9909	65.6592	65.6592
9910	65.6592	65.6731
9911	65.6592	66.1174
9912	65.6592	66.1413
9913	65.6592	65.92
9914	65.6592	65.6758
9915	65.6592	65.7742
9916	65.6592	66.3098
9917	65.6592	67.4117
9918	65.6592	66.7908
9919	65.6592	67.2332
9920	65.6592	66.7272
9921	65.6592	66.4561
9922	65.6592	67.3258
9923	65.6592	66.2192
9924	65.6592	66.9095
9925	65.6592	65.7161
9926	65.6592	65.6592
9927	65.6592	65.9206
9928	65.6592	66.5055
9929	65.6592	66.3887
9930	65.6592	66.5528
9931	65.6592	66.2709
9932	65.6592	65.8522
9933	65.6592	65.8094
9934	65.6592	65.9347
9935	65.6592	65.7183
9936	65.6592	66.0024
9937	65.6592	66.7121
9938	65.6592	66.8998
9939	65.6592	66.0807
9940	65.6592	65.9019
9941	65.6592	66.1341
9942	65.6592	67.2573
9943	65.6592	66.4994
9944	65.6592	65.814
9945	65.6592	66.696
9946	65.6592	65.8866
9947	65.6592	67.2864
9948	65.6592	67.9976
9949	65.6592	67.7205
9950	65.6592	66.6584
9951	65.6592	66.0548
9952	65.6592	65.6592
9953	65.6592	65.9315
9954	65.6592	65.8793
9955	65.6592	67.2405
9956	65.6592	66.2212
9957	65.6592	65.6693
9958	65.6592	65.8369
9959	65.6592	65.7778
9960	65.6592	66.5825
9961	65.6592	66.9818
9962	65.6592	66.9389
9963	65.6592	66.1654
9964	65.6592	67.4821
9965	65.6592	66.8656
9966	65.6592	66.153
9967	65.6592	68.7226
9968	65.6592	67.2811
9969	65.6592	67.1114
9970	65.6592	66.6261
9971	65.6592	66.45
9972	65.6592	67.0183
9973	65.6592	68.1917
9974	65.6592	69.266
9975	65.6592	68.6142
9976	65.6592	68.5571
9977	65.6592	66.9511
9978	65.6592	67.7932
9979	65.6592	67.2982
9980	65.6592	66.3549
9981	65.6592	66.71
9982	65.6592	66.4432
9983	65.6592	67.1621
9984	65.6592	68.0582
9985	65.6592	65.8202
9986	65.6592	65.6592
9987	65.6592	65.6592
9988	65.6592	65.6592
9989	65.6592	65.7766
9990	65.6592	66.5768
9991	65.6592	66.3459
9992	65.6592	66.5373
9993	65.6592	66.5644
9994	65.6592	65.7372
9995	65.6592	66.5344
9996	65.6592	66.3238
9997	65.6592	65.8531
9998	65.6592	66.1298
9999	65.6592	65.7602
