#     BLOCK:   ACTUAL_TE:    TE_AVE:      ERROR:
           1        -0.2        -0.2           0
           2       -0.36       -0.28   0.0565685
           3       -0.52       -0.36   0.0754247
           4       -0.44       -0.38   0.0591608
           5       -0.52      -0.408   0.0535462
           6       -0.44   -0.413333   0.0448867
           7       -0.36   -0.405714   0.0391156
           8       -0.52       -0.42   0.0367423
           9        -0.6       -0.44   0.0377124
          10       -0.44       -0.44   0.0339411
          11       -0.52   -0.447273   0.0316252
          12       -0.44   -0.446667   0.0289955
          13       -0.68   -0.464615   0.0318394
          14       -0.68       -0.48   0.0330738
          15       -0.68   -0.493333   0.0334487
          16       -0.52      -0.495   0.0313996
          17       -0.44   -0.491765   0.0297188
          18       -0.52   -0.493333   0.0281091
          19       -0.52   -0.494737   0.0266647
          20       -0.44      -0.492   0.0254716
          21       -0.52   -0.493333   0.0242935
          22       -0.52   -0.494545   0.0232195
          23       -0.52   -0.495652   0.0222363
          24       -0.36       -0.49   0.0220164
          25        -0.6     -0.4944   0.0215709
          26       -0.52   -0.495385   0.0207638
          27       -0.52   -0.496296   0.0200147
          28       -0.44   -0.494286   0.0194006
          29        -0.6   -0.497931   0.0190711
          30       -0.36   -0.493333   0.0189815
          31       -0.36   -0.489032   0.0188502
          32        -0.2       -0.48   0.0203101
          33       -0.36   -0.476364   0.0200175
          34       -0.12   -0.465882   0.0220023
          35       -0.36   -0.462857   0.0215807
          36       -0.44   -0.462222   0.0209906
          37        -0.6   -0.465946   0.0207509
          38       -0.44   -0.465263   0.0202161
          39        -0.6   -0.468718   0.0199907
          40       -0.36      -0.466   0.0196749
          41       -0.44   -0.465366   0.0192052
          42       -0.52   -0.466667   0.0187919
          43        -0.6   -0.469767    0.018609
          44       -0.52   -0.470909    0.018221
          45       -0.36   -0.468444    0.017982
          46        -0.6   -0.471304   0.0178171
          47        -0.6   -0.474043   0.0176472
          48       -0.52      -0.475   0.0173055
          49       -0.36   -0.472653   0.0171107
          50       -0.44      -0.472   0.0167809
          51        -0.6    -0.47451   0.0166385
          52       -0.52   -0.475385   0.0163415
          53       -0.36   -0.473208   0.0161776
          54       -0.28    -0.46963   0.0162688
          55       -0.36   -0.467636   0.0160947
          56       -0.36   -0.465714   0.0159216
          57       -0.36    -0.46386     0.01575
          58       -0.44   -0.463448   0.0154838
          59       -0.36   -0.461695   0.0153203
          60       -0.52   -0.462667   0.0150957
          61       -0.36   -0.460984   0.0149418
          62       -0.36   -0.459355   0.0147893
          63       -0.44   -0.459048   0.0145578
          64       -0.36     -0.4575   0.0144123
          65       -0.52   -0.458462   0.0142226
          66        -0.2   -0.454545   0.0145363
          67       -0.44   -0.454328   0.0143209
          68       -0.28   -0.451765    0.014338
          69       -0.28   -0.449275   0.0143446
          70       -0.52   -0.450286   0.0141752
          71       -0.52   -0.451268   0.0140096
          72       -0.36       -0.45   0.0138722
          73        -0.6   -0.452055   0.0138335
          74       -0.52   -0.452973    0.013677
          75        -0.6   -0.454933   0.0136344
          76       -0.52   -0.455789   0.0134819
          77       -0.44   -0.455584   0.0133084
          78        -0.6   -0.457436   0.0132659
          79       -0.52   -0.458228   0.0131216
          80       -0.52      -0.459   0.0129803
          81        -0.6   -0.460741   0.0129362
          82       -0.52   -0.461463   0.0127986
          83        -0.6   -0.463133   0.0127528
          84       -0.52    -0.46381   0.0126189
          85       -0.28   -0.461647   0.0126544
          86       -0.68   -0.464186   0.0127594
          87       -0.68   -0.466667   0.0128517
          88       -0.44   -0.466364   0.0127092
          89       -0.52   -0.466966   0.0125807
          90       -0.28   -0.464889   0.0126112
          91       -0.52   -0.465495   0.0124872
          92       -0.52   -0.466087   0.0123655
          93       -0.44   -0.465806   0.0122357
          94       -0.36   -0.464681   0.0121572
          95        -0.6   -0.466105   0.0121124
          96       -0.52   -0.466667   0.0119992
          97       -0.52   -0.467216   0.0118881
          98       -0.52   -0.467755    0.011779
          99       -0.44   -0.467475   0.0116634
         100        -0.6     -0.4688   0.0116218
         101        -0.6   -0.470099   0.0115791
         102        -0.6   -0.471373   0.0115354
         103       -0.44   -0.471068   0.0114274
         104       -0.28   -0.469231   0.0114643
         105       -0.52   -0.469714   0.0113653
         106       -0.52   -0.470189   0.0112679
         107        -0.6   -0.471402   0.0112278
         108       -0.52   -0.471852   0.0111328
         109       -0.52   -0.472294   0.0110394
         110       -0.52   -0.472727   0.0109476
         111       -0.52   -0.473153   0.0108572
         112       -0.52   -0.473571   0.0107684
         113       -0.52   -0.473982   0.0106809
         114       -0.36   -0.472982   0.0106339
         115       -0.28   -0.471304    0.010673
         116        -0.2   -0.468966   0.0108342
         117       -0.36   -0.468034   0.0107816
         118       -0.44   -0.467797   0.0106928
         119       -0.36   -0.466891   0.0106413
         120       -0.44   -0.466667    0.010555
         121       -0.44   -0.466446     0.01047
         122        -0.2   -0.464262   0.0106096
         123       -0.68   -0.466016   0.0106673
         124       -0.52   -0.466452   0.0105902
         125       -0.44    -0.46624   0.0105075
         126       -0.28   -0.464762   0.0105276
         127       -0.44   -0.464567   0.0104465
         128       -0.28   -0.463125   0.0104639
         129        -0.2   -0.461085   0.0105798
         130       -0.36   -0.460308   0.0105269
         131        -0.2   -0.458321   0.0106324
         132       -0.28    -0.45697   0.0106374
         133       -0.44   -0.456842   0.0105582
         134        -0.2   -0.454925   0.0106519
         135        -0.6      -0.456   0.0106271
         136       -0.44   -0.455882   0.0105496
         137       -0.36   -0.455182   0.0104958
         138       -0.44   -0.455072   0.0104203
         139       -0.52    -0.45554   0.0103558
         140       -0.36   -0.454857   0.0103043
         141       -0.52   -0.455319   0.0102416
         142       -0.52   -0.455775   0.0101796
         143       -0.28   -0.454545   0.0101823
         144       -0.36   -0.453889   0.0101328
         145        -0.6   -0.454897   0.0101129
         146        -0.6    -0.45589   0.0100923
         147        -0.6   -0.456871   0.0100712
         148       -0.68   -0.458378   0.0101153
         149       -0.36   -0.457718    0.010069
         150       -0.52   -0.458133   0.0100104
         151       -0.44   -0.458013  0.00994481
         152        -0.6   -0.458947  0.00992316
         153       -0.52   -0.459346  0.00986633
         154       -0.28   -0.458182  0.00987075
         155       -0.28   -0.457032  0.00987378
         156       -0.52   -0.457436  0.00981874
         157       -0.44   -0.457325  0.00975682
         158       -0.52   -0.457722  0.00970313
         159       -0.52   -0.458113  0.00965001
         160       -0.36     -0.4575  0.00960916
         161       -0.52   -0.457888  0.00955731
         162       -0.36   -0.457284   0.0095174
         163       -0.28   -0.456196  0.00952095
         164        -0.6   -0.457073  0.00950319
         165        -0.6   -0.457939  0.00948499
         166       -0.36   -0.457349  0.00944619
         167       -0.44   -0.457246  0.00939019
         168       -0.44   -0.457143  0.00933486
         169       -0.44   -0.457041  0.00928018
         170       -0.44   -0.456941  0.00922613
         171       -0.44   -0.456842  0.00917271
         172       -0.76   -0.458605  0.00928717
         173       -0.68   -0.459884  0.00932124
         174       -0.68   -0.461149  0.00935312
         175       -0.76   -0.462857  0.00945429
         176       -0.44   -0.462727  0.00940146
         177       -0.28   -0.461695  0.00940486
         178       -0.36   -0.461124  0.00936936
         179       -0.44   -0.461006  0.00931776
         180       -0.44   -0.460889  0.00926672
         181       -0.52   -0.461215  0.00922128
         182       -0.28    -0.46022  0.00922421
         183       -0.44   -0.460109  0.00917447
         184       -0.36   -0.459565  0.00914072
         185       -0.44   -0.459459  0.00909193
         186       -0.04   -0.457204  0.00931853
         187       -0.36   -0.456684  0.00928319
         188       -0.52   -0.457021  0.00923992
         189        -0.6   -0.457778  0.00922195
         190       -0.36   -0.457263  0.00918776
         191       -0.52   -0.457592  0.00914552
         192       -0.28   -0.456667  0.00914454
         193       -0.28   -0.455751  0.00914286
         194       -0.28   -0.454845  0.00914051
         195       -0.52   -0.455179  0.00909974
         196       -0.36   -0.454694  0.00906626
         197        -0.2   -0.453401  0.00911195
         198       -0.52   -0.453737  0.00907214
         199       -0.52    -0.45407  0.00903266
         200        -0.6     -0.4548  0.00901692
         201       -0.52   -0.455124  0.00897789
         202       -0.28   -0.454257  0.00897521
         203       -0.44   -0.454187  0.00893127
         204       -0.52    -0.45451  0.00889331
         205        -0.6    -0.45522   0.0088782
         206       -0.52   -0.455534  0.00884067
         207       -0.36   -0.455072     0.00881
         208       -0.28   -0.454231  0.00880776
         209       -0.52   -0.454545  0.00877124
         210       -0.44   -0.454476  0.00872974
         211       -0.44   -0.454408  0.00868864
         212       -0.36   -0.453962  0.00865906
         213       -0.52   -0.454272  0.00862396
         214       -0.68   -0.455327  0.00864792
         215        -0.6      -0.456  0.00863384
         216       -0.68   -0.457037  0.00865593
         217       -0.44   -0.456959  0.00861639
         218       -0.44   -0.456881  0.00857722
         219       -0.36   -0.456438  0.00854945
         220       -0.44   -0.456364  0.00851092
         221       -0.52   -0.456652  0.00847728
         222       -0.52   -0.456937  0.00844389
         223        -0.6   -0.457578  0.00843036
         224       -0.36   -0.457143  0.00840398
         225       -0.28   -0.456356  0.00840342
         226       -0.28   -0.455575  0.00840239
         227        -0.2   -0.454449  0.00844047
         228       -0.36   -0.454035  0.00841361
         229       -0.44   -0.453974  0.00837709
         230       -0.52   -0.454261  0.00834559
         231       -0.52   -0.454545  0.00831431
         232       -0.44   -0.454483  0.00827871
         233       -0.68   -0.455451  0.00829957
         234       -0.52   -0.455726  0.00826868
         235       -0.44    -0.45566  0.00823377
         236       -0.36   -0.455254  0.00820885
         237       -0.36   -0.454852  0.00818404
         238       -0.52   -0.455126  0.00815423
         239       -0.44   -0.455063  0.00812036
         240       -0.28   -0.454333  0.00811922
         241       -0.28    -0.45361  0.00811769
         242       -0.44   -0.453554  0.00808434
         243       -0.28    -0.45284  0.00808256
         244       -0.44   -0.452787  0.00804961
         245       -0.52   -0.453061  0.00802142
         246       -0.44   -0.453008  0.00798899
         247       -0.44   -0.452955  0.00795682
         248       -0.36   -0.452581  0.00793356
         249       -0.52   -0.452851  0.00790632
         250       -0.52    -0.45312  0.00787926
         251        -0.6   -0.453705  0.00786956
         252        -0.6   -0.454286  0.00785972
         253        -0.6   -0.454862  0.00784973
         254       -0.52   -0.455118  0.00782301
         255       -0.36   -0.454745  0.00780122
         256       -0.44   -0.454687  0.00777096
         257        -0.6   -0.455253  0.00776126
         258       -0.36   -0.454884  0.00773996
         259       -0.52   -0.455135  0.00771416
         260       -0.52   -0.455385  0.00768852
         261        -0.6   -0.455939    0.007679
         262        -0.6   -0.456489  0.00766935
         263       -0.44   -0.456426  0.00764045
         264       -0.28   -0.455758  0.00764068
         265       -0.44   -0.455698  0.00761208
         266       -0.52    -0.45594   0.0075873
         267       -0.12   -0.454682  0.00766249
         268       -0.28    -0.45403  0.00766157
         269       -0.44   -0.453978  0.00763327
         270        -0.6   -0.454519  0.00762413
         271       -0.28   -0.453875  0.00762315
         272       -0.36   -0.453529  0.00760293
         273       -0.52   -0.453773  0.00757898
         274       -0.44   -0.453723  0.00755148
         275       -0.44   -0.453673  0.00752419
         276       -0.52   -0.453913  0.00750076
         277       -0.36   -0.453574  0.00748134
         278       -0.28    -0.45295  0.00748044
         279       -0.36   -0.452616  0.00746105
         280       -0.28      -0.452  0.00745982
         281       -0.52   -0.452242   0.0074372
         282        -0.6   -0.452766  0.00742926
         283       -0.52   -0.453004  0.00740681
         284       -0.52   -0.453239  0.00738448
         285       -0.44   -0.453193  0.00735872
         286       -0.28   -0.452587  0.00735786
         287       -0.44   -0.452544  0.00733236
         288       -0.52   -0.452778  0.00731064
         289       -0.44   -0.452734  0.00728548
         290       -0.36   -0.452414  0.00726737
         291       -0.36   -0.452096  0.00724933
         292       -0.28   -0.451507  0.00724842
         293       -0.44   -0.451468  0.00722379
         294       -0.28   -0.450884  0.00722272
         295        -0.6    -0.45139  0.00721591
         296       -0.52   -0.451622  0.00719525
         297       -0.36   -0.451313  0.00717763
         298       -0.36   -0.451007  0.00716008
         299       -0.44    -0.45097  0.00713623
         300       -0.44   -0.450933  0.00711254
         301       -0.52   -0.451163  0.00709261
         302       -0.44   -0.451126  0.00706922
         303       -0.36   -0.450825  0.00705228
         304       -0.36   -0.450526  0.00703541
         305       -0.52   -0.450754  0.00701603
         306       -0.36   -0.450458  0.00699937
         307       -0.44   -0.450423  0.00697665
         308       -0.52   -0.450649  0.00695766
         309       -0.44   -0.450615  0.00693523
         310       -0.36   -0.450323  0.00691901
         311       -0.44   -0.450289  0.00689684
         312        -0.6   -0.450769  0.00689141
         313       -0.44   -0.450735  0.00686948
         314       -0.52   -0.450955  0.00685114
         315       -0.28   -0.450413  0.00685085
         316       -0.44    -0.45038  0.00682925
         317       -0.44   -0.450347  0.00680779
         318       -0.52   -0.450566   0.0067899
         319       -0.68   -0.451285   0.0068066
         320       -0.52     -0.4515  0.00678872
         321       -0.44   -0.451464  0.00676767
         322       -0.52   -0.451677  0.00674999
         323       -0.36   -0.451393  0.00673506
         324        -0.6   -0.451852  0.00672987
         325       -0.68   -0.452554  0.00674568
         326        -0.6   -0.453006  0.00674013
         327        -0.6   -0.453456  0.00673449
         328       -0.52   -0.453659  0.00671702
         329       -0.52    -0.45386  0.00669963
         330       -0.68   -0.454545  0.00671428
         331       -0.68   -0.455227  0.00672846
         332       -0.44   -0.455181  0.00670835
         333       -0.44   -0.455135  0.00668836
         334        -0.2   -0.454371  0.00671181
         335       -0.36    -0.45409  0.00669768
         336       -0.12   -0.453095  0.00675115
         337       -0.36   -0.452819  0.00673677
         338        -0.6   -0.453254   0.0067309
         339       -0.52   -0.453451  0.00671392
         340       -0.52   -0.453647  0.00669703
         341        -0.6   -0.454076  0.00669112
         342       -0.52   -0.454269  0.00667434
         343       -0.52   -0.454461  0.00665763
         344        -0.6   -0.454884   0.0066517
         345       -0.36   -0.454609  0.00663811
         346       -0.44   -0.454566  0.00661906
         347       -0.52   -0.454755  0.00660267
         348       -0.12   -0.453793   0.0066534
         349       -0.52   -0.453983  0.00663704
         350       -0.44   -0.453943  0.00661819
         351       -0.36   -0.453675  0.00660475
         352        -0.6   -0.454091  0.00659905
         353       -0.68   -0.454731  0.00661132
         354       -0.52   -0.454915  0.00659521
         355       -0.52   -0.455099  0.00657918
         356        -0.6   -0.455506  0.00657328
         357       -0.52   -0.455686  0.00655735
         358       -0.44   -0.455642  0.00653918
         359        -0.6   -0.456045  0.00653332
         360        -0.6   -0.456444  0.00652739
         361        -0.6   -0.456842  0.00652141
         362        -0.6   -0.457238  0.00651538
         363       -0.52    -0.45741  0.00649972
         364        -0.6   -0.457802  0.00649366
         365        -0.6   -0.458192  0.00648755
         366       -0.44   -0.458142  0.00647001
         367       -0.36   -0.457875   0.0064579
         368       -0.52   -0.458043  0.00644256
         369       -0.44   -0.457995  0.00642529
         370        -0.6   -0.458378  0.00641938
         371        -0.6    -0.45876  0.00641341
         372       -0.44    -0.45871  0.00639637
         373       -0.44    -0.45866  0.00637942
         374       -0.52   -0.458824  0.00636447
         375       -0.36    -0.45856  0.00635295
         376       -0.36   -0.458298  0.00634146
         377       -0.36   -0.458037     0.00633
         378       -0.52   -0.458201  0.00631537
         379       -0.68   -0.458786  0.00632577
         380       -0.44   -0.458737  0.00630931
         381        -0.6   -0.459108  0.00630364
         382       -0.36   -0.458848  0.00629247
         383       -0.44   -0.458799  0.00627624
         384        -0.6   -0.459167  0.00627065
         385        -0.6   -0.459532  0.00626503
         386       -0.36   -0.459275   0.0062541
         387       -0.44   -0.459225  0.00623814
         388        -0.6   -0.459588   0.0062326
         389       -0.52   -0.459743  0.00621852
         390       -0.52   -0.459897  0.00620449
         391       -0.52   -0.460051  0.00619053
         392       -0.52   -0.460204  0.00617662
         393       -0.36   -0.459949  0.00616617
         394       -0.52   -0.460102   0.0061524
         395        -0.2   -0.459443  0.00617196
         396       -0.44   -0.459394  0.00615657
         397       -0.36   -0.459144  0.00614615
         398       -0.52   -0.459296  0.00613261
         399        -0.6   -0.459649  0.00612737
         400       -0.44     -0.4596  0.00611225
         401       -0.28   -0.459152  0.00611339
         402       -0.36   -0.458905  0.00610316
         403        -0.6   -0.459256  0.00609805
         404        -0.6   -0.459604   0.0060929
         405       -0.68   -0.460148  0.00610211
         406        -0.6   -0.460493  0.00609679
         407       -0.36   -0.460246  0.00608681
         408        -0.6   -0.460588  0.00608152
         409       -0.52   -0.460733  0.00606839
         410       -0.68   -0.461268  0.00607711
         411       -0.44   -0.461217  0.00606254
         412        -0.2   -0.460583  0.00608089
         413       -0.36   -0.460339  0.00607104
         414       -0.44    -0.46029  0.00605657
         415       -0.28   -0.459855  0.00605754
         416       -0.36   -0.459615  0.00604773
         417        -0.6   -0.459952  0.00604259
         418       -0.44   -0.459904  0.00602833
         419       -0.68    -0.46043  0.00603678
         420       -0.52   -0.460571  0.00602407
         421       -0.44   -0.460523  0.00600996
         422       -0.36   -0.460284  0.00600044
         423       -0.44   -0.460236  0.00598645
         424       -0.44   -0.460189  0.00597252
         425        -0.6   -0.460518  0.00596752
         426        -0.6   -0.460845  0.00596249
         427       -0.28   -0.460422  0.00596354
         428       -0.36   -0.460187  0.00595423
         429       -0.36   -0.459953  0.00594492
         430        -0.2   -0.459349  0.00596176
         431        -0.6   -0.459675  0.00595685
         432       -0.68   -0.460185  0.00596485
         433       -0.36   -0.459954  0.00595556
         434       -0.44   -0.459908  0.00594202
         435        -0.6    -0.46023  0.00593708
         436       -0.44   -0.460183  0.00592364
         437       -0.36   -0.459954  0.00591452
         438       -0.44   -0.459909   0.0059012
         439       -0.28   -0.459499  0.00590197
         440       -0.44   -0.459455  0.00588872
         441       -0.44    -0.45941  0.00587553
         442       -0.44   -0.459367   0.0058624
         443        -0.6   -0.459684  0.00585776
         444       -0.44    -0.45964  0.00584473
         445       -0.68   -0.460135  0.00585254
         446       -0.44    -0.46009  0.00583959
         447       -0.52   -0.460224  0.00582806
         448       -0.44   -0.460179  0.00581523
         449       -0.28   -0.459777  0.00581611
         450       -0.36   -0.459556  0.00580741
         451       -0.52    -0.45969  0.00579608
         452       -0.36   -0.459469  0.00578745
         453       -0.36   -0.459249  0.00577884
         454       -0.44   -0.459207  0.00576626
         455        -0.6   -0.459516  0.00576189
         456       -0.44   -0.459474  0.00574941
         457        -0.6   -0.459781  0.00574505
         458       -0.76   -0.460437  0.00576978
         459        -0.6   -0.460741  0.00576521
         460        -0.6   -0.461043  0.00576062
         461       -0.52   -0.461171  0.00574955
         462       -0.36   -0.460952  0.00574127
         463       -0.36   -0.460734  0.00573301
         464       -0.52   -0.460862  0.00572208
         465        -0.6   -0.461161  0.00571759
         466        -0.2   -0.460601  0.00573272
         467       -0.52   -0.460728  0.00572186
         468       -0.28   -0.460342  0.00572265
         469       -0.36   -0.460128  0.00571444
         470       -0.36   -0.459915  0.00570625
         471       -0.44   -0.459873  0.00569429
         472       -0.44   -0.459831  0.00568239
         473       -0.68   -0.460296  0.00568941
         474        -0.6   -0.460591  0.00568503
         475       -0.36   -0.460379  0.00567701
         476       -0.44   -0.460336  0.00566524
         477       -0.36   -0.460126  0.00565727
         478       -0.28   -0.459749  0.00565797
         479       -0.44   -0.459708  0.00564631
         480        -0.2   -0.459167  0.00566041
         481       -0.36    -0.45896  0.00565239
         482       -0.28   -0.458589  0.00565285
         483       -0.44   -0.458551  0.00564128
         484       -0.36   -0.458347  0.00563329
         485       -0.52   -0.458474  0.00562311
         486       -0.52   -0.458601  0.00561297
         487       -0.44   -0.458563  0.00560157
         488       -0.28   -0.458197  0.00560203
         489       -0.52   -0.458323    0.005592
         490       -0.36   -0.458122  0.00558419
         491       -0.36   -0.457923  0.00557639
         492       -0.52   -0.458049  0.00556648
         493       -0.44   -0.458012  0.00555531
         494       -0.44   -0.457976  0.00554419
         495       -0.44   -0.457939   0.0055331
         496       -0.44   -0.457903  0.00552207
         497       -0.44   -0.457867  0.00551107
         498       -0.12   -0.457189  0.00554161
         499       -0.36   -0.456994  0.00553393
         500       -0.28    -0.45664  0.00553417
         501        -0.2   -0.456128  0.00554678
         502       -0.36   -0.455936  0.00553903
         503       -0.36   -0.455746  0.00553131
         504       -0.44   -0.455714  0.00552042
         505        -0.6      -0.456  0.00551688
         506        -0.6   -0.456285  0.00551331
         507       -0.44   -0.456252  0.00550253
         508       -0.68   -0.456693   0.0055093
         509       -0.52   -0.456817  0.00549987
         510       -0.52   -0.456941  0.00549049
         511        -0.6   -0.457221  0.00548687
         512        -0.6     -0.4575  0.00548324
         513       -0.68   -0.457934  0.00548968
         514       -0.44   -0.457899  0.00547911
         515        -0.2   -0.457398  0.00549131
         516       -0.36   -0.457209  0.00548391
         517       -0.44   -0.457176   0.0054734
         518       -0.28   -0.456834  0.00547351
         519       -0.52   -0.456956  0.00546432
         520        -0.6   -0.457231  0.00546073
         521       -0.68   -0.457658  0.00546696
         522        -0.6   -0.457931  0.00546329
         523       -0.68   -0.458356  0.00546932
         524        -0.6   -0.458626  0.00546555
         525       -0.52   -0.458743  0.00545639
         526       -0.52   -0.458859  0.00544726
         527       -0.52   -0.458975  0.00543816
         528       -0.36   -0.458788  0.00543109
         529       -0.28    -0.45845  0.00543133
         530       -0.44   -0.458415  0.00542119
         531       -0.36    -0.45823  0.00541415
         532        -0.6   -0.458496  0.00541053
         533       -0.12   -0.457861  0.00543752
         534       -0.36   -0.457678  0.00543043
         535       -0.44   -0.457645  0.00542038
         536       -0.44   -0.457612  0.00541037
         537       -0.36    -0.45743  0.00540334
         538        -0.2   -0.456952  0.00541444
         539       -0.28   -0.456623  0.00541434
         540       -0.44   -0.456593   0.0054044
         541       -0.52    -0.45671  0.00539568
         542        -0.6   -0.456974   0.0053922
         543       -0.36   -0.456796  0.00538523
         544       -0.44   -0.456765  0.00537542
         545       -0.44   -0.456734  0.00536564
         546       -0.28    -0.45641  0.00536557
         547       -0.28   -0.456088  0.00536544
         548       -0.52   -0.456204  0.00535692
         549       -0.28   -0.455883  0.00535677
         550       -0.52      -0.456   0.0053483
         551        -0.2   -0.455535  0.00535873
         552        -0.6   -0.455797  0.00535541
         553       -0.36   -0.455624  0.00534853
         554       -0.36   -0.455451  0.00534166
         555       -0.36   -0.455279   0.0053348
         556       -0.44   -0.455252  0.00532528
         557       -0.44   -0.455224  0.00531579
         558       -0.36   -0.455054    0.005309
         559       -0.44   -0.455027  0.00529957
         560       -0.44      -0.455  0.00529018
         561       -0.36   -0.454831  0.00528346
         562       -0.44   -0.454804  0.00527412
         563       -0.44   -0.454778  0.00526482
         564       -0.36    -0.45461  0.00525817
         565       -0.52   -0.454726  0.00525013
         566       -0.44     -0.4547  0.00524092
         567       -0.36   -0.454533  0.00523434
         568       -0.44   -0.454507  0.00522519
         569       -0.44   -0.454482  0.00521606
         570        -0.6   -0.454737  0.00521316
         571       -0.52   -0.454851  0.00520528
         572        -0.6   -0.455105  0.00520236
         573        -0.6   -0.455358  0.00519942
         574       -0.52    -0.45547  0.00519159
         575        -0.6   -0.455722  0.00518864
         576        -0.6   -0.455972  0.00518567
         577       -0.52   -0.456083  0.00517787
         578        -0.6   -0.456332   0.0051749
         579       -0.52   -0.456442  0.00516713
         580        -0.6    -0.45669  0.00516414
         581       -0.52   -0.456799  0.00515641
         582       -0.52   -0.456907  0.00514869
         583       -0.68    -0.45729  0.00515406
         584       -0.44    -0.45726  0.00514532
         585       -0.44   -0.457231  0.00513661
         586       -0.28   -0.456928  0.00513674
         587       -0.52   -0.457036  0.00512911
         588       -0.52   -0.457143   0.0051215
         589       -0.44   -0.457114  0.00511289
         590       -0.28   -0.456814  0.00511303
         591       -0.36    -0.45665    0.005107
         592       -0.44   -0.456622  0.00509845
         593       -0.44   -0.456594  0.00508993
         594       -0.52     -0.4567  0.00508248
         595       -0.52   -0.456807  0.00507505
         596       -0.44   -0.456779  0.00506662
         597       -0.44    -0.45675  0.00505821
         598       -0.52   -0.456856  0.00505086
         599        -0.6   -0.457095  0.00504807
         600       -0.44   -0.457067  0.00503974
         601       -0.44   -0.457038  0.00503144
         602       -0.52   -0.457143  0.00502416
         603       -0.52   -0.457247  0.00501691
         604       -0.52   -0.457351  0.00500968
         605       -0.44   -0.457322  0.00500149
         606       -0.36   -0.457162  0.00499581
         607       -0.36   -0.457002  0.00499014
         608       -0.28   -0.456711  0.00499042
         609       -0.28    -0.45642  0.00499065
         610       -0.44   -0.456393  0.00498255
         611       -0.52   -0.456498  0.00497548
         612        -0.6   -0.456732  0.00497287
         613       -0.44   -0.456705  0.00496483
         614        -0.6   -0.456938  0.00496223
         615       -0.52   -0.457041  0.00495522
         616       -0.36   -0.456883  0.00494968
         617       -0.68   -0.457245  0.00495485
         618       -0.36   -0.457087  0.00494933
         619        -0.6   -0.457318  0.00494672
         620       -0.52   -0.457419  0.00493977
         621       -0.52    -0.45752  0.00493284
         622       -0.68   -0.457878  0.00493786
         623       -0.68   -0.458234  0.00494279
         624       -0.44   -0.458205  0.00493496
         625       -0.52   -0.458304  0.00492805
         626       -0.36   -0.458147  0.00492268
         627        -0.6   -0.458373  0.00492003
         628        -0.6   -0.458599  0.00491736
         629       -0.52   -0.458696  0.00491051
         630       -0.12   -0.458159  0.00493206
         631       -0.44    -0.45813  0.00492432
         632       -0.52   -0.458228  0.00491751
         633       -0.52   -0.458325  0.00491071
         634       -0.36    -0.45817  0.00490541
         635       -0.44   -0.458142  0.00489777
         636       -0.52   -0.458239  0.00489103
         637       -0.52   -0.458336  0.00488431
         638       -0.44   -0.458307  0.00487674
         639       -0.36   -0.458153  0.00487154
         640       -0.36      -0.458  0.00486634
         641       -0.44   -0.457972  0.00485883
         642       -0.52   -0.458069  0.00485222
         643        -0.6   -0.458289  0.00484969
         644       -0.52   -0.458385  0.00484311
         645       -0.52   -0.458481  0.00483654
         646       -0.52   -0.458576  0.00482999
         647       -0.52   -0.458671  0.00482346
         648       -0.36   -0.458519  0.00481842
         649       -0.36   -0.458367  0.00481338
         650        -0.6   -0.458585  0.00481091
         651       -0.68   -0.458925  0.00481553
         652       -0.76   -0.459387  0.00483023
         653       -0.36   -0.459234  0.00482523
         654       -0.44   -0.459205  0.00481794
         655       -0.52   -0.459298  0.00481148
         656       -0.52    -0.45939  0.00480504
         657       -0.28   -0.459117  0.00480547
         658        -0.6   -0.459331  0.00480294
         659       -0.52   -0.459423  0.00479653
         660       -0.44   -0.459394  0.00478935
         661       -0.44   -0.459365   0.0047822
         662       -0.52   -0.459456  0.00477585
         663       -0.44   -0.459427  0.00476874
         664       -0.52   -0.459518  0.00476243
         665       -0.52   -0.459609  0.00475614
         666       -0.44    -0.45958  0.00474909
         667       -0.52    -0.45967  0.00474283
         668        -0.6    -0.45988  0.00474038
         669       -0.52    -0.45997  0.00473415
         670       -0.52    -0.46006  0.00472793
         671        -0.6   -0.460268  0.00472548
         672       -0.76   -0.460714  0.00473945
         673       -0.36   -0.460565  0.00473477
         674       -0.28   -0.460297  0.00473532
         675       -0.36   -0.460148  0.00473063
         676        -0.6   -0.460355  0.00472816
         677       -0.36   -0.460207   0.0047235
         678        -0.2   -0.459823   0.0047321
         679       -0.44   -0.459794  0.00472522
         680        -0.2   -0.459412  0.00473369
         681       -0.52   -0.459501  0.00472757
         682        -0.6   -0.459707  0.00472513
         683       -0.44   -0.459678   0.0047183
         684       -0.28   -0.459415  0.00471871
         685       -0.44   -0.459387   0.0047119
         686        -0.6   -0.459592  0.00470949
         687       -0.68   -0.459913  0.00471355
         688        -0.6   -0.460116  0.00471109
         689       -0.44   -0.460087  0.00470435
         690       -0.44   -0.460058  0.00469762
         691       -0.52   -0.460145  0.00469162
         692       -0.68   -0.460462  0.00469559
         693       -0.52   -0.460548   0.0046896
         694       -0.36   -0.460403  0.00468508
         695       -0.52   -0.460489  0.00467912
         696       -0.52   -0.460575  0.00467318
         697       -0.44   -0.460545  0.00466657
         698        -0.6   -0.460745  0.00466416
         699       -0.68   -0.461059  0.00466802
         700        -0.6   -0.461257  0.00466557
         701       -0.68   -0.461569  0.00466934
         702       -0.44   -0.461538  0.00466279
         703        -0.6   -0.461735  0.00466031
         704       -0.36   -0.461591  0.00465593
         705       -0.36   -0.461447  0.00465156
         706        -0.2   -0.461076  0.00465969
         707       -0.28    -0.46082  0.00466013
         708       -0.28   -0.460565  0.00466054
         709        -0.2   -0.460197  0.00466843
         710       -0.52   -0.460282  0.00466262
         711       -0.44   -0.460253  0.00465615
         712        -0.6   -0.460449  0.00465374
         713       -0.68   -0.460757  0.00465739
         714       -0.44   -0.460728  0.00465096
         715       -0.44   -0.460699  0.00464455
         716       -0.44    -0.46067  0.00463815
         717       -0.44   -0.460642  0.00463177
         718       -0.44   -0.460613  0.00462541
         719       -0.44   -0.460584  0.00461906
         720       -0.44   -0.460556  0.00461274
         721       -0.44   -0.460527  0.00460643
         722        -0.6    -0.46072   0.0046041
         723       -0.36   -0.460581  0.00459984
         724       -0.44   -0.460552  0.00459357
         725        -0.6   -0.460745  0.00459126
         726       -0.28   -0.460496  0.00459168
         727       -0.44   -0.460468  0.00458545
         728       -0.44    -0.46044  0.00457924
         729       -0.28   -0.460192  0.00457964
         730       -0.52   -0.460274   0.0045741
         731       -0.44   -0.460246  0.00456793
         732       -0.52   -0.460328  0.00456242
         733       -0.52   -0.460409  0.00455692
         734       -0.44   -0.460381  0.00455079
         735       -0.36   -0.460245  0.00454665
         736       -0.44   -0.460217  0.00454056
         737       -0.36   -0.460081  0.00453643
         738       -0.28   -0.459837  0.00453684
         739       -0.44   -0.459811  0.00453078
         740       -0.52   -0.459892  0.00452539
         741        -0.6   -0.460081  0.00452323
         742       -0.36   -0.459946  0.00451915
         743       -0.36   -0.459812  0.00451507
         744        -0.6       -0.46  0.00451293
         745        -0.6   -0.460188  0.00451078
         746       -0.36   -0.460054  0.00450673
         747       -0.52   -0.460134  0.00450141
         748       -0.68   -0.460428  0.00450498
         749        -0.6   -0.460614  0.00450282
         750       -0.28   -0.460373  0.00450325
         751       -0.36    -0.46024  0.00449924
         752        -0.2   -0.459894  0.00450655
         753       -0.12   -0.459442  0.00452311
         754       -0.36    -0.45931  0.00451903
         755       -0.36   -0.459179  0.00451496
         756       -0.44   -0.459153  0.00450906
         757       -0.36   -0.459022  0.00450501
         758       -0.44   -0.458997  0.00449913
         759       -0.36   -0.458867   0.0044951
         760        -0.6   -0.459053  0.00449302
         761       -0.28   -0.458817  0.00449327
         762       -0.52   -0.458898  0.00448809
         763       -0.44   -0.458873  0.00448227
         764       -0.36   -0.458743  0.00447828
         765       -0.44   -0.458719  0.00447249
         766       -0.52   -0.458799  0.00446737
         767       -0.68   -0.459087  0.00447084
         768        -0.6   -0.459271  0.00446878
         769       -0.68   -0.459558  0.00447218
         770       -0.52   -0.459636  0.00446706
         771        -0.6   -0.459818  0.00446497
         772       -0.68   -0.460104  0.00446829
         773       -0.68   -0.460388  0.00447156
         774        -0.6   -0.460568  0.00446942
         775       -0.44   -0.460542  0.00446373
         776        -0.6   -0.460722  0.00446159
         777       -0.36   -0.460592  0.00445773
         778        -0.2   -0.460257  0.00446457
         779       -0.28   -0.460026  0.00446483
         780       -0.52   -0.460103  0.00445977
         781       -0.36   -0.459974   0.0044559
         782       -0.44   -0.459949  0.00445027
         783       -0.36   -0.459821  0.00444642
         784       -0.44   -0.459796  0.00444082
         785       -0.44   -0.459771  0.00443524
         786       -0.44   -0.459746  0.00442966
         787       -0.44    -0.45972  0.00442411
         788       -0.36   -0.459594   0.0044203
         789       -0.44   -0.459569  0.00441477
         790       -0.36   -0.459443  0.00441098
         791       -0.44   -0.459418  0.00440547
         792       -0.44   -0.459394  0.00439998
         793       -0.44   -0.459369   0.0043945
         794       -0.36   -0.459244  0.00439074
         795       -0.28   -0.459019  0.00439101
         796       -0.36   -0.458894  0.00438725
         797       -0.36    -0.45877   0.0043835
         798       -0.44   -0.458747  0.00437807
         799       -0.36   -0.458623  0.00437434
         800       -0.44     -0.4586  0.00436893
         801       -0.36   -0.458477  0.00436521
         802        -0.2   -0.458155  0.00437165
         803       -0.44   -0.458132  0.00436626
         804       -0.44   -0.458109  0.00436089
         805       -0.28   -0.457888  0.00436108
         806        -0.6   -0.458065  0.00435923
         807       -0.36   -0.457943  0.00435553
         808        -0.2   -0.457624  0.00436182
         809       -0.28   -0.457404  0.00436195
         810       -0.36   -0.457284  0.00435822
         811       -0.52   -0.457361  0.00435353
         812        -0.2   -0.457044  0.00435969
         813       -0.12    -0.45663    0.004374
         814       -0.36   -0.456511  0.00437024
         815       -0.52   -0.456589  0.00436557
         816       -0.44   -0.456569  0.00436026
         817       -0.44   -0.456548  0.00435497
         818       -0.44   -0.456528   0.0043497
         819       -0.52   -0.456606  0.00434508
         820       -0.28    -0.45639  0.00434511
         821       -0.44    -0.45637  0.00433987
         822       -0.36   -0.456253  0.00433617
         823       -0.52    -0.45633  0.00433159
         824       -0.36   -0.456214  0.00432791
         825        -0.6   -0.456388  0.00432618
         826       -0.36   -0.456271  0.00432251
         827       -0.44   -0.456252  0.00431733
         828       -0.44   -0.456232  0.00431216
         829        -0.6   -0.456405  0.00431044
         830        -0.6   -0.456578  0.00430872
         831        -0.6   -0.456751  0.00430699
         832        -0.6   -0.456923  0.00430525
         833       -0.68   -0.457191  0.00430841
         834       -0.44    -0.45717  0.00430329
         835        -0.2   -0.456862  0.00430914
         836        -0.2   -0.456555  0.00431493
         837       -0.44   -0.456535  0.00430982
         838       -0.44   -0.456516  0.00430472
         839       -0.44   -0.456496  0.00429964
         840       -0.28   -0.456286  0.00429965
         841       -0.52   -0.456361   0.0042952
         842       -0.36   -0.456247  0.00429163
         843        -0.2   -0.455943  0.00429729
         844       -0.28   -0.455735  0.00429725
         845       -0.28   -0.455527  0.00429719
         846       -0.36   -0.455414   0.0042936
         847       -0.44   -0.455396  0.00428857
         848       -0.44   -0.455377  0.00428355
         849       -0.36   -0.455265  0.00427997
         850       -0.36   -0.455153  0.00427641
         851        -0.2   -0.454853  0.00428188
         852       -0.44   -0.454836  0.00427689
         853       -0.28   -0.454631  0.00427678
         854       -0.36    -0.45452  0.00427321
         855        -0.2   -0.454222  0.00427857
         856       -0.44   -0.454206   0.0042736
         857        -0.2   -0.453909   0.0042789
         858       -0.36     -0.4538  0.00427531
         859       -0.52   -0.453877  0.00427103
         860       -0.52   -0.453953  0.00426675
         861       -0.28   -0.453751  0.00426658
         862       -0.36   -0.453643  0.00426302
         863       -0.44   -0.453627   0.0042581
         864       -0.36   -0.453519  0.00425456
         865        -0.6   -0.453688  0.00425301
         866       -0.28   -0.453487  0.00425282
         867       -0.52   -0.453564  0.00424861
         868       -0.44   -0.453548  0.00424374
         869       -0.28   -0.453349  0.00424355
         870       -0.44   -0.453333   0.0042387
         871        -0.6   -0.453502  0.00423718
         872       -0.44   -0.453486  0.00423235
         873       -0.44   -0.453471  0.00422753
         874       -0.44   -0.453455  0.00422272
         875       -0.36   -0.453349  0.00421925
         876       -0.68   -0.453607  0.00422236
         877       -0.52   -0.453683  0.00421822
         878       -0.52   -0.453759  0.00421409
         879       -0.52   -0.453834  0.00420997
         880       -0.44   -0.453818  0.00420522
         881       -0.68   -0.454075  0.00420827
         882       -0.52    -0.45415  0.00420417
         883       -0.28   -0.453952  0.00420403
         884        -0.6   -0.454118  0.00420252
         885        -0.6   -0.454282    0.004201
         886       -0.28   -0.454086  0.00420086
         887       -0.28    -0.45389  0.00420071
         888       -0.52   -0.453964  0.00419664
         889       -0.44   -0.453948  0.00419195
         890       -0.28   -0.453753  0.00419179
         891       -0.44   -0.453737  0.00418711
         892       -0.44   -0.453722  0.00418245
         893       -0.68   -0.453975  0.00418543
         894        -0.6   -0.454139  0.00418394
         895       -0.52   -0.454212  0.00417991
         896       -0.36   -0.454107  0.00417657
         897       -0.52   -0.454181  0.00417256
         898       -0.36   -0.454076  0.00416923
         899       -0.52   -0.454149  0.00416523
         900        -0.6   -0.454311  0.00416376
         901       -0.52   -0.454384  0.00415977
         902       -0.44   -0.454368  0.00415519
         903       -0.52   -0.454441  0.00415123
         904       -0.68    -0.45469  0.00415413
         905       -0.44   -0.454674  0.00414957
         906       -0.52   -0.454746  0.00414562
         907        -0.6   -0.454906  0.00414414
         908       -0.44    -0.45489  0.00413961
         909       -0.68   -0.455138  0.00414245
         910       -0.44   -0.455121  0.00413793
         911        -0.6    -0.45528  0.00413645
         912       -0.52   -0.455351  0.00413252
         913       -0.44   -0.455334  0.00412803
         914       -0.52   -0.455405  0.00412412
         915       -0.28   -0.455213  0.00412406
         916       -0.44   -0.455197  0.00411959
         917       -0.52   -0.455267  0.00411571
         918       -0.44   -0.455251  0.00411126
         919       -0.44   -0.455234  0.00410682
         920       -0.36    -0.45513  0.00410366
         921       -0.28    -0.45494  0.00410361
         922       -0.12   -0.454577   0.0041152
         923       -0.44   -0.454561  0.00411077
         924       -0.36   -0.454459   0.0041076
         925       -0.36   -0.454357  0.00410443
         926       -0.52   -0.454428  0.00410061
         927       -0.44   -0.454412  0.00409621
         928        -0.2   -0.454138  0.00410096
         929       -0.36   -0.454037   0.0040978
         930       -0.36   -0.453935  0.00409464
         931       -0.28   -0.453749   0.0040945
         932       -0.76   -0.454077  0.00410328
         933       -0.68   -0.454319  0.00410602
         934       -0.36   -0.454218  0.00410286
         935       -0.36   -0.454118  0.00409971
         936       -0.44   -0.454103  0.00409536
         937       -0.36   -0.454002  0.00409222
         938       -0.28   -0.453817  0.00409206
         939       -0.44   -0.453802  0.00408773
         940        -0.6   -0.453957  0.00408634
         941       -0.44   -0.453943  0.00408202
         942       -0.44   -0.453928  0.00407771
         943       -0.36   -0.453828  0.00407461
         944       -0.44   -0.453814  0.00407032
         945       -0.44   -0.453799  0.00406604
         946        -0.6   -0.453953  0.00406467
         947       -0.52   -0.454023  0.00406098
         948        -0.6   -0.454177  0.00405961
         949       -0.52   -0.454247  0.00405593
         950       -0.36   -0.454147  0.00405287
         951       -0.52   -0.454217   0.0040492
         952       -0.68   -0.454454  0.00405189
         953       -0.52   -0.454523  0.00404822
         954       -0.52   -0.454591  0.00404456
         955       -0.52    -0.45466   0.0040409
         956       -0.52   -0.454728  0.00403725
         957       -0.36   -0.454629  0.00403425
         958       -0.44   -0.454614  0.00403007
         959       -0.28   -0.454432  0.00402998
         960       -0.44   -0.454417  0.00402581
         961       -0.44   -0.454402  0.00402164
         962       -0.52    -0.45447  0.00401804
         963        -0.6   -0.454621  0.00401671
         964        -0.6   -0.454772  0.00401537
         965        -0.6   -0.454922  0.00401403
         966       -0.52    -0.45499  0.00401044
         967       -0.44   -0.454974  0.00400632
         968       -0.52   -0.455041  0.00400275
         969       -0.36   -0.454943  0.00399982
         970       -0.36   -0.454845  0.00399689
         971       -0.36   -0.454748  0.00399397
         972       -0.44   -0.454733  0.00398989
         973       -0.28   -0.454553  0.00398983
         974       -0.44   -0.454538  0.00398576
         975        -0.6   -0.454687  0.00398446
         976       -0.52   -0.454754  0.00398094
         977       -0.36   -0.454657  0.00397805
         978       -0.44   -0.454642  0.00397401
         979        -0.6   -0.454791  0.00397272
         980       -0.44   -0.454776   0.0039687
         981       -0.52   -0.454842  0.00396521
         982       -0.44   -0.454827   0.0039612
         983       -0.52   -0.454893  0.00395773
         984        -0.6   -0.455041  0.00395645
         985       -0.68   -0.455269  0.00395902
         986       -0.44   -0.455254  0.00395504
         987       -0.44   -0.455238  0.00395106
         988        -0.6   -0.455385  0.00394978
         989       -0.52    -0.45545  0.00394632
         990        -0.6   -0.455596  0.00394504
         991       -0.28   -0.455419  0.00394503
         992       -0.28   -0.455242  0.00394502
         993       -0.52   -0.455307  0.00394158
         994       -0.36   -0.455211  0.00393878
         995       -0.52   -0.455276  0.00393536
         996       -0.44   -0.455261  0.00393144
         997       -0.44   -0.455246  0.00392753
         998       -0.44    -0.45523  0.00392362
         999       -0.28   -0.455055  0.00392361
        1000       -0.28    -0.45488  0.00392359
        1001        -0.6   -0.455025  0.00392235
        1002       -0.52    -0.45509  0.00391897
        1003       -0.36   -0.454995  0.00391621
        1004       -0.36     -0.4549  0.00391345
        1005       -0.44   -0.454886  0.00390959
        1006       -0.36   -0.454791  0.00390684
        1007        -0.6   -0.454935  0.00390562
        1008       -0.52      -0.455  0.00390228
        1009       -0.44   -0.454985  0.00389844
        1010        -0.6   -0.455129  0.00389722
        1011        -0.6   -0.455272    0.003896
        1012       -0.52   -0.455336  0.00389268
        1013       -0.44   -0.455321  0.00388886
        1014       -0.68   -0.455542  0.00389134
        1015       -0.52   -0.455606  0.00388802
        1016       -0.68   -0.455827  0.00389046
        1017       -0.68   -0.456047  0.00389288
        1018        -0.6   -0.456189  0.00389162
        1019       -0.44   -0.456173  0.00388783
        1020       -0.36   -0.456078  0.00388516
        1021        -0.6   -0.456219  0.00388391
        1022       -0.68   -0.456438  0.00388628
        1023        -0.6   -0.456579  0.00388502
        1024       -0.28   -0.456406  0.00388505
        1025       -0.52   -0.456468  0.00388175
        1026       -0.68   -0.456686  0.00388408
        1027        -0.6   -0.456826   0.0038828
        1028       -0.36   -0.456732  0.00388017
        1029       -0.52   -0.456793  0.00387688
        1030       -0.52   -0.456854   0.0038736
        1031       -0.44   -0.456838  0.00386988
        1032       -0.36   -0.456744  0.00386727
        1033       -0.28   -0.456573  0.00386731
        1034       -0.52   -0.456634  0.00386406
        1035       -0.36   -0.456541  0.00386145
        1036        -0.6    -0.45668   0.0038602
        1037       -0.68   -0.456895  0.00386248
        1038       -0.52   -0.456956  0.00385924
        1039       -0.52   -0.457016    0.003856
        1040        -0.2   -0.456769  0.00386021
        1041       -0.52    -0.45683  0.00385698
        1042       -0.52   -0.456891  0.00385375
        1043       -0.76   -0.457181    0.003861
        1044        -0.6   -0.457318  0.00385972
        1045       -0.52   -0.457378   0.0038565
        1046       -0.28   -0.457208  0.00385654
        1047       -0.44   -0.457192  0.00385289
        1048       -0.36   -0.457099  0.00385033
        1049       -0.52   -0.457159  0.00384712
        1050       -0.52   -0.457219  0.00384393
        1051        -0.6   -0.457355  0.00384267
        1052       -0.44   -0.457338  0.00383905
        1053        -0.6   -0.457474  0.00383779
        1054       -0.44   -0.457457  0.00383419
        1055        -0.6   -0.457592  0.00383293
        1056        -0.6   -0.457727  0.00383168
        1057       -0.68   -0.457938  0.00383382
        1058       -0.52   -0.457996  0.00383064
        1059       -0.52   -0.458055  0.00382747
        1060       -0.52   -0.458113  0.00382431
        1061       -0.36   -0.458021  0.00382182
        1062       -0.36   -0.457928  0.00381934
        1063       -0.44   -0.457912  0.00381578
        1064       -0.52    -0.45797  0.00381264
        1065       -0.36   -0.457878  0.00381017
        1066       -0.12   -0.457561  0.00381976
        1067       -0.44   -0.457545  0.00381621
        1068       -0.52   -0.457603  0.00381309
        1069        -0.6   -0.457736  0.00381185
        1070       -0.36   -0.457645  0.00380938
        1071       -0.44   -0.457628  0.00380586
        1072        -0.2   -0.457388  0.00380989
        1073       -0.28   -0.457223  0.00380992
        1074       -0.52   -0.457281  0.00380682
        1075       -0.68   -0.457488  0.00380892
        1076       -0.68   -0.457695  0.00381099
        1077       -0.52   -0.457753  0.00380789
        1078       -0.44   -0.457737  0.00380439
        1079       -0.44    -0.45772   0.0038009
        1080       -0.44   -0.457704  0.00379741
        1081       -0.36   -0.457613  0.00379498
        1082       -0.28   -0.457449  0.00379502
        1083       -0.36   -0.457359  0.00379258
        1084       -0.44   -0.457343  0.00378912
        1085       -0.44   -0.457327  0.00378566
        1086       -0.36   -0.457238  0.00378323
        1087        -0.6   -0.457369  0.00378203
        1088        -0.6     -0.4575  0.00378083
        1089       -0.52   -0.457557  0.00377779
        1090       -0.52   -0.457615  0.00377476
        1091       -0.52   -0.457672  0.00377173
        1092       -0.52   -0.457729  0.00376871
        1093       -0.36    -0.45764  0.00376632
        1094        -0.6    -0.45777  0.00376513
        1095       -0.52   -0.457826  0.00376212
        1096        -0.6   -0.457956  0.00376092
        1097       -0.68   -0.458159  0.00376293
        1098       -0.68   -0.458361  0.00376493
        1099       -0.52   -0.458417  0.00376192
        1100       -0.68   -0.458618  0.00376389
        1101       -0.52   -0.458674  0.00376088
        1102       -0.52    -0.45873  0.00375788
        1103       -0.68    -0.45893  0.00375983
        1104       -0.28   -0.458768  0.00375991
        1105       -0.44   -0.458751  0.00375655
        1106       -0.36   -0.458662  0.00375421
        1107        -0.6    -0.45879  0.00375299
        1108        -0.6   -0.458917  0.00375177
        1109       -0.52   -0.458972  0.00374879
        1110       -0.52   -0.459027  0.00374581
        1111       -0.44    -0.45901  0.00374248
        1112       -0.52   -0.459065  0.00373952
        1113       -0.52   -0.459119  0.00373656
        1114        -0.6   -0.459246  0.00373534
        1115       -0.44   -0.459229  0.00373203
        1116       -0.44   -0.459211  0.00372873
        1117       -0.44   -0.459194  0.00372543
        1118       -0.44   -0.459177  0.00372214
        1119       -0.28   -0.459017  0.00372225
        1120        -0.6   -0.459143  0.00372106
        1121       -0.36   -0.459054  0.00371879
        1122       -0.36   -0.458966  0.00371652
        1123       -0.44   -0.458949  0.00371325
        1124        -0.6   -0.459075  0.00371207
        1125       -0.52   -0.459129  0.00370916
        1126       -0.36   -0.459041  0.00370692
        1127       -0.44   -0.459024  0.00370366
        1128       -0.44   -0.459007  0.00370042
        1129       -0.52   -0.459061  0.00369754
        1130        -0.2   -0.458832  0.00370136
        1131       -0.04   -0.458462  0.00371657
        1132       -0.52   -0.458516  0.00371369
        1133       -0.36   -0.458429  0.00371143
        1134       -0.36   -0.458342  0.00370917
        1135       -0.28   -0.458185  0.00370923
        1136       -0.28   -0.458028  0.00370928
        1137       -0.52   -0.458083  0.00370641
        1138       -0.52   -0.458137  0.00370356
        1139        -0.6   -0.458262   0.0037024
        1140        -0.6   -0.458386  0.00370124
        1141       -0.44    -0.45837  0.00369803
        1142       -0.68   -0.458564  0.00369988
        1143       -0.52   -0.458618  0.00369703
        1144       -0.52   -0.458671  0.00369419
        1145       -0.76   -0.458934  0.00370033
        1146        -0.6   -0.459058  0.00369914
        1147       -0.44   -0.459041  0.00369596
        1148       -0.36   -0.458955  0.00369374
        1149       -0.28   -0.458799  0.00369381
        1150       -0.44   -0.458783  0.00369064
        1151       -0.52   -0.458836  0.00368781
        1152       -0.36    -0.45875  0.00368561
        1153       -0.52   -0.458803   0.0036828
        1154       -0.36   -0.458718   0.0036806
        1155       -0.44   -0.458701  0.00367745
        1156       -0.76   -0.458962  0.00368349
        1157        -0.6   -0.459084  0.00368232
        1158       -0.44   -0.459067  0.00367918
        1159       -0.68   -0.459258  0.00368094
        1160       -0.68   -0.459448  0.00368268
        1161        -0.6   -0.459569   0.0036815
        1162       -0.52   -0.459621   0.0036787
        1163       -0.44   -0.459604  0.00367558
        1164       -0.68   -0.459794  0.00367729
        1165       -0.44   -0.459777  0.00367417
        1166       -0.36   -0.459691  0.00367202
        1167       -0.52   -0.459743  0.00366924
        1168       -0.44   -0.459726  0.00366613
        1169       -0.52   -0.459778  0.00366336
        1170       -0.44   -0.459761  0.00366027
        1171       -0.52   -0.459812   0.0036575
        1172       -0.52   -0.459863  0.00365474
        1173       -0.68   -0.460051  0.00365644
        1174       -0.28   -0.459898  0.00365654
        1175       -0.52   -0.459949  0.00365379
        1176       -0.44   -0.459932  0.00365072
        1177       -0.44   -0.459915  0.00364766
        1178       -0.52   -0.459966  0.00364492
        1179       -0.52   -0.460017  0.00364218
        1180       -0.44       -0.46  0.00363914
        1181       -0.28   -0.459848  0.00363925
        1182       -0.28   -0.459695  0.00363935
        1183       -0.36   -0.459611  0.00363725
        1184       -0.52   -0.459662  0.00363453
        1185       -0.52   -0.459713  0.00363182
        1186       -0.52   -0.459764  0.00362911
        1187       -0.36    -0.45968  0.00362703
        1188       -0.36   -0.459596  0.00362495
        1189       -0.36   -0.459512  0.00362287
        1190        -0.6    -0.45963  0.00362175
        1191       -0.44   -0.459614  0.00361874
        1192       -0.44   -0.459597  0.00361574
        1193       -0.28   -0.459447  0.00361585
        1194       -0.68   -0.459631  0.00361753
        1195        -0.6   -0.459749  0.00361641
        1196       -0.52   -0.459799  0.00361374
        1197       -0.52    -0.45985  0.00361107
        1198       -0.68   -0.460033  0.00361273
        1199        -0.6    -0.46015   0.0036116
        1200       -0.76     -0.4604  0.00361722
        1201       -0.76   -0.460649   0.0036228
        1202       -0.68   -0.460832  0.00362438
        1203        -0.6   -0.460948  0.00362322
        1204       -0.68    -0.46113  0.00362477
        1205       -0.44   -0.461112  0.00362181
        1206       -0.28   -0.460962  0.00362192
        1207       -0.44   -0.460944  0.00361896
        1208       -0.44   -0.460927    0.003616
        1209       -0.52   -0.460976  0.00361334
        1210       -0.44   -0.460959   0.0036104
        1211       -0.52   -0.461007  0.00360774
        1212       -0.36   -0.460924  0.00360573
        1213       -0.52   -0.460973  0.00360309
        1214       -0.44   -0.460956  0.00360016
        1215       -0.36   -0.460872  0.00359816
        1216       -0.52   -0.460921  0.00359552
        1217       -0.52    -0.46097   0.0035929
        1218       -0.52   -0.461018  0.00359028
        1219        -0.6   -0.461132  0.00358914
        1220       -0.52    -0.46118  0.00358652
        1221        -0.2   -0.460966  0.00358996
        1222       -0.36   -0.460884  0.00358797
        1223       -0.44   -0.460867  0.00358508
        1224       -0.28   -0.460719  0.00358519
        1225       -0.28   -0.460571   0.0035853
        1226       -0.36   -0.460489  0.00358331
        1227        -0.2   -0.460277  0.00358668
        1228       -0.36   -0.460195  0.00358469
        1229        -0.2   -0.459984  0.00358802
        1230        -0.6   -0.460098   0.0035869
        1231       -0.44   -0.460081  0.00358403
        1232       -0.36       -0.46  0.00358204
        1233       -0.36   -0.459919  0.00358005
        1234        -0.6   -0.460032  0.00357895
        1235        -0.6   -0.460146  0.00357785
        1236       -0.52   -0.460194  0.00357528
        1237        -0.6   -0.460307  0.00357417
        1238       -0.36   -0.460226  0.00357221
        1239       -0.68   -0.460404  0.00357372
        1240       -0.76   -0.460645    0.003579
        1241       -0.44   -0.460629  0.00357615
        1242       -0.44   -0.460612  0.00357331
        1243       -0.28   -0.460467  0.00357339
        1244       -0.52   -0.460514  0.00357084
        1245       -0.44   -0.460498  0.00356801
        1246       -0.44   -0.460482  0.00356518
        1247       -0.44   -0.460465  0.00356236
        1248       -0.44   -0.460449  0.00355955
        1249       -0.76   -0.460689  0.00356477
        1250       -0.52   -0.460736  0.00356223
        1251       -0.36   -0.460655  0.00356029
        1252       -0.44   -0.460639  0.00355749
        1253       -0.36   -0.460559  0.00355556
        1254       -0.44   -0.460542  0.00355276
        1255       -0.36   -0.460462  0.00355083
        1256       -0.28   -0.460318  0.00355091
        1257        -0.2   -0.460111  0.00355412
        1258       -0.28   -0.459968  0.00355417
        1259       -0.44   -0.459952  0.00355139
        1260       -0.44   -0.459937   0.0035486
        1261       -0.52   -0.459984  0.00354611
        1262        -0.6   -0.460095  0.00354503
        1263       -0.36   -0.460016  0.00354311
        1264       -0.36   -0.459937  0.00354119
        1265       -0.28   -0.459794  0.00354125
        1266        -0.6   -0.459905  0.00354018
        1267       -0.68   -0.460079  0.00354165
        1268        -0.6   -0.460189  0.00354058
        1269       -0.44   -0.460173  0.00353782
        1270       -0.52    -0.46022  0.00353535
        1271       -0.44   -0.460205   0.0035326
        1272       -0.52   -0.460252  0.00353014
        1273       -0.52   -0.460299  0.00352768
        1274       -0.12   -0.460031  0.00353501
        1275       -0.44   -0.460016  0.00353227
        1276       -0.52   -0.460063  0.00352981
        1277       -0.28   -0.459922  0.00352986
        1278       -0.52   -0.459969  0.00352742
        1279       -0.44   -0.459953  0.00352469
        1280        -0.6   -0.460063  0.00352364
        1281        -0.6   -0.460172  0.00352258
        1282        -0.6   -0.460281  0.00352152
        1283       -0.52   -0.460327  0.00351908
        1284       -0.52   -0.460374  0.00351665
        1285       -0.52    -0.46042  0.00351422
        1286       -0.52   -0.460467  0.00351179
        1287        -0.6   -0.460575  0.00351073
        1288       -0.36   -0.460497  0.00350888
        1289       -0.52   -0.460543  0.00350646
        1290       -0.68   -0.460713  0.00350786
        1291       -0.36   -0.460635  0.00350602
        1292       -0.44   -0.460619  0.00350334
        1293       -0.44   -0.460603  0.00350066
        1294       -0.52   -0.460649  0.00349826
        1295       -0.36   -0.460571  0.00349642
        1296       -0.44   -0.460556  0.00349376
        1297       -0.36   -0.460478  0.00349193
        1298       -0.44   -0.460462  0.00348927
        1299       -0.28   -0.460323  0.00348935
        1300        -0.2   -0.460123  0.00349241
        1301       -0.52   -0.460169  0.00349003
        1302        -0.6   -0.460276    0.003489
        1303       -0.44   -0.460261  0.00348636
        1304       -0.52   -0.460307  0.00348398
        1305       -0.68   -0.460475  0.00348538
        1306       -0.52   -0.460521  0.00348301
        1307       -0.36   -0.460444  0.00348119
        1308       -0.52   -0.460489  0.00347883
        1309        -0.6   -0.460596   0.0034778
        1310        -0.6   -0.460702  0.00347677
        1311       -0.44   -0.460686  0.00347416
        1312       -0.36    -0.46061  0.00347236
        1313       -0.36   -0.460533  0.00347056
        1314       -0.52   -0.460578  0.00346821
        1315       -0.52   -0.460624  0.00346587
        1316       -0.28   -0.460486  0.00346595
        1317        -0.2   -0.460289  0.00346896
        1318       -0.36   -0.460212  0.00346716
        1319       -0.36   -0.460136  0.00346537
        1320       -0.52   -0.460182  0.00346304
        1321       -0.44   -0.460167  0.00346045
        1322       -0.52   -0.460212  0.00345813
        1323       -0.36   -0.460136  0.00345634
        1324       -0.36    -0.46006  0.00345456
        1325       -0.36   -0.459985  0.00345278
        1326       -0.28   -0.459849  0.00345284
        1327       -0.44   -0.459834  0.00345027
        1328       -0.36   -0.459759  0.00344849
        1329        -0.2   -0.459564  0.00345143
        1330       -0.44   -0.459549  0.00344887
        1331       -0.36   -0.459474  0.00344709
        1332       -0.36   -0.459399  0.00344531
        1333       -0.28   -0.459265  0.00344535
        1334       -0.52    -0.45931  0.00344307
        1335       -0.52   -0.459356  0.00344079
        1336        -0.6   -0.459461  0.00343983
        1337       -0.44   -0.459447  0.00343728
        1338       -0.52   -0.459492  0.00343501
        1339       -0.52   -0.459537  0.00343275
        1340       -0.52   -0.459582  0.00343048
        1341       -0.44   -0.459567  0.00342795
        1342       -0.44   -0.459553  0.00342543
        1343       -0.44   -0.459538  0.00342291
        1344        -0.6   -0.459643  0.00342196
        1345       -0.68   -0.459807  0.00342333
        1346       -0.76    -0.46003  0.00342805
        1347       -0.52   -0.460074  0.00342579
        1348        -0.6   -0.460178  0.00342482
        1349       -0.44   -0.460163  0.00342232
        1350       -0.44   -0.460148  0.00341981
        1351       -0.36   -0.460074  0.00341809
        1352       -0.52   -0.460118  0.00341585
        1353       -0.68   -0.460281  0.00341718
        1354        -0.6   -0.460384  0.00341622
        1355        -0.6   -0.460487  0.00341525
        1356       -0.44   -0.460472  0.00341277
        1357        -0.6   -0.460575   0.0034118
        1358       -0.36   -0.460501  0.00341009
        1359       -0.68   -0.460662   0.0034114
        1360       -0.44   -0.460647  0.00340893
        1361       -0.44   -0.460632  0.00340646
        1362       -0.68   -0.460793  0.00340776
        1363       -0.68   -0.460954  0.00340906
        1364        -0.6   -0.461056  0.00340808
        1365       -0.44    -0.46104  0.00340562
        1366       -0.44   -0.461025  0.00340316
        1367       -0.44    -0.46101  0.00340071
        1368       -0.52   -0.461053  0.00339849
        1369       -0.44   -0.461037  0.00339605
        1370       -0.52    -0.46108  0.00339384
        1371       -0.44   -0.461065   0.0033914
        1372        -0.2   -0.460875  0.00339426
        1373       -0.36   -0.460801  0.00339258
        1374       -0.36   -0.460728  0.00339091
        1375       -0.36   -0.460655  0.00338923
        1376       -0.44    -0.46064   0.0033868
        1377        -0.6   -0.460741  0.00338585
        1378       -0.44   -0.460726  0.00338343
        1379       -0.52   -0.460769  0.00338125
        1380        -0.2    -0.46058  0.00338408
        1381       -0.52   -0.460623   0.0033819
        1382        -0.6   -0.460724  0.00338096
        1383       -0.44   -0.460709  0.00337854
        1384       -0.44   -0.460694  0.00337614
        1385        -0.6   -0.460794   0.0033752
        1386       -0.44   -0.460779  0.00337279
        1387       -0.44   -0.460764   0.0033704
        1388       -0.28   -0.460634  0.00337048
        1389       -0.12   -0.460389  0.00337697
        1390       -0.36   -0.460317  0.00337531
        1391       -0.52   -0.460359  0.00337316
        1392       -0.52   -0.460402    0.003371
        1393       -0.44   -0.460388  0.00336862
        1394       -0.44   -0.460373  0.00336623
        1395       -0.28   -0.460244   0.0033663
        1396       -0.44   -0.460229  0.00336392
        1397        -0.6   -0.460329    0.003363
        1398       -0.52   -0.460372  0.00336087
        1399       -0.52   -0.460415  0.00335873
        1400       -0.36   -0.460343   0.0033571
        1401       -0.36   -0.460271  0.00335547
        1402       -0.52   -0.460314  0.00335334
        1403       -0.52   -0.460356  0.00335122
        1404        -0.2   -0.460171  0.00335396
        1405       -0.28   -0.460043  0.00335403
        1406       -0.36   -0.459972   0.0033524
        1407       -0.52   -0.460014  0.00335029
        1408       -0.52   -0.460057  0.00334818
        1409       -0.36   -0.459986  0.00334655
        1410       -0.12   -0.459745  0.00335286
        1411       -0.36   -0.459674  0.00335122
        1412       -0.44    -0.45966  0.00334888
        1413       -0.36    -0.45959  0.00334725
        1414       -0.44   -0.459576  0.00334491
        1415       -0.52   -0.459618  0.00334282
        1416       -0.44   -0.459605  0.00334049
        1417       -0.52   -0.459647  0.00333841
        1418       -0.36   -0.459577  0.00333679
        1419       -0.36   -0.459507  0.00333518
        1420       -0.28    -0.45938  0.00333522
        1421       -0.44   -0.459367   0.0033329
        1422       -0.44   -0.459353  0.00333059
        1423       -0.36   -0.459283  0.00332898
        1424        -0.2   -0.459101  0.00333162
        1425        -0.6     -0.4592  0.00333075
        1426        -0.6   -0.459299  0.00332987
        1427       -0.52   -0.459341  0.00332781
        1428        -0.2    -0.45916  0.00333043
        1429        -0.6   -0.459258  0.00332956
        1430       -0.52   -0.459301   0.0033275
        1431        -0.6   -0.459399  0.00332663
        1432       -0.68   -0.459553  0.00332787
        1433       -0.68   -0.459707   0.0033291
        1434       -0.52   -0.459749  0.00332705
        1435       -0.68   -0.459902  0.00332827
        1436        -0.6       -0.46  0.00332738
        1437       -0.36    -0.45993  0.00332579
        1438       -0.36   -0.459861   0.0033242
        1439        -0.6   -0.459958  0.00332332
        1440       -0.68   -0.460111  0.00332452
        1441       -0.68   -0.460264  0.00332572
        1442       -0.52   -0.460305  0.00332367
        1443       -0.44   -0.460291   0.0033214
        1444       -0.44   -0.460277  0.00331912
        1445       -0.36   -0.460208  0.00331755
        1446       -0.28   -0.460083   0.0033176
        1447       -0.52   -0.460124  0.00331556
        1448       -0.44    -0.46011   0.0033133
        1449       -0.28   -0.459986  0.00331335
        1450       -0.36   -0.459917  0.00331178
        1451       -0.52   -0.459959  0.00330976
        1452       -0.28   -0.459835   0.0033098
        1453       -0.28   -0.459711  0.00330983
        1454       -0.36   -0.459642  0.00330827
        1455       -0.52   -0.459684  0.00330625
        1456        -0.6    -0.45978  0.00330539
        1457       -0.52   -0.459822  0.00330338
        1458        -0.2   -0.459643  0.00330591
        1459       -0.36   -0.459575  0.00330435
        1460       -0.28   -0.459452  0.00330438
        1461       -0.36   -0.459384  0.00330282
        1462       -0.36   -0.459316  0.00330126
        1463       -0.52   -0.459357  0.00329926
        1464       -0.68   -0.459508  0.00330045
        1465       -0.68   -0.459659  0.00330163
        1466       -0.68   -0.459809  0.00330279
        1467        -0.6   -0.459905  0.00330192
        1468       -0.44   -0.459891   0.0032997
        1469       -0.36   -0.459823  0.00329816
        1470        -0.6   -0.459918  0.00329729
        1471       -0.36    -0.45985  0.00329575
        1472        -0.2   -0.459674  0.00329823
        1473       -0.36   -0.459606  0.00329669
        1474       -0.28   -0.459484   0.0032967
        1475       -0.36   -0.459417  0.00329516
        1476       -0.52   -0.459458  0.00329318
        1477       -0.44   -0.459445  0.00329098
        1478        -0.6    -0.45954  0.00329013
        1479       -0.44   -0.459527  0.00328793
        1480       -0.44   -0.459514  0.00328573
        1481       -0.52   -0.459554  0.00328377
        1482       -0.44   -0.459541  0.00328158
        1483        -0.6   -0.459636  0.00328073
        1484       -0.44   -0.459623  0.00327855
        1485       -0.52   -0.459663  0.00327659
        1486       -0.52   -0.459704  0.00327464
        1487       -0.68   -0.459852  0.00327579
        1488       -0.44   -0.459839  0.00327361
        1489        -0.6   -0.459933  0.00327277
        1490       -0.52   -0.459973  0.00327082
        1491       -0.36   -0.459906  0.00326931
        1492       -0.44   -0.459893  0.00326715
        1493       -0.68    -0.46004  0.00326828
        1494       -0.44   -0.460027  0.00326612
        1495       -0.28   -0.459906  0.00326616
        1496       -0.52   -0.459947  0.00326422
        1497       -0.36    -0.45988  0.00326272
        1498       -0.28    -0.45976  0.00326276
        1499       -0.36   -0.459693  0.00326126
        1500       -0.28   -0.459573  0.00326128
        1501       -0.44    -0.45956  0.00325914
        1502        -0.6   -0.459654  0.00325831
        1503        -0.2   -0.459481  0.00326072
        1504        -0.6   -0.459574  0.00325989
        1505       -0.44   -0.459561  0.00325775
        1506       -0.44   -0.459548  0.00325561
        1507       -0.44   -0.459536  0.00325347
        1508       -0.36   -0.459469  0.00325199
        1509       -0.28   -0.459351  0.00325201
        1510       -0.36   -0.459285  0.00325052
        1511       -0.52   -0.459325  0.00324861
        1512       -0.44   -0.459312  0.00324649
        1513       -0.44   -0.459299  0.00324437
        1514       -0.12   -0.459075  0.00324996
        1515       -0.36    -0.45901  0.00324847
        1516       -0.44   -0.458997  0.00324635
        1517       -0.44   -0.458985  0.00324424
        1518       -0.52   -0.459025  0.00324235
        1519       -0.36    -0.45896  0.00324087
        1520       -0.44   -0.458947  0.00323876
        1521       -0.28    -0.45883  0.00323877
        1522       -0.36   -0.458765  0.00323729
        1523       -0.36     -0.4587  0.00323582
        1524       -0.36   -0.458635  0.00323434
        1525       -0.52   -0.458675  0.00323247
        1526       -0.52   -0.458716   0.0032306
        1527       -0.52   -0.458756  0.00322873
        1528       -0.36   -0.458691  0.00322727
        1529       -0.44   -0.458679  0.00322518
        1530       -0.44   -0.458667   0.0032231
        1531       -0.44   -0.458654  0.00322101
        1532       -0.44   -0.458642  0.00321893
        1533       -0.36   -0.458578  0.00321748
        1534       -0.36   -0.458514  0.00321602
        1535       -0.28   -0.458397  0.00321603
        1536        -0.2   -0.458229  0.00321833
        1537       -0.44   -0.458217  0.00321626
        1538       -0.36   -0.458153   0.0032148
        1539       -0.44   -0.458142  0.00321274
        1540       -0.36   -0.458078  0.00321128
        1541       -0.44   -0.458066  0.00320922
        1542       -0.36   -0.458003  0.00320777
        1543       -0.44   -0.457991  0.00320571
        1544       -0.28   -0.457876  0.00320571
        1545       -0.36   -0.457812  0.00320426
        1546       -0.36   -0.457749  0.00320281
        1547        -0.6   -0.457841  0.00320206
        1548       -0.52   -0.457881  0.00320024
        1549       -0.44    -0.45787   0.0031982
        1550        -0.6   -0.457961  0.00319745
        1551       -0.36   -0.457898  0.00319601
        1552        -0.6    -0.45799  0.00319526
        1553       -0.12   -0.457772  0.00320061
        1554        -0.2   -0.457606  0.00320284
        1555       -0.44   -0.457595   0.0032008
        1556       -0.52   -0.457635    0.003199
        1557       -0.52   -0.457675  0.00319719
        1558       -0.44   -0.457664  0.00319516
        1559       -0.44   -0.457652  0.00319313
        1560       -0.44   -0.457641  0.00319111
        1561       -0.36   -0.457578  0.00318967
        1562       -0.52   -0.457618  0.00318788
        1563       -0.44   -0.457607  0.00318586
        1564       -0.36   -0.457545  0.00318444
        1565        -0.2    -0.45738  0.00318665
        1566       -0.44   -0.457369  0.00318464
        1567       -0.44   -0.457358  0.00318262
        1568       -0.36   -0.457296   0.0031812
        1569       -0.52   -0.457336  0.00317942
        1570       -0.44   -0.457325  0.00317742
        1571        -0.2   -0.457161  0.00317961
        1572       -0.44    -0.45715  0.00317761
        1573       -0.36   -0.457088  0.00317619
        1574       -0.52   -0.457128  0.00317442
        1575       -0.52   -0.457168  0.00317266
        1576        -0.6   -0.457259  0.00317194
        1577       -0.36   -0.457197  0.00317053
        1578       -0.52   -0.457237  0.00316877
        1579        -0.6   -0.457327  0.00316805
        1580        -0.6   -0.457418  0.00316733
        1581       -0.28   -0.457306  0.00316732
        1582       -0.52   -0.457345  0.00316556
        1583        -0.6   -0.457435  0.00316484
        1584        -0.6   -0.457525  0.00316413
        1585       -0.44   -0.457514  0.00316215
        1586       -0.68   -0.457654  0.00316327
        1587       -0.52   -0.457694  0.00316152
        1588       -0.44   -0.457683  0.00315954
        1589       -0.52   -0.457722   0.0031578
        1590       -0.36    -0.45766  0.00315641
        1591        -0.6    -0.45775   0.0031557
        1592        -0.6   -0.457839  0.00315498
        1593       -0.44   -0.457828  0.00315302
        1594       -0.28   -0.457716  0.00315301
        1595        -0.6   -0.457806   0.0031523
        1596        -0.6   -0.457895  0.00315158
        1597        -0.6   -0.457984  0.00315086
        1598       -0.36   -0.457922  0.00314949
        1599        -0.6   -0.458011  0.00314877
        1600        -0.6     -0.4581  0.00314805
        1601        -0.2   -0.457939  0.00315021
        1602       -0.28   -0.457828   0.0031502
        1603       -0.44   -0.457817  0.00314826
        1604       -0.36   -0.457756  0.00314689
        1605       -0.36   -0.457695  0.00314551
        1606       -0.36   -0.457634  0.00314414
        1607       -0.36   -0.457573  0.00314277
        1608       -0.36   -0.457512  0.00314141
        1609       -0.52   -0.457551  0.00313969
        1610        -0.6    -0.45764  0.00313899
        1611        -0.6   -0.457728  0.00313829
        1612       -0.28   -0.457618  0.00313827
        1613        -0.2   -0.457458  0.00314039
        1614       -0.52   -0.457497  0.00313868
        1615        -0.6   -0.457585  0.00313798
        1616       -0.36   -0.457525  0.00313662
        1617       -0.36   -0.457464  0.00313526
        1618       -0.44   -0.457454  0.00313334
        1619       -0.36   -0.457393  0.00313198
        1620       -0.44   -0.457383  0.00313007
        1621       -0.44   -0.457372  0.00312816
        1622       -0.36   -0.457312   0.0031268
        1623       -0.36   -0.457252  0.00312545
        1624       -0.36   -0.457192   0.0031241
        1625       -0.36   -0.457132  0.00312275
        1626       -0.44   -0.457122  0.00312085
        1627       -0.44   -0.457111  0.00311895
        1628       -0.36   -0.457052   0.0031176
        1629       -0.44   -0.457041  0.00311571
        1630       -0.44   -0.457031  0.00311381
        1631       -0.28   -0.456922  0.00311379
        1632       -0.52   -0.456961  0.00311213
        1633       -0.52   -0.456999  0.00311046
        1634       -0.28   -0.456891  0.00311044
        1635       -0.52    -0.45693  0.00310878
        1636       -0.36    -0.45687  0.00310744
        1637       -0.52   -0.456909  0.00310578
        1638       -0.36    -0.45685  0.00310445
        1639       -0.36   -0.456791  0.00310312
        1640       -0.36   -0.456732  0.00310179
        1641       -0.36   -0.456673  0.00310046
        1642        -0.2   -0.456516  0.00310251
        1643       -0.52   -0.456555  0.00310086
        1644        -0.6   -0.456642   0.0031002
        1645       -0.36   -0.456584  0.00309887
        1646       -0.52   -0.456622  0.00309723
        1647       -0.44   -0.456612  0.00309537
        1648       -0.52    -0.45665  0.00309373
        1649        -0.6   -0.456737  0.00309307
        1650       -0.44   -0.456727  0.00309121
        1651       -0.44   -0.456717  0.00308936
        1652       -0.44   -0.456707   0.0030875
        1653       -0.36   -0.456649  0.00308619
        1654       -0.28   -0.456542  0.00308617
        1655       -0.28   -0.456435  0.00308615
        1656        -0.2    -0.45628  0.00308817
        1657       -0.44    -0.45627  0.00308632
        1658       -0.44   -0.456261  0.00308448
        1659       -0.36   -0.456203  0.00308316
        1660       -0.52   -0.456241  0.00308154
        1661       -0.44   -0.456231   0.0030797
        1662       -0.36   -0.456173   0.0030784
        1663       -0.28   -0.456067  0.00307837
        1664        -0.6   -0.456154  0.00307773
        1665       -0.36   -0.456096  0.00307643
        1666       -0.36   -0.456038  0.00307512
        1667       -0.36   -0.455981  0.00307381
        1668       -0.36   -0.455923  0.00307251
        1669       -0.36   -0.455866  0.00307121
        1670       -0.36   -0.455808   0.0030699
        1671       -0.28   -0.455703  0.00306987
        1672       -0.44   -0.455694  0.00306805
        1673       -0.44   -0.455684  0.00306623
        1674       -0.52   -0.455723  0.00306464
        1675        -0.6   -0.455809  0.00306402
        1676       -0.28   -0.455704  0.00306398
        1677       -0.28   -0.455599  0.00306395
        1678       -0.52   -0.455638  0.00306236
        1679        -0.6   -0.455724  0.00306175
        1680       -0.44   -0.455714  0.00305994
        1681       -0.28    -0.45561   0.0030599
        1682       -0.44     -0.4556   0.0030581
        1683       -0.36   -0.455544  0.00305681
        1684       -0.44   -0.455534  0.00305501
        1685       -0.36   -0.455478  0.00305372
        1686       -0.44   -0.455469  0.00305192
        1687        -0.6   -0.455554  0.00305131
        1688       -0.68   -0.455687   0.0030524
        1689        -0.6   -0.455773  0.00305179
        1690        -0.6   -0.455858  0.00305118
        1691       -0.44   -0.455849  0.00304939
        1692       -0.12    -0.45565  0.00305404
        1693       -0.36   -0.455594  0.00305276
        1694       -0.36   -0.455537  0.00305148
        1695       -0.52   -0.455575  0.00304991
        1696       -0.44   -0.455566  0.00304813
        1697       -0.28   -0.455463  0.00304809
        1698       -0.36   -0.455406  0.00304681
        1699       -0.44   -0.455397  0.00304503
        1700       -0.68   -0.455529  0.00304611
        1701       -0.52   -0.455567  0.00304455
        1702        -0.6   -0.455652  0.00304394
        1703        -0.6   -0.455737  0.00304334
        1704       -0.36   -0.455681  0.00304207
        1705       -0.52   -0.455718  0.00304052
        1706       -0.52   -0.455756  0.00303897
        1707       -0.44   -0.455747   0.0030372
        1708       -0.52   -0.455785  0.00303566
        1709       -0.44   -0.455775   0.0030339
        1710       -0.52   -0.455813  0.00303236
        1711       -0.36   -0.455757   0.0030311
        1712       -0.52   -0.455794  0.00302956
        1713       -0.44   -0.455785  0.00302781
        1714       -0.52   -0.455823  0.00302627
        1715        -0.6   -0.455907  0.00302568
        1716        -0.6   -0.455991  0.00302508
        1717       -0.52   -0.456028  0.00302354
        1718       -0.36   -0.455972   0.0030223
        1719       -0.52   -0.456009  0.00302077
        1720       -0.44      -0.456  0.00301903
        1721       -0.44   -0.455991  0.00301729
        1722       -0.44   -0.455981  0.00301555
        1723       -0.36   -0.455926  0.00301432
        1724       -0.36    -0.45587  0.00301308
        1725       -0.36   -0.455814  0.00301185
        1726       -0.52   -0.455852  0.00301033
        1727        -0.6   -0.455935  0.00300975
        1728       -0.68   -0.456065   0.0030108
        1729       -0.44   -0.456056  0.00300907
        1730       -0.28   -0.455954  0.00300905
        1731       -0.52   -0.455991  0.00300754
        1732       -0.52   -0.456028  0.00300603
        1733       -0.52   -0.456065  0.00300452
        1734       -0.28   -0.455963  0.00300451
        1735       -0.52      -0.456    0.003003
        1736       -0.28   -0.455899  0.00300298
        1737       -0.68   -0.456028  0.00300402
        1738        -0.6    -0.45611  0.00300344
        1739       -0.36   -0.456055  0.00300222
        1740       -0.52   -0.456092  0.00300072
        1741       -0.36   -0.456037   0.0029995
        1742       -0.52   -0.456073    0.002998
        1743       -0.52    -0.45611  0.00299651
        1744        -0.6   -0.456193  0.00299593
        1745       -0.52   -0.456229  0.00299443
        1746       -0.44    -0.45622  0.00299273
        1747        -0.6   -0.456302  0.00299215
        1748       -0.36   -0.456247  0.00299095
        1749       -0.36   -0.456192  0.00298974
        1750       -0.44   -0.456183  0.00298805
        1751       -0.28   -0.456082  0.00298803
        1752       -0.44   -0.456073  0.00298634
        1753        -0.6   -0.456155  0.00298577
        1754       -0.44   -0.456146  0.00298408
        1755       -0.28   -0.456046  0.00298407
        1756       -0.44   -0.456036  0.00298238
        1757       -0.52   -0.456073  0.00298091
        1758       -0.52   -0.456109  0.00297943
        1759       -0.44     -0.4561  0.00297775
        1760       -0.28      -0.456  0.00297774
        1761       -0.28     -0.4559  0.00297773
        1762       -0.44   -0.455891  0.00297605
        1763       -0.44   -0.455882  0.00297438
        1764       -0.44   -0.455873   0.0029727
        1765       -0.28   -0.455773  0.00297269
        1766       -0.44   -0.455764  0.00297102
        1767       -0.52   -0.455801  0.00296956
        1768        -0.6   -0.455882    0.002969
        1769       -0.68   -0.456009  0.00297002
        1770       -0.52   -0.456045  0.00296857
        1771       -0.44   -0.456036   0.0029669
        1772       -0.44   -0.456027  0.00296524
        1773       -0.44   -0.456018  0.00296358
        1774       -0.52   -0.456054  0.00296213
        1775       -0.52    -0.45609  0.00296068
        1776        -0.6   -0.456171  0.00296013
        1777       -0.36   -0.456117  0.00295895
        1778       -0.52   -0.456153  0.00295751
        1779       -0.52   -0.456189  0.00295606
        1780       -0.52   -0.456225  0.00295462
        1781       -0.52   -0.456261  0.00295318
        1782       -0.52   -0.456296  0.00295174
        1783       -0.52   -0.456332   0.0029503
        1784       -0.36   -0.456278  0.00294914
        1785        -0.2   -0.456134  0.00295098
        1786       -0.44   -0.456125  0.00294934
        1787       -0.36   -0.456072  0.00294818
        1788       -0.44   -0.456063  0.00294655
        1789       -0.44   -0.456054  0.00294491
        1790       -0.36      -0.456  0.00294376
        1791       -0.44   -0.455991  0.00294213
        1792       -0.44   -0.455982   0.0029405
        1793       -0.36   -0.455929  0.00293934
        1794        -0.2   -0.455786  0.00294117
        1795        -0.2   -0.455643  0.00294298
        1796       -0.28   -0.455546  0.00294296
        1797       -0.36   -0.455492  0.00294181
        1798       -0.44   -0.455484  0.00294018
        1799       -0.44   -0.455475  0.00293856
        1800       -0.36   -0.455422  0.00293741
        1801       -0.44   -0.455414  0.00293579
        1802       -0.44   -0.455405  0.00293417
        1803       -0.36   -0.455352  0.00293302
        1804       -0.52   -0.455388  0.00293161
        1805       -0.44    -0.45538     0.00293
        1806       -0.52   -0.455415   0.0029286
        1807       -0.36   -0.455362  0.00292745
        1808        -0.6   -0.455442  0.00292693
        1809        -0.6   -0.455522   0.0029264
        1810        -0.6   -0.455602  0.00292587
        1811       -0.52   -0.455638  0.00292447
        1812       -0.28   -0.455541  0.00292446
        1813       -0.44   -0.455532  0.00292286
        1814       -0.28   -0.455436  0.00292285
        1815       -0.36   -0.455383  0.00292172
        1816        -0.6   -0.455463  0.00292119
        1817       -0.52   -0.455498   0.0029198
        1818       -0.68   -0.455622   0.0029208
        1819       -0.36   -0.455569  0.00291967
        1820       -0.36   -0.455516  0.00291854
        1821       -0.68    -0.45564  0.00291954
        1822        -0.6   -0.455719  0.00291901
        1823        -0.6   -0.455798  0.00291848
        1824        -0.6   -0.455877  0.00291795
        1825        -0.6   -0.455956  0.00291742
        1826       -0.44   -0.455947  0.00291584
        1827       -0.44   -0.455939  0.00291426
        1828       -0.36   -0.455886  0.00291313
        1829       -0.52   -0.455921  0.00291175
        1830        -0.6      -0.456  0.00291123
        1831       -0.76   -0.456166  0.00291437
        1832        -0.6   -0.456245  0.00291383
        1833       -0.52   -0.456279  0.00291245
        1834        -0.6   -0.456358  0.00291192
        1835       -0.76   -0.456523  0.00291503
        1836        -0.6   -0.456601  0.00291449
        1837       -0.76   -0.456766  0.00291758
        1838       -0.68   -0.456888  0.00291852
        1839       -0.44   -0.456879  0.00291694
        1840       -0.28   -0.456783  0.00291694
        1841       -0.36    -0.45673  0.00291583
        1842       -0.44   -0.456721  0.00291426
        1843       -0.28   -0.456625  0.00291426
        1844       -0.44   -0.456616  0.00291269
        1845       -0.36   -0.456564  0.00291158
        1846        -0.6   -0.456641  0.00291104
        1847        -0.6   -0.456719   0.0029105
        1848       -0.52   -0.456753  0.00290913
        1849       -0.36   -0.456701  0.00290803
        1850       -0.52   -0.456735  0.00290665
        1851        -0.6   -0.456813  0.00290611
        1852        -0.6    -0.45689  0.00290557
        1853       -0.68    -0.45701   0.0029065
        1854       -0.76   -0.457174  0.00290952
        1855        -0.6   -0.457251  0.00290897
        1856       -0.68   -0.457371  0.00290988
        1857       -0.44   -0.457361  0.00290833
        1858       -0.52   -0.457395  0.00290696
        1859        -0.6   -0.457472  0.00290641
        1860       -0.52   -0.457505  0.00290504
        1861       -0.52   -0.457539  0.00290367
        1862       -0.36   -0.457487  0.00290258
        1863       -0.28   -0.457391  0.00290259
        1864       -0.28   -0.457296  0.00290259
        1865       -0.36   -0.457244   0.0029015
        1866       -0.44   -0.457235  0.00289996
        1867       -0.52   -0.457268  0.00289861
        1868        -0.2   -0.457131  0.00290032
        1869       -0.44   -0.457121  0.00289879
        1870       -0.44   -0.457112  0.00289725
        1871       -0.44   -0.457103  0.00289572
        1872        -0.6   -0.457179  0.00289518
        1873        -0.6   -0.457256  0.00289463
        1874       -0.28   -0.457161  0.00289463
        1875       -0.44   -0.457152  0.00289311
        1876       -0.36     -0.4571  0.00289203
        1877       -0.28   -0.457006  0.00289202
        1878       -0.44   -0.456997   0.0028905
        1879       -0.52    -0.45703  0.00288916
        1880        -0.6   -0.457106  0.00288862
        1881       -0.68   -0.457225  0.00288951
        1882        -0.6   -0.457301  0.00288897
        1883       -0.36   -0.457249   0.0028879
        1884       -0.28   -0.457155   0.0028879
        1885       -0.36   -0.457103  0.00288683
        1886       -0.28    -0.45701  0.00288682
        1887       -0.52   -0.457043  0.00288549
        1888       -0.52   -0.457076  0.00288415
        1889        -0.6   -0.457152  0.00288362
        1890       -0.52   -0.457185  0.00288228
        1891       -0.36   -0.457134  0.00288122
        1892       -0.12   -0.456956   0.0028852
        1893       -0.44   -0.456947  0.00288369
        1894       -0.28   -0.456853  0.00288368
        1895       -0.28    -0.45676  0.00288367
        1896        -0.6   -0.456835  0.00288314
        1897        -0.6   -0.456911   0.0028826
        1898       -0.52   -0.456944  0.00288128
        1899        -0.6   -0.457019  0.00288074
        1900       -0.36   -0.456968  0.00287968
        1901       -0.36   -0.456917  0.00287862
        1902       -0.28   -0.456824  0.00287861
        1903       -0.44   -0.456816  0.00287711
        1904        -0.6   -0.456891  0.00287658
        1905       -0.44   -0.456882  0.00287508
        1906       -0.36   -0.456831  0.00287402
        1907       -0.52   -0.456864  0.00287271
        1908       -0.52   -0.456897  0.00287139
        1909       -0.44   -0.456888   0.0028699
        1910       -0.44    -0.45688  0.00286841
        1911       -0.84    -0.45708  0.00287391
        1912       -0.68   -0.457197  0.00287477
        1913        -0.6   -0.457271  0.00287424
        1914        -0.2   -0.457137  0.00287588
        1915       -0.44   -0.457128  0.00287439
        1916       -0.44   -0.457119   0.0028729
        1917       -0.28   -0.457027  0.00287289
        1918       -0.36   -0.456976  0.00287184
        1919        -0.2   -0.456842  0.00287346
        1920       -0.44   -0.456833  0.00287198
        1921       -0.44   -0.456825  0.00287049
        1922       -0.36   -0.456774  0.00286944
        1923        -0.6   -0.456849  0.00286892
        1924       -0.44    -0.45684  0.00286744
        1925        -0.6   -0.456914  0.00286691
        1926        -0.6   -0.456989  0.00286639
        1927       -0.36   -0.456938  0.00286534
        1928       -0.28   -0.456846  0.00286533
        1929       -0.28   -0.456755  0.00286531
        1930       -0.44   -0.456746  0.00286384
        1931       -0.44   -0.456737  0.00286237
        1932        -0.2   -0.456605  0.00286397
        1933       -0.52   -0.456637  0.00286267
        1934       -0.52    -0.45667  0.00286138
        1935       -0.28   -0.456579  0.00286136
        1936       -0.36   -0.456529  0.00286031
        1937       -0.52   -0.456562  0.00285903
        1938       -0.36   -0.456512  0.00285798
        1939        -0.6   -0.456586  0.00285747
        1940       -0.52   -0.456619  0.00285618
        1941       -0.52   -0.456651   0.0028549
        1942        -0.2   -0.456519  0.00285648
        1943       -0.44   -0.456511  0.00285503
        1944       -0.36   -0.456461  0.00285399
        1945       -0.44   -0.456452  0.00285254
        1946       -0.36   -0.456403   0.0028515
        1947       -0.44   -0.456394  0.00285005
        1948       -0.52   -0.456427  0.00284877
        1949       -0.52    -0.45646   0.0028475
        1950       -0.36    -0.45641  0.00284647
        1951       -0.52   -0.456443  0.00284519
        1952       -0.52   -0.456475  0.00284392
        1953       -0.44   -0.456467  0.00284248
        1954       -0.44   -0.456459  0.00284104
        1955       -0.52   -0.456491  0.00283977
        1956       -0.44   -0.456483  0.00283833
        1957       -0.36   -0.456433  0.00283731
        1958       -0.28   -0.456343  0.00283729
        1959       -0.52   -0.456376  0.00283603
        1960       -0.52   -0.456408  0.00283477
        1961       -0.36   -0.456359  0.00283375
        1962       -0.44   -0.456351  0.00283231
        1963       -0.44   -0.456342  0.00283088
        1964       -0.52   -0.456375  0.00282963
        1965       -0.28   -0.456285  0.00282961
        1966       -0.36   -0.456236   0.0028286
        1967        -0.6   -0.456309   0.0028281
        1968       -0.52   -0.456341  0.00282685
        1969       -0.44   -0.456333  0.00282543
        1970       -0.12   -0.456162  0.00282915
        1971       -0.44   -0.456154  0.00282772
        1972       -0.44   -0.456146   0.0028263
        1973       -0.52   -0.456178  0.00282505
        1974       -0.76   -0.456332  0.00282781
        1975       -0.52   -0.456365  0.00282656
        1976        -0.6   -0.456437  0.00282607
        1977        -0.6    -0.45651  0.00282557
        1978       -0.52   -0.456542  0.00282432
        1979       -0.68   -0.456655  0.00282515
        1980       -0.44   -0.456646  0.00282374
        1981       -0.52   -0.456678   0.0028225
        1982       -0.52    -0.45671  0.00282125
        1983        -0.6   -0.456783  0.00282075
        1984        -0.6   -0.456855  0.00282026
        1985        -0.6   -0.456927  0.00281976
        1986       -0.52   -0.456959  0.00281852
        1987       -0.44    -0.45695  0.00281711
        1988       -0.52   -0.456982  0.00281587
        1989       -0.52   -0.457014  0.00281463
        1990       -0.44   -0.457005  0.00281323
        1991       -0.44   -0.456996  0.00281183
        1992       -0.44   -0.456988  0.00281043
        1993       -0.52    -0.45702   0.0028092
        1994       -0.76   -0.457172   0.0028119
        1995       -0.68   -0.457283  0.00281271
        1996        -0.6   -0.457355  0.00281221
        1997        -0.6   -0.457426  0.00281171
        1998       -0.68   -0.457538   0.0028125
        1999        -0.6   -0.457609    0.002812
        2000       -0.68    -0.45772  0.00281279
        2001       -0.44   -0.457711   0.0028114
        2002       -0.36   -0.457662  0.00281042
        2003       -0.52   -0.457693  0.00280919
        2004       -0.44   -0.457685   0.0028078
        2005       -0.28   -0.457596   0.0028078
        2006       -0.28   -0.457507  0.00280779
        2007       -0.36   -0.457459  0.00280682
        2008       -0.52    -0.45749  0.00280559
        2009       -0.36   -0.457442  0.00280461
        2010       -0.36   -0.457393  0.00280364
        2011       -0.36   -0.457345  0.00280266
        2012       -0.36   -0.457296  0.00280169
        2013       -0.36   -0.457248  0.00280071
        2014       -0.52   -0.457279  0.00279949
        2015       -0.44    -0.45727  0.00279812
        2016        -0.2   -0.457143  0.00279964
        2017       -0.36   -0.457095  0.00279866
        2018       -0.52   -0.457126  0.00279745
        2019       -0.36   -0.457078  0.00279648
        2020       -0.44   -0.457069  0.00279511
        2021       -0.52     -0.4571   0.0027939
        2022       -0.52   -0.457132  0.00279269
        2023       -0.36   -0.457084  0.00279172
        2024       -0.44   -0.457075  0.00279036
        2025       -0.68   -0.457185  0.00279115
        2026       -0.68   -0.457295  0.00279194
        2027       -0.52   -0.457326  0.00279073
        2028       -0.36   -0.457278  0.00278977
        2029       -0.44    -0.45727  0.00278841
        2030       -0.52     -0.4573   0.0027872
        2031       -0.36   -0.457253  0.00278624
        2032       -0.44   -0.457244  0.00278488
        2033       -0.68   -0.457354  0.00278567
        2034        -0.6   -0.457424  0.00278518
        2035       -0.36   -0.457376  0.00278422
        2036       -0.44   -0.457367  0.00278287
        2037       -0.36    -0.45732  0.00278191
        2038       -0.36   -0.457272  0.00278096
        2039       -0.44   -0.457263  0.00277961
        2040       -0.52   -0.457294  0.00277842
        2041       -0.44   -0.457286  0.00277707
        2042       -0.52   -0.457316  0.00277588
        2043        -0.6   -0.457386   0.0027754
        2044       -0.44   -0.457378  0.00277405
        2045       -0.44   -0.457369  0.00277271
        2046       -0.28   -0.457283  0.00277271
        2047       -0.68   -0.457391  0.00277349
        2048        -0.6   -0.457461  0.00277301
        2049        -0.6   -0.457531  0.00277253
        2050       -0.36   -0.457483  0.00277158
        2051       -0.44   -0.457474  0.00277024
        2052       -0.52   -0.457505  0.00276906
        2053        -0.6   -0.457574  0.00276858
        2054       -0.36   -0.457527  0.00276764
        2055       -0.36   -0.457479   0.0027667
        2056       -0.28   -0.457393   0.0027667
        2057       -0.52   -0.457423  0.00276553
        2058        -0.2   -0.457298  0.00276701
        2059       -0.36   -0.457251  0.00276607
        2060        -0.6    -0.45732  0.00276559
        2061       -0.52   -0.457351  0.00276442
        2062       -0.44   -0.457342  0.00276309
        2063        -0.6   -0.457412  0.00276262
        2064       -0.44   -0.457403  0.00276129
        2065       -0.52   -0.457433  0.00276012
        2066        -0.6   -0.457502  0.00275965
        2067       -0.44   -0.457494  0.00275832
        2068       -0.28   -0.457408  0.00275833
        2069       -0.28   -0.457322  0.00275833
        2070       -0.28   -0.457237  0.00275832
        2071        -0.2   -0.457113  0.00275979
        2072       -0.36   -0.457066  0.00275885
        2073        -0.6   -0.457135  0.00275838
        2074       -0.52   -0.457165  0.00275722
        2075       -0.52   -0.457195  0.00275606
        2076       -0.28    -0.45711  0.00275605
        2077       -0.44   -0.457102  0.00275474
        2078       -0.52   -0.457132  0.00275358
        2079        -0.6   -0.457201  0.00275311
        2080       -0.44   -0.457192   0.0027518
        2081       -0.44   -0.457184  0.00275049
        2082       -0.28   -0.457099  0.00275048
        2083       -0.28   -0.457014  0.00275048
        2084       -0.36   -0.456967  0.00274955
        2085        -0.2   -0.456844  0.00275099
        2086       -0.36   -0.456798  0.00275007
        2087        -0.6   -0.456866   0.0027496
        2088       -0.52   -0.456897  0.00274845
        2089       -0.28   -0.456812  0.00274844
        2090       -0.36   -0.456766  0.00274752
        2091       -0.36   -0.456719  0.00274659
        2092       -0.28   -0.456635  0.00274658
        2093       -0.12   -0.456474  0.00274997
        2094       -0.36   -0.456428  0.00274904
        2095       -0.52   -0.456458   0.0027479
        2096       -0.28   -0.456374  0.00274788
        2097       -0.52   -0.456404  0.00274674
        2098       -0.36   -0.456358  0.00274581
        2099       -0.52   -0.456389  0.00274467
        2100        -0.6   -0.456457  0.00274421
        2101       -0.44   -0.456449  0.00274292
        2102       -0.28   -0.456365   0.0027429
        2103       -0.28   -0.456282  0.00274288
        2104        -0.6    -0.45635  0.00274242
        2105       -0.52    -0.45638  0.00274129
        2106        -0.6   -0.456448  0.00274083
        2107       -0.52   -0.456478   0.0027397
        2108        -0.6   -0.456546  0.00273924
        2109        -0.6   -0.456615  0.00273879
        2110       -0.36   -0.456569  0.00273787
        2111       -0.28   -0.456485  0.00273786
        2112       -0.44   -0.456477  0.00273657
        2113       -0.28   -0.456394  0.00273655
        2114       -0.68     -0.4565   0.0027373
        2115       -0.28   -0.456416  0.00273728
        2116       -0.36   -0.456371  0.00273636
        2117       -0.28   -0.456287  0.00273634
        2118       -0.28   -0.456204  0.00273631
        2119       -0.52   -0.456234  0.00273518
        2120       -0.36   -0.456189  0.00273427
        2121        -0.6   -0.456256  0.00273382
        2122       -0.44   -0.456249  0.00273254
        2123       -0.28   -0.456166  0.00273252
        2124        -0.2   -0.456045  0.00273389
        2125       -0.44   -0.456038  0.00273262
        2126       -0.28   -0.455955  0.00273259
        2127       -0.52   -0.455985  0.00273147
        2128        -0.6   -0.456053  0.00273102
        2129       -0.36   -0.456008  0.00273011
        2130       -0.36   -0.455962   0.0027292
        2131        -0.6    -0.45603  0.00272876
        2132       -0.52    -0.45606  0.00272764
        2133       -0.28   -0.455977  0.00272761
        2134       -0.36   -0.455933   0.0027267
        2135        -0.6      -0.456  0.00272626
        2136       -0.52    -0.45603  0.00272515
        2137       -0.44   -0.456022  0.00272389
        2138        -0.6    -0.45609  0.00272344
        2139       -0.68   -0.456194  0.00272418
        2140       -0.68   -0.456299  0.00272492
        2141       -0.68   -0.456404  0.00272565
        2142       -0.44   -0.456396  0.00272438
        2143       -0.28   -0.456314  0.00272436
        2144       -0.36   -0.456269  0.00272346
        2145       -0.36   -0.456224  0.00272256
        2146        -0.6   -0.456291  0.00272211
        2147       -0.52    -0.45632    0.002721
        2148       -0.44   -0.456313  0.00271975
        2149       -0.52   -0.456342  0.00271864
        2150       -0.36   -0.456298  0.00271775
        2151       -0.52   -0.456327  0.00271665
        2152       -0.36   -0.456283  0.00271575
        2153        -0.6   -0.456349  0.00271531
        2154       -0.52   -0.456379  0.00271421
        2155       -0.68   -0.456483  0.00271494
        2156       -0.44   -0.456475  0.00271369
        2157       -0.44   -0.456467  0.00271244
        2158       -0.44    -0.45646  0.00271119
        2159       -0.52   -0.456489   0.0027101
        2160       -0.44   -0.456481  0.00270885
        2161       -0.52   -0.456511  0.00270776
        2162        -0.6   -0.456577  0.00270732
        2163        -0.6   -0.456644  0.00270688
        2164        -0.2   -0.456525  0.00270823
        2165       -0.36    -0.45648  0.00270734
        2166        -0.6   -0.456547   0.0027069
        2167        -0.2   -0.456428  0.00270824
        2168       -0.44   -0.456421    0.002707
        2169       -0.52    -0.45645  0.00270591
        2170       -0.44   -0.456442  0.00270468
        2171       -0.28   -0.456361  0.00270465
        2172       -0.36   -0.456317  0.00270377
        2173       -0.52   -0.456346  0.00270269
        2174       -0.52   -0.456375   0.0027016
        2175       -0.52   -0.456405  0.00270052
        2176       -0.44   -0.456397  0.00269929
        2177       -0.36   -0.456353  0.00269841
        2178       -0.04   -0.456162  0.00270393
        2179       -0.28   -0.456081   0.0027039
        2180       -0.52    -0.45611  0.00270282
        2181       -0.36   -0.456066  0.00270194
        2182       -0.44   -0.456059  0.00270071
        2183       -0.52   -0.456088  0.00269963
        2184        -0.2   -0.455971  0.00270094
        2185       -0.28    -0.45589  0.00270091
        2186       -0.28    -0.45581  0.00270087
        2187       -0.04    -0.45562  0.00270632
        2188       -0.28   -0.455539  0.00270627
        2189       -0.28   -0.455459  0.00270622
        2190       -0.44   -0.455452    0.002705
        2191       -0.28   -0.455372  0.00270495
        2192       -0.52   -0.455401  0.00270387
        2193       -0.36   -0.455358  0.00270299
        2194        -0.6   -0.455424  0.00270256
        2195       -0.52   -0.455453  0.00270149
        2196       -0.52   -0.455483  0.00270042
        2197       -0.28   -0.455403  0.00270037
        2198       -0.28   -0.455323  0.00270032
        2199       -0.44   -0.455316   0.0026991
        2200       -0.36   -0.455273  0.00269823
        2201       -0.36   -0.455229  0.00269735
        2202       -0.52   -0.455259  0.00269628
        2203        -0.6   -0.455325  0.00269586
        2204       -0.44   -0.455318  0.00269464
        2205       -0.52   -0.455347  0.00269358
        2206       -0.36   -0.455304  0.00269271
        2207       -0.44   -0.455297   0.0026915
        2208       -0.36   -0.455254  0.00269062
        2209       -0.44   -0.455247  0.00268941
        2210       -0.28   -0.455167  0.00268937
        2211       -0.36   -0.455124  0.00268849
        2212        -0.2   -0.455009  0.00268975
        2213       -0.36   -0.454966  0.00268888
        2214       -0.28   -0.454887  0.00268883
        2215       -0.28   -0.454808  0.00268877
        2216       -0.52   -0.454838  0.00268772
        2217        -0.6   -0.454903   0.0026873
        2218        -0.6   -0.454968  0.00268689
        2219       -0.44   -0.454962  0.00268569
        2220       -0.52   -0.454991  0.00268464
        2221       -0.68   -0.455092  0.00268534
        2222       -0.44   -0.455086  0.00268414
        2223       -0.52   -0.455115  0.00268309
        2224       -0.68   -0.455216  0.00268379
        2225        -0.6   -0.455281  0.00268337
        2226       -0.36   -0.455238  0.00268251
        2227       -0.76   -0.455375  0.00268479
        2228       -0.52   -0.455404  0.00268374
        2229       -0.52   -0.455433  0.00268269
        2230       -0.36    -0.45539  0.00268183
        2231       -0.52   -0.455419  0.00268079
        2232        -0.6   -0.455484  0.00268037
        2233       -0.52   -0.455513  0.00267932
        2234       -0.36    -0.45547  0.00267847
        2235       -0.52   -0.455499  0.00267742
        2236       -0.52   -0.455528  0.00267638
        2237        -0.6   -0.455592  0.00267596
        2238       -0.36    -0.45555  0.00267511
        2239       -0.52   -0.455578  0.00267407
        2240        -0.2   -0.455464  0.00267531
        2241       -0.36   -0.455422  0.00267445
        2242       -0.36   -0.455379   0.0026736
        2243       -0.28   -0.455301  0.00267355
        2244       -0.28   -0.455223   0.0026735
        2245       -0.28   -0.455145  0.00267345
        2246       -0.44   -0.455138  0.00267227
        2247       -0.52   -0.455167  0.00267123
        2248       -0.28   -0.455089  0.00267118
        2249       -0.52   -0.455118  0.00267015
        2250       -0.36   -0.455076   0.0026693
        2251        -0.6    -0.45514  0.00266889
        2252       -0.44   -0.455133  0.00266771
        2253       -0.52   -0.455162  0.00266668
        2254       -0.44   -0.455155  0.00266551
        2255       -0.36   -0.455113  0.00266466
        2256       -0.44   -0.455106  0.00266349
        2257       -0.28   -0.455029  0.00266344
        2258       -0.36   -0.454987  0.00266259
        2259       -0.28   -0.454909  0.00266254
        2260       -0.36   -0.454867  0.00266169
        2261       -0.68   -0.454967  0.00266237
        2262       -0.44    -0.45496  0.00266121
        2263       -0.36   -0.454918  0.00266036
        2264       -0.52   -0.454947  0.00265934
        2265       -0.44    -0.45494  0.00265817
        2266        -0.2   -0.454828  0.00265938
        2267        -0.6   -0.454892  0.00265898
        2268        -0.6   -0.454956  0.00265858
        2269       -0.52   -0.454985  0.00265756
        2270       -0.68   -0.455084  0.00265824
        2271        -0.6   -0.455148  0.00265783
        2272       -0.52   -0.455176  0.00265682
        2273       -0.36   -0.455134  0.00265598
        2274       -0.44   -0.455128  0.00265482
        2275       -0.28   -0.455051  0.00265477
        2276       -0.44   -0.455044  0.00265361
        2277       -0.44   -0.455037  0.00265245
        2278       -0.36   -0.454996  0.00265161
        2279       -0.44   -0.454989  0.00265046
        2280       -0.44   -0.454982   0.0026493
        2281       -0.28   -0.454906  0.00264925
        2282       -0.52   -0.454934  0.00264825
        2283       -0.52   -0.454963  0.00264724
        2284       -0.44   -0.454956  0.00264609
        2285       -0.44    -0.45495  0.00264494
        2286       -0.52   -0.454978  0.00264393
        2287       -0.44   -0.454972  0.00264279
        2288       -0.36    -0.45493  0.00264196
        2289        -0.2   -0.454819  0.00264315
        2290       -0.68   -0.454917  0.00264382
        2291       -0.36   -0.454876  0.00264299
        2292       -0.36   -0.454834  0.00264217
        2293       -0.36   -0.454793  0.00264134
        2294       -0.52   -0.454821  0.00264034
        2295        -0.6   -0.454885  0.00263995
        2296        -0.6   -0.454948  0.00263955
        2297        -0.6   -0.455011  0.00263916
        2298        -0.6   -0.455074  0.00263876
        2299       -0.36   -0.455033  0.00263794
        2300        -0.6   -0.455096  0.00263755
        2301        -0.6   -0.455159  0.00263715
        2302       -0.52   -0.455187  0.00263616
        2303       -0.52   -0.455215  0.00263516
        2304       -0.52   -0.455243  0.00263417
        2305       -0.52   -0.455271  0.00263318
        2306       -0.44   -0.455265  0.00263204
        2307       -0.36   -0.455223  0.00263122
        2308       -0.52   -0.455251  0.00263023
        2309       -0.28   -0.455175  0.00263019
        2310       -0.44   -0.455169  0.00262906
        2311       -0.52   -0.455197  0.00262807
        2312       -0.44    -0.45519  0.00262694
        2313       -0.44   -0.455184  0.00262582
        2314       -0.36   -0.455143    0.002625
        2315       -0.44   -0.455136  0.00262388
        2316       -0.28    -0.45506  0.00262383
        2317       -0.36   -0.455019  0.00262302
        2318       -0.36   -0.454978  0.00262221
        2319       -0.36   -0.454937   0.0026214
        2320       -0.44   -0.454931  0.00262028
        2321        -0.6   -0.454994  0.00261989
        2322       -0.28   -0.454918  0.00261985
        2323       -0.52   -0.454946  0.00261887
        2324       -0.36   -0.454905  0.00261806
        2325       -0.52   -0.454933  0.00261709
        2326        -0.6   -0.454996  0.00261671
        2327        -0.6   -0.455058  0.00261632
        2328        -0.6    -0.45512  0.00261594
        2329       -0.36   -0.455079  0.00261514
        2330       -0.44   -0.455073  0.00261402
        2331       -0.44   -0.455066  0.00261291
        2332       -0.36   -0.455026   0.0026121
        2333        -0.6   -0.455088  0.00261172
        2334       -0.44   -0.455081  0.00261061
        2335       -0.44   -0.455075   0.0026095
        2336       -0.36   -0.455034   0.0026087
        2337       -0.52   -0.455062  0.00260774
        2338        -0.2   -0.454953   0.0026089
        2339       -0.36   -0.454912   0.0026081
        2340       -0.28   -0.454838  0.00260806
        2341       -0.36   -0.454797  0.00260726
        2342       -0.36   -0.454757  0.00260646
        2343       -0.36   -0.454716  0.00260566
        2344       -0.44    -0.45471  0.00260456
        2345       -0.52   -0.454738  0.00260359
        2346       -0.44   -0.454731  0.00260249
        2347        -0.2   -0.454623  0.00260365
        2348        -0.6   -0.454685  0.00260327
        2349        -0.6   -0.454747   0.0026029
        2350       -0.52   -0.454774  0.00260194
        2351       -0.36   -0.454734  0.00260115
        2352       -0.36   -0.454694  0.00260035
        2353       -0.44   -0.454688  0.00259925
        2354       -0.44   -0.454681  0.00259816
        2355       -0.52   -0.454709   0.0025972
        2356        -0.6   -0.454771  0.00259683
        2357       -0.44   -0.454765  0.00259574
        2358       -0.44   -0.454758  0.00259464
        2359       -0.36   -0.454718  0.00259386
        2360       -0.68   -0.454814  0.00259451
        2361       -0.68   -0.454909  0.00259517
        2362        -0.6    -0.45497  0.00259479
        2363       -0.52   -0.454998  0.00259384
        2364       -0.52   -0.455025  0.00259289
        2365       -0.52   -0.455053  0.00259194
        2366       -0.28   -0.454979   0.0025919
        2367       -0.36   -0.454939  0.00259112
        2368       -0.44   -0.454932  0.00259003
        2369       -0.44   -0.454926  0.00258894
        2370       -0.36   -0.454886  0.00258816
        2371       -0.36   -0.454846  0.00258738
        2372       -0.52   -0.454874  0.00258643
        2373        -0.6   -0.454935  0.00258607
        2374       -0.68   -0.455029  0.00258671
        2375        -0.6   -0.455091  0.00258634
        2376       -0.52   -0.455118   0.0025854
        2377        -0.6   -0.455179  0.00258503
        2378        -0.6    -0.45524  0.00258466
        2379        -0.6   -0.455301  0.00258429
        2380       -0.52   -0.455328  0.00258335
        2381       -0.44   -0.455321  0.00258227
        2382       -0.52   -0.455348  0.00258133
        2383       -0.68   -0.455443  0.00258197
        2384       -0.52    -0.45547  0.00258103
        2385        -0.6    -0.45553  0.00258066
        2386       -0.52   -0.455557  0.00257972
        2387       -0.44   -0.455551  0.00257864
        2388       -0.44   -0.455544  0.00257757
        2389       -0.28   -0.455471  0.00257754
        2390       -0.28   -0.455397  0.00257751
        2391       -0.44   -0.455391  0.00257644
        2392       -0.44   -0.455385  0.00257537
        2393       -0.52   -0.455412  0.00257443
        2394       -0.44   -0.455405  0.00257337
        2395       -0.36   -0.455365   0.0025726
        2396       -0.44   -0.455359  0.00257153
        2397       -0.28   -0.455286   0.0025715
        2398       -0.36   -0.455246  0.00257074
        2399       -0.36   -0.455206  0.00256997
        2400       -0.52   -0.455233  0.00256904
        2401       -0.44   -0.455227  0.00256798
        2402       -0.44   -0.455221  0.00256692
        2403       -0.52   -0.455248  0.00256599
        2404       -0.44   -0.455241  0.00256493
        2405       -0.28   -0.455168   0.0025649
        2406       -0.44   -0.455162  0.00256384
        2407       -0.44   -0.455156  0.00256279
        2408       -0.68   -0.455249  0.00256342
        2409       -0.44   -0.455243  0.00256236
        2410       -0.36   -0.455203  0.00256161
        2411       -0.68   -0.455297  0.00256224
        2412       -0.52   -0.455323  0.00256132
        2413       -0.28   -0.455251  0.00256129
        2414       -0.36   -0.455211  0.00256053
        2415       -0.76   -0.455337  0.00256258
        2416        -0.6   -0.455397  0.00256222
        2417       -0.68    -0.45549  0.00256284
        2418       -0.52   -0.455517  0.00256192
        2419       -0.44   -0.455511  0.00256087
        2420       -0.36   -0.455471  0.00256012
        2421       -0.52   -0.455498   0.0025592
        2422       -0.44   -0.455491  0.00255815
        2423       -0.44   -0.455485   0.0025571
        2424       -0.36   -0.455446  0.00255635
        2425       -0.44   -0.455439   0.0025553
        2426       -0.36     -0.4554  0.00255455
        2427       -0.36   -0.455361   0.0025538
        2428       -0.28   -0.455288  0.00255377
        2429       -0.44   -0.455282  0.00255273
        2430       -0.36   -0.455243  0.00255198
        2431       -0.28   -0.455171  0.00255195
        2432       -0.44   -0.455164   0.0025509
        2433       -0.52   -0.455191     0.00255
        2434       -0.44   -0.455185  0.00254896
        2435       -0.36   -0.455146  0.00254821
        2436        -0.6   -0.455205  0.00254786
        2437       -0.52   -0.455232  0.00254695
        2438       -0.52   -0.455258  0.00254604
        2439       -0.44   -0.455252  0.00254501
        2440       -0.52   -0.455279   0.0025441
        2441       -0.44   -0.455272  0.00254307
        2442        -0.6   -0.455332  0.00254272
        2443       -0.36   -0.455293  0.00254198
        2444       -0.52   -0.455319  0.00254107
        2445       -0.44   -0.455313  0.00254004
        2446       -0.36   -0.455274   0.0025393
        2447       -0.28   -0.455202  0.00253927
        2448       -0.36   -0.455163  0.00253853
        2449       -0.28   -0.455092  0.00253851
        2450       -0.52   -0.455118  0.00253761
        2451       -0.44   -0.455112  0.00253658
        2452       -0.36   -0.455073  0.00253584
        2453       -0.28   -0.455002  0.00253581
        2454       -0.44   -0.454996  0.00253479
        2455       -0.36   -0.454957  0.00253405
        2456       -0.44   -0.454951  0.00253302
        2457       -0.44   -0.454945    0.002532
        2458       -0.52   -0.454972  0.00253111
        2459       -0.52   -0.454998  0.00253022
        2460       -0.52   -0.455024  0.00252933
        2461       -0.52   -0.455051  0.00252844
        2462       -0.52   -0.455077  0.00252755
        2463       -0.28   -0.455006  0.00252752
        2464       -0.44      -0.455   0.0025265
        2465       -0.28   -0.454929  0.00252648
        2466       -0.28   -0.454858  0.00252645
        2467       -0.28   -0.454787  0.00252642
        2468       -0.36   -0.454749  0.00252568
        2469       -0.44   -0.454743  0.00252467
        2470       -0.52   -0.454769  0.00252378
        2471       -0.68    -0.45486  0.00252441
        2472       -0.52   -0.454887  0.00252353
        2473       -0.68   -0.454978  0.00252415
        2474       -0.68   -0.455069  0.00252476
        2475       -0.36    -0.45503  0.00252404
        2476       -0.36   -0.454992  0.00252331
        2477       -0.44   -0.454986   0.0025223
        2478        -0.6   -0.455044  0.00252196
        2479       -0.44   -0.455038  0.00252095
        2480       -0.52   -0.455065  0.00252007
        2481       -0.44   -0.455058  0.00251906
        2482       -0.28   -0.454988  0.00251903
        2483       -0.52   -0.455014  0.00251815
        2484       -0.28   -0.454944  0.00251812
        2485       -0.52    -0.45497  0.00251725
        2486       -0.52   -0.454996  0.00251637
        2487       -0.44    -0.45499  0.00251537
        2488       -0.52   -0.455016  0.00251449
        2489       -0.52   -0.455042  0.00251362
        2490       -0.36   -0.455004   0.0025129
        2491        -0.6   -0.455062  0.00251256
        2492       -0.52   -0.455088  0.00251169
        2493       -0.52   -0.455114  0.00251082
        2494       -0.68   -0.455204  0.00251143
        2495       -0.52    -0.45523  0.00251056
        2496       -0.28    -0.45516  0.00251053
        2497       -0.44   -0.455154  0.00250953
        2498       -0.44   -0.455148  0.00250854
        2499        -0.6   -0.455206   0.0025082
        2500       -0.36   -0.455168  0.00250749
        2501       -0.44   -0.455162  0.00250649
        2502       -0.52   -0.455188  0.00250562
        2503       -0.44   -0.455182  0.00250463
        2504       -0.36   -0.455144  0.00250392
        2505        -0.6   -0.455202  0.00250359
        2506       -0.52   -0.455227  0.00250272
        2507       -0.44   -0.455221  0.00250173
        2508        -0.2    -0.45512   0.0025028
        2509       -0.28    -0.45505  0.00250278
        2510       -0.52   -0.455076  0.00250191
        2511       -0.68   -0.455165  0.00250252
        2512        -0.6   -0.455223  0.00250219
        2513       -0.44   -0.455217   0.0025012
        2514        -0.6   -0.455274  0.00250087
        2515       -0.52     -0.4553  0.00250001
        2516       -0.52   -0.455326  0.00249914
        2517        -0.2   -0.455224  0.00250021
        2518        -0.2   -0.455123  0.00250127
        2519       -0.36   -0.455085  0.00250056
        2520       -0.44   -0.455079  0.00249958
        2521       -0.36   -0.455042  0.00249887
        2522       -0.44   -0.455036  0.00249789
        2523       -0.52   -0.455061  0.00249703
        2524       -0.36   -0.455024  0.00249632
        2525       -0.44   -0.455018  0.00249534
        2526       -0.36    -0.45498  0.00249464
        2527       -0.28   -0.454911  0.00249461
        2528       -0.52   -0.454937  0.00249376
        2529       -0.52   -0.454962   0.0024929
        2530       -0.52   -0.454988  0.00249205
        2531        -0.6   -0.455045  0.00249173
        2532       -0.68   -0.455134  0.00249232
        2533       -0.76   -0.455255  0.00249425
        2534       -0.44   -0.455249  0.00249327
        2535        -0.6   -0.455306  0.00249294
        2536       -0.68   -0.455394  0.00249353
        2537       -0.68   -0.455483  0.00249412
        2538       -0.68   -0.455571   0.0024947
        2539       -0.36   -0.455534    0.002494
        2540       -0.44   -0.455528  0.00249303
        2541       -0.44   -0.455521  0.00249206
        2542       -0.44   -0.455515  0.00249108
        2543       -0.44   -0.455509  0.00249011
        2544       -0.44   -0.455503  0.00248914
        2545       -0.44   -0.455497  0.00248817
        2546       -0.44   -0.455491   0.0024872
        2547       -0.52   -0.455516  0.00248635
        2548       -0.68   -0.455604  0.00248694
        2549       -0.44   -0.455598  0.00248597
        2550       -0.44   -0.455592    0.002485
        2551       -0.28   -0.455523  0.00248498
        2552       -0.28   -0.455455  0.00248496
        2553       -0.52    -0.45548  0.00248411
        2554       -0.36   -0.455442  0.00248342
        2555       -0.44   -0.455436  0.00248246
        2556       -0.44    -0.45543  0.00248149
        2557       -0.28   -0.455362  0.00248147
        2558       -0.52   -0.455387  0.00248063
        2559        -0.6   -0.455444   0.0024803
        2560       -0.52   -0.455469  0.00247946
        2561       -0.52   -0.455494  0.00247862
        2562       -0.52   -0.455519  0.00247778
        2563       -0.44   -0.455513  0.00247682
        2564       -0.36   -0.455476  0.00247614
        2565        -0.6   -0.455532  0.00247581
        2566       -0.52   -0.455557  0.00247498
        2567       -0.52   -0.455582  0.00247414
        2568       -0.52   -0.455607   0.0024733
        2569       -0.52   -0.455633  0.00247247
        2570       -0.52   -0.455658  0.00247163
        2571        -0.6   -0.455714  0.00247131
        2572       -0.68   -0.455801  0.00247189
        2573        -0.6   -0.455857  0.00247156
        2574       -0.52   -0.455882  0.00247073
        2575       -0.52   -0.455907  0.00246989
        2576       -0.52   -0.455932  0.00246906
        2577       -0.52   -0.455957  0.00246823
        2578        -0.6   -0.456012   0.0024679
        2579       -0.52   -0.456037  0.00246707
        2580       -0.52   -0.456062  0.00246624
        2581       -0.52   -0.456087  0.00246541
        2582       -0.44   -0.456081  0.00246446
        2583       -0.44   -0.456074  0.00246351
        2584       -0.36   -0.456037  0.00246284
        2585       -0.44   -0.456031  0.00246189
        2586        -0.6   -0.456087  0.00246157
        2587       -0.36   -0.456049   0.0024609
        2588       -0.52   -0.456074  0.00246007
        2589       -0.36   -0.456037   0.0024594
        2590       -0.44   -0.456031  0.00245846
        2591       -0.36   -0.455994  0.00245779
        2592       -0.28   -0.455926  0.00245778
        2593       -0.44    -0.45592  0.00245684
        2594        -0.2   -0.455821  0.00245787
        2595       -0.44   -0.455815  0.00245694
        2596       -0.52    -0.45584  0.00245611
        2597        -0.6   -0.455895  0.00245579
        2598        -0.6   -0.455951  0.00245548
        2599       -0.68   -0.456037  0.00245604
        2600       -0.36      -0.456  0.00245538
        2601        -0.6   -0.456055  0.00245506
        2602       -0.68   -0.456141  0.00245562
        2603       -0.52   -0.456166   0.0024548
        2604        -0.6   -0.456221  0.00245448
        2605        -0.6   -0.456276  0.00245416
        2606        -0.6   -0.456332  0.00245384
        2607       -0.44   -0.456325   0.0024529
        2608       -0.44   -0.456319  0.00245197
        2609       -0.52   -0.456343  0.00245115
        2610       -0.52   -0.456368  0.00245033
        2611        -0.6   -0.456423  0.00245001
        2612        -0.6   -0.456478  0.00244969
        2613        -0.6   -0.456533  0.00244937
        2614       -0.52   -0.456557  0.00244855
        2615        -0.6   -0.456612  0.00244823
        2616       -0.52   -0.456636  0.00244741
        2617       -0.36   -0.456599  0.00244676
        2618       -0.44   -0.456593  0.00244583
        2619       -0.36   -0.456556  0.00244518
        2620       -0.44    -0.45655  0.00244425
        2621        -0.6   -0.456604  0.00244393
        2622       -0.52   -0.456629  0.00244312
        2623       -0.52   -0.456653  0.00244231
        2624       -0.52   -0.456677  0.00244149
        2625        0.04   -0.456488  0.00244789
        2626       -0.52   -0.456512  0.00244707
        2627       -0.44   -0.456506  0.00244615
        2628        -0.6    -0.45656  0.00244583
        2629       -0.28   -0.456493  0.00244582
        2630       -0.36   -0.456456  0.00244516
        2631       -0.28   -0.456389  0.00244515
        2632       -0.28   -0.456322  0.00244514
        2633       -0.44   -0.456316  0.00244422
        2634       -0.36   -0.456279  0.00244357
        2635       -0.44   -0.456273  0.00244265
        2636       -0.68   -0.456358   0.0024432
        2637       -0.44   -0.456352  0.00244228
        2638       -0.44   -0.456346  0.00244136
        2639       -0.36   -0.456309  0.00244071
        2640       -0.44   -0.456303  0.00243979
        2641       -0.52   -0.456327  0.00243899
        2642       -0.52   -0.456351  0.00243818
        2643       -0.52   -0.456375  0.00243738
        2644       -0.44   -0.456369  0.00243647
        2645       -0.68   -0.456454  0.00243701
        2646       -0.52   -0.456478  0.00243621
        2647        -0.6   -0.456532  0.00243589
        2648       -0.68   -0.456616  0.00243643
        2649        -0.6    -0.45667  0.00243611
        2650       -0.68   -0.456755  0.00243665
        2651       -0.52   -0.456779  0.00243585
        2652       -0.44   -0.456772  0.00243494
        2653       -0.28   -0.456706  0.00243493
        2654       -0.36   -0.456669  0.00243429
        2655       -0.52   -0.456693  0.00243349
        2656       -0.44   -0.456687  0.00243258
        2657        -0.6   -0.456741  0.00243226
        2658       -0.68   -0.456825   0.0024328
        2659       -0.44   -0.456818  0.00243189
        2660       -0.44   -0.456812  0.00243098
        2661       -0.36   -0.456776  0.00243034
        2662       -0.44   -0.456769  0.00242944
        2663       -0.52   -0.456793  0.00242864
        2664       -0.52   -0.456817  0.00242785
        2665       -0.52   -0.456841  0.00242705
        2666       -0.44   -0.456834  0.00242615
        2667       -0.36   -0.456798  0.00242551
        2668        -0.6   -0.456852   0.0024252
        2669       -0.52   -0.456875   0.0024244
        2670        -0.6   -0.456929  0.00242409
        2671       -0.36   -0.456893  0.00242345
        2672        -0.6   -0.456946  0.00242314
        2673       -0.44    -0.45694  0.00242224
        2674       -0.44   -0.456933  0.00242134
        2675       -0.52   -0.456957  0.00242055
        2676       -0.28   -0.456891  0.00242055
        2677       -0.44   -0.456885  0.00241965
        2678       -0.36   -0.456848  0.00241902
        2679       -0.28   -0.456782  0.00241902
        2680       -0.36   -0.456746  0.00241838
        2681       -0.28    -0.45668  0.00241838
        2682       -0.52   -0.456704  0.00241759
        2683       -0.36   -0.456668  0.00241696
        2684       -0.44   -0.456662  0.00241607
        2685       -0.52   -0.456685  0.00241528
        2686        -0.6   -0.456739  0.00241497
        2687       -0.44   -0.456732  0.00241408
        2688       -0.52   -0.456756   0.0024133
        2689       -0.52   -0.456779  0.00241252
        2690       -0.44   -0.456773  0.00241163
        2691       -0.44   -0.456767  0.00241074
        2692       -0.44   -0.456761  0.00240985
        2693       -0.44   -0.456755  0.00240897
        2694        -0.6   -0.456808  0.00240866
        2695       -0.44   -0.456801  0.00240777
        2696       -0.52   -0.456825  0.00240699
        2697       -0.44   -0.456819  0.00240611
        2698       -0.36   -0.456783  0.00240548
        2699       -0.52   -0.456806  0.00240471
        2700        -0.6   -0.456859   0.0024044
        2701       -0.52   -0.456883  0.00240363
        2702       -0.52   -0.456906  0.00240285
        2703       -0.44     -0.4569  0.00240197
        2704       -0.52   -0.456923  0.00240119
        2705       -0.68   -0.457006  0.00240172
        2706       -0.52   -0.457029  0.00240095
        2707       -0.44   -0.457023  0.00240007
        2708       -0.52   -0.457046  0.00239929
        2709       -0.28    -0.45698   0.0023993
        2710       -0.44   -0.456974  0.00239842
        2711       -0.36   -0.456938   0.0023978
        2712       -0.36   -0.456903  0.00239719
        2713       -0.52   -0.456926  0.00239641
        2714       -0.52   -0.456949  0.00239564
        2715       -0.28   -0.456884  0.00239565
        2716       -0.44   -0.456878  0.00239477
        2717        -0.6    -0.45693  0.00239447
        2718       -0.68   -0.457013    0.002395
        2719       -0.68   -0.457095  0.00239552
        2720        -0.6   -0.457147  0.00239522
        2721       -0.68   -0.457229  0.00239574
        2722        -0.6   -0.457281  0.00239543
        2723        -0.6   -0.457334  0.00239512
        2724       -0.52   -0.457357  0.00239435
        2725       -0.52    -0.45738  0.00239359
        2726        -0.6   -0.457432  0.00239328
        2727       -0.52   -0.457455  0.00239251
        2728        -0.6   -0.457507  0.00239221
        2729        -0.6    -0.45756   0.0023919
        2730       -0.36   -0.457524  0.00239129
        2731       -0.36   -0.457488  0.00239068
        2732       -0.68    -0.45757  0.00239119
        2733       -0.52   -0.457592  0.00239043
        2734       -0.36   -0.457557  0.00238982
        2735       -0.44    -0.45755  0.00238895
        2736       -0.52   -0.457573  0.00238819
        2737       -0.52   -0.457596  0.00238743
        2738       -0.44   -0.457589  0.00238656
        2739       -0.52   -0.457612   0.0023858
        2740       -0.44   -0.457606  0.00238494
        2741       -0.52   -0.457629  0.00238418
        2742       -0.52   -0.457651  0.00238342
        2743       -0.36   -0.457616  0.00238281
        2744       -0.36    -0.45758  0.00238221
        2745       -0.52   -0.457603  0.00238145
        2746       -0.36   -0.457567  0.00238085
        2747       -0.52    -0.45759  0.00238009
        2748       -0.44   -0.457584  0.00237923
        2749       -0.44   -0.457577  0.00237838
        2750       -0.28   -0.457513  0.00237839
        2751       -0.44   -0.457506  0.00237753
        2752       -0.36   -0.457471  0.00237693
        2753       -0.36   -0.457436  0.00237633
        2754        -0.6   -0.457487  0.00237603
        2755        -0.6   -0.457539  0.00237573
        2756       -0.52   -0.457562  0.00237498
        2757       -0.36   -0.457526  0.00237438
        2758       -0.28   -0.457462  0.00237439
        2759       -0.52   -0.457485  0.00237364
        2760       -0.52   -0.457507  0.00237289
        2761       -0.52    -0.45753  0.00237214
        2762        -0.2   -0.457437  0.00237311
        2763       -0.28   -0.457372  0.00237312
        2764       -0.28   -0.457308  0.00237313
        2765       -0.36   -0.457273  0.00237253
        2766       -0.36   -0.457238  0.00237193
        2767        -0.2   -0.457145   0.0023729
        2768       -0.44   -0.457139  0.00237205
        2769       -0.68   -0.457219  0.00237256
        2770        -0.6   -0.457271  0.00237226
        2771        -0.6   -0.457322  0.00237196
        2772        -0.6   -0.457374  0.00237167
        2773       -0.44   -0.457367  0.00237082
        2774       -0.44   -0.457361  0.00236997
        2775       -0.36   -0.457326  0.00236938
        2776       -0.52   -0.457349  0.00236863
        2777        -0.6     -0.4574  0.00236834
        2778       -0.44   -0.457394  0.00236749
        2779       -0.52   -0.457416  0.00236675
        2780       -0.36   -0.457381  0.00236616
        2781       -0.52   -0.457404  0.00236541
        2782       -0.44   -0.457398  0.00236457
        2783       -0.68   -0.457478  0.00236507
        2784       -0.36   -0.457443  0.00236448
        2785        -0.6   -0.457494  0.00236419
        2786       -0.44   -0.457487  0.00236335
        2787       -0.44   -0.457481  0.00236251
        2788       -0.44   -0.457475  0.00236167
        2789       -0.68   -0.457555  0.00236217
        2790        -0.6   -0.457606  0.00236187
        2791       -0.68   -0.457685  0.00236237
        2792       -0.68   -0.457765  0.00236287
        2793       -0.52   -0.457787  0.00236213
        2794        -0.6   -0.457838  0.00236183
        2795       -0.76   -0.457946  0.00236346
        2796       -0.84   -0.458083  0.00236656
        2797       -0.76   -0.458191  0.00236817
        2798       -0.68    -0.45827  0.00236865
        2799       -0.44   -0.458264  0.00236782
        2800       -0.44   -0.458257  0.00236698
        2801       -0.36   -0.458222  0.00236639
        2802       -0.44   -0.458216  0.00236556
        2803       -0.44   -0.458209  0.00236472
        2804        -0.6    -0.45826  0.00236442
        2805       -0.44   -0.458253  0.00236359
        2806       -0.44   -0.458247  0.00236275
        2807       -0.44    -0.45824  0.00236192
        2808       -0.52   -0.458262  0.00236118
        2809       -0.44   -0.458256  0.00236035
        2810       -0.44   -0.458249  0.00235952
        2811       -0.36   -0.458214  0.00235894
        2812       -0.44   -0.458208  0.00235811
        2813       -0.28   -0.458144  0.00235812
        2814       -0.52   -0.458166  0.00235739
        2815        -0.6   -0.458217  0.00235709
        2816       -0.68   -0.458295  0.00235756
        2817        -0.6   -0.458346  0.00235726
        2818        -0.6   -0.458396  0.00235696
        2819       -0.36   -0.458361  0.00235639
        2820       -0.52   -0.458383  0.00235565
        2821       -0.44   -0.458376  0.00235483
        2822       -0.44    -0.45837    0.002354
        2823       -0.28   -0.458307  0.00235401
        2824        -0.6   -0.458357  0.00235372
        2825       -0.52   -0.458379  0.00235298
        2826        -0.6   -0.458429  0.00235268
        2827       -0.52   -0.458451  0.00235195
        2828       -0.44   -0.458444  0.00235113
        2829       -0.36   -0.458409  0.00235056
        2830       -0.36   -0.458375  0.00234998
        2831       -0.28   -0.458312     0.00235
        2832       -0.44   -0.458305  0.00234918
        2833       -0.36    -0.45827   0.0023486
        2834       -0.36   -0.458236  0.00234803
        2835        -0.6   -0.458286  0.00234774
        2836       -0.36   -0.458251  0.00234716
        2837       -0.52   -0.458273  0.00234644
        2838       -0.28    -0.45821  0.00234645
        2839       -0.36   -0.458175  0.00234588
        2840       -0.52   -0.458197  0.00234515
        2841        -0.6   -0.458247  0.00234486
        2842       -0.44   -0.458241  0.00234404
        2843       -0.44   -0.458234  0.00234323
        2844       -0.76    -0.45834  0.00234481
        2845       -0.52   -0.458362  0.00234408
        2846       -0.52   -0.458384  0.00234336
        2847        -0.6   -0.458433  0.00234306
        2848       -0.52   -0.458455  0.00234234
        2849       -0.44   -0.458449  0.00234153
        2850       -0.52    -0.45847   0.0023408
        2851       -0.52   -0.458492  0.00234008
        2852       -0.36   -0.458457  0.00233952
        2853       -0.68   -0.458535  0.00233999
        2854       -0.68   -0.458612  0.00234045
        2855        -0.6   -0.458662  0.00234016
        2856       -0.68   -0.458739  0.00234062
        2857       -0.44   -0.458733  0.00233981
        2858       -0.12   -0.458614  0.00234199
        2859       -0.44   -0.458608  0.00234118
        2860       -0.52   -0.458629  0.00234046
        2861       -0.36   -0.458595   0.0023399
        2862       -0.36    -0.45856  0.00233933
        2863       -0.36   -0.458526  0.00233877
        2864       -0.44    -0.45852  0.00233796
        2865       -0.44   -0.458513  0.00233715
        2866       -0.52   -0.458535  0.00233644
        2867        -0.2   -0.458444  0.00233736
        2868       -0.44   -0.458438  0.00233655
        2869       -0.52   -0.458459  0.00233584
        2870       -0.44   -0.458453  0.00233503
        2871       -0.44   -0.458447  0.00233423
        2872       -0.28   -0.458384  0.00233424
        2873       -0.52   -0.458406  0.00233353
        2874       -0.52   -0.458427  0.00233282
        2875       -0.36   -0.458393  0.00233226
        2876       -0.44   -0.458387  0.00233145
        2877       -0.44    -0.45838  0.00233065
        2878       -0.44   -0.458374  0.00232985
        2879       -0.36    -0.45834  0.00232929
        2880       -0.52   -0.458361  0.00232858
        2881       -0.52   -0.458383  0.00232787
        2882       -0.52   -0.458404  0.00232716
        2883       -0.44   -0.458398  0.00232636
        2884        -0.2   -0.458308  0.00232728
        2885       -0.36   -0.458274  0.00232672
        2886       -0.44   -0.458267  0.00232593
        2887       -0.44   -0.458261  0.00232513
        2888       -0.52   -0.458283  0.00232442
        2889        -0.6   -0.458332  0.00232414
        2890        -0.6   -0.458381  0.00232385
        2891        -0.6    -0.45843  0.00232356
        2892       -0.44   -0.458423  0.00232277
        2893       -0.52   -0.458445  0.00232206
        2894       -0.36   -0.458411  0.00232151
        2895       -0.36   -0.458377  0.00232095
        2896       -0.36   -0.458343   0.0023204
        2897       -0.36   -0.458309  0.00231985
        2898       -0.52    -0.45833  0.00231915
        2899       -0.44   -0.458324  0.00231836
        2900       -0.44   -0.458317  0.00231756
        2901       -0.36   -0.458283  0.00231701
        2902        -0.2   -0.458194  0.00231792
        2903       -0.44   -0.458188  0.00231713
        2904        -0.6   -0.458237  0.00231685
        2905       -0.28   -0.458176  0.00231686
        2906       -0.52   -0.458197  0.00231617
        2907       -0.44   -0.458191  0.00231538
        2908       -0.52   -0.458212  0.00231468
        2909        -0.6   -0.458261   0.0023144
        2910        -0.2   -0.458172   0.0023153
        2911       -0.44   -0.458166  0.00231451
        2912       -0.28   -0.458104  0.00231453
        2913       -0.28   -0.458043  0.00231454
        2914       -0.52   -0.458065  0.00231384
        2915        -0.6   -0.458113  0.00231356
        2916       -0.52   -0.458134  0.00231287
        2917       -0.52   -0.458156  0.00231217
        2918       -0.44   -0.458149  0.00231139
        2919       -0.28   -0.458088   0.0023114
        2920       -0.44   -0.458082  0.00231062
        2921        -0.6   -0.458131  0.00231034
        2922       -0.52   -0.458152  0.00230964
        2923        -0.6     -0.4582  0.00230936
        2924        -0.6   -0.458249  0.00230908
        2925       -0.68   -0.458325  0.00230954
        2926        -0.6   -0.458373  0.00230926
        2927        -0.6   -0.458422  0.00230897
        2928       -0.68   -0.458497  0.00230942
        2929       -0.68   -0.458573  0.00230987
        2930       -0.52   -0.458594  0.00230918
        2931       -0.36    -0.45856  0.00230864
        2932       -0.52   -0.458581  0.00230795
        2933        -0.6   -0.458629  0.00230766
        2934       -0.44   -0.458623  0.00230688
        2935       -0.44   -0.458617  0.00230611
        2936       -0.44    -0.45861  0.00230533
        2937       -0.36   -0.458577  0.00230479
        2938       -0.36   -0.458543  0.00230425
        2939       -0.52   -0.458564  0.00230356
        2940       -0.52   -0.458585  0.00230287
        2941       -0.44   -0.458579   0.0023021
        2942       -0.44   -0.458572  0.00230132
        2943       -0.44   -0.458566  0.00230055
        2944       -0.44    -0.45856  0.00229978
        2945       -0.28   -0.458499   0.0022998
        2946       -0.36   -0.458466  0.00229926
        2947       -0.36   -0.458432  0.00229872
        2948       -0.44   -0.458426  0.00229795
        2949       -0.44    -0.45842  0.00229718
        2950        -0.6   -0.458468   0.0022969
        2951       -0.52   -0.458489  0.00229622
        2952       -0.28   -0.458428  0.00229624
        2953       -0.28   -0.458368  0.00229625
        2954       -0.36   -0.458334  0.00229572
        2955       -0.36   -0.458301  0.00229518
        2956       -0.28   -0.458241   0.0022952
        2957        -0.6   -0.458289  0.00229492
        2958       -0.52    -0.45831  0.00229424
        2959       -0.36   -0.458276  0.00229371
        2960       -0.52   -0.458297  0.00229303
        2961       -0.44   -0.458291  0.00229226
        2962       -0.44   -0.458285  0.00229149
        2963       -0.44   -0.458279  0.00229073
        2964        -0.6   -0.458327  0.00229046
        2965       -0.44    -0.45832  0.00228969
        2966       -0.36   -0.458287  0.00228916
        2967       -0.44   -0.458281   0.0022884
        2968       -0.36   -0.458248  0.00228786
        2969       -0.44   -0.458242   0.0022871
        2970        -0.2   -0.458155  0.00228798
        2971       -0.36   -0.458122  0.00228745
        2972       -0.36   -0.458089  0.00228692
        2973       -0.44   -0.458083  0.00228616
        2974        -0.6    -0.45813  0.00228589
        2975       -0.36   -0.458097  0.00228536
        2976       -0.44   -0.458091   0.0022846
        2977       -0.36   -0.458058  0.00228407
        2978       -0.36   -0.458026  0.00228354
        2979       -0.36   -0.457993  0.00228301
        2980       -0.44   -0.457987  0.00228225
        2981        -0.6   -0.458034  0.00228198
        2982        -0.6   -0.458082  0.00228172
        2983        -0.6   -0.458129  0.00228145
        2984       -0.12   -0.458016  0.00228349
        2985       -0.36   -0.457983  0.00228296
        2986       -0.36    -0.45795  0.00228244
        2987        -0.2   -0.457864  0.00228331
        2988        -0.2   -0.457778  0.00228417
        2989       -0.52   -0.457799   0.0022835
        2990        -0.6   -0.457846  0.00228323
        2991       -0.52   -0.457867  0.00228256
        2992       -0.52   -0.457888   0.0022819
        2993       -0.44   -0.457882  0.00228114
        2994       -0.44   -0.457876  0.00228039
        2995        -0.6   -0.457923  0.00228012
        2996       -0.52   -0.457944  0.00227945
        2997       -0.52   -0.457965  0.00227879
        2998       -0.44   -0.457959  0.00227803
        2999       -0.44   -0.457953  0.00227728
        3000       -0.44   -0.457947  0.00227653
        3001       -0.52   -0.457967  0.00227587
        3002       -0.36   -0.457935  0.00227534
        3003       -0.36   -0.457902  0.00227482
        3004       -0.52   -0.457923  0.00227416
        3005        -0.6    -0.45797  0.00227389
        3006       -0.36   -0.457937  0.00227337
        3007       -0.52   -0.457958   0.0022727
        3008       -0.68   -0.458032  0.00227315
        3009        -0.6   -0.458079  0.00227288
        3010       -0.52     -0.4581  0.00227222
        3011       -0.68   -0.458173  0.00227266
        3012       -0.44   -0.458167  0.00227191
        3013       -0.36   -0.458135  0.00227139
        3014       -0.52   -0.458155  0.00227073
        3015       -0.44   -0.458149  0.00226999
        3016        -0.2   -0.458064  0.00227085
        3017       -0.68   -0.458137  0.00227129
        3018       -0.68   -0.458211  0.00227172
        3019       -0.36   -0.458178   0.0022712
        3020       -0.36   -0.458146  0.00227068
        3021       -0.68   -0.458219  0.00227112
        3022       -0.76   -0.458319  0.00227256
        3023       -0.52   -0.458339   0.0022719
        3024       -0.68   -0.458413  0.00227233
        3025        -0.6    -0.45846  0.00227206
        3026       -0.36   -0.458427  0.00227155
        3027       -0.12   -0.458315  0.00227354
        3028       -0.44   -0.458309   0.0022728
        3029       -0.44   -0.458303  0.00227206
        3030        -0.6    -0.45835  0.00227179
        3031       -0.52    -0.45837  0.00227113
        3032       -0.36   -0.458338  0.00227062
        3033        -0.2   -0.458253  0.00227146
        3034       -0.36    -0.45822  0.00227095
        3035        -0.6   -0.458267  0.00227068
        3036       -0.52   -0.458287  0.00227002
        3037       -0.44   -0.458281  0.00226928
        3038       -0.52   -0.458302  0.00226863
        3039       -0.28   -0.458243  0.00226864
        3040       -0.36   -0.458211  0.00226812
        3041       -0.28   -0.458152  0.00226813
        3042       -0.44   -0.458146   0.0022674
        3043       -0.44    -0.45814  0.00226666
        3044        -0.6   -0.458187  0.00226639
        3045       -0.52   -0.458207  0.00226574
        3046       -0.52   -0.458227  0.00226509
        3047       -0.44   -0.458221  0.00226435
        3048       -0.28   -0.458163  0.00226436
        3049       -0.44   -0.458157  0.00226363
        3050       -0.36   -0.458125  0.00226311
        3051       -0.52   -0.458145  0.00226246
        3052       -0.44   -0.458139  0.00226173
        3053       -0.36   -0.458107  0.00226122
        3054       -0.52   -0.458127  0.00226057
        3055       -0.76   -0.458226  0.00226199
        3056       -0.44    -0.45822  0.00226125
        3057       -0.36   -0.458188  0.00226074
        3058       -0.44   -0.458182  0.00226001
        3059       -0.52   -0.458202  0.00225936
        3060       -0.12   -0.458092  0.00226133
        3061       -0.52   -0.458112  0.00226068
        3062       -0.52   -0.458132  0.00226003
        3063        -0.2   -0.458048  0.00226086
        3064       -0.04   -0.457911  0.00226424
        3065       -0.44   -0.457905  0.00226351
        3066       -0.36   -0.457873  0.00226299
        3067       -0.36   -0.457842  0.00226248
        3068        -0.6   -0.457888  0.00226222
        3069       -0.52   -0.457908  0.00226157
        3070       -0.52   -0.457928  0.00226092
        3071       -0.28    -0.45787  0.00226093
        3072        -0.6   -0.457917  0.00226067
        3073        -0.6   -0.457963  0.00226041
        3074        -0.6   -0.458009  0.00226014
        3075       -0.76   -0.458107  0.00226154
        3076       -0.76   -0.458205  0.00226293
        3077       -0.52   -0.458226  0.00226229
        3078       -0.52   -0.458246  0.00226164
        3079       -0.44    -0.45824  0.00226091
        3080       -0.44   -0.458234  0.00226019
        3081       -0.44   -0.458228  0.00225946
        3082       -0.44   -0.458222  0.00225874
        3083       -0.44   -0.458216  0.00225801
        3084       -0.36   -0.458184   0.0022575
        3085        -0.6    -0.45823  0.00225724
        3086        -0.6   -0.458276  0.00225698
        3087        -0.6   -0.458322  0.00225671
        3088       -0.52   -0.458342  0.00225607
        3089       -0.36    -0.45831  0.00225556
        3090       -0.44   -0.458304  0.00225484
        3091       -0.28   -0.458247  0.00225485
        3092       -0.52   -0.458266  0.00225421
        3093       -0.52   -0.458286  0.00225357
        3094       -0.44   -0.458281  0.00225285
        3095       -0.36   -0.458249  0.00225234
        3096        -0.6   -0.458295  0.00225208
        3097       -0.52   -0.458314  0.00225144
        3098       -0.28   -0.458257  0.00225145
        3099       -0.52   -0.458277  0.00225081
        3100       -0.52   -0.458297  0.00225018
        3101       -0.44   -0.458291  0.00224946
        3102       -0.44   -0.458285  0.00224874
        3103        -0.6   -0.458331  0.00224848
        3104       -0.52   -0.458351  0.00224784
        3105        -0.6   -0.458396  0.00224758
        3106       -0.28   -0.458339  0.00224759
        3107       -0.36   -0.458307  0.00224709
        3108       -0.36   -0.458275  0.00224659
        3109       -0.36   -0.458244  0.00224609
        3110       -0.52   -0.458264  0.00224546
        3111       -0.44   -0.458258  0.00224474
        3112       -0.44   -0.458252  0.00224403
        3113       -0.44   -0.458246  0.00224331
        3114       -0.36   -0.458215  0.00224282
        3115       -0.28   -0.458157  0.00224283
        3116       -0.52   -0.458177  0.00224219
        3117       -0.52   -0.458197  0.00224156
        3118        -0.6   -0.458242   0.0022413
        3119       -0.68   -0.458314  0.00224171
        3120       -0.52   -0.458333  0.00224108
        3121        -0.6   -0.458379  0.00224082
        3122        -0.6   -0.458424  0.00224057
        3123       -0.36   -0.458393  0.00224007
        3124       -0.28   -0.458335  0.00224008
        3125       -0.44    -0.45833  0.00223937
        3126       -0.12   -0.458221  0.00224127
        3127       -0.28   -0.458164  0.00224128
        3128        -0.6    -0.45821  0.00224102
        3129       -0.36   -0.458178  0.00224052
        3130       -0.36   -0.458147  0.00224003
        3131       -0.28    -0.45809  0.00224003
        3132       -0.36   -0.458059  0.00223954
        3133       -0.28   -0.458002  0.00223954
        3134       -0.12   -0.457894  0.00224142
        3135       -0.52   -0.457914   0.0022408
        3136       -0.44   -0.457908  0.00224009
        3137       -0.52   -0.457928  0.00223946
        3138       -0.36   -0.457897  0.00223897
        3139       -0.52   -0.457917  0.00223834
        3140       -0.52   -0.457936  0.00223771
        3141       -0.52   -0.457956  0.00223709
        3142        -0.6   -0.458001  0.00223683
        3143       -0.68   -0.458072  0.00223724
        3144       -0.52   -0.458092  0.00223661
        3145       -0.28   -0.458035  0.00223662
        3146       -0.28   -0.457978  0.00223662
        3147       -0.36   -0.457947  0.00223613
        3148       -0.36   -0.457916  0.00223563
        3149       -0.52   -0.457936  0.00223501
        3150       -0.28   -0.457879  0.00223502
        3151       -0.28   -0.457823  0.00223502
        3152       -0.68   -0.457893  0.00223542
        3153       -0.44   -0.457888  0.00223472
        3154        -0.6   -0.457933  0.00223447
        3155       -0.36   -0.457902  0.00223397
        3156       -0.44   -0.457896  0.00223327
        3157       -0.68   -0.457966  0.00223367
        3158       -0.44   -0.457961  0.00223297
        3159       -0.52    -0.45798  0.00223235
        3160        -0.2   -0.457899  0.00223314
        3161       -0.52   -0.457918  0.00223252
        3162       -0.44   -0.457913  0.00223182
        3163        -0.6   -0.457958  0.00223157
        3164        -0.6   -0.458003  0.00223131
        3165       -0.36   -0.457972  0.00223082
        3166       -0.52   -0.457991   0.0022302
        3167        -0.2    -0.45791  0.00223099
        3168       -0.44   -0.457904  0.00223029
        3169       -0.52   -0.457924  0.00222967
        3170        -0.6   -0.457968  0.00222942
        3171       -0.12   -0.457862  0.00223126
        3172        -0.2   -0.457781  0.00223204
        3173       -0.44   -0.457775  0.00223134
        3174       -0.36   -0.457744  0.00223085
        3175        -0.6   -0.457789   0.0022306
        3176       -0.44   -0.457783   0.0022299
        3177       -0.44   -0.457778  0.00222921
        3178       -0.52   -0.457797  0.00222859
        3179        -0.2   -0.457716  0.00222937
        3180       -0.44   -0.457711  0.00222867
        3181       -0.52    -0.45773  0.00222806
        3182       -0.52    -0.45775  0.00222744
        3183       -0.52   -0.457769  0.00222683
        3184       -0.52   -0.457789  0.00222622
        3185       -0.44   -0.457783  0.00222552
        3186       -0.52   -0.457803  0.00222491
        3187        -0.6   -0.457848  0.00222466
        3188       -0.68   -0.457917  0.00222505
        3189       -0.36   -0.457886  0.00222457
        3190       -0.52   -0.457906  0.00222396
        3191       -0.52   -0.457925  0.00222334
        3192        -0.6    -0.45797  0.00222309
        3193       -0.68   -0.458039  0.00222348
        3194       -0.44   -0.458034   0.0022228
        3195       -0.44   -0.458028  0.00222211
        3196       -0.52   -0.458048   0.0022215
        3197       -0.28   -0.457992   0.0022215
        3198       -0.28   -0.457936   0.0022215
        3199       -0.52   -0.457956  0.00222089
        3200       -0.44    -0.45795  0.00222021
        3201       -0.44   -0.457944  0.00221952
        3202       -0.52   -0.457964  0.00221891
        3203       -0.44   -0.457958  0.00221822
        3204       -0.28   -0.457903  0.00221823
        3205       -0.36   -0.457872  0.00221775
        3206       -0.28   -0.457817  0.00221775
        3207       -0.52   -0.457836  0.00221714
        3208       -0.36   -0.457805  0.00221666
        3209       -0.28    -0.45775  0.00221666
        3210        -0.6   -0.457794  0.00221641
        3211       -0.44   -0.457789  0.00221573
        3212       -0.44   -0.457783  0.00221505
        3213       -0.36   -0.457753  0.00221457
        3214       -0.28   -0.457698  0.00221457
        3215       -0.52   -0.457717  0.00221396
        3216        -0.6   -0.457761  0.00221372
        3217       -0.52   -0.457781  0.00221311
        3218       -0.52     -0.4578  0.00221251
        3219       -0.36   -0.457769  0.00221203
        3220       -0.52   -0.457789  0.00221143
        3221       -0.52   -0.457808  0.00221083
        3222       -0.52   -0.457827  0.00221023
        3223       -0.68   -0.457896  0.00221061
        3224       -0.44   -0.457891  0.00220994
        3225       -0.44   -0.457885  0.00220926
        3226       -0.36   -0.457855  0.00220878
        3227       -0.52   -0.457874  0.00220818
        3228        -0.6   -0.457918  0.00220794
        3229        -0.6   -0.457962  0.00220769
        3230       -0.36   -0.457932  0.00220722
        3231       -0.52   -0.457951  0.00220662
        3232       -0.52    -0.45797  0.00220602
        3233        -0.2   -0.457891  0.00220678
        3234        -0.2   -0.457811  0.00220753
        3235       -0.44   -0.457805  0.00220686
        3236        -0.6   -0.457849  0.00220661
        3237       -0.52   -0.457868  0.00220602
        3238       -0.52   -0.457888  0.00220542
        3239       -0.44   -0.457882  0.00220474
        3240       -0.44   -0.457877  0.00220407
        3241       -0.52   -0.457896  0.00220347
        3242        -0.6    -0.45794  0.00220323
        3243       -0.68   -0.458008  0.00220361
        3244        -0.6   -0.458052  0.00220337
        3245        -0.2   -0.457972  0.00220413
        3246        -0.6   -0.458016  0.00220388
        3247       -0.68   -0.458084  0.00220426
        3248       -0.52   -0.458103  0.00220367
        3249       -0.52   -0.458122  0.00220307
        3250       -0.44   -0.458117   0.0022024
        3251       -0.76    -0.45821  0.00220368
        3252       -0.52   -0.458229  0.00220308
        3253       -0.36   -0.458199  0.00220261
        3254       -0.52   -0.458218  0.00220202
        3255       -0.44   -0.458212  0.00220135
        3256        -0.2   -0.458133   0.0022021
        3257       -0.36   -0.458103  0.00220163
        3258       -0.36   -0.458072  0.00220116
        3259       -0.36   -0.458042  0.00220069
        3260       -0.68    -0.45811  0.00220107
        3261       -0.36    -0.45808   0.0022006
        3262        -0.2   -0.458001  0.00220135
        3263       -0.36   -0.457971  0.00220088
        3264       -0.44   -0.457966  0.00220021
        3265       -0.52   -0.457985  0.00219962
        3266       -0.44   -0.457979  0.00219895
        3267       -0.52   -0.457998  0.00219836
        3268       -0.36   -0.457968  0.00219789
        3269       -0.36   -0.457938  0.00219742
        3270       -0.52   -0.457957  0.00219683
        3271       -0.44   -0.457952  0.00219617
        3272        -0.6   -0.457995  0.00219593
        3273       -0.44    -0.45799  0.00219526
        3274       -0.44   -0.457984   0.0021946
        3275       -0.52   -0.458003  0.00219401
        3276       -0.36   -0.457973  0.00219354
        3277       -0.44   -0.457968  0.00219288
        3278       -0.68   -0.458035  0.00219326
        3279       -0.68   -0.458103  0.00219363
        3280       -0.52   -0.458122  0.00219305
        3281       -0.44   -0.458116  0.00219239
        3282       -0.44   -0.458111  0.00219172
        3283       -0.36   -0.458081  0.00219126
        3284       -0.28   -0.458027  0.00219126
        3285        -0.2   -0.457948    0.002192
        3286       -0.36   -0.457918  0.00219154
        3287        -0.6   -0.457962   0.0021913
        3288       -0.44   -0.457956  0.00219064
        3289       -0.44   -0.457951  0.00218998
        3290       -0.36   -0.457921  0.00218952
        3291       -0.44   -0.457916  0.00218886
        3292       -0.44    -0.45791   0.0021882
        3293       -0.36    -0.45788  0.00218774
        3294       -0.36   -0.457851  0.00218728
        3295       -0.36   -0.457821  0.00218681
        3296       -0.36   -0.457791  0.00218635
        3297       -0.36   -0.457762  0.00218589
        3298       -0.52    -0.45778  0.00218531
        3299       -0.36   -0.457751  0.00218485
        3300        -0.6   -0.457794  0.00218461
        3301        -0.6   -0.457837  0.00218437
        3302        -0.6    -0.45788  0.00218414
        3303       -0.52   -0.457899  0.00218356
        3304       -0.36   -0.457869   0.0021831
        3305       -0.28   -0.457815   0.0021831
        3306       -0.52   -0.457834  0.00218252
        3307       -0.68   -0.457901  0.00218289
        3308        -0.6   -0.457944  0.00218266
        3309       -0.68   -0.458011  0.00218303
        3310       -0.52    -0.45803  0.00218245
        3311       -0.44   -0.458025   0.0021818
        3312       -0.68   -0.458092  0.00218217
        3313       -0.36   -0.458062  0.00218171
        3314       -0.52   -0.458081  0.00218113
        3315        -0.6   -0.458124  0.00218089
        3316        -0.6   -0.458166  0.00218065
        3317       -0.36   -0.458137   0.0021802
        3318       -0.28   -0.458083   0.0021802
        3319       -0.44   -0.458078  0.00217955
        3320       -0.28   -0.458024  0.00217955
        3321       -0.28    -0.45797  0.00217956
        3322       -0.44   -0.457965  0.00217891
        3323       -0.44    -0.45796  0.00217826
        3324       -0.52   -0.457978  0.00217768
        3325       -0.52   -0.457997  0.00217711
        3326        -0.6    -0.45804  0.00217687
        3327       -0.28   -0.457986  0.00217688
        3328       -0.44   -0.457981  0.00217623
        3329       -0.52   -0.457999  0.00217565
        3330       -0.52   -0.458018  0.00217508
        3331       -0.36   -0.457989  0.00217463
        3332       -0.44   -0.457983  0.00217398
        3333       -0.52   -0.458002  0.00217341
        3334       -0.44   -0.457996  0.00217276
        3335       -0.28   -0.457943  0.00217277
        3336       -0.52   -0.457962   0.0021722
        3337       -0.44   -0.457956  0.00217155
        3338        -0.6   -0.457999  0.00217132
        3339       -0.36   -0.457969  0.00217087
        3340       -0.36    -0.45794  0.00217041
        3341       -0.52   -0.457959  0.00216984
        3342       -0.52   -0.457977  0.00216927
        3343       -0.44   -0.457972  0.00216863
        3344       -0.68   -0.458038    0.002169
        3345       -0.76   -0.458129  0.00217023
        3346       -0.68   -0.458195  0.00217059
        3347       -0.68   -0.458261  0.00217096
        3348       -0.68   -0.458327  0.00217132
        3349       -0.44   -0.458322  0.00217068
        3350       -0.44   -0.458316  0.00217003
        3351       -0.44   -0.458311  0.00216939
        3352       -0.44   -0.458305  0.00216875
        3353       -0.52   -0.458324  0.00216818
        3354       -0.68    -0.45839  0.00216855
        3355       -0.52   -0.458408  0.00216798
        3356       -0.52   -0.458427  0.00216741
        3357       -0.36   -0.458397  0.00216696
        3358        -0.6    -0.45844  0.00216673
        3359        -0.6   -0.458482  0.00216649
        3360        -0.6   -0.458524  0.00216626
        3361       -0.28   -0.458471  0.00216626
        3362       -0.44   -0.458465  0.00216562
        3363       -0.28   -0.458412  0.00216563
        3364       -0.44   -0.458407  0.00216499
        3365       -0.52   -0.458425  0.00216443
        3366       -0.44   -0.458419  0.00216379
        3367       -0.44   -0.458414  0.00216316
        3368       -0.52   -0.458432  0.00216259
        3369       -0.28   -0.458379   0.0021626
        3370       -0.28   -0.458326   0.0021626
        3371       -0.36   -0.458297  0.00216216
        3372       -0.52   -0.458316  0.00216159
        3373        -0.6   -0.458358  0.00216136
        3374       -0.36   -0.458328  0.00216092
        3375       -0.36   -0.458299  0.00216047
        3376       -0.52   -0.458318  0.00215991
        3377       -0.52   -0.458336  0.00215935
        3378       -0.28   -0.458283  0.00215936
        3379       -0.36   -0.458254  0.00215891
        3380       -0.44   -0.458249  0.00215828
        3381       -0.12   -0.458148  0.00215996
        3382       -0.36   -0.458119  0.00215952
        3383       -0.44   -0.458114  0.00215888
        3384       -0.44   -0.458109  0.00215825
        3385        -0.6   -0.458151  0.00215802
        3386        -0.6   -0.458193  0.00215779
        3387       -0.52   -0.458211  0.00215723
        3388       -0.68   -0.458276  0.00215759
        3389       -0.44   -0.458271  0.00215696
        3390       -0.52   -0.458289   0.0021564
        3391       -0.44   -0.458284  0.00215577
        3392       -0.44   -0.458278  0.00215514
        3393       -0.52   -0.458296  0.00215458
        3394       -0.44   -0.458291  0.00215395
        3395       -0.52   -0.458309   0.0021534
        3396       -0.44   -0.458304  0.00215277
        3397       -0.52   -0.458322  0.00215221
        3398        -0.6   -0.458364  0.00215198
        3399       -0.44   -0.458358  0.00215136
        3400       -0.44   -0.458353  0.00215073
        3401       -0.44   -0.458348   0.0021501
        3402       -0.68   -0.458413  0.00215046
        3403       -0.52   -0.458431   0.0021499
        3404       -0.68   -0.458496  0.00215026
        3405       -0.52   -0.458514   0.0021497
        3406       -0.68   -0.458579  0.00215005
        3407       -0.52   -0.458597   0.0021495
        3408       -0.52   -0.458615  0.00214894
        3409        -0.6   -0.458656  0.00214871
        3410        -0.6   -0.458698  0.00214848
        3411        -0.6   -0.458739  0.00214825
        3412        -0.6   -0.458781  0.00214802
        3413       -0.76   -0.458869   0.0021492
        3414       -0.76   -0.458957  0.00215038
        3415        -0.6   -0.458999  0.00215015
        3416       -0.68   -0.459063  0.00215049
        3417       -0.44   -0.459058  0.00214987
        3418       -0.36   -0.459029  0.00214944
        3419        -0.6    -0.45907   0.0021492
        3420       -0.44   -0.459064  0.00214858
        3421       -0.52   -0.459082  0.00214803
        3422       -0.52     -0.4591  0.00214748
        3423        -0.6   -0.459141  0.00214724
        3424        -0.6   -0.459182  0.00214701
        3425       -0.68   -0.459247  0.00214735
        3426       -0.28   -0.459194  0.00214736
        3427       -0.44   -0.459189  0.00214674
        3428       -0.28   -0.459137  0.00214675
        3429       -0.44   -0.459131  0.00214613
        3430       -0.52   -0.459149  0.00214558
        3431       -0.28   -0.459096  0.00214559
        3432       -0.44   -0.459091  0.00214497
        3433       -0.44   -0.459085  0.00214436
        3434        -0.6   -0.459126  0.00214412
        3435       -0.44   -0.459121  0.00214351
        3436       -0.44   -0.459115  0.00214289
        3437       -0.52   -0.459133  0.00214234
        3438       -0.44   -0.459127  0.00214172
        3439       -0.52   -0.459145  0.00214117
        3440        -0.6   -0.459186  0.00214094
        3441       -0.36   -0.459157  0.00214051
        3442       -0.36   -0.459128  0.00214009
        3443       -0.44   -0.459123  0.00213947
        3444       -0.52   -0.459141  0.00213892
        3445       -0.52   -0.459158  0.00213838
        3446        -0.6   -0.459199  0.00213815
        3447       -0.52   -0.459217   0.0021376
        3448       -0.44   -0.459211  0.00213699
        3449       -0.36   -0.459182  0.00213656
        3450       -0.36   -0.459154  0.00213613
        3451       -0.36   -0.459125  0.00213571
        3452       -0.44   -0.459119   0.0021351
        3453       -0.52   -0.459137  0.00213455
        3454       -0.52   -0.459155  0.00213401
        3455       -0.44   -0.459149   0.0021334
        3456       -0.44   -0.459144  0.00213279
        3457       -0.36   -0.459115  0.00213236
        3458       -0.28   -0.459063  0.00213237
        3459       -0.28   -0.459011  0.00213239
        3460       -0.52   -0.459029  0.00213184
        3461       -0.36      -0.459  0.00213142
        3462       -0.36   -0.458972  0.00213099
        3463       -0.36   -0.458943  0.00213057
        3464       -0.36   -0.458915  0.00213015
        3465       -0.44   -0.458909  0.00212954
        3466       -0.36   -0.458881  0.00212912
        3467        -0.6   -0.458921  0.00212889
        3468       -0.52   -0.458939  0.00212835
        3469       -0.28   -0.458887  0.00212836
        3470       -0.36   -0.458859  0.00212794
        3471       -0.28   -0.458807  0.00212795
        3472       -0.44   -0.458802  0.00212734
        3473       -0.44   -0.458796  0.00212674
        3474        -0.6   -0.458837  0.00212651
        3475       -0.52   -0.458855  0.00212597
        3476       -0.44   -0.458849  0.00212537
        3477       -0.28   -0.458798  0.00212538
        3478       -0.36   -0.458769  0.00212496
        3479       -0.52   -0.458787  0.00212442
        3480        -0.6   -0.458828   0.0021242
        3481       -0.52   -0.458845  0.00212366
        3482       -0.68   -0.458909    0.002124
        3483       -0.68   -0.458972  0.00212434
        3484       -0.44   -0.458967  0.00212374
        3485        -0.6   -0.459007  0.00212351
        3486       -0.52   -0.459025  0.00212298
        3487       -0.68   -0.459088  0.00212331
        3488       -0.28   -0.459037  0.00212332
        3489       -0.52   -0.459054  0.00212279
        3490       -0.28   -0.459003   0.0021228
        3491       -0.28   -0.458952  0.00212281
        3492       -0.44   -0.458946  0.00212221
        3493        -0.6   -0.458987  0.00212199
        3494       -0.52   -0.459004  0.00212145
        3495        -0.6   -0.459044  0.00212123
        3496       -0.28   -0.458993  0.00212124
        3497       -0.44   -0.458988  0.00212064
        3498       -0.28   -0.458937  0.00212065
        3499       -0.36   -0.458908  0.00212023
        3500       -0.36    -0.45888  0.00211982
        3501       -0.52   -0.458897  0.00211928
        3502       -0.52   -0.458915  0.00211875
        3503       -0.28   -0.458864  0.00211876
        3504       -0.36   -0.458836  0.00211834
        3505       -0.36   -0.458807  0.00211793
        3506       -0.36   -0.458779  0.00211751
        3507       -0.44   -0.458774  0.00211691
        3508        -0.6   -0.458814  0.00211669
        3509       -0.44   -0.458809  0.00211609
        3510       -0.44   -0.458803   0.0021155
        3511       -0.44   -0.458798   0.0021149
        3512       -0.52   -0.458815  0.00211437
        3513       -0.76   -0.458901  0.00211551
        3514        -0.6   -0.458941  0.00211529
        3515        -0.6   -0.458982  0.00211507
        3516       -0.28   -0.458931  0.00211508
        3517       -0.44   -0.458925  0.00211448
        3518       -0.52   -0.458943  0.00211395
        3519       -0.52    -0.45896  0.00211342
        3520       -0.44   -0.458955  0.00211283
        3521       -0.52   -0.458972   0.0021123
        3522       -0.28   -0.458921  0.00211231
        3523       -0.36   -0.458893   0.0021119
        3524       -0.52    -0.45891  0.00211137
        3525       -0.52   -0.458928  0.00211084
        3526       -0.52   -0.458945  0.00211032
        3527       -0.52   -0.458962  0.00210979
        3528       -0.52    -0.45898  0.00210926
        3529       -0.52   -0.458997  0.00210873
        3530       -0.44   -0.458992  0.00210814
        3531       -0.36   -0.458963  0.00210773
        3532       -0.44   -0.458958  0.00210714
        3533       -0.52   -0.458975  0.00210662
        3534        -0.6   -0.459015   0.0021064
        3535        -0.6   -0.459055  0.00210618
        3536        -0.6   -0.459095  0.00210596
        3537       -0.44    -0.45909  0.00210537
        3538        -0.6   -0.459129  0.00210516
        3539       -0.52   -0.459147  0.00210463
        3540       -0.68   -0.459209  0.00210496
        3541       -0.68   -0.459271  0.00210529
        3542       -0.36   -0.459243  0.00210488
        3543        -0.6   -0.459283  0.00210466
        3544       -0.44   -0.459278  0.00210408
        3545       -0.52   -0.459295  0.00210355
        3546       -0.52   -0.459312  0.00210303
        3547        -0.6   -0.459352  0.00210281
        3548       -0.28   -0.459301  0.00210282
        3549       -0.44   -0.459296  0.00210224
        3550       -0.36   -0.459268  0.00210183
        3551       -0.52   -0.459285  0.00210131
        3552       -0.44   -0.459279  0.00210073
        3553        -0.6   -0.459319  0.00210051
        3554       -0.36   -0.459291   0.0021001
        3555       -0.68   -0.459353  0.00210043
        3556       -0.44   -0.459348  0.00209985
        3557       -0.36    -0.45932  0.00209944
        3558       -0.36   -0.459292  0.00209904
        3559       -0.52   -0.459309  0.00209852
        3560        -0.6   -0.459348   0.0020983
        3561       -0.28   -0.459298  0.00209831
        3562       -0.36    -0.45927  0.00209791
        3563       -0.44   -0.459265  0.00209733
        3564        -0.2   -0.459192    0.002098
        3565       -0.52   -0.459209  0.00209748
        3566       -0.44   -0.459204   0.0020969
        3567       -0.52   -0.459221  0.00209638
        3568       -0.36   -0.459193  0.00209598
        3569       -0.44   -0.459187   0.0020954
        3570       -0.28   -0.459137  0.00209541
        3571       -0.28   -0.459087  0.00209543
        3572       -0.28   -0.459037  0.00209544
        3573       -0.52   -0.459054  0.00209492
        3574       -0.52   -0.459071  0.00209441
        3575       -0.44   -0.459066  0.00209383
        3576       -0.44    -0.45906  0.00209325
        3577       -0.36   -0.459033  0.00209285
        3578       -0.36   -0.459005  0.00209244
        3579       -0.44      -0.459  0.00209187
        3580       -0.36   -0.458972  0.00209146
        3581       -0.52   -0.458989  0.00209095
        3582       -0.44   -0.458984  0.00209037
        3583       -0.36   -0.458956  0.00208997
        3584       -0.52   -0.458973  0.00208946
        3585        -0.6   -0.459013  0.00208925
        3586       -0.68   -0.459074  0.00208957
        3587        -0.6   -0.459113  0.00208936
        3588       -0.52    -0.45913  0.00208885
        3589       -0.44   -0.459125  0.00208827
        3590       -0.44    -0.45912   0.0020877
        3591       -0.52   -0.459137  0.00208718
        3592       -0.52   -0.459154  0.00208667
        3593       -0.28   -0.459104  0.00208669
        3594       -0.44   -0.459098  0.00208611
        3595       -0.28   -0.459049  0.00208613
        3596       -0.52   -0.459066  0.00208561
        3597       -0.68   -0.459127  0.00208594
        3598       -0.76   -0.459211  0.00208703
        3599       -0.68   -0.459272  0.00208736
        3600       -0.52   -0.459289  0.00208684
        3601       -0.52   -0.459306  0.00208633
        3602       -0.44     -0.4593  0.00208576
        3603       -0.28   -0.459251  0.00208578
        3604       -0.44   -0.459245   0.0020852
        3605       -0.36   -0.459218  0.00208481
        3606       -0.28   -0.459168  0.00208482
        3607       -0.28   -0.459118  0.00208483
        3608        -0.6   -0.459157  0.00208462
        3609       -0.52   -0.459174  0.00208411
        3610       -0.52   -0.459191   0.0020836
        3611       -0.36   -0.459164  0.00208321
        3612       -0.44   -0.459158  0.00208264
        3613       -0.52   -0.459175  0.00208213
        3614       -0.52   -0.459192  0.00208162
        3615       -0.28   -0.459142  0.00208164
        3616       -0.36   -0.459115  0.00208124
        3617       -0.36   -0.459088  0.00208085
        3618       -0.68   -0.459149  0.00208117
        3619       -0.68    -0.45921  0.00208149
        3620       -0.76   -0.459293  0.00208257
        3621       -0.44   -0.459287    0.002082
        3622       -0.44   -0.459282  0.00208143
        3623       -0.44   -0.459277  0.00208086
        3624        -0.6   -0.459316  0.00208065
        3625       -0.52   -0.459332  0.00208015
        3626       -0.44   -0.459327  0.00207958
        3627       -0.36     -0.4593  0.00207919
        3628       -0.44   -0.459294  0.00207862
        3629       -0.44   -0.459289  0.00207805
        3630       -0.44   -0.459284  0.00207749
        3631       -0.52     -0.4593  0.00207698
        3632       -0.68   -0.459361   0.0020773
        3633       -0.44   -0.459356  0.00207674
        3634       -0.44   -0.459351  0.00207617
        3635        -0.6   -0.459389  0.00207596
        3636        -0.6   -0.459428  0.00207575
        3637       -0.52   -0.459445  0.00207525
        3638        -0.2   -0.459373   0.0020759
        3639       -0.12    -0.45928  0.00207742
        3640       -0.36   -0.459253  0.00207703
        3641       -0.68   -0.459313  0.00207735
        3642       -0.44   -0.459308  0.00207678
        3643       -0.36   -0.459281  0.00207639
        3644        -0.6   -0.459319  0.00207618
        3645        -0.6   -0.459358  0.00207597
        3646       -0.52   -0.459375  0.00207547
        3647       -0.36   -0.459347  0.00207508
        3648       -0.52   -0.459364  0.00207457
        3649        -0.6   -0.459403  0.00207436
        3650       -0.44   -0.459397   0.0020738
        3651       -0.36    -0.45937  0.00207341
        3652       -0.52   -0.459387  0.00207291
        3653       -0.44   -0.459381  0.00207235
        3654       -0.44   -0.459376  0.00207179
        3655       -0.52   -0.459393  0.00207129
        3656       -0.52   -0.459409  0.00207079
        3657       -0.28    -0.45936   0.0020708
        3658        -0.6   -0.459399   0.0020706
        3659       -0.44   -0.459393  0.00207004
        3660       -0.44   -0.459388  0.00206948
        3661       -0.36   -0.459361  0.00206909
        3662       -0.36   -0.459334   0.0020687
        3663       -0.44   -0.459328  0.00206815
        3664       -0.52   -0.459345  0.00206765
        3665       -0.52   -0.459362  0.00206715
        3666        -0.6     -0.4594  0.00206694
        3667       -0.52   -0.459416  0.00206644
        3668       -0.12   -0.459324  0.00206795
        3669        -0.2   -0.459253  0.00206859
        3670       -0.36   -0.459226  0.00206821
        3671        -0.6   -0.459265    0.002068
        3672        -0.6   -0.459303  0.00206779
        3673       -0.52   -0.459319  0.00206729
        3674       -0.36   -0.459292  0.00206691
        3675       -0.44   -0.459287  0.00206635
        3676        -0.6   -0.459325  0.00206615
        3677       -0.44    -0.45932  0.00206559
        3678       -0.52   -0.459337  0.00206509
        3679       -0.28   -0.459288  0.00206511
        3680       -0.36   -0.459261  0.00206472
        3681        -0.6   -0.459299  0.00206452
        3682        -0.6   -0.459337  0.00206431
        3683       -0.68   -0.459397  0.00206462
        3684       -0.68   -0.459457  0.00206493
        3685       -0.52   -0.459474  0.00206443
        3686       -0.36   -0.459447  0.00206405
        3687       -0.36    -0.45942  0.00206366
        3688       -0.28   -0.459371  0.00206368
        3689       -0.52   -0.459387  0.00206318
        3690       -0.52   -0.459404  0.00206269
        3691       -0.68   -0.459464    0.002063
        3692       -0.68   -0.459523   0.0020633
        3693       -0.52    -0.45954  0.00206281
        3694       -0.44   -0.459534  0.00206226
        3695       -0.36   -0.459507  0.00206188
        3696       -0.44   -0.459502  0.00206132
        3697       -0.52   -0.459519  0.00206083
        3698       -0.52   -0.459535  0.00206034
        3699       -0.52   -0.459551  0.00205985
        3700       -0.44   -0.459546   0.0020593
        3701        -0.6   -0.459584  0.00205909
        3702       -0.44   -0.459579  0.00205854
        3703       -0.28    -0.45953  0.00205856
        3704       -0.04   -0.459417  0.00206111
        3705       -0.28   -0.459368  0.00206113
        3706       -0.28    -0.45932  0.00206114
        3707       -0.36   -0.459293  0.00206076
        3708       -0.52    -0.45931  0.00206027
        3709       -0.52   -0.459326  0.00205978
        3710       -0.44   -0.459321  0.00205923
        3711       -0.52   -0.459337  0.00205874
        3712       -0.52   -0.459353  0.00205825
        3713       -0.44   -0.459348   0.0020577
        3714       -0.52   -0.459365  0.00205721
        3715       -0.44   -0.459359  0.00205666
        3716       -0.36   -0.459333  0.00205628
        3717        -0.2   -0.459263  0.00205691
        3718       -0.36   -0.459236  0.00205653
        3719       -0.44   -0.459231  0.00205599
        3720       -0.52   -0.459247   0.0020555
        3721       -0.52   -0.459264  0.00205501
        3722       -0.52    -0.45928  0.00205452
        3723       -0.36   -0.459253  0.00205415
        3724       -0.44   -0.459248   0.0020536
        3725       -0.36   -0.459221  0.00205322
        3726       -0.52   -0.459238  0.00205274
        3727       -0.52   -0.459254  0.00205225
        3728       -0.44   -0.459249  0.00205171
        3729       -0.52   -0.459265  0.00205122
        3730       -0.52   -0.459282  0.00205073
        3731       -0.44   -0.459276  0.00205019
        3732       -0.28   -0.459228   0.0020502
        3733       -0.36   -0.459202  0.00204983
        3734       -0.52   -0.459218  0.00204934
        3735        -0.6   -0.459256  0.00204914
        3736       -0.52   -0.459272  0.00204866
        3737       -0.68   -0.459331  0.00204896
        3738       -0.36   -0.459304  0.00204858
        3739       -0.36   -0.459278  0.00204821
        3740       -0.28    -0.45923  0.00204822
        3741       -0.36   -0.459203  0.00204785
        3742        -0.6   -0.459241  0.00204764
        3743       -0.52   -0.459257  0.00204716
        3744       -0.44   -0.459252  0.00204662
        3745        -0.2   -0.459183  0.00204725
        3746        -0.6   -0.459221  0.00204704
        3747        -0.6   -0.459258  0.00204684
        3748       -0.44   -0.459253   0.0020463
        3749       -0.52   -0.459269  0.00204582
        3750       -0.44   -0.459264  0.00204528
        3751       -0.36   -0.459238  0.00204491
        3752       -0.12   -0.459147  0.00204636
        3753       -0.36   -0.459121  0.00204599
        3754        -0.6   -0.459158  0.00204579
        3755       -0.36   -0.459132  0.00204541
        3756       -0.36   -0.459105  0.00204504
        3757        -0.6   -0.459143  0.00204484
        3758       -0.52   -0.459159  0.00204436
        3759       -0.44   -0.459154  0.00204382
        3760        -0.6   -0.459191  0.00204362
        3761       -0.44   -0.459186  0.00204308
        3762       -0.36    -0.45916  0.00204271
        3763       -0.36   -0.459134  0.00204234
        3764       -0.28   -0.459086  0.00204235
        3765       -0.12   -0.458996  0.00204379
        3766       -0.36    -0.45897  0.00204342
        3767       -0.36   -0.458943  0.00204304
        3768       -0.44   -0.458938  0.00204251
        3769       -0.28   -0.458891  0.00204252
        3770       -0.44   -0.458886  0.00204198
        3771       -0.52   -0.458902   0.0020415
        3772       -0.44   -0.458897  0.00204097
        3773       -0.28    -0.45885  0.00204098
        3774       -0.52   -0.458866   0.0020405
        3775        -0.6   -0.458903   0.0020403
        3776        -0.6   -0.458941  0.00204011
        3777       -0.28   -0.458893  0.00204012
        3778       -0.28   -0.458846  0.00204012
        3779       -0.28   -0.458799  0.00204013
        3780       -0.44   -0.458794   0.0020396
        3781       -0.28   -0.458746  0.00203961
        3782       -0.52   -0.458763  0.00203913
        3783       -0.36   -0.458736  0.00203876
        3784       -0.52   -0.458753  0.00203829
        3785       -0.52   -0.458769  0.00203781
        3786        -0.6   -0.458806  0.00203762
        3787       -0.52   -0.458822  0.00203714
        3788       -0.68   -0.458881  0.00203744
        3789        -0.6   -0.458918  0.00203724
        3790       -0.44   -0.458913  0.00203671
        3791       -0.44   -0.458908  0.00203618
        3792       -0.52   -0.458924  0.00203571
        3793        -0.6   -0.458961  0.00203551
        3794       -0.52   -0.458977  0.00203504
        3795       -0.44   -0.458972  0.00203451
        3796        -0.6   -0.459009  0.00203431
        3797       -0.52   -0.459026  0.00203384
        3798        -0.6   -0.459063  0.00203364
        3799       -0.68   -0.459121  0.00203394
        3800       -0.44   -0.459116  0.00203341
        3801        -0.6   -0.459153  0.00203321
        3802       -0.52   -0.459169  0.00203274
        3803       -0.76   -0.459248  0.00203374
        3804        -0.6   -0.459285  0.00203355
        3805        -0.6   -0.459322  0.00203335
        3806       -0.44   -0.459317  0.00203282
        3807       -0.36   -0.459291  0.00203245
        3808       -0.36   -0.459265  0.00203209
        3809       -0.28   -0.459218   0.0020321
        3810       -0.52   -0.459234  0.00203163
        3811       -0.52    -0.45925  0.00203116
        3812       -0.44   -0.459244  0.00203063
        3813       -0.52    -0.45926  0.00203016
        3814        -0.6   -0.459297  0.00202996
        3815        -0.6   -0.459334  0.00202977
        3816       -0.36   -0.459308   0.0020294
        3817       -0.28   -0.459261  0.00202941
        3818       -0.52   -0.459277  0.00202894
        3819       -0.52   -0.459293  0.00202848
        3820       -0.68   -0.459351  0.00202877
        3821       -0.36   -0.459325   0.0020284
        3822       -0.44    -0.45932  0.00202788
        3823       -0.28   -0.459273  0.00202789
        3824       -0.36   -0.459247  0.00202753
        3825       -0.44   -0.459242    0.002027
        3826       -0.44   -0.459237  0.00202648
        3827       -0.44   -0.459232  0.00202596
        3828       -0.28   -0.459185  0.00202597
        3829       -0.44    -0.45918  0.00202544
        3830       -0.28   -0.459133  0.00202546
        3831       -0.52   -0.459149  0.00202499
        3832       -0.44   -0.459144  0.00202447
        3833       -0.44   -0.459139  0.00202394
        3834       -0.52   -0.459155  0.00202348
        3835       -0.52   -0.459171  0.00202301
        3836       -0.36   -0.459145  0.00202265
        3837       -0.44    -0.45914  0.00202213
        3838       -0.52   -0.459156  0.00202167
        3839       -0.68   -0.459213  0.00202196
        3840       -0.44   -0.459208  0.00202144
        3841       -0.36   -0.459183  0.00202108
        3842       -0.52   -0.459198  0.00202061
        3843       -0.44   -0.459193  0.00202009
        3844       -0.44   -0.459188  0.00201957
        3845        -0.2   -0.459121  0.00202017
        3846       -0.44   -0.459116  0.00201965
        3847       -0.44   -0.459111  0.00201913
        3848       -0.44   -0.459106  0.00201862
        3849       -0.36    -0.45908  0.00201826
        3850       -0.44   -0.459075  0.00201774
        3851       -0.36    -0.45905  0.00201738
        3852        -0.6   -0.459086  0.00201719
        3853        -0.2   -0.459019  0.00201778
        3854        -0.2   -0.458952  0.00201838
        3855       -0.44   -0.458947  0.00201786
        3856        -0.2    -0.45888  0.00201845
        3857       -0.28   -0.458833  0.00201846
        3858       -0.36   -0.458808   0.0020181
        3859       -0.28   -0.458761  0.00201811
        3860        -0.2   -0.458694   0.0020187
        3861       -0.28   -0.458648  0.00201871
        3862       -0.28   -0.458602  0.00201872
        3863       -0.36   -0.458576  0.00201836
        3864       -0.28    -0.45853  0.00201836
        3865       -0.36   -0.458505    0.002018
        3866       -0.36   -0.458479  0.00201764
        3867       -0.44   -0.458474  0.00201712
        3868        -0.6   -0.458511  0.00201693
        3869       -0.44   -0.458506  0.00201642
        3870       -0.36   -0.458481  0.00201606
        3871       -0.44   -0.458476  0.00201554
        3872       -0.44   -0.458471  0.00201503
        3873       -0.44   -0.458466  0.00201451
        3874       -0.68   -0.458523   0.0020148
        3875       -0.44   -0.458519  0.00201429
        3876       -0.44   -0.458514  0.00201378
        3877        -0.2   -0.458447  0.00201436
        3878        -0.2   -0.458381  0.00201494
        3879       -0.44   -0.458376  0.00201443
        3880       -0.52   -0.458392  0.00201397
        3881       -0.44   -0.458387  0.00201346
        3882       -0.68   -0.458444  0.00201375
        3883       -0.44   -0.458439  0.00201324
        3884       -0.44   -0.458435  0.00201272
        3885       -0.52    -0.45845  0.00201227
        3886       -0.44   -0.458446  0.00201176
        3887       -0.36    -0.45842   0.0020114
        3888       -0.68   -0.458477  0.00201169
        3889       -0.44   -0.458473  0.00201118
        3890       -0.44   -0.458468  0.00201067
        3891       -0.36   -0.458443  0.00201031
        3892       -0.52   -0.458458  0.00200985
        3893        -0.6   -0.458495  0.00200967
        3894       -0.52   -0.458511  0.00200921
        3895       -0.44   -0.458506   0.0020087
        3896       -0.52   -0.458522  0.00200825
        3897       -0.44   -0.458517  0.00200774
        3898       -0.44   -0.458512  0.00200723
        3899        -0.6   -0.458548  0.00200704
        3900       -0.68   -0.458605  0.00200733
        3901       -0.68   -0.458662  0.00200762
        3902       -0.44   -0.458657  0.00200711
        3903       -0.36   -0.458632  0.00200675
        3904       -0.36   -0.458607   0.0020064
        3905        -0.6   -0.458643  0.00200621
        3906        -0.6   -0.458679  0.00200602
        3907       -0.36   -0.458654  0.00200567
        3908       -0.68    -0.45871  0.00200596
        3909       -0.68   -0.458767  0.00200624
        3910        -0.6   -0.458803  0.00200605
        3911        -0.6   -0.458839  0.00200587
        3912        -0.6   -0.458875  0.00200568
        3913       -0.36    -0.45885  0.00200532
        3914       -0.52   -0.458866  0.00200487
        3915       -0.52   -0.458881  0.00200442
        3916       -0.36   -0.458856  0.00200407
        3917       -0.44   -0.458851  0.00200356
        3918       -0.52   -0.458867  0.00200311
        3919       -0.44   -0.458862  0.00200261
        3920       -0.44   -0.458857   0.0020021
        3921       -0.52   -0.458873  0.00200165
        3922        -0.6   -0.458909  0.00200147
        3923       -0.68   -0.458965  0.00200175
        3924        -0.6   -0.459001  0.00200156
        3925       -0.52   -0.459017  0.00200111
        3926        -0.6   -0.459052  0.00200092
        3927        -0.6   -0.459088  0.00200074
        3928        -0.6   -0.459124  0.00200055
        3929       -0.36   -0.459099   0.0020002
        3930       -0.44   -0.459094   0.0019997
        3931       -0.44   -0.459089  0.00199919
        3932       -0.44   -0.459084  0.00199869
        3933       -0.44    -0.45908  0.00199819
        3934        -0.6   -0.459115    0.001998
        3935       -0.28    -0.45907  0.00199801
        3936       -0.44   -0.459065  0.00199751
        3937       -0.36    -0.45904  0.00199716
        3938       -0.28   -0.458994  0.00199717
        3939       -0.28   -0.458949  0.00199718
        3940       -0.52   -0.458964  0.00199673
        3941        -0.6      -0.459  0.00199655
        3942       -0.44   -0.458995  0.00199605
        3943       -0.28    -0.45895  0.00199606
        3944       -0.44   -0.458945  0.00199556
        3945       -0.52   -0.458961  0.00199511
        3946       -0.44   -0.458956  0.00199461
        3947       -0.52   -0.458971  0.00199417
        3948       -0.44   -0.458967  0.00199367
        3949       -0.36   -0.458942  0.00199332
        3950        -0.2   -0.458876  0.00199389
        3951        -0.2    -0.45881  0.00199446
        3952       -0.28   -0.458765  0.00199447
        3953       -0.28    -0.45872  0.00199448
        3954       -0.68   -0.458776  0.00199476
        3955       -0.44   -0.458771  0.00199426
        3956       -0.28   -0.458726  0.00199427
        3957       -0.28   -0.458681  0.00199428
        3958       -0.44   -0.458676  0.00199378
        3959       -0.44   -0.458671  0.00199328
        3960       -0.52   -0.458687  0.00199284
        3961        -0.6   -0.458723  0.00199265
        3962       -0.52   -0.458738  0.00199221
        3963       -0.36   -0.458713  0.00199186
        3964        -0.6   -0.458749  0.00199168
        3965       -0.36   -0.458724  0.00199133
        3966       -0.52   -0.458739  0.00199089
        3967       -0.52   -0.458755  0.00199045
        3968       -0.28    -0.45871  0.00199046
        3969       -0.44   -0.458705  0.00198996
        3970       -0.52    -0.45872  0.00198952
        3971       -0.52   -0.458736  0.00198908
        3972       -0.52   -0.458751  0.00198864
        3973       -0.12   -0.458666  0.00198997
        3974        -0.6   -0.458702  0.00198978
        3975        -0.6   -0.458737   0.0019896
        3976       -0.68   -0.458793  0.00198988
        3977       -0.44   -0.458788  0.00198938
        3978       -0.52   -0.458803  0.00198894
        3979        -0.6   -0.458839  0.00198876
        3980       -0.44   -0.458834  0.00198826
        3981       -0.36   -0.458809  0.00198792
        3982       -0.28   -0.458764  0.00198793
        3983       -0.36    -0.45874  0.00198758
        3984        -0.6   -0.458775   0.0019874
        3985       -0.44    -0.45877  0.00198691
        3986       -0.36   -0.458746  0.00198656
        3987        -0.6   -0.458781  0.00198638
        3988       -0.52   -0.458796  0.00198594
        3989        -0.6   -0.458832  0.00198576
        3990       -0.52   -0.458847  0.00198532
        3991       -0.44   -0.458842  0.00198483
        3992       -0.44   -0.458838  0.00198434
        3993       -0.44   -0.458833  0.00198385
        3994       -0.36   -0.458808   0.0019835
        3995       -0.52   -0.458824  0.00198307
        3996       -0.52   -0.458839  0.00198263
        3997       -0.36   -0.458814  0.00198229
        3998       -0.44   -0.458809   0.0019818
        3999       -0.44   -0.458805  0.00198131
        4000        -0.2    -0.45874  0.00198187
        4001       -0.28   -0.458695  0.00198188
        4002       -0.36   -0.458671  0.00198153
        4003       -0.44   -0.458666  0.00198105
        4004       -0.44   -0.458661  0.00198056
        4005       -0.52   -0.458677  0.00198012
        4006        -0.6   -0.458712  0.00197994
        4007       -0.52   -0.458727  0.00197951
        4008        -0.6   -0.458762  0.00197933
        4009       -0.76   -0.458838  0.00198026
        4010       -0.52   -0.458853  0.00197982
        4011        -0.6   -0.458888  0.00197964
        4012        -0.6   -0.458923  0.00197946
        4013       -0.44   -0.458919  0.00197897
        4014       -0.28   -0.458874  0.00197898
        4015       -0.44   -0.458869  0.00197849
        4016       -0.68   -0.458924  0.00197877
        4017       -0.44    -0.45892  0.00197828
        4018       -0.68   -0.458975  0.00197855
        4019       -0.52    -0.45899  0.00197812
        4020       -0.36   -0.458965  0.00197778
        4021       -0.52    -0.45898  0.00197735
        4022       -0.52   -0.458996  0.00197691
        4023       -0.68    -0.45905  0.00197719
        4024        -0.6   -0.459085    0.001977
        4025       -0.68    -0.45914  0.00197727
        4026       -0.52   -0.459155  0.00197684
        4027       -0.28   -0.459111  0.00197685
        4028       -0.44   -0.459106  0.00197637
        4029       -0.36   -0.459082  0.00197603
        4030       -0.36   -0.459057  0.00197569
        4031       -0.36   -0.459032  0.00197535
        4032       -0.52   -0.459048  0.00197492
        4033       -0.44   -0.459043  0.00197444
        4034       -0.52   -0.459058  0.00197401
        4035       -0.44   -0.459053  0.00197352
        4036       -0.36   -0.459029  0.00197319
        4037       -0.52   -0.459044  0.00197276
        4038       -0.52   -0.459059  0.00197232
        4039       -0.52   -0.459074  0.00197189
        4040       -0.44   -0.459069  0.00197141
        4041       -0.36   -0.459045  0.00197108
        4042       -0.52    -0.45906  0.00197065
        4043       -0.68   -0.459115  0.00197092
        4044       -0.36    -0.45909  0.00197058
        4045       -0.52   -0.459105  0.00197015
        4046       -0.52    -0.45912  0.00196972
        4047       -0.44   -0.459115  0.00196924
        4048       -0.52    -0.45913  0.00196881
        4049       -0.44   -0.459126  0.00196833
        4050       -0.44   -0.459121  0.00196785
        4051       -0.52   -0.459136  0.00196742
        4052       -0.68   -0.459191  0.00196769
        4053       -0.76   -0.459265  0.00196861
        4054       -0.68   -0.459319  0.00196887
        4055       -0.68   -0.459374  0.00196914
        4056       -0.76   -0.459448  0.00197005
        4057       -0.76   -0.459522  0.00197096
        4058       -0.52   -0.459537  0.00197053
        4059       -0.52   -0.459552   0.0019701
        4060       -0.52   -0.459567  0.00196967
        4061       -0.52   -0.459581  0.00196924
        4062       -0.52   -0.459596  0.00196881
        4063       -0.52   -0.459611  0.00196838
        4064       -0.52   -0.459626  0.00196795
        4065       -0.44   -0.459621  0.00196748
        4066       -0.44   -0.459616    0.001967
        4067       -0.36   -0.459592  0.00196667
        4068        -0.2   -0.459528  0.00196722
        4069       -0.28   -0.459484  0.00196723
        4070       -0.44   -0.459479  0.00196675
        4071       -0.44   -0.459474  0.00196627
        4072        -0.6   -0.459509  0.00196609
        4073        -0.6   -0.459543  0.00196591
        4074       -0.52   -0.459558  0.00196549
        4075       -0.36   -0.459534  0.00196516
        4076       -0.04   -0.459431  0.00196737
        4077        -0.2   -0.459367  0.00196791
        4078       -0.36   -0.459343  0.00196758
        4079       -0.28   -0.459299  0.00196759
        4080       -0.36   -0.459275  0.00196726
        4081       -0.44    -0.45927  0.00196678
        4082        -0.6   -0.459304   0.0019666
        4083        -0.6   -0.459339  0.00196642
        4084       -0.36   -0.459314  0.00196609
        4085       -0.36    -0.45929  0.00196576
        4086       -0.36   -0.459266  0.00196543
        4087       -0.36   -0.459241   0.0019651
        4088       -0.44   -0.459237  0.00196463
        4089       -0.68   -0.459291  0.00196489
        4090       -0.52   -0.459306  0.00196446
        4091        -0.6    -0.45934  0.00196428
        4092        -0.6   -0.459374   0.0019641
        4093       -0.44    -0.45937  0.00196363
        4094       -0.36   -0.459345   0.0019633
        4095       -0.68   -0.459399  0.00196356
        4096       -0.44   -0.459395  0.00196309
        4097       -0.44    -0.45939  0.00196261
        4098        -0.6   -0.459424  0.00196243
        4099       -0.68   -0.459478  0.00196269
        4100        -0.6   -0.459512  0.00196251
        4101       -0.76   -0.459585   0.0019634
        4102       -0.68   -0.459639  0.00196366
        4103       -0.36   -0.459615  0.00196333
        4104       -0.68   -0.459669  0.00196359
        4105        -0.6   -0.459703  0.00196341
        4106       -0.52   -0.459717  0.00196298
        4107       -0.36   -0.459693  0.00196265
        4108        -0.6   -0.459727  0.00196247
        4109       -0.68   -0.459781  0.00196273
        4110        -0.6   -0.459815  0.00196255
        4111       -0.52    -0.45983  0.00196212
        4112       -0.44   -0.459825  0.00196165
        4113       -0.44    -0.45982  0.00196118
        4114       -0.36   -0.459796  0.00196086
        4115       -0.52    -0.45981  0.00196043
        4116       -0.52   -0.459825  0.00196001
        4117       -0.44    -0.45982  0.00195954
        4118       -0.44   -0.459815  0.00195907
        4119       -0.28   -0.459772  0.00195908
        4120        -0.2   -0.459709  0.00195962
        4121       -0.28   -0.459665  0.00195963
        4122       -0.36   -0.459641   0.0019593
        4123       -0.52   -0.459656  0.00195888
        4124       -0.44   -0.459651  0.00195841
        4125       -0.36   -0.459627  0.00195809
        4126        -0.6   -0.459661  0.00195791
        4127       -0.52   -0.459675  0.00195749
        4128       -0.44   -0.459671  0.00195702
        4129       -0.36   -0.459646   0.0019567
        4130       -0.52   -0.459661  0.00195628
        4131        -0.6   -0.459695   0.0019561
        4132        -0.2   -0.459632  0.00195663
        4133        -0.6   -0.459666  0.00195646
        4134       -0.52   -0.459681  0.00195604
        4135       -0.68   -0.459734  0.00195629
        4136       -0.44   -0.459729  0.00195582
        4137        -0.6   -0.459763  0.00195564
        4138       -0.52   -0.459778  0.00195523
        4139       -0.36   -0.459754   0.0019549
        4140       -0.52   -0.459768  0.00195448
        4141       -0.36   -0.459744  0.00195416
        4142        -0.6   -0.459778  0.00195398
        4143        -0.6   -0.459812   0.0019538
        4144       -0.52   -0.459826  0.00195339
        4145       -0.76   -0.459899  0.00195426
        4146        -0.6   -0.459932  0.00195408
        4147       -0.52   -0.459947  0.00195366
        4148       -0.52   -0.459961  0.00195324
        4149       -0.28   -0.459918  0.00195325
        4150       -0.36   -0.459894  0.00195293
        4151       -0.36    -0.45987  0.00195261
        4152       -0.44   -0.459865  0.00195214
        4153       -0.44    -0.45986  0.00195168
        4154       -0.52   -0.459875  0.00195126
        4155       -0.44    -0.45987   0.0019508
        4156       -0.28   -0.459827  0.00195081
        4157       -0.52   -0.459841   0.0019504
        4158       -0.44   -0.459836  0.00194993
        4159       -0.76   -0.459909   0.0019508
        4160        -0.6   -0.459942  0.00195062
        4161       -0.52   -0.459957   0.0019502
        4162        -0.6    -0.45999  0.00195003
        4163       -0.52   -0.460005  0.00194961
        4164       -0.44       -0.46  0.00194915
        4165        -0.2   -0.459938  0.00194968
        4166       -0.36   -0.459914  0.00194936
        4167       -0.36    -0.45989  0.00194904
        4168        -0.6   -0.459923  0.00194886
        4169        -0.6   -0.459957  0.00194868
        4170       -0.36   -0.459933  0.00194836
        4171       -0.44   -0.459928   0.0019479
        4172       -0.44   -0.459923  0.00194744
        4173       -0.52   -0.459938  0.00194703
        4174       -0.52   -0.459952  0.00194661
        4175       -0.36   -0.459928   0.0019463
        4176       -0.68   -0.459981  0.00194654
        4177        -0.6   -0.460014  0.00194637
        4178       -0.52   -0.460029  0.00194595
        4179       -0.52   -0.460043  0.00194554
        4180        -0.6   -0.460077  0.00194536
        4181       -0.36   -0.460053  0.00194504
        4182       -0.28    -0.46001  0.00194506
        4183       -0.52   -0.460024  0.00194464
        4184       -0.52   -0.460038  0.00194423
        4185        -0.6   -0.460072  0.00194405
        4186       -0.44   -0.460067   0.0019436
        4187       -0.36   -0.460043  0.00194328
        4188       -0.44   -0.460038  0.00194282
        4189       -0.52   -0.460053  0.00194241
        4190       -0.68   -0.460105  0.00194266
        4191       -0.84   -0.460196  0.00194431
        4192       -0.44   -0.460191  0.00194385
        4193       -0.68   -0.460243  0.00194409
        4194       -0.36   -0.460219  0.00194377
        4195       -0.52   -0.460234  0.00194336
        4196       -0.44   -0.460229  0.00194291
        4197       -0.52   -0.460243   0.0019425
        4198       -0.44   -0.460238  0.00194204
        4199       -0.28   -0.460195  0.00194205
        4200       -0.36   -0.460171  0.00194173
        4201       -0.44   -0.460167  0.00194128
        4202       -0.52   -0.460181  0.00194087
        4203       -0.52   -0.460195  0.00194046
        4204       -0.44    -0.46019     0.00194
        4205       -0.52   -0.460205  0.00193959
        4206       -0.28   -0.460162  0.00193961
        4207       -0.36   -0.460138  0.00193929
        4208        -0.2   -0.460076  0.00193982
        4209       -0.36   -0.460052   0.0019395
        4210        -0.2    -0.45999  0.00194002
        4211       -0.52   -0.460005  0.00193961
        4212        -0.6   -0.460038  0.00193944
        4213       -0.52   -0.460052  0.00193903
        4214       -0.44   -0.460047  0.00193858
        4215       -0.36   -0.460024  0.00193826
        4216       -0.52   -0.460038  0.00193785
        4217       -0.44   -0.460033   0.0019374
        4218       -0.28   -0.459991  0.00193741
        4219       -0.52   -0.460005    0.001937
        4220       -0.52   -0.460019   0.0019366
        4221       -0.36   -0.459995  0.00193628
        4222       -0.44   -0.459991  0.00193583
        4223        -0.6   -0.460024  0.00193566
        4224       -0.44   -0.460019   0.0019352
        4225       -0.28   -0.459976  0.00193521
        4226       -0.52   -0.459991  0.00193481
        4227       -0.68   -0.460043  0.00193505
        4228       -0.52   -0.460057  0.00193465
        4229       -0.44   -0.460052  0.00193419
        4230       -0.44   -0.460047  0.00193374
        4231       -0.36   -0.460024  0.00193343
        4232       -0.36       -0.46  0.00193312
        4233       -0.44   -0.459995  0.00193267
        4234       -0.52   -0.460009  0.00193226
        4235       -0.52   -0.460024  0.00193186
        4236        -0.6   -0.460057  0.00193168
        4237       -0.52   -0.460071  0.00193128
        4238       -0.44   -0.460066  0.00193083
        4239        -0.6   -0.460099  0.00193066
        4240       -0.44   -0.460094  0.00193021
        4241        -0.6   -0.460127  0.00193003
        4242       -0.52   -0.460141  0.00192963
        4243        -0.6   -0.460174  0.00192946
        4244       -0.44    -0.46017  0.00192901
        4245       -0.36   -0.460146   0.0019287
        4246       -0.44   -0.460141  0.00192825
        4247       -0.36   -0.460118  0.00192794
        4248       -0.28   -0.460075  0.00192795
        4249       -0.28   -0.460033  0.00192796
        4250       -0.36   -0.460009  0.00192765
        4251       -0.36   -0.459986  0.00192734
        4252       -0.52       -0.46  0.00192694
        4253        -0.2   -0.459939  0.00192746
        4254       -0.36   -0.459915  0.00192715
        4255       -0.44   -0.459911   0.0019267
        4256       -0.12   -0.459831   0.0019279
        4257       -0.52   -0.459845   0.0019275
        4258       -0.52   -0.459859   0.0019271
        4259       -0.36   -0.459836  0.00192679
        4260       -0.36   -0.459812  0.00192648
        4261       -0.28    -0.45977  0.00192649
        4262        -0.2   -0.459709    0.001927
        4263       -0.52   -0.459723   0.0019266
        4264        -0.6   -0.459756  0.00192643
        4265       -0.44   -0.459751  0.00192599
        4266       -0.36   -0.459728  0.00192568
        4267       -0.52   -0.459742  0.00192528
        4268       -0.44   -0.459738  0.00192483
        4269       -0.28   -0.459695  0.00192484
        4270       -0.44   -0.459691   0.0019244
        4271       -0.44   -0.459686  0.00192395
        4272        -0.6   -0.459719  0.00192378
        4273       -0.36   -0.459696  0.00192347
        4274       -0.36   -0.459672  0.00192316
        4275       -0.44   -0.459668  0.00192272
        4276       -0.36   -0.459645  0.00192241
        4277       -0.44    -0.45964  0.00192197
        4278       -0.36   -0.459617  0.00192166
        4279       -0.44   -0.459612  0.00192122
        4280       -0.52   -0.459626  0.00192082
        4281       -0.52    -0.45964  0.00192042
        4282       -0.36   -0.459617  0.00192011
        4283       -0.28   -0.459575  0.00192012
        4284       -0.44    -0.45957  0.00191968
        4285        -0.6   -0.459603  0.00191951
        4286       -0.28   -0.459561  0.00191952
        4287       -0.52   -0.459575  0.00191913
        4288        -0.6   -0.459608  0.00191896
        4289       -0.52   -0.459622  0.00191856
        4290       -0.52   -0.459636  0.00191817
        4291       -0.44   -0.459632  0.00191773
        4292       -0.52   -0.459646  0.00191733
        4293       -0.52    -0.45966  0.00191694
        4294       -0.68   -0.459711  0.00191718
        4295       -0.44   -0.459707  0.00191674
        4296       -0.44   -0.459702  0.00191629
        4297       -0.28    -0.45966   0.0019163
        4298       -0.28   -0.459618  0.00191631
        4299       -0.52   -0.459632  0.00191592
        4300       -0.36   -0.459609  0.00191561
        4301       -0.52   -0.459623  0.00191522
        4302        -0.6   -0.459656  0.00191505
        4303       -0.52    -0.45967  0.00191466
        4304       -0.44   -0.459665  0.00191422
        4305       -0.36   -0.459642  0.00191392
        4306       -0.44   -0.459638  0.00191348
        4307       -0.44   -0.459633  0.00191304
        4308       -0.36    -0.45961  0.00191273
        4309       -0.36   -0.459587  0.00191243
        4310       -0.44   -0.459582  0.00191199
        4311       -0.44   -0.459578  0.00191155
        4312       -0.44   -0.459573  0.00191112
        4313       -0.36    -0.45955  0.00191081
        4314       -0.28   -0.459509  0.00191082
        4315       -0.44   -0.459504  0.00191038
        4316        -0.6   -0.459537  0.00191022
        4317       -0.52   -0.459551  0.00190983
        4318       -0.28   -0.459509  0.00190984
        4319       -0.36   -0.459486  0.00190954
        4320       -0.44   -0.459481   0.0019091
        4321       -0.52   -0.459495  0.00190871
        4322       -0.52   -0.459509  0.00190832
        4323       -0.44   -0.459505  0.00190788
        4324       -0.36   -0.459482  0.00190758
        4325       -0.52   -0.459496  0.00190719
        4326       -0.44   -0.459491  0.00190675
        4327       -0.36   -0.459468  0.00190645
        4328       -0.52   -0.459482  0.00190606
        4329       -0.28   -0.459441  0.00190607
        4330       -0.36   -0.459418  0.00190577
        4331        -0.6    -0.45945  0.00190561
        4332       -0.52   -0.459464  0.00190522
        4333       -0.52   -0.459478  0.00190483
        4334        -0.6   -0.459511  0.00190467
        4335        -0.2   -0.459451  0.00190517
        4336       -0.52   -0.459465  0.00190478
        4337       -0.84   -0.459553  0.00190636
        4338        -0.6   -0.459585   0.0019062
        4339       -0.52   -0.459599  0.00190581
        4340        -0.6   -0.459631  0.00190564
        4341       -0.36   -0.459608  0.00190534
        4342       -0.52   -0.459622  0.00190495
        4343       -0.44   -0.459618  0.00190452
        4344       -0.52   -0.459632  0.00190413
        4345       -0.52   -0.459646  0.00190375
        4346       -0.52   -0.459659  0.00190336
        4347       -0.36   -0.459637  0.00190306
        4348       -0.28   -0.459595  0.00190307
        4349       -0.28   -0.459554  0.00190308
        4350        -0.2   -0.459494  0.00190358
        4351       -0.52   -0.459508  0.00190319
        4352        -0.6    -0.45954  0.00190303
        4353       -0.44   -0.459536   0.0019026
        4354       -0.44   -0.459531  0.00190216
        4355        -0.6   -0.459564    0.001902
        4356        -0.6   -0.459596  0.00190184
        4357        -0.6   -0.459628  0.00190167
        4358        -0.6    -0.45966  0.00190151
        4359        -0.6   -0.459693  0.00190135
        4360        -0.6   -0.459725  0.00190118
        4361       -0.44    -0.45972  0.00190075
        4362       -0.68   -0.459771  0.00190099
        4363       -0.68   -0.459821  0.00190122
        4364       -0.44   -0.459817  0.00190079
        4365       -0.36   -0.459794  0.00190049
        4366       -0.44   -0.459789  0.00190006
        4367       -0.28   -0.459748  0.00190007
        4368       -0.36   -0.459725  0.00189978
        4369       -0.52   -0.459739  0.00189939
        4370       -0.44   -0.459735  0.00189896
        4371       -0.44    -0.45973  0.00189853
        4372        -0.6   -0.459762  0.00189837
        4373       -0.44   -0.459758  0.00189794
        4374       -0.52   -0.459771  0.00189756
        4375        -0.6   -0.459803  0.00189739
        4376       -0.68   -0.459854  0.00189763
        4377       -0.68   -0.459904  0.00189786
        4378        -0.6   -0.459936   0.0018977
        4379       -0.28   -0.459895  0.00189771
        4380       -0.28   -0.459854  0.00189772
        4381        -0.6   -0.459886  0.00189756
        4382        -0.2   -0.459827  0.00189805
        4383       -0.52    -0.45984  0.00189767
        4384       -0.52   -0.459854  0.00189728
        4385       -0.36   -0.459831  0.00189699
        4386        -0.6   -0.459863  0.00189682
        4387       -0.36    -0.45984  0.00189653
        4388       -0.44   -0.459836   0.0018961
        4389       -0.44   -0.459831  0.00189567
        4390       -0.52   -0.459845  0.00189529
        4391        -0.6   -0.459877  0.00189513
        4392       -0.76   -0.459945  0.00189593
        4393       -0.68   -0.459995  0.00189616
        4394       -0.68   -0.460046  0.00189639
        4395       -0.76   -0.460114  0.00189718
        4396        -0.6   -0.460146  0.00189702
        4397       -0.52   -0.460159  0.00189664
        4398       -0.36   -0.460136  0.00189634
        4399        -0.6   -0.460168  0.00189618
        4400       -0.36   -0.460145  0.00189588
        4401       -0.52   -0.460159   0.0018955
        4402       -0.36   -0.460136  0.00189521
        4403       -0.52    -0.46015  0.00189483
        4404        -0.6   -0.460182  0.00189466
        4405        -0.6   -0.460213   0.0018945
        4406       -0.28   -0.460172  0.00189451
        4407       -0.36    -0.46015  0.00189422
        4408       -0.36   -0.460127  0.00189392
        4409        -0.6   -0.460159  0.00189376
        4410       -0.44   -0.460154  0.00189333
        4411       -0.36   -0.460131  0.00189304
        4412       -0.52   -0.460145  0.00189266
        4413       -0.44    -0.46014  0.00189224
        4414       -0.28     -0.4601  0.00189225
        4415       -0.44   -0.460095  0.00189183
        4416       -0.36   -0.460072  0.00189153
        4417        -0.6   -0.460104  0.00189137
        4418        -0.6   -0.460136  0.00189121
        4419        -0.2   -0.460077   0.0018917
        4420        -0.2   -0.460018  0.00189218
        4421       -0.44   -0.460014  0.00189176
        4422        -0.6   -0.460045   0.0018916
        4423       -0.36   -0.460023   0.0018913
        4424       -0.44   -0.460018  0.00189088
        4425       -0.52   -0.460032   0.0018905
        4426       -0.44   -0.460027  0.00189008
        4427       -0.36   -0.460005  0.00188979
        4428       -0.52   -0.460018  0.00188941
        4429       -0.36   -0.459995  0.00188912
        4430       -0.44   -0.459991   0.0018887
        4431        -0.6   -0.460023  0.00188854
        4432        -0.6   -0.460054  0.00188837
        4433       -0.44    -0.46005  0.00188795
        4434       -0.36   -0.460027  0.00188766
        4435       -0.44   -0.460023  0.00188724
        4436       -0.44   -0.460018  0.00188682
        4437       -0.44   -0.460014   0.0018864
        4438       -0.36   -0.459991  0.00188611
        4439       -0.36   -0.459968  0.00188582
        4440       -0.52   -0.459982  0.00188545
        4441       -0.44   -0.459977  0.00188503
        4442       -0.44   -0.459973  0.00188461
        4443       -0.44   -0.459968  0.00188419
        4444        -0.6       -0.46  0.00188403
        4445       -0.52   -0.460013  0.00188365
        4446       -0.52   -0.460027  0.00188328
        4447       -0.52    -0.46004   0.0018829
        4448       -0.68    -0.46009  0.00188313
        4449        -0.6   -0.460121  0.00188297
        4450       -0.68   -0.460171  0.00188319
        4451       -0.68    -0.46022  0.00188342
        4452        -0.6   -0.460252  0.00188326
        4453       -0.52   -0.460265  0.00188288
        4454       -0.36   -0.460242  0.00188259
        4455       -0.44   -0.460238  0.00188218
        4456       -0.36   -0.460215  0.00188189
        4457       -0.52   -0.460229  0.00188151
        4458       -0.52   -0.460242  0.00188114
        4459       -0.28   -0.460202  0.00188115
        4460       -0.28   -0.460161  0.00188116
        4461       -0.52   -0.460175  0.00188079
        4462        -0.6   -0.460206  0.00188063
        4463        -0.6   -0.460238  0.00188047
        4464        -0.6   -0.460269  0.00188031
        4465       -0.44   -0.460264  0.00187989
        4466       -0.52   -0.460278  0.00187952
        4467       -0.44   -0.460273   0.0018791
        4468       -0.44   -0.460269  0.00187869
        4469       -0.44   -0.460264  0.00187827
        4470       -0.52   -0.460277   0.0018779
        4471       -0.36   -0.460255  0.00187761
        4472        -0.6   -0.460286  0.00187745
        4473       -0.36   -0.460264  0.00187717
        4474       -0.52   -0.460277   0.0018768
        4475       -0.44   -0.460273  0.00187638
        4476        -0.6   -0.460304  0.00187622
        4477       -0.68   -0.460353  0.00187645
        4478        -0.6   -0.460384  0.00187629
        4479       -0.52   -0.460397  0.00187591
        4480       -0.28   -0.460357  0.00187593
        4481        -0.6   -0.460388  0.00187577
        4482        -0.6   -0.460419  0.00187561
        4483        -0.6   -0.460451  0.00187545
        4484       -0.36   -0.460428  0.00187516
        4485       -0.44   -0.460424  0.00187475
        4486       -0.52   -0.460437  0.00187438
        4487       -0.52    -0.46045  0.00187401
        4488       -0.44   -0.460446   0.0018736
        4489       -0.52   -0.460459  0.00187323
        4490        -0.2   -0.460401  0.00187371
        4491       -0.52   -0.460414  0.00187334
        4492       -0.52   -0.460427  0.00187297
        4493       -0.52   -0.460441   0.0018726
        4494       -0.52   -0.460454  0.00187223
        4495       -0.44   -0.460449  0.00187182
        4496       -0.44   -0.460445  0.00187141
        4497       -0.52   -0.460458  0.00187104
        4498       -0.52   -0.460471  0.00187067
        4499       -0.52   -0.460485   0.0018703
        4500       -0.28   -0.460444  0.00187031
        4501       -0.36   -0.460422  0.00187003
        4502        -0.2   -0.460364  0.00187051
        4503       -0.28   -0.460324  0.00187052
        4504       -0.44    -0.46032  0.00187011
        4505       -0.44   -0.460315   0.0018697
        4506       -0.44   -0.460311  0.00186929
        4507       -0.44   -0.460306  0.00186888
        4508       -0.28   -0.460266   0.0018689
        4509       -0.28   -0.460226  0.00186891
        4510       -0.36   -0.460204  0.00186863
        4511       -0.44     -0.4602  0.00186822
        4512       -0.44   -0.460195  0.00186781
        4513       -0.36   -0.460173  0.00186753
        4514        -0.6   -0.460204  0.00186737
        4515       -0.44   -0.460199  0.00186696
        4516       -0.44   -0.460195  0.00186656
        4517       -0.36   -0.460173  0.00186627
        4518       -0.52   -0.460186  0.00186591
        4519       -0.52   -0.460199  0.00186554
        4520       -0.36   -0.460177  0.00186526
        4521        -0.6   -0.460208  0.00186511
        4522        -0.6   -0.460239  0.00186495
        4523       -0.44   -0.460234  0.00186454
        4524       -0.76   -0.460301  0.00186531
        4525       -0.44   -0.460296   0.0018649
        4526       -0.52   -0.460309  0.00186453
        4527        -0.6    -0.46034  0.00186438
        4528       -0.52   -0.460353  0.00186401
        4529        -0.6   -0.460384  0.00186386
        4530       -0.52   -0.460397  0.00186349
        4531        -0.6   -0.460428  0.00186333
        4532       -0.36   -0.460406  0.00186306
        4533       -0.44   -0.460402  0.00186265
        4534       -0.52   -0.460415  0.00186229
        4535       -0.52   -0.460428  0.00186192
        4536       -0.52   -0.460441  0.00186156
        4537       -0.44   -0.460436  0.00186115
        4538       -0.36   -0.460414  0.00186087
        4539       -0.44    -0.46041  0.00186047
        4540       -0.36   -0.460388  0.00186019
        4541       -0.36   -0.460366  0.00185991
        4542        -0.6   -0.460396  0.00185976
        4543        -0.6   -0.460427   0.0018596
        4544       -0.68   -0.460475  0.00185982
        4545       -0.76   -0.460541  0.00186058
        4546       -0.52   -0.460554  0.00186021
        4547        -0.6   -0.460585  0.00186006
        4548       -0.52   -0.460598   0.0018597
        4549       -0.44   -0.460594  0.00185929
        4550        -0.6   -0.460624  0.00185914
        4551       -0.52   -0.460637  0.00185877
        4552       -0.44   -0.460633  0.00185837
        4553       -0.44   -0.460628  0.00185797
        4554       -0.44   -0.460624  0.00185757
        4555        -0.6   -0.460654  0.00185741
        4556        -0.6   -0.460685  0.00185725
        4557       -0.76    -0.46075  0.00185801
        4558       -0.44   -0.460746   0.0018576
        4559       -0.44   -0.460741   0.0018572
        4560       -0.28   -0.460702  0.00185722
        4561       -0.52   -0.460715  0.00185686
        4562        -0.2   -0.460658  0.00185733
        4563       -0.52   -0.460671  0.00185697
        4564        -0.6   -0.460701  0.00185681
        4565       -0.68   -0.460749  0.00185703
        4566        -0.6    -0.46078  0.00185687
        4567       -0.52   -0.460793  0.00185651
        4568       -0.68   -0.460841  0.00185672
        4569        -0.6   -0.460871  0.00185657
        4570       -0.44   -0.460867  0.00185617
        4571       -0.52   -0.460879   0.0018558
        4572       -0.36   -0.460857  0.00185553
        4573       -0.28   -0.460818  0.00185555
        4574       -0.36   -0.460796  0.00185527
        4575       -0.36   -0.460774    0.001855
        4576       -0.44   -0.460769   0.0018546
        4577       -0.44   -0.460765   0.0018542
        4578       -0.44    -0.46076   0.0018538
        4579       -0.52   -0.460773  0.00185344
        4580       -0.68   -0.460821  0.00185365
        4581       -0.68   -0.460869  0.00185386
        4582       -0.68   -0.460917  0.00185408
        4583       -0.52    -0.46093  0.00185372
        4584       -0.52   -0.460942  0.00185336
        4585       -0.36    -0.46092  0.00185308
        4586        -0.2   -0.460863  0.00185355
        4587       -0.28   -0.460824  0.00185357
        4588       -0.28   -0.460785  0.00185358
        4589        -0.2   -0.460728  0.00185405
        4590       -0.36   -0.460706  0.00185377
        4591       -0.52   -0.460719  0.00185342
        4592       -0.52   -0.460732  0.00185306
        4593       -0.36    -0.46071  0.00185278
        4594       -0.28    -0.46067   0.0018528
        4595       -0.44   -0.460666   0.0018524
        4596       -0.36   -0.460644  0.00185213
        4597       -0.44    -0.46064  0.00185173
        4598       -0.36   -0.460618  0.00185146
        4599       -0.36   -0.460596  0.00185118
        4600       -0.52   -0.460609  0.00185082
        4601        -0.6   -0.460639  0.00185067
        4602       -0.44   -0.460635  0.00185027
        4603       -0.44    -0.46063  0.00184988
        4604        -0.6    -0.46066  0.00184972
        4605       -0.52   -0.460673  0.00184937
        4606       -0.28   -0.460634  0.00184938
        4607       -0.36   -0.460612  0.00184911
        4608       -0.36    -0.46059  0.00184884
        4609        -0.6   -0.460621  0.00184868
        4610       -0.84   -0.460703  0.00185011
        4611       -0.52   -0.460716  0.00184976
        4612       -0.36   -0.460694  0.00184948
        4613       -0.52   -0.460707  0.00184913
        4614       -0.36   -0.460685  0.00184886
        4615       -0.44    -0.46068  0.00184846
        4616        -0.6   -0.460711  0.00184831
        4617        -0.2   -0.460654  0.00184877
        4618        -0.2   -0.460598  0.00184923
        4619       -0.36   -0.460576  0.00184896
        4620        -0.6   -0.460606   0.0018488
        4621       -0.28   -0.460567  0.00184882
        4622       -0.44   -0.460563  0.00184842
        4623       -0.44   -0.460558  0.00184803
        4624       -0.52   -0.460571  0.00184767
        4625       -0.44   -0.460566  0.00184728
        4626       -0.44   -0.460562  0.00184688
        4627       -0.36    -0.46054  0.00184661
        4628       -0.36   -0.460519  0.00184634
        4629       -0.36   -0.460497  0.00184607
        4630       -0.28   -0.460458  0.00184608
        4631       -0.52   -0.460471  0.00184573
        4632       -0.44   -0.460466  0.00184534
        4633       -0.36   -0.460445  0.00184506
        4634        -0.6   -0.460475  0.00184491
        4635       -0.28   -0.460436  0.00184493
        4636       -0.52   -0.460449  0.00184457
        4637       -0.36   -0.460427   0.0018443
        4638       -0.44   -0.460423  0.00184391
        4639       -0.52   -0.460435  0.00184356
        4640       -0.52   -0.460448   0.0018432
        4641       -0.52   -0.460461  0.00184285
        4642       -0.52   -0.460474   0.0018425
        4643       -0.52   -0.460487  0.00184215
        4644       -0.44   -0.460482  0.00184176
        4645       -0.28   -0.460443  0.00184177
        4646       -0.68   -0.460491  0.00184198
        4647       -0.36   -0.460469  0.00184171
        4648        -0.6   -0.460499  0.00184156
        4649       -0.28    -0.46046  0.00184157
        4650       -0.36   -0.460439   0.0018413
        4651       -0.52   -0.460452  0.00184095
        4652       -0.36    -0.46043  0.00184068
        4653       -0.68   -0.460477  0.00184089
        4654       -0.52    -0.46049  0.00184054
        4655       -0.28   -0.460451  0.00184055
        4656       -0.36    -0.46043  0.00184028
        4657        -0.6    -0.46046  0.00184013
        4658        -0.6   -0.460489  0.00183998
        4659        -0.6   -0.460519  0.00183983
        4660       -0.44   -0.460515  0.00183944
        4661       -0.52   -0.460528  0.00183909
        4662       -0.44   -0.460523   0.0018387
        4663       -0.52   -0.460536  0.00183835
        4664       -0.52   -0.460549    0.001838
        4665       -0.36   -0.460527  0.00183773
        4666        -0.2   -0.460471  0.00183819
        4667       -0.52   -0.460484  0.00183784
        4668       -0.68   -0.460531  0.00183804
        4669       -0.68   -0.460578  0.00183825
        4670        -0.6   -0.460608   0.0018381
        4671        -0.6   -0.460638  0.00183795
        4672       -0.68   -0.460685  0.00183816
        4673       -0.52   -0.460698  0.00183781
        4674       -0.52    -0.46071  0.00183746
        4675       -0.76   -0.460774  0.00183818
        4676       -0.52   -0.460787  0.00183783
        4677       -0.52     -0.4608  0.00183748
        4678       -0.52   -0.460812  0.00183713
        4679       -0.44   -0.460808  0.00183674
        4680       -0.52   -0.460821  0.00183639
        4681       -0.52   -0.460833  0.00183605
        4682       -0.68    -0.46088  0.00183625
        4683       -0.52   -0.460893   0.0018359
        4684       -0.36   -0.460871  0.00183564
        4685       -0.36    -0.46085  0.00183537
        4686       -0.36   -0.460828   0.0018351
        4687       -0.44   -0.460824  0.00183472
        4688       -0.44   -0.460819  0.00183433
        4689       -0.36   -0.460798  0.00183407
        4690       -0.36   -0.460776   0.0018338
        4691       -0.28   -0.460738  0.00183382
        4692       -0.36   -0.460716  0.00183355
        4693       -0.12   -0.460644   0.0018346
        4694       -0.52   -0.460656  0.00183425
        4695       -0.36   -0.460635  0.00183398
        4696       -0.52   -0.460647  0.00183364
        4697       -0.36   -0.460626  0.00183337
        4698       -0.28   -0.460587  0.00183339
        4699       -0.44   -0.460583    0.001833
        4700       -0.52   -0.460596  0.00183265
        4701       -0.52   -0.460608  0.00183231
        4702       -0.52   -0.460621  0.00183196
        4703       -0.44   -0.460617  0.00183158
        4704       -0.44   -0.460612  0.00183119
        4705       -0.36   -0.460591  0.00183093
        4706       -0.52   -0.460603  0.00183058
        4707        -0.6   -0.460633  0.00183043
        4708       -0.44   -0.460629  0.00183005
        4709       -0.36   -0.460607  0.00182979
        4710       -0.52    -0.46062  0.00182944
        4711       -0.52   -0.460633   0.0018291
        4712       -0.44   -0.460628  0.00182871
        4713       -0.52   -0.460641  0.00182837
        4714       -0.36   -0.460619  0.00182811
        4715       -0.44   -0.460615  0.00182772
        4716       -0.52   -0.460628  0.00182738
        4717       -0.44   -0.460623    0.001827
        4718       -0.44   -0.460619  0.00182661
        4719       -0.36   -0.460598  0.00182635
        4720       -0.52    -0.46061  0.00182601
        4721       -0.36   -0.460589  0.00182575
        4722       -0.44   -0.460584  0.00182536
        4723       -0.44    -0.46058  0.00182498
        4724       -0.44   -0.460576   0.0018246
        4725       -0.36   -0.460554  0.00182434
        4726       -0.36   -0.460533  0.00182408
        4727       -0.28   -0.460495  0.00182409
        4728       -0.36   -0.460474  0.00182383
        4729       -0.12   -0.460402  0.00182487
        4730       -0.44   -0.460397  0.00182448
        4731       -0.28   -0.460359   0.0018245
        4732       -0.36   -0.460338  0.00182424
        4733       -0.44   -0.460334  0.00182385
        4734       -0.52   -0.460346  0.00182351
        4735       -0.52   -0.460359  0.00182317
        4736       -0.44   -0.460355  0.00182279
        4737       -0.44    -0.46035  0.00182241
        4738       -0.44   -0.460346  0.00182203
        4739       -0.36   -0.460325  0.00182177
        4740       -0.28   -0.460287  0.00182178
        4741        -0.6   -0.460316  0.00182164
        4742       -0.52   -0.460329   0.0018213
        4743       -0.52   -0.460342  0.00182096
        4744       -0.44   -0.460337  0.00182058
        4745        -0.6   -0.460367  0.00182043
        4746       -0.28   -0.460329  0.00182044
        4747       -0.36   -0.460308  0.00182018
        4748       -0.36   -0.460286  0.00181992
        4749       -0.12   -0.460215  0.00182095
        4750       -0.28   -0.460177  0.00182096
        4751       -0.44   -0.460173  0.00182058
        4752       -0.44   -0.460168  0.00182021
        4753       -0.52   -0.460181  0.00181987
        4754       -0.52   -0.460194  0.00181953
        4755       -0.52   -0.460206  0.00181919
        4756       -0.36   -0.460185  0.00181893
        4757       -0.36   -0.460164  0.00181867
        4758       -0.52   -0.460177  0.00181833
        4759        -0.6   -0.460206  0.00181818
        4760       -0.44   -0.460202  0.00181781
        4761       -0.44   -0.460197  0.00181743
        4762       -0.44   -0.460193  0.00181705
        4763       -0.44   -0.460189  0.00181668
        4764       -0.44   -0.460185   0.0018163
        4765       -0.44    -0.46018  0.00181592
        4766       -0.52   -0.460193  0.00181559
        4767       -0.44   -0.460189  0.00181521
        4768        -0.6   -0.460218  0.00181507
        4769        -0.6   -0.460247  0.00181492
        4770       -0.68   -0.460294  0.00181513
        4771       -0.76   -0.460356  0.00181583
        4772        -0.6   -0.460386  0.00181569
        4773        -0.6   -0.460415  0.00181554
        4774       -0.68   -0.460461  0.00181575
        4775        -0.6    -0.46049   0.0018156
        4776       -0.52   -0.460503  0.00181526
        4777       -0.44   -0.460498  0.00181489
        4778       -0.36   -0.460477  0.00181463
        4779        -0.6   -0.460506  0.00181448
        4780        -0.2   -0.460452  0.00181492
        4781       -0.28   -0.460414  0.00181494
        4782       -0.52   -0.460427   0.0018146
        4783       -0.68   -0.460473   0.0018148
        4784       -0.68   -0.460518    0.001815
        4785        -0.6   -0.460548  0.00181486
        4786       -0.52    -0.46056  0.00181452
        4787       -0.36   -0.460539  0.00181426
        4788       -0.52   -0.460551  0.00181393
        4789       -0.36    -0.46053  0.00181367
        4790       -0.36   -0.460509  0.00181341
        4791       -0.28   -0.460472  0.00181342
        4792       -0.28   -0.460434  0.00181344
        4793       -0.44    -0.46043  0.00181306
        4794       -0.36   -0.460409  0.00181281
        4795       -0.36   -0.460388  0.00181255
        4796       -0.36   -0.460367  0.00181229
        4797       -0.52   -0.460379  0.00181196
        4798        -0.6   -0.460409  0.00181181
        4799       -0.36   -0.460388  0.00181156
        4800        -0.6   -0.460417  0.00181141
        4801        -0.6   -0.460446  0.00181127
        4802       -0.52   -0.460458  0.00181093
        4803       -0.44   -0.460454  0.00181056
        4804       -0.36   -0.460433  0.00181031
        4805        -0.6   -0.460462  0.00181016
        4806        -0.6   -0.460491  0.00181002
        4807       -0.68   -0.460537  0.00181022
        4808       -0.52   -0.460549  0.00180988
        4809        -0.6   -0.460578  0.00180974
        4810       -0.68   -0.460624  0.00180994
        4811        -0.6   -0.460653  0.00180979
        4812       -0.28   -0.460615  0.00180981
        4813       -0.52   -0.460627  0.00180947
        4814       -0.52    -0.46064  0.00180914
        4815       -0.52   -0.460652   0.0018088
        4816       -0.44   -0.460648  0.00180843
        4817       -0.28    -0.46061  0.00180845
        4818       -0.36   -0.460589  0.00180819
        4819       -0.36   -0.460569  0.00180794
        4820       -0.36   -0.460548  0.00180768
        4821        -0.2   -0.460494  0.00180812
        4822        -0.2    -0.46044  0.00180855
        4823       -0.12   -0.460369  0.00180955
        4824       -0.36   -0.460348  0.00180929
        4825       -0.28   -0.460311  0.00180931
        4826       -0.52   -0.460323  0.00180897
        4827       -0.52   -0.460336  0.00180864
        4828       -0.36   -0.460315  0.00180839
        4829       -0.44   -0.460311  0.00180802
        4830       -0.44   -0.460306  0.00180765
        4831        -0.2   -0.460253  0.00180807
        4832       -0.36   -0.460232  0.00180782
        4833        -0.2   -0.460178  0.00180825
        4834       -0.52    -0.46019  0.00180792
        4835       -0.68   -0.460236  0.00180811
        4836        -0.6   -0.460265  0.00180797
        4837       -0.68    -0.46031  0.00180817
        4838       -0.52   -0.460322  0.00180784
        4839       -0.36   -0.460302  0.00180758
        4840       -0.44   -0.460298  0.00180721
        4841       -0.52    -0.46031  0.00180688
        4842        -0.6   -0.460339  0.00180674
        4843       -0.52   -0.460351  0.00180641
        4844       -0.36    -0.46033  0.00180615
        4845       -0.52   -0.460343  0.00180582
        4846       -0.44   -0.460338  0.00180545
        4847       -0.28   -0.460301  0.00180547
        4848       -0.52   -0.460314  0.00180513
        4849       -0.28   -0.460276  0.00180515
        4850       -0.52   -0.460289  0.00180482
        4851       -0.44   -0.460284  0.00180445
        4852       -0.28   -0.460247  0.00180446
        4853       -0.28    -0.46021  0.00180447
        4854       -0.36    -0.46019  0.00180422
        4855       -0.36   -0.460169  0.00180396
        4856       -0.28   -0.460132  0.00180397
        4857       -0.36   -0.460111  0.00180372
        4858       -0.44   -0.460107  0.00180335
        4859        -0.6   -0.460136  0.00180321
        4860       -0.52   -0.460148  0.00180288
        4861       -0.44   -0.460144  0.00180252
        4862       -0.28   -0.460107  0.00180253
        4863       -0.44   -0.460103  0.00180216
        4864        -0.6   -0.460132  0.00180202
        4865       -0.36   -0.460111  0.00180177
        4866        -0.6    -0.46014  0.00180162
        4867       -0.52   -0.460152   0.0018013
        4868        -0.6   -0.460181  0.00180116
        4869       -0.44   -0.460177  0.00180079
        4870       -0.52   -0.460189  0.00180046
        4871        -0.6   -0.460218  0.00180032
        4872        -0.6   -0.460246  0.00180018
        4873       -0.52   -0.460259  0.00179985
        4874        -0.6   -0.460287  0.00179971
        4875        -0.6   -0.460316  0.00179957
        4876       -0.52   -0.460328  0.00179924
        4877       -0.36   -0.460308  0.00179899
        4878       -0.68   -0.460353  0.00179919
        4879       -0.52   -0.460365  0.00179886
        4880       -0.52   -0.460377  0.00179853
        4881       -0.36   -0.460356  0.00179828
        4882        -0.6   -0.460385  0.00179814
        4883       -0.52   -0.460397  0.00179781
        4884       -0.36   -0.460377  0.00179756
        4885        -0.6   -0.460405  0.00179742
        4886       -0.52   -0.460418   0.0017971
        4887        -0.6   -0.460446  0.00179696
        4888       -0.44   -0.460442  0.00179659
        4889       -0.76   -0.460503  0.00179727
        4890        -0.6   -0.460532  0.00179713
        4891       -0.36   -0.460511  0.00179688
        4892       -0.36   -0.460491  0.00179663
        4893       -0.28   -0.460454  0.00179664
        4894       -0.36   -0.460433  0.00179639
        4895       -0.52   -0.460445  0.00179606
        4896       -0.36   -0.460425  0.00179581
        4897       -0.36   -0.460404  0.00179557
        4898       -0.52   -0.460416  0.00179524
        4899       -0.52   -0.460429  0.00179491
        4900       -0.44   -0.460424  0.00179455
        4901       -0.52   -0.460437  0.00179423
        4902       -0.52   -0.460449   0.0017939
        4903       -0.52   -0.460461  0.00179358
        4904       -0.52   -0.460473  0.00179325
        4905       -0.44   -0.460469  0.00179289
        4906       -0.44   -0.460465  0.00179253
        4907       -0.52   -0.460477  0.00179221
        4908       -0.36   -0.460456  0.00179196
        4909       -0.36   -0.460436  0.00179171
        4910       -0.52   -0.460448  0.00179139
        4911       -0.28   -0.460411   0.0017914
        4912       -0.44   -0.460407  0.00179104
        4913       -0.36   -0.460387  0.00179079
        4914       -0.36   -0.460366  0.00179054
        4915        -0.2   -0.460313  0.00179096
        4916       -0.36   -0.460293  0.00179072
        4917       -0.52   -0.460305  0.00179039
        4918       -0.36   -0.460285  0.00179014
        4919       -0.28   -0.460248  0.00179016
        4920       -0.44   -0.460244   0.0017898
        4921       -0.44    -0.46024  0.00178944
        4922       -0.28   -0.460203  0.00178945
        4923       -0.52   -0.460215  0.00178913
        4924       -0.52   -0.460227   0.0017888
        4925       -0.52    -0.46024  0.00178848
        4926       -0.28   -0.460203  0.00178849
        4927       -0.36   -0.460183  0.00178825
        4928        -0.6   -0.460211  0.00178811
        4929        -0.6   -0.460239  0.00178797
        4930       -0.52   -0.460252  0.00178765
        4931       -0.68   -0.460296  0.00178784
        4932       -0.76   -0.460357  0.00178851
        4933       -0.52   -0.460369  0.00178819
        4934       -0.68   -0.460413  0.00178838
        4935       -0.44   -0.460409  0.00178802
        4936       -0.44   -0.460405  0.00178767
        4937       -0.68    -0.46045  0.00178786
        4938       -0.52   -0.460462  0.00178754
        4939       -0.36   -0.460441  0.00178729
        4940       -0.44   -0.460437  0.00178693
        4941       -0.44   -0.460433  0.00178658
        4942       -0.36   -0.460413  0.00178633
        4943        -0.6   -0.460441  0.00178619
        4944       -0.36   -0.460421  0.00178595
        4945       -0.44   -0.460417  0.00178559
        4946       -0.52   -0.460429  0.00178527
        4947       -0.52   -0.460441  0.00178495
        4948       -0.36    -0.46042   0.0017847
        4949       -0.36     -0.4604  0.00178446
        4950       -0.44   -0.460396   0.0017841
        4951       -0.28    -0.46036  0.00178411
        4952       -0.28   -0.460323  0.00178413
        4953       -0.44   -0.460319  0.00178377
        4954        -0.2   -0.460266  0.00178418
        4955       -0.36   -0.460246  0.00178394
        4956       -0.44   -0.460242  0.00178358
        4957        -0.6    -0.46027  0.00178345
        4958        -0.6   -0.460299  0.00178331
        4959       -0.36   -0.460278  0.00178306
        4960       -0.44   -0.460274  0.00178271
        4961       -0.44    -0.46027  0.00178236
        4962       -0.52   -0.460282  0.00178204
        4963       -0.44   -0.460278  0.00178168
        4964       -0.52    -0.46029  0.00178136
        4965       -0.36    -0.46027  0.00178112
        4966       -0.52   -0.460282   0.0017808
        4967        -0.6    -0.46031  0.00178067
        4968        -0.6   -0.460338  0.00178053
        4969       -0.36   -0.460318  0.00178029
        4970       -0.36   -0.460298  0.00178004
        4971       -0.44   -0.460294  0.00177969
        4972       -0.44    -0.46029  0.00177933
        4973       -0.44   -0.460286  0.00177898
        4974       -0.44   -0.460281  0.00177863
        4975       -0.44   -0.460277  0.00177828
        4976       -0.36   -0.460257  0.00177803
        4977       -0.44   -0.460253  0.00177768
        4978       -0.44   -0.460249  0.00177733
        4979       -0.36   -0.460229  0.00177708
        4980       -0.36   -0.460209  0.00177684
        4981       -0.36   -0.460189   0.0017766
        4982        -0.2   -0.460136  0.00177701
        4983       -0.28     -0.4601  0.00177702
        4984       -0.44   -0.460096  0.00177667
        4985       -0.52   -0.460108  0.00177635
        4986       -0.36   -0.460088  0.00177611
        4987       -0.28   -0.460052  0.00177612
        4988       -0.36   -0.460032  0.00177588
        4989       -0.52   -0.460044  0.00177556
        4990       -0.52   -0.460056  0.00177525
        4991       -0.52   -0.460068  0.00177493
        4992       -0.28   -0.460032  0.00177494
        4993       -0.12   -0.459964  0.00177589
        4994       -0.44    -0.45996  0.00177554
        4995       -0.44   -0.459956  0.00177519
        4996       -0.36   -0.459936  0.00177495
        4997        -0.2   -0.459884  0.00177536
        4998       -0.52   -0.459896  0.00177504
        4999        -0.6   -0.459924  0.00177491
        5000        -0.6   -0.459952  0.00177477
        5001       -0.44   -0.459948  0.00177442
        5002       -0.52    -0.45996  0.00177411
        5003       -0.36    -0.45994  0.00177387
        5004       -0.44   -0.459936  0.00177352
        5005       -0.44   -0.459932  0.00177317
        5006        -0.2    -0.45988  0.00177357
        5007       -0.36    -0.45986  0.00177333
        5008       -0.52   -0.459872  0.00177302
        5009       -0.52   -0.459884   0.0017727
        5010        -0.6   -0.459912  0.00177257
        5011       -0.28   -0.459876  0.00177258
        5012       -0.28    -0.45984  0.00177259
        5013       -0.44   -0.459836  0.00177224
        5014       -0.12   -0.459769  0.00177318
        5015       -0.52   -0.459781  0.00177287
        5016       -0.52   -0.459793  0.00177256
        5017       -0.36   -0.459773  0.00177232
        5018       -0.44   -0.459769  0.00177197
        5019       -0.28   -0.459733  0.00177198
        5020       -0.44   -0.459729  0.00177163
        5021       -0.52   -0.459741  0.00177132
        5022       -0.36   -0.459721  0.00177107
        5023        -0.6   -0.459749  0.00177094
        5024       -0.44   -0.459745  0.00177059
        5025       -0.68   -0.459789  0.00177078
        5026        -0.6   -0.459817  0.00177065
        5027       -0.36   -0.459797  0.00177041
        5028       -0.36   -0.459777  0.00177017
        5029       -0.52   -0.459789  0.00176986
        5030       -0.44   -0.459785  0.00176951
        5031       -0.44   -0.459781  0.00176916
        5032       -0.52   -0.459793  0.00176885
        5033       -0.28   -0.459758  0.00176886
        5034       -0.28   -0.459722  0.00176887
        5035       -0.44   -0.459718  0.00176852
        5036       -0.52    -0.45973  0.00176821
        5037       -0.44   -0.459726  0.00176787
        5038       -0.52   -0.459738  0.00176756
        5039       -0.52    -0.45975  0.00176725
        5040       -0.52   -0.459762  0.00176694
        5041        -0.6    -0.45979   0.0017668
        5042       -0.52   -0.459802  0.00176649
        5043        -0.6   -0.459829  0.00176636
        5044       -0.44   -0.459826  0.00176602
        5045       -0.28    -0.45979  0.00176603
        5046       -0.36    -0.45977  0.00176579
        5047       -0.28   -0.459734   0.0017658
        5048       -0.44   -0.459731  0.00176545
        5049       -0.44   -0.459727  0.00176511
        5050       -0.52   -0.459739   0.0017648
        5051       -0.28   -0.459703  0.00176481
        5052       -0.36   -0.459683  0.00176457
        5053       -0.44   -0.459679  0.00176422
        5054        -0.6   -0.459707  0.00176409
        5055       -0.44   -0.459703  0.00176375
        5056       -0.44   -0.459699   0.0017634
        5057       -0.52   -0.459711  0.00176309
        5058       -0.36   -0.459692  0.00176285
        5059       -0.28   -0.459656  0.00176286
        5060       -0.44   -0.459652  0.00176252
        5061       -0.44   -0.459648  0.00176218
        5062       -0.28   -0.459613  0.00176219
        5063       -0.36   -0.459593  0.00176195
        5064       -0.68   -0.459637  0.00176214
        5065       -0.44   -0.459633  0.00176179
        5066       -0.52   -0.459645  0.00176149
        5067       -0.36   -0.459625  0.00176125
        5068       -0.44   -0.459621   0.0017609
        5069       -0.36   -0.459601  0.00176067
        5070       -0.28   -0.459566  0.00176068
        5071       -0.44   -0.459562  0.00176033
        5072       -0.28   -0.459527  0.00176034
        5073        -0.6   -0.459555  0.00176021
        5074        -0.6   -0.459582  0.00176008
        5075       -0.28   -0.459547  0.00176009
        5076       -0.36   -0.459527  0.00175985
        5077       -0.28   -0.459492  0.00175986
        5078       -0.68   -0.459535  0.00176005
        5079        -0.6   -0.459563  0.00175992
        5080        -0.6   -0.459591  0.00175979
        5081       -0.68   -0.459634  0.00175998
        5082       -0.52   -0.459646  0.00175968
        5083       -0.52   -0.459658  0.00175937
        5084       -0.52    -0.45967  0.00175906
        5085       -0.44   -0.459666  0.00175872
        5086        -0.2   -0.459615  0.00175912
        5087        -0.2   -0.459564  0.00175951
        5088       -0.52   -0.459575  0.00175921
        5089       -0.44   -0.459572  0.00175886
        5090       -0.44   -0.459568  0.00175852
        5091       -0.36   -0.459548  0.00175829
        5092        0.04    -0.45945  0.00176068
        5093       -0.36   -0.459431  0.00176044
        5094       -0.44   -0.459427   0.0017601
        5095       -0.52   -0.459439  0.00175979
        5096       -0.44   -0.459435  0.00175945
        5097       -0.36   -0.459415  0.00175921
        5098       -0.52   -0.459427  0.00175891
        5099       -0.52   -0.459439   0.0017586
        5100       -0.52   -0.459451   0.0017583
        5101        -0.6   -0.459479  0.00175817
        5102       -0.52    -0.45949  0.00175787
        5103       -0.36   -0.459471  0.00175763
        5104       -0.28   -0.459436  0.00175764
        5105       -0.44   -0.459432   0.0017573
        5106       -0.52   -0.459444  0.00175699
        5107        -0.6   -0.459471  0.00175686
        5108       -0.36   -0.459452  0.00175663
        5109       -0.36   -0.459432  0.00175639
        5110       -0.44   -0.459429  0.00175605
        5111        -0.6   -0.459456  0.00175592
        5112       -0.28   -0.459421  0.00175593
        5113       -0.52   -0.459433  0.00175563
        5114       -0.36   -0.459413  0.00175539
        5115       -0.28   -0.459378   0.0017554
        5116       -0.44   -0.459375  0.00175506
        5117        -0.6   -0.459402  0.00175493
        5118       -0.52   -0.459414  0.00175463
        5119        -0.6   -0.459441   0.0017545
        5120       -0.28   -0.459406  0.00175451
        5121       -0.52   -0.459418  0.00175421
        5122        -0.6   -0.459446  0.00175408
        5123        -0.6   -0.459473  0.00175395
        5124        -0.6     -0.4595  0.00175382
        5125       -0.68   -0.459543  0.00175401
        5126       -0.68   -0.459586  0.00175419
        5127        -0.6   -0.459614  0.00175406
        5128       -0.52   -0.459626  0.00175376
        5129       -0.44   -0.459622  0.00175342
        5130       -0.52   -0.459634  0.00175312
        5131       -0.44    -0.45963  0.00175278
        5132       -0.52   -0.459641  0.00175248
        5133       -0.52   -0.459653  0.00175218
        5134       -0.44   -0.459649  0.00175184
        5135       -0.52   -0.459661  0.00175154
        5136       -0.44   -0.459657   0.0017512
        5137       -0.52   -0.459669   0.0017509
        5138       -0.36    -0.45965  0.00175067
        5139       -0.28   -0.459615  0.00175068
        5140       -0.52   -0.459626  0.00175038
        5141        -0.6   -0.459654  0.00175025
        5142       -0.76   -0.459712  0.00175088
        5143       -0.76   -0.459771  0.00175152
        5144       -0.68   -0.459813   0.0017517
        5145        -0.6   -0.459841  0.00175157
        5146        -0.6   -0.459868  0.00175144
        5147       -0.52    -0.45988  0.00175114
        5148       -0.36    -0.45986  0.00175091
        5149       -0.52   -0.459872  0.00175061
        5150       -0.36   -0.459852  0.00175037
        5151       -0.52   -0.459864  0.00175007
        5152       -0.36   -0.459845  0.00174984
        5153       -0.36   -0.459825  0.00174961
        5154       -0.28    -0.45979  0.00174962
        5155       -0.36   -0.459771  0.00174938
        5156       -0.28   -0.459736  0.00174939
        5157       -0.52   -0.459748  0.00174909
        5158       -0.44   -0.459744  0.00174876
        5159        -0.6   -0.459771  0.00174863
        5160        -0.6   -0.459798   0.0017485
        5161       -0.52    -0.45981   0.0017482
        5162       -0.52   -0.459822   0.0017479
        5163        -0.6   -0.459849  0.00174777
        5164        -0.6   -0.459876  0.00174765
        5165        -0.6   -0.459903  0.00174752
        5166       -0.44   -0.459899  0.00174719
        5167       -0.36    -0.45988  0.00174695
        5168       -0.36   -0.459861  0.00174672
        5169       -0.44   -0.459857  0.00174639
        5170       -0.52   -0.459868  0.00174609
        5171       -0.36   -0.459849  0.00174586
        5172       -0.28   -0.459814  0.00174587
        5173       -0.52   -0.459826  0.00174557
        5174       -0.28   -0.459791  0.00174558
        5175        -0.6   -0.459818  0.00174545
        5176       -0.36   -0.459799  0.00174522
        5177       -0.36    -0.45978  0.00174499
        5178       -0.44   -0.459776  0.00174466
        5179        -0.2   -0.459726  0.00174504
        5180       -0.28   -0.459691  0.00174505
        5181       -0.44   -0.459687  0.00174472
        5182       -0.44   -0.459684  0.00174438
        5183       -0.68   -0.459726  0.00174456
        5184        -0.6   -0.459753  0.00174444
        5185       -0.36   -0.459734  0.00174421
        5186       -0.36   -0.459715  0.00174398
        5187       -0.44   -0.459711  0.00174365
        5188       -0.44   -0.459707  0.00174331
        5189       -0.52   -0.459719  0.00174302
        5190       -0.44   -0.459715  0.00174268
        5191       -0.68   -0.459757  0.00174287
        5192       -0.44   -0.459753  0.00174253
        5193       -0.52   -0.459765  0.00174224
        5194       -0.44   -0.459761  0.00174191
        5195       -0.44   -0.459757  0.00174157
        5196       -0.36   -0.459738  0.00174135
        5197       -0.52    -0.45975  0.00174105
        5198       -0.52   -0.459761  0.00174075
        5199        -0.6   -0.459788  0.00174063
        5200       -0.52     -0.4598  0.00174033
        5201       -0.28   -0.459765  0.00174034
        5202       -0.28   -0.459731  0.00174035
        5203       -0.28   -0.459696  0.00174036
        5204       -0.28   -0.459662  0.00174036
        5205       -0.44   -0.459658  0.00174003
        5206       -0.52    -0.45967  0.00173974
        5207       -0.44   -0.459666  0.00173941
        5208        -0.2   -0.459616  0.00173979
        5209       -0.28   -0.459581   0.0017398
        5210       -0.36   -0.459562  0.00173957
        5211       -0.44   -0.459559  0.00173924
        5212       -0.28   -0.459524  0.00173924
        5213       -0.28    -0.45949  0.00173925
        5214       -0.52   -0.459501  0.00173896
        5215       -0.44   -0.459498  0.00173863
        5216        -0.6   -0.459525   0.0017385
        5217       -0.52   -0.459536  0.00173821
        5218       -0.52   -0.459548  0.00173791
        5219        -0.6   -0.459575  0.00173779
        5220       -0.36   -0.459556  0.00173756
        5221       -0.36   -0.459536  0.00173733
        5222       -0.44   -0.459533    0.001737
        5223        -0.6    -0.45956  0.00173688
        5224       -0.36   -0.459541  0.00173665
        5225       -0.68   -0.459583  0.00173683
        5226       -0.44   -0.459579   0.0017365
        5227       -0.52   -0.459591  0.00173621
        5228       -0.68   -0.459633  0.00173639
        5229       -0.76    -0.45969  0.00173701
        5230       -0.52   -0.459702  0.00173671
        5231       -0.68   -0.459744  0.00173689
        5232       -0.76   -0.459801  0.00173751
        5233       -0.68   -0.459843  0.00173769
        5234       -0.76   -0.459901   0.0017383
        5235       -0.68   -0.459943  0.00173848
        5236       -0.52   -0.459954  0.00173818
        5237       -0.44    -0.45995  0.00173785
        5238        -0.6   -0.459977  0.00173773
        5239       -0.52   -0.459989  0.00173743
        5240        -0.6   -0.460015  0.00173731
        5241       -0.68   -0.460057  0.00173748
        5242        -0.6   -0.460084  0.00173736
        5243        -0.2   -0.460034  0.00173773
        5244       -0.28       -0.46  0.00173774
        5245        -0.6   -0.460027  0.00173762
        5246       -0.44   -0.460023  0.00173729
        5247       -0.28   -0.459989   0.0017373
        5248       -0.28   -0.459954   0.0017373
        5249        -0.6   -0.459981  0.00173718
        5250       -0.36   -0.459962  0.00173695
        5251       -0.52   -0.459973  0.00173666
        5252       -0.36   -0.459954  0.00173643
        5253       -0.52   -0.459966  0.00173614
        5254       -0.52   -0.459977  0.00173585
        5255       -0.36   -0.459958  0.00173562
        5256        -0.6   -0.459985  0.00173549
        5257       -0.52   -0.459996   0.0017352
        5258       -0.36   -0.459977  0.00173498
        5259       -0.52   -0.459989  0.00173468
        5260       -0.52       -0.46  0.00173439
        5261        -0.6   -0.460027  0.00173427
        5262       -0.44   -0.460023  0.00173394
        5263       -0.44   -0.460019  0.00173361
        5264       -0.68   -0.460061  0.00173379
        5265        -0.6   -0.460087  0.00173366
        5266        -0.6   -0.460114  0.00173354
        5267       -0.68   -0.460156  0.00173371
        5268        -0.6   -0.460182  0.00173358
        5269       -0.52   -0.460194  0.00173329
        5270       -0.52   -0.460205    0.001733
        5271       -0.68   -0.460247  0.00173317
        5272       -0.52   -0.460258  0.00173288
        5273       -0.52   -0.460269  0.00173259
        5274       -0.76   -0.460326  0.00173319
        5275       -0.44   -0.460322  0.00173287
        5276       -0.44   -0.460318  0.00173255
        5277       -0.52    -0.46033  0.00173225
        5278       -0.36   -0.460311  0.00173203
        5279       -0.28   -0.460277  0.00173204
        5280       -0.28   -0.460242  0.00173205
        5281       -0.44   -0.460239  0.00173172
        5282       -0.36    -0.46022   0.0017315
        5283       -0.52   -0.460231  0.00173121
        5284       -0.52   -0.460242  0.00173092
        5285       -0.44   -0.460238   0.0017306
        5286       -0.52    -0.46025   0.0017303
        5287        -0.6   -0.460276  0.00173018
        5288       -0.44   -0.460272  0.00172986
        5289        -0.6   -0.460299  0.00172973
        5290       -0.52    -0.46031  0.00172944
        5291       -0.44   -0.460306  0.00172912
        5292       -0.36   -0.460287   0.0017289
        5293       -0.52   -0.460299  0.00172861
        5294       -0.36    -0.46028  0.00172838
        5295       -0.36   -0.460261  0.00172816
        5296        -0.6   -0.460287  0.00172804
        5297       -0.36   -0.460268  0.00172781
        5298       -0.36   -0.460249  0.00172759
        5299       -0.44   -0.460245  0.00172727
        5300        -0.6   -0.460272  0.00172714
        5301       -0.36   -0.460253  0.00172692
        5302       -0.36   -0.460234   0.0017267
        5303       -0.44    -0.46023  0.00172638
        5304       -0.28   -0.460196  0.00172639
        5305       -0.36   -0.460177  0.00172616
        5306       -0.28   -0.460143  0.00172617
        5307       -0.28   -0.460109  0.00172618
        5308        -0.2    -0.46006  0.00172655
        5309       -0.28   -0.460026  0.00172656
        5310       -0.36   -0.460008  0.00172634
        5311       -0.52   -0.460019  0.00172605
        5312        -0.6   -0.460045  0.00172593
        5313       -0.52   -0.460056  0.00172564
        5314       -0.44   -0.460053  0.00172532
        5315       -0.52   -0.460064  0.00172503
        5316       -0.68   -0.460105   0.0017252
        5317        -0.6   -0.460132  0.00172508
        5318       -0.52   -0.460143  0.00172479
        5319       -0.52   -0.460154   0.0017245
        5320        -0.6    -0.46018  0.00172438
        5321       -0.44   -0.460177  0.00172406
        5322       -0.44   -0.460173  0.00172374
        5323       -0.44   -0.460169  0.00172342
        5324       -0.36    -0.46015   0.0017232
        5325       -0.52   -0.460162  0.00172291
        5326       -0.44   -0.460158  0.00172259
        5327       -0.52   -0.460169   0.0017223
        5328        -0.6   -0.460195  0.00172218
        5329        -0.6   -0.460221  0.00172206
        5330       -0.52   -0.460233  0.00172177
        5331        -0.6   -0.460259  0.00172165
        5332        -0.6   -0.460285  0.00172152
        5333       -0.36   -0.460266   0.0017213
        5334       -0.44   -0.460262  0.00172099
        5335        -0.6   -0.460289  0.00172086
        5336       -0.68    -0.46033  0.00172103
        5337       -0.68   -0.460371   0.0017212
        5338       -0.36   -0.460352  0.00172098
        5339       -0.28   -0.460318  0.00172099
        5340       -0.36     -0.4603  0.00172077
        5341       -0.44   -0.460296  0.00172045
        5342        -0.2   -0.460247  0.00172082
        5343        -0.2   -0.460198  0.00172119
        5344       -0.44   -0.460195  0.00172087
        5345       -0.36   -0.460176  0.00172065
        5346       -0.44   -0.460172  0.00172033
        5347        -0.2   -0.460123   0.0017207
        5348       -0.52   -0.460135  0.00172041
        5349        -0.6   -0.460161  0.00172029
        5350       -0.36   -0.460142  0.00172007
        5351       -0.28   -0.460108  0.00172008
        5352        -0.2    -0.46006  0.00172045
        5353       -0.44   -0.460056  0.00172013
        5354       -0.44   -0.460052  0.00171981
        5355       -0.36   -0.460034  0.00171959
        5356       -0.44    -0.46003  0.00171927
        5357        -0.6   -0.460056  0.00171915
        5358       -0.52   -0.460067  0.00171887
        5359        -0.2   -0.460019  0.00171923
        5360       -0.44   -0.460015  0.00171891
        5361       -0.44   -0.460011   0.0017186
        5362       -0.28   -0.459978  0.00171861
        5363       -0.36   -0.459959  0.00171839
        5364       -0.36    -0.45994  0.00171817
        5365       -0.28   -0.459907  0.00171817
        5366       -0.52   -0.459918  0.00171789
        5367       -0.44   -0.459914  0.00171757
        5368       -0.52   -0.459925  0.00171729
        5369       -0.52   -0.459937  0.00171701
        5370       -0.52   -0.459948  0.00171672
        5371       -0.52   -0.459959  0.00171644
        5372       -0.28   -0.459926  0.00171645
        5373       -0.36   -0.459907  0.00171623
        5374       -0.52   -0.459918  0.00171595
        5375        -0.6   -0.459944  0.00171582
        5376       -0.52   -0.459955  0.00171554
        5377       -0.52   -0.459967  0.00171526
        5378       -0.44   -0.459963  0.00171494
        5379       -0.52   -0.459974  0.00171466
        5380       -0.44    -0.45997  0.00171435
        5381       -0.44   -0.459967  0.00171403
        5382       -0.44   -0.459963  0.00171372
        5383       -0.36   -0.459944   0.0017135
        5384       -0.44   -0.459941  0.00171319
        5385       -0.36   -0.459922  0.00171297
        5386       -0.44   -0.459918  0.00171265
        5387       -0.68   -0.459959  0.00171282
        5388       -0.44   -0.459955  0.00171251
        5389        -0.6   -0.459981  0.00171239
        5390       -0.52   -0.459993  0.00171211
        5391       -0.52   -0.460004  0.00171183
        5392       -0.44       -0.46  0.00171151
        5393        -0.6   -0.460026  0.00171139
        5394       -0.52   -0.460037  0.00171111
        5395       -0.52   -0.460048  0.00171083
        5396       -0.68   -0.460089    0.001711
        5397        -0.6   -0.460115  0.00171088
        5398        -0.6   -0.460141  0.00171076
        5399       -0.52   -0.460152  0.00171048
        5400       -0.52   -0.460163   0.0017102
        5401       -0.44   -0.460159  0.00170988
        5402       -0.44   -0.460155  0.00170957
        5403       -0.52   -0.460167  0.00170929
        5404       -0.68   -0.460207  0.00170946
        5405       -0.44   -0.460204  0.00170915
        5406       -0.44     -0.4602  0.00170883
        5407       -0.44   -0.460196  0.00170852
        5408        -0.6   -0.460222   0.0017084
        5409       -0.28   -0.460189  0.00170841
        5410       -0.44   -0.460185   0.0017081
        5411       -0.36   -0.460166  0.00170788
        5412       -0.28   -0.460133  0.00170789
        5413       -0.36   -0.460115  0.00170768
        5414       -0.52   -0.460126   0.0017074
        5415        -0.2   -0.460078  0.00170776
        5416       -0.52   -0.460089  0.00170748
        5417       -0.44   -0.460085  0.00170717
        5418       -0.52   -0.460096  0.00170689
        5419       -0.44   -0.460092  0.00170658
        5420       -0.68   -0.460133  0.00170674
        5421       -0.68   -0.460173  0.00170691
        5422       -0.44    -0.46017   0.0017066
        5423        -0.2   -0.460122  0.00170696
        5424       -0.44   -0.460118  0.00170665
        5425       -0.44   -0.460114  0.00170634
        5426       -0.52   -0.460125  0.00170606
        5427       -0.52   -0.460136  0.00170578
        5428       -0.52   -0.460147   0.0017055
        5429       -0.44   -0.460144  0.00170519
        5430       -0.36   -0.460125  0.00170498
        5431       -0.68   -0.460166  0.00170514
        5432       -0.44   -0.460162  0.00170483
        5433       -0.44   -0.460158  0.00170452
        5434       -0.52   -0.460169  0.00170425
        5435        -0.6   -0.460195  0.00170413
        5436       -0.36   -0.460177  0.00170391
        5437       -0.52   -0.460188  0.00170364
        5438       -0.44   -0.460184  0.00170333
        5439       -0.44    -0.46018  0.00170302
        5440       -0.44   -0.460176  0.00170271
        5441        -0.6   -0.460202  0.00170259
        5442        -0.6   -0.460228  0.00170247
        5443        -0.6   -0.460254  0.00170235
        5444        -0.6   -0.460279  0.00170223
        5445       -0.84   -0.460349  0.00170335
        5446       -0.52    -0.46036  0.00170307
        5447       -0.52   -0.460371  0.00170279
        5448       -0.44   -0.460367  0.00170248
        5449       -0.52   -0.460378  0.00170221
        5450       -0.52   -0.460389  0.00170193
        5451        -0.6   -0.460415  0.00170181
        5452        -0.6    -0.46044  0.00170169
        5453       -0.44   -0.460436  0.00170138
        5454        -0.2   -0.460389  0.00170174
        5455       -0.44   -0.460385  0.00170143
        5456       -0.44   -0.460381  0.00170112
        5457        -0.2   -0.460334  0.00170148
        5458       -0.28     -0.4603  0.00170149
        5459       -0.52   -0.460311  0.00170121
        5460       -0.36   -0.460293    0.001701
        5461       -0.76   -0.460348  0.00170158
        5462       -0.52   -0.460359   0.0017013
        5463       -0.36    -0.46034  0.00170109
        5464       -0.52   -0.460351  0.00170081
        5465       -0.52   -0.460362  0.00170053
        5466       -0.52   -0.460373  0.00170026
        5467       -0.52   -0.460384  0.00169998
        5468       -0.44    -0.46038  0.00169968
        5469       -0.52   -0.460391   0.0016994
        5470       -0.28   -0.460358  0.00169941
        5471       -0.36    -0.46034   0.0016992
        5472       -0.36   -0.460322  0.00169899
        5473        -0.6   -0.460347  0.00169887
        5474       -0.44   -0.460343  0.00169856
        5475       -0.28   -0.460311  0.00169857
        5476       -0.36   -0.460292  0.00169836
        5477       -0.36   -0.460274  0.00169815
        5478        -0.6   -0.460299  0.00169803
        5479       -0.52    -0.46031  0.00169775
        5480       -0.36   -0.460292  0.00169754
        5481       -0.44   -0.460288  0.00169724
        5482       -0.44   -0.460285  0.00169693
        5483       -0.52   -0.460295  0.00169666
        5484       -0.52   -0.460306  0.00169638
        5485       -0.52   -0.460317  0.00169611
        5486       -0.52   -0.460328  0.00169583
        5487       -0.44   -0.460324  0.00169553
        5488       -0.52   -0.460335  0.00169525
        5489       -0.44   -0.460332  0.00169495
        5490       -0.36   -0.460313  0.00169474
        5491       -0.36   -0.460295  0.00169453
        5492        -0.6    -0.46032  0.00169441
        5493        -0.6   -0.460346  0.00169429
        5494       -0.68   -0.460386  0.00169446
        5495        -0.6   -0.460411  0.00169434
        5496       -0.44   -0.460408  0.00169404
        5497        -0.6   -0.460433  0.00169392
        5498       -0.52   -0.460444  0.00169364
        5499       -0.36   -0.460426  0.00169343
        5500        -0.6   -0.460451  0.00169332
        5501       -0.36   -0.460433  0.00169311
        5502       -0.36   -0.460414   0.0016929
        5503       -0.44   -0.460411  0.00169259
        5504       -0.52   -0.460422  0.00169232
        5505        -0.2   -0.460374  0.00169268
        5506       -0.36   -0.460356  0.00169247
        5507       -0.52   -0.460367  0.00169219
        5508        -0.6   -0.460392  0.00169208
        5509       -0.52   -0.460403   0.0016918
        5510       -0.52   -0.460414  0.00169153
        5511       -0.44    -0.46041  0.00169123
        5512       -0.44   -0.460406  0.00169093
        5513        -0.6   -0.460432  0.00169081
        5514       -0.52   -0.460443  0.00169054
        5515       -0.44   -0.460439  0.00169023
        5516       -0.52    -0.46045  0.00168996
        5517       -0.52    -0.46046  0.00168969
        5518       -0.68     -0.4605  0.00168985
        5519       -0.92   -0.460583   0.0016916
        5520       -0.68   -0.460623  0.00169176
        5521       -0.52   -0.460634  0.00169148
        5522       -0.52   -0.460645  0.00169121
        5523       -0.76   -0.460699  0.00169177
        5524       -0.44   -0.460695  0.00169147
        5525       -0.36   -0.460677  0.00169126
        5526       -0.36   -0.460659  0.00169106
        5527       -0.44   -0.460655  0.00169075
        5528       -0.36   -0.460637  0.00169055
        5529       -0.44   -0.460633  0.00169024
        5530       -0.52   -0.460644  0.00168997
        5531       -0.52   -0.460654   0.0016897
        5532       -0.52   -0.460665  0.00168943
        5533        -0.6    -0.46069  0.00168931
        5534       -0.52   -0.460701  0.00168904
        5535       -0.44   -0.460697  0.00168874
        5536       -0.52   -0.460708  0.00168847
        5537       -0.68   -0.460748  0.00168863
        5538       -0.68   -0.460787  0.00168879
        5539       -0.52   -0.460798  0.00168852
        5540       -0.36    -0.46078  0.00168831
        5541       -0.36   -0.460762   0.0016881
        5542       -0.68   -0.460801  0.00168826
        5543       -0.44   -0.460797  0.00168796
        5544       -0.44   -0.460794  0.00168766
        5545       -0.28   -0.460761  0.00168767
        5546       -0.36   -0.460743  0.00168747
        5547       -0.28    -0.46071  0.00168748
        5548       -0.36   -0.460692  0.00168727
        5549        -0.2   -0.460645  0.00168762
        5550       -0.28   -0.460613  0.00168763
        5551        -0.2   -0.460566  0.00168798
        5552       -0.36   -0.460548  0.00168777
        5553        -0.2   -0.460501  0.00168812
        5554       -0.36   -0.460483  0.00168791
        5555       -0.28    -0.46045  0.00168792
        5556       -0.52   -0.460461  0.00168765
        5557       -0.52   -0.460471  0.00168738
        5558       -0.36   -0.460453  0.00168717
        5559       -0.68   -0.460493  0.00168733
        5560       -0.36   -0.460475  0.00168713
        5561       -0.44   -0.460471  0.00168683
        5562       -0.44   -0.460467  0.00168653
        5563        -0.6   -0.460493  0.00168641
        5564        -0.6   -0.460518  0.00168629
        5565       -0.76   -0.460571  0.00168685
        5566       -0.36   -0.460553  0.00168664
        5567       -0.28   -0.460521  0.00168665
        5568       -0.52   -0.460532  0.00168638
        5569       -0.44   -0.460528  0.00168608
        5570        -0.2   -0.460481  0.00168643
        5571       -0.12    -0.46042  0.00168723
        5572       -0.28   -0.460388  0.00168724
        5573       -0.52   -0.460398  0.00168697
        5574        -0.6   -0.460423  0.00168686
        5575       -0.68   -0.460463  0.00168701
        5576       -0.44   -0.460459  0.00168672
        5577       -0.28   -0.460427  0.00168672
        5578       -0.44   -0.460423  0.00168643
        5579       -0.36   -0.460405  0.00168622
        5580       -0.28   -0.460373  0.00168623
        5581       -0.44   -0.460369  0.00168593
        5582       -0.36   -0.460351  0.00168572
        5583       -0.44   -0.460347  0.00168542
        5584       -0.44   -0.460344  0.00168513
        5585       -0.44    -0.46034  0.00168483
        5586        -0.2   -0.460294  0.00168517
        5587        -0.2   -0.460247  0.00168551
        5588        -0.2     -0.4602  0.00168586
        5589       -0.52   -0.460211  0.00168559
        5590       -0.44   -0.460208  0.00168529
        5591       -0.36    -0.46019  0.00168508
        5592       -0.28   -0.460157  0.00168509
        5593       -0.52   -0.460168  0.00168482
        5594       -0.44   -0.460164  0.00168453
        5595       -0.36   -0.460147  0.00168432
        5596        -0.6   -0.460172   0.0016842
        5597        -0.6   -0.460197  0.00168409
        5598       -0.52   -0.460207  0.00168382
        5599        -0.6   -0.460232  0.00168371
        5600       -0.52   -0.460243  0.00168344
        5601        -0.6   -0.460268  0.00168332
        5602        -0.6   -0.460293  0.00168321
        5603       -0.68   -0.460332  0.00168336
        5604        -0.6   -0.460357  0.00168325
        5605        -0.6   -0.460382  0.00168313
        5606        -0.6   -0.460407  0.00168302
        5607       -0.44   -0.460403  0.00168272
        5608       -0.52   -0.460414  0.00168245
        5609       -0.68   -0.460453  0.00168261
        5610        -0.2   -0.460406  0.00168295
        5611       -0.12   -0.460346  0.00168374
        5612       -0.44   -0.460342  0.00168345
        5613       -0.36   -0.460324  0.00168324
        5614       -0.28   -0.460292  0.00168325
        5615        -0.6   -0.460317  0.00168313
        5616       -0.44   -0.460313  0.00168284
        5617       -0.44    -0.46031  0.00168254
        5618       -0.36   -0.460292  0.00168234
        5619       -0.28    -0.46026  0.00168234
        5620        -0.6   -0.460285  0.00168223
        5621        -0.6    -0.46031  0.00168211
        5622       -0.52    -0.46032  0.00168185
        5623       -0.28   -0.460288  0.00168185
        5624       -0.44   -0.460284  0.00168156
        5625        -0.2   -0.460238   0.0016819
        5626        -0.6   -0.460263  0.00168178
        5627        -0.6   -0.460288  0.00168166
        5628       -0.36    -0.46027  0.00168146
        5629       -0.52   -0.460281  0.00168119
        5630       -0.36   -0.460263  0.00168099
        5631       -0.36   -0.460245  0.00168079
        5632       -0.52   -0.460256  0.00168052
        5633       -0.44   -0.460252  0.00168023
        5634       -0.44   -0.460248  0.00167993
        5635       -0.44   -0.460245  0.00167964
        5636       -0.52   -0.460256  0.00167937
        5637       -0.52   -0.460266  0.00167911
        5638        -0.6   -0.460291  0.00167899
        5639       -0.52   -0.460301  0.00167873
        5640       -0.52   -0.460312  0.00167847
        5641       -0.44   -0.460308  0.00167817
        5642       -0.36   -0.460291  0.00167797
        5643       -0.36   -0.460273  0.00167777
        5644       -0.52   -0.460283   0.0016775
        5645       -0.68   -0.460322  0.00167766
        5646       -0.68   -0.460361  0.00167781
        5647       -0.28   -0.460329  0.00167782
        5648       -0.28   -0.460297  0.00167782
        5649        -0.2   -0.460251  0.00167816
        5650       -0.44   -0.460248  0.00167787
        5651       -0.52   -0.460258   0.0016776
        5652       -0.44   -0.460255  0.00167731
        5653       -0.44   -0.460251  0.00167702
        5654       -0.36   -0.460233  0.00167681
        5655       -0.52   -0.460244  0.00167655
        5656       -0.52   -0.460255  0.00167629
        5657       -0.52   -0.460265  0.00167602
        5658       -0.52   -0.460276  0.00167576
        5659       -0.44   -0.460272  0.00167547
        5660       -0.44   -0.460269  0.00167518
        5661       -0.44   -0.460265  0.00167488
        5662       -0.12   -0.460205  0.00167567
        5663       -0.52   -0.460215   0.0016754
        5664       -0.52   -0.460226  0.00167514
        5665       -0.44   -0.460222  0.00167485
        5666       -0.52   -0.460233  0.00167459
        5667        -0.6   -0.460258  0.00167447
        5668       -0.52   -0.460268  0.00167421
        5669        -0.6   -0.460293   0.0016741
        5670       -0.68   -0.460332  0.00167425
        5671       -0.36   -0.460314  0.00167405
        5672       -0.36   -0.460296  0.00167385
        5673       -0.52   -0.460307  0.00167358
        5674       -0.28   -0.460275  0.00167359
        5675       -0.68   -0.460314  0.00167374
        5676       -0.52   -0.460324  0.00167348
        5677       -0.44   -0.460321  0.00167319
        5678       -0.28   -0.460289   0.0016732
        5679       -0.36   -0.460271    0.001673
        5680        -0.6   -0.460296  0.00167288
        5681       -0.52   -0.460306  0.00167262
        5682       -0.36   -0.460289  0.00167242
        5683       -0.36   -0.460271  0.00167222
        5684       -0.52   -0.460281  0.00167196
        5685       -0.36   -0.460264  0.00167176
        5686       -0.28   -0.460232  0.00167176
        5687        -0.6   -0.460257  0.00167165
        5688       -0.36   -0.460239  0.00167145
        5689       -0.36   -0.460221  0.00167125
        5690       -0.52   -0.460232  0.00167099
        5691       -0.52   -0.460242  0.00167073
        5692       -0.44   -0.460239  0.00167044
        5693        -0.6   -0.460263  0.00167032
        5694        -0.6   -0.460288  0.00167021
        5695       -0.68   -0.460327  0.00167036
        5696        -0.6   -0.460351  0.00167025
        5697       -0.36   -0.460334  0.00167005
        5698       -0.52   -0.460344  0.00166979
        5699       -0.44    -0.46034   0.0016695
        5700       -0.36   -0.460323   0.0016693
        5701       -0.52   -0.460333  0.00166904
        5702       -0.52   -0.460344  0.00166878
        5703       -0.52   -0.460354  0.00166852
        5704       -0.52   -0.460365  0.00166826
        5705       -0.68   -0.460403  0.00166841
        5706       -0.44     -0.4604  0.00166812
        5707       -0.52    -0.46041  0.00166786
        5708       -0.44   -0.460406  0.00166758
        5709       -0.28   -0.460375  0.00166758
        5710        -0.2   -0.460329  0.00166791
        5711       -0.52    -0.46034  0.00166765
        5712       -0.36   -0.460322  0.00166746
        5713       -0.28   -0.460291  0.00166746
        5714       -0.44   -0.460287  0.00166717
        5715       -0.44   -0.460283  0.00166689
        5716       -0.44    -0.46028   0.0016666
        5717       -0.44   -0.460276  0.00166631
        5718       -0.12   -0.460217  0.00166708
        5719       -0.44   -0.460213  0.00166679
        5720        -0.6   -0.460238  0.00166668
        5721       -0.44   -0.460234  0.00166639
        5722       -0.52   -0.460245  0.00166614
        5723        -0.6   -0.460269  0.00166602
        5724        -0.6   -0.460294  0.00166591
        5725       -0.68   -0.460332  0.00166606
        5726       -0.28     -0.4603  0.00166607
        5727        -0.6   -0.460325  0.00166596
        5728        -0.6   -0.460349  0.00166584
        5729       -0.52    -0.46036  0.00166559
        5730       -0.44   -0.460356   0.0016653
        5731       -0.44   -0.460352  0.00166501
        5732       -0.36   -0.460335  0.00166481
        5733       -0.44   -0.460331  0.00166453
        5734       -0.28     -0.4603  0.00166453
        5735       -0.44   -0.460296  0.00166425
        5736       -0.36   -0.460279  0.00166405
        5737       -0.36   -0.460261  0.00166385
        5738       -0.52   -0.460272  0.00166359
        5739        -0.6   -0.460296  0.00166348
        5740       -0.52   -0.460307  0.00166322
        5741        -0.6   -0.460331  0.00166311
        5742       -0.44   -0.460327  0.00166283
        5743       -0.52   -0.460338  0.00166257
        5744       -0.52   -0.460348  0.00166231
        5745       -0.52   -0.460359  0.00166206
        5746        -0.6   -0.460383  0.00166194
        5747       -0.52   -0.460393  0.00166169
        5748        -0.6   -0.460418  0.00166158
        5749        -0.6   -0.460442  0.00166146
        5750        -0.6   -0.460466  0.00166135
        5751       -0.36   -0.460449  0.00166116
        5752       -0.36   -0.460431  0.00166096
        5753       -0.28     -0.4604  0.00166097
        5754       -0.36   -0.460382  0.00166077
        5755       -0.52   -0.460393  0.00166051
        5756        -0.2   -0.460347  0.00166084
        5757       -0.28   -0.460316  0.00166085
        5758       -0.36   -0.460299  0.00166065
        5759        -0.2   -0.460254  0.00166098
        5760       -0.36   -0.460236  0.00166078
        5761       -0.52   -0.460246  0.00166052
        5762       -0.44   -0.460243  0.00166024
        5763       -0.52   -0.460253  0.00165998
        5764       -0.36   -0.460236  0.00165979
        5765       -0.36   -0.460219  0.00165959
        5766       -0.52   -0.460229  0.00165933
        5767        -0.6   -0.460253  0.00165922
        5768       -0.36   -0.460236  0.00165903
        5769       -0.52   -0.460246  0.00165877
        5770       -0.44   -0.460243  0.00165849
        5771       -0.52   -0.460253  0.00165823
        5772       -0.36   -0.460236  0.00165804
        5773       -0.68   -0.460274  0.00165819
        5774       -0.68   -0.460312  0.00165834
        5775       -0.52   -0.460322  0.00165808
        5776       -0.44   -0.460319   0.0016578
        5777       -0.44   -0.460315  0.00165751
        5778       -0.44   -0.460312  0.00165723
        5779       -0.44   -0.460308  0.00165695
        5780       -0.36   -0.460291  0.00165675
        5781       -0.52   -0.460301   0.0016565
        5782       -0.36   -0.460284   0.0016563
        5783       -0.44    -0.46028  0.00165602
        5784       -0.44   -0.460277  0.00165574
        5785       -0.44   -0.460273  0.00165545
        5786        -0.6   -0.460297  0.00165534
        5787       -0.28   -0.460266  0.00165535
        5788       -0.36   -0.460249  0.00165516
        5789        -0.2   -0.460204  0.00165548
        5790        -0.2   -0.460159   0.0016558
        5791       -0.52   -0.460169  0.00165555
        5792       -0.68   -0.460207   0.0016557
        5793       -0.68   -0.460245  0.00165585
        5794       -0.44   -0.460242  0.00165557
        5795       -0.52   -0.460252  0.00165531
        5796       -0.28   -0.460221  0.00165532
        5797        -0.6   -0.460245  0.00165521
        5798        -0.6   -0.460269   0.0016551
        5799        -0.6   -0.460293  0.00165499
        5800       -0.52   -0.460303  0.00165474
        5801        -0.6   -0.460328  0.00165463
        5802       -0.52   -0.460338  0.00165437
        5803       -0.44   -0.460334  0.00165409
        5804       -0.44   -0.460331  0.00165381
        5805       -0.44   -0.460327  0.00165353
        5806       -0.36    -0.46031  0.00165333
        5807       -0.52    -0.46032  0.00165308
        5808       -0.28   -0.460289  0.00165309
        5809       -0.28   -0.460258   0.0016531
        5810        -0.6   -0.460282  0.00165299
        5811        -0.6   -0.460306  0.00165288
        5812       -0.36   -0.460289  0.00165268
        5813       -0.52   -0.460299  0.00165243
        5814       -0.44   -0.460296  0.00165215
        5815       -0.68   -0.460334   0.0016523
        5816       -0.52   -0.460344  0.00165205
        5817       -0.36   -0.460327  0.00165185
        5818       -0.36   -0.460309  0.00165166
        5819        -0.2   -0.460265  0.00165198
        5820       -0.44   -0.460261   0.0016517
        5821       -0.44   -0.460258  0.00165142
        5822       -0.28   -0.460227  0.00165143
        5823       -0.44   -0.460223  0.00165115
        5824       -0.36   -0.460206  0.00165095
        5825       -0.52   -0.460216   0.0016507
        5826       -0.68   -0.460254  0.00165085
        5827       -0.68   -0.460292    0.001651
        5828       -0.52   -0.460302  0.00165074
        5829       -0.44   -0.460299  0.00165046
        5830        -0.6   -0.460322  0.00165035
        5831       -0.52   -0.460333   0.0016501
        5832       -0.28   -0.460302  0.00165011
        5833        -0.6   -0.460326     0.00165
        5834       -0.52   -0.460336  0.00164975
        5835       -0.68   -0.460374   0.0016499
        5836       -0.52   -0.460384  0.00164965
        5837        -0.6   -0.460408  0.00164954
        5838       -0.52   -0.460418  0.00164929
        5839       -0.44   -0.460414  0.00164901
        5840       -0.36   -0.460397  0.00164881
        5841       -0.44   -0.460394  0.00164854
        5842        -0.6   -0.460418  0.00164843
        5843       -0.44   -0.460414  0.00164815
        5844       -0.44   -0.460411  0.00164787
        5845       -0.44   -0.460407  0.00164759
        5846       -0.36    -0.46039   0.0016474
        5847        -0.6   -0.460414  0.00164729
        5848       -0.52   -0.460424  0.00164704
        5849       -0.52   -0.460434  0.00164679
        5850        -0.6   -0.460458  0.00164668
        5851       -0.36   -0.460441  0.00164649
        5852       -0.44   -0.460437  0.00164621
        5853       -0.76   -0.460489  0.00164673
        5854        -0.6   -0.460512  0.00164662
        5855       -0.44   -0.460509  0.00164634
        5856       -0.68   -0.460546  0.00164649
        5857       -0.44   -0.460543  0.00164621
        5858        -0.6   -0.460567   0.0016461
        5859       -0.44   -0.460563  0.00164582
        5860       -0.44    -0.46056  0.00164554
        5861       -0.28   -0.460529  0.00164555
        5862       -0.44   -0.460525  0.00164528
        5863       -0.44   -0.460522    0.001645
        5864       -0.52   -0.460532  0.00164475
        5865       -0.52   -0.460542   0.0016445
        5866       -0.52   -0.460552  0.00164425
        5867        -0.6   -0.460576  0.00164414
        5868       -0.36   -0.460559  0.00164395
        5869       -0.28   -0.460528  0.00164396
        5870       -0.36   -0.460511  0.00164377
        5871       -0.44   -0.460508  0.00164349
        5872       -0.36    -0.46049   0.0016433
        5873       -0.28    -0.46046  0.00164331
        5874       -0.28   -0.460429  0.00164332
        5875       -0.44   -0.460426  0.00164304
        5876       -0.44   -0.460422  0.00164276
        5877       -0.36   -0.460405  0.00164257
        5878       -0.36   -0.460388  0.00164238
        5879        -0.6   -0.460412  0.00164228
        5880        -0.6   -0.460435  0.00164217
        5881        -0.6   -0.460459  0.00164206
        5882       -0.36   -0.460442  0.00164187
        5883       -0.52   -0.460452  0.00164162
        5884        -0.6   -0.460476  0.00164151
        5885       -0.44   -0.460472  0.00164124
        5886       -0.28   -0.460442  0.00164125
        5887       -0.44   -0.460438  0.00164097
        5888        -0.6   -0.460462  0.00164086
        5889        -0.6   -0.460486  0.00164076
        5890       -0.36   -0.460469  0.00164057
        5891       -0.52   -0.460479  0.00164032
        5892       -0.44   -0.460475  0.00164004
        5893       -0.52   -0.460485   0.0016398
        5894       -0.52   -0.460495  0.00163955
        5895       -0.44   -0.460492  0.00163928
        5896       -0.52   -0.460502  0.00163903
        5897       -0.28   -0.460471  0.00163904
        5898       -0.44   -0.460468  0.00163876
        5899        -0.2   -0.460424  0.00163908
        5900       -0.36   -0.460407  0.00163889
        5901       -0.36    -0.46039   0.0016387
        5902       -0.44   -0.460386  0.00163843
        5903       -0.36   -0.460369  0.00163824
        5904       -0.52   -0.460379  0.00163799
        5905       -0.68   -0.460417  0.00163814
        5906       -0.68   -0.460454  0.00163828
        5907        -0.6   -0.460477  0.00163817
        5908       -0.68   -0.460515  0.00163832
        5909       -0.28   -0.460484  0.00163832
        5910       -0.28   -0.460453  0.00163833
        5911       -0.36   -0.460436  0.00163814
        5912       -0.44   -0.460433  0.00163787
        5913       -0.28   -0.460403  0.00163788
        5914       -0.36   -0.460386  0.00163769
        5915        -0.2   -0.460342    0.001638
        5916       -0.36   -0.460325  0.00163781
        5917       -0.36   -0.460308  0.00163762
        5918       -0.52   -0.460318  0.00163738
        5919       -0.52   -0.460328  0.00163713
        5920       -0.68   -0.460365  0.00163728
        5921       -0.52   -0.460375  0.00163703
        5922       -0.52   -0.460385  0.00163679
        5923       -0.52   -0.460395  0.00163654
        5924       -0.52   -0.460405  0.00163629
        5925       -0.44   -0.460402  0.00163602
        5926       -0.52   -0.460412  0.00163578
        5927        -0.6   -0.460435  0.00163567
        5928        -0.6   -0.460459  0.00163556
        5929       -0.44   -0.460455  0.00163529
        5930       -0.52   -0.460465  0.00163505
        5931       -0.52   -0.460475   0.0016348
        5932       -0.44   -0.460472  0.00163453
        5933       -0.44   -0.460469  0.00163426
        5934       -0.68   -0.460506   0.0016344
        5935       -0.76   -0.460556  0.00163491
        5936        -0.6    -0.46058   0.0016348
        5937       -0.52    -0.46059  0.00163455
        5938        -0.6   -0.460613  0.00163445
        5939       -0.52   -0.460623   0.0016342
        5940       -0.52   -0.460633  0.00163396
        5941       -0.44    -0.46063  0.00163369
        5942       -0.76    -0.46068  0.00163419
        5943       -0.52    -0.46069  0.00163394
        5944       -0.52     -0.4607   0.0016337
        5945       -0.36   -0.460683  0.00163351
        5946       -0.44   -0.460679  0.00163324
        5947       -0.28   -0.460649  0.00163325
        5948        -0.6   -0.460672  0.00163314
        5949       -0.52   -0.460682   0.0016329
        5950       -0.36   -0.460666  0.00163271
        5951       -0.52   -0.460676  0.00163247
        5952       -0.36   -0.460659  0.00163228
        5953       -0.44   -0.460655  0.00163201
        5954       -0.44   -0.460652  0.00163174
        5955       -0.52   -0.460662   0.0016315
        5956       -0.36   -0.460645  0.00163131
        5957       -0.44   -0.460641  0.00163104
        5958       -0.52   -0.460651   0.0016308
        5959       -0.44   -0.460648  0.00163053
        5960       -0.36   -0.460631  0.00163034
        5961       -0.28   -0.460601  0.00163035
        5962       -0.52   -0.460611  0.00163011
        5963       -0.44   -0.460607  0.00162984
        5964       -0.28   -0.460577  0.00162984
        5965       -0.76   -0.460627  0.00163034
        5966       -0.68   -0.460664  0.00163049
        5967       -0.52   -0.460674  0.00163024
        5968       -0.36   -0.460657  0.00163006
        5969        -0.2   -0.460613  0.00163037
        5970       -0.12   -0.460556  0.00163109
        5971       -0.44   -0.460553  0.00163082
        5972       -0.36   -0.460536  0.00163064
        5973       -0.28   -0.460506  0.00163064
        5974       -0.52   -0.460516   0.0016304
        5975       -0.36   -0.460499  0.00163022
        5976       -0.28   -0.460469  0.00163022
        5977       -0.36   -0.460452  0.00163004
        5978        -0.6   -0.460475  0.00162993
        5979       -0.52   -0.460485  0.00162969
        5980       -0.52   -0.460495  0.00162945
        5981       -0.36   -0.460478  0.00162926
        5982        -0.2   -0.460435  0.00162957
        5983       -0.36   -0.460418  0.00162938
        5984       -0.68   -0.460455  0.00162953
        5985       -0.52   -0.460464  0.00162928
        5986       -0.76   -0.460515  0.00162978
        5987        -0.6   -0.460538  0.00162967
        5988       -0.68   -0.460574  0.00162981
        5989       -0.68   -0.460611  0.00162995
        5990       -0.68   -0.460648  0.00163009
        5991        -0.6   -0.460671  0.00162999
        5992       -0.52   -0.460681  0.00162974
        5993       -0.44   -0.460677  0.00162948
        5994       -0.36   -0.460661  0.00162929
        5995       -0.44   -0.460657  0.00162902
        5996       -0.68   -0.460694  0.00162916
        5997       -0.36   -0.460677  0.00162898
        5998        -0.6     -0.4607  0.00162887
        5999       -0.68   -0.460737  0.00162901
        6000       -0.68   -0.460773  0.00162915
        6001        -0.2    -0.46073  0.00162946
        6002       -0.52    -0.46074  0.00162921
        6003       -0.44   -0.460736  0.00162895
        6004       -0.36    -0.46072  0.00162876
        6005        -0.6   -0.460743  0.00162866
        6006       -0.52   -0.460753  0.00162841
        6007       -0.52   -0.460762  0.00162817
        6008       -0.52   -0.460772  0.00162793
        6009       -0.44   -0.460769  0.00162766
        6010        -0.6   -0.460792  0.00162756
        6011       -0.52   -0.460802  0.00162732
        6012       -0.44   -0.460798  0.00162705
        6013       -0.52   -0.460808  0.00162681
        6014        -0.6   -0.460831   0.0016267
        6015       -0.52   -0.460841  0.00162646
        6016       -0.52   -0.460851  0.00162622
        6017       -0.44   -0.460848  0.00162596
        6018       -0.68   -0.460884  0.00162609
        6019        -0.6   -0.460907  0.00162599
        6020       -0.52   -0.460917  0.00162575
        6021        -0.6    -0.46094  0.00162564
        6022        -0.6   -0.460963  0.00162554
        6023       -0.36   -0.460946  0.00162535
        6024       -0.36    -0.46093  0.00162517
        6025       -0.28     -0.4609  0.00162518
        6026       -0.44   -0.460896  0.00162491
        6027       -0.44   -0.460893  0.00162464
        6028       -0.68   -0.460929  0.00162478
        6029        -0.6   -0.460952  0.00162468
        6030        -0.6   -0.460975  0.00162457
        6031       -0.68   -0.461011  0.00162471
        6032        -0.6   -0.461034   0.0016246
        6033       -0.12   -0.460978  0.00162531
        6034       -0.52   -0.460988  0.00162507
        6035       -0.52   -0.460998  0.00162483
        6036        -0.6   -0.461021  0.00162473
        6037       -0.44   -0.461017  0.00162446
        6038       -0.36      -0.461  0.00162428
        6039       -0.52    -0.46101  0.00162404
        6040       -0.36   -0.460993  0.00162386
        6041       -0.36   -0.460977  0.00162367
        6042        -0.6      -0.461  0.00162357
        6043       -0.44   -0.460996   0.0016233
        6044       -0.36   -0.460979  0.00162312
        6045       -0.52   -0.460989  0.00162288
        6046       -0.44   -0.460986  0.00162262
        6047       -0.44   -0.460982  0.00162235
        6048       -0.68   -0.461019  0.00162249
        6049       -0.52   -0.461028  0.00162225
        6050        -0.6   -0.461051  0.00162214
        6051        -0.6   -0.461074  0.00162204
        6052        -0.6   -0.461097  0.00162193
        6053       -0.36    -0.46108  0.00162175
        6054        -0.6   -0.461103  0.00162165
        6055       -0.52   -0.461113  0.00162141
        6056       -0.44    -0.46111  0.00162114
        6057       -0.12   -0.461053  0.00162185
        6058       -0.52   -0.461063  0.00162162
        6059       -0.44    -0.46106  0.00162135
        6060       -0.52   -0.461069  0.00162111
        6061       -0.28   -0.461039  0.00162112
        6062       -0.52   -0.461049  0.00162088
        6063       -0.36   -0.461032   0.0016207
        6064       -0.28   -0.461003  0.00162071
        6065       -0.44   -0.460999  0.00162044
        6066       -0.44   -0.460996  0.00162018
        6067       -0.28   -0.460966  0.00162019
        6068       -0.44   -0.460962  0.00161993
        6069       -0.36   -0.460946  0.00161974
        6070       -0.36   -0.460929  0.00161956
        6071        -0.2   -0.460886  0.00161987
        6072       -0.28   -0.460856  0.00161987
        6073       -0.36    -0.46084  0.00161969
        6074       -0.12   -0.460784   0.0016204
        6075       -0.28   -0.460754   0.0016204
        6076       -0.52   -0.460764  0.00162017
        6077       -0.52   -0.460773  0.00161993
        6078       -0.52   -0.460783  0.00161969
        6079       -0.44    -0.46078  0.00161943
        6080       -0.28    -0.46075  0.00161944
        6081       -0.28    -0.46072  0.00161944
        6082       -0.28   -0.460691  0.00161945
        6083       -0.36   -0.460674  0.00161927
        6084       -0.28   -0.460644  0.00161927
        6085       -0.28   -0.460615  0.00161928
        6086       -0.36   -0.460598   0.0016191
        6087       -0.52   -0.460608  0.00161886
        6088       -0.52   -0.460618  0.00161862
        6089       -0.28   -0.460588  0.00161863
        6090       -0.36   -0.460571  0.00161845
        6091       -0.44   -0.460568  0.00161819
        6092       -0.44   -0.460565  0.00161792
        6093       -0.52   -0.460574  0.00161769
        6094       -0.44   -0.460571  0.00161743
        6095       -0.52   -0.460581  0.00161719
        6096       -0.52   -0.460591  0.00161695
        6097       -0.52     -0.4606  0.00161672
        6098       -0.52    -0.46061  0.00161648
        6099       -0.44   -0.460607  0.00161622
        6100       -0.52   -0.460616  0.00161599
        6101       -0.44   -0.460613  0.00161572
        6102        -0.2    -0.46057  0.00161602
        6103       -0.36   -0.460554  0.00161584
        6104       -0.36   -0.460537  0.00161566
        6105       -0.44   -0.460534   0.0016154
        6106       -0.36   -0.460518  0.00161522
        6107       -0.28   -0.460488  0.00161523
        6108       -0.36   -0.460472  0.00161505
        6109       -0.52   -0.460481  0.00161481
        6110       -0.44   -0.460478  0.00161455
        6111       -0.44   -0.460475  0.00161429
        6112        -0.2   -0.460432  0.00161459
        6113       -0.36   -0.460416  0.00161441
        6114       -0.36   -0.460399  0.00161423
        6115       -0.52   -0.460409  0.00161399
        6116       -0.44   -0.460405  0.00161373
        6117       -0.44   -0.460402  0.00161347
        6118       -0.44   -0.460399  0.00161321
        6119       -0.52   -0.460409  0.00161298
        6120       -0.36   -0.460392   0.0016128
        6121        -0.2    -0.46035  0.00161309
        6122       -0.36   -0.460333  0.00161291
        6123       -0.44    -0.46033  0.00161265
        6124        -0.2   -0.460287  0.00161295
        6125       -0.28   -0.460258  0.00161296
        6126        -0.6   -0.460281  0.00161285
        6127       -0.44   -0.460277  0.00161259
        6128       -0.36   -0.460261  0.00161241
        6129       -0.36   -0.460245  0.00161223
        6130       -0.44   -0.460241  0.00161197
        6131       -0.44   -0.460238  0.00161171
        6132       -0.28   -0.460209  0.00161172
        6133       -0.44   -0.460205  0.00161146
        6134       -0.36   -0.460189  0.00161128
        6135       -0.44   -0.460186  0.00161102
        6136       -0.52   -0.460196  0.00161079
        6137       -0.52   -0.460205  0.00161055
        6138        -0.6   -0.460228  0.00161045
        6139        -0.6   -0.460251  0.00161035
        6140       -0.76     -0.4603  0.00161083
        6141        -0.6   -0.460322  0.00161073
        6142       -0.28   -0.460293  0.00161073
        6143       -0.36   -0.460277  0.00161055
        6144       -0.52   -0.460286  0.00161032
        6145       -0.52   -0.460296  0.00161009
        6146       -0.44   -0.460293  0.00160983
        6147       -0.44    -0.46029  0.00160957
        6148       -0.52   -0.460299  0.00160934
        6149       -0.44   -0.460296  0.00160908
        6150        -0.6   -0.460319  0.00160898
        6151       -0.44   -0.460315  0.00160872
        6152        -0.6   -0.460338  0.00160862
        6153       -0.76   -0.460387   0.0016091
        6154       -0.68   -0.460422  0.00160923
        6155       -0.28   -0.460393  0.00160923
        6156       -0.36   -0.460377  0.00160906
        6157       -0.44   -0.460374   0.0016088
        6158       -0.44    -0.46037  0.00160854
        6159       -0.44   -0.460367  0.00160828
        6160        -0.6    -0.46039  0.00160818
        6161       -0.52   -0.460399  0.00160795
        6162       -0.44   -0.460396  0.00160769
        6163       -0.52   -0.460406  0.00160746
        6164       -0.44   -0.460402   0.0016072
        6165       -0.52   -0.460412  0.00160697
        6166       -0.36   -0.460396  0.00160679
        6167       -0.44   -0.460392  0.00160654
        6168       -0.28   -0.460363  0.00160654
        6169       -0.44    -0.46036  0.00160628
        6170       -0.36   -0.460344  0.00160611
        6171       -0.36   -0.460327  0.00160593
        6172       -0.44   -0.460324  0.00160567
        6173        -0.6   -0.460347  0.00160557
        6174        -0.6   -0.460369  0.00160547
        6175       -0.44   -0.460366  0.00160521
        6176       -0.52   -0.460376  0.00160498
        6177       -0.44   -0.460372  0.00160473
        6178       -0.28   -0.460343  0.00160473
        6179       -0.44    -0.46034  0.00160448
        6180       -0.28   -0.460311  0.00160448
        6181       -0.28   -0.460282  0.00160449
        6182       -0.52   -0.460291  0.00160426
        6183       -0.52   -0.460301  0.00160403
        6184        -0.6   -0.460323  0.00160393
        6185       -0.52   -0.460333   0.0016037
        6186        -0.6   -0.460356   0.0016036
        6187       -0.68   -0.460391  0.00160373
        6188       -0.68   -0.460427  0.00160386
        6189       -0.44   -0.460423  0.00160361
        6190       -0.44    -0.46042  0.00160335
        6191       -0.44   -0.460417   0.0016031
        6192       -0.36   -0.460401  0.00160292
        6193        -0.2   -0.460358  0.00160321
        6194       -0.36   -0.460342  0.00160303
        6195       -0.36   -0.460326  0.00160286
        6196       -0.52   -0.460336  0.00160263
        6197       -0.52   -0.460345   0.0016024
        6198       -0.44   -0.460342  0.00160214
        6199       -0.36   -0.460326  0.00160197
        6200       -0.52   -0.460335  0.00160174
        6201       -0.52   -0.460345  0.00160151
        6202       -0.28   -0.460316  0.00160151
        6203       -0.52   -0.460326  0.00160128
        6204        -0.6   -0.460348  0.00160118
        6205       -0.28   -0.460319  0.00160119
        6206        -0.6   -0.460342  0.00160109
        6207        -0.6   -0.460364  0.00160099
        6208       -0.44   -0.460361  0.00160074
        6209       -0.36   -0.460345  0.00160056
        6210       -0.36   -0.460329  0.00160038
        6211       -0.36   -0.460312  0.00160021
        6212        -0.6   -0.460335  0.00160011
        6213       -0.44   -0.460332  0.00159985
        6214       -0.44   -0.460328   0.0015996
        6215       -0.52   -0.460338  0.00159937
        6216       -0.36   -0.460322  0.00159919
        6217       -0.36   -0.460306  0.00159902
        6218       -0.28   -0.460277  0.00159902
        6219       -0.36    -0.46026  0.00159885
        6220       -0.36   -0.460244  0.00159867
        6221       -0.52   -0.460254  0.00159844
        6222       -0.52   -0.460264  0.00159822
        6223       -0.44    -0.46026  0.00159796
        6224       -0.44   -0.460257  0.00159771
        6225       -0.44   -0.460254  0.00159746
        6226        -0.6   -0.460276  0.00159736
        6227       -0.44   -0.460273   0.0015971
        6228       -0.36   -0.460257  0.00159693
        6229       -0.36   -0.460241  0.00159675
        6230       -0.36   -0.460225  0.00159658
        6231        -0.6   -0.460247  0.00159648
        6232       -0.44   -0.460244  0.00159623
        6233       -0.68   -0.460279  0.00159636
        6234       -0.68   -0.460314  0.00159649
        6235       -0.76   -0.460362  0.00159696
        6236       -0.76   -0.460411  0.00159743
        6237       -0.44   -0.460407  0.00159717
        6238       -0.52   -0.460417  0.00159695
        6239       -0.36   -0.460401  0.00159677
        6240       -0.52    -0.46041  0.00159654
        6241       -0.52    -0.46042  0.00159632
        6242       -0.52   -0.460429  0.00159609
        6243       -0.44   -0.460426  0.00159584
        6244       -0.36    -0.46041  0.00159566
        6245       -0.28   -0.460381  0.00159567
        6246       -0.36   -0.460365  0.00159549
        6247       -0.44   -0.460362  0.00159524
        6248       -0.52   -0.460371  0.00159502
        6249       -0.44   -0.460368  0.00159476
        6250       -0.52   -0.460378  0.00159454
        6251       -0.52   -0.460387  0.00159431
        6252        -0.6   -0.460409  0.00159421
        6253       -0.52   -0.460419  0.00159399
        6254       -0.44   -0.460416  0.00159373
        6255        -0.6   -0.460438  0.00159364
        6256        -0.6    -0.46046  0.00159354
        6257        -0.6   -0.460483  0.00159344
        6258        -0.6   -0.460505  0.00159334
        6259        -0.6   -0.460527  0.00159324
        6260       -0.52   -0.460537  0.00159301
        6261        -0.6   -0.460559  0.00159292
        6262       -0.52   -0.460569  0.00159269
        6263        -0.6   -0.460591  0.00159259
        6264       -0.44   -0.460587  0.00159234
        6265       -0.28   -0.460559  0.00159235
        6266       -0.36   -0.460543  0.00159217
        6267       -0.36   -0.460527    0.001592
        6268       -0.52   -0.460536  0.00159177
        6269       -0.36    -0.46052   0.0015916
        6270       -0.68   -0.460555  0.00159173
        6271        -0.6   -0.460577  0.00159163
        6272       -0.68   -0.460612  0.00159176
        6273       -0.52   -0.460622  0.00159154
        6274        -0.6   -0.460644  0.00159144
        6275       -0.76   -0.460692   0.0015919
        6276        -0.6   -0.460714   0.0015918
        6277        -0.6   -0.460736   0.0015917
        6278       -0.52   -0.460745  0.00159148
        6279       -0.52   -0.460755  0.00159125
        6280        -0.6   -0.460777  0.00159115
        6281        -0.6   -0.460799  0.00159106
        6282       -0.44   -0.460796  0.00159081
        6283       -0.52   -0.460805  0.00159058
        6284       -0.44   -0.460802  0.00159033
        6285       -0.36   -0.460786  0.00159016
        6286       -0.44   -0.460783  0.00158991
        6287        -0.6   -0.460805  0.00158981
        6288        -0.6   -0.460827  0.00158971
        6289        -0.6   -0.460849  0.00158961
        6290       -0.68   -0.460884  0.00158974
        6291       -0.44   -0.460881  0.00158949
        6292       -0.68   -0.460915  0.00158962
        6293       -0.52   -0.460925   0.0015894
        6294       -0.84   -0.460985  0.00159028
        6295       -0.84   -0.461045  0.00159117
        6296        -0.6   -0.461067  0.00159107
        6297        -0.6   -0.461089  0.00159097
        6298       -0.68   -0.461124   0.0015911
        6299       -0.76   -0.461172  0.00159155
        6300        -0.6   -0.461194  0.00159145
        6301       -0.52   -0.461203  0.00159123
        6302       -0.12   -0.461149   0.0015919
        6303       -0.52   -0.461158  0.00159167
        6304       -0.52   -0.461168  0.00159145
        6305       -0.36   -0.461151  0.00159127
        6306        -0.6   -0.461173  0.00159117
        6307        -0.6   -0.461195  0.00159107
        6308       -0.68    -0.46123   0.0015912
        6309       -0.52   -0.461239  0.00159098
        6310       -0.68   -0.461274   0.0015911
        6311       -0.76   -0.461322  0.00159155
        6312       -0.52   -0.461331  0.00159133
        6313       -0.44   -0.461327  0.00159108
        6314       -0.52   -0.461337  0.00159085
        6315       -0.44   -0.461333  0.00159061
        6316       -0.76   -0.461381  0.00159106
        6317       -0.76   -0.461428  0.00159151
        6318       -0.68   -0.461462  0.00159163
        6319        -0.6   -0.461484  0.00159153
        6320       -0.52   -0.461494  0.00159131
        6321       -0.52   -0.461503  0.00159108
        6322       -0.44     -0.4615  0.00159083
        6323        -0.2   -0.461458  0.00159112
        6324       -0.52   -0.461467  0.00159089
        6325        -0.6   -0.461489  0.00159079
        6326       -0.52   -0.461499  0.00159057
        6327        -0.6    -0.46152  0.00159047
        6328       -0.52    -0.46153  0.00159024
        6329        -0.6   -0.461552  0.00159014
        6330        -0.6   -0.461573  0.00159004
        6331       -0.44    -0.46157  0.00158979
        6332        -0.6   -0.461592  0.00158969
        6333        -0.6   -0.461614  0.00158959
        6334       -0.52   -0.461623  0.00158937
        6335        -0.2   -0.461582  0.00158965
        6336       -0.12   -0.461528  0.00159032
        6337        -0.2   -0.461487   0.0015906
        6338       -0.52   -0.461496  0.00159038
        6339       -0.68    -0.46153   0.0015905
        6340       -0.52   -0.461539  0.00159028
        6341       -0.28   -0.461511  0.00159028
        6342       -0.44   -0.461507  0.00159004
        6343       -0.36   -0.461491  0.00158987
        6344       -0.44   -0.461488  0.00158962
        6345       -0.44   -0.461485  0.00158937
        6346       -0.52   -0.461494  0.00158915
        6347        -0.6   -0.461516  0.00158905
        6348       -0.52   -0.461525  0.00158882
        6349       -0.28   -0.461496  0.00158883
        6350       -0.44   -0.461493  0.00158858
        6351       -0.52   -0.461502  0.00158836
        6352       -0.44   -0.461499  0.00158811
        6353       -0.52   -0.461508  0.00158789
        6354       -0.68   -0.461542  0.00158801
        6355       -0.52   -0.461552  0.00158779
        6356       -0.52   -0.461561  0.00158757
        6357       -0.44   -0.461557  0.00158732
        6358       -0.52   -0.461567   0.0015871
        6359       -0.36   -0.461551  0.00158693
        6360       -0.36   -0.461535  0.00158676
        6361       -0.28   -0.461506  0.00158677
        6362       -0.36    -0.46149   0.0015866
        6363       -0.44   -0.461487  0.00158635
        6364       -0.44   -0.461483  0.00158611
        6365       -0.36   -0.461467  0.00158594
        6366       -0.68   -0.461502  0.00158606
        6367       -0.52   -0.461511  0.00158584
        6368       -0.36   -0.461495  0.00158567
        6369       -0.28   -0.461466  0.00158567
        6370       -0.52   -0.461476  0.00158545
        6371        -0.6   -0.461497  0.00158535
        6372        -0.6   -0.461519  0.00158525
        6373       -0.36   -0.461503  0.00158508
        6374       -0.36   -0.461487  0.00158492
        6375       -0.36   -0.461471  0.00158475
        6376       -0.36   -0.461455  0.00158458
        6377       -0.52   -0.461465  0.00158436
        6378       -0.52   -0.461474  0.00158413
        6379       -0.44    -0.46147  0.00158389
        6380       -0.28   -0.461442   0.0015839
        6381       -0.44   -0.461439  0.00158365
        6382        -0.6    -0.46146  0.00158355
        6383       -0.44   -0.461457  0.00158331
        6384       -0.12   -0.461404  0.00158396
        6385        -0.6   -0.461425  0.00158386
        6386       -0.52   -0.461434  0.00158364
        6387       -0.28   -0.461406  0.00158365
        6388       -0.28   -0.461378  0.00158366
        6389       -0.36   -0.461362  0.00158349
        6390       -0.52   -0.461371  0.00158327
        6391       -0.44   -0.461368  0.00158302
        6392       -0.36   -0.461352  0.00158285
        6393       -0.36   -0.461336  0.00158269
        6394       -0.28   -0.461307  0.00158269
        6395        -0.2   -0.461267  0.00158297
        6396       -0.44   -0.461263  0.00158273
        6397       -0.52   -0.461272  0.00158251
        6398       -0.52   -0.461282  0.00158229
        6399       -0.52   -0.461291  0.00158207
        6400       -0.52     -0.4613  0.00158185
        6401       -0.36   -0.461284  0.00158168
        6402       -0.52   -0.461293  0.00158146
        6403       -0.52   -0.461303  0.00158124
        6404       -0.36   -0.461287  0.00158107
        6405       -0.44   -0.461283  0.00158083
        6406       -0.52   -0.461293  0.00158061
        6407       -0.28   -0.461264  0.00158061
        6408       -0.36   -0.461248  0.00158044
        6409       -0.44   -0.461245   0.0015802
        6410       -0.28   -0.461217  0.00158021
        6411       -0.44   -0.461214  0.00157996
        6412       -0.52   -0.461223  0.00157974
        6413       -0.36   -0.461207  0.00157958
        6414       -0.52   -0.461216  0.00157936
        6415       -0.28   -0.461188  0.00157936
        6416       -0.68   -0.461222  0.00157949
        6417       -0.52   -0.461231  0.00157927
        6418        -0.6   -0.461253  0.00157917
        6419       -0.52   -0.461262  0.00157895
        6420        -0.6   -0.461283  0.00157885
        6421       -0.44    -0.46128  0.00157861
        6422       -0.68   -0.461314  0.00157873
        6423       -0.76   -0.461361  0.00157917
        6424       -0.52    -0.46137  0.00157895
        6425       -0.44   -0.461367  0.00157871
        6426       -0.28   -0.461338  0.00157871
        6427       -0.36   -0.461323  0.00157855
        6428       -0.44   -0.461319   0.0015783
        6429       -0.44   -0.461316  0.00157806
        6430       -0.52   -0.461325  0.00157784
        6431       -0.52   -0.461334  0.00157762
        6432       -0.44   -0.461331  0.00157738
        6433       -0.36   -0.461315  0.00157722
        6434       -0.36   -0.461299  0.00157705
        6435       -0.36   -0.461284  0.00157688
        6436       -0.28   -0.461255  0.00157689
        6437       -0.76   -0.461302  0.00157733
        6438       -0.68   -0.461336  0.00157745
        6439       -0.52   -0.461345  0.00157723
        6440        -0.6   -0.461366  0.00157713
        6441       -0.44   -0.461363  0.00157689
        6442       -0.52   -0.461372  0.00157667
        6443        -0.2   -0.461332  0.00157695
        6444       -0.52   -0.461341  0.00157673
        6445        -0.6   -0.461362  0.00157663
        6446       -0.68   -0.461396  0.00157675
        6447       -0.76   -0.461443  0.00157719
        6448       -0.68   -0.461476  0.00157731
        6449        -0.6   -0.461498  0.00157721
        6450       -0.36   -0.461482  0.00157704
        6451       -0.44   -0.461479   0.0015768
        6452        -0.6     -0.4615   0.0015767
        6453       -0.44   -0.461497  0.00157646
        6454        -0.2   -0.461456  0.00157674
        6455       -0.44   -0.461453   0.0015765
        6456       -0.68   -0.461487  0.00157662
        6457        -0.6   -0.461508  0.00157652
        6458       -0.52   -0.461517   0.0015763
        6459       -0.44   -0.461514  0.00157606
        6460       -0.28   -0.461486  0.00157607
        6461       -0.44   -0.461483  0.00157583
        6462       -0.44   -0.461479  0.00157559
        6463       -0.52   -0.461488  0.00157537
        6464        -0.2   -0.461448  0.00157565
        6465       -0.36   -0.461432  0.00157548
        6466       -0.44   -0.461429  0.00157524
        6467        -0.6    -0.46145  0.00157514
        6468       -0.44   -0.461447   0.0015749
        6469       -0.44   -0.461444  0.00157466
        6470        -0.6   -0.461465  0.00157456
        6471        -0.6   -0.461487  0.00157447
        6472       -0.68    -0.46152  0.00157458
        6473       -0.44   -0.461517  0.00157435
        6474        -0.6   -0.461538  0.00157425
        6475       -0.52   -0.461547  0.00157403
        6476        -0.6   -0.461569  0.00157393
        6477       -0.76   -0.461615  0.00157436
        6478        -0.6   -0.461636  0.00157427
        6479       -0.28   -0.461608  0.00157427
        6480       -0.36   -0.461593  0.00157411
        6481       -0.44   -0.461589  0.00157387
        6482        -0.2   -0.461549  0.00157414
        6483       -0.44   -0.461546   0.0015739
        6484       -0.44   -0.461542  0.00157366
        6485       -0.44   -0.461539  0.00157342
        6486       -0.44   -0.461536  0.00157319
        6487       -0.28   -0.461508  0.00157319
        6488        -0.6   -0.461529  0.00157309
        6489       -0.68   -0.461563  0.00157321
        6490        -0.6   -0.461584  0.00157311
        6491        -0.6   -0.461605  0.00157302
        6492       -0.44   -0.461602  0.00157278
        6493       -0.68   -0.461636  0.00157289
        6494       -0.52   -0.461645  0.00157268
        6495        -0.6   -0.461666  0.00157258
        6496        -0.6   -0.461687  0.00157248
        6497        -0.6   -0.461708  0.00157238
        6498       -0.52   -0.461717  0.00157217
        6499       -0.52   -0.461726  0.00157195
        6500       -0.52   -0.461735  0.00157174
        6501       -0.52   -0.461744  0.00157152
        6502       -0.52   -0.461753   0.0015713
        6503       -0.68   -0.461787  0.00157142
        6504       -0.68    -0.46182  0.00157154
        6505        -0.6   -0.461842  0.00157144
        6506        -0.6   -0.461863  0.00157134
        6507       -0.44    -0.46186   0.0015711
        6508       -0.52   -0.461868  0.00157089
        6509       -0.28   -0.461841  0.00157089
        6510        -0.6   -0.461862   0.0015708
        6511       -0.44   -0.461858  0.00157056
        6512       -0.44   -0.461855  0.00157032
        6513       -0.36   -0.461839  0.00157016
        6514       -0.28   -0.461811  0.00157016
        6515       -0.44   -0.461808  0.00156993
        6516       -0.52   -0.461817  0.00156971
        6517       -0.36   -0.461801  0.00156955
        6518       -0.52    -0.46181  0.00156933
        6519        -0.6   -0.461832  0.00156924
        6520       -0.52    -0.46184  0.00156902
        6521       -0.52   -0.461849   0.0015688
        6522       -0.52   -0.461858  0.00156859
        6523       -0.36   -0.461843  0.00156843
        6524        -0.6   -0.461864  0.00156833
        6525       -0.68   -0.461897  0.00156845
        6526       -0.76   -0.461943  0.00156887
        6527       -0.68   -0.461976  0.00156899
        6528       -0.52   -0.461985  0.00156877
        6529       -0.52   -0.461994  0.00156855
        6530        -0.6   -0.462015  0.00156846
        6531        -0.6   -0.462036  0.00156836
        6532       -0.44   -0.462033  0.00156812
        6533       -0.52   -0.462042  0.00156791
        6534       -0.44   -0.462039  0.00156767
        6535       -0.28   -0.462011  0.00156768
        6536       -0.44   -0.462007  0.00156744
        6537       -0.52   -0.462016  0.00156723
        6538       -0.28   -0.461988  0.00156724
        6539       -0.28   -0.461961  0.00156724
        6540       -0.36   -0.461945  0.00156708
        6541       -0.36   -0.461929  0.00156692
        6542       -0.28   -0.461902  0.00156693
        6543       -0.52    -0.46191  0.00156671
        6544       -0.52   -0.461919   0.0015665
        6545       -0.52   -0.461928  0.00156628
        6546       -0.52   -0.461937  0.00156607
        6547       -0.52   -0.461946  0.00156586
        6548        -0.6   -0.461967  0.00156576
        6549       -0.44   -0.461964  0.00156552
        6550       -0.52   -0.461973  0.00156531
        6551       -0.52   -0.461981  0.00156509
        6552       -0.68   -0.462015  0.00156521
        6553       -0.44   -0.462011  0.00156497
        6554       -0.52    -0.46202  0.00156476
        6555       -0.44   -0.462017  0.00156453
        6556       -0.52   -0.462026  0.00156431
        6557       -0.44   -0.462022  0.00156408
        6558        -0.6   -0.462043  0.00156398
        6559       -0.36   -0.462028  0.00156382
        6560       -0.68   -0.462061  0.00156393
        6561       -0.84   -0.462119  0.00156476
        6562       -0.76   -0.462164  0.00156518
        6563        -0.6   -0.462185  0.00156508
        6564       -0.44   -0.462182  0.00156484
        6565       -0.52    -0.46219  0.00156463
        6566       -0.36   -0.462175  0.00156447
        6567       -0.52   -0.462184  0.00156425
        6568        -0.6   -0.462205  0.00156416
        6569       -0.52   -0.462213  0.00156394
        6570       -0.44    -0.46221  0.00156371
        6571       -0.52   -0.462219   0.0015635
        6572       -0.52   -0.462228  0.00156328
        6573       -0.44   -0.462224  0.00156305
        6574       -0.68   -0.462257  0.00156316
        6575       -0.44   -0.462254  0.00156293
        6576       -0.28   -0.462226  0.00156294
        6577       -0.36   -0.462211  0.00156278
        6578       -0.36   -0.462195  0.00156262
        6579        -0.6   -0.462216  0.00156252
        6580        -0.6   -0.462237  0.00156242
        6581       -0.52   -0.462246  0.00156221
        6582       -0.52   -0.462255    0.001562
        6583       -0.52   -0.462263  0.00156178
        6584       -0.52   -0.462272  0.00156157
        6585       -0.44   -0.462269  0.00156134
        6586       -0.44   -0.462265   0.0015611
        6587       -0.44   -0.462262  0.00156087
        6588       -0.52   -0.462271  0.00156066
        6589       -0.52    -0.46228  0.00156045
        6590       -0.68   -0.462313  0.00156056
        6591       -0.52   -0.462321  0.00156035
        6592       -0.52    -0.46233  0.00156013
        6593       -0.36   -0.462315  0.00155997
        6594       -0.44   -0.462311  0.00155974
        6595        -0.6   -0.462332  0.00155965
        6596       -0.68   -0.462365  0.00155976
        6597       -0.52   -0.462374  0.00155955
        6598       -0.52   -0.462383  0.00155933
        6599       -0.44   -0.462379   0.0015591
        6600       -0.52   -0.462388  0.00155889
        6601        -0.6   -0.462409  0.00155879
        6602       -0.36   -0.462393  0.00155863
        6603       -0.52   -0.462402  0.00155842
        6604       -0.52   -0.462411  0.00155821
        6605       -0.52   -0.462419    0.001558
        6606       -0.68   -0.462452  0.00155811
        6607        -0.6   -0.462473  0.00155801
        6608        -0.6   -0.462494  0.00155792
        6609       -0.52   -0.462503  0.00155771
        6610       -0.36   -0.462487  0.00155755
        6611        -0.6   -0.462508  0.00155745
        6612       -0.52   -0.462517  0.00155724
        6613       -0.52   -0.462525  0.00155703
        6614       -0.44   -0.462522   0.0015568
        6615       -0.52   -0.462531  0.00155659
        6616       -0.68   -0.462563   0.0015567
        6617        -0.6   -0.462584   0.0015566
        6618       -0.44   -0.462581  0.00155637
        6619       -0.52    -0.46259  0.00155616
        6620        -0.6    -0.46261  0.00155606
        6621       -0.36   -0.462595   0.0015559
        6622       -0.52   -0.462603  0.00155569
        6623       -0.36   -0.462588  0.00155554
        6624       -0.28    -0.46256  0.00155555
        6625       -0.36   -0.462545  0.00155539
        6626       -0.52   -0.462554  0.00155518
        6627        -0.6   -0.462574  0.00155508
        6628       -0.36   -0.462559  0.00155492
        6629       -0.52   -0.462568  0.00155471
        6630       -0.28    -0.46254  0.00155472
        6631       -0.52   -0.462549  0.00155451
        6632        -0.6   -0.462569  0.00155442
        6633        -0.6    -0.46259  0.00155432
        6634        -0.6   -0.462611  0.00155422
        6635       -0.52   -0.462619  0.00155401
        6636       -0.52   -0.462628   0.0015538
        6637       -0.36   -0.462613  0.00155365
        6638       -0.68   -0.462645  0.00155376
        6639       -0.52   -0.462654  0.00155355
        6640       -0.68   -0.462687  0.00155366
        6641       -0.36   -0.462671   0.0015535
        6642       -0.44   -0.462668  0.00155327
        6643       -0.52   -0.462677  0.00155306
        6644       -0.44   -0.462673  0.00155283
        6645       -0.52   -0.462682  0.00155262
        6646       -0.44   -0.462678  0.00155239
        6647        -0.6   -0.462699  0.00155229
        6648        -0.6    -0.46272   0.0015522
        6649       -0.36   -0.462704  0.00155204
        6650       -0.44   -0.462701  0.00155181
        6651       -0.68   -0.462733  0.00155192
        6652       -0.28   -0.462706  0.00155193
        6653       -0.12   -0.462654  0.00155255
        6654       -0.04   -0.462591  0.00155362
        6655        -0.2   -0.462551  0.00155389
        6656       -0.44   -0.462548  0.00155366
        6657        -0.6   -0.462569  0.00155356
        6658        -0.6   -0.462589  0.00155346
        6659       -0.68   -0.462622  0.00155357
        6660       -0.52   -0.462631  0.00155336
        6661       -0.68   -0.462663  0.00155347
        6662       -0.68   -0.462696  0.00155358
        6663       -0.52   -0.462704  0.00155337
        6664       -0.28   -0.462677  0.00155338
        6665       -0.44   -0.462674  0.00155315
        6666       -0.44    -0.46267  0.00155292
        6667       -0.44   -0.462667   0.0015527
        6668       -0.36   -0.462651  0.00155254
        6669       -0.36   -0.462636  0.00155238
        6670       -0.36   -0.462621  0.00155223
        6671       -0.52   -0.462629  0.00155202
        6672       -0.44   -0.462626  0.00155179
        6673       -0.44   -0.462623  0.00155156
        6674       -0.12   -0.462571  0.00155218
        6675       -0.44   -0.462568  0.00155195
        6676       -0.52   -0.462576  0.00155174
        6677       -0.44   -0.462573  0.00155151
        6678       -0.52   -0.462582   0.0015513
        6679       -0.52    -0.46259  0.00155109
        6680        -0.6   -0.462611    0.001551
        6681       -0.52   -0.462619  0.00155079
        6682       -0.52   -0.462628  0.00155058
        6683       -0.44   -0.462625  0.00155035
        6684       -0.36   -0.462609   0.0015502
        6685       -0.28   -0.462582   0.0015502
        6686        -0.6   -0.462602  0.00155011
        6687       -0.68   -0.462635  0.00155022
        6688        -0.6   -0.462656  0.00155012
        6689       -0.68   -0.462688  0.00155023
        6690       -0.68    -0.46272  0.00155034
        6691       -0.44   -0.462717  0.00155011
        6692       -0.52   -0.462726   0.0015499
        6693       -0.52   -0.462734   0.0015497
        6694       -0.52   -0.462743  0.00154949
        6695        -0.6   -0.462763  0.00154939
        6696       -0.52   -0.462772  0.00154918
        6697       -0.52    -0.46278  0.00154898
        6698       -0.44   -0.462777  0.00154875
        6699        -0.6   -0.462797  0.00154865
        6700       -0.44   -0.462794  0.00154843
        6701       -0.28   -0.462767  0.00154844
        6702       -0.52   -0.462775  0.00154823
        6703       -0.36    -0.46276  0.00154807
        6704       -0.44   -0.462757  0.00154785
        6705       -0.52   -0.462765  0.00154764
        6706       -0.52   -0.462774  0.00154743
        6707       -0.44    -0.46277   0.0015472
        6708       -0.68   -0.462803  0.00154731
        6709       -0.68   -0.462835  0.00154742
        6710       -0.36    -0.46282  0.00154727
        6711       -0.44   -0.462816  0.00154704
        6712       -0.36   -0.462801  0.00154688
        6713       -0.36   -0.462786  0.00154673
        6714        -0.2   -0.462746  0.00154699
        6715       -0.28   -0.462719    0.001547
        6716       -0.04   -0.462656  0.00154805
        6717       -0.52   -0.462665  0.00154785
        6718        -0.6   -0.462685  0.00154775
        6719       -0.36    -0.46267   0.0015476
        6720       -0.44   -0.462667  0.00154737
        6721       -0.44   -0.462663  0.00154714
        6722       -0.36   -0.462648  0.00154699
        6723        0.04   -0.462573  0.00154856
        6724       -0.28   -0.462546  0.00154857
        6725       -0.52   -0.462555  0.00154836
        6726       -0.36   -0.462539  0.00154821
        6727       -0.44   -0.462536  0.00154798
        6728       -0.36   -0.462521  0.00154783
        6729       -0.36   -0.462506  0.00154767
        6730       -0.52   -0.462514  0.00154747
        6731        -0.6   -0.462535  0.00154737
        6732       -0.44   -0.462531  0.00154714
        6733       -0.44   -0.462528  0.00154692
        6734       -0.52   -0.462536  0.00154671
        6735        -0.6   -0.462557  0.00154662
        6736       -0.36   -0.462542  0.00154646
        6737        -0.6   -0.462562  0.00154637
        6738       -0.52    -0.46257  0.00154616
        6739       -0.44   -0.462567  0.00154594
        6740       -0.28    -0.46254  0.00154594
        6741       -0.28   -0.462513  0.00154595
        6742       -0.28   -0.462486  0.00154596
        6743       -0.44   -0.462483  0.00154573
        6744       -0.44   -0.462479  0.00154551
        6745       -0.68   -0.462511  0.00154562
        6746       -0.36   -0.462496  0.00154546
        6747        -0.6   -0.462517  0.00154537
        6748       -0.44   -0.462513  0.00154514
        6749       -0.28   -0.462486  0.00154515
        6750       -0.36   -0.462471  0.00154499
        6751        -0.6   -0.462491   0.0015449
        6752       -0.44   -0.462488  0.00154467
        6753       -0.52   -0.462497  0.00154447
        6754       -0.52   -0.462505  0.00154426
        6755        -0.6   -0.462526  0.00154417
        6756       -0.28   -0.462499  0.00154418
        6757        -0.6   -0.462519  0.00154408
        6758       -0.44   -0.462516  0.00154386
        6759       -0.44   -0.462512  0.00154363
        6760       -0.36   -0.462497  0.00154348
        6761       -0.28    -0.46247  0.00154349
        6762       -0.36   -0.462455  0.00154333
        6763        -0.6   -0.462475  0.00154324
        6764       -0.44   -0.462472  0.00154301
        6765       -0.52    -0.46248  0.00154281
        6766       -0.44   -0.462477  0.00154258
        6767       -0.52   -0.462486  0.00154238
        6768        -0.2   -0.462447  0.00154264
        6769       -0.44   -0.462443  0.00154242
        6770       -0.44    -0.46244  0.00154219
        6771       -0.44   -0.462437  0.00154197
        6772        -0.6   -0.462457  0.00154187
        6773       -0.36   -0.462442  0.00154172
        6774        -0.6   -0.462462  0.00154163
        6775       -0.36   -0.462447  0.00154147
        6776       -0.52   -0.462456  0.00154127
        6777       -0.44   -0.462452  0.00154104
        6778       -0.36   -0.462437  0.00154089
        6779       -0.44   -0.462434  0.00154067
        6780       -0.44   -0.462431  0.00154044
        6781       -0.52   -0.462439  0.00154024
        6782       -0.28   -0.462412  0.00154025
        6783       -0.44   -0.462409  0.00154002
        6784       -0.52   -0.462417  0.00153982
        6785       -0.36   -0.462402  0.00153967
        6786       -0.36   -0.462387  0.00153952
        6787       -0.52   -0.462396  0.00153931
        6788       -0.44   -0.462392  0.00153909
        6789       -0.28   -0.462366   0.0015391
        6790       -0.44   -0.462362  0.00153887
        6791       -0.44   -0.462359  0.00153865
        6792       -0.44   -0.462356  0.00153843
        6793       -0.36   -0.462341  0.00153827
        6794       -0.44   -0.462337  0.00153805
        6795        -0.6   -0.462358  0.00153796
        6796        -0.6   -0.462378  0.00153787
        6797       -0.52   -0.462386  0.00153766
        6798       -0.52   -0.462395  0.00153746
        6799       -0.52   -0.462403  0.00153726
        6800       -0.44     -0.4624  0.00153703
        6801       -0.52   -0.462408  0.00153683
        6802        -0.6   -0.462429  0.00153674
        6803       -0.68   -0.462461  0.00153685
        6804       -0.68   -0.462493  0.00153695
        6805       -0.68   -0.462525  0.00153706
        6806       -0.52   -0.462533  0.00153686
        6807       -0.44    -0.46253  0.00153663
        6808       -0.36   -0.462515  0.00153648
        6809       -0.28   -0.462488  0.00153649
        6810       -0.28   -0.462461   0.0015365
        6811       -0.52    -0.46247   0.0015363
        6812       -0.44   -0.462466  0.00153607
        6813       -0.36   -0.462451  0.00153592
        6814       -0.28   -0.462424  0.00153593
        6815       -0.52   -0.462433  0.00153573
        6816        -0.2   -0.462394  0.00153599
        6817       -0.44   -0.462391  0.00153576
        6818        -0.2   -0.462353  0.00153602
        6819       -0.36   -0.462338  0.00153587
        6820       -0.52   -0.462346  0.00153567
        6821       -0.52   -0.462354  0.00153546
        6822       -0.44   -0.462351  0.00153524
        6823       -0.52    -0.46236  0.00153504
        6824       -0.44   -0.462356  0.00153482
        6825       -0.36   -0.462341  0.00153467
        6826        -0.2   -0.462303  0.00153492
        6827       -0.44     -0.4623   0.0015347
        6828        -0.6    -0.46232  0.00153461
        6829       -0.28   -0.462293  0.00153462
        6830       -0.44    -0.46229   0.0015344
        6831       -0.28   -0.462263   0.0015344
        6832       -0.44    -0.46226  0.00153418
        6833       -0.52   -0.462268  0.00153398
        6834       -0.36   -0.462253  0.00153383
        6835       -0.44    -0.46225  0.00153361
        6836       -0.44   -0.462247  0.00153339
        6837       -0.36   -0.462232  0.00153324
        6838       -0.44   -0.462229  0.00153302
        6839       -0.28   -0.462202  0.00153302
        6840       -0.44   -0.462199   0.0015328
        6841       -0.52   -0.462207   0.0015326
        6842       -0.44   -0.462204  0.00153238
        6843       -0.68   -0.462236  0.00153249
        6844       -0.52   -0.462244  0.00153229
        6845       -0.44   -0.462241  0.00153207
        6846        -0.6   -0.462261  0.00153198
        6847       -0.44   -0.462258  0.00153176
        6848       -0.68    -0.46229  0.00153186
        6849       -0.52   -0.462298  0.00153166
        6850       -0.44   -0.462295  0.00153144
        6851       -0.28   -0.462268  0.00153145
        6852       -0.36   -0.462253   0.0015313
        6853       -0.36   -0.462238  0.00153115
        6854       -0.36   -0.462224    0.001531
        6855       -0.52   -0.462232   0.0015308
        6856       -0.36   -0.462217  0.00153065
        6857       -0.52   -0.462225  0.00153045
        6858       -0.68   -0.462257  0.00153055
        6859       -0.52   -0.462266  0.00153035
        6860       -0.68   -0.462297  0.00153046
        6861       -0.52   -0.462306  0.00153026
        6862       -0.52   -0.462314  0.00153006
        6863        -0.6   -0.462334  0.00152997
        6864       -0.52   -0.462343  0.00152977
        6865       -0.36   -0.462328  0.00152962
        6866       -0.36   -0.462313  0.00152947
        6867       -0.36   -0.462298  0.00152932
        6868       -0.52   -0.462306  0.00152912
        6869       -0.44   -0.462303   0.0015289
        6870       -0.44     -0.4623  0.00152868
        6871       -0.12    -0.46225  0.00152927
        6872       -0.28   -0.462224  0.00152928
        6873       -0.36   -0.462209  0.00152912
        6874       -0.28   -0.462182  0.00152913
        6875       -0.36   -0.462167  0.00152898
        6876       -0.44   -0.462164  0.00152876
        6877       -0.28   -0.462138  0.00152877
        6878       -0.28   -0.462111  0.00152878
        6879       -0.44   -0.462108  0.00152856
        6880       -0.52   -0.462116  0.00152836
        6881       -0.36   -0.462101  0.00152821
        6882       -0.28   -0.462075  0.00152822
        6883       -0.44   -0.462072    0.001528
        6884        -0.6   -0.462092  0.00152791
        6885       -0.52     -0.4621  0.00152771
        6886        -0.6    -0.46212  0.00152762
        6887       -0.68   -0.462152  0.00152772
        6888        -0.6   -0.462172  0.00152763
        6889       -0.68   -0.462204  0.00152774
        6890        -0.6   -0.462224  0.00152765
        6891        -0.6   -0.462244  0.00152756
        6892        -0.6   -0.462263  0.00152747
        6893       -0.28   -0.462237  0.00152747
        6894       -0.52   -0.462245  0.00152727
        6895       -0.44   -0.462242  0.00152706
        6896       -0.52   -0.462251  0.00152686
        6897       -0.52   -0.462259  0.00152666
        6898       -0.44   -0.462256  0.00152644
        6899        -0.6   -0.462276  0.00152635
        6900       -0.36   -0.462261   0.0015262
        6901       -0.44   -0.462258  0.00152598
        6902       -0.44   -0.462254  0.00152577
        6903       -0.44   -0.462251  0.00152555
        6904       -0.36   -0.462236   0.0015254
        6905       -0.44   -0.462233  0.00152518
        6906       -0.36   -0.462218  0.00152503
        6907       -0.44   -0.462215  0.00152482
        6908       -0.52   -0.462224  0.00152462
        6909       -0.52   -0.462232  0.00152442
        6910       -0.44   -0.462229   0.0015242
        6911       -0.44   -0.462225  0.00152399
        6912       -0.44   -0.462222  0.00152377
        6913        -0.2   -0.462184  0.00152402
        6914       -0.44   -0.462181   0.0015238
        6915        -0.2   -0.462143  0.00152405
        6916       -0.12   -0.462094  0.00152464
        6917       -0.28   -0.462067  0.00152464
        6918       -0.44   -0.462064  0.00152443
        6919       -0.44   -0.462061  0.00152421
        6920       -0.44   -0.462058  0.00152399
        6921       -0.36   -0.462043  0.00152384
        6922       -0.68   -0.462075  0.00152395
        6923       -0.44   -0.462071  0.00152373
        6924       -0.44   -0.462068  0.00152352
        6925       -0.36   -0.462053  0.00152337
        6926       -0.44    -0.46205  0.00152315
        6927        -0.6    -0.46207  0.00152306
        6928       -0.44   -0.462067  0.00152284
        6929       -0.44   -0.462064  0.00152263
        6930       -0.44   -0.462061  0.00152241
        6931       -0.44   -0.462057  0.00152219
        6932       -0.52   -0.462066    0.001522
        6933       -0.36   -0.462051  0.00152185
        6934       -0.44   -0.462048  0.00152163
        6935       -0.36   -0.462033  0.00152149
        6936       -0.28   -0.462007  0.00152149
        6937       -0.44   -0.462004  0.00152128
        6938       -0.52   -0.462012  0.00152108
        6939       -0.68   -0.462044  0.00152118
        6940       -0.44    -0.46204  0.00152097
        6941       -0.36   -0.462026  0.00152082
        6942       -0.68   -0.462057  0.00152093
        6943       -0.52   -0.462065  0.00152073
        6944       -0.28   -0.462039  0.00152074
        6945       -0.44   -0.462036  0.00152052
        6946       -0.52   -0.462044  0.00152033
        6947        -0.6   -0.462064  0.00152024
        6948       -0.52   -0.462073  0.00152004
        6949       -0.76   -0.462115  0.00152043
        6950       -0.68   -0.462147  0.00152053
        6951       -0.44   -0.462144  0.00152031
        6952        -0.6   -0.462163  0.00152023
        6953       -0.44    -0.46216  0.00152001
        6954       -0.44   -0.462157  0.00151979
        6955       -0.52   -0.462165   0.0015196
        6956       -0.28   -0.462139  0.00151961
        6957       -0.44   -0.462136  0.00151939
        6958       -0.36   -0.462121  0.00151924
        6959        -0.6   -0.462141  0.00151915
        6960       -0.68   -0.462172  0.00151926
        6961       -0.68   -0.462204  0.00151936
        6962        -0.6   -0.462223  0.00151927
        6963        -0.6   -0.462243  0.00151918
        6964       -0.52   -0.462252  0.00151899
        6965       -0.44   -0.462248  0.00151877
        6966       -0.52   -0.462257  0.00151858
        6967        -0.6   -0.462276  0.00151849
        6968       -0.44   -0.462273  0.00151827
        6969        -0.6   -0.462293  0.00151819
        6970       -0.36   -0.462278  0.00151804
        6971        -0.6   -0.462298  0.00151795
        6972       -0.68   -0.462329  0.00151805
        6973       -0.52   -0.462338  0.00151786
        6974       -0.44   -0.462334  0.00151764
        6975       -0.68   -0.462366  0.00151775
        6976       -0.76   -0.462408  0.00151813
        6977        -0.6   -0.462428  0.00151804
        6978        -0.6   -0.462448  0.00151795
        6979       -0.28   -0.462422  0.00151796
        6980       -0.36   -0.462407  0.00151781
        6981        -0.6   -0.462427  0.00151772
        6982        -0.6   -0.462446  0.00151763
        6983        -0.6   -0.462466  0.00151754
        6984       -0.36   -0.462451   0.0015174
        6985        -0.2   -0.462414  0.00151764
        6986       -0.44   -0.462411  0.00151743
        6987       -0.36   -0.462396  0.00151728
        6988       -0.52   -0.462404  0.00151709
        6989       -0.52   -0.462412  0.00151689
        6990       -0.44   -0.462409  0.00151668
        6991       -0.44   -0.462406  0.00151647
        6992       -0.44   -0.462403  0.00151625
        6993       -0.44     -0.4624  0.00151604
        6994       -0.52   -0.462408  0.00151585
        6995       -0.52   -0.462416  0.00151565
        6996       -0.52   -0.462424  0.00151546
        6997       -0.12   -0.462375  0.00151603
        6998       -0.52   -0.462384  0.00151584
        6999       -0.36   -0.462369  0.00151569
        7000       -0.52   -0.462377   0.0015155
        7001       -0.52   -0.462385   0.0015153
        7002       -0.68   -0.462416   0.0015154
        7003        -0.6   -0.462436  0.00151531
        7004        -0.2   -0.462399  0.00151556
        7005       -0.28   -0.462373  0.00151557
        7006       -0.28   -0.462347  0.00151558
        7007       -0.28   -0.462321  0.00151558
        7008       -0.28   -0.462295  0.00151559
        7009       -0.36    -0.46228  0.00151544
        7010       -0.44   -0.462277  0.00151523
        7011       -0.36   -0.462262  0.00151509
        7012       -0.44   -0.462259  0.00151487
        7013       -0.44   -0.462256  0.00151466
        7014       -0.52   -0.462264  0.00151447
        7015       -0.68   -0.462295  0.00151457
        7016       -0.36   -0.462281  0.00151442
        7017       -0.68   -0.462312  0.00151453
        7018       -0.36   -0.462297  0.00151438
        7019       -0.44   -0.462294  0.00151417
        7020       -0.52   -0.462302  0.00151397
        7021       -0.68   -0.462333  0.00151408
        7022       -0.68   -0.462364  0.00151418
        7023       -0.36   -0.462349  0.00151403
        7024       -0.28   -0.462323  0.00151404
        7025       -0.52   -0.462332  0.00151385
        7026       -0.36   -0.462317   0.0015137
        7027       -0.52   -0.462325  0.00151351
        7028       -0.44   -0.462322  0.00151329
        7029       -0.52    -0.46233   0.0015131
        7030       -0.36   -0.462316  0.00151296
        7031       -0.28    -0.46229  0.00151296
        7032       -0.36   -0.462275  0.00151282
        7033       -0.52   -0.462284  0.00151263
        7034        -0.6   -0.462303  0.00151254
        7035        -0.6   -0.462323  0.00151245
        7036       -0.44   -0.462319  0.00151224
        7037       -0.44   -0.462316  0.00151203
        7038        -0.6   -0.462336  0.00151194
        7039       -0.52   -0.462344  0.00151174
        7040       -0.52   -0.462352  0.00151155
        7041       -0.36   -0.462338  0.00151141
        7042       -0.36   -0.462323  0.00151126
        7043       -0.36   -0.462309  0.00151112
        7044       -0.52   -0.462317  0.00151093
        7045       -0.28   -0.462291  0.00151093
        7046       -0.36   -0.462276  0.00151079
        7047       -0.52   -0.462285   0.0015106
        7048        -0.6   -0.462304  0.00151051
        7049       -0.44   -0.462301   0.0015103
        7050       -0.44   -0.462298  0.00151009
        7051       -0.28   -0.462272  0.00151009
        7052       -0.44   -0.462269  0.00150988
        7053       -0.68     -0.4623  0.00150998
        7054       -0.76   -0.462342  0.00151036
        7055        -0.6   -0.462361  0.00151027
        7056       -0.76   -0.462404  0.00151065
        7057        -0.6   -0.462423  0.00151056
        7058       -0.44    -0.46242  0.00151035
        7059       -0.52   -0.462428  0.00151016
        7060       -0.44   -0.462425  0.00150994
        7061       -0.44   -0.462422  0.00150973
        7062       -0.36   -0.462407  0.00150959
        7063       -0.52   -0.462415   0.0015094
        7064        -0.6   -0.462435  0.00150931
        7065        -0.6   -0.462454  0.00150922
        7066       -0.44   -0.462451  0.00150901
        7067       -0.44   -0.462448   0.0015088
        7068       -0.44   -0.462445  0.00150859
        7069       -0.44   -0.462442  0.00150838
        7070       -0.36   -0.462427  0.00150824
        7071        -0.6   -0.462447  0.00150815
        7072        -0.6   -0.462466  0.00150806
        7073        -0.6   -0.462486  0.00150797
        7074       -0.44   -0.462482  0.00150776
        7075       -0.52    -0.46249  0.00150757
        7076       -0.68   -0.462521  0.00150767
        7077       -0.52   -0.462529  0.00150748
        7078       -0.52   -0.462537  0.00150729
        7079        -0.6   -0.462557   0.0015072
        7080       -0.44   -0.462554  0.00150699
        7081        -0.6   -0.462573  0.00150691
        7082       -0.28   -0.462547  0.00150691
        7083       -0.44   -0.462544   0.0015067
        7084        -0.6   -0.462564  0.00150662
        7085       -0.44    -0.46256  0.00150641
        7086       -0.28   -0.462535  0.00150642
        7087        -0.6   -0.462554  0.00150633
        7088        -0.6   -0.462573  0.00150624
        7089       -0.44    -0.46257  0.00150603
        7090       -0.52   -0.462578  0.00150584
        7091       -0.52   -0.462586  0.00150565
        7092       -0.44   -0.462583  0.00150544
        7093       -0.36   -0.462569   0.0015053
        7094       -0.36   -0.462554  0.00150516
        7095       -0.52   -0.462562  0.00150496
        7096       -0.44   -0.462559  0.00150476
        7097        -0.6   -0.462579  0.00150467
        7098       -0.36   -0.462564  0.00150453
        7099       -0.52   -0.462572  0.00150434
        7100       -0.52    -0.46258  0.00150415
        7101       -0.44   -0.462577  0.00150394
        7102       -0.68   -0.462608  0.00150404
        7103       -0.36   -0.462593  0.00150389
        7104       -0.36   -0.462579  0.00150375
        7105       -0.36   -0.462564  0.00150361
        7106       -0.52   -0.462572  0.00150342
        7107        -0.6   -0.462592  0.00150333
        7108       -0.44   -0.462589  0.00150312
        7109        -0.6   -0.462608  0.00150304
        7110       -0.44   -0.462605  0.00150283
        7111       -0.52   -0.462613  0.00150264
        7112       -0.52   -0.462621  0.00150245
        7113       -0.36   -0.462606  0.00150231
        7114       -0.44   -0.462603   0.0015021
        7115       -0.44     -0.4626  0.00150189
        7116        -0.6   -0.462619  0.00150181
        7117       -0.52   -0.462628  0.00150162
        7118        -0.6   -0.462647  0.00150153
        7119       -0.68   -0.462677  0.00150163
        7120       -0.44   -0.462674  0.00150142
        7121       -0.52   -0.462682  0.00150123
        7122       -0.68   -0.462713  0.00150133
        7123       -0.68   -0.462743  0.00150143
        7124       -0.68   -0.462774  0.00150153
        7125        -0.6   -0.462793  0.00150144
        7126       -0.52   -0.462801  0.00150125
        7127       -0.44   -0.462798  0.00150105
        7128       -0.28   -0.462772  0.00150105
        7129       -0.36   -0.462758  0.00150091
        7130        -0.2   -0.462721  0.00150115
        7131       -0.36   -0.462706  0.00150101
        7132       -0.36   -0.462692  0.00150087
        7133       -0.68   -0.462723  0.00150097
        7134        -0.6   -0.462742  0.00150088
        7135        -0.6   -0.462761   0.0015008
        7136       -0.44   -0.462758  0.00150059
        7137       -0.52   -0.462766   0.0015004
        7138       -0.52   -0.462774  0.00150021
        7139       -0.36   -0.462759  0.00150007
        7140       -0.36   -0.462745  0.00149993
        7141       -0.68   -0.462776  0.00150003
        7142       -0.44   -0.462772  0.00149982
        7143       -0.44   -0.462769  0.00149962
        7144       -0.52   -0.462777  0.00149943
        7145       -0.68   -0.462808  0.00149953
        7146       -0.52   -0.462816  0.00149934
        7147        -0.6   -0.462835  0.00149925
        7148       -0.44   -0.462832  0.00149904
        7149       -0.44   -0.462828  0.00149884
        7150       -0.44   -0.462825  0.00149863
        7151       -0.52   -0.462833  0.00149844
        7152       -0.52   -0.462841  0.00149825
        7153        -0.6    -0.46286  0.00149817
        7154       -0.36   -0.462846  0.00149803
        7155       -0.52   -0.462854  0.00149784
        7156       -0.36    -0.46284   0.0014977
        7157       -0.52   -0.462848  0.00149751
        7158       -0.36   -0.462833  0.00149737
        7159       -0.44    -0.46283  0.00149716
        7160       -0.52   -0.462838  0.00149698
        7161       -0.44   -0.462835  0.00149677
        7162       -0.52   -0.462843  0.00149658
        7163       -0.68   -0.462873  0.00149668
        7164        -0.6   -0.462892   0.0014966
        7165       -0.44   -0.462889  0.00149639
        7166       -0.28   -0.462864   0.0014964
        7167       -0.28   -0.462838  0.00149641
        7168       -0.44   -0.462835   0.0014962
        7169       -0.28   -0.462809  0.00149621
        7170       -0.36   -0.462795  0.00149607
        7171       -0.28   -0.462769  0.00149608
        7172        -0.6   -0.462789  0.00149599
        7173        -0.6   -0.462808  0.00149591
        7174       -0.36   -0.462793  0.00149577
        7175       -0.52   -0.462801  0.00149558
        7176       -0.52   -0.462809  0.00149539
        7177       -0.52   -0.462817  0.00149521
        7178       -0.36   -0.462803  0.00149507
        7179       -0.44     -0.4628  0.00149486
        7180        -0.6   -0.462819  0.00149477
        7181       -0.52   -0.462827  0.00149459
        7182       -0.52   -0.462835   0.0014944
        7183       -0.44   -0.462832   0.0014942
        7184       -0.52    -0.46284  0.00149401
        7185       -0.44   -0.462836   0.0014938
        7186        -0.2     -0.4628  0.00149404
        7187       -0.28   -0.462774  0.00149405
        7188        -0.2   -0.462738  0.00149429
        7189       -0.44   -0.462735  0.00149409
        7190       -0.68   -0.462765  0.00149419
        7191       -0.76   -0.462806  0.00149455
        7192       -0.52   -0.462814  0.00149436
        7193       -0.44   -0.462811  0.00149416
        7194       -0.68   -0.462841  0.00149426
        7195        -0.6    -0.46286  0.00149417
        7196        -0.6   -0.462879  0.00149408
        7197       -0.68    -0.46291  0.00149418
        7198        -0.6   -0.462929  0.00149409
        7199       -0.68   -0.462959  0.00149419
        7200       -0.44   -0.462956  0.00149399
        7201       -0.44   -0.462952  0.00149378
        7202       -0.36   -0.462938  0.00149364
        7203       -0.44   -0.462935  0.00149344
        7204       -0.44   -0.462932  0.00149324
        7205        -0.6   -0.462951  0.00149315
        7206       -0.44   -0.462948  0.00149295
        7207       -0.52   -0.462955  0.00149276
        7208       -0.44   -0.462952  0.00149256
        7209       -0.52    -0.46296  0.00149237
        7210       -0.36   -0.462946  0.00149223
        7211       -0.36   -0.462932  0.00149209
        7212       -0.28   -0.462906   0.0014921
        7213       -0.44   -0.462903   0.0014919
        7214        -0.6   -0.462922  0.00149181
        7215       -0.28   -0.462897  0.00149182
        7216       -0.44   -0.462894  0.00149162
        7217       -0.36   -0.462879  0.00149148
        7218       -0.44   -0.462876  0.00149128
        7219       -0.52   -0.462884  0.00149109
        7220       -0.44   -0.462881  0.00149089
        7221       -0.52   -0.462889   0.0014907
        7222       -0.52   -0.462897  0.00149052
        7223       -0.44   -0.462894  0.00149031
        7224       -0.76   -0.462935  0.00149067
        7225        -0.6   -0.462954  0.00149059
        7226       -0.68   -0.462984  0.00149068
        7227        -0.6   -0.463003   0.0014906
        7228       -0.68   -0.463033   0.0014907
        7229       -0.68   -0.463063  0.00149079
        7230       -0.68   -0.463093  0.00149089
        7231        -0.6   -0.463112   0.0014908
        7232       -0.68   -0.463142   0.0014909
        7233       -0.52   -0.463149  0.00149071
        7234       -0.44   -0.463146  0.00149051
        7235       -0.52   -0.463154  0.00149032
        7236        -0.6   -0.463173  0.00149024
        7237       -0.44    -0.46317  0.00149003
        7238       -0.44   -0.463167  0.00148983
        7239       -0.52   -0.463174  0.00148965
        7240       -0.36    -0.46316  0.00148951
        7241       -0.44   -0.463157  0.00148931
        7242       -0.44   -0.463154   0.0014891
        7243        -0.6   -0.463173  0.00148902
        7244       -0.52   -0.463181  0.00148883
        7245       -0.44   -0.463177  0.00148863
        7246       -0.28   -0.463152  0.00148864
        7247       -0.44   -0.463149  0.00148844
        7248       -0.28   -0.463124  0.00148845
        7249        -0.6   -0.463143  0.00148836
        7250       -0.36   -0.463128  0.00148823
        7251       -0.44   -0.463125  0.00148802
        7252       -0.52   -0.463133  0.00148784
        7253       -0.44    -0.46313  0.00148764
        7254       -0.12   -0.463082  0.00148818
        7255       -0.44   -0.463079  0.00148798
        7256       -0.36   -0.463065  0.00148785
        7257       -0.36   -0.463051  0.00148771
        7258       -0.36   -0.463037  0.00148757
        7259       -0.44   -0.463033  0.00148737
        7260       -0.52   -0.463041  0.00148719
        7261       -0.28   -0.463016  0.00148719
        7262       -0.28   -0.462991   0.0014872
        7263       -0.28   -0.462966  0.00148721
        7264       -0.44   -0.462963  0.00148701
        7265       -0.36   -0.462948  0.00148687
        7266       -0.28   -0.462923  0.00148688
        7267       -0.44    -0.46292  0.00148668
        7268       -0.52   -0.462928   0.0014865
        7269       -0.44   -0.462925   0.0014863
        7270       -0.52   -0.462933  0.00148611
        7271       -0.52    -0.46294  0.00148593
        7272       -0.52   -0.462948  0.00148574
        7273       -0.44   -0.462945  0.00148554
        7274       -0.36   -0.462931  0.00148541
        7275       -0.52   -0.462939  0.00148522
        7276        -0.6   -0.462958  0.00148514
        7277        -0.6   -0.462977  0.00148505
        7278       -0.52   -0.462984  0.00148487
        7279       -0.52   -0.462992  0.00148469
        7280       -0.36   -0.462978  0.00148455
        7281       -0.28   -0.462953  0.00148456
        7282       -0.44    -0.46295  0.00148436
        7283       -0.52   -0.462958  0.00148418
        7284        -0.6   -0.462976  0.00148409
        7285       -0.44   -0.462973  0.00148389
        7286       -0.52   -0.462981  0.00148371
        7287       -0.44   -0.462978  0.00148351
        7288       -0.52   -0.462986  0.00148332
        7289       -0.36   -0.462972  0.00148319
        7290       -0.28   -0.462947   0.0014832
        7291       -0.52   -0.462954  0.00148301
        7292       -0.68   -0.462984  0.00148311
        7293       -0.44   -0.462981  0.00148291
        7294       -0.44   -0.462978  0.00148271
        7295       -0.36   -0.462964  0.00148257
        7296       -0.36    -0.46295  0.00148244
        7297       -0.36   -0.462935   0.0014823
        7298       -0.36   -0.462921  0.00148217
        7299       -0.52   -0.462929  0.00148198
        7300       -0.52   -0.462937   0.0014818
        7301        -0.6   -0.462956  0.00148172
        7302       -0.68   -0.462985  0.00148181
        7303        -0.6   -0.463004  0.00148173
        7304       -0.44   -0.463001  0.00148153
        7305       -0.52   -0.463009  0.00148135
        7306       -0.44   -0.463006  0.00148115
        7307       -0.44   -0.463003  0.00148095
        7308        -0.6   -0.463021  0.00148086
        7309       -0.52   -0.463029  0.00148068
        7310        -0.6   -0.463048   0.0014806
        7311       -0.44   -0.463045   0.0014804
        7312       -0.52   -0.463053  0.00148022
        7313       -0.52    -0.46306  0.00148003
        7314       -0.52   -0.463068  0.00147985
        7315       -0.68   -0.463098  0.00147995
        7316       -0.52   -0.463106  0.00147977
        7317       -0.36   -0.463091  0.00147963
        7318       -0.36   -0.463077  0.00147949
        7319       -0.68   -0.463107  0.00147959
        7320        -0.6   -0.463126  0.00147951
        7321       -0.68   -0.463155   0.0014796
        7322       -0.76   -0.463196  0.00147995
        7323        -0.6   -0.463215  0.00147987
        7324       -0.52   -0.463222  0.00147969
        7325       -0.44   -0.463219  0.00147949
        7326        -0.6   -0.463238   0.0014794
        7327       -0.44   -0.463235  0.00147921
        7328       -0.52   -0.463242  0.00147902
        7329       -0.52    -0.46325  0.00147884
        7330       -0.68    -0.46328  0.00147894
        7331       -0.28   -0.463255  0.00147895
        7332        -0.6   -0.463273  0.00147886
        7333       -0.76   -0.463314  0.00147921
        7334       -0.44   -0.463311  0.00147902
        7335       -0.44   -0.463307  0.00147882
        7336        -0.2   -0.463272  0.00147905
        7337       -0.52   -0.463279  0.00147887
        7338       -0.36   -0.463265  0.00147874
        7339       -0.44   -0.463262  0.00147854
        7340        -0.6   -0.463281  0.00147845
        7341        -0.6   -0.463299  0.00147837
        7342       -0.68   -0.463329  0.00147846
        7343       -0.52   -0.463337  0.00147828
        7344       -0.52   -0.463344   0.0014781
        7345        -0.6   -0.463363  0.00147802
        7346       -0.68   -0.463392  0.00147811
        7347       -0.44   -0.463389  0.00147791
        7348       -0.36   -0.463375  0.00147778
        7349        -0.6   -0.463394  0.00147769
        7350       -0.44    -0.46339   0.0014775
        7351       -0.44   -0.463387   0.0014773
        7352        -0.6   -0.463406  0.00147721
        7353        -0.6   -0.463424  0.00147713
        7354        -0.6   -0.463443  0.00147705
        7355       -0.36   -0.463429  0.00147691
        7356       -0.44   -0.463426  0.00147671
        7357       -0.44   -0.463423  0.00147652
        7358        -0.6   -0.463441  0.00147643
        7359       -0.44   -0.463438  0.00147624
        7360       -0.44   -0.463435  0.00147604
        7361       -0.36   -0.463421   0.0014759
        7362       -0.52   -0.463428  0.00147572
        7363       -0.44   -0.463425  0.00147553
        7364       -0.36   -0.463411  0.00147539
        7365       -0.28   -0.463386   0.0014754
        7366       -0.28   -0.463361  0.00147541
        7367        -0.2   -0.463326  0.00147565
        7368       -0.36   -0.463312  0.00147551
        7369       -0.36   -0.463298  0.00147538
        7370       -0.36   -0.463284  0.00147525
        7371       -0.28   -0.463259  0.00147525
        7372       -0.44   -0.463256  0.00147506
        7373       -0.36   -0.463242  0.00147492
        7374       -0.52   -0.463249  0.00147474
        7375        -0.2   -0.463214  0.00147498
        7376       -0.36     -0.4632  0.00147484
        7377       -0.36   -0.463186  0.00147471
        7378       -0.68   -0.463215   0.0014748
        7379       -0.52   -0.463223  0.00147462
        7380       -0.44    -0.46322  0.00147443
        7381        -0.2   -0.463184  0.00147466
        7382       -0.28   -0.463159  0.00147467
        7383       -0.52   -0.463167  0.00147449
        7384       -0.44   -0.463164  0.00147429
        7385       -0.44    -0.46316  0.00147409
        7386       -0.52   -0.463168  0.00147391
        7387        -0.6   -0.463187  0.00147383
        7388       -0.52   -0.463194  0.00147365
        7389        -0.6   -0.463213  0.00147357
        7390       -0.52   -0.463221  0.00147339
        7391       -0.52   -0.463228  0.00147321
        7392       -0.44   -0.463225  0.00147301
        7393       -0.36   -0.463211  0.00147288
        7394       -0.44   -0.463208  0.00147269
        7395       -0.44   -0.463205  0.00147249
        7396        -0.6   -0.463223  0.00147241
        7397       -0.52   -0.463231  0.00147223
        7398       -0.44   -0.463228  0.00147203
        7399       -0.28   -0.463203  0.00147204
        7400        -0.6   -0.463222  0.00147196
        7401       -0.44   -0.463218  0.00147176
        7402       -0.52   -0.463226  0.00147158
        7403       -0.52   -0.463234  0.00147141
        7404        -0.6   -0.463252  0.00147132
        7405       -0.44   -0.463249  0.00147113
        7406       -0.44   -0.463246  0.00147093
        7407       -0.52   -0.463254  0.00147075
        7408        -0.6   -0.463272  0.00147067
        7409       -0.52    -0.46328  0.00147049
        7410        -0.6   -0.463298  0.00147041
        7411       -0.36   -0.463284  0.00147028
        7412       -0.36    -0.46327  0.00147014
        7413       -0.76    -0.46331  0.00147049
        7414        -0.6   -0.463329  0.00147041
        7415       -0.44   -0.463326  0.00147021
        7416       -0.36   -0.463312  0.00147008
        7417       -0.52   -0.463319   0.0014699
        7418       -0.36   -0.463305  0.00146977
        7419       -0.44   -0.463302  0.00146958
        7420        -0.2   -0.463267  0.00146981
        7421        -0.2   -0.463231  0.00147004
        7422       -0.44   -0.463228  0.00146984
        7423       -0.52   -0.463236  0.00146966
        7424       -0.68   -0.463265  0.00146976
        7425        -0.6   -0.463284  0.00146967
        7426       -0.52   -0.463291  0.00146949
        7427       -0.28   -0.463266   0.0014695
        7428        -0.2   -0.463231  0.00146973
        7429       -0.52   -0.463239  0.00146956
        7430       -0.52   -0.463246  0.00146938
        7431       -0.44   -0.463243  0.00146918
        7432       -0.52   -0.463251  0.00146901
        7433        -0.6   -0.463269  0.00146892
        7434       -0.36   -0.463255  0.00146879
        7435       -0.36   -0.463241  0.00146866
        7436        -0.2   -0.463206  0.00146889
        7437        -0.2   -0.463171  0.00146912
        7438       -0.44   -0.463168  0.00146892
        7439       -0.52   -0.463175  0.00146875
        7440       -0.44   -0.463172  0.00146855
        7441       -0.52    -0.46318  0.00146837
        7442       -0.52   -0.463187   0.0014682
        7443       -0.76   -0.463227  0.00146854
        7444        -0.6   -0.463246  0.00146846
        7445        -0.6   -0.463264  0.00146838
        7446       -0.52   -0.463272   0.0014682
        7447       -0.68   -0.463301  0.00146829
        7448       -0.68    -0.46333  0.00146838
        7449       -0.52   -0.463337   0.0014682
        7450       -0.52   -0.463345  0.00146803
        7451       -0.52   -0.463353  0.00146785
        7452       -0.36   -0.463339  0.00146772
        7453       -0.44   -0.463336  0.00146752
        7454       -0.36   -0.463322  0.00146739
        7455       -0.44   -0.463319   0.0014672
        7456       -0.44   -0.463315  0.00146701
        7457       -0.36   -0.463302  0.00146687
        7458       -0.36   -0.463288  0.00146674
        7459       -0.36   -0.463274  0.00146661
        7460        -0.2   -0.463239  0.00146684
        7461       -0.36   -0.463225  0.00146671
        7462       -0.76   -0.463265  0.00146705
        7463       -0.52   -0.463272  0.00146687
        7464       -0.68   -0.463301  0.00146696
        7465       -0.76   -0.463341  0.00146731
        7466        -0.6   -0.463359  0.00146722
        7467       -0.44   -0.463356  0.00146703
        7468       -0.44   -0.463353  0.00146684
        7469        -0.2   -0.463318  0.00146706
        7470       -0.44   -0.463315  0.00146687
        7471       -0.52   -0.463322   0.0014667
        7472       -0.44   -0.463319   0.0014665
        7473       -0.28   -0.463295  0.00146651
        7474       -0.68   -0.463324   0.0014666
        7475       -0.52   -0.463331  0.00146642
        7476       -0.36   -0.463317  0.00146629
        7477       -0.28   -0.463293   0.0014663
        7478       -0.28   -0.463268  0.00146631
        7479        -0.2   -0.463233  0.00146654
        7480       -0.36   -0.463219  0.00146641
        7481       -0.36   -0.463205  0.00146628
        7482       -0.44   -0.463202  0.00146608
        7483       -0.52    -0.46321  0.00146591
        7484       -0.36   -0.463196  0.00146578
        7485       -0.44   -0.463193  0.00146558
        7486       -0.36   -0.463179  0.00146545
        7487       -0.12   -0.463133  0.00146597
        7488       -0.44    -0.46313  0.00146578
        7489       -0.52   -0.463138   0.0014656
        7490       -0.52   -0.463146  0.00146543
        7491       -0.44   -0.463142  0.00146524
        7492        -0.2   -0.463107  0.00146546
        7493        -0.6   -0.463126  0.00146538
        7494       -0.36   -0.463112  0.00146525
        7495       -0.36   -0.463098  0.00146512
        7496       -0.44   -0.463095  0.00146493
        7497        -0.6   -0.463113  0.00146484
        7498        -0.6   -0.463132  0.00146476
        7499       -0.52   -0.463139  0.00146459
        7500       -0.44   -0.463136  0.00146439
        7501        -0.2   -0.463101  0.00146462
        7502       -0.28   -0.463077  0.00146463
        7503       -0.44   -0.463073  0.00146444
        7504        -0.2   -0.463038  0.00146466
        7505       -0.28   -0.463014  0.00146467
        7506       -0.36      -0.463  0.00146454
        7507       -0.44   -0.462997  0.00146435
        7508       -0.52   -0.463005  0.00146417
        7509       -0.44   -0.463002  0.00146398
        7510       -0.76   -0.463041  0.00146432
        7511       -0.44   -0.463038  0.00146413
        7512       -0.36   -0.463024    0.001464
        7513        -0.6   -0.463043  0.00146391
        7514        -0.6   -0.463061  0.00146383
        7515       -0.36   -0.463047   0.0014637
        7516       -0.52   -0.463055  0.00146353
        7517       -0.68   -0.463084  0.00146362
        7518       -0.36    -0.46307  0.00146349
        7519       -0.36   -0.463056  0.00146336
        7520       -0.36   -0.463043  0.00146323
        7521       -0.44   -0.463039  0.00146303
        7522       -0.52   -0.463047  0.00146286
        7523       -0.44   -0.463044  0.00146267
        7524       -0.36    -0.46303  0.00146254
        7525       -0.36   -0.463017  0.00146241
        7526       -0.36   -0.463003  0.00146228
        7527       -0.28   -0.462979  0.00146228
        7528       -0.28   -0.462954  0.00146229
        7529        -0.6   -0.462973  0.00146221
        7530       -0.44   -0.462969  0.00146202
        7531       -0.52   -0.462977  0.00146185
        7532       -0.28   -0.462953  0.00146185
        7533       -0.28   -0.462928  0.00146186
        7534       -0.36   -0.462915  0.00146173
        7535        -0.2    -0.46288  0.00146195
        7536       -0.28   -0.462856  0.00146196
        7537        -0.6   -0.462874  0.00146188
        7538       -0.68   -0.462903  0.00146197
        7539        -0.6   -0.462921  0.00146189
        7540       -0.52   -0.462928  0.00146172
        7541       -0.12   -0.462883  0.00146223
        7542       -0.52    -0.46289  0.00146205
        7543        -0.6   -0.462909  0.00146197
        7544       -0.52   -0.462916   0.0014618
        7545        -0.6   -0.462934  0.00146172
        7546        -0.2     -0.4629  0.00146194
        7547       -0.44   -0.462897  0.00146175
        7548       -0.36   -0.462883  0.00146162
        7549       -0.36   -0.462869  0.00146149
        7550       -0.44   -0.462866   0.0014613
        7551       -0.44   -0.462863  0.00146111
        7552       -0.68   -0.462892   0.0014612
        7553       -0.68   -0.462921  0.00146129
        7554        -0.6   -0.462939  0.00146121
        7555        -0.6   -0.462957  0.00146113
        7556       -0.52   -0.462965  0.00146095
        7557       -0.44   -0.462961  0.00146076
        7558        -0.6    -0.46298  0.00146068
        7559       -0.52   -0.462987  0.00146051
        7560        -0.6   -0.463005  0.00146043
        7561       -0.36   -0.462992   0.0014603
        7562       -0.28   -0.462967   0.0014603
        7563       -0.44   -0.462964  0.00146011
        7564       -0.36   -0.462951  0.00145998
        7565       -0.52   -0.462958  0.00145981
        7566       -0.68   -0.462987   0.0014599
        7567       -0.52   -0.462995  0.00145973
        7568       -0.44   -0.462992  0.00145954
        7569       -0.36   -0.462978  0.00145941
        7570       -0.28   -0.462954  0.00145941
        7571       -0.44   -0.462951  0.00145922
        7572       -0.36   -0.462937   0.0014591
        7573        -0.2   -0.462902  0.00145932
        7574       -0.52    -0.46291  0.00145914
        7575       -0.68   -0.462939  0.00145923
        7576       -0.44   -0.462936  0.00145904
        7577        -0.6   -0.462954  0.00145896
        7578       -0.52   -0.462961  0.00145879
        7579       -0.52   -0.462969  0.00145862
        7580        -0.6   -0.462987  0.00145853
        7581       -0.44   -0.462984  0.00145835
        7582       -0.44   -0.462981  0.00145816
        7583       -0.68   -0.463009  0.00145824
        7584       -0.44   -0.463006  0.00145806
        7585       -0.52   -0.463014  0.00145788
        7586       -0.36      -0.463  0.00145775
        7587        -0.2   -0.462966  0.00145797
        7588        -0.6   -0.462984  0.00145789
        7589       -0.76   -0.463023  0.00145823
        7590        -0.6   -0.463041  0.00145815
        7591        -0.6   -0.463059  0.00145807
        7592       -0.52   -0.463066  0.00145789
        7593        -0.6   -0.463084  0.00145781
        7594       -0.52   -0.463092  0.00145764
        7595       -0.52   -0.463099  0.00145747
        7596       -0.52   -0.463107  0.00145729
        7597       -0.44   -0.463104  0.00145711
        7598       -0.36    -0.46309  0.00145698
        7599       -0.52   -0.463098   0.0014568
        7600        -0.6   -0.463116  0.00145672
        7601       -0.36   -0.463102   0.0014566
        7602       -0.52    -0.46311  0.00145642
        7603       -0.52   -0.463117  0.00145625
        7604        -0.6   -0.463135  0.00145617
        7605        -0.6   -0.463153  0.00145609
        7606       -0.44    -0.46315   0.0014559
        7607       -0.52   -0.463158  0.00145573
        7608       -0.44   -0.463155  0.00145554
        7609       -0.44   -0.463152  0.00145535
        7610       -0.52   -0.463159  0.00145518
        7611       -0.28   -0.463135  0.00145519
        7612       -0.36   -0.463121  0.00145506
        7613       -0.28   -0.463097  0.00145507
        7614       -0.36   -0.463084  0.00145494
        7615       -0.44   -0.463081  0.00145475
        7616       -0.68   -0.463109  0.00145484
        7617       -0.52   -0.463117  0.00145467
        7618        -0.6   -0.463135  0.00145459
        7619        -0.6   -0.463153  0.00145451
        7620       -0.44    -0.46315  0.00145432
        7621        -0.2   -0.463115  0.00145454
        7622       -0.44   -0.463112  0.00145435
        7623        -0.6    -0.46313  0.00145427
        7624       -0.68   -0.463158  0.00145436
        7625       -0.52   -0.463166  0.00145419
        7626       -0.44   -0.463163    0.001454
        7627       -0.36   -0.463149  0.00145387
        7628       -0.44   -0.463146  0.00145369
        7629       -0.44   -0.463143   0.0014535
        7630       -0.36    -0.46313  0.00145337
        7631       -0.52   -0.463137   0.0014532
        7632        -0.6   -0.463155  0.00145312
        7633       -0.52   -0.463163  0.00145295
        7634       -0.36   -0.463149  0.00145282
        7635       -0.36   -0.463136  0.00145269
        7636       -0.44   -0.463133  0.00145251
        7637       -0.52    -0.46314  0.00145234
        7638       -0.36   -0.463126  0.00145221
        7639       -0.36   -0.463113  0.00145208
        7640       -0.36   -0.463099  0.00145195
        7641       -0.44   -0.463096  0.00145177
        7642       -0.36   -0.463083  0.00145164
        7643        -0.2   -0.463049  0.00145186
        7644       -0.36   -0.463035  0.00145173
        7645       -0.52   -0.463043  0.00145156
        7646        -0.6    -0.46306  0.00145148
        7647       -0.52   -0.463068  0.00145131
        7648       -0.52   -0.463075  0.00145114
        7649       -0.52   -0.463083  0.00145097
        7650       -0.52    -0.46309   0.0014508
        7651       -0.36   -0.463077  0.00145067
        7652       -0.36   -0.463063  0.00145054
        7653       -0.36    -0.46305  0.00145042
        7654       -0.36   -0.463036  0.00145029
        7655       -0.36   -0.463023  0.00145016
        7656       -0.52    -0.46303  0.00144999
        7657       -0.52   -0.463038  0.00144982
        7658       -0.36   -0.463024  0.00144969
        7659       -0.28      -0.463   0.0014497
        7660       -0.36   -0.462987  0.00144958
        7661       -0.44   -0.462984  0.00144939
        7662       -0.44   -0.462981   0.0014492
        7663       -0.44   -0.462978  0.00144902
        7664       -0.36   -0.462965  0.00144889
        7665        -0.2    -0.46293  0.00144911
        7666       -0.28   -0.462906  0.00144912
        7667       -0.44   -0.462903  0.00144893
        7668       -0.36    -0.46289   0.0014488
        7669        -0.2   -0.462856  0.00144902
        7670        -0.2   -0.462821  0.00144924
        7671       -0.28   -0.462798  0.00144924
        7672       -0.52   -0.462805  0.00144907
        7673        -0.6   -0.462823  0.00144899
        7674        -0.6   -0.462841  0.00144892
        7675       -0.36   -0.462827  0.00144879
        7676       -0.44   -0.462824   0.0014486
        7677       -0.52   -0.462832  0.00144843
        7678       -0.44   -0.462829  0.00144825
        7679        -0.2   -0.462795  0.00144846
        7680       -0.44   -0.462792  0.00144828
        7681        -0.6    -0.46281   0.0014482
        7682       -0.52   -0.462817  0.00144803
        7683       -0.36   -0.462804   0.0014479
        7684        -0.6   -0.462821  0.00144783
        7685       -0.36   -0.462808   0.0014477
        7686       -0.52   -0.462816  0.00144753
        7687       -0.52   -0.462823  0.00144736
        7688        -0.2   -0.462789  0.00144758
        7689       -0.44   -0.462786  0.00144739
        7690       -0.44   -0.462783  0.00144721
        7691       -0.44    -0.46278  0.00144702
        7692        -0.6   -0.462798  0.00144694
        7693        -0.6   -0.462816  0.00144686
        7694        -0.6   -0.462833  0.00144679
        7695       -0.28    -0.46281  0.00144679
        7696       -0.36   -0.462796  0.00144667
        7697       -0.28   -0.462773  0.00144667
        7698       -0.44    -0.46277  0.00144649
        7699       -0.28   -0.462746   0.0014465
        7700       -0.52   -0.462753  0.00144633
        7701        -0.6   -0.462771  0.00144625
        7702       -0.52   -0.462778  0.00144608
        7703        -0.6   -0.462796    0.001446
        7704       -0.52   -0.462804  0.00144583
        7705       -0.44   -0.462801  0.00144565
        7706       -0.36   -0.462787  0.00144552
        7707       -0.36   -0.462774   0.0014454
        7708       -0.52   -0.462782  0.00144523
        7709       -0.44   -0.462779  0.00144504
        7710       -0.52   -0.462786  0.00144488
        7711        -0.2   -0.462752  0.00144509
        7712       -0.52   -0.462759  0.00144492
        7713       -0.28   -0.462736  0.00144493
        7714       -0.36   -0.462722   0.0014448
        7715       -0.36   -0.462709  0.00144468
        7716        -0.6   -0.462727   0.0014446
        7717       -0.68   -0.462755  0.00144469
        7718       -0.52   -0.462762  0.00144452
        7719       -0.52    -0.46277  0.00144435
        7720       -0.44   -0.462767  0.00144417
        7721       -0.36   -0.462754  0.00144404
        7722       -0.44   -0.462751  0.00144386
        7723       -0.44   -0.462748  0.00144367
        7724       -0.52   -0.462755   0.0014435
        7725       -0.28   -0.462731  0.00144351
        7726       -0.44   -0.462728  0.00144333
        7727       -0.36   -0.462715   0.0014432
        7728       -0.44   -0.462712  0.00144302
        7729       -0.44   -0.462709  0.00144283
        7730       -0.52   -0.462717  0.00144267
        7731       -0.44   -0.462714  0.00144248
        7732       -0.36     -0.4627  0.00144236
        7733       -0.52   -0.462708  0.00144219
        7734       -0.36   -0.462695  0.00144206
        7735        -0.6   -0.462712  0.00144199
        7736       -0.76   -0.462751  0.00144231
        7737       -0.44   -0.462748  0.00144213
        7738       -0.04   -0.462693  0.00144298
        7739       -0.36    -0.46268  0.00144285
        7740       -0.52   -0.462687  0.00144269
        7741       -0.52   -0.462695  0.00144252
        7742       -0.52   -0.462702  0.00144235
        7743       -0.28   -0.462679  0.00144236
        7744       -0.12   -0.462634  0.00144285
        7745       -0.52   -0.462642  0.00144268
        7746        -0.6   -0.462659   0.0014426
        7747       -0.44   -0.462657  0.00144242
        7748       -0.52   -0.462664  0.00144225
        7749       -0.44   -0.462661  0.00144207
        7750       -0.44   -0.462658  0.00144189
        7751       -0.52   -0.462665  0.00144172
        7752       -0.36   -0.462652   0.0014416
        7753       -0.28   -0.462629   0.0014416
        7754       -0.52   -0.462636  0.00144144
        7755        -0.6   -0.462654  0.00144136
        7756       -0.44   -0.462651  0.00144118
        7757       -0.36   -0.462638  0.00144105
        7758       -0.36   -0.462624  0.00144093
        7759       -0.36   -0.462611   0.0014408
        7760       -0.44   -0.462608  0.00144062
        7761       -0.36   -0.462595  0.00144049
        7762       -0.36   -0.462582  0.00144037
        7763       -0.52   -0.462589   0.0014402
        7764       -0.52   -0.462597  0.00144003
        7765       -0.44   -0.462594  0.00143985
        7766        -0.6   -0.462611  0.00143978
        7767       -0.44   -0.462608  0.00143959
        7768        -0.6   -0.462626  0.00143952
        7769       -0.52   -0.462634  0.00143935
        7770       -0.36    -0.46262  0.00143923
        7771        -0.6   -0.462638  0.00143915
        7772        -0.6   -0.462656  0.00143907
        7773       -0.52   -0.462663  0.00143891
        7774       -0.36    -0.46265  0.00143878
        7775       -0.36   -0.462637  0.00143866
        7776       -0.44   -0.462634  0.00143848
        7777       -0.28    -0.46261  0.00143848
        7778       -0.36   -0.462597  0.00143836
        7779       -0.36   -0.462584  0.00143823
        7780       -0.44   -0.462581  0.00143805
        7781       -0.28   -0.462558  0.00143806
        7782       -0.36   -0.462544  0.00143793
        7783       -0.52   -0.462552  0.00143777
        7784       -0.44   -0.462549  0.00143759
        7785       -0.44   -0.462546   0.0014374
        7786       -0.44   -0.462543  0.00143722
        7787       -0.52    -0.46255  0.00143706
        7788       -0.68   -0.462578  0.00143714
        7789       -0.44   -0.462575  0.00143696
        7790       -0.28   -0.462552  0.00143697
        7791       -0.36   -0.462539  0.00143684
        7792       -0.28   -0.462515  0.00143685
        7793       -0.44   -0.462513  0.00143667
        7794       -0.68    -0.46254  0.00143676
        7795       -0.68   -0.462568  0.00143684
        7796        -0.6   -0.462586  0.00143677
        7797        -0.6   -0.462604  0.00143669
        7798       -0.52   -0.462611  0.00143652
        7799       -0.28   -0.462588  0.00143653
        7800       -0.52   -0.462595  0.00143637
        7801       -0.44   -0.462592  0.00143618
        7802       -0.68    -0.46262  0.00143627
        7803       -0.44   -0.462617  0.00143609
        7804       -0.52   -0.462624  0.00143592
        7805        -0.6   -0.462642  0.00143585
        7806       -0.52   -0.462649  0.00143568
        7807       -0.36   -0.462636  0.00143556
        7808       -0.36   -0.462623  0.00143544
        7809       -0.44    -0.46262  0.00143526
        7810       -0.36   -0.462607  0.00143513
        7811       -0.36   -0.462594  0.00143501
        7812       -0.28    -0.46257  0.00143501
        7813       -0.28   -0.462547  0.00143502
        7814       -0.44   -0.462544  0.00143484
        7815       -0.44   -0.462541  0.00143466
        7816       -0.44   -0.462538  0.00143448
        7817       -0.44   -0.462535   0.0014343
        7818       -0.52   -0.462543  0.00143413
        7819       -0.52    -0.46255  0.00143397
        7820       -0.28   -0.462527  0.00143398
        7821        -0.2   -0.462493  0.00143419
        7822       -0.52   -0.462501  0.00143402
        7823        -0.6   -0.462518  0.00143395
        7824       -0.44   -0.462515  0.00143376
        7825       -0.52   -0.462523   0.0014336
        7826       -0.44    -0.46252  0.00143342
        7827       -0.52   -0.462527  0.00143326
        7828       -0.44   -0.462524  0.00143308
        7829       -0.52   -0.462532  0.00143291
        7830        -0.6   -0.462549  0.00143284
        7831       -0.52   -0.462557  0.00143267
        7832       -0.44   -0.462554  0.00143249
        7833       -0.36   -0.462541  0.00143237
        7834       -0.44   -0.462538  0.00143219
        7835        -0.6   -0.462555  0.00143211
        7836       -0.68   -0.462583   0.0014322
        7837       -0.36    -0.46257  0.00143208
        7838       -0.68   -0.462598  0.00143216
        7839       -0.52   -0.462605    0.001432
        7840       -0.28   -0.462582  0.00143201
        7841        -0.6   -0.462599  0.00143193
        7842       -0.44   -0.462596  0.00143175
        7843        -0.6   -0.462614  0.00143167
        7844       -0.52   -0.462621  0.00143151
        7845       -0.68   -0.462649   0.0014316
        7846       -0.44   -0.462646  0.00143142
        7847       -0.28   -0.462623  0.00143142
        7848        -0.2   -0.462589  0.00143163
        7849       -0.28   -0.462566  0.00143164
        7850        -0.2   -0.462532  0.00143185
        7851       -0.52    -0.46254  0.00143168
        7852       -0.52   -0.462547  0.00143152
        7853       -0.36   -0.462534   0.0014314
        7854        -0.6   -0.462552  0.00143132
        7855        -0.2   -0.462518  0.00143153
        7856       -0.44   -0.462515  0.00143135
        7857       -0.52   -0.462523  0.00143119
        7858       -0.44    -0.46252  0.00143101
        7859       -0.36   -0.462507  0.00143089
        7860       -0.28   -0.462483  0.00143089
        7861       -0.36    -0.46247  0.00143077
        7862       -0.52   -0.462478  0.00143061
        7863       -0.52   -0.462485  0.00143044
        7864       -0.52   -0.462492  0.00143028
        7865       -0.12   -0.462449  0.00143076
        7866       -0.36   -0.462436  0.00143064
        7867       -0.44   -0.462433  0.00143046
        7868       -0.76   -0.462471  0.00143078
        7869       -0.68   -0.462498  0.00143086
        7870       -0.52   -0.462506   0.0014307
        7871       -0.52   -0.462513  0.00143054
        7872       -0.44    -0.46251  0.00143036
        7873        -0.6   -0.462528  0.00143028
        7874       -0.52   -0.462535  0.00143012
        7875       -0.28   -0.462512  0.00143012
        7876       -0.28   -0.462489  0.00143013
        7877       -0.44   -0.462486  0.00142995
        7878       -0.44   -0.462483  0.00142977
        7879       -0.52    -0.46249  0.00142961
        7880        -0.6   -0.462508  0.00142954
        7881       -0.76   -0.462545  0.00142985
        7882       -0.52   -0.462553  0.00142969
        7883       -0.36    -0.46254  0.00142957
        7884       -0.28   -0.462516  0.00142957
        7885       -0.52   -0.462524  0.00142941
        7886       -0.52   -0.462531  0.00142925
        7887       -0.68   -0.462559  0.00142933
        7888        -0.6   -0.462576  0.00142926
        7889       -0.68   -0.462604  0.00142934
        7890        -0.6   -0.462621  0.00142927
        7891       -0.36   -0.462608  0.00142915
        7892       -0.36   -0.462595  0.00142902
        7893       -0.44   -0.462592  0.00142885
        7894       -0.44   -0.462589  0.00142867
        7895       -0.44   -0.462586  0.00142849
        7896        -0.2   -0.462553   0.0014287
        7897        -0.6   -0.462571  0.00142862
        7898       -0.52   -0.462578  0.00142846
        7899       -0.36   -0.462565  0.00142834
        7900       -0.44   -0.462562  0.00142816
        7901        -0.6   -0.462579  0.00142808
        7902       -0.44   -0.462577  0.00142791
        7903       -0.68   -0.462604  0.00142799
        7904       -0.44   -0.462601  0.00142781
        7905       -0.36   -0.462588  0.00142769
        7906       -0.52   -0.462595  0.00142753
        7907       -0.44   -0.462593  0.00142735
        7908       -0.44    -0.46259  0.00142717
        7909       -0.52   -0.462597  0.00142701
        7910       -0.44   -0.462594  0.00142683
        7911       -0.44   -0.462591  0.00142666
        7912       -0.44   -0.462588  0.00142648
        7913       -0.52   -0.462596  0.00142632
        7914       -0.52   -0.462603  0.00142616
        7915       -0.52    -0.46261  0.00142599
        7916        -0.6   -0.462628  0.00142592
        7917       -0.36   -0.462615   0.0014258
        7918       -0.52   -0.462622  0.00142564
        7919       -0.52   -0.462629  0.00142547
        7920        -0.6   -0.462646   0.0014254
        7921       -0.44   -0.462644  0.00142522
        7922       -0.28   -0.462621  0.00142523
        7923        -0.6   -0.462638  0.00142516
        7924        -0.6   -0.462655  0.00142508
        7925       -0.44   -0.462652   0.0014249
        7926       -0.44    -0.46265  0.00142473
        7927       -0.44   -0.462647  0.00142455
        7928        -0.6   -0.462664  0.00142448
        7929        -0.6   -0.462681   0.0014244
        7930       -0.44   -0.462678  0.00142422
        7931        -0.6   -0.462696  0.00142415
        7932        -0.6   -0.462713  0.00142408
        7933        -0.6    -0.46273    0.001424
        7934       -0.68   -0.462758  0.00142409
        7935        -0.6   -0.462775  0.00142401
        7936       -0.52   -0.462782  0.00142385
        7937       -0.36   -0.462769  0.00142373
        7938       -0.36   -0.462756  0.00142361
        7939       -0.36   -0.462743  0.00142349
        7940       -0.28    -0.46272  0.00142349
        7941       -0.52   -0.462728  0.00142333
        7942       -0.44   -0.462725  0.00142316
        7943       -0.44   -0.462722  0.00142298
        7944       -0.36   -0.462709  0.00142286
        7945       -0.52   -0.462716   0.0014227
        7946       -0.76   -0.462754  0.00142301
        7947       -0.68   -0.462781   0.0014231
        7948       -0.36   -0.462768  0.00142298
        7949       -0.44   -0.462765   0.0014228
        7950       -0.44   -0.462762  0.00142262
        7951       -0.52   -0.462769  0.00142246
        7952       -0.44   -0.462767  0.00142229
        7953       -0.12   -0.462724  0.00142276
        7954       -0.28   -0.462701  0.00142277
        7955       -0.36   -0.462688  0.00142265
        7956       -0.44   -0.462685  0.00142247
        7957       -0.68   -0.462712  0.00142255
        7958       -0.44   -0.462709  0.00142238
        7959       -0.36   -0.462696  0.00142226
        7960       -0.44   -0.462693  0.00142208
        7961       -0.36   -0.462681  0.00142196
        7962       -0.52   -0.462688   0.0014218
        7963       -0.44   -0.462685  0.00142163
        7964       -0.52   -0.462692  0.00142147
        7965        -0.6   -0.462709  0.00142139
        7966       -0.52   -0.462717  0.00142123
        7967        -0.6   -0.462734  0.00142116
        7968       -0.52   -0.462741    0.001421
        7969       -0.52   -0.462748  0.00142084
        7970       -0.52   -0.462755  0.00142068
        7971       -0.44   -0.462752   0.0014205
        7972       -0.44    -0.46275  0.00142033
        7973        -0.6   -0.462767  0.00142025
        7974       -0.68   -0.462794  0.00142034
        7975       -0.44   -0.462791  0.00142016
        7976       -0.44   -0.462788  0.00141999
        7977       -0.52   -0.462796  0.00141983
        7978        -0.6   -0.462813  0.00141975
        7979        -0.6    -0.46283  0.00141968
        7980       -0.76   -0.462867  0.00141999
        7981       -0.76   -0.462904   0.0014203
        7982       -0.68   -0.462932  0.00142038
        7983        -0.6   -0.462949  0.00142031
        7984       -0.36   -0.462936  0.00142019
        7985       -0.28   -0.462913   0.0014202
        7986       -0.36     -0.4629  0.00142008
        7987        -0.6   -0.462917     0.00142
        7988       -0.52   -0.462924  0.00141984
        7989       -0.52   -0.462932  0.00141968
        7990        -0.6   -0.462949  0.00141961
        7991       -0.44   -0.462946  0.00141943
        7992       -0.44   -0.462943  0.00141926
        7993       -0.44    -0.46294  0.00141908
        7994       -0.44   -0.462937  0.00141891
        7995       -0.44   -0.462934  0.00141873
        7996       -0.44   -0.462931  0.00141856
        7997       -0.68   -0.462959  0.00141864
        7998       -0.44   -0.462956  0.00141847
        7999        -0.2   -0.462923  0.00141867
        8000       -0.12    -0.46288  0.00141914
        8001        -0.6   -0.462897  0.00141907
        8002       -0.44   -0.462894  0.00141889
        8003        -0.2   -0.462861   0.0014191
        8004       -0.44   -0.462859  0.00141892
        8005        -0.6   -0.462876  0.00141885
        8006       -0.52   -0.462883  0.00141869
        8007       -0.52    -0.46289  0.00141853
        8008       -0.44   -0.462887  0.00141836
        8009       -0.28   -0.462864  0.00141836
        8010       -0.36   -0.462851  0.00141824
        8011       -0.36   -0.462839  0.00141812
        8012       -0.28   -0.462816  0.00141813
        8013       -0.28   -0.462793  0.00141814
        8014       -0.12    -0.46275  0.00141861
        8015       -0.44   -0.462747  0.00141843
        8016        -0.6   -0.462764  0.00141836
        8017        -0.6   -0.462782  0.00141828
        8018        -0.6   -0.462799  0.00141821
        8019       -0.36   -0.462786  0.00141809
        8020        -0.6   -0.462803  0.00141802
        8021       -0.36    -0.46279   0.0014179
        8022       -0.52   -0.462797  0.00141774
        8023       -0.44   -0.462794  0.00141757
        8024       -0.36   -0.462782  0.00141745
        8025        -0.6   -0.462799  0.00141737
        8026        -0.6   -0.462816   0.0014173
        8027       -0.36   -0.462803  0.00141718
        8028       -0.68    -0.46283  0.00141726
        8029       -0.68   -0.462857  0.00141734
        8030       -0.52   -0.462864  0.00141719
        8031       -0.52   -0.462871  0.00141703
        8032        -0.6   -0.462888  0.00141695
        8033       -0.68   -0.462915  0.00141704
        8034       -0.28   -0.462893  0.00141704
        8035       -0.28    -0.46287  0.00141705
        8036       -0.28   -0.462847  0.00141705
        8037       -0.28   -0.462824  0.00141706
        8038       -0.28   -0.462802  0.00141707
        8039       -0.52   -0.462809  0.00141691
        8040       -0.28   -0.462786  0.00141692
        8041       -0.44   -0.462783  0.00141674
        8042        -0.6     -0.4628  0.00141667
        8043        -0.6   -0.462817  0.00141659
        8044       -0.52   -0.462824  0.00141644
        8045       -0.52   -0.462832  0.00141628
        8046       -0.52   -0.462839  0.00141612
        8047        -0.6   -0.462856  0.00141605
        8048       -0.52   -0.462863  0.00141589
        8049        -0.6    -0.46288  0.00141582
        8050       -0.36   -0.462867   0.0014157
        8051       -0.44   -0.462864  0.00141552
        8052       -0.44   -0.462861  0.00141535
        8053       -0.52   -0.462868  0.00141519
        8054       -0.52   -0.462876  0.00141504
        8055       -0.44   -0.462873  0.00141486
        8056       -0.44    -0.46287  0.00141469
        8057       -0.68   -0.462897  0.00141477
        8058       -0.36   -0.462884  0.00141465
        8059       -0.44   -0.462881  0.00141448
        8060       -0.44   -0.462878  0.00141431
        8061        -0.6   -0.462895  0.00141423
        8062       -0.68   -0.462922  0.00141432
        8063       -0.44    -0.46292  0.00141414
        8064       -0.52   -0.462927  0.00141398
        8065       -0.28   -0.462904  0.00141399
        8066        -0.2   -0.462871  0.00141419
        8067       -0.44   -0.462868  0.00141402
        8068       -0.36   -0.462856   0.0014139
        8069       -0.28   -0.462833  0.00141391
        8070       -0.44    -0.46283  0.00141374
        8071       -0.28   -0.462808  0.00141374
        8072       -0.44   -0.462805  0.00141357
        8073        -0.6   -0.462822   0.0014135
        8074       -0.44   -0.462819  0.00141332
        8075       -0.68   -0.462846  0.00141341
        8076        -0.6   -0.462863  0.00141333
        8077       -0.44    -0.46286  0.00141316
        8078       -0.52   -0.462867    0.001413
        8079       -0.28   -0.462844  0.00141301
        8080        -0.6   -0.462861  0.00141294
        8081        -0.6   -0.462878  0.00141286
        8082       -0.44   -0.462876  0.00141269
        8083       -0.28   -0.462853   0.0014127
        8084       -0.44    -0.46285  0.00141253
        8085       -0.52   -0.462857  0.00141237
        8086        -0.6   -0.462874   0.0014123
        8087       -0.52   -0.462881  0.00141214
        8088       -0.44   -0.462878  0.00141197
        8089       -0.36   -0.462866  0.00141185
        8090       -0.44   -0.462863  0.00141168
        8091       -0.36    -0.46285  0.00141156
        8092       -0.44   -0.462847  0.00141139
        8093       -0.36   -0.462835  0.00141127
        8094       -0.28   -0.462812  0.00141128
        8095       -0.52   -0.462819  0.00141112
        8096       -0.52   -0.462826  0.00141097
        8097       -0.52   -0.462833  0.00141081
        8098       -0.36    -0.46282  0.00141069
        8099        -0.2   -0.462788  0.00141089
        8100        -0.6   -0.462805  0.00141082
        8101        -0.6   -0.462822  0.00141075
        8102        -0.6   -0.462839  0.00141067
        8103       -0.28   -0.462816  0.00141068
        8104       -0.44   -0.462813  0.00141051
        8105        -0.6    -0.46283  0.00141044
        8106       -0.52   -0.462837  0.00141028
        8107       -0.44   -0.462835  0.00141011
        8108       -0.44   -0.462832  0.00140994
        8109       -0.36   -0.462819  0.00140982
        8110       -0.44   -0.462816  0.00140965
        8111       -0.44   -0.462813  0.00140948
        8112       -0.44   -0.462811  0.00140931
        8113       -0.52   -0.462818  0.00140915
        8114       -0.28   -0.462795  0.00140916
        8115       -0.52   -0.462802    0.001409
        8116       -0.44   -0.462799  0.00140883
        8117       -0.44   -0.462797  0.00140866
        8118       -0.44   -0.462794  0.00140849
        8119       -0.36   -0.462781  0.00140837
        8120       -0.36   -0.462768  0.00140826
        8121       -0.36   -0.462756  0.00140814
        8122       -0.52   -0.462763  0.00140798
        8123       -0.68    -0.46279  0.00140806
        8124        -0.6   -0.462806  0.00140799
        8125        -0.6   -0.462823  0.00140792
        8126       -0.44   -0.462821  0.00140775
        8127       -0.52   -0.462828  0.00140759
        8128       -0.44   -0.462825  0.00140742
        8129       -0.36   -0.462812  0.00140731
        8130       -0.44   -0.462809  0.00140714
        8131       -0.36   -0.462797  0.00140702
        8132       -0.44   -0.462794  0.00140685
        8133       -0.36   -0.462781  0.00140673
        8134       -0.36   -0.462769  0.00140662
        8135       -0.52   -0.462776  0.00140646
        8136       -0.44   -0.462773  0.00140629
        8137       -0.52    -0.46278  0.00140614
        8138       -0.36   -0.462767  0.00140602
        8139       -0.52   -0.462774  0.00140587
        8140       -0.36   -0.462762  0.00140575
        8141       -0.28   -0.462739  0.00140576
        8142       -0.44   -0.462736  0.00140559
        8143       -0.28   -0.462714  0.00140559
        8144       -0.36   -0.462701  0.00140548
        8145       -0.36   -0.462689  0.00140536
        8146       -0.52   -0.462696  0.00140521
        8147       -0.28   -0.462673  0.00140521
        8148       -0.36   -0.462661   0.0014051
        8149       -0.28   -0.462638   0.0014051
        8150        -0.6   -0.462655  0.00140503
        8151       -0.52   -0.462662  0.00140488
        8152       -0.44   -0.462659  0.00140471
        8153       -0.44   -0.462657  0.00140454
        8154       -0.44   -0.462654  0.00140437
        8155        -0.6   -0.462671   0.0014043
        8156       -0.52   -0.462678  0.00140414
        8157       -0.52   -0.462685  0.00140399
        8158       -0.68   -0.462711  0.00140407
        8159       -0.68   -0.462738  0.00140415
        8160       -0.68   -0.462765  0.00140423
        8161       -0.52   -0.462772  0.00140408
        8162        -0.6   -0.462789    0.001404
        8163       -0.28   -0.462766  0.00140401
        8164        -0.6   -0.462783  0.00140394
        8165        -0.6     -0.4628  0.00140387
        8166       -0.44   -0.462797   0.0014037
        8167       -0.44   -0.462794  0.00140353
        8168       -0.52   -0.462801  0.00140338
        8169        -0.6   -0.462818   0.0014033
        8170        -0.6   -0.462835  0.00140323
        8171       -0.52   -0.462842  0.00140308
        8172       -0.36   -0.462829  0.00140296
        8173        -0.2   -0.462797  0.00140316
        8174       -0.36   -0.462784  0.00140304
        8175       -0.36   -0.462772  0.00140293
        8176       -0.52   -0.462779  0.00140278
        8177       -0.52   -0.462786  0.00140262
        8178        -0.2   -0.462754  0.00140282
        8179       -0.28   -0.462731  0.00140282
        8180       -0.52   -0.462738  0.00140267
        8181       -0.36   -0.462726  0.00140255
        8182       -0.36   -0.462713  0.00140244
        8183       -0.36   -0.462701  0.00140232
        8184       -0.36   -0.462688  0.00140221
        8185       -0.36   -0.462676  0.00140209
        8186       -0.52   -0.462683  0.00140194
        8187       -0.52    -0.46269  0.00140179
        8188       -0.52   -0.462697  0.00140163
        8189       -0.36   -0.462684  0.00140152
        8190       -0.52   -0.462691  0.00140136
        8191       -0.52   -0.462698  0.00140121
        8192       -0.44   -0.462695  0.00140104
        8193       -0.52   -0.462702  0.00140089
        8194        -0.6   -0.462719  0.00140082
        8195       -0.44   -0.462716  0.00140065
        8196       -0.28   -0.462694  0.00140066
        8197       -0.52   -0.462701   0.0014005
        8198       -0.44   -0.462698  0.00140033
        8199       -0.44   -0.462695  0.00140017
        8200       -0.44   -0.462693      0.0014
        8201       -0.52     -0.4627  0.00139985
        8202       -0.52   -0.462707  0.00139969
        8203       -0.52   -0.462714  0.00139954
        8204        -0.6    -0.46273  0.00139947
        8205       -0.44   -0.462728   0.0013993
        8206       -0.52   -0.462735  0.00139915
        8207       -0.52   -0.462742  0.00139899
        8208       -0.44   -0.462739  0.00139883
        8209       -0.44   -0.462736  0.00139866
        8210       -0.52   -0.462743  0.00139851
        8211       -0.36    -0.46273  0.00139839
        8212        -0.6   -0.462747  0.00139832
        8213        -0.6   -0.462764  0.00139825
        8214       -0.44   -0.462761  0.00139808
        8215       -0.28   -0.462739  0.00139809
        8216       -0.52   -0.462746  0.00139794
        8217       -0.52   -0.462753  0.00139778
        8218       -0.28   -0.462731  0.00139779
        8219       -0.36   -0.462718  0.00139768
        8220       -0.36   -0.462706  0.00139756
        8221       -0.44   -0.462703   0.0013974
        8222        -0.6    -0.46272  0.00139733
        8223       -0.36   -0.462707  0.00139721
        8224       -0.28   -0.462685  0.00139722
        8225       -0.28   -0.462663  0.00139722
        8226       -0.44    -0.46266  0.00139706
        8227       -0.68   -0.462686  0.00139714
        8228        -0.6   -0.462703  0.00139707
        8229       -0.68   -0.462729  0.00139715
        8230       -0.44   -0.462727  0.00139698
        8231       -0.44   -0.462724  0.00139681
        8232       -0.44   -0.462721  0.00139665
        8233       -0.28   -0.462699  0.00139665
        8234       -0.36   -0.462686  0.00139654
        8235       -0.28   -0.462664  0.00139655
        8236       -0.36   -0.462652  0.00139643
        8237       -0.44   -0.462649  0.00139626
        8238        -0.6   -0.462666   0.0013962
        8239       -0.52   -0.462673  0.00139604
        8240       -0.52    -0.46268  0.00139589
        8241       -0.68   -0.462706  0.00139597
        8242       -0.44   -0.462703   0.0013958
        8243       -0.44     -0.4627  0.00139564
        8244        -0.6   -0.462717  0.00139557
        8245       -0.52   -0.462724  0.00139542
        8246       -0.52   -0.462731  0.00139526
        8247       -0.76   -0.462767  0.00139556
        8248       -0.68   -0.462793  0.00139564
        8249       -0.68    -0.46282  0.00139572
        8250       -0.52   -0.462827  0.00139557
        8251       -0.52   -0.462834  0.00139541
        8252       -0.44   -0.462831  0.00139525
        8253       -0.44   -0.462828  0.00139508
        8254       -0.52   -0.462835  0.00139493
        8255        -0.6   -0.462852  0.00139486
        8256       -0.68   -0.462878  0.00139494
        8257       -0.44   -0.462875  0.00139477
        8258       -0.44   -0.462872  0.00139461
        8259        -0.6   -0.462889  0.00139454
        8260       -0.52   -0.462896  0.00139438
        8261       -0.44   -0.462893  0.00139422
        8262       -0.44    -0.46289  0.00139405
        8263       -0.52   -0.462897   0.0013939
        8264       -0.52   -0.462904  0.00139375
        8265       -0.44   -0.462901  0.00139358
        8266        -0.2    -0.46287  0.00139378
        8267       -0.36   -0.462857  0.00139366
        8268       -0.36   -0.462845  0.00139355
        8269       -0.44   -0.462842  0.00139339
        8270       -0.36    -0.46283  0.00139327
        8271       -0.28   -0.462807  0.00139328
        8272       -0.52   -0.462814  0.00139313
        8273       -0.44   -0.462812  0.00139296
        8274       -0.36   -0.462799  0.00139285
        8275       -0.28   -0.462777  0.00139286
        8276       -0.44   -0.462774  0.00139269
        8277       -0.68   -0.462801  0.00139277
        8278       -0.68   -0.462827  0.00139285
        8279       -0.68   -0.462853  0.00139293
        8280       -0.44    -0.46285  0.00139276
        8281       -0.52   -0.462857  0.00139261
        8282       -0.52   -0.462864  0.00139246
        8283       -0.68    -0.46289  0.00139254
        8284       -0.52   -0.462897  0.00139239
        8285       -0.52   -0.462904  0.00139224
        8286       -0.44   -0.462901  0.00139207
        8287       -0.44   -0.462899  0.00139191
        8288       -0.36   -0.462886  0.00139179
        8289       -0.52   -0.462893  0.00139164
        8290       -0.36   -0.462881  0.00139153
        8291        -0.2   -0.462849  0.00139172
        8292       -0.36   -0.462836  0.00139161
        8293       -0.52   -0.462843  0.00139146
        8294       -0.68    -0.46287  0.00139154
        8295       -0.52   -0.462876  0.00139139
        8296       -0.44   -0.462874  0.00139122
        8297       -0.44   -0.462871  0.00139106
        8298       -0.36   -0.462859  0.00139095
        8299       -0.36   -0.462846  0.00139083
        8300       -0.52   -0.462853  0.00139068
        8301       -0.44    -0.46285  0.00139052
        8302       -0.36   -0.462838  0.00139041
        8303       -0.44   -0.462835  0.00139024
        8304       -0.52   -0.462842  0.00139009
        8305       -0.36    -0.46283  0.00138998
        8306       -0.44   -0.462827  0.00138981
        8307       -0.36   -0.462814   0.0013897
        8308       -0.04   -0.462764  0.00139047
        8309       -0.44   -0.462761   0.0013903
        8310       -0.44   -0.462758  0.00139014
        8311       -0.12   -0.462717  0.00139058
        8312       -0.36   -0.462705  0.00139047
        8313       -0.36   -0.462692  0.00139036
        8314       -0.68   -0.462718  0.00139043
        8315        -0.2   -0.462687  0.00139063
        8316       -0.44   -0.462684  0.00139046
        8317       -0.52   -0.462691  0.00139031
        8318       -0.28   -0.462669  0.00139032
        8319       -0.52   -0.462676  0.00139017
        8320       -0.36   -0.462663  0.00139006
        8321       -0.28   -0.462642  0.00139006
        8322       -0.28    -0.46262  0.00139007
        8323        -0.2   -0.462588  0.00139026
        8324        -0.2   -0.462556  0.00139045
        8325       -0.36   -0.462544  0.00139034
        8326       -0.28   -0.462522  0.00139034
        8327       -0.36    -0.46251  0.00139023
        8328       -0.52   -0.462517  0.00139008
        8329        -0.6   -0.462533  0.00139001
        8330       -0.36   -0.462521   0.0013899
        8331       -0.44   -0.462518  0.00138974
        8332       -0.44   -0.462516  0.00138957
        8333       -0.36   -0.462503  0.00138946
        8334        -0.6    -0.46252  0.00138939
        8335       -0.28   -0.462498   0.0013894
        8336       -0.52   -0.462505  0.00138925
        8337        -0.6   -0.462521  0.00138918
        8338       -0.36   -0.462509  0.00138907
        8339       -0.52   -0.462516  0.00138892
        8340       -0.28   -0.462494  0.00138892
        8341       -0.44   -0.462491  0.00138876
        8342       -0.36   -0.462479  0.00138865
        8343       -0.44   -0.462476  0.00138848
        8344       -0.52   -0.462483  0.00138833
        8345       -0.68   -0.462509  0.00138841
        8346        -0.6   -0.462526  0.00138834
        8347       -0.52   -0.462533  0.00138819
        8348       -0.44    -0.46253  0.00138803
        8349       -0.44   -0.462527  0.00138787
        8350       -0.44   -0.462525   0.0013877
        8351       -0.52   -0.462531  0.00138755
        8352       -0.44   -0.462529  0.00138739
        8353       -0.68   -0.462555  0.00138747
        8354       -0.44   -0.462552  0.00138731
        8355       -0.36    -0.46254  0.00138719
        8356       -0.28   -0.462518   0.0013872
        8357       -0.36   -0.462506  0.00138709
        8358       -0.52   -0.462513  0.00138694
        8359       -0.76   -0.462548  0.00138723
        8360        -0.6   -0.462565  0.00138716
        8361        -0.6   -0.462581  0.00138709
        8362       -0.44   -0.462578  0.00138693
        8363       -0.28   -0.462556  0.00138693
        8364       -0.44   -0.462554  0.00138677
        8365       -0.28   -0.462532  0.00138678
        8366       -0.28    -0.46251  0.00138678
        8367       -0.28   -0.462488  0.00138679
        8368       -0.44   -0.462486  0.00138663
        8369       -0.44   -0.462483  0.00138646
        8370       -0.28   -0.462461  0.00138647
        8371       -0.44   -0.462458  0.00138631
        8372       -0.12   -0.462418  0.00138674
        8373       -0.36   -0.462405  0.00138663
        8374       -0.36   -0.462393  0.00138652
        8375       -0.52     -0.4624  0.00138637
        8376       -0.44   -0.462397  0.00138621
        8377       -0.44   -0.462395  0.00138605
        8378       -0.52   -0.462402   0.0013859
        8379       -0.44   -0.462399  0.00138573
        8380       -0.44   -0.462396  0.00138557
        8381       -0.52   -0.462403  0.00138542
        8382       -0.52    -0.46241  0.00138528
        8383       -0.44   -0.462407  0.00138511
        8384        -0.6   -0.462424  0.00138504
        8385       -0.44   -0.462421  0.00138488
        8386       -0.36   -0.462409  0.00138477
        8387       -0.36   -0.462397  0.00138466
        8388       -0.52   -0.462403  0.00138451
        8389       -0.52    -0.46241  0.00138436
        8390       -0.52   -0.462417  0.00138422
        8391       -0.44   -0.462414  0.00138405
        8392       -0.28   -0.462393  0.00138406
        8393       -0.52     -0.4624  0.00138391
        8394       -0.44   -0.462397  0.00138375
        8395       -0.36   -0.462385  0.00138364
        8396       -0.36   -0.462373  0.00138353
        8397       -0.28   -0.462351  0.00138353
        8398       -0.36   -0.462339  0.00138342
        8399       -0.28   -0.462317  0.00138343
        8400       -0.44   -0.462314  0.00138326
        8401       -0.44   -0.462312   0.0013831
        8402       -0.36   -0.462299  0.00138299
        8403        -0.6   -0.462316  0.00138292
        8404        -0.6   -0.462332  0.00138286
        8405       -0.28   -0.462311  0.00138286
        8406       -0.52   -0.462317  0.00138271
        8407       -0.52   -0.462324  0.00138257
        8408       -0.44   -0.462322  0.00138241
        8409       -0.44   -0.462319  0.00138224
        8410       -0.28   -0.462297  0.00138225
        8411       -0.44   -0.462295  0.00138209
        8412       -0.44   -0.462292  0.00138193
        8413       -0.44   -0.462289  0.00138176
        8414       -0.28   -0.462268  0.00138177
        8415       -0.52   -0.462275  0.00138162
        8416        -0.6   -0.462291  0.00138156
        8417       -0.52   -0.462298  0.00138141
        8418       -0.44   -0.462295  0.00138125
        8419       -0.52   -0.462302   0.0013811
        8420        -0.6   -0.462318  0.00138103
        8421        -0.6   -0.462335  0.00138096
        8422        -0.6   -0.462351   0.0013809
        8423       -0.52   -0.462358  0.00138075
        8424       -0.52   -0.462365   0.0013806
        8425        -0.6   -0.462381  0.00138054
        8426       -0.44   -0.462378  0.00138038
        8427       -0.36   -0.462366  0.00138026
        8428       -0.44   -0.462364   0.0013801
        8429       -0.36   -0.462351  0.00137999
        8430        -0.2    -0.46232  0.00138018
        8431        -0.6   -0.462337  0.00138011
        8432        -0.6   -0.462353  0.00138005
        8433       -0.76   -0.462388  0.00138033
        8434       -0.52   -0.462395  0.00138019
        8435       -0.68   -0.462421  0.00138026
        8436       -0.52   -0.462428  0.00138012
        8437       -0.28   -0.462406  0.00138012
        8438       -0.44   -0.462403  0.00137996
        8439       -0.44   -0.462401   0.0013798
        8440       -0.44   -0.462398  0.00137964
        8441       -0.52   -0.462405  0.00137949
        8442       -0.52   -0.462412  0.00137935
        8443       -0.36     -0.4624  0.00137924
        8444        -0.6   -0.462416  0.00137917
        8445       -0.44   -0.462413  0.00137901
        8446       -0.52    -0.46242  0.00137886
        8447       -0.52   -0.462427  0.00137872
        8448       -0.52   -0.462434  0.00137857
        8449       -0.52   -0.462441  0.00137842
        8450       -0.52   -0.462447  0.00137828
        8451       -0.36   -0.462435  0.00137817
        8452       -0.52   -0.462442  0.00137802
        8453       -0.36    -0.46243  0.00137791
        8454       -0.44   -0.462427  0.00137775
        8455       -0.52   -0.462434  0.00137761
        8456        -0.2   -0.462403  0.00137779
        8457        -0.2   -0.462372  0.00137798
        8458       -0.44   -0.462369  0.00137782
        8459       -0.36   -0.462357  0.00137771
        8460       -0.44   -0.462355  0.00137755
        8461        -0.2   -0.462324  0.00137773
        8462        -0.2   -0.462293  0.00137792
        8463       -0.28   -0.462271  0.00137793
        8464       -0.36   -0.462259  0.00137782
        8465       -0.36   -0.462247  0.00137771
        8466       -0.12   -0.462206  0.00137814
        8467       -0.36   -0.462194  0.00137803
        8468       -0.52   -0.462201  0.00137788
        8469        -0.2    -0.46217  0.00137807
        8470       -0.28   -0.462149  0.00137807
        8471       -0.36   -0.462137  0.00137796
        8472       -0.28   -0.462115  0.00137797
        8473       -0.28   -0.462094  0.00137797
        8474       -0.52   -0.462101  0.00137783
        8475       -0.44   -0.462098  0.00137767
        8476       -0.68   -0.462124  0.00137774
        8477        -0.6    -0.46214  0.00137768
        8478        -0.6   -0.462156  0.00137761
        8479       -0.44   -0.462154  0.00137745
        8480       -0.52    -0.46216   0.0013773
        8481       -0.36   -0.462148  0.00137719
        8482       -0.36   -0.462136  0.00137708
        8483       -0.12   -0.462096  0.00137751
        8484        -0.6   -0.462112  0.00137745
        8485       -0.36     -0.4621  0.00137734
        8486       -0.44   -0.462098  0.00137718
        8487        -0.6   -0.462114  0.00137711
        8488       -0.44   -0.462111  0.00137695
        8489       -0.36   -0.462099  0.00137684
        8490       -0.52   -0.462106   0.0013767
        8491       -0.36   -0.462094  0.00137659
        8492       -0.68    -0.46212  0.00137666
        8493       -0.44   -0.462117   0.0013765
        8494       -0.52   -0.462124  0.00137636
        8495       -0.52   -0.462131  0.00137621
        8496       -0.28   -0.462109  0.00137622
        8497       -0.28   -0.462088  0.00137622
        8498        -0.6   -0.462104  0.00137616
        8499       -0.28   -0.462083  0.00137616
        8500       -0.36   -0.462071  0.00137605
        8501        -0.6   -0.462087  0.00137599
        8502       -0.44   -0.462084  0.00137583
        8503       -0.36   -0.462072  0.00137572
        8504       -0.52   -0.462079  0.00137557
        8505       -0.36   -0.462067  0.00137546
        8506       -0.52   -0.462074  0.00137532
        8507       -0.44   -0.462071  0.00137516
        8508       -0.52   -0.462078  0.00137501
        8509       -0.52   -0.462085  0.00137487
        8510       -0.68    -0.46211  0.00137495
        8511       -0.76   -0.462145  0.00137523
        8512       -0.68   -0.462171  0.00137531
        8513        -0.6   -0.462187  0.00137524
        8514       -0.44   -0.462185  0.00137508
        8515        -0.6   -0.462201  0.00137501
        8516       -0.52   -0.462208  0.00137487
        8517       -0.44   -0.462205  0.00137471
        8518       -0.52   -0.462212  0.00137457
        8519       -0.44   -0.462209  0.00137441
        8520       -0.36   -0.462197   0.0013743
        8521       -0.68   -0.462223  0.00137438
        8522       -0.44    -0.46222  0.00137422
        8523       -0.36   -0.462208  0.00137411
        8524       -0.36   -0.462196    0.001374
        8525       -0.44   -0.462194  0.00137384
        8526       -0.44   -0.462191  0.00137368
        8527       -0.36   -0.462179  0.00137357
        8528       -0.36   -0.462167  0.00137346
        8529        -0.6   -0.462183   0.0013734
        8530       -0.36   -0.462171  0.00137329
        8531       -0.44   -0.462169  0.00137313
        8532       -0.44   -0.462166  0.00137297
        8533       -0.36   -0.462154  0.00137286
        8534       -0.52   -0.462161  0.00137272
        8535        -0.6   -0.462177  0.00137265
        8536       -0.52   -0.462184  0.00137251
        8537       -0.36   -0.462172   0.0013724
        8538       -0.44   -0.462169  0.00137224
        8539       -0.52   -0.462176   0.0013721
        8540       -0.36   -0.462164  0.00137199
        8541       -0.36   -0.462152  0.00137188
        8542       -0.52   -0.462159  0.00137174
        8543       -0.28   -0.462137  0.00137174
        8544       -0.52   -0.462144   0.0013716
        8545        -0.2   -0.462114  0.00137178
        8546       -0.52    -0.46212  0.00137164
        8547       -0.52   -0.462127  0.00137149
        8548       -0.52   -0.462134  0.00137135
        8549       -0.52   -0.462141  0.00137121
        8550       -0.36   -0.462129   0.0013711
        8551        -0.6   -0.462145  0.00137103
        8552       -0.44   -0.462142  0.00137087
        8553       -0.52   -0.462149  0.00137073
        8554       -0.52   -0.462156  0.00137059
        8555       -0.52   -0.462162  0.00137044
        8556        -0.6   -0.462179  0.00137038
        8557        -0.2   -0.462148  0.00137056
        8558        -0.2   -0.462117  0.00137074
        8559       -0.44   -0.462115  0.00137058
        8560       -0.52   -0.462121  0.00137044
        8561       -0.44   -0.462119  0.00137028
        8562       -0.44   -0.462116  0.00137013
        8563       -0.44   -0.462114  0.00136997
        8564       -0.36   -0.462102  0.00136986
        8565       -0.36    -0.46209  0.00136975
        8566       -0.52   -0.462097  0.00136961
        8567       -0.44   -0.462094  0.00136945
        8568       -0.44   -0.462092  0.00136929
        8569       -0.52   -0.462098  0.00136915
        8570       -0.36   -0.462086  0.00136904
        8571       -0.28   -0.462065  0.00136905
        8572       -0.36   -0.462053  0.00136894
        8573       -0.44   -0.462051  0.00136878
        8574       -0.52   -0.462057  0.00136864
        8575       -0.52   -0.462064   0.0013685
        8576       -0.44   -0.462062  0.00136834
        8577       -0.36    -0.46205  0.00136823
        8578       -0.52   -0.462056  0.00136809
        8579       -0.52   -0.462063  0.00136795
        8580       -0.52    -0.46207   0.0013678
        8581       -0.44   -0.462067  0.00136765
        8582        -0.2   -0.462037  0.00136783
        8583       -0.28   -0.462016  0.00136783
        8584       -0.36   -0.462004  0.00136773
        8585       -0.44   -0.462001  0.00136757
        8586       -0.44   -0.461999  0.00136741
        8587        -0.6   -0.462015  0.00136735
        8588       -0.68    -0.46204  0.00136742
        8589       -0.52   -0.462047  0.00136728
        8590        -0.6   -0.462063  0.00136722
        8591       -0.44    -0.46206  0.00136706
        8592       -0.28   -0.462039  0.00136706
        8593       -0.36   -0.462027  0.00136696
        8594       -0.36   -0.462015  0.00136685
        8595       -0.44   -0.462013  0.00136669
        8596       -0.44    -0.46201  0.00136654
        8597       -0.44   -0.462008  0.00136638
        8598        -0.2   -0.461977  0.00136656
        8599       -0.52   -0.461984  0.00136642
        8600       -0.52   -0.461991  0.00136628
        8601       -0.52   -0.461997  0.00136613
        8602       -0.52   -0.462004  0.00136599
        8603       -0.36   -0.461992  0.00136588
        8604       -0.36    -0.46198  0.00136578
        8605       -0.36   -0.461969  0.00136567
        8606       -0.44   -0.461966  0.00136551
        8607       -0.44   -0.461964  0.00136536
        8608       -0.28   -0.461942  0.00136536
        8609       -0.52   -0.461949  0.00136522
        8610       -0.36   -0.461937  0.00136511
        8611        -0.6   -0.461953  0.00136505
        8612       -0.52    -0.46196  0.00136491
        8613       -0.44   -0.461958  0.00136475
        8614       -0.52   -0.461964  0.00136461
        8615       -0.52   -0.461971  0.00136447
        8616       -0.52   -0.461978  0.00136433
        8617       -0.52   -0.461984  0.00136418
        8618       -0.52   -0.461991  0.00136404
        8619       -0.44   -0.461989  0.00136389
        8620       -0.28   -0.461968  0.00136389
        8621       -0.28   -0.461946   0.0013639
        8622       -0.28   -0.461925   0.0013639
        8623        -0.2   -0.461895  0.00136408
        8624        -0.2   -0.461865  0.00136426
        8625        -0.2   -0.461834  0.00136444
        8626       -0.44   -0.461832  0.00136429
        8627       -0.28   -0.461811  0.00136429
        8628       -0.44   -0.461808  0.00136413
        8629       -0.36   -0.461796  0.00136403
        8630       -0.52   -0.461803  0.00136389
        8631       -0.44     -0.4618  0.00136373
        8632        -0.6   -0.461816  0.00136367
        8633       -0.44   -0.461814  0.00136351
        8634       -0.28   -0.461793  0.00136352
        8635       -0.44    -0.46179  0.00136336
        8636       -0.36   -0.461779  0.00136325
        8637       -0.52   -0.461785  0.00136311
        8638       -0.44   -0.461783  0.00136296
        8639       -0.44    -0.46178   0.0013628
        8640       -0.28   -0.461759  0.00136281
        8641        -0.6   -0.461775  0.00136274
        8642        -0.6   -0.461791  0.00136268
        8643       -0.52   -0.461798  0.00136254
        8644       -0.36   -0.461786  0.00136243
        8645       -0.44   -0.461784  0.00136227
        8646       -0.52    -0.46179  0.00136213
        8647        -0.6   -0.461806  0.00136207
        8648        -0.6   -0.461822  0.00136201
        8649       -0.52   -0.461829  0.00136187
        8650       -0.52   -0.461836  0.00136172
        8651       -0.52   -0.461843  0.00136158
        8652        -0.2   -0.461812  0.00136176
        8653       -0.28   -0.461791  0.00136177
        8654       -0.52   -0.461798  0.00136163
        8655       -0.52   -0.461805  0.00136149
        8656        -0.6   -0.461821  0.00136142
        8657       -0.44   -0.461818  0.00136127
        8658       -0.28   -0.461797  0.00136127
        8659        -0.6   -0.461813  0.00136121
        8660       -0.44   -0.461811  0.00136105
        8661       -0.44   -0.461808   0.0013609
        8662       -0.52   -0.461815  0.00136076
        8663       -0.68    -0.46184  0.00136083
        8664       -0.68   -0.461865  0.00136091
        8665       -0.52   -0.461872  0.00136077
        8666       -0.76   -0.461906  0.00136105
        8667       -0.44   -0.461904  0.00136089
        8668       -0.28   -0.461883   0.0013609
        8669       -0.44    -0.46188  0.00136074
        8670       -0.36   -0.461869  0.00136064
        8671       -0.28   -0.461848  0.00136064
        8672       -0.36   -0.461836  0.00136053
        8673       -0.44   -0.461833  0.00136038
        8674       -0.44   -0.461831  0.00136023
        8675       -0.12   -0.461791  0.00136064
        8676       -0.44   -0.461789  0.00136049
        8677       -0.28   -0.461768  0.00136049
        8678       -0.12   -0.461729   0.0013609
        8679       -0.44   -0.461726  0.00136075
        8680       -0.52   -0.461733  0.00136061
        8681        -0.6   -0.461749  0.00136054
        8682       -0.36   -0.461737  0.00136044
        8683       -0.44   -0.461734  0.00136028
        8684       -0.44   -0.461732  0.00136013
        8685        -0.6   -0.461748  0.00136007
        8686       -0.52   -0.461755  0.00135993
        8687        -0.6    -0.46177  0.00135986
        8688        -0.6   -0.461786   0.0013598
        8689       -0.44   -0.461784  0.00135965
        8690       -0.36   -0.461772  0.00135954
        8691       -0.52   -0.461779   0.0013594
        8692        -0.6   -0.461795  0.00135934
        8693       -0.52   -0.461801   0.0013592
        8694       -0.28   -0.461781   0.0013592
        8695       -0.28    -0.46176   0.0013592
        8696       -0.28   -0.461739  0.00135921
        8697       -0.44   -0.461736  0.00135906
        8698       -0.44   -0.461734   0.0013589
        8699       -0.52    -0.46174  0.00135876
        8700       -0.36   -0.461729  0.00135866
        8701       -0.52   -0.461735  0.00135852
        8702       -0.52   -0.461742  0.00135838
        8703       -0.44    -0.46174  0.00135822
        8704       -0.36   -0.461728  0.00135812
        8705       -0.28   -0.461707  0.00135812
        8706        -0.6   -0.461723  0.00135806
        8707       -0.52    -0.46173  0.00135792
        8708       -0.76   -0.461764  0.00135819
        8709       -0.52   -0.461771  0.00135806
        8710       -0.52   -0.461777  0.00135792
        8711       -0.28   -0.461756  0.00135792
        8712       -0.36   -0.461745  0.00135781
        8713       -0.28   -0.461724  0.00135782
        8714        -0.2   -0.461694    0.001358
        8715       -0.36   -0.461682  0.00135789
        8716       -0.28   -0.461661  0.00135789
        8717       -0.44   -0.461659  0.00135774
        8718        -0.6   -0.461675  0.00135768
        8719       -0.76   -0.461709  0.00135795
        8720       -0.52   -0.461716  0.00135781
        8721       -0.36   -0.461704  0.00135771
        8722       -0.44   -0.461701  0.00135755
        8723       -0.36    -0.46169  0.00135745
        8724       -0.44   -0.461687   0.0013573
        8725       -0.36   -0.461676  0.00135719
        8726       -0.52   -0.461682  0.00135705
        8727       -0.44    -0.46168   0.0013569
        8728       -0.36   -0.461668  0.00135679
        8729       -0.52   -0.461675  0.00135665
        8730        -0.2   -0.461645  0.00135683
        8731       -0.36   -0.461633  0.00135672
        8732       -0.36   -0.461622  0.00135662
        8733        -0.6   -0.461637  0.00135656
        8734       -0.44   -0.461635   0.0013564
        8735       -0.28   -0.461614  0.00135641
        8736       -0.44   -0.461612  0.00135625
        8737       -0.52   -0.461618  0.00135611
        8738       -0.44   -0.461616  0.00135596
        8739       -0.44   -0.461613  0.00135581
        8740       -0.44   -0.461611  0.00135566
        8741       -0.68   -0.461636  0.00135573
        8742       -0.68   -0.461661  0.00135581
        8743        -0.6   -0.461677  0.00135574
        8744       -0.36   -0.461665  0.00135564
        8745        -0.2   -0.461635  0.00135581
        8746       -0.52   -0.461642  0.00135567
        8747       -0.52   -0.461649  0.00135554
        8748       -0.68   -0.461674  0.00135561
        8749        -0.2   -0.461644  0.00135579
        8750        -0.6   -0.461659  0.00135572
        8751       -0.68   -0.461684   0.0013558
        8752       -0.68   -0.461709  0.00135587
        8753       -0.68   -0.461734  0.00135595
        8754       -0.44   -0.461732  0.00135579
        8755        -0.6   -0.461748  0.00135573
        8756       -0.36   -0.461736  0.00135563
        8757       -0.28   -0.461715  0.00135563
        8758       -0.44   -0.461713  0.00135548
        8759       -0.52   -0.461719  0.00135534
        8760       -0.44   -0.461717  0.00135519
        8761       -0.52   -0.461724  0.00135505
        8762       -0.36   -0.461712  0.00135494
        8763       -0.52   -0.461719  0.00135481
        8764       -0.52   -0.461725  0.00135467
        8765       -0.52   -0.461732  0.00135453
        8766       -0.28   -0.461711  0.00135453
        8767       -0.28    -0.46169  0.00135454
        8768       -0.44   -0.461688  0.00135438
        8769        -0.6   -0.461704  0.00135432
        8770       -0.44   -0.461701  0.00135417
        8771       -0.28   -0.461681  0.00135417
        8772       -0.52   -0.461687  0.00135404
        8773       -0.52   -0.461694   0.0013539
        8774       -0.28   -0.461673   0.0013539
        8775        -0.6   -0.461689  0.00135384
        8776       -0.36   -0.461677  0.00135373
        8777       -0.44   -0.461675  0.00135358
        8778       -0.68     -0.4617  0.00135366
        8779        -0.6   -0.461715  0.00135359
        8780       -0.52   -0.461722  0.00135346
        8781       -0.52   -0.461729  0.00135332
        8782       -0.52   -0.461735  0.00135318
        8783       -0.44   -0.461733  0.00135303
        8784        -0.6   -0.461749  0.00135297
        8785       -0.28   -0.461728  0.00135297
        8786       -0.52   -0.461735  0.00135283
        8787       -0.36   -0.461723  0.00135273
        8788       -0.36   -0.461711  0.00135262
        8789       -0.36     -0.4617  0.00135252
        8790       -0.52   -0.461706  0.00135238
        8791       -0.36   -0.461695  0.00135228
        8792       -0.28   -0.461674  0.00135228
        8793       -0.52   -0.461681  0.00135214
        8794       -0.52   -0.461688  0.00135201
        8795       -0.68   -0.461712  0.00135208
        8796        -0.6   -0.461728  0.00135202
        8797       -0.68   -0.461753  0.00135209
        8798       -0.44    -0.46175  0.00135194
        8799       -0.52   -0.461757   0.0013518
        8800        -0.6   -0.461773  0.00135174
        8801       -0.28   -0.461752  0.00135175
        8802       -0.12   -0.461713  0.00135215
        8803       -0.36   -0.461702  0.00135205
        8804       -0.52   -0.461708  0.00135191
        8805       -0.44   -0.461706  0.00135176
        8806       -0.44   -0.461703  0.00135161
        8807       -0.36   -0.461692   0.0013515
        8808       -0.44   -0.461689  0.00135135
        8809       -0.36   -0.461678  0.00135125
        8810       -0.28   -0.461657  0.00135125
        8811       -0.44   -0.461655   0.0013511
        8812       -0.52   -0.461661  0.00135096
        8813       -0.44   -0.461659  0.00135081
        8814       -0.28   -0.461638  0.00135081
        8815       -0.28   -0.461618  0.00135082
        8816        -0.2   -0.461588  0.00135099
        8817       -0.28   -0.461567  0.00135099
        8818       -0.36   -0.461556  0.00135089
        8819       -0.52   -0.461563  0.00135075
        8820       -0.44    -0.46156   0.0013506
        8821       -0.36   -0.461549   0.0013505
        8822       -0.44   -0.461546  0.00135035
        8823        -0.6   -0.461562  0.00135029
        8824       -0.36    -0.46155  0.00135018
        8825       -0.44   -0.461548  0.00135003
        8826       -0.44   -0.461545  0.00134988
        8827       -0.52   -0.461552  0.00134974
        8828        -0.6   -0.461568  0.00134968
        8829       -0.52   -0.461574  0.00134955
        8830       -0.36   -0.461563  0.00134944
        8831       -0.52   -0.461569  0.00134931
        8832       -0.52   -0.461576  0.00134917
        8833       -0.52   -0.461583  0.00134903
        8834       -0.68   -0.461607  0.00134911
        8835       -0.52   -0.461614  0.00134897
        8836        -0.6    -0.46163  0.00134891
        8837       -0.44   -0.461627  0.00134876
        8838       -0.52   -0.461634  0.00134862
        8839       -0.52    -0.46164  0.00134848
        8840       -0.36   -0.461629  0.00134838
        8841       -0.44   -0.461627  0.00134823
        8842       -0.36   -0.461615  0.00134813
        8843       -0.68    -0.46164   0.0013482
        8844       -0.68   -0.461664  0.00134827
        8845       -0.36   -0.461653  0.00134817
        8846       -0.44    -0.46165  0.00134802
        8847       -0.52   -0.461657  0.00134788
        8848       -0.36   -0.461646  0.00134778
        8849       -0.44   -0.461643  0.00134763
        8850       -0.44   -0.461641  0.00134748
        8851       -0.44   -0.461638  0.00134733
        8852       -0.44   -0.461636  0.00134718
        8853       -0.52   -0.461642  0.00134705
        8854       -0.36   -0.461631  0.00134694
        8855        -0.6   -0.461647  0.00134688
        8856       -0.52   -0.461653  0.00134674
        8857       -0.52    -0.46166  0.00134661
        8858       -0.52   -0.461666  0.00134647
        8859       -0.28   -0.461646  0.00134648
        8860        -0.2   -0.461616  0.00134665
        8861       -0.36   -0.461605  0.00134655
        8862       -0.52   -0.461611  0.00134641
        8863        -0.6   -0.461627  0.00134635
        8864       -0.52   -0.461634  0.00134621
        8865        -0.6   -0.461649  0.00134615
        8866       -0.68   -0.461674  0.00134622
        8867       -0.44   -0.461671  0.00134607
        8868       -0.52   -0.461678  0.00134594
        8869       -0.36   -0.461666  0.00134584
        8870       -0.36   -0.461655  0.00134573
        8871       -0.52   -0.461662   0.0013456
        8872       -0.36    -0.46165  0.00134549
        8873       -0.52   -0.461657  0.00134536
        8874       -0.36   -0.461645  0.00134526
        8875        -0.6   -0.461661   0.0013452
        8876       -0.44   -0.461658  0.00134505
        8877       -0.52   -0.461665  0.00134491
        8878        -0.6   -0.461681  0.00134485
        8879        -0.6   -0.461696  0.00134479
        8880       -0.52   -0.461703  0.00134465
        8881       -0.44     -0.4617   0.0013445
        8882       -0.44   -0.461698  0.00134435
        8883       -0.36   -0.461686  0.00134425
        8884       -0.28   -0.461666  0.00134426
        8885       -0.44   -0.461663  0.00134411
        8886       -0.44   -0.461661  0.00134396
        8887       -0.36    -0.46165  0.00134386
        8888       -0.52   -0.461656  0.00134372
        8889        -0.6   -0.461672  0.00134366
        8890       -0.44   -0.461669  0.00134351
        8891       -0.36   -0.461658  0.00134341
        8892       -0.28   -0.461637  0.00134341
        8893       -0.28   -0.461617  0.00134342
        8894       -0.44   -0.461615  0.00134327
        8895       -0.28   -0.461594  0.00134327
        8896       -0.52   -0.461601  0.00134314
        8897       -0.52   -0.461607    0.001343
        8898        -0.6   -0.461623  0.00134294
        8899       -0.52   -0.461629  0.00134281
        8900        -0.6   -0.461645  0.00134274
        8901        -0.6    -0.46166  0.00134268
        8902       -0.52   -0.461667  0.00134255
        8903       -0.52   -0.461674  0.00134241
        8904        -0.6   -0.461689  0.00134235
        8905        -0.6   -0.461705  0.00134229
        8906       -0.52   -0.461711  0.00134216
        8907       -0.36     -0.4617  0.00134206
        8908       -0.52   -0.461706  0.00134192
        8909       -0.36   -0.461695  0.00134182
        8910       -0.36   -0.461684  0.00134172
        8911        -0.2   -0.461654  0.00134189
        8912       -0.36   -0.461643  0.00134179
        8913       -0.36   -0.461631  0.00134168
        8914        -0.6   -0.461647  0.00134162
        8915        -0.2   -0.461617  0.00134179
        8916       -0.52   -0.461624  0.00134166
        8917       -0.68   -0.461649  0.00134173
        8918       -0.76   -0.461682    0.001342
        8919       -0.52   -0.461689  0.00134186
        8920        -0.6   -0.461704   0.0013418
        8921       -0.68   -0.461729  0.00134188
        8922       -0.52   -0.461735  0.00134174
        8923       -0.52   -0.461742  0.00134161
        8924       -0.36    -0.46173   0.0013415
        8925        -0.6   -0.461746  0.00134144
        8926       -0.68    -0.46177  0.00134152
        8927       -0.36   -0.461759  0.00134141
        8928        -0.6   -0.461774  0.00134135
        8929        -0.6    -0.46179  0.00134129
        8930       -0.52   -0.461796  0.00134116
        8931       -0.68   -0.461821  0.00134123
        8932        -0.6   -0.461836  0.00134117
        8933        -0.6   -0.461852  0.00134111
        8934       -0.44   -0.461849  0.00134096
        8935        -0.6   -0.461865   0.0013409
        8936       -0.44   -0.461862  0.00134075
        8937       -0.44    -0.46186   0.0013406
        8938       -0.36   -0.461848   0.0013405
        8939       -0.44   -0.461846  0.00134035
        8940       -0.44   -0.461843  0.00134021
        8941        -0.6   -0.461859  0.00134015
        8942       -0.52   -0.461865  0.00134001
        8943       -0.36   -0.461854  0.00133991
        8944       -0.44   -0.461852  0.00133976
        8945       -0.44   -0.461849  0.00133962
        8946        -0.2    -0.46182  0.00133979
        8947       -0.36   -0.461808  0.00133968
        8948       -0.52   -0.461815  0.00133955
        8949       -0.44   -0.461812   0.0013394
        8950        -0.6   -0.461828  0.00133934
        8951       -0.52   -0.461834  0.00133921
        8952        -0.6    -0.46185  0.00133915
        8953        -0.6   -0.461865  0.00133909
        8954       -0.52   -0.461872  0.00133895
        8955       -0.44   -0.461869  0.00133881
        8956       -0.44   -0.461867  0.00133866
        8957       -0.44   -0.461864  0.00133851
        8958       -0.44   -0.461862  0.00133836
        8959       -0.68   -0.461886  0.00133844
        8960       -0.68   -0.461911  0.00133851
        8961       -0.52   -0.461917  0.00133837
        8962       -0.52   -0.461924  0.00133824
        8963       -0.52    -0.46193  0.00133811
        8964        -0.6   -0.461946  0.00133805
        8965       -0.52   -0.461952  0.00133791
        8966       -0.52   -0.461959  0.00133778
        8967       -0.36   -0.461947  0.00133768
        8968       -0.44   -0.461945  0.00133753
        8969       -0.44   -0.461942  0.00133738
        8970       -0.52   -0.461949  0.00133725
        8971       -0.44   -0.461946   0.0013371
        8972       -0.36   -0.461935    0.001337
        8973       -0.12   -0.461897   0.0013374
        8974       -0.52   -0.461903  0.00133726
        8975       -0.44   -0.461901  0.00133712
        8976       -0.28   -0.461881  0.00133712
        8977       -0.44   -0.461878  0.00133698
        8978       -0.44   -0.461876  0.00133683
        8979       -0.52   -0.461882   0.0013367
        8980       -0.44    -0.46188  0.00133655
        8981       -0.28   -0.461859  0.00133655
        8982       -0.28   -0.461839  0.00133656
        8983       -0.28   -0.461819  0.00133656
        8984       -0.52   -0.461825  0.00133643
        8985        -0.6   -0.461841  0.00133637
        8986        -0.6   -0.461856  0.00133631
        8987       -0.52   -0.461863  0.00133618
        8988        -0.6   -0.461878  0.00133612
        8989       -0.28   -0.461858  0.00133612
        8990       -0.36   -0.461846  0.00133602
        8991       -0.76    -0.46188  0.00133628
        8992       -0.52   -0.461886  0.00133615
        8993       -0.52   -0.461893  0.00133602
        8994       -0.52   -0.461899  0.00133588
        8995       -0.44   -0.461897  0.00133574
        8996        -0.6   -0.461912  0.00133568
        8997       -0.36   -0.461901  0.00133558
        8998       -0.36   -0.461889  0.00133548
        8999       -0.52   -0.461896  0.00133534
        9000       -0.52   -0.461902  0.00133521
        9001        -0.6   -0.461918  0.00133515
        9002       -0.44   -0.461915    0.001335
        9003       -0.52   -0.461922  0.00133487
        9004       -0.68   -0.461946  0.00133494
        9005       -0.52   -0.461952  0.00133481
        9006       -0.52   -0.461959  0.00133468
        9007       -0.28   -0.461938  0.00133468
        9008       -0.36   -0.461927  0.00133458
        9009       -0.36   -0.461916  0.00133448
        9010       -0.52   -0.461922  0.00133435
        9011       -0.68   -0.461947  0.00133442
        9012        -0.6   -0.461962  0.00133436
        9013       -0.44   -0.461959  0.00133422
        9014       -0.52   -0.461966  0.00133408
        9015        -0.6   -0.461981  0.00133402
        9016       -0.28   -0.461961  0.00133403
        9017       -0.44   -0.461959  0.00133388
        9018       -0.44   -0.461956  0.00133374
        9019        -0.2   -0.461927   0.0013339
        9020       -0.28   -0.461907  0.00133391
        9021       -0.28   -0.461887  0.00133391
        9022       -0.44   -0.461884  0.00133377
        9023       -0.36   -0.461873  0.00133367
        9024       -0.44   -0.461871  0.00133352
        9025       -0.52   -0.461877  0.00133339
        9026       -0.52   -0.461883  0.00133326
        9027       -0.68   -0.461908  0.00133333
        9028        -0.6   -0.461923  0.00133327
        9029        -0.6   -0.461938  0.00133321
        9030       -0.36   -0.461927  0.00133311
        9031       -0.52   -0.461933  0.00133298
        9032       -0.36   -0.461922  0.00133288
        9033       -0.36   -0.461911  0.00133278
        9034        -0.2   -0.461882  0.00133295
        9035       -0.28   -0.461862  0.00133295
        9036       -0.52   -0.461868  0.00133282
        9037       -0.76   -0.461901  0.00133308
        9038       -0.36    -0.46189  0.00133298
        9039       -0.52   -0.461896  0.00133285
        9040       -0.52   -0.461903  0.00133271
        9041       -0.36   -0.461891  0.00133262
        9042       -0.36    -0.46188  0.00133252
        9043       -0.52   -0.461887  0.00133238
        9044       -0.28   -0.461866  0.00133239
        9045       -0.52   -0.461873  0.00133226
        9046       -0.44    -0.46187  0.00133211
        9047        -0.2   -0.461841  0.00133228
        9048        -0.2   -0.461813  0.00133245
        9049       -0.36   -0.461801  0.00133235
        9050       -0.52   -0.461808  0.00133221
        9051       -0.52   -0.461814  0.00133208
        9052       -0.52   -0.461821  0.00133195
        9053       -0.68   -0.461845  0.00133202
        9054       -0.76   -0.461878  0.00133228
        9055       -0.52   -0.461884  0.00133215
        9056       -0.28   -0.461864  0.00133215
        9057       -0.36   -0.461853  0.00133205
        9058       -0.44    -0.46185  0.00133191
        9059       -0.28    -0.46183  0.00133191
        9060       -0.44   -0.461828  0.00133177
        9061       -0.36   -0.461817  0.00133167
        9062        -0.6   -0.461832  0.00133161
        9063       -0.52   -0.461838  0.00133148
        9064        -0.2   -0.461809  0.00133164
        9065       -0.28   -0.461789  0.00133165
        9066       -0.36   -0.461778  0.00133155
        9067       -0.36   -0.461767  0.00133145
        9068       -0.52   -0.461773  0.00133132
        9069       -0.36   -0.461762  0.00133122
        9070        -0.2   -0.461733  0.00133138
        9071       -0.28   -0.461713  0.00133139
        9072       -0.52    -0.46172  0.00133126
        9073       -0.52   -0.461726  0.00133113
        9074        -0.6   -0.461741  0.00133107
        9075       -0.12   -0.461704  0.00133145
        9076       -0.44   -0.461701  0.00133131
        9077       -0.44   -0.461699  0.00133116
        9078        -0.6   -0.461714   0.0013311
        9079       -0.52    -0.46172  0.00133097
        9080       -0.44   -0.461718  0.00133083
        9081       -0.76   -0.461751  0.00133109
        9082       -0.44   -0.461749  0.00133094
        9083       -0.52   -0.461755  0.00133081
        9084       -0.68   -0.461779  0.00133088
        9085       -0.68   -0.461803  0.00133095
        9086       -0.28   -0.461783  0.00133096
        9087       -0.68   -0.461807  0.00133103
        9088        -0.6   -0.461822  0.00133097
        9089       -0.28   -0.461802  0.00133097
        9090       -0.36   -0.461791  0.00133087
        9091       -0.44   -0.461789  0.00133073
        9092        -0.6   -0.461804  0.00133067
        9093        -0.2   -0.461775  0.00133083
        9094       -0.44   -0.461773  0.00133069
        9095        -0.6   -0.461788  0.00133063
        9096       -0.52   -0.461794   0.0013305
        9097        -0.6   -0.461809  0.00133044
        9098       -0.68   -0.461833  0.00133051
        9099       -0.44   -0.461831  0.00133036
        9100       -0.28   -0.461811  0.00133037
        9101       -0.36     -0.4618  0.00133027
        9102       -0.36   -0.461789  0.00133017
        9103       -0.28   -0.461769  0.00133017
        9104       -0.36   -0.461757  0.00133007
        9105       -0.28   -0.461738  0.00133008
        9106        -0.6   -0.461753  0.00133002
        9107       -0.44    -0.46175  0.00132988
        9108       -0.36   -0.461739  0.00132978
        9109       -0.36   -0.461728  0.00132968
        9110       -0.44   -0.461726  0.00132953
        9111       -0.52   -0.461732   0.0013294
        9112       -0.28   -0.461712  0.00132941
        9113        -0.6   -0.461727  0.00132935
        9114       -0.44   -0.461725   0.0013292
        9115       -0.52   -0.461731  0.00132907
        9116        -0.6   -0.461746  0.00132901
        9117       -0.44   -0.461744  0.00132887
        9118       -0.52    -0.46175  0.00132874
        9119        -0.6   -0.461766  0.00132868
        9120       -0.44   -0.461763  0.00132854
        9121       -0.44   -0.461761  0.00132839
        9122       -0.44   -0.461758  0.00132825
        9123       -0.44   -0.461756  0.00132811
        9124       -0.36   -0.461745  0.00132801
        9125       -0.44   -0.461742  0.00132786
        9126        -0.6   -0.461758  0.00132781
        9127       -0.52   -0.461764  0.00132767
        9128       -0.44   -0.461762  0.00132753
        9129       -0.28   -0.461742  0.00132754
        9130       -0.36   -0.461731  0.00132744
        9131       -0.28   -0.461711  0.00132744
        9132       -0.36     -0.4617  0.00132734
        9133        -0.6   -0.461715  0.00132728
        9134        -0.6    -0.46173  0.00132722
        9135       -0.44   -0.461727  0.00132708
        9136       -0.36   -0.461716  0.00132698
        9137        -0.2   -0.461688  0.00132715
        9138       -0.36   -0.461677  0.00132705
        9139       -0.52   -0.461683  0.00132692
        9140       -0.52   -0.461689  0.00132679
        9141        -0.6   -0.461704  0.00132673
        9142       -0.44   -0.461702  0.00132659
        9143       -0.44     -0.4617  0.00132644
        9144        -0.6   -0.461715  0.00132638
        9145        -0.2   -0.461686  0.00132655
        9146       -0.44   -0.461684  0.00132641
        9147       -0.52    -0.46169  0.00132628
        9148       -0.36   -0.461679  0.00132618
        9149        -0.6   -0.461694  0.00132612
        9150       -0.52   -0.461701  0.00132599
        9151        -0.6   -0.461716  0.00132593
        9152       -0.36   -0.461705  0.00132583
        9153       -0.52   -0.461711   0.0013257
        9154       -0.68   -0.461735  0.00132577
        9155       -0.36   -0.461724  0.00132567
        9156        -0.2   -0.461695  0.00132584
        9157        -0.6    -0.46171  0.00132578
        9158        -0.6   -0.461725  0.00132572
        9159       -0.44   -0.461723  0.00132558
        9160       -0.44   -0.461721  0.00132543
        9161        -0.6   -0.461736  0.00132538
        9162       -0.36   -0.461725  0.00132528
        9163       -0.44   -0.461722  0.00132513
        9164       -0.44    -0.46172  0.00132499
        9165       -0.52   -0.461726  0.00132486
        9166       -0.44   -0.461724  0.00132472
        9167       -0.68   -0.461748  0.00132479
        9168       -0.44   -0.461745  0.00132465
        9169       -0.52   -0.461752  0.00132452
        9170       -0.52   -0.461758  0.00132439
        9171       -0.36   -0.461747  0.00132429
        9172       -0.28   -0.461727  0.00132429
        9173       -0.52   -0.461733  0.00132417
        9174       -0.44   -0.461731  0.00132402
        9175       -0.52   -0.461737  0.00132389
        9176       -0.44   -0.461735  0.00132375
        9177       -0.52   -0.461741  0.00132362
        9178       -0.28   -0.461722  0.00132363
        9179       -0.44   -0.461719  0.00132349
        9180       -0.52   -0.461725  0.00132336
        9181       -0.44   -0.461723  0.00132321
        9182       -0.44   -0.461721  0.00132307
        9183        -0.6   -0.461736  0.00132301
        9184       -0.44   -0.461733  0.00132287
        9185       -0.44   -0.461731  0.00132273
        9186       -0.28   -0.461711  0.00132273
        9187       -0.44   -0.461709  0.00132259
        9188       -0.36   -0.461698  0.00132249
        9189       -0.52   -0.461704  0.00132237
        9190        -0.6   -0.461719  0.00132231
        9191       -0.52   -0.461726  0.00132218
        9192       -0.44   -0.461723  0.00132204
        9193        -0.6   -0.461738  0.00132198
        9194       -0.52   -0.461745  0.00132185
        9195       -0.36   -0.461734  0.00132175
        9196       -0.12   -0.461696  0.00132213
        9197        -0.6   -0.461711  0.00132207
        9198        -0.6   -0.461726  0.00132201
        9199       -0.44   -0.461724  0.00132187
        9200        -0.6   -0.461739  0.00132181
        9201       -0.76   -0.461772  0.00132207
        9202       -0.44   -0.461769  0.00132193
        9203       -0.44   -0.461767  0.00132179
        9204       -0.36   -0.461756  0.00132169
        9205       -0.44   -0.461753  0.00132155
        9206       -0.28   -0.461734  0.00132155
        9207       -0.44   -0.461731  0.00132141
        9208       -0.52   -0.461738  0.00132128
        9209        -0.6   -0.461753  0.00132122
        9210       -0.36   -0.461742  0.00132113
        9211       -0.36   -0.461731  0.00132103
        9212       -0.52   -0.461737   0.0013209
        9213       -0.44   -0.461735  0.00132076
        9214       -0.44   -0.461732  0.00132062
        9215       -0.28   -0.461712  0.00132062
        9216       -0.36   -0.461701  0.00132052
        9217       -0.44   -0.461699  0.00132038
        9218        -0.6   -0.461714  0.00132033
        9219       -0.68   -0.461738  0.00132039
        9220        -0.6   -0.461753  0.00132034
        9221       -0.44    -0.46175   0.0013202
        9222       -0.52   -0.461757  0.00132007
        9223       -0.44   -0.461754  0.00131993
        9224       -0.44   -0.461752  0.00131978
        9225       -0.36   -0.461741  0.00131969
        9226       -0.36    -0.46173  0.00131959
        9227       -0.44   -0.461728  0.00131945
        9228        -0.6   -0.461743  0.00131939
        9229       -0.76   -0.461775  0.00131964
        9230       -0.52   -0.461781  0.00131952
        9231        -0.6   -0.461796  0.00131946
        9232       -0.52   -0.461802  0.00131933
        9233       -0.52   -0.461809   0.0013192
        9234       -0.36   -0.461798  0.00131911
        9235        -0.6   -0.461813  0.00131905
        9236       -0.44    -0.46181  0.00131891
        9237       -0.36   -0.461799  0.00131881
        9238       -0.36   -0.461788  0.00131871
        9239       -0.52   -0.461795  0.00131859
        9240        -0.6    -0.46181  0.00131853
        9241        -0.6   -0.461824  0.00131847
        9242       -0.52   -0.461831  0.00131834
        9243       -0.36    -0.46182  0.00131825
        9244       -0.44   -0.461817  0.00131811
        9245       -0.44   -0.461815  0.00131797
        9246       -0.52   -0.461821  0.00131784
        9247       -0.52   -0.461828  0.00131771
        9248       -0.36   -0.461817  0.00131761
        9249       -0.52   -0.461823  0.00131749
        9250        -0.6   -0.461838  0.00131743
        9251       -0.76    -0.46187  0.00131768
        9252       -0.68   -0.461894  0.00131775
        9253       -0.52     -0.4619  0.00131762
        9254       -0.28    -0.46188  0.00131763
        9255       -0.12   -0.461843    0.001318
        9256       -0.44   -0.461841  0.00131786
        9257       -0.44   -0.461839  0.00131772
        9258       -0.68   -0.461862  0.00131779
        9259       -0.68   -0.461886  0.00131786
        9260        -0.6   -0.461901   0.0013178
        9261       -0.68   -0.461924  0.00131787
        9262        -0.6   -0.461939  0.00131781
        9263       -0.76   -0.461971  0.00131806
        9264       -0.52   -0.461978  0.00131793
        9265       -0.44   -0.461975  0.00131779
        9266       -0.44   -0.461973  0.00131765
        9267        -0.6   -0.461988  0.00131759
        9268        -0.6   -0.462003  0.00131754
        9269       -0.44      -0.462   0.0013174
        9270       -0.68   -0.462024  0.00131746
        9271        -0.6   -0.462039  0.00131741
        9272       -0.52   -0.462045  0.00131728
        9273        -0.6    -0.46206  0.00131722
        9274       -0.52   -0.462066  0.00131709
        9275       -0.44   -0.462064  0.00131695
        9276       -0.52    -0.46207  0.00131683
        9277       -0.36   -0.462059  0.00131673
        9278       -0.52   -0.462065   0.0013166
        9279       -0.36   -0.462054  0.00131651
        9280       -0.44   -0.462052  0.00131637
        9281       -0.36   -0.462041  0.00131627
        9282       -0.52   -0.462047  0.00131615
        9283       -0.52   -0.462053  0.00131602
        9284       -0.28   -0.462034  0.00131602
        9285        -0.6   -0.462048  0.00131596
        9286        -0.6   -0.462063  0.00131591
        9287        -0.2   -0.462035  0.00131607
        9288       -0.36   -0.462024  0.00131597
        9289       -0.36   -0.462013  0.00131588
        9290       -0.52   -0.462019  0.00131575
        9291       -0.52   -0.462026  0.00131562
        9292       -0.44   -0.462023  0.00131548
        9293       -0.44   -0.462021  0.00131534
        9294       -0.28   -0.462001  0.00131535
        9295       -0.52   -0.462008  0.00131522
        9296       -0.52   -0.462014  0.00131509
        9297       -0.28   -0.461994   0.0013151
        9298        -0.6   -0.462009  0.00131504
        9299       -0.52   -0.462015  0.00131491
        9300       -0.28   -0.461996  0.00131492
        9301       -0.28   -0.461976  0.00131492
        9302       -0.36   -0.461965  0.00131483
        9303       -0.44   -0.461963  0.00131469
        9304       -0.44    -0.46196  0.00131455
        9305       -0.44   -0.461958  0.00131441
        9306       -0.44   -0.461956  0.00131427
        9307       -0.52   -0.461962  0.00131414
        9308       -0.44    -0.46196  0.00131401
        9309        -0.6   -0.461974  0.00131395
        9310        -0.6   -0.461989  0.00131389
        9311        -0.6   -0.462004  0.00131383
        9312        -0.6   -0.462019  0.00131378
        9313       -0.28   -0.461999  0.00131378
        9314       -0.44   -0.461997  0.00131364
        9315        -0.2   -0.461969   0.0013138
        9316       -0.44   -0.461967  0.00131366
        9317       -0.52   -0.461973  0.00131354
        9318       -0.52   -0.461979  0.00131341
        9319       -0.36   -0.461968  0.00131331
        9320        -0.2    -0.46194  0.00131347
        9321       -0.44   -0.461938  0.00131333
        9322       -0.36   -0.461927  0.00131324
        9323       -0.44   -0.461924   0.0013131
        9324       -0.52   -0.461931  0.00131297
        9325        -0.6   -0.461945  0.00131292
        9326        -0.6    -0.46196  0.00131286
        9327       -0.44   -0.461958  0.00131272
        9328        -0.6   -0.461973  0.00131266
        9329       -0.36   -0.461962  0.00131257
        9330       -0.36   -0.461951  0.00131247
        9331       -0.52   -0.461957  0.00131235
        9332       -0.68    -0.46198  0.00131242
        9333        -0.6   -0.461995  0.00131236
        9334       -0.44   -0.461993  0.00131222
        9335       -0.52   -0.461999  0.00131209
        9336       -0.44   -0.461997  0.00131195
        9337       -0.52   -0.462003  0.00131183
        9338       -0.68   -0.462026   0.0013119
        9339       -0.44   -0.462024  0.00131176
        9340       -0.52    -0.46203  0.00131163
        9341        -0.6   -0.462045  0.00131158
        9342       -0.44   -0.462042  0.00131144
        9343       -0.44    -0.46204   0.0013113
        9344       -0.36   -0.462029   0.0013112
        9345        -0.6   -0.462044  0.00131115
        9346       -0.84   -0.462084  0.00131163
        9347       -0.76   -0.462116  0.00131188
        9348       -0.52   -0.462122  0.00131175
        9349       -0.44    -0.46212  0.00131161
        9350       -0.52   -0.462126  0.00131149
        9351       -0.28   -0.462107  0.00131149
        9352       -0.28   -0.462087   0.0013115
        9353       -0.28   -0.462068   0.0013115
        9354       -0.52   -0.462074  0.00131137
        9355        -0.6   -0.462089  0.00131132
        9356       -0.44   -0.462086  0.00131118
        9357       -0.52   -0.462093  0.00131105
        9358       -0.28   -0.462073  0.00131106
        9359       -0.52   -0.462079  0.00131093
        9360        -0.6   -0.462094  0.00131088
        9361       -0.52     -0.4621  0.00131075
        9362       -0.44   -0.462098  0.00131061
        9363       -0.44   -0.462095  0.00131047
        9364       -0.52   -0.462102  0.00131035
        9365       -0.44   -0.462099  0.00131021
        9366       -0.52   -0.462105  0.00131009
        9367        -0.6    -0.46212  0.00131003
        9368       -0.44   -0.462118  0.00130989
        9369       -0.36   -0.462107   0.0013098
        9370       -0.44   -0.462105  0.00130966
        9371       -0.68   -0.462128  0.00130973
        9372        -0.6   -0.462143  0.00130967
        9373       -0.52   -0.462149  0.00130954
        9374        -0.6   -0.462163  0.00130949
        9375       -0.52    -0.46217  0.00130936
        9376       -0.44   -0.462167  0.00130922
        9377       -0.36   -0.462156  0.00130913
        9378       -0.36   -0.462145  0.00130903
        9379        -0.2   -0.462117  0.00130919
        9380       -0.36   -0.462107   0.0013091
        9381       -0.36   -0.462096    0.001309
        9382       -0.28   -0.462076  0.00130901
        9383       -0.52   -0.462082  0.00130888
        9384       -0.44    -0.46208  0.00130875
        9385       -0.28   -0.462061  0.00130875
        9386       -0.28   -0.462041  0.00130876
        9387       -0.44   -0.462039  0.00130862
        9388       -0.36   -0.462028  0.00130852
        9389        -0.6   -0.462043  0.00130847
        9390        -0.6   -0.462058  0.00130841
        9391        -0.2    -0.46203  0.00130857
        9392       -0.52   -0.462036  0.00130844
        9393        -0.2   -0.462008   0.0013086
        9394       -0.52   -0.462014  0.00130848
        9395       -0.52    -0.46202  0.00130835
        9396       -0.52   -0.462026  0.00130823
        9397       -0.36   -0.462016  0.00130813
        9398       -0.52   -0.462022  0.00130801
        9399       -0.36   -0.462011  0.00130791
        9400       -0.44   -0.462009  0.00130778
        9401       -0.44   -0.462006  0.00130764
        9402       -0.68   -0.462029  0.00130771
        9403       -0.44   -0.462027  0.00130757
        9404       -0.52   -0.462033  0.00130745
        9405       -0.36   -0.462022  0.00130735
        9406       -0.44    -0.46202  0.00130721
        9407       -0.52   -0.462026  0.00130709
        9408       -0.44   -0.462024  0.00130695
        9409        -0.2   -0.461996  0.00130711
        9410       -0.28   -0.461977  0.00130712
        9411       -0.12    -0.46194  0.00130748
        9412       -0.52   -0.461946  0.00130736
        9413       -0.36   -0.461936  0.00130726
        9414       -0.52   -0.461942  0.00130714
        9415        -0.6   -0.461956  0.00130708
        9416       -0.52   -0.461963  0.00130696
        9417       -0.44    -0.46196  0.00130682
        9418       -0.44   -0.461958  0.00130668
        9419       -0.44   -0.461956  0.00130655
        9420       -0.52   -0.461962  0.00130642
        9421       -0.44   -0.461959  0.00130629
        9422       -0.36   -0.461949  0.00130619
        9423       -0.52   -0.461955  0.00130607
        9424       -0.28   -0.461935  0.00130607
        9425       -0.44   -0.461933  0.00130594
        9426       -0.44   -0.461931   0.0013058
        9427       -0.36    -0.46192  0.00130571
        9428       -0.28   -0.461901  0.00130571
        9429       -0.36    -0.46189  0.00130562
        9430       -0.44   -0.461888  0.00130548
        9431       -0.44   -0.461885  0.00130534
        9432       -0.36   -0.461874  0.00130525
        9433       -0.28   -0.461855  0.00130525
        9434       -0.36   -0.461844  0.00130516
        9435       -0.44   -0.461842  0.00130502
        9436       -0.52   -0.461848   0.0013049
        9437        -0.6   -0.461863  0.00130484
        9438       -0.52   -0.461869  0.00130472
        9439       -0.52   -0.461875   0.0013046
        9440       -0.52   -0.461881  0.00130447
        9441       -0.36   -0.461871  0.00130438
        9442        -0.2   -0.461843  0.00130454
        9443        -0.2   -0.461815  0.00130469
        9444        -0.2   -0.461787  0.00130485
        9445       -0.36   -0.461777  0.00130476
        9446       -0.52   -0.461783  0.00130463
        9447       -0.36   -0.461772  0.00130454
        9448       -0.44    -0.46177   0.0013044
        9449       -0.36   -0.461759  0.00130431
        9450       -0.28    -0.46174  0.00130431
        9451       -0.44   -0.461737  0.00130418
        9452       -0.44   -0.461735  0.00130404
        9453       -0.28   -0.461716  0.00130404
        9454       -0.76   -0.461747  0.00130429
        9455        -0.6   -0.461762  0.00130423
        9456        -0.6   -0.461777  0.00130418
        9457       -0.44   -0.461774  0.00130404
        9458        -0.6   -0.461789  0.00130398
        9459        -0.6   -0.461804  0.00130393
        9460       -0.44   -0.461801  0.00130379
        9461       -0.28   -0.461782   0.0013038
        9462       -0.44    -0.46178  0.00130366
        9463       -0.44   -0.461777  0.00130352
        9464       -0.52   -0.461784   0.0013034
        9465        -0.6   -0.461798  0.00130335
        9466       -0.52   -0.461804  0.00130322
        9467       -0.52    -0.46181   0.0013031
        9468        -0.6   -0.461825  0.00130304
        9469        -0.6    -0.46184  0.00130299
        9470       -0.52   -0.461846  0.00130286
        9471       -0.44   -0.461844  0.00130273
        9472       -0.68   -0.461867  0.00130279
        9473       -0.52   -0.461873  0.00130267
        9474       -0.44    -0.46187  0.00130254
        9475       -0.52   -0.461877  0.00130241
        9476       -0.68     -0.4619  0.00130248
        9477       -0.52   -0.461906  0.00130236
        9478       -0.28   -0.461886  0.00130236
        9479       -0.52   -0.461893  0.00130224
        9480       -0.36   -0.461882  0.00130214
        9481       -0.36   -0.461871  0.00130205
        9482       -0.28   -0.461852  0.00130206
        9483       -0.44    -0.46185  0.00130192
        9484       -0.28    -0.46183  0.00130192
        9485        -0.6   -0.461845  0.00130187
        9486       -0.36   -0.461834  0.00130178
        9487       -0.36   -0.461824  0.00130168
        9488       -0.36   -0.461813  0.00130159
        9489       -0.28   -0.461794  0.00130159
        9490       -0.36   -0.461783   0.0013015
        9491       -0.44   -0.461781  0.00130137
        9492       -0.52   -0.461787  0.00130124
        9493       -0.52   -0.461793  0.00130112
        9494       -0.36   -0.461782  0.00130103
        9495        -0.6   -0.461797  0.00130097
        9496       -0.52   -0.461803  0.00130085
        9497       -0.36   -0.461792  0.00130076
        9498       -0.68   -0.461815  0.00130082
        9499        -0.6    -0.46183  0.00130077
        9500        -0.6   -0.461844  0.00130071
        9501       -0.68   -0.461867  0.00130078
        9502        -0.6   -0.461882  0.00130072
        9503       -0.68   -0.461905  0.00130079
        9504       -0.68   -0.461928  0.00130085
        9505       -0.52   -0.461934  0.00130073
        9506       -0.44   -0.461931  0.00130059
        9507       -0.44   -0.461929  0.00130046
        9508       -0.44   -0.461927  0.00130033
        9509       -0.44   -0.461924  0.00130019
        9510       -0.68   -0.461947  0.00130026
        9511       -0.44   -0.461945  0.00130012
        9512       -0.52   -0.461951      0.0013
        9513        -0.2   -0.461924  0.00130015
        9514       -0.52    -0.46193  0.00130003
        9515       -0.44   -0.461927   0.0012999
        9516       -0.28   -0.461908   0.0012999
        9517       -0.68   -0.461931  0.00129997
        9518        -0.6   -0.461946  0.00129991
        9519       -0.28   -0.461927  0.00129991
        9520       -0.52   -0.461933  0.00129979
        9521       -0.28   -0.461914   0.0012998
        9522       -0.44   -0.461911  0.00129966
        9523       -0.52   -0.461917  0.00129954
        9524       -0.12   -0.461882   0.0012999
        9525       -0.28   -0.461862   0.0012999
        9526       -0.52   -0.461869  0.00129978
        9527       -0.44   -0.461866  0.00129965
        9528       -0.44   -0.461864  0.00129951
        9529       -0.28   -0.461845  0.00129952
        9530       -0.44   -0.461843  0.00129938
        9531        -0.6   -0.461857  0.00129933
        9532       -0.68    -0.46188  0.00129939
        9533       -0.52   -0.461886  0.00129927
        9534       -0.52   -0.461892  0.00129915
        9535       -0.68   -0.461915  0.00129921
        9536       -0.36   -0.461904  0.00129912
        9537       -0.52    -0.46191    0.001299
        9538        -0.6   -0.461925  0.00129894
        9539        -0.6   -0.461939  0.00129889
        9540       -0.52   -0.461945  0.00129876
        9541       -0.68   -0.461968  0.00129883
        9542       -0.28   -0.461949  0.00129883
        9543       -0.44   -0.461947   0.0012987
        9544       -0.36   -0.461936  0.00129861
        9545       -0.28   -0.461917  0.00129861
        9546       -0.52   -0.461923  0.00129849
        9547        -0.2   -0.461896  0.00129864
        9548       -0.36   -0.461885  0.00129855
        9549       -0.44   -0.461883  0.00129842
        9550       -0.52   -0.461889   0.0012983
        9551       -0.36   -0.461878   0.0012982
        9552       -0.28   -0.461859  0.00129821
        9553       -0.44   -0.461857  0.00129807
        9554        -0.6   -0.461871  0.00129802
        9555       -0.44   -0.461869  0.00129788
        9556       -0.44   -0.461867  0.00129775
        9557       -0.44   -0.461865  0.00129762
        9558       -0.44   -0.461862  0.00129748
        9559       -0.44    -0.46186  0.00129735
        9560       -0.44   -0.461858  0.00129722
        9561       -0.44   -0.461855  0.00129708
        9562       -0.36   -0.461845  0.00129699
        9563       -0.36   -0.461834   0.0012969
        9564       -0.52    -0.46184  0.00129678
        9565        -0.6   -0.461855  0.00129672
        9566       -0.68   -0.461877  0.00129679
        9567       -0.76   -0.461909  0.00129703
        9568       -0.68   -0.461931  0.00129709
        9569        -0.6   -0.461946  0.00129703
        9570       -0.36   -0.461935  0.00129694
        9571       -0.52   -0.461941  0.00129682
        9572       -0.52   -0.461947   0.0012967
        9573       -0.28   -0.461928   0.0012967
        9574       -0.28   -0.461909  0.00129671
        9575       -0.36   -0.461899  0.00129662
        9576        -0.2   -0.461871  0.00129677
        9577       -0.44   -0.461869  0.00129664
        9578       -0.52   -0.461875  0.00129651
        9579       -0.44   -0.461873  0.00129638
        9580       -0.52   -0.461879  0.00129626
        9581        -0.6   -0.461893   0.0012962
        9582       -0.44   -0.461891  0.00129607
        9583       -0.44   -0.461889  0.00129594
        9584       -0.44   -0.461886  0.00129581
        9585       -0.52   -0.461893  0.00129568
        9586        -0.6   -0.461907  0.00129563
        9587       -0.44   -0.461905   0.0012955
        9588       -0.36   -0.461894   0.0012954
        9589       -0.28   -0.461875  0.00129541
        9590       -0.44   -0.461873  0.00129528
        9591       -0.52   -0.461879  0.00129515
        9592       -0.76    -0.46191  0.00129539
        9593       -0.68   -0.461933  0.00129546
        9594       -0.44    -0.46193  0.00129532
        9595       -0.44   -0.461928  0.00129519
        9596       -0.44   -0.461926  0.00129506
        9597       -0.52   -0.461932  0.00129494
        9598       -0.52   -0.461938  0.00129482
        9599       -0.52   -0.461944   0.0012947
        9600        -0.6   -0.461958  0.00129464
        9601       -0.52   -0.461964  0.00129452
        9602        -0.6   -0.461979  0.00129446
        9603       -0.36   -0.461968  0.00129437
        9604        -0.2   -0.461941  0.00129453
        9605       -0.04   -0.461897  0.00129514
        9606       -0.36   -0.461886  0.00129504
        9607       -0.36   -0.461876  0.00129495
        9608       -0.28   -0.461857  0.00129496
        9609        -0.6   -0.461871   0.0012949
        9610       -0.52   -0.461877  0.00129478
        9611        -0.6   -0.461892  0.00129473
        9612       -0.44   -0.461889  0.00129459
        9613       -0.52   -0.461895  0.00129447
        9614       -0.52   -0.461901  0.00129435
        9615       -0.44   -0.461899  0.00129422
        9616        -0.6   -0.461913  0.00129417
        9617        -0.6   -0.461928  0.00129411
        9618       -0.52   -0.461934  0.00129399
        9619       -0.68   -0.461957  0.00129405
        9620       -0.44   -0.461954  0.00129392
        9621        -0.6   -0.461969  0.00129387
        9622       -0.52   -0.461975  0.00129375
        9623        -0.6   -0.461989  0.00129369
        9624       -0.68   -0.462012  0.00129376
        9625       -0.76   -0.462043  0.00129399
        9626       -0.44    -0.46204  0.00129386
        9627       -0.44   -0.462038  0.00129373
        9628        -0.6   -0.462052  0.00129367
        9629       -0.36   -0.462042  0.00129358
        9630        -0.6   -0.462056  0.00129353
        9631       -0.36   -0.462045  0.00129343
        9632       -0.52   -0.462051  0.00129331
        9633        -0.6   -0.462066  0.00129326
        9634       -0.44   -0.462064  0.00129313
        9635       -0.36   -0.462053  0.00129304
        9636       -0.44   -0.462051   0.0012929
        9637       -0.36    -0.46204  0.00129281
        9638        -0.6   -0.462054  0.00129276
        9639       -0.44   -0.462052  0.00129263
        9640       -0.44    -0.46205  0.00129249
        9641       -0.44   -0.462048  0.00129236
        9642       -0.52   -0.462054  0.00129224
        9643       -0.44   -0.462051  0.00129211
        9644       -0.44   -0.462049  0.00129198
        9645       -0.36   -0.462038  0.00129189
        9646        -0.2   -0.462011  0.00129204
        9647        -0.2   -0.461984  0.00129219
        9648       -0.36   -0.461973   0.0012921
        9649       -0.52   -0.461979  0.00129198
        9650       -0.36   -0.461969  0.00129189
        9651       -0.44   -0.461967  0.00129176
        9652       -0.44   -0.461964  0.00129163
        9653       -0.44   -0.461962  0.00129149
        9654        -0.2   -0.461935  0.00129165
        9655        -0.6   -0.461949  0.00129159
        9656       -0.44   -0.461947  0.00129146
        9657       -0.44   -0.461945  0.00129133
        9658       -0.28   -0.461926  0.00129133
        9659       -0.44   -0.461924   0.0012912
        9660        -0.2   -0.461896  0.00129135
        9661       -0.52   -0.461902  0.00129123
        9662       -0.44     -0.4619   0.0012911
        9663       -0.52   -0.461906  0.00129098
        9664       -0.52   -0.461912  0.00129086
        9665       -0.52   -0.461918  0.00129074
        9666       -0.28   -0.461899  0.00129074
        9667       -0.44   -0.461897  0.00129061
        9668       -0.36   -0.461887  0.00129052
        9669       -0.12   -0.461851  0.00129087
        9670       -0.28   -0.461832  0.00129088
        9671       -0.36   -0.461822  0.00129079
        9672       -0.52   -0.461828  0.00129067
        9673       -0.52   -0.461834  0.00129055
        9674       -0.44   -0.461832  0.00129042
        9675       -0.28   -0.461813  0.00129042
        9676       -0.52   -0.461819   0.0012903
        9677       -0.76    -0.46185  0.00129053
        9678        -0.6   -0.461864  0.00129048
        9679       -0.36   -0.461853  0.00129039
        9680       -0.28   -0.461835  0.00129039
        9681       -0.36   -0.461824   0.0012903
        9682       -0.44   -0.461822  0.00129017
        9683       -0.36   -0.461811  0.00129008
        9684       -0.36   -0.461801  0.00128999
        9685        -0.6   -0.461815  0.00128994
        9686       -0.52   -0.461821  0.00128982
        9687       -0.28   -0.461802  0.00128982
        9688       -0.52   -0.461808   0.0012897
        9689       -0.52   -0.461814  0.00128958
        9690       -0.44   -0.461812  0.00128945
        9691       -0.52   -0.461818  0.00128933
        9692       -0.52   -0.461824  0.00128921
        9693       -0.36   -0.461814  0.00128912
        9694        -0.6   -0.461828  0.00128907
        9695       -0.52   -0.461834  0.00128895
        9696       -0.52    -0.46184  0.00128883
        9697        -0.6   -0.461854  0.00128878
        9698       -0.44   -0.461852  0.00128864
        9699       -0.52   -0.461858  0.00128853
        9700        -0.6   -0.461872  0.00128847
        9701       -0.52   -0.461878  0.00128835
        9702        -0.6   -0.461892   0.0012883
        9703        -0.6   -0.461907  0.00128824
        9704       -0.44   -0.461904  0.00128811
        9705       -0.68   -0.461927  0.00128818
        9706       -0.52   -0.461933  0.00128806
        9707        -0.6   -0.461947    0.001288
        9708       -0.44   -0.461945  0.00128787
        9709       -0.52   -0.461951  0.00128775
        9710       -0.52   -0.461957  0.00128764
        9711        -0.6   -0.461971  0.00128758
        9712       -0.28   -0.461952  0.00128759
        9713        -0.2   -0.461925  0.00128774
        9714       -0.36   -0.461915  0.00128765
        9715       -0.44   -0.461913  0.00128751
        9716       -0.52   -0.461918   0.0012874
        9717       -0.44   -0.461916  0.00128727
        9718       -0.44   -0.461914  0.00128714
        9719       -0.28   -0.461895  0.00128714
        9720       -0.28   -0.461877  0.00128714
        9721       -0.28   -0.461858  0.00128715
        9722       -0.52   -0.461864  0.00128703
        9723       -0.52    -0.46187  0.00128691
        9724       -0.36   -0.461859  0.00128682
        9725       -0.36   -0.461849  0.00128673
        9726        -0.6   -0.461863  0.00128668
        9727        -0.6   -0.461877  0.00128662
        9728       -0.52   -0.461883   0.0012865
        9729       -0.36   -0.461873  0.00128641
        9730       -0.44   -0.461871  0.00128628
        9731       -0.52   -0.461876  0.00128617
        9732        -0.6   -0.461891  0.00128611
        9733       -0.52   -0.461897  0.00128599
        9734        -0.6   -0.461911  0.00128594
        9735       -0.44   -0.461909  0.00128581
        9736       -0.52   -0.461915  0.00128569
        9737       -0.44   -0.461912  0.00128556
        9738       -0.28   -0.461894  0.00128556
        9739       -0.36   -0.461883  0.00128548
        9740       -0.52   -0.461889  0.00128536
        9741        -0.6   -0.461903   0.0012853
        9742       -0.36   -0.461893  0.00128521
        9743       -0.36   -0.461882  0.00128512
        9744       -0.44    -0.46188  0.00128499
        9745       -0.44   -0.461878  0.00128486
        9746       -0.44   -0.461876  0.00128473
        9747       -0.52   -0.461882  0.00128462
        9748       -0.36   -0.461871  0.00128453
        9749       -0.44   -0.461869   0.0012844
        9750       -0.44   -0.461867  0.00128427
        9751       -0.36   -0.461856  0.00128418
        9752       -0.52   -0.461862  0.00128406
        9753       -0.52   -0.461868  0.00128394
        9754       -0.44   -0.461866  0.00128381
        9755       -0.36   -0.461855  0.00128372
        9756       -0.28   -0.461837  0.00128373
        9757       -0.44   -0.461835   0.0012836
        9758       -0.52   -0.461841  0.00128348
        9759        -0.6   -0.461855  0.00128343
        9760        -0.6   -0.461869  0.00128337
        9761       -0.36   -0.461858  0.00128328
        9762       -0.36   -0.461848   0.0012832
        9763       -0.44   -0.461846  0.00128307
        9764       -0.52   -0.461852  0.00128295
        9765       -0.52   -0.461858  0.00128283
        9766       -0.44   -0.461855   0.0012827
        9767       -0.36   -0.461845  0.00128261
        9768        -0.6   -0.461859  0.00128256
        9769       -0.44   -0.461857  0.00128243
        9770       -0.68   -0.461879  0.00128249
        9771        -0.6   -0.461893  0.00128244
        9772       -0.44   -0.461891  0.00128231
        9773        -0.6   -0.461905  0.00128226
        9774        -0.6   -0.461919   0.0012822
        9775       -0.36   -0.461909  0.00128212
        9776       -0.44   -0.461907  0.00128199
        9777       -0.52   -0.461913  0.00128187
        9778        -0.6   -0.461927  0.00128182
        9779       -0.28   -0.461908  0.00128182
        9780       -0.52   -0.461914   0.0012817
        9781       -0.52    -0.46192  0.00128158
        9782       -0.44   -0.461918  0.00128146
        9783       -0.36   -0.461907  0.00128137
        9784        -0.6   -0.461922  0.00128131
        9785       -0.68   -0.461944  0.00128138
        9786       -0.76   -0.461974  0.00128161
        9787       -0.68   -0.461997  0.00128167
        9788        -0.6   -0.462011  0.00128162
        9789        -0.6   -0.462025  0.00128156
        9790       -0.36   -0.462014  0.00128147
        9791       -0.44   -0.462012  0.00128135
        9792       -0.36   -0.462002  0.00128126
        9793       -0.52   -0.462008  0.00128114
        9794       -0.52   -0.462013  0.00128102
        9795       -0.44   -0.462011  0.00128089
        9796       -0.68   -0.462033  0.00128096
        9797       -0.68   -0.462056  0.00128102
        9798        -0.6    -0.46207  0.00128097
        9799        -0.6   -0.462084  0.00128091
        9800       -0.44   -0.462082  0.00128078
        9801       -0.44   -0.462079  0.00128066
        9802       -0.44   -0.462077  0.00128053
        9803       -0.28   -0.462059  0.00128053
        9804       -0.44   -0.462056   0.0012804
        9805        -0.6    -0.46207  0.00128035
        9806       -0.36    -0.46206  0.00128026
        9807       -0.36    -0.46205  0.00128017
        9808       -0.52   -0.462055  0.00128006
        9809       -0.44   -0.462053  0.00127993
        9810       -0.36   -0.462043  0.00127984
        9811       -0.44   -0.462041  0.00127971
        9812       -0.68   -0.462063  0.00127977
        9813        -0.6   -0.462077  0.00127972
        9814       -0.68   -0.462099  0.00127978
        9815       -0.52   -0.462105  0.00127966
        9816       -0.68   -0.462127  0.00127973
        9817       -0.68   -0.462149  0.00127979
        9818       -0.68   -0.462172  0.00127985
        9819       -0.36   -0.462161  0.00127976
        9820       -0.44   -0.462159  0.00127963
        9821        -0.6   -0.462173  0.00127958
        9822       -0.84   -0.462211  0.00128003
        9823        -0.6   -0.462225  0.00127998
        9824       -0.68   -0.462248  0.00128004
        9825       -0.68    -0.46227   0.0012801
        9826       -0.44   -0.462267  0.00127997
        9827       -0.44   -0.462265  0.00127984
        9828       -0.44   -0.462263  0.00127971
        9829        -0.2   -0.462236  0.00127986
        9830        -0.2    -0.46221  0.00128001
        9831       -0.36   -0.462199  0.00127992
        9832       -0.44   -0.462197  0.00127979
        9833       -0.68   -0.462219  0.00127986
        9834       -0.68   -0.462241  0.00127992
        9835       -0.28   -0.462223  0.00127992
        9836       -0.68   -0.462245  0.00127998
        9837       -0.52   -0.462251  0.00127987
        9838       -0.68   -0.462273  0.00127993
        9839       -0.44   -0.462271   0.0012798
        9840       -0.36    -0.46226  0.00127971
        9841       -0.36    -0.46225  0.00127962
        9842       -0.36   -0.462239  0.00127953
        9843       -0.36   -0.462229  0.00127945
        9844       -0.44   -0.462227  0.00127932
        9845       -0.52   -0.462233   0.0012792
        9846       -0.44    -0.46223  0.00127907
        9847        -0.6   -0.462244  0.00127902
        9848       -0.52    -0.46225   0.0012789
        9849        -0.6   -0.462264  0.00127885
        9850       -0.52    -0.46227  0.00127874
        9851       -0.84   -0.462308  0.00127918
        9852       -0.36   -0.462298  0.00127909
        9853       -0.36   -0.462288    0.001279
        9854        -0.6   -0.462302  0.00127895
        9855       -0.36   -0.462291  0.00127886
        9856       -0.52   -0.462297  0.00127875
        9857        -0.6   -0.462311  0.00127869
        9858       -0.36   -0.462301  0.00127861
        9859       -0.52   -0.462307  0.00127849
        9860       -0.28   -0.462288  0.00127849
        9861       -0.52   -0.462294  0.00127838
        9862       -0.68   -0.462316  0.00127844
        9863       -0.52   -0.462322  0.00127832
        9864       -0.52   -0.462328  0.00127821
        9865       -0.52   -0.462334  0.00127809
        9866       -0.36   -0.462323    0.001278
        9867       -0.44   -0.462321  0.00127788
        9868       -0.36    -0.46231  0.00127779
        9869        -0.6   -0.462324  0.00127773
        9870       -0.12    -0.46229  0.00127808
        9871       -0.36   -0.462279  0.00127799
        9872       -0.44   -0.462277  0.00127786
        9873       -0.44   -0.462275  0.00127773
        9874       -0.44   -0.462273  0.00127761
        9875       -0.44    -0.46227  0.00127748
        9876       -0.52   -0.462276  0.00127736
        9877        -0.6    -0.46229  0.00127731
        9878       -0.44   -0.462288  0.00127718
        9879       -0.44   -0.462286  0.00127705
        9880        -0.6     -0.4623    0.001277
        9881        -0.6   -0.462314  0.00127695
        9882       -0.44   -0.462311  0.00127682
        9883       -0.44   -0.462309  0.00127669
        9884       -0.44   -0.462307  0.00127657
        9885       -0.44   -0.462305  0.00127644
        9886       -0.36   -0.462294  0.00127635
        9887        -0.6   -0.462308   0.0012763
        9888       -0.52   -0.462314  0.00127618
        9889       -0.44   -0.462312  0.00127606
        9890       -0.44   -0.462309  0.00127593
        9891        -0.2   -0.462283  0.00127608
        9892       -0.28   -0.462264  0.00127608
        9893        -0.6   -0.462278  0.00127603
        9894       -0.52   -0.462284  0.00127591
        9895       -0.68   -0.462306  0.00127597
        9896        -0.6    -0.46232  0.00127592
        9897       -0.52   -0.462326   0.0012758
        9898       -0.44   -0.462324  0.00127568
        9899       -0.44   -0.462321  0.00127555
        9900       -0.44   -0.462319  0.00127542
        9901       -0.36   -0.462309  0.00127534
        9902        -0.6   -0.462323  0.00127528
        9903       -0.28   -0.462304  0.00127529
        9904       -0.36   -0.462294   0.0012752
        9905       -0.52     -0.4623  0.00127508
        9906       -0.44   -0.462298  0.00127496
        9907       -0.52   -0.462303  0.00127484
        9908       -0.28   -0.462285  0.00127485
        9909       -0.52   -0.462291  0.00127473
        9910       -0.52   -0.462297  0.00127462
        9911       -0.52   -0.462302   0.0012745
        9912       -0.44     -0.4623  0.00127437
        9913       -0.44   -0.462298  0.00127425
        9914       -0.52   -0.462304  0.00127413
        9915       -0.36   -0.462293  0.00127405
        9916       -0.44   -0.462291  0.00127392
        9917       -0.52   -0.462297   0.0012738
        9918       -0.44   -0.462295  0.00127368
        9919       -0.04   -0.462252  0.00127426
        9920       -0.36   -0.462242  0.00127417
        9921       -0.44    -0.46224  0.00127405
        9922        -0.6   -0.462254  0.00127399
        9923       -0.36   -0.462243  0.00127391
        9924       -0.36   -0.462233  0.00127382
        9925       -0.44   -0.462231  0.00127369
        9926       -0.28   -0.462212   0.0012737
        9927       -0.52   -0.462218  0.00127358
        9928       -0.36   -0.462208   0.0012735
        9929       -0.36   -0.462198  0.00127341
        9930       -0.52   -0.462203   0.0012733
        9931       -0.44   -0.462201  0.00127317
        9932       -0.52   -0.462207  0.00127305
        9933       -0.52   -0.462213  0.00127294
        9934        -0.6   -0.462227  0.00127289
        9935        -0.6   -0.462241  0.00127283
        9936       -0.52   -0.462246  0.00127272
        9937       -0.44   -0.462244  0.00127259
        9938       -0.36   -0.462234  0.00127251
        9939       -0.52    -0.46224  0.00127239
        9940       -0.44   -0.462237  0.00127227
        9941       -0.52   -0.462243  0.00127215
        9942       -0.44   -0.462241  0.00127203
        9943        -0.6   -0.462255  0.00127197
        9944       -0.36   -0.462245  0.00127189
        9945       -0.44   -0.462242  0.00127176
        9946       -0.52   -0.462248  0.00127165
        9947       -0.36   -0.462238  0.00127156
        9948       -0.52   -0.462244  0.00127144
        9949        -0.6   -0.462258  0.00127139
        9950       -0.52   -0.462263  0.00127128
        9951       -0.44   -0.462261  0.00127115
        9952       -0.36   -0.462251  0.00127107
        9953       -0.36   -0.462241  0.00127098
        9954        -0.6   -0.462254  0.00127093
        9955       -0.44   -0.462252   0.0012708
        9956       -0.36   -0.462242  0.00127072
        9957       -0.36   -0.462232  0.00127063
        9958       -0.52   -0.462237  0.00127052
        9959        -0.6   -0.462251  0.00127046
        9960       -0.44   -0.462249  0.00127034
        9961       -0.52   -0.462255  0.00127022
        9962        -0.6   -0.462269  0.00127017
        9963       -0.44   -0.462266  0.00127005
        9964       -0.44   -0.462264  0.00126992
        9965       -0.36   -0.462254  0.00126983
        9966       -0.04   -0.462212  0.00127041
        9967       -0.36   -0.462201  0.00127033
        9968       -0.52   -0.462207  0.00127021
        9969       -0.36   -0.462197  0.00127013
        9970       -0.36   -0.462187  0.00127004
        9971       -0.44   -0.462184  0.00126992
        9972        -0.6   -0.462198  0.00126986
        9973        -0.6   -0.462212  0.00126981
        9974       -0.44    -0.46221  0.00126969
        9975       -0.44   -0.462208  0.00126956
        9976        -0.2   -0.462181   0.0012697
        9977       -0.52   -0.462187  0.00126959
        9978       -0.52   -0.462193  0.00126948
        9979       -0.52   -0.462199  0.00126936
        9980        -0.6   -0.462212  0.00126931
        9981       -0.36   -0.462202  0.00126922
        9982       -0.52   -0.462208  0.00126911
        9983       -0.44   -0.462206  0.00126899
        9984        -0.6    -0.46222  0.00126893
        9985       -0.52   -0.462225  0.00126882
        9986        -0.6   -0.462239  0.00126877
        9987       -0.44   -0.462237  0.00126864
        9988       -0.68   -0.462259   0.0012687
        9989       -0.76   -0.462289  0.00126893
        9990       -0.36   -0.462278  0.00126884
        9991        -0.2   -0.462252  0.00126898
        9992       -0.36   -0.462242   0.0012689
        9993       -0.36   -0.462232  0.00126881
        9994       -0.52   -0.462237   0.0012687
        9995       -0.52   -0.462243  0.00126859
        9996       -0.28   -0.462225  0.00126859
        9997       -0.36   -0.462215   0.0012685
        9998       -0.36   -0.462204  0.00126842
        9999        -0.2   -0.462178  0.00126856
       10000        -0.6   -0.462192  0.00126851
