   0.0942809           0    0.100949  0.00949425
    0.282843       1.874    0.769083   0.0315208
    0.471405       1.646     2.07396   0.0565451
    0.659966       5.016     3.92505   0.0672484
    0.848528        7.67     6.25507   0.0933168
     1.03709       6.768     7.75508   0.0914829
     1.22565       6.016     9.49602    0.115767
     1.41421      12.256     9.70735    0.116828
     1.60278      13.214     10.0565    0.115079
     1.79134       9.512     9.95259    0.111717
      1.9799       9.184     9.65242    0.104717
     2.16846        5.89     8.71022    0.100535
     2.35702        3.62     7.31413     0.10554
     2.54558       6.302     5.58157    0.104317
     2.73415       4.572     4.79885    0.081787
     2.92271       4.048      3.6239   0.0617407
     3.11127       2.374     2.72018   0.0599626
     3.29983       2.658     1.92542   0.0490745
     3.48839        2.63     1.33202   0.0405618
     3.67696       2.376     0.80376    0.032688
     3.86552       0.258    0.547461   0.0282932
     4.05408       0.066     0.29832   0.0196753
     4.24264        0.05    0.236848   0.0196191
      4.4312           0    0.158597   0.0158892
     4.61976           0    0.125328   0.0152564
     4.80833           0   0.0402027  0.00723386
     4.99689           0    0.026032  0.00603023
     5.18545           0  0.00831467  0.00274078
     5.37401           0  0.00474133  0.00269734
     5.56257           0 6.93333e-05 6.92408e-05
   0.0942809       0.212    0.101245  0.00947359
    0.282843       2.774    0.774415   0.0318848
    0.471405        1.28     2.07185   0.0564342
    0.659966       2.454     3.92113   0.0671833
    0.848528       7.444     6.25823   0.0931222
     1.03709        7.37     7.75406   0.0912453
     1.22565        9.34     9.49561     0.11546
     1.41421       8.856     9.70509    0.116539
     1.60278      11.914     10.0614    0.114879
     1.79134      10.598      9.9543    0.111433
      1.9799      11.046     9.65613    0.104504
     2.16846       5.402     8.70143    0.100652
     2.35702        6.68     7.31245    0.105272
     2.54558       5.834     5.58224    0.104041
     2.73415       2.332     4.79229   0.0818322
     2.92271       5.446     3.62875   0.0617664
     3.11127        3.61     2.72254   0.0598498
     3.29983       1.266     1.92367   0.0489753
     3.48839       1.596     1.33272     0.04046
     3.67696       1.938    0.806777   0.0327399
     3.86552       0.382    0.547021   0.0282213
     4.05408       0.226    0.298128   0.0196239
     4.24264           0    0.236218    0.019577
      4.4312           0    0.158176   0.0158526
     4.61976           0    0.124995   0.0152195
     4.80833           0   0.0400957  0.00721541
     4.99689           0   0.0259628  0.00601459
     5.18545           0  0.00829255  0.00273358
     5.37401           0  0.00472872  0.00269019
     5.56257           0 6.91489e-05 6.90569e-05
   0.0942809           0    0.100976  0.00945227
    0.282843       2.154    0.778074   0.0320095
    0.471405       1.328     2.06987    0.056319
    0.659966       3.752     3.92068   0.0670066
    0.848528       8.324     6.26371   0.0930363
     1.03709       4.832     7.74631   0.0913319
     1.22565       8.244     9.49229    0.115201
     1.41421       10.01      9.7059    0.116233
     1.60278       7.532     10.0547     0.11477
     1.79134      13.368     9.96336    0.111505
      1.9799       11.79     9.66179     0.10438
     2.16846        8.89     8.70193    0.100386
     2.35702       6.214     7.30953    0.105033
     2.54558       6.062     5.58351    0.103773
     2.73415       3.992     4.79016   0.0816426
     2.92271       3.718     3.62899    0.061603
     3.11127         1.7     2.71983   0.0597525
     3.29983       1.374     1.92221   0.0488671
     3.48839       0.566     1.33069   0.0404037
     3.67696        3.08    0.812806   0.0332037
     3.86552       1.004    0.548233   0.0281725
     4.05408       0.066    0.297512   0.0195815
     4.24264           0    0.235592   0.0195351
      4.4312           0    0.157756   0.0158161
     4.61976           0    0.124663   0.0151827
     4.80833           0   0.0399894  0.00719705
     4.99689           0   0.0258939  0.00599903
     5.18545           0  0.00827056  0.00272642
     5.37401           0  0.00471618  0.00268308
     5.56257           0 6.89655e-05  6.8874e-05
   0.0942809       0.664    0.102466  0.00954389
    0.282843       2.002    0.781312   0.0320882
    0.471405       3.234     2.07295   0.0562541
    0.659966       2.832      3.9178   0.0668912
    0.848528        5.77      6.2624   0.0927993
     1.03709       5.754     7.74104   0.0912422
     1.22565      11.948     9.49878     0.11508
     1.41421        7.29     9.69951    0.116101
     1.60278       8.226     10.0499    0.114568
     1.79134      12.488     9.97004    0.111409
      1.9799        8.99     9.66001    0.104119
     2.16846       9.892     8.70507     0.10017
     2.35702       9.718      7.3159    0.104949
     2.54558       6.206     5.58516    0.103512
     2.73415       1.458     4.78135   0.0819012
     2.92271        2.87     3.62698   0.0614728
     3.11127       2.048     2.71805   0.0596209
     3.29983        2.72     1.92432   0.0487833
     3.48839       0.446     1.32835   0.0403646
     3.67696       3.182    0.819074   0.0337022
     3.86552       0.262    0.547476   0.0281081
     4.05408           0    0.296725   0.0195455
     4.24264           0    0.234968   0.0194934
      4.4312           0    0.157339   0.0157797
     4.61976           0    0.124333   0.0151461
     4.80833           0   0.0398836  0.00717879
     4.99689           0   0.0258254  0.00598355
     5.18545           0  0.00824868  0.00271929
     5.37401           0   0.0047037  0.00267602
     5.56257           0 6.87831e-05  6.8692e-05
   0.0942809       0.692    0.104021  0.00964464
    0.282843        1.23    0.782496   0.0320254
    0.471405       2.276     2.07349   0.0561082
    0.659966        3.52     3.91675   0.0667229
    0.848528       4.836     6.25864   0.0926307
     1.03709       7.516     7.74044   0.0910034
     1.22565      11.552      9.5042    0.114904
     1.41421       9.712     9.69954    0.115795
     1.60278       9.788     10.0492    0.114268
     1.79134        9.22     9.96806    0.111133
      1.9799      10.442     9.66207    0.103865
     2.16846         8.8     8.70532   0.0999059
     2.35702       5.396     7.31084    0.104794
     2.54558       7.958     5.59142    0.103428
     2.73415       3.574     4.77816    0.081747
     2.92271       3.736     3.62727   0.0613112
     3.11127       1.296      2.7143   0.0595815
     3.29983       2.516     1.92588   0.0486796
     3.48839        0.33     1.32572   0.0403439
     3.67696       3.108    0.825113   0.0341502
     3.86552       0.502    0.547356   0.0280342
     4.05408           0    0.295942   0.0195096
     4.24264           0    0.234348   0.0194518
      4.4312           0    0.156923   0.0157435
     4.61976           0    0.124005   0.0151097
     4.80833           0   0.0397784  0.00716062
     4.99689           0   0.0257573  0.00596815
     5.18545           0  0.00822691  0.00271221
     5.37401           0  0.00469129  0.00266898
     5.56257           0 6.86016e-05  6.8511e-05
   0.0942809       0.024    0.103811  0.00962156
    0.282843       1.662    0.784811   0.0320246
    0.471405       2.906     2.07568   0.0560033
    0.659966       4.394     3.91801   0.0665592
    0.848528       3.294     6.25084   0.0927149
     1.03709        6.42     7.73697   0.0908303
     1.22565      10.906     9.50789     0.11466
     1.41421       8.508     9.69641    0.115532
     1.60278      10.012     10.0491    0.113968
     1.79134      12.866     9.97568    0.111102
      1.9799      11.188     9.66609    0.103669
     2.16846       7.674     8.70261   0.0996799
     2.35702        5.78     7.30681    0.104596
     2.54558       4.972     5.58979    0.103168
     2.73415       5.446     4.77992   0.0815508
     2.92271       3.186     3.62611   0.0611609
     3.11127       2.438     2.71357   0.0594291
     3.29983       2.366     1.92704   0.0485653
     3.48839        0.82     1.32438   0.0402597
     3.67696       2.752    0.830184   0.0344347
     3.86552       0.184      0.5464   0.0279768
     4.05408       0.202    0.295695   0.0194599
     4.24264           0    0.233732   0.0194104
      4.4312           0    0.156511   0.0157075
     4.61976           0    0.123679   0.0150735
     4.80833           0   0.0396737  0.00714254
     4.99689           0   0.0256895  0.00595283
     5.18545           0  0.00820526  0.00270516
     5.37401           0  0.00467895  0.00266199
     5.56257           0 6.84211e-05  6.8331e-05
   0.0942809       0.024    0.103601  0.00959858
    0.282843       1.092    0.785617   0.0319507
    0.471405       1.708     2.07471   0.0558647
    0.659966       5.602     3.92243   0.0665311
    0.848528       5.982     6.25013   0.0924743
     1.03709       6.996     7.73502   0.0906127
     1.22565       9.786     9.50862    0.114362
     1.41421       8.514      9.6933    0.115271
     1.60278      10.068     10.0491    0.113668
     1.79134      12.526     9.98238    0.111012
      1.9799       8.434     9.66286    0.103448
     2.16846       8.106     8.70104   0.0994305
     2.35702       5.534     7.30216    0.104424
     2.54558       5.604     5.58983    0.102898
     2.73415        3.96     4.77777   0.0813651
     2.92271       3.656     3.62618   0.0610004
     3.11127       3.196     2.71484   0.0592866
     3.29983       2.548     1.92867   0.0484651
     3.48839        1.75      1.3255   0.0401695
     3.67696       0.786    0.830068   0.0343445
     3.86552        1.56     0.54906   0.0280295
     4.05408       0.568    0.296409   0.0194219
     4.24264           0    0.233118   0.0193691
      4.4312           0      0.1561   0.0156717
     4.61976           0    0.123354   0.0150374
     4.80833           0   0.0395696  0.00712455
     4.99689           0    0.025622  0.00593759
     5.18545           0  0.00818373  0.00269814
     5.37401           0  0.00466667  0.00265503
     5.56257           0 6.82415e-05 6.81519e-05
   0.0942809       0.638       0.105  0.00967486
    0.282843       0.978     0.78612    0.031871
    0.471405        1.45     2.07308   0.0557423
    0.659966       4.848     3.92485    0.066401
    0.848528       7.528     6.25348   0.0922927
     1.03709       7.026     7.73317   0.0903945
     1.22565       6.918     9.50184    0.114263
     1.41421       6.858     9.68588    0.115208
     1.60278      11.502     10.0529    0.113434
     1.79134      11.312     9.98586    0.110776
      1.9799      12.774       9.671    0.103497
     2.16846         8.5     8.70052   0.0991716
     2.35702       5.054     7.29627    0.104317
     2.54558       8.394     5.59717     0.10289
     2.73415       3.906     4.77549   0.0811841
     2.92271        1.48     3.62057   0.0610989
     3.11127        1.14     2.71072   0.0592746
     3.29983       3.558     1.93294   0.0485256
     3.48839       0.946     1.32451   0.0400767
     3.67696        2.26    0.833812    0.034458
     3.86552        0.02    0.547675   0.0279904
     4.05408       0.718    0.297513   0.0194024
     4.24264        0.12    0.232822   0.0193207
      4.4312       0.012    0.155723   0.0156352
     4.61976        0.02    0.123084   0.0150005
     4.80833        0.04   0.0395707   0.0071059
     4.99689           0    0.025555  0.00592243
     5.18545           0   0.0081623  0.00269116
     5.37401           0  0.00465445  0.00264811
     5.56257           0 6.80628e-05 6.79737e-05
   0.0942809           1    0.107337   0.0099278
    0.282843        0.24    0.784695   0.0318197
    0.471405       0.948     2.07014   0.0556742
    0.659966       5.094     3.92791   0.0662978
    0.848528       5.488     6.25148   0.0920733
     1.03709       9.656     7.73819   0.0902978
     1.22565       10.09     9.50337    0.113975
     1.41421       8.118     9.68179     0.11498
     1.60278      11.408     10.0565    0.113193
     1.79134      10.092     9.98614    0.110487
      1.9799       11.21     9.67502    0.103305
     2.16846       7.504     8.69739   0.0989619
     2.35702       6.254     7.29355     0.10408
     2.54558       6.652     5.59992    0.102658
     2.73415       4.396      4.7745   0.0809782
     2.92271        1.14     3.61409   0.0612817
     3.11127       1.576     2.70775   0.0591938
     3.29983       1.906     1.93287   0.0483989
     3.48839       2.226     1.32686   0.0400411
     3.67696       2.002    0.836862   0.0345028
     3.86552           0    0.546245   0.0279538
     4.05408           0    0.296736   0.0193673
     4.24264           0    0.232214   0.0192798
      4.4312           0    0.155316   0.0155996
     4.61976           0    0.122762   0.0149648
     4.80833       0.624   0.0410966  0.00724934
     4.99689       0.306   0.0262872  0.00595206
     5.18545        0.07  0.00832376  0.00268898
     5.37401           0   0.0046423  0.00264122
     5.56257           0 6.78851e-05 6.77964e-05
   0.0942809        0.21    0.107604  0.00990555
    0.282843       0.272    0.783359   0.0317648
    0.471405       0.552     2.06619   0.0556694
    0.659966       4.764     3.93008   0.0661608
    0.848528       8.156     6.25644    0.091967
     1.03709        8.39     7.73989   0.0900786
     1.22565       6.914     9.49663    0.113878
     1.41421      11.486     9.68648    0.114776
     1.60278      12.808     10.0636    0.113125
     1.79134       11.82     9.99091    0.110302
      1.9799       6.932     9.66788    0.103282
     2.16846       6.978     8.69292   0.0988054
     2.35702        7.76     7.29477    0.103816
     2.54558        5.43     5.59948    0.102392
     2.73415       3.208     4.77042     0.08087
     2.92271        2.02     3.60994   0.0612625
     3.11127       2.662     2.70764   0.0590398
     3.29983        1.52     1.93179   0.0482848
     3.48839         2.7     1.33044   0.0400962
     3.67696       2.402    0.840938   0.0346528
     3.86552       0.016    0.544865   0.0279151
     4.05408           0    0.295964   0.0193323
     4.24264           0    0.231609   0.0192391
      4.4312           0    0.154911   0.0155643
     4.61976           0    0.122443   0.0149292
     4.80833        0.98   0.0435417  0.00763166
     4.99689        0.02   0.0262708  0.00593658
     5.18545           0  0.00830208  0.00268206
     5.37401           0  0.00463021  0.00263437
     5.56257           0 6.77083e-05 6.76201e-05
   0.0942809           0    0.107325  0.00988376
    0.282843       0.424    0.782426    0.031696
    0.471405       1.154     2.06382   0.0555752
    0.659966       5.218     3.93343   0.0660735
    0.848528       5.816     6.25529   0.0917353
     1.03709       7.236     7.73858   0.0898541
     1.22565       8.796     9.49481    0.113596
     1.41421      13.436     9.69622     0.11489
     1.60278       7.726     10.0575    0.112994
     1.79134      13.572     10.0002    0.110407
      1.9799      10.604     9.67031    0.103043
     2.16846       9.076     8.69391   0.0985538
     2.35702       6.824     7.29354    0.103554
     2.54558       3.176     5.59318    0.102319
     2.73415        2.74     4.76514   0.0808317
     2.92271       2.664     3.60748   0.0611527
     3.11127         1.6     2.70476   0.0589565
     3.29983       1.298     1.93015   0.0481875
     3.48839       2.924     1.33458   0.0402051
     3.67696       0.622    0.840369   0.0345675
     3.86552        1.67    0.547787   0.0279951
     4.05408       0.172    0.295642   0.0192847
     4.24264       0.252    0.231662   0.0191892
      4.4312           0    0.154509    0.015529
     4.61976           0    0.122125   0.0148938
     4.80833       0.898    0.045761  0.00792799
     4.99689       0.102   0.0264675  0.00592442
     5.18545           0  0.00828052  0.00267518
     5.37401           0  0.00461818  0.00262756
     5.56257           0 6.75325e-05 6.74447e-05
   0.0942809       0.208    0.107585   0.0098616
    0.282843        0.97    0.782912   0.0316176
    0.471405       0.978     2.06101   0.0555023
    0.659966       5.108     3.93647   0.0659724
    0.848528       6.452      6.2558    0.091499
     1.03709       6.514      7.7354   0.0896773
     1.22565      13.016     9.50393    0.113668
     1.41421       10.82     9.69913     0.11463
     1.60278       8.604     10.0538    0.112764
     1.79134      11.032     10.0029    0.110154
      1.9799       13.34     9.67981    0.103213
     2.16846       5.844     8.68653   0.0985746
     2.35702       6.094     7.29044    0.103332
     2.54558        3.46     5.58766    0.102203
     2.73415       3.888     4.76287   0.0806543
     2.92271        2.32     3.60415   0.0610851
     3.11127       0.966     2.70025   0.0589756
     3.29983       2.858     1.93255   0.0481226
     3.48839       1.736     1.33562   0.0401144
     3.67696        1.01    0.840808   0.0344807
     3.86552       1.294     0.54972   0.0279893
     4.05408       0.122    0.295192     0.01924
     4.24264       0.426    0.232166   0.0191461
      4.4312       0.014    0.154145   0.0154931
     4.61976       0.018    0.121855   0.0148577
     4.80833       0.624   0.0472591  0.00804773
     4.99689       0.068   0.0265751  0.00591005
     5.18545       0.016  0.00830052  0.00266832
     5.37401         0.2  0.00512435  0.00266906
     5.56257           0 6.73575e-05 6.72702e-05
   0.0942809       0.558    0.108749  0.00990456
    0.282843       0.982    0.783426   0.0315401
    0.471405       0.414     2.05675   0.0555218
    0.659966       3.926     3.93644   0.0658019
    0.848528       5.046     6.25268    0.091316
     1.03709        6.75     7.73286   0.0894817
     1.22565      13.234     9.51357    0.113782
     1.41421       10.97     9.70242    0.114381
     1.60278      11.606     10.0578    0.112544
     1.79134       9.418     10.0014    0.109879
      1.9799      13.062     9.68855    0.103316
     2.16846        8.83      8.6869   0.0983206
     2.35702       2.566     7.27823    0.103784
     2.54558       3.012       5.581    0.102155
     2.73415       5.284     4.76422   0.0804571
     2.92271       3.472      3.6038   0.0609283
     3.11127       1.364      2.6968   0.0589242
     3.29983       2.508     1.93404   0.0480212
     3.48839       1.662     1.33646   0.0400196
     3.67696       1.286    0.841959   0.0344108
     3.86552       1.096    0.551132   0.0279525
     4.05408        0.01    0.294455   0.0192044
     4.24264        0.01    0.231592   0.0191052
      4.4312       0.014    0.153783   0.0154573
     4.61976       0.618    0.123137   0.0148745
     4.80833       0.122   0.0474522  0.00802925
     4.99689        0.01   0.0265323  0.00589493
     5.18545       0.014  0.00831525  0.00266147
     5.37401       0.156  0.00551421  0.00269048
     5.56257           0 6.71835e-05 6.70966e-05
   0.0942809       0.266    0.109155  0.00988732
    0.282843        0.37    0.782361   0.0314768
    0.471405       0.954     2.05391   0.0554514
    0.659966       3.296     3.93479    0.065653
    0.848528       6.978     6.25455   0.0910998
     1.03709        9.15     7.73651   0.0893256
     1.22565      10.298     9.51559    0.113507
     1.41421        10.4     9.70422      0.1141
     1.60278        9.17     10.0555    0.112277
     1.79134       9.806     10.0009    0.109597
      1.9799       10.36     9.69028    0.103064
     2.16846       8.064     8.68529   0.0980803
     2.35702        5.84     7.27452    0.103582
     2.54558        8.35     5.58814    0.102141
     2.73415       3.734     4.76156   0.0802935
     2.92271       3.254      3.6029   0.0607779
     3.11127       1.734     2.69432   0.0588246
     3.29983       2.654     1.93589   0.0479333
     3.48839        1.37     1.33655   0.0399166
     3.67696       0.516    0.841119   0.0343324
     3.86552       0.436    0.550835    0.027882
     4.05408           0    0.293696   0.0191699
     4.24264           0    0.230995   0.0190653
      4.4312           0    0.153387   0.0154225
     4.61976       0.048    0.122943   0.0148374
     4.80833       0.452   0.0484948  0.00807597
     4.99689         0.5   0.0277526  0.00600471
     5.18545           0  0.00829381   0.0026547
     5.37401           0      0.0055  0.00268359
     5.56257           0 6.70103e-05 6.69239e-05
   0.0942809           0    0.108874  0.00986588
    0.282843       0.018    0.780396   0.0314572
    0.471405       1.386     2.05219   0.0553355
    0.659966       0.946     3.92711   0.0659323
    0.848528        7.96     6.25893    0.090971
     1.03709       7.468     7.73582   0.0890987
     1.22565      10.822     9.51895    0.113265
     1.41421       15.08     9.71804     0.11464
     1.60278      12.162     10.0609    0.112119
     1.79134      11.542     10.0048    0.109387
      1.9799       8.272     9.68664    0.102864
     2.16846       4.802     8.67531   0.0983349
     2.35702        3.43     7.26464    0.103786
     2.54558       7.952     5.59422    0.102059
     2.73415       5.454     4.76334   0.0801069
     2.92271       3.106     3.60162   0.0606351
     3.11127         3.7      2.6969   0.0587301
     3.29983       2.288      1.9368   0.0478186
     3.48839       0.346       1.334   0.0398951
     3.67696       0.296    0.839717   0.0342727
     3.86552       0.014    0.549455   0.0278445
     4.05408       0.012    0.292972   0.0191343
     4.24264       0.014    0.230437   0.0190244
      4.4312       0.024    0.153054   0.0153865
     4.61976       0.296    0.123388   0.0148059
     4.80833       0.012    0.048401  0.00805576
     4.99689       0.598   0.0292185  0.00616562
     5.18545           0  0.00827249  0.00264796
     5.37401           0  0.00548586  0.00267672
     5.56257           0  6.6838e-05 6.67521e-05
   0.0942809           0    0.108595  0.00984453
    0.282843        0.33    0.779241   0.0313977
    0.471405       1.918     2.05185   0.0551946
    0.659966       1.596     3.92113   0.0660336
    0.848528        9.18     6.26642   0.0910456
     1.03709        5.98     7.73132   0.0889839
     1.22565       13.32      9.5287    0.113393
     1.41421      11.358     9.72224    0.114424
     1.60278      11.892     10.0656     0.11193
     1.79134       12.36     10.0109    0.109273
      1.9799       8.748     9.68423    0.102628
     2.16846       3.112     8.66105    0.099112
     2.35702       7.054      7.2641    0.103522
     2.54558       6.636     5.59689    0.101832
     2.73415       3.344      4.7597   0.0799841
     2.92271       2.666     3.59923    0.060527
     3.11127       3.244     2.69831   0.0585963
     3.29983       1.692     1.93617   0.0477001
     3.48839       1.104     1.33341   0.0397971
     3.67696       0.778    0.839559   0.0341852
     3.86552       0.384    0.549031   0.0277763
     4.05408       0.304       0.293   0.0190853
     4.24264           0    0.229846   0.0189848
      4.4312       0.314    0.153467   0.0153525
     4.61976       0.686    0.124831   0.0148381
     4.80833           0   0.0482769  0.00803606
     4.99689           0   0.0291436  0.00615026
     5.18545           0  0.00825128  0.00264125
     5.37401           0  0.00547179   0.0026699
     5.56257           0 6.66667e-05 6.65811e-05
   0.0942809        0.11    0.108598  0.00981936
    0.282843       0.442    0.778379   0.0313293
    0.471405       2.384      2.0527     0.05506
    0.659966       3.404     3.91981    0.065878
    0.848528        7.12      6.2686   0.0908389
     1.03709       9.492     7.73582   0.0888702
     1.22565      12.972      9.5375    0.113444
     1.41421      11.082     9.72572    0.114184
     1.60278       7.392     10.0588    0.111852
     1.79134      11.872     10.0156    0.109097
      1.9799       9.552     9.68389    0.102366
     2.16846       4.246     8.64975   0.0994997
     2.35702       4.546     7.25715     0.10349
     2.54558       6.926     5.60029    0.101629
     2.73415       4.822     4.75986   0.0797797
     2.92271       2.326     3.59597   0.0604598
     3.11127       2.056     2.69666   0.0584695
     3.29983       2.914     1.93867   0.0476436
     3.48839       1.206     1.33308   0.0396967
     3.67696       0.498    0.838685   0.0341089
     3.86552       1.378    0.551151   0.0277861
     4.05408        0.26    0.292916   0.0190366
     4.24264           0    0.229258   0.0189454
      4.4312           1    0.155632   0.0154652
     4.61976           0    0.124512   0.0148036
     4.80833           0   0.0481535  0.00801645
     4.99689           0   0.0290691  0.00613498
     5.18545           0  0.00823018  0.00263458
     5.37401           0   0.0054578  0.00266311
     5.56257           0 6.64962e-05 6.64111e-05
   0.0942809       0.248    0.108954  0.00980075
    0.282843       0.282    0.777112   0.0312749
    0.471405       2.676     2.05429   0.0549425
    0.659966       4.662      3.9217   0.0657371
    0.848528       5.208      6.2659   0.0906474
     1.03709        9.44     7.74017   0.0887497
     1.22565      12.428     9.54488    0.113394
     1.41421       8.666     9.72302    0.113924
     1.60278       8.084     10.0537    0.111681
     1.79134      12.134      10.021    0.108953
      1.9799       10.34     9.68557    0.102119
     2.16846        7.49      8.6468   0.0992898
     2.35702       6.518     7.25526    0.103243
     2.54558       6.202     5.60182    0.101381
     2.73415       5.018     4.76052   0.0795789
     2.92271       0.604     3.58834   0.0607854
     3.11127        2.03     2.69496    0.058345
     3.29983       1.684     1.93802   0.0475265
     3.48839       1.286     1.33296   0.0395956
     3.67696           0    0.836546   0.0340889
     3.86552        0.19     0.55023   0.0277305
     4.05408        1.79    0.296735   0.0193674
     4.24264        0.02    0.228724   0.0189046
      4.4312        0.66    0.156918   0.0154792
     4.61976        0.34    0.125061    0.014776
     4.80833           0   0.0480306  0.00799694
     4.99689           0   0.0289949  0.00611978
     5.18545           0  0.00820918  0.00262795
     5.37401           0  0.00544388  0.00265635
     5.56257           0 6.63265e-05 6.62419e-05
   0.0942809           0    0.108677  0.00977973
    0.282843        0.26    0.775796    0.031223
    0.471405        1.94     2.05399   0.0548035
    0.659966        3.86     3.92155     0.06557
    0.848528       7.698     6.26954     0.09049
     1.03709      11.252      7.7491   0.0889726
     1.22565         9.8     9.54553    0.113108
     1.41421        8.18     9.71909    0.113702
     1.60278       8.538     10.0499    0.111463
     1.79134      14.094     10.0314    0.109167
      1.9799       8.524     9.68261    0.101902
     2.16846       4.054     8.63511   0.0997226
     2.35702       9.584     7.26119     0.10315
     2.54558       7.306     5.60616    0.101216
     2.73415       2.668      4.7552   0.0795543
     2.92271       2.798     3.58633    0.060664
     3.11127       2.112     2.69348   0.0582154
     3.29983       0.752       1.935   0.0475013
     3.48839       1.486     1.33335   0.0394968
     3.67696       0.094    0.834656   0.0340545
     3.86552        0.58    0.550305     0.02766
     4.05408        0.42    0.297048   0.0193206
     4.24264        0.32    0.228957   0.0188579
      4.4312       1.262     0.15973   0.0156931
     4.61976       0.418    0.125807   0.0147572
     4.80833           0   0.0479084  0.00797753
     4.99689           0   0.0289211  0.00610466
     5.18545           0   0.0081883  0.00262134
     5.37401           0  0.00543003  0.00264963
     5.56257           0 6.61578e-05 6.60735e-05
   0.0942809           0    0.108401  0.00975879
    0.282843       0.132    0.774162   0.0311865
    0.471405       0.316     2.04958   0.0548416
    0.659966       4.494       3.923   0.0654197
    0.848528       5.932     6.26869   0.0902644
     1.03709        8.12     7.75005   0.0887518
     1.22565      11.558     9.55063    0.112936
     1.41421       8.466     9.71591    0.113458
     1.60278      12.848      10.057    0.111406
     1.79134      13.862     10.0411    0.109322
      1.9799       8.894     9.68061    0.101663
     2.16846        5.66     8.62756    0.099755
     2.35702         7.9     7.26281    0.102901
     2.54558       4.766     5.60403    0.100981
     2.73415       3.346     4.75162   0.0794328
     2.92271        4.81     3.58943   0.0605895
     3.11127       1.162     2.68959   0.0581973
     3.29983       1.788     1.93463   0.0473822
     3.48839       0.704     1.33176   0.0394288
     3.67696       0.484    0.833766   0.0339797
     3.86552       0.528    0.550249   0.0275899
     4.05408        0.23    0.296878   0.0192723
     4.24264       0.044    0.228487   0.0188159
      4.4312       1.756    0.163782   0.0161678
     4.61976         0.2    0.125995   0.0147209
     4.80833           0   0.0477868  0.00795821
     4.99689           0   0.0288477   0.0060896
     5.18545           0  0.00816751  0.00261477
     5.37401           0  0.00541624  0.00264294
     5.56257           0 6.59898e-05 6.59061e-05
   0.0942809           0    0.108127  0.00973795
    0.282843       0.488    0.773438   0.0311159
    0.471405        0.61     2.04594   0.0548238
    0.659966        3.18     3.92112   0.0652811
    0.848528       6.028     6.26808   0.0900379
     1.03709       8.342     7.75154   0.0885397
     1.22565      10.458     9.55293    0.112673
     1.41421       6.792     9.70851    0.113412
     1.60278      14.756     10.0689    0.111757
     1.79134       15.17     10.0541    0.109814
      1.9799       7.544      9.6752    0.101549
     2.16846       6.402     8.62192   0.0996614
     2.35702       7.698     7.26391    0.102647
     2.54558       5.176     5.60294    0.100731
     2.73415        4.59     4.75121   0.0792327
     2.92271       3.818     3.59001   0.0604388
     3.11127       2.478     2.68906   0.0580524
     3.29983       0.554     1.93113    0.047391
     3.48839       0.496     1.32964   0.0393857
     3.67696       0.828    0.833752   0.0338937
     3.86552       0.556    0.550263     0.02752
     4.05408       0.232    0.296714   0.0192242
     4.24264       0.964    0.230349   0.0188602
      4.4312       0.596    0.164876   0.0161638
     4.61976       0.244    0.126294   0.0146867
     4.80833           0   0.0476658  0.00793898
     4.99689           0   0.0287747  0.00607462
     5.18545           0  0.00814684  0.00260823
     5.37401           0  0.00540253  0.00263628
     5.56257           0 6.58228e-05 6.57394e-05
   0.0942809           0    0.107854  0.00971718
    0.282843       0.022     0.77154   0.0310952
    0.471405       0.782     2.04275   0.0547781
    0.659966        4.06     3.92147   0.0651172
    0.848528       4.944     6.26473   0.0898726
     1.03709       6.292     7.74786   0.0883928
     1.22565       10.15     9.55444    0.112399
     1.41421       10.04     9.70934    0.113129
     1.60278       14.85      10.081    0.112125
     1.79134       9.232      10.052    0.109556
      1.9799       8.284     9.67169    0.101354
     2.16846       8.426     8.62143    0.099411
     2.35702        9.17     7.26872      0.1025
     2.54558       6.558     5.60535    0.100506
     2.73415       6.422     4.75543   0.0791449
     2.92271       3.286     3.58924   0.0602911
     3.11127       1.612     2.68634   0.0579695
     3.29983       0.238     1.92686   0.0474638
     3.48839       0.478     1.32749   0.0393449
     3.67696       0.708    0.833434   0.0338096
     3.86552       0.306    0.549646   0.0274574
     4.05408        0.68    0.297682   0.0192001
     4.24264        1.46    0.233455   0.0190664
      4.4312           0     0.16446   0.0161284
     4.61976           0    0.125975   0.0146531
     4.80833           0   0.0475455  0.00791985
     4.99689           0    0.028702  0.00605972
     5.18545           0  0.00812626  0.00260173
     5.37401           0  0.00538889  0.00262966
     5.56257           0 6.56566e-05 6.55736e-05
   0.0942809           0    0.107582   0.0096965
    0.282843       0.048    0.769718   0.0310702
    0.471405        0.62     2.03916   0.0547573
    0.659966       1.474      3.9153   0.0652444
    0.848528       5.114     6.26183    0.089693
     1.03709        6.47     7.74464   0.0882288
     1.22565      10.704     9.55734    0.112153
     1.41421      10.172     9.71051     0.11285
     1.60278       13.74     10.0902    0.112221
     1.79134      10.534     10.0532    0.109287
      1.9799      10.108     9.67279    0.101104
     2.16846       7.616      8.6189   0.0991928
     2.35702      12.104      7.2809    0.102963
     2.54558       5.658     5.60549    0.100253
     2.73415       4.608     4.75506   0.0789464
     2.92271       4.518     3.59158   0.0601846
     3.11127       0.954     2.68197   0.0579875
     3.29983       0.442     1.92312   0.0474914
     3.48839       0.164     1.32456   0.0393548
     3.67696       0.594    0.832831   0.0337298
     3.86552       0.428     0.54934     0.02739
     4.05408       0.148    0.297305   0.0191554
     4.24264       1.782    0.237355   0.0194133
      4.4312           0    0.164045   0.0160931
     4.61976           0    0.125657   0.0146196
     4.80833           0   0.0474257   0.0079008
     4.99689           0   0.0286297  0.00604489
     5.18545           0  0.00810579  0.00259526
     5.37401           0  0.00537531  0.00262307
     5.56257           0 6.54912e-05 6.54086e-05
   0.0942809           0    0.107312  0.00967591
    0.282843       0.338    0.768633   0.0310111
    0.471405       0.622      2.0356   0.0547353
    0.659966       1.588     3.90946    0.065342
    0.848528       5.924     6.26098   0.0894716
     1.03709        8.48     7.74649   0.0880264
     1.22565       7.954     9.55331    0.111943
     1.41421      14.878     9.72349    0.113311
     1.60278      11.326     10.0933    0.111982
     1.79134      10.504     10.0544    0.109018
      1.9799        7.99     9.66856    0.100939
     2.16846         8.5      8.6186    0.098944
     2.35702       8.692     7.28445    0.102766
     2.54558       6.204     5.60699    0.100012
     2.73415        4.12     4.75346   0.0787642
     2.92271       5.628      3.5967   0.0602505
     3.11127        2.57     2.68169   0.0578425
     3.29983       0.414     1.91933   0.0475232
     3.48839       0.126     1.32155    0.039371
     3.67696       1.142    0.833608    0.033654
     3.86552       0.032     0.54804    0.027352
     4.05408       0.264    0.297221   0.0191074
     4.24264       0.444    0.237874   0.0193715
      4.4312       0.016    0.163673   0.0160569
     4.61976       0.196    0.125834   0.0145839
     4.80833       0.048   0.0474271  0.00788095
     4.99689           0   0.0285578  0.00603013
     5.18545           0  0.00808543  0.00258881
     5.37401           0  0.00536181  0.00261652
     5.56257           0 6.53266e-05 6.52445e-05
   0.0942809       0.128    0.107363   0.0096518
    0.282843       0.504     0.76797   0.0309404
    0.471405        2.08     2.03571   0.0545983
    0.659966       2.552     3.90606   0.0652667
    0.848528       8.106     6.26561   0.0893668
     1.03709       11.16     7.75504   0.0882206
     1.22565       7.794      9.5489     0.11175
     1.41421      11.326     9.72751    0.113098
     1.60278       8.996     10.0905    0.111735
     1.79134      10.946     10.0566    0.108768
      1.9799       8.254     9.66501    0.100748
     2.16846       7.458     8.61569   0.0987388
     2.35702       6.308       7.282    0.102537
     2.54558       7.564     5.61189   0.0998817
     2.73415        4.14     4.75192   0.0785818
     2.92271       4.666     3.59938   0.0601591
     3.11127       1.834     2.67957   0.0577365
     3.29983       0.936     1.91686   0.0474679
     3.48839        1.02     1.32079   0.0392796
     3.67696       1.228    0.834596   0.0335842
     3.86552           0    0.546667   0.0273179
     4.05408           0    0.296476   0.0190741
     4.24264           0    0.237278   0.0193321
      4.4312        0.55    0.164642   0.0160459
     4.61976        0.45    0.126647     0.01457
     4.80833           0   0.0473083  0.00786209
     4.99689           0   0.0284862  0.00601544
     5.18545           0  0.00806516  0.00258241
     5.37401           0  0.00534837  0.00260999
     5.56257           0 6.51629e-05 6.50812e-05
   0.0942809           0    0.107095   0.0096314
    0.282843       0.326    0.766865   0.0308828
    0.471405       1.118     2.03342     0.05451
    0.659966       3.078     3.90398   0.0651364
    0.848528        7.01     6.26747   0.0891628
     1.03709       11.26      7.7638   0.0884341
     1.22565       8.618     9.54657    0.111495
     1.41421       8.262     9.72384    0.112874
     1.60278      11.848     10.0949    0.111542
     1.79134        9.27     10.0546    0.108514
      1.9799      10.732     9.66768    0.100531
     2.16846       7.594     8.61314    0.098525
     2.35702       7.704     7.28306    0.102286
     2.54558        7.13     5.61569   0.0997041
     2.73415        3.69     4.74927   0.0784301
     2.92271       2.836     3.59747   0.0600389
     3.11127       3.154     2.68075   0.0576043
     3.29983       1.852      1.9167   0.0473495
     3.48839       1.278     1.32068   0.0391815
     3.67696       0.302    0.833265   0.0335266
     3.86552        0.01    0.545325   0.0272825
     4.05408       0.014     0.29577   0.0190395
     4.24264       0.018     0.23673   0.0192915
      4.4312       0.122    0.164535   0.0160061
     4.61976       0.654    0.127965   0.0145931
     4.80833        0.12     0.04749  0.00784454
     4.99689           0    0.028415  0.00600082
     5.18545           0    0.008045  0.00257603
     5.37401           0    0.005335   0.0026035
     5.56257           0     6.5e-05 6.49187e-05
   0.0942809           0    0.106828  0.00961108
    0.282843       0.344     0.76581   0.0308238
    0.471405       0.838     2.03044   0.0544555
    0.659966        2.33     3.90006   0.0650921
    0.848528       5.718      6.2661   0.0889509
     1.03709      12.832     7.77644   0.0891122
     1.22565       8.904     9.54497    0.111228
     1.41421      10.046     9.72465    0.112596
     1.60278      10.916      10.097    0.111283
     1.79134       9.812      10.054    0.108245
      1.9799       8.564     9.66493    0.100318
     2.16846       9.046     8.61421   0.0982852
     2.35702       6.834     7.28194    0.102037
     2.54558       9.052     5.62426    0.099823
     2.73415       4.274     4.74808   0.0782435
     2.92271       1.526      3.5923    0.060111
     3.11127       2.012     2.67909   0.0574848
     3.29983       0.426     1.91298   0.0473771
     3.48839       1.984     1.32234   0.0391187
     3.67696       1.028    0.833751   0.0334465
     3.86552        0.41    0.544988   0.0272166
     4.05408       0.104    0.295292    0.018998
     4.24264           0     0.23614   0.0192525
      4.4312           0    0.164125   0.0159714
     4.61976           1     0.13014   0.0147179
     4.80833           0   0.0473716  0.00782587
     4.99689           0   0.0283441  0.00598627
     5.18545           0  0.00802494  0.00256968
     5.37401           0   0.0053217  0.00259704
     5.56257           0 6.48379e-05  6.4757e-05
   0.0942809           0    0.106562  0.00959085
    0.282843        0.64    0.765498   0.0307487
    0.471405        1.11     2.02815   0.0543681
    0.659966        4.35     3.90118   0.0649398
    0.848528       4.526     6.26177   0.0888349
     1.03709       9.482     7.78069   0.0889914
     1.22565      11.762     9.55048    0.111088
     1.41421       12.47     9.73148    0.112523
     1.60278         8.4     10.0927    0.111086
     1.79134      10.984     10.0564       0.108
      1.9799       6.164     9.65622    0.100446
     2.16846       7.622     8.61175   0.0980717
     2.35702       7.248     7.28185    0.101783
     2.54558       7.344     5.62854   0.0996664
     2.73415        4.87     4.74839   0.0780495
     2.92271       3.356     3.59172   0.0599644
     3.11127       2.482      2.6786   0.0573439
     3.29983        1.19     1.91118   0.0472934
     3.48839         1.9     1.32378   0.0390478
     3.67696         0.1    0.831925   0.0334131
     3.86552       0.354    0.544512    0.027153
     4.05408       0.646    0.296164   0.0189707
     4.24264           0    0.235552   0.0192135
      4.4312        0.82    0.165756   0.0160148
     4.61976        0.18    0.130264   0.0146818
     4.80833           0   0.0472537  0.00780729
     4.99689           0   0.0282736   0.0059718
     5.18545           0  0.00800498  0.00256337
     5.37401           0  0.00530846  0.00259062
     5.56257           0 6.46766e-05 6.45961e-05
   0.0942809           0    0.106298  0.00957069
    0.282843        0.28    0.764293    0.030696
    0.471405       0.658     2.02475   0.0543394
    0.659966       2.736     3.89829    0.064843
    0.848528       7.038      6.2637   0.0886354
     1.03709       6.674     7.77794    0.088813
     1.22565      11.014     9.55411    0.110872
     1.41421        12.5     9.73835    0.112453
     1.60278      10.214      10.093    0.110811
     1.79134       9.564     10.0551    0.107739
      1.9799       7.246     9.65024    0.100375
     2.16846       7.382     8.60869   0.0978758
     2.35702       7.722     7.28294    0.101537
     2.54558        8.58     5.63586   0.0996878
     2.73415       6.098     4.75174   0.0779276
     2.92271       4.182     3.59318   0.0598335
     3.11127       1.368     2.67534   0.0572938
     3.29983       1.082     1.90913   0.0472208
     3.48839       1.158     1.32336   0.0389531
     3.67696       0.754    0.831732   0.0333307
     3.86552        0.69    0.544873   0.0270881
     4.05408        0.06    0.295578   0.0189327
     4.24264           0    0.234968   0.0191747
      4.4312       0.786    0.167295   0.0160489
     4.61976       0.214    0.130471   0.0146468
     4.80833           0   0.0471365   0.0077888
     4.99689           0   0.0282035  0.00595739
     5.18545           0  0.00798511  0.00255708
     5.37401           0  0.00529529  0.00258422
     5.56257           0 6.45161e-05  6.4436e-05
   0.0942809           0    0.106035  0.00955062
    0.282843       0.028     0.76247   0.0306741
    0.471405       0.918     2.02201   0.0542739
    0.659966       4.742     3.90038   0.0647161
    0.848528       8.696     6.26972   0.0886202
     1.03709        7.92     7.77829   0.0885938
     1.22565      10.436      9.5563    0.110619
     1.41421       8.708      9.7358    0.112204
     1.60278      12.072     10.0979    0.110645
     1.79134        6.67     10.0468    0.107798
      1.9799        8.77     9.64806     0.10015
     2.16846       9.012     8.60969   0.0976386
     2.35702       4.392     7.27579    0.101537
     2.54558        7.27     5.63991    0.099523
     2.73415       6.724     4.75662   0.0778875
     2.92271       3.246     3.59232   0.0596915
     3.11127       3.458     2.67728   0.0571847
     3.29983       1.764     1.90877   0.0471053
     3.48839       0.622     1.32163   0.0388953
     3.67696       1.528    0.833455   0.0332927
     3.86552       0.164    0.543931   0.0270374
     4.05408       0.298    0.295584   0.0188859
     4.24264       0.362    0.235282   0.0191298
      4.4312        0.02    0.166931   0.0160133
     4.61976       0.082    0.130351    0.014611
     4.80833       0.098   0.0472624  0.00777054
     4.99689           0   0.0281337  0.00594305
     5.18545           0  0.00796535  0.00255083
     5.37401           0  0.00528218  0.00257786
     5.56257           0 6.43564e-05 6.42767e-05
   0.0942809       0.198    0.106262  0.00952974
    0.282843       0.374    0.761511   0.0306133
    0.471405        1.35     2.02035   0.0541653
    0.659966       4.326     3.90143   0.0645648
    0.848528       8.956     6.27635   0.0886493
     1.03709       7.826     7.77841   0.0883752
     1.22565       8.302      9.5532    0.110389
     1.41421       9.664     9.73562    0.111927
     1.60278        9.26     10.0959    0.110391
     1.79134       8.552     10.0431    0.107595
      1.9799      10.686     9.65062   0.0999353
     2.16846       9.218      8.6112   0.0974091
     2.35702       6.374     7.27356    0.101311
     2.54558        5.48     5.63951   0.0992781
     2.73415       3.586     4.75373   0.0777488
     2.92271       6.078     3.59846   0.0598588
     3.11127       3.532     2.67939   0.0570824
     3.29983       1.982     1.90895   0.0469893
     3.48839        1.15      1.3212   0.0388016
     3.67696       0.608    0.832899   0.0332152
     3.86552       0.398     0.54357    0.026973
     4.05408         0.1    0.295101   0.0188454
     4.24264           0    0.234701   0.0190914
      4.4312           0    0.166519   0.0159791
     4.61976           0     0.13003   0.0145785
     4.80833           0   0.0471457  0.00775223
     4.99689           0   0.0280642  0.00592879
     5.18545           0  0.00794568  0.00254461
     5.37401           0  0.00526914  0.00257153
     5.56257           0 6.41975e-05 6.41182e-05
   0.0942809       0.048    0.106118  0.00950734
    0.282843         0.9    0.761852   0.0305398
    0.471405       1.606     2.01933   0.0540415
    0.659966       3.902     3.90143   0.0644058
    0.848528       7.022     6.27819   0.0884499
     1.03709       8.898     7.78117   0.0882005
     1.22565        7.71     9.54866     0.11021
     1.41421       8.576     9.73276    0.111687
     1.60278      11.242     10.0987    0.110155
     1.79134      10.072     10.0431     0.10733
      1.9799       10.78      9.6534   0.0997279
     2.16846        7.09     8.60745   0.0972412
     2.35702       7.068     7.27305    0.101063
     2.54558       4.852     5.63757   0.0990525
     2.73415       5.388     4.75529    0.077573
     2.92271        4.83     3.60149   0.0597882
     3.11127       3.638     2.68175   0.0569906
     3.29983       2.722     1.91095   0.0469162
     3.48839       1.108     1.32068   0.0387096
     3.67696       0.148    0.831212   0.0331762
     3.86552       0.134    0.542562   0.0269255
     4.05408       0.156    0.294759   0.0188021
     4.24264        0.11    0.234394   0.0190469
      4.4312           0    0.166108    0.015945
     4.61976           0    0.129709   0.0145461
     4.80833           0   0.0470296    0.007734
     4.99689           0   0.0279951  0.00591459
     5.18545           0  0.00792611  0.00253842
     5.37401           0  0.00525616  0.00256522
     5.56257           0 6.40394e-05 6.39605e-05
   0.0942809           0    0.105857  0.00948756
    0.282843        0.12    0.760275   0.0305055
    0.471405       2.326     2.02008   0.0539139
    0.659966       3.252     3.89983   0.0642673
    0.848528       5.302     6.27579   0.0882651
     1.03709       7.576     7.78066   0.0879852
     1.22565       8.514     9.54612    0.109969
     1.41421       8.432     9.72957    0.111459
     1.60278      11.874     10.1031    0.109971
     1.79134      13.296     10.0511    0.107363
      1.9799       9.422     9.65284   0.0994845
     2.16846       7.684     8.60518   0.0970288
     2.35702       7.528     7.27368    0.100816
     2.54558       3.978     5.63349    0.098893
     2.73415       6.832     4.76039     0.07755
     2.92271       5.142     3.60528    0.059761
     3.11127       2.574     2.68149   0.0568512
     3.29983        1.44     1.90979   0.0468152
     3.48839       1.182     1.32034    0.038616
     3.67696       0.804    0.831145   0.0330947
     3.86552       0.278    0.541912   0.0268672
     4.05408       0.204    0.294536   0.0187572
     4.24264        0.24    0.234408   0.0190001
      4.4312           0      0.1657    0.015911
     4.61976           0    0.129391   0.0145139
     4.80833           0    0.046914  0.00771586
     4.99689           0   0.0279263  0.00590045
     5.18545           0  0.00790663  0.00253225
     5.37401           0  0.00524324  0.00255895
     5.56257           0 6.38821e-05 6.38035e-05
   0.0942809       0.002    0.105603  0.00946772
    0.282843       0.402    0.759397   0.0304434
    0.471405       2.694     2.02174   0.0538071
    0.659966       4.402     3.90106   0.0641216
    0.848528       4.836     6.27226   0.0881193
     1.03709       4.594     7.77285   0.0881156
     1.22565       7.346     9.54073    0.109831
     1.41421       7.672     9.72452      0.1113
     1.60278      16.378     10.1184    0.110771
     1.79134       9.414     10.0496    0.107112
      1.9799      10.468     9.65483   0.0992607
     2.16846      12.582     8.61493   0.0972793
     2.35702       7.262     7.27365    0.100569
     2.54558       5.404     5.63293   0.0986522
     2.73415       4.062     4.75868   0.0773788
     2.92271       3.546     3.60513   0.0596147
     3.11127       3.204     2.68277   0.0567263
     3.29983       1.412     1.90857   0.0467164
     3.48839       1.068     1.31972   0.0385263
     3.67696       1.252    0.832176   0.0330297
     3.86552           0    0.540583   0.0268341
     4.05408           0    0.293814   0.0187251
     4.24264           0    0.233833   0.0189622
      4.4312           0    0.165294   0.0158772
     4.61976           0    0.129074   0.0144818
     4.80833           0    0.046799  0.00769781
     4.99689           0   0.0278578  0.00588639
     5.18545           0  0.00788725  0.00252612
     5.37401           0  0.00523039  0.00255272
     5.56257           0 6.37255e-05 6.36473e-05
   0.0942809           0    0.105345  0.00944809
    0.282843           0     0.75754   0.0304255
    0.471405       3.014     2.02416   0.0537302
    0.659966        3.61     3.90035   0.0639688
    0.848528       6.232     6.27216   0.0879039
     1.03709       5.784     7.76799   0.0880342
     1.22565       7.908     9.53673    0.109635
     1.41421       8.756     9.72216    0.111053
     1.60278       9.556     10.1171    0.110509
     1.79134      11.554     10.0532    0.106913
      1.9799       9.496     9.65444   0.0990188
     2.16846       12.78     8.62511    0.097573
     2.35702      10.928     7.28259    0.100719
     2.54558       5.034     5.63147   0.0984219
     2.73415        3.81     4.75636   0.0772244
     2.92271       2.046     3.60132   0.0595907
     3.11127       2.202     2.68159   0.0565998
     3.29983       4.184     1.91414   0.0469323
     3.48839       0.972     1.31887   0.0384414
     3.67696       0.134    0.830469    0.032993
     3.86552           0    0.539262    0.026801
     4.05408           0    0.293095   0.0186931
     4.24264           0    0.233262   0.0189245
      4.4312           0     0.16489   0.0158435
     4.61976           0    0.128758   0.0144498
     4.80833           0   0.0466846  0.00767984
     4.99689           0   0.0277897  0.00587239
     5.18545           0  0.00786797  0.00252002
     5.37401           0   0.0052176  0.00254651
     5.56257           0 6.35697e-05 6.34919e-05
   0.0942809           0    0.105088  0.00942854
    0.282843           0    0.755693   0.0304073
    0.471405       0.086     2.01943   0.0538067
    0.659966       4.394     3.90156   0.0638241
    0.848528        4.99     6.26903   0.0877451
     1.03709       6.692     7.76537   0.0878586
     1.22565       9.476     9.53659    0.109368
     1.41421      13.746     9.73197    0.111215
     1.60278       7.398     10.1104    0.110438
     1.79134      11.986      10.058    0.106756
      1.9799       7.656     9.64957   0.0988971
     2.16846      12.554     8.63469   0.0978044
     2.35702      10.392     7.29017    0.100759
     2.54558       3.926     5.62731   0.0982697
     2.73415       4.366     4.75541   0.0770419
     2.92271       2.402      3.5984   0.0595171
     3.11127       3.366     2.68326   0.0564864
     3.29983        3.05     1.91691   0.0468995
     3.48839       1.214     1.31861   0.0383485
     3.67696       0.214    0.828966   0.0329468
     3.86552       0.092    0.538171   0.0267579
     4.05408           0     0.29238   0.0186612
     4.24264           0    0.232693   0.0188868
      4.4312           0    0.164488     0.01581
     4.61976           0    0.128444    0.014418
     4.80833           0   0.0465707  0.00766195
     4.99689           0    0.027722  0.00585846
     5.18545           0  0.00784878  0.00251395
     5.37401           0  0.00520488  0.00254033
     5.56257           0 6.34146e-05 6.33373e-05
   0.0942809       0.052    0.104959  0.00940648
    0.282843       0.362    0.754735   0.0303484
    0.471405       0.826     2.01653   0.0537541
    0.659966        4.07     3.90197   0.0636701
    0.848528       2.926      6.2609   0.0879078
     1.03709       7.452      7.7646   0.0876481
     1.22565       7.738     9.53221     0.10919
     1.41421      10.456     9.73373    0.110958
     1.60278      10.588     10.1116    0.110176
     1.79134      14.068     10.0677    0.106941
      1.9799       11.26     9.65349   0.0987341
     2.16846      10.344     8.63885   0.0976549
     2.35702        8.29      7.2926    0.100543
     2.54558       5.104     5.62603   0.0980389
     2.73415       2.566     4.75008   0.0770384
     2.92271        3.66     3.59855   0.0593725
     3.11127       3.324     2.68482   0.0563704
     3.29983       2.472     1.91826   0.0468048
     3.48839       0.582     1.31682   0.0382971
     3.67696       0.574    0.828345   0.0328725
     3.86552       0.504    0.538088   0.0266929
     4.05408       0.018    0.291713   0.0186277
     4.24264       0.328    0.232925   0.0188423
      4.4312       0.132    0.164409   0.0157717
     4.61976       0.304    0.128871   0.0143892
     4.80833           0   0.0464574  0.00764415
     4.99689           0   0.0276545  0.00584459
     5.18545           0  0.00782968   0.0025079
     5.37401           0  0.00519221  0.00253418
     5.56257           0 6.32603e-05 6.31833e-05
   0.0942809           0    0.104704   0.0093871
    0.282843        0.01    0.752927   0.0303286
    0.471405       0.466     2.01277   0.0537552
    0.659966       3.538     3.90108   0.0635217
    0.848528       2.894     6.25273   0.0880735
     1.03709       5.338     7.75871   0.0876331
     1.22565      11.442     9.53684    0.109023
     1.41421      12.136     9.73956    0.110842
     1.60278        8.81     10.1084    0.109954
     1.79134      13.444     10.0759    0.106995
      1.9799      12.336        9.66   0.0987089
     2.16846      13.732     8.65121   0.0981972
     2.35702       5.366     7.28793    0.100408
     2.54558       5.904     5.62671   0.0978032
     2.73415       3.298     4.74656    0.076932
     2.92271        3.72     3.59884   0.0592291
     3.11127       0.744     2.68011   0.0564301
     3.29983       1.656     1.91762   0.0466955
     3.48839       1.232     1.31662   0.0382047
     3.67696       1.182    0.829204   0.0328039
     3.86552       0.044    0.536888    0.026655
     4.05408        0.49    0.292194   0.0185887
     4.24264       0.134    0.232684   0.0187981
      4.4312       0.084    0.164214   0.0157346
     4.61976           0    0.128558   0.0143577
     4.80833           0   0.0463447  0.00762642
     4.99689           0   0.0275874  0.00583079
     5.18545           0  0.00781068  0.00250189
     5.37401           0  0.00517961  0.00252806
     5.56257           0 6.31068e-05 6.30302e-05
   0.0942809       0.006    0.104465  0.00936741
    0.282843        0.32    0.751879   0.0302732
    0.471405        2.08     2.01293   0.0536253
    0.659966       3.764     3.90075   0.0633687
    0.848528       4.158     6.24766   0.0880062
     1.03709        4.14     7.74995   0.0878578
     1.22565       9.832     9.53756    0.108761
     1.41421      10.986     9.74258    0.110614
     1.60278       9.782     10.1076     0.10969
     1.79134       12.55     10.0819    0.106904
      1.9799       8.896     9.65815   0.0984872
     2.16846       12.95     8.66162   0.0985095
     2.35702       8.816     7.29163    0.100233
     2.54558       5.338     5.62601   0.0975689
     2.73415       3.288     4.74303   0.0768267
     2.92271       4.166     3.60021   0.0591016
     3.11127       2.626     2.67998   0.0562936
     3.29983       1.508     1.91663    0.046593
     3.48839       0.854      1.3155   0.0381286
     3.67696       1.306    0.830358   0.0327448
     3.86552       0.244    0.536179   0.0265999
     4.05408        0.39    0.292431   0.0185452
     4.24264           0    0.232121    0.018761
      4.4312           0    0.163816   0.0157016
     4.61976           0    0.128247   0.0143263
     4.80833           0   0.0462324  0.00760878
     4.99689           0   0.0275206  0.00581706
     5.18545           0  0.00779177   0.0024959
     5.37401           0  0.00516707  0.00252197
     5.56257           0  6.2954e-05 6.28777e-05
   0.0942809           0    0.104213  0.00934819
    0.282843        0.03    0.750135   0.0302503
    0.471405       3.792     2.01723   0.0536677
    0.659966       3.234     3.89914   0.0632361
    0.848528        4.62     6.24372   0.0878814
     1.03709       4.888     7.74304   0.0879171
     1.22565       8.914     9.53605    0.108509
     1.41421      11.928     9.74786    0.110473
     1.60278       10.51     10.1086     0.10943
     1.79134      11.696     10.0858    0.106716
      1.9799       8.278     9.65482   0.0983057
     2.16846       6.428     8.65623   0.0984192
     2.35702       9.914     7.29796    0.100191
     2.54558       6.486     5.62809   0.0973554
     2.73415       5.008     4.74367   0.0766438
     2.92271       5.684     3.60525   0.0591728
     3.11127        3.83     2.68276   0.0562261
     3.29983       0.672     1.91362   0.0465774
     3.48839       1.058     1.31487   0.0380416
     3.67696        1.03    0.830841   0.0326692
     3.86552           0    0.534884   0.0265672
     4.05408           0    0.291725   0.0185139
     4.24264           0     0.23156   0.0187241
      4.4312           0     0.16342   0.0156686
     4.61976           0    0.127937    0.014295
     4.80833           0   0.0461208  0.00759122
     4.99689           0   0.0274541  0.00580339
     5.18545           0  0.00777295  0.00248994
     5.37401           0  0.00515459  0.00251591
     5.56257           0 6.28019e-05  6.2726e-05
   0.0942809           0    0.103961  0.00932903
    0.282843       0.552    0.749658   0.0301812
    0.471405       5.028     2.02448   0.0540265
    0.659966       3.824     3.89896    0.063084
    0.848528       3.602     6.23736   0.0878998
     1.03709       7.012     7.74128   0.0877229
     1.22565       9.434     9.53581    0.108248
     1.41421      13.674     9.75732    0.110611
     1.60278       9.016      10.106    0.109198
     1.79134       7.908     10.0805    0.106588
      1.9799      11.042     9.65816   0.0981257
     2.16846       6.704     8.65152   0.0982944
     2.35702       5.274     7.29308    0.100068
     2.54558       8.062     5.63395   0.0972973
     2.73415       5.446     4.74536   0.0764778
     2.92271       5.484     3.60977   0.0592031
     3.11127       2.854     2.68317   0.0560922
     3.29983       0.158     1.90939   0.0466568
     3.48839        1.13     1.31443   0.0379525
     3.67696       0.986    0.831214   0.0325926
     3.86552        0.67     0.53521   0.0265052
     4.05408        0.14    0.291359   0.0184729
     4.24264           0    0.231002   0.0186873
      4.4312           0    0.163027   0.0156358
     4.61976           0    0.127629   0.0142639
     4.80833           0   0.0460096  0.00757375
     4.99689           0    0.027388  0.00578978
     5.18545           0  0.00775422  0.00248401
     5.37401           0  0.00514217  0.00250987
     5.56257           0 6.26506e-05 6.25751e-05
   0.0942809           0    0.103712  0.00930995
    0.282843       0.202    0.748341   0.0301373
    0.471405        4.59     2.03065   0.0542475
    0.659966       3.498       3.898   0.0629397
    0.848528       4.626     6.23349   0.0877738
     1.03709       8.664      7.7435   0.0875401
     1.22565        7.37      9.5306    0.108113
     1.41421      11.898     9.76247    0.110465
     1.60278      11.588     10.1095    0.108993
     1.79134       8.546     10.0769    0.106396
      1.9799       8.928      9.6564   0.0979055
     2.16846       7.998     8.64995   0.0980707
     2.35702       3.688     7.28442    0.100202
     2.54558       9.992     5.64443   0.0976257
     2.73415       4.318     4.74433   0.0763009
     2.92271       4.898     3.61287   0.0591418
     3.11127       3.508     2.68515   0.0559924
     3.29983       1.472     1.90834   0.0465565
     3.48839       0.722       1.313    0.037888
     3.67696       0.298    0.829933   0.0325395
     3.86552       1.048    0.536442   0.0264701
     4.05408       0.148    0.291014   0.0184317
     4.24264           0    0.230447   0.0186506
      4.4312           0    0.162635   0.0156031
     4.61976           0    0.127322   0.0142329
     4.80833           0    0.045899  0.00755635
     4.99689           0   0.0273221  0.00577624
     5.18545           0  0.00773558  0.00247811
     5.37401           0  0.00512981  0.00250387
     5.56257           0    6.25e-05 6.24248e-05
   0.0942809           0    0.103463  0.00929095
    0.282843       0.726    0.748288   0.0300651
    0.471405       2.194     2.03104   0.0541188
    0.659966       3.868     3.89792   0.0627888
    0.848528       5.144     6.23087   0.0876022
     1.03709      10.586     7.75031   0.0875952
     1.22565       7.494     9.52572    0.107964
     1.41421       9.492     9.76182    0.110202
     1.60278       13.45     10.1176    0.109026
     1.79134       8.678     10.0735    0.106194
      1.9799        8.95     9.65471   0.0976854
     2.16846       7.094     8.64622   0.0979064
     2.35702        6.22     7.28187    0.099994
     2.54558       7.334     5.64848   0.0974757
     2.73415        4.74     4.74432   0.0761179
     2.92271         3.6     3.61284   0.0589999
     3.11127       3.848     2.68794   0.0559275
     3.29983        2.36     1.90942   0.0464575
     3.48839       0.826     1.31184   0.0378151
     3.67696       0.278    0.828609   0.0324884
     3.86552       0.928    0.537381   0.0264233
     4.05408        0.19    0.290772   0.0183891
     4.24264           0    0.229894   0.0186141
      4.4312           0    0.162245   0.0155706
     4.61976           0    0.127017   0.0142021
     4.80833           0    0.045789  0.00753903
     4.99689           0   0.0272566  0.00576276
     5.18545           0  0.00771703  0.00247224
     5.37401           0  0.00511751   0.0024979
     5.56257           0 6.23501e-05 6.22753e-05
   0.0942809           0    0.103215  0.00927202
    0.282843           0    0.746498   0.0300464
    0.471405       1.544     2.02988   0.0540019
    0.659966       3.352     3.89662   0.0626522
    0.848528       5.628     6.22943   0.0874045
     1.03709       9.094     7.75353   0.0874446
     1.22565       10.67     9.52845     0.10774
     1.41421       11.58     9.76617    0.110024
     1.60278       9.436     10.1159    0.108777
     1.79134      10.644     10.0749    0.105948
      1.9799        7.86     9.65042    0.097546
     2.16846       8.508     8.64589   0.0976728
     2.35702       8.784     7.28546   0.0998194
     2.54558        6.52     5.65056   0.0972648
     2.73415       2.006     4.73777   0.0762172
     2.92271       3.868     3.61345   0.0588619
     3.11127       4.426      2.6921    0.055948
     3.29983        1.86     1.90931   0.0463465
     3.48839       1.074     1.31127   0.0377289
     3.67696       0.146    0.826976   0.0324517
     3.86552       0.182    0.536531   0.0263737
     4.05408       0.818    0.292033   0.0183883
     4.24264           0    0.229344   0.0185777
      4.4312           0    0.161856   0.0155382
     4.61976           0    0.126713   0.0141713
     4.80833           0   0.0456794  0.00752179
     4.99689           0   0.0271914  0.00574934
     5.18545           0  0.00769856  0.00246639
     5.37401           0  0.00510526  0.00249195
     5.56257           0  6.2201e-05 6.21265e-05
   0.0942809           0    0.102969  0.00925316
    0.282843       0.068    0.744878   0.0300183
    0.471405       1.472     2.02854   0.0538894
    0.659966       1.936     3.89194   0.0626772
    0.848528       3.388     6.22265   0.0874586
     1.03709       8.478     7.75526    0.087253
     1.22565      11.656     9.53353    0.107603
     1.41421      13.888       9.776      0.1102
     1.60278      13.116     10.1231    0.108753
     1.79134       8.176     10.0703    0.105792
      1.9799       7.898     9.64623   0.0974028
     2.16846       6.958     8.64186   0.0975227
     2.35702       6.614     7.28386    0.099594
     2.54558       7.346     5.65461   0.0971167
     2.73415       3.876     4.73571    0.076063
     2.92271       3.354     3.61283   0.0587247
     3.11127       5.658     2.69918   0.0562605
     3.29983       2.844     1.91154   0.0462895
     3.48839         0.2     1.30862    0.037732
     3.67696        0.18    0.825432   0.0324109
     3.86552       0.566    0.536601   0.0263109
     4.05408       0.328    0.292119   0.0183446
     4.24264           0    0.228797   0.0185414
      4.4312           0     0.16147   0.0155059
     4.61976           0    0.126411   0.0141407
     4.80833           0   0.0455704  0.00750463
     4.99689           0   0.0271265  0.00573598
     5.18545           0  0.00768019  0.00246057
     5.37401           0  0.00509308  0.00248603
     5.56257           0 6.20525e-05 6.19784e-05
   0.0942809           0    0.102724  0.00923438
    0.282843       0.062    0.743252   0.0299908
    0.471405       1.248     2.02669   0.0537931
    0.659966       3.594     3.89123    0.062532
    0.848528       4.622     6.21884   0.0873334
     1.03709       8.804     7.75775    0.087081
     1.22565      10.166     9.53504    0.107357
     1.41421       15.88     9.79054    0.110892
     1.60278      10.178     10.1232    0.108494
     1.79134       8.538     10.0667    0.105603
      1.9799       7.614      9.6414    0.097291
     2.16846        6.74     8.63733   0.0973956
     2.35702       6.182     7.28123   0.0993914
     2.54558        7.06     5.65796   0.0969431
     2.73415       5.374     4.73723   0.0758971
     2.92271        2.04     3.60909   0.0587042
     3.11127       5.404     2.70562   0.0564939
     3.29983         2.8     1.91365   0.0462276
     3.48839       0.646     1.30704   0.0376751
     3.67696       0.936    0.825695   0.0323348
     3.86552       0.112     0.53559   0.0262676
     4.05408           0    0.291424   0.0183141
     4.24264           0    0.228252   0.0185052
      4.4312           0    0.161086   0.0154737
     4.61976           0     0.12611   0.0141103
     4.80833           0   0.0454619  0.00748754
     4.99689           0   0.0270619  0.00572269
     5.18545           0   0.0076619  0.00245478
     5.37401           0  0.00508095  0.00248014
     5.56257           0 6.19048e-05  6.1831e-05
   0.0942809       0.042     0.10258  0.00921357
    0.282843        0.05    0.741606   0.0299648
    0.471405       1.012     2.02428   0.0537193
    0.659966       4.582     3.89287    0.062405
    0.848528       2.568     6.21017   0.0875554
     1.03709       4.684     7.75045   0.0871796
     1.22565       9.736     9.53552    0.107103
     1.41421       12.15     9.79614     0.11077
     1.60278      18.302     10.1426    0.109962
     1.79134      15.908     10.0806     0.10626
      1.9799       4.928      9.6302   0.0977019
     2.16846       8.286      8.6365   0.0971678
     2.35702       4.018     7.27348   0.0994571
     2.54558       3.594     5.65305   0.0968368
     2.73415       4.404     4.73644    0.075721
     2.92271       3.996        3.61   0.0585719
     3.11127        4.47     2.70981    0.056515
     3.29983       2.572     1.91522   0.0461443
     3.48839       1.382     1.30722   0.0375861
     3.67696       0.336    0.824532   0.0322789
     3.86552        0.98    0.536646   0.0262264
     4.05408           0    0.290732   0.0182837
     4.24264           0     0.22771   0.0184692
      4.4312           0    0.160703   0.0154417
     4.61976           0     0.12581   0.0140799
     4.80833           0   0.0453539  0.00747054
     4.99689           0   0.0269976  0.00570946
     5.18545           0  0.00764371  0.00244902
     5.37401           0  0.00506888  0.00247428
     5.56257           0 6.17577e-05 6.16843e-05
   0.0942809       0.018    0.102379  0.00919392
    0.282843       0.038    0.739938   0.0299401
    0.471405       1.696      2.0235   0.0535976
    0.659966        3.47     3.89187   0.0622651
    0.848528       4.774     6.20676    0.087414
     1.03709       4.656     7.74312   0.0872809
     1.22565       6.336     9.52793    0.107117
     1.41421       12.77     9.80319    0.110732
     1.60278      17.516     10.1601    0.111081
     1.79134      15.614     10.0937    0.106814
      1.9799       7.674     9.62556   0.0975803
     2.16846       9.678     8.63897   0.0969689
     2.35702        2.74     7.26274   0.0997999
     2.54558         3.1       5.647   0.0967961
     2.73415       4.152     4.73506   0.0755542
     2.92271       4.642     3.61245   0.0584842
     3.11127       4.282     2.71354   0.0565037
     3.29983        3.15     1.91814   0.0461276
     3.48839        0.32     1.30488   0.0375697
     3.67696       0.024    0.822635   0.0322581
     3.86552       0.938    0.537597   0.0261815
     4.05408       0.412    0.291019   0.0182426
     4.24264           0    0.227171   0.0184333
      4.4312           0    0.160322   0.0154098
     4.61976           0    0.125512   0.0140497
     4.80833           0   0.0452464  0.00745361
     4.99689           0   0.0269336  0.00569629
     5.18545           0  0.00762559  0.00244328
     5.37401           0  0.00505687  0.00246845
     5.56257           0 6.16114e-05 6.15383e-05
   0.0942809           0    0.102137  0.00917537
    0.282843       1.314    0.741296   0.0299001
    0.471405       2.806     2.02535   0.0535028
    0.659966       1.396     3.88597   0.0623969
    0.848528        7.79     6.21051   0.0872875
     1.03709       5.338     7.73743   0.0872596
     1.22565        5.79      9.5191    0.107228
     1.41421      10.944     9.80589    0.110503
     1.60278      10.764     10.1615    0.110827
     1.79134      17.134     10.1103    0.107851
      1.9799      10.762     9.62825   0.0973866
     2.16846       5.512     8.63157    0.097021
     2.35702       4.658     7.25658   0.0997538
     2.54558       5.714     5.64716   0.0965674
     2.73415       3.208     4.73145   0.0754618
     2.92271       3.796     3.61288   0.0583475
     3.11127        6.36     2.72216    0.057024
     3.29983        3.27     1.92134   0.0461291
     3.48839       0.942     1.30402   0.0374907
     3.67696        0.28    0.821352   0.0322074
     3.86552       0.144    0.536667   0.0261362
     4.05408       0.078    0.290515   0.0182064
     4.24264           0    0.226634   0.0183976
      4.4312           0    0.159943    0.015378
     4.61976           0    0.125215   0.0140197
     4.80833           0   0.0451395  0.00743675
     4.99689           0     0.02687  0.00568318
     5.18545           0  0.00760757  0.00243757
     5.37401           0  0.00504492  0.00246264
     5.56257           0 6.14657e-05  6.1393e-05
   0.0942809       0.214    0.102401  0.00915752
    0.282843        0.52    0.740774   0.0298341
    0.471405       2.858     2.02731   0.0534127
    0.659966        3.26     3.88449   0.0622672
    0.848528       8.326      6.2155   0.0872241
     1.03709       5.142     7.73131   0.0872682
     1.22565       6.166     9.51119    0.107266
     1.41421       9.956     9.80624    0.110243
     1.60278      12.466      10.167    0.110699
     1.79134      12.894     10.1169    0.107796
      1.9799       9.876     9.62883   0.0971587
     2.16846        3.77     8.62011   0.0974674
     2.35702       6.704     7.25528    0.099527
     2.54558       6.208     5.64849   0.0963487
     2.73415       4.482     4.73086   0.0752861
     2.92271       5.806     3.61806   0.0584387
     3.11127       3.904     2.72494   0.0569576
     3.29983       3.382     1.92478   0.0461488
     3.48839       0.656     1.30249   0.0374334
     3.67696       0.492    0.820575   0.0321408
     3.86552       0.684    0.537014   0.0260768
     4.05408       0.234    0.290382    0.018164
     4.24264           0    0.226099    0.018362
      4.4312           0    0.159566   0.0153464
     4.61976           0     0.12492   0.0139897
     4.80833           0    0.045033  0.00741997
     4.99689           0   0.0268066  0.00567013
     5.18545           0  0.00758962  0.00243189
     5.37401           0  0.00503302  0.00245686
     5.56257           0 6.13208e-05 6.12484e-05
   0.0942809        0.01    0.102184  0.00913855
    0.282843       0.202    0.739506   0.0297908
    0.471405        1.21     2.02539   0.0533216
    0.659966        3.23     3.88295   0.0621397
    0.848528       5.606     6.21406   0.0870306
     1.03709       6.062     7.72738   0.0871512
     1.22565       7.916     9.50744    0.107079
     1.41421      13.462     9.81484    0.110319
     1.60278       11.12     10.1692    0.110462
     1.79134      12.618     10.1228    0.107703
      1.9799       7.912      9.6248    0.097014
     2.16846       6.284     8.61461   0.0973929
     2.35702       6.754      7.2541   0.0992998
     2.54558       6.186     5.64975   0.0961303
     2.73415       6.748      4.7356   0.0752584
     2.92271        3.88     3.61867   0.0583045
     3.11127       3.678     2.72719   0.0568677
     3.29983        2.58     1.92632    0.046066
     3.48839        1.19     1.30223   0.0373463
     3.67696       0.444    0.819689   0.0320774
     3.86552       0.518    0.536969   0.0260155
     4.05408        0.39    0.290616   0.0181228
     4.24264           0    0.225567   0.0183265
      4.4312           0    0.159191   0.0153149
     4.61976           0    0.124626   0.0139599
     4.80833           0   0.0449271  0.00740327
     4.99689           0   0.0267435  0.00565713
     5.18545           0  0.00757176  0.00242623
     5.37401           0  0.00502118  0.00245111
     5.56257           0 6.11765e-05 6.11045e-05
   0.0942809           0    0.101944  0.00912025
    0.282843       0.934    0.739962   0.0297244
    0.471405        0.95     2.02286   0.0532562
    0.659966         2.4     3.87947   0.0620913
    0.848528       6.522     6.21478   0.0868294
     1.03709       8.068     7.72818   0.0869503
     1.22565       9.202     9.50672     0.10683
     1.41421      12.388     9.82088    0.110225
     1.60278       8.812      10.166    0.110248
     1.79134      11.928      10.127    0.107533
      1.9799       10.36     9.62652   0.0968016
     2.16846        6.58     8.60984   0.0972813
     2.35702        4.13     7.24677   0.0993372
     2.54558       7.282     5.65358    0.095981
     2.73415       3.976     4.73382   0.0751029
     2.92271       5.704     3.62357   0.0583727
     3.11127       3.016     2.72786   0.0567382
     3.29983        1.46     1.92523   0.0459708
     3.48839       2.444     1.30491   0.0373547
     3.67696       0.776    0.819587   0.0320022
     3.86552       0.322    0.536465   0.0259593
     4.05408       0.746    0.291685   0.0181117
     4.24264           0    0.225038   0.0182911
      4.4312           0    0.158817   0.0152835
     4.61976           0    0.124333   0.0139302
     4.80833           0   0.0448216  0.00738664
     4.99689           0   0.0266808   0.0056442
     5.18545           0  0.00755399   0.0024206
     5.37401           0  0.00500939  0.00244539
     5.56257           0 6.10329e-05 6.09612e-05
   0.0942809           0    0.101705  0.00910201
    0.282843       0.618    0.739677   0.0296562
    0.471405       2.606     2.02423    0.053149
    0.659966       2.184      3.8755   0.0620727
    0.848528       7.084     6.21682   0.0866499
     1.03709       7.648       7.728   0.0867469
     1.22565      11.472     9.51132    0.106679
     1.41421       8.406     9.81757    0.110016
     1.60278       8.358     10.1618    0.110071
     1.79134      14.626     10.1375    0.107796
      1.9799       7.676     9.62195   0.0966827
     2.16846        6.61     8.60515   0.0971662
     2.35702       6.588     7.24522   0.0991165
     2.54558       6.342     5.65519   0.0957697
     2.73415       5.506     4.73563   0.0749487
     2.92271       3.848     3.62409   0.0582384
     3.11127       3.432     2.72951   0.0566293
     3.29983       1.024     1.92312   0.0459116
     3.48839       1.936     1.30638   0.0372964
     3.67696       0.976    0.819953   0.0319294
     3.86552        1.06    0.537691   0.0259275
     4.05408           0    0.291002   0.0180822
     4.24264           0    0.224511   0.0182558
      4.4312           0    0.158445   0.0152522
     4.61976           0    0.124042   0.0139006
     4.80833           0   0.0447166  0.00737009
     4.99689           0   0.0266183  0.00563133
     5.18545           0   0.0075363    0.002415
     5.37401           0  0.00499766  0.00243969
     5.56257           0 6.08899e-05 6.08186e-05
   0.0942809           0    0.101467  0.00908385
    0.282843       0.238    0.738505     0.02961
    0.471405       3.352     2.02733   0.0531152
    0.659966       2.134     3.87143   0.0620609
    0.848528       6.984     6.21861   0.0864659
     1.03709       7.654     7.72782   0.0865444
     1.22565        9.16      9.5105    0.106433
     1.41421      11.902     9.82244    0.109867
     1.60278       8.416     10.1577     0.10989
     1.79134      13.146     10.1446    0.107774
      1.9799         8.7      9.6198   0.0964808
     2.16846       6.162     8.59944   0.0971067
     2.35702       8.032     7.24706    0.098902
     2.54558       6.568     5.65733   0.0955697
     2.73415       3.378     4.73246   0.0748407
     2.92271       3.174     3.62304   0.0581118
     3.11127       3.942     2.73235   0.0565678
     3.29983       1.252     1.92155   0.0458311
     3.48839       2.306     1.30872   0.0372823
     3.67696         0.5    0.819206   0.0318635
     3.86552       0.418    0.537411   0.0258684
     4.05408       0.446    0.291364   0.0180436
     4.24264        0.05    0.224103   0.0182177
      4.4312       0.086    0.158276   0.0152175
     4.61976           0    0.123752   0.0138711
     4.80833           0   0.0446121  0.00735361
     4.99689           0   0.0265561  0.00561852
     5.18545           0  0.00751869  0.00240942
     5.37401           0  0.00498598  0.00243401
     5.56257           0 6.07477e-05 6.06767e-05
   0.0942809           0    0.101231  0.00906575
    0.282843       0.578    0.738131   0.0295434
    0.471405       1.168     2.02533   0.0530292
    0.659966       3.328     3.87016   0.0619291
    0.848528       8.298     6.22346   0.0864001
     1.03709        8.68     7.73004   0.0863711
     1.22565       9.928     9.51147     0.10619
     1.41421      11.394      9.8261    0.109672
     1.60278       9.638     10.1565     0.10964
     1.79134        9.91      10.144    0.107524
      1.9799       8.068     9.61618   0.0963236
     2.16846       6.612     8.59481   0.0969908
     2.35702       8.988     7.25112   0.0987547
     2.54558       4.762     5.65524   0.0953697
     2.73415       3.486     4.72955   0.0747227
     2.92271       4.564     3.62524   0.0580177
     3.11127       2.668      2.7322   0.0564361
     3.29983       2.176     1.92214   0.0457281
     3.48839       2.298     1.31103   0.0372667
     3.67696       0.278    0.817944   0.0318142
     3.86552       0.146    0.536499   0.0258242
     4.05408       0.032     0.29076   0.0180116
     4.24264       0.974    0.225851    0.018259
      4.4312       0.026    0.157967   0.0151852
     4.61976           0    0.123464   0.0138418
     4.80833           0   0.0445082  0.00733721
     4.99689           0   0.0264942  0.00560576
     5.18545           0  0.00750117  0.00240387
     5.37401           0  0.00497436  0.00242837
     5.56257           0 6.06061e-05 6.05354e-05
   0.0942809        0.03    0.101065  0.00904618
    0.282843       0.234    0.736958   0.0294979
    0.471405       1.532     2.02418   0.0529183
    0.659966       4.272      3.8711   0.0617922
    0.848528       8.782     6.22941   0.0864039
     1.03709       11.44     7.73867   0.0866001
     1.22565       9.346     9.51109    0.105943
     1.41421       9.508     9.82536     0.10942
     1.60278       7.886     10.1512    0.109512
     1.79134        7.75     10.1385    0.107418
      1.9799       7.868     9.61212   0.0961854
     2.16846        8.53     8.59466   0.0967653
     2.35702       7.928     7.25269   0.0985376
     2.54558       5.078      5.6539   0.0951574
     2.73415       4.596     4.72924   0.0745495
     2.92271       5.404     3.62937   0.0580301
     3.11127       2.014     2.73053   0.0563296
     3.29983       0.554     1.91896   0.0457323
     3.48839       2.552     1.31391   0.0372916
     3.67696       0.868     0.81806   0.0317404
     3.86552       0.352     0.53607   0.0257677
     4.05408       0.274    0.290721   0.0179698
     4.24264       1.042    0.227749   0.0183149
      4.4312        0.06     0.15774   0.0151516
     4.61976         0.1    0.123409   0.0138097
     4.80833           0   0.0444047  0.00732087
     4.99689           0   0.0264326  0.00559306
     5.18545           0  0.00748372  0.00239834
     5.37401           0  0.00496279  0.00242275
     5.56257           0 6.04651e-05 6.03948e-05
   0.0942809       0.198     0.10129  0.00902799
    0.282843       1.024    0.737624    0.029437
    0.471405       2.046     2.02423   0.0527955
    0.659966       6.672      3.8776   0.0619896
    0.848528       6.902     6.23097   0.0862175
     1.03709       5.876     7.73435   0.0865069
     1.22565        9.65     9.51141    0.105698
     1.41421       8.288      9.8218    0.109224
     1.60278      10.392     10.1518     0.10926
     1.79134        9.08      10.136    0.107197
      1.9799      11.148     9.61568   0.0960282
     2.16846        6.87     8.59066   0.0966235
     2.35702        8.12     7.25471   0.0983295
     2.54558       3.836     5.64968     0.09503
     2.73415        5.89     4.73194   0.0744252
     2.92271       4.326     3.63099    0.057918
     3.11127       1.842     2.72846   0.0562366
     3.29983       0.722     1.91619   0.0457104
     3.48839        1.43     1.31418    0.037206
     3.67696       0.738    0.817875   0.0316673
     3.86552       1.038    0.537234   0.0257342
     4.05408       0.756      0.2918   0.0179605
     4.24264       1.156    0.229903   0.0183986
      4.4312           0    0.157374   0.0151208
     4.61976           0    0.123123   0.0137806
     4.80833           0   0.0443016  0.00730461
     4.99689           0   0.0263712  0.00558042
     5.18545           0  0.00746636  0.00239284
     5.37401           0  0.00495128  0.00241715
     5.56257           0 6.03248e-05 6.02548e-05
   0.0942809           0    0.101056  0.00901013
    0.282843       0.592    0.737287   0.0293708
    0.471405       1.892     2.02393   0.0526742
    0.659966       5.838     3.88213    0.062012
    0.848528       7.668      6.2343    0.086082
     1.03709       3.834     7.72532   0.0867765
     1.22565       9.696     9.51184    0.105454
     1.41421       7.648     9.81676    0.109087
     1.60278       9.742     10.1508    0.109011
     1.79134       9.494     10.1345    0.106959
      1.9799      10.712     9.61822   0.0958395
     2.16846      11.178     8.59665   0.0965853
     2.35702       7.592     7.25549    0.098105
     2.54558       6.312     5.65121   0.0948224
     2.73415        3.97     4.73017   0.0742738
     2.92271       3.258     3.63012   0.0577903
     3.11127       1.832     2.72639   0.0561447
     3.29983       1.304     1.91477   0.0456266
     3.48839       2.252     1.31635   0.0371832
     3.67696        0.14    0.816306   0.0316329
     3.86552       1.298    0.538995   0.0257348
     4.05408       0.538     0.29237   0.0179279
     4.24264        1.21    0.232171   0.0184953
      4.4312           0    0.157009   0.0150902
     4.61976           0    0.122838   0.0137517
     4.80833           0   0.0441991  0.00728842
     4.99689           0   0.0263102  0.00556784
     5.18545           0  0.00744907  0.00238736
     5.37401           0  0.00493981  0.00241159
     5.56257           0 6.01852e-05 6.01155e-05
   0.0942809           0    0.100822  0.00899235
    0.282843       0.012    0.735612   0.0293507
    0.471405        0.63     2.02071   0.0526508
    0.659966       2.364     3.87863   0.0619678
    0.848528       7.534      6.2373   0.0859356
     1.03709       8.904     7.72804   0.0866188
     1.22565      11.266     9.51589    0.105288
     1.41421        9.47     9.81596    0.108838
     1.60278       9.478     10.1493     0.10877
     1.79134      11.256     10.1371    0.106743
      1.9799        8.91     9.61658   0.0956321
     2.16846       7.248     8.59353   0.0964124
     2.35702        7.31     7.25561   0.0978785
     2.54558       4.978     5.64966   0.0946162
     2.73415       6.184     4.73353   0.0741781
     2.92271        3.94     3.63084   0.0576613
     3.11127       1.628     2.72385   0.0560723
     3.29983       1.792     1.91448   0.0455221
     3.48839       2.884     1.31997   0.0372731
     3.67696        0.28    0.815067   0.0315841
     3.86552       0.722    0.539418   0.0256789
     4.05408        0.21     0.29218   0.0178876
     4.24264           1    0.233945   0.0185374
      4.4312           0    0.156647   0.0150597
     4.61976           0    0.122554   0.0137229
     4.80833           0    0.044097  0.00727231
     4.99689           0   0.0262494  0.00555531
     5.18545           0  0.00743187  0.00238191
     5.37401           0  0.00492841  0.00240604
     5.56257           0 6.00462e-05 5.99768e-05
   0.0942809           0     0.10059  0.00897463
    0.282843           0    0.733917   0.0293319
    0.471405       0.906     2.01814   0.0525921
    0.659966       3.328     3.87736    0.061838
    0.848528       5.564     6.23575   0.0857515
     1.03709      10.756     7.73502   0.0866998
     1.22565       9.838     9.51663    0.105049
     1.41421       9.806     9.81594    0.108587
     1.60278       9.192     10.1471    0.108542
     1.79134       8.556     10.1335    0.106559
      1.9799      10.968      9.6197   0.0954624
     2.16846       8.092     8.59238   0.0961972
     2.35702       9.346     7.26043   0.0977714
     2.54558        5.96     5.65037   0.0944009
     2.73415       4.266     4.73245    0.074015
     2.92271       2.724     3.62875   0.0575663
     3.11127        1.18     2.72029   0.0560558
     3.29983       3.302     1.91768   0.0455293
     3.48839       1.418      1.3202    0.037188
     3.67696       1.418    0.816456   0.0315418
     3.86552       0.044    0.538276   0.0256451
     4.05408       0.336    0.292281   0.0178466
     4.24264           1     0.23571   0.0185786
      4.4312           0    0.156286   0.0150294
     4.61976           0    0.122272   0.0136941
     4.80833           0   0.0439954  0.00725626
     4.99689           0   0.0261889  0.00554284
     5.18545           0  0.00741475  0.00237649
     5.37401           0  0.00491705  0.00240053
     5.56257           0 5.99078e-05 5.98388e-05
   0.0942809           0    0.100359  0.00895698
    0.282843       0.344    0.733021   0.0292782
    0.471405       1.702     2.01741   0.0524762
    0.659966       4.766      3.8794   0.0617296
    0.848528       8.284     6.24046   0.0856836
     1.03709      10.982     7.74248   0.0868212
     1.22565       8.908     9.51523    0.104816
     1.41421       6.346     9.80796     0.10863
     1.60278       8.296     10.1428    0.108376
     1.79134       5.942     10.1238    0.106749
      1.9799       8.302     9.61667    0.095291
     2.16846       8.522     8.59222   0.0959762
     2.35702       11.55     7.27029   0.0980426
     2.54558       7.852     5.65543   0.0943194
     2.73415       4.234     4.73131   0.0738537
     2.92271       2.526     3.62622   0.0574897
     3.11127       2.222     2.71915   0.0559387
     3.29983       2.682     1.91944   0.0454586
     3.48839       1.488     1.32058   0.0371045
     3.67696       1.024    0.816933   0.0314729
     3.86552       0.292     0.53771   0.0255924
     4.05408       0.606    0.293002   0.0178202
     4.24264        1.13    0.237766   0.0186493
      4.4312           0    0.155926   0.0149991
     4.61976           0    0.121991   0.0136655
     4.80833           0   0.0438943  0.00724028
     4.99689           0   0.0261287  0.00553043
     5.18545           0   0.0073977  0.00237108
     5.37401           0  0.00490575  0.00239504
     5.56257           0 5.97701e-05 5.97014e-05
   0.0942809       0.608    0.101523  0.00901179
    0.282843        1.89    0.735674   0.0293311
    0.471405       2.486     2.01849   0.0523669
    0.659966        4.38     3.88055   0.0615987
    0.848528       8.854     6.24645   0.0856965
     1.03709        8.67     7.74461   0.0866481
     1.22565       4.856     9.50455    0.105119
     1.41421       8.524     9.80502    0.108421
     1.60278       9.688     10.1418    0.108132
     1.79134        6.58     10.1157    0.106813
      1.9799       9.956     9.61744   0.0950756
     2.16846       6.244     8.58683   0.0959071
     2.35702      13.194     7.28388   0.0987547
     2.54558        6.22     5.65673    0.094112
     2.73415       2.768      4.7268   0.0738215
     2.92271         4.6     3.62845   0.0574012
     3.11127       3.166     2.72017   0.0558198
     3.29983        2.89     1.92167   0.0454088
     3.48839       0.516     1.31874   0.0370652
     3.67696        0.06    0.815197   0.0314486
     3.86552       1.482    0.539876   0.0256252
     4.05408       0.014    0.292362   0.0177908
     4.24264       0.298    0.237904    0.018607
      4.4312       0.056    0.155697   0.0149665
     4.61976           0    0.121711   0.0136371
     4.80833           0   0.0437936  0.00722438
     4.99689           0   0.0260688  0.00551807
     5.18545           0  0.00738073  0.00236571
     5.37401           0   0.0048945  0.00238957
     5.56257           0  5.9633e-05 5.95646e-05
   0.0942809       0.484    0.102398  0.00903357
    0.282843       2.048    0.738677   0.0294173
    0.471405        3.35     2.02153   0.0523356
    0.659966       4.206      3.8813   0.0614622
    0.848528       7.226     6.24869   0.0855297
     1.03709       7.786      7.7447   0.0864499
     1.22565       6.254     9.49711    0.105142
     1.41421       8.166     9.80127    0.108238
     1.60278      10.032     10.1415    0.107885
     1.79134       9.092     10.1134    0.106594
      1.9799       7.808      9.6133   0.0949482
     2.16846       8.168     8.58587   0.0956924
     2.35702      10.982     7.29234   0.0988906
     2.54558       5.882     5.65724    0.093898
     2.73415       4.462      4.7262   0.0736551
     2.92271       4.414     3.63025    0.057298
     3.11127       2.524     2.71973   0.0556938
     3.29983       2.744     1.92355   0.0453438
     3.48839       0.632     1.31717   0.0370137
     3.67696       1.212    0.816105   0.0313897
     3.86552       0.528    0.539849   0.0255665
     4.05408           0    0.291693   0.0177626
     4.24264           0    0.237359   0.0185724
      4.4312           0    0.155341   0.0149364
     4.61976           0    0.121432   0.0136087
     4.80833           0   0.0436934  0.00720854
     4.99689           0   0.0260092  0.00550576
     5.18545           0  0.00736384  0.00236035
     5.37401           0   0.0048833  0.00238413
     5.56257           0 5.94966e-05 5.94285e-05
   0.0942809           0    0.102164  0.00901597
    0.282843       2.274    0.742183   0.0295582
    0.471405        3.59     2.02511   0.0523385
    0.659966       4.354     3.88237   0.0613313
    0.848528       3.264     6.24188   0.0856055
     1.03709       5.596      7.7398   0.0863916
     1.22565        8.37     9.49453    0.104933
     1.41421      12.918     9.80838    0.108224
     1.60278      10.534     10.1424    0.107642
     1.79134        10.1     10.1133    0.106351
      1.9799       8.632     9.61106   0.0947578
     2.16846       8.304     8.58523   0.0954761
     2.35702        8.16     7.29432   0.0986847
     2.54558       7.136     5.66062   0.0937443
     2.73415       3.442     4.72326   0.0735452
     2.92271       2.246     3.62709   0.0572543
     3.11127       2.456     2.71912   0.0555699
     3.29983        4.34     1.92906   0.0455747
     3.48839       0.284     1.31481   0.0370043
     3.67696        1.12    0.816799   0.0313257
     3.86552       0.504    0.539767   0.0255083
     4.05408       0.376    0.291886   0.0177231
     4.24264           0    0.236817   0.0185379
      4.4312           0    0.154986   0.0149066
     4.61976           0    0.121155   0.0135805
     4.80833           0   0.0435936  0.00719277
     4.99689           0   0.0259498  0.00549351
     5.18545           0  0.00734703  0.00235502
     5.37401           0  0.00487215  0.00237871
     5.56257           0 5.93607e-05 5.92929e-05
   0.0942809        0.03       0.102  0.00899693
    0.282843       3.218    0.747822   0.0300241
    0.471405       3.404     2.02826   0.0523134
    0.659966       4.852     3.88458   0.0612314
    0.848528       4.008     6.23679   0.0855616
     1.03709       7.732     7.73978   0.0861948
     1.22565        6.58      9.4879    0.104904
     1.41421      10.518        9.81     0.10799
     1.60278      10.462     10.1432      0.1074
     1.79134      12.448     10.1186    0.106242
      1.9799       5.972     9.60277   0.0949039
     2.16846       7.878     8.58362   0.0952722
     2.35702       5.942     7.29124    0.098508
     2.54558       8.362     5.66677   0.0937325
     2.73415        4.77     4.72337   0.0733778
     2.92271       3.322     3.62639   0.0571281
     3.11127       2.614     2.71888   0.0554439
     3.29983        2.85     1.93116   0.0455191
     3.48839       0.514     1.31298   0.0369649
     3.67696       0.442    0.815945    0.031266
     3.86552       1.674    0.542351   0.0255807
     4.05408       0.408     0.29215   0.0176847
     4.24264           0    0.236278   0.0185035
      4.4312           0    0.154633   0.0148768
     4.61976           0    0.120879   0.0135523
     4.80833           0   0.0434943  0.00717707
     4.99689           0   0.0258907  0.00548132
     5.18545           0   0.0073303  0.00234972
     5.37401           0  0.00486105  0.00237332
     5.56257           0 5.92255e-05  5.9158e-05
   0.0942809       0.034    0.101845  0.00897781
    0.282843       1.862    0.750355   0.0300624
    0.471405       2.366     2.02902   0.0522002
    0.659966       5.878     3.88911   0.0612596
    0.848528        5.87     6.23595   0.0853712
     1.03709       8.572     7.74167   0.0860196
     1.22565       8.646     9.48598    0.104683
     1.41421       9.018      9.8082    0.107759
     1.60278       8.554     10.1395    0.107216
     1.79134      11.136      10.121    0.106025
      1.9799       7.626     9.59828   0.0947945
     2.16846       6.536     8.57896   0.0951692
     2.35702       8.426     7.29382   0.0983178
     2.54558       7.894     5.67184   0.0936561
     2.73415       3.492     4.72057   0.0732644
     2.92271        3.02     3.62501   0.0570149
     3.11127       1.884     2.71699   0.0553503
     3.29983        2.75     1.93302   0.0454537
     3.48839       1.074     1.31244   0.0368849
     3.67696       2.784    0.820418   0.0315133
     3.86552       0.578    0.542432   0.0255227
     4.05408           0    0.291486    0.017657
     4.24264           0    0.235741   0.0184692
      4.4312           0    0.154282   0.0148471
     4.61976           0    0.120605   0.0135243
     4.80833           0   0.0433955  0.00716144
     4.99689           0   0.0258318  0.00546917
     5.18545           0  0.00731364  0.00234444
     5.37401           0     0.00485  0.00236795
     5.56257           0 5.90909e-05 5.90237e-05
   0.0942809       0.012    0.101642  0.00895976
    0.282843       0.128    0.748943   0.0300274
    0.471405       2.104     2.02919   0.0520821
    0.659966       7.374     3.89702   0.0616283
    0.848528       8.832     6.24184   0.0853803
     1.03709         6.6     7.73908   0.0858635
     1.22565       8.942     9.48475    0.104453
     1.41421      12.116     9.81343    0.107642
     1.60278      11.042     10.1416    0.106993
     1.79134       6.936     10.1137    0.106031
      1.9799       6.322     9.59085   0.0948702
     2.16846       6.264     8.57371   0.0950981
     2.35702       9.354     7.29849   0.0982058
     2.54558       5.228     5.67083   0.0934491
     2.73415       4.464     4.71999   0.0731005
     2.92271       2.474      3.6224   0.0569453
     3.11127       3.262     2.71822   0.0552386
     3.29983       2.554     1.93443   0.0453725
     3.48839       1.546     1.31297   0.0368051
     3.67696       2.446    0.824104   0.0316567
     3.86552           0    0.541202   0.0254944
     4.05408           0    0.290825   0.0176293
     4.24264           0    0.235206   0.0184351
      4.4312           0    0.153932   0.0148176
     4.61976           0    0.120331   0.0134964
     4.80833           0   0.0432971  0.00714588
     4.99689           0   0.0257732  0.00545709
     5.18545           0  0.00729705  0.00233918
     5.37401           0    0.004839   0.0023626
     5.56257           0 5.89569e-05   5.889e-05
   0.0942809       0.206    0.101878   0.0089426
    0.282843       1.942    0.751643   0.0300805
    0.471405        2.75     2.03082   0.0519898
    0.659966       5.878      3.9015   0.0616516
    0.848528       9.402     6.24899    0.085486
     1.03709       6.296     7.73582   0.0857313
     1.22565      10.838     9.48781    0.104261
     1.41421       8.878     9.81132    0.107419
     1.60278      10.852     10.1432    0.106763
     1.79134       4.948      10.102    0.106433
      1.9799       8.504     9.58839   0.0946874
     2.16846       6.616     8.56929    0.094986
     2.35702       8.242     7.30062   0.0980068
     2.54558       6.112     5.67183    0.093243
     2.73415       2.716     4.71546   0.0730756
     2.92271        3.64     3.62244   0.0568165
     3.11127       3.862     2.72081   0.0551742
     3.29983       2.664     1.93608   0.0452998
     3.48839       1.194      1.3127   0.0367228
     3.67696       2.168    0.827145   0.0317307
     3.86552       0.292    0.540638    0.025443
     4.05408           0    0.290167   0.0176017
     4.24264           0    0.234674   0.0184011
      4.4312           0    0.153584   0.0147881
     4.61976           0    0.120059   0.0134686
     4.80833           0   0.0431991  0.00713038
     4.99689           0   0.0257149  0.00544505
     5.18545           0  0.00728054  0.00233395
     5.37401           0  0.00482805  0.00235728
     5.56257           0 5.88235e-05 5.87569e-05
   0.0942809       0.114    0.101905  0.00892246
    0.282843       0.112    0.750199   0.0300472
    0.471405       3.518     2.03418   0.0519807
    0.659966       9.116     3.91327    0.062626
    0.848528       9.406     6.25612   0.0855895
     1.03709       7.432     7.73513   0.0855405
     1.22565       8.204     9.48491    0.104066
     1.41421        5.05     9.80057    0.107713
     1.60278       8.936     10.1405    0.106556
     1.79134       5.654      10.092    0.106665
      1.9799       9.036     9.58715   0.0944819
     2.16846        8.22      8.5685   0.0947749
     2.35702      10.438     7.30771   0.0980411
     2.54558       6.696     5.67414   0.0930612
     2.73415       3.372     4.71242   0.0729736
     2.92271       4.042     3.62339   0.0566961
     3.11127       1.282     2.71756   0.0551452
     3.29983       4.694     1.94231   0.0456233
     3.48839       1.214     1.31248   0.0366406
     3.67696       0.482    0.826366   0.0316687
     3.86552       0.982    0.541634    0.025405
     4.05408           0    0.289512   0.0175742
     4.24264           0    0.234144   0.0183671
      4.4312           0    0.153237   0.0147588
     4.61976           0    0.119788   0.0134409
     4.80833           0   0.0431016  0.00711495
     4.99689           0   0.0256569  0.00543307
     5.18545           0  0.00726411  0.00232874
     5.37401           0  0.00481716  0.00235199
     5.56257           0 5.86907e-05 5.86245e-05
   0.0942809       0.042     0.10177  0.00890338
    0.282843       1.526    0.751946   0.0300303
    0.471405       5.078     2.04104   0.0523137
    0.659966       7.246     3.92077   0.0629332
    0.848528       7.078     6.25797   0.0854168
     1.03709       9.196     7.73842   0.0854111
     1.22565        5.74     9.47648    0.104173
     1.41421        7.94     9.79638    0.107552
     1.60278       9.638     10.1393    0.106323
     1.79134        6.28     10.0834     0.10677
      1.9799       9.656      9.5873   0.0942692
     2.16846       5.706     8.56205   0.0947805
     2.35702       7.642     7.30846   0.0978232
     2.54558       9.398     5.68253   0.0932288
     2.73415       5.184     4.71349   0.0728169
     2.92271       1.766     3.61921   0.0567226
     3.11127       0.552     2.71268   0.0552363
     3.29983        1.35     1.94097   0.0455401
     3.48839       2.292     1.31468   0.0366244
     3.67696       3.078    0.831437   0.0320008
     3.86552       0.722    0.542041   0.0253511
     4.05408       0.404     0.28977   0.0175365
     4.24264       0.054    0.233739   0.0183303
      4.4312       0.032    0.152964   0.0147281
     4.61976       0.034    0.119595   0.0134121
     4.80833        0.04   0.0430946  0.00709893
     4.99689       0.072   0.0257613  0.00542183
     5.18545       0.254  0.00781982  0.00238888
     5.37401           0  0.00480631  0.00234672
     5.56257           0 5.85586e-05 5.84926e-05
   0.0942809       0.796     0.10333  0.00901902
    0.282843       0.984    0.752467   0.0299674
    0.471405       2.168     2.04132   0.0521969
    0.659966       7.266     3.92829   0.0632392
    0.848528        7.41     6.26056    0.085264
     1.03709       9.194     7.74169   0.0852818
     1.22565       8.456     9.47418    0.103964
     1.41421        6.29      9.7885    0.107598
     1.60278       11.49     10.1424    0.106127
     1.79134       6.522     10.0754     0.10683
      1.9799      11.154     9.59082   0.0941231
     2.16846       6.796     8.55808   0.0946505
     2.35702       5.442     7.30427   0.0976933
     2.54558       8.836     5.68961   0.0932882
     2.73415        4.22     4.71238   0.0726618
     2.92271       0.956     3.61322   0.0569099
     3.11127       1.538     2.71004   0.0551752
     3.29983       3.272     1.94396   0.0455359
     3.48839       0.266     1.31233   0.0366178
     3.67696       2.832    0.835933   0.0322431
     3.86552       0.706    0.542409   0.0252968
     4.05408       1.122     0.29164   0.0175965
     4.24264       0.284    0.233852   0.0182894
      4.4312           0     0.15262    0.014699
     4.61976           0    0.119326   0.0133846
     4.80833           0   0.0429978  0.00708364
     4.99689           0   0.0257034  0.00540996
     5.18545           0  0.00780225  0.00238357
     5.37401           0  0.00479551  0.00234147
     5.56257           0  5.8427e-05 5.83613e-05
   0.0942809           0    0.103099  0.00900177
    0.282843       0.774    0.752516   0.0299002
    0.471405       2.476      2.0423    0.052089
    0.659966       5.848      3.9326   0.0632437
    0.848528        8.26     6.26504   0.0851906
     1.03709        10.1     7.74698   0.0852544
     1.22565        9.79     9.47489    0.103733
     1.41421       4.996     9.77775    0.107892
     1.60278       11.14     10.1446    0.105913
     1.79134         6.7     10.0679    0.106858
      1.9799       8.432     9.58822   0.0939479
     2.16846       7.762      8.5563   0.0944551
     2.35702        8.66      7.3073   0.0975215
     2.54558        6.03     5.69038   0.0930822
     2.73415       4.704     4.71236   0.0724988
     2.92271       1.988     3.60958   0.0568989
     3.11127        3.43     2.71166   0.0550751
     3.29983        1.88     1.94382    0.045434
     3.48839       1.496     1.31274    0.036538
     3.67696       1.406    0.837211   0.0321962
     3.86552       0.486    0.542283   0.0252404
     4.05408       0.782     0.29274   0.0175914
     4.24264        0.69    0.234874    0.018277
      4.4312        0.17    0.152659   0.0146661
     4.61976           0    0.119058   0.0133573
     4.80833           0   0.0429013  0.00706841
     4.99689           0   0.0256457  0.00539814
     5.18545           0  0.00778475  0.00237829
     5.37401           0  0.00478475  0.00233624
     5.56257           0  5.8296e-05 5.82306e-05
   0.0942809       0.054    0.102989   0.0089823
    0.282843       1.144    0.753391   0.0298462
    0.471405       2.136     2.04251   0.0519729
    0.659966       4.194     3.93318   0.0631049
    0.848528       7.174     6.26707   0.0850243
     1.03709      12.202     7.75695   0.0856442
     1.22565       8.454     9.47261    0.103527
     1.41421       10.67     9.77975    0.107669
     1.60278       10.86     10.1462    0.105688
     1.79134       6.462     10.0598    0.106923
      1.9799        6.02     9.58024   0.0940762
     2.16846       7.636     8.55424   0.0942663
     2.35702      10.528     7.31451   0.0975691
     2.54558       3.878     5.68632   0.0929622
     2.73415       5.534      4.7142   0.0723599
     2.92271       1.684     3.60527   0.0569344
     3.11127        2.99     2.71228   0.0549554
     3.29983       1.886     1.94369   0.0453325
     3.48839       0.266      1.3104   0.0365313
     3.67696       1.446    0.838573   0.0321529
     3.86552       0.888    0.543056   0.0251958
     4.05408       1.096    0.294537   0.0176436
     4.24264       0.268    0.234949   0.0182362
      4.4312       0.394    0.153199   0.0146432
     4.61976       0.136    0.119096   0.0133274
     4.80833           0   0.0428054  0.00705325
     4.99689           0   0.0255884  0.00538637
     5.18545           0  0.00776734  0.00237304
     5.37401           0  0.00477405  0.00233104
     5.56257           0 5.81655e-05 5.81004e-05
   0.0942809           0    0.102759  0.00896519
    0.282843       0.216    0.752192   0.0298036
    0.471405       2.044     2.04251   0.0518569
    0.659966       7.054     3.94015   0.0633474
    0.848528       6.396     6.26736    0.084835
     1.03709       7.972     7.75743   0.0854544
     1.22565       9.736      9.4732    0.103297
     1.41421      11.972     9.78464     0.10754
     1.60278       9.882     10.1456    0.105453
     1.79134       8.352      10.056    0.106752
      1.9799       5.516     9.57117   0.0943027
     2.16846       8.104     8.55323   0.0940612
     2.35702       8.532     7.31723   0.0973892
     2.54558        5.85     5.68669   0.0927554
     2.73415       6.402     4.71796   0.0722964
     2.92271       2.946      3.6038   0.0568264
     3.11127       1.728     2.71008   0.0548766
     3.29983       1.298     1.94225   0.0452543
     3.48839        0.76     1.30917   0.0364704
     3.67696       0.986    0.838902   0.0320828
     3.86552       1.212    0.544549   0.0251837
     4.05408       0.042    0.293973   0.0176132
     4.24264           1    0.236656   0.0182753
      4.4312           0    0.152857   0.0146145
     4.61976           0     0.11883   0.0133003
     4.80833           0   0.0427098  0.00703816
     4.99689           0   0.0255312  0.00537464
     5.18545           0     0.00775   0.0023678
     5.37401           0  0.00476339  0.00232586
     5.56257           0 5.80357e-05 5.79709e-05
   0.0942809           0     0.10253  0.00894815
    0.282843        0.12    0.750784   0.0297705
    0.471405       2.396      2.0433   0.0517474
    0.659966       4.858     3.94219   0.0632393
    0.848528       5.338     6.26529   0.0846713
     1.03709       9.424     7.76114   0.0853446
     1.22565       9.688     9.47367    0.103068
     1.41421        9.96     9.78503    0.107301
     1.60278      10.746      10.147    0.105227
     1.79134      13.618     10.0639    0.106809
      1.9799        6.57     9.56449   0.0943292
     2.16846       6.946     8.54965   0.0939198
     2.35702       6.762     7.31599   0.0971801
     2.54558       6.544      5.6886   0.0925685
     2.73415       4.288     4.71701   0.0721418
     2.92271       4.268     3.60528    0.056719
     3.11127       0.812     2.70586    0.054917
     3.29983       1.314     1.94085   0.0451751
     3.48839       0.362     1.30706   0.0364501
     3.67696        0.86    0.838949   0.0320114
     3.86552       1.446    0.546557   0.0252075
     4.05408       0.552    0.294548   0.0175833
     4.24264        0.85    0.238022   0.0182856
      4.4312       0.278    0.153136   0.0145847
     4.61976           0    0.118566   0.0132734
     4.80833           0   0.0426147  0.00702312
     4.99689           0   0.0254744  0.00536298
     5.18545           0  0.00773274  0.00236259
     5.37401           0  0.00475278  0.00232071
     5.56257           0 5.79065e-05 5.78419e-05
   0.0942809           0    0.102302  0.00893116
    0.282843        0.57    0.750382   0.0297071
    0.471405       2.348     2.04397   0.0516368
    0.659966       2.968     3.94003   0.0631358
    0.848528        5.53     6.26366   0.0844989
     1.03709       9.288     7.76453   0.0852224
     1.22565      10.046     9.47495    0.102847
     1.41421      10.528     9.78668    0.107076
     1.60278      12.532     10.1523    0.105127
     1.79134       6.866     10.0568    0.106807
      1.9799      10.864     9.56737   0.0941638
     2.16846       8.806     8.55022   0.0937128
     2.35702       6.056     7.31319   0.0970045
     2.54558       6.406     5.69019   0.0923765
     2.73415       3.858      4.7151   0.0720067
     2.92271       4.948     3.60826   0.0566714
     3.11127       1.462     2.70309   0.0548645
     3.29983        1.88     1.94072   0.0450749
     3.48839        0.86     1.30607   0.0363826
     3.67696       0.712    0.838667   0.0319415
     3.86552       0.334    0.546084    0.025156
     4.05408       0.138      0.2942   0.0175477
     4.24264       0.838    0.239356   0.0182935
      4.4312       0.162    0.153156   0.0145523
     4.61976           0    0.118302   0.0132465
     4.80833           0     0.04252  0.00700816
     4.99689           0   0.0254178  0.00535136
     5.18545           0  0.00771556   0.0023574
     5.37401           0  0.00474222  0.00231557
     5.56257           0 5.77778e-05 5.77135e-05
   0.0942809        0.19    0.102497  0.00891348
    0.282843       0.404    0.749614   0.0296511
    0.471405       1.182     2.04206   0.0515577
    0.659966       3.694     3.93948   0.0629981
    0.848528       6.024     6.26313   0.0843132
     1.03709       10.03     7.76956   0.0851814
     1.22565        9.03     9.47396    0.102624
     1.41421       8.528     9.78389    0.106875
     1.60278       10.48      10.153    0.104896
     1.79134       7.268     10.0506    0.106749
      1.9799      13.622     9.57636   0.0943832
     2.16846         8.7     8.55055   0.0935056
     2.35702        7.76     7.31418   0.0967945
     2.54558       5.314     5.68936   0.0921754
     2.73415       4.558     4.71475   0.0718479
     2.92271           4     3.60913   0.0565524
     3.11127        2.32     2.70224   0.0547494
     3.29983       1.736     1.94026   0.0449772
     3.48839       0.858     1.30507   0.0363155
     3.67696       0.548    0.838022   0.0318772
     3.86552       0.674    0.546368   0.0251018
     4.05408        0.08    0.293725   0.0175152
     4.24264           1    0.241042   0.0183305
      4.4312           0    0.152816    0.014524
     4.61976           0     0.11804   0.0132197
     4.80833           0   0.0424257  0.00699325
     4.99689           0   0.0253614  0.00533979
     5.18545           0  0.00769845  0.00235224
     5.37401           0  0.00473171  0.00231046
     5.56257           0 5.76497e-05 5.75857e-05
   0.0942809       0.048    0.102376  0.00889457
    0.282843       0.112    0.748204    0.029619
    0.471405       1.722     2.04135   0.0514485
    0.659966         6.7     3.94559   0.0631541
    0.848528        6.28     6.26316   0.0841267
     1.03709       7.718     7.76944    0.084993
     1.22565       6.708     9.46784    0.102579
     1.41421      11.256     9.78715    0.106688
     1.60278      10.576     10.1539    0.104668
     1.79134        6.31     10.0423    0.106834
      1.9799      11.278     9.58013   0.0942494
     2.16846       11.76     8.55765    0.093568
     2.35702       6.284      7.3119   0.0966072
     2.54558       7.562      5.6935   0.0920646
     2.73415       4.074     4.71333   0.0717029
     2.92271       2.506     3.60669     0.05648
     3.11127        2.75     2.70235   0.0546284
     3.29983       1.626     1.93957   0.0448831
     3.48839        0.73      1.3038   0.0362575
     3.67696       0.976    0.838327   0.0318081
     3.86552       0.024    0.545212   0.0250728
     4.05408           0    0.293075   0.0174885
     4.24264           1    0.242721   0.0183667
      4.4312           0    0.152478   0.0144958
     4.61976           0    0.117779    0.013193
     4.80833           0   0.0423319  0.00697841
     4.99689           0   0.0253053  0.00532827
     5.18545           0  0.00768142   0.0023471
     5.37401           0  0.00472124  0.00230537
     5.56257           0 5.75221e-05 5.74585e-05
   0.0942809       0.366    0.102958  0.00889396
    0.282843       0.602    0.747881   0.0295554
    0.471405       2.394     2.04213   0.0513408
    0.659966       7.156     3.95268   0.0634111
    0.848528       6.168     6.26295   0.0839413
     1.03709       7.318     7.76845   0.0848112
     1.22565      10.538      9.4702     0.10238
     1.41421       9.328     9.78614    0.106457
     1.60278       9.218     10.1519    0.104457
     1.79134        7.95     10.0377    0.106698
      1.9799      10.562      9.5823   0.0940663
     2.16846        8.78     8.55815   0.0933627
     2.35702       5.724      7.3084   0.0964575
     2.54558       4.488     5.69084   0.0918998
     2.73415       6.062     4.71631   0.0716064
     2.92271       2.742     3.60478   0.0563875
     3.11127       4.902     2.70721   0.0547231
     3.29983       0.834     1.93713   0.0448503
     3.48839       0.742     1.30256   0.0361986
     3.67696       1.038    0.838768    0.031741
     3.86552       0.088    0.544203   0.0250378
     4.05408           0    0.292428   0.0174619
     4.24264           1    0.244393   0.0184021
      4.4312           0    0.152141   0.0144677
     4.61976           0    0.117519   0.0131665
     4.80833           0   0.0422384  0.00696363
     4.99689           0   0.0252494   0.0053168
     5.18545           0  0.00766446  0.00234198
     5.37401           0  0.00471082  0.00230031
     5.56257           0 5.73951e-05 5.73318e-05
   0.0942809           0    0.102731  0.00887726
    0.282843           0    0.746233   0.0295362
    0.471405       1.654     2.04128   0.0512348
    0.659966       7.714     3.96096   0.0638103
    0.848528       9.564     6.27022   0.0840707
     1.03709       6.496     7.76564   0.0846707
     1.22565       9.706     9.47072    0.102155
     1.41421        8.97     9.78434    0.106238
     1.60278       8.498     10.1482    0.104291
     1.79134      10.378     10.0385    0.106465
      1.9799       9.636     9.58241   0.0938592
     2.16846        9.51     8.56024   0.0931806
     2.35702       5.584      7.3046   0.0963198
     2.54558       2.284     5.68333   0.0920032
     2.73415       4.172     4.71511   0.0714587
     2.92271       2.768     3.60294   0.0562934
     3.11127       6.084     2.71464   0.0551058
     3.29983       1.514     1.93619   0.0447612
     3.48839        1.52     1.30304   0.0361221
     3.67696       0.648    0.838348   0.0316738
     3.86552       0.024    0.543057   0.0250088
     4.05408        0.02    0.291828   0.0174337
     4.24264       0.684    0.245361    0.018387
      4.4312        0.38    0.152643   0.0144445
     4.61976       0.102    0.117485   0.0131375
     4.80833        0.09   0.0423436  0.00694909
     4.99689           0   0.0251938  0.00530538
     5.18545           0  0.00764758  0.00233688
     5.37401           0  0.00470044  0.00229527
     5.56257           0 5.72687e-05 5.72056e-05
   0.0942809           0    0.102505  0.00886062
    0.282843       0.752    0.746246   0.0294713
    0.471405       2.196     2.04162   0.0511233
    0.659966        7.67     3.96911   0.0641887
    0.848528       8.182     6.27443   0.0839909
     1.03709       5.962     7.76168   0.0845773
     1.22565       11.84     9.47593    0.102064
     1.41421       7.768     9.77991    0.106097
     1.60278       10.48     10.1489    0.104064
     1.79134      10.178     10.0388    0.106232
      1.9799       7.976     9.57888   0.0937193
     2.16846       9.318     8.56191   0.0929907
     2.35702       4.944     7.29941   0.0962477
     2.54558       3.372     5.67825   0.0919412
     2.73415       2.074     4.70931    0.071537
     2.92271       4.344     3.60457   0.0561933
     3.11127        4.26     2.71804   0.0550892
     3.29983       2.584     1.93762   0.0446855
     3.48839        1.79     1.30411   0.0360585
     3.67696       0.176    0.836892   0.0316377
     3.86552       0.576     0.54313    0.024954
     4.05408       0.764    0.292866   0.0174263
     4.24264       0.366    0.245626   0.0183485
      4.4312        0.39    0.153165   0.0144222
     4.61976       0.038     0.11731   0.0131098
     4.80833           0   0.0422505  0.00693444
     4.99689           0   0.0251385  0.00529401
     5.18545           0  0.00763077   0.0023318
     5.37401           0  0.00469011  0.00229024
     5.56257           0 5.71429e-05   5.708e-05
   0.0942809       0.004    0.102289  0.00884382
    0.282843       0.148    0.744934   0.0294358
    0.471405       1.818     2.04113   0.0510136
    0.659966       5.366     3.97218    0.064121
    0.848528       6.754     6.27548   0.0838133
     1.03709        7.68      7.7615   0.0843921
     1.22565      12.378     9.48229    0.102038
     1.41421      10.452     9.78138    0.105874
     1.60278      11.346     10.1516    0.103869
     1.79134       9.448     10.0375    0.106007
      1.9799        6.45     9.57202   0.0937646
     2.16846       6.454     8.55729   0.0929016
     2.35702       5.324     7.29508   0.0961341
     2.54558       7.828     5.68297   0.0918603
     2.73415       4.418     4.70867    0.071383
     2.92271       5.308      3.6083   0.0561941
     3.11127        1.97      2.7164   0.0549928
     3.29983       2.088     1.93795   0.0445887
     3.48839        0.17     1.30162   0.0360651
     3.67696       0.066    0.835202   0.0316134
     3.86552       1.124    0.544404   0.0249317
     4.05408       0.962    0.294333   0.0174497
     4.24264       0.444    0.246061   0.0183134
      4.4312           0    0.152829   0.0143944
     4.61976           0    0.117053   0.0130836
     4.80833           0   0.0421579  0.00691985
     4.99689           0   0.0250833  0.00528269
     5.18545           0  0.00761404  0.00232675
     5.37401           0  0.00467982  0.00228524
     5.56257           0 5.70175e-05  5.6955e-05
   0.0942809       0.008    0.102083  0.00882687
    0.282843        0.39    0.744158   0.0293817
    0.471405       1.852     2.04071   0.0509036
    0.659966       6.472     3.97765   0.0642136
    0.848528       8.566     6.28049   0.0837796
     1.03709       7.356     7.76061   0.0842121
     1.22565       7.642     9.47827    0.101894
     1.41421      12.082     9.78642    0.105762
     1.60278      12.376     10.1564    0.103756
     1.79134       6.562     10.0299    0.106047
      1.9799       6.962     9.56631   0.0937332
     2.16846       7.472     8.55491   0.0927286
     2.35702       6.986      7.2944   0.0959261
     2.54558       5.368     5.68228   0.0916619
     2.73415        5.68     4.71079   0.0712584
     2.92271       4.816     3.61095   0.0561332
     3.11127        1.94      2.7147   0.0548987
     3.29983       1.308     1.93657   0.0445124
     3.48839       0.792     1.30051   0.0360034
     3.67696       0.804    0.835133   0.0315443
     3.86552       1.488    0.546468   0.0249625
     4.05408       1.078    0.296048   0.0174956
     4.24264           0    0.245523   0.0182813
      4.4312           0    0.152495   0.0143668
     4.61976           0    0.116796   0.0130575
     4.80833           0   0.0420656  0.00690532
     4.99689           0   0.0250284  0.00527141
     5.18545           0  0.00759737  0.00232172
     5.37401           0  0.00466958  0.00228027
     5.56257           0 5.68928e-05 5.68305e-05
   0.0942809       0.006    0.101873  0.00881009
    0.282843       0.282    0.743148   0.0293348
    0.471405       3.378     2.04363   0.0508762
    0.659966       5.986     3.98203   0.0642229
    0.848528       4.628     6.27688   0.0836743
     1.03709        4.76     7.75406   0.0842826
     1.22565       8.534     9.47621    0.101693
     1.41421      11.964     9.79117    0.105638
     1.60278      10.882      10.158    0.103541
     1.79134       7.158     10.0236    0.106001
      1.9799       8.132     9.56318   0.0935808
     2.16846      10.092     8.55827   0.0925869
     2.35702      10.304     7.30097   0.0959414
     2.54558        6.78     5.68468   0.0914931
     2.73415       3.182     4.70745    0.071181
     2.92271       3.634       3.611   0.0560107
     3.11127       2.298     2.71379   0.0547864
     3.29983       2.432     1.93765   0.0444284
     3.48839       2.736     1.30364    0.036061
     3.67696       0.174     0.83369   0.0315085
     3.86552        0.18    0.545668   0.0249209
     4.05408        0.33    0.296122   0.0174575
     4.24264       0.148     0.24531   0.0182426
      4.4312           0    0.152162   0.0143393
     4.61976           0    0.116541   0.0130314
     4.80833           0   0.0419738  0.00689085
     4.99689           0   0.0249738  0.00526018
     5.18545           0  0.00758079  0.00231671
     5.37401           0  0.00465939  0.00227531
     5.56257           0 5.67686e-05 5.67066e-05
   0.0942809       0.224    0.102139  0.00879492
    0.282843       0.794    0.743259   0.0292711
    0.471405       3.468     2.04674   0.0508599
    0.659966       6.278     3.98703   0.0642775
    0.848528       5.228      6.2746   0.0835232
     1.03709       5.462     7.74907   0.0842468
     1.22565       8.252     9.47354    0.101506
     1.41421      10.614     9.79296    0.105423
     1.60278       8.144     10.1536    0.103409
     1.79134       6.682     10.0163     0.10602
      1.9799       11.35     9.56707   0.0934579
     2.16846      11.672     8.56505   0.0926334
     2.35702        7.19     7.30073   0.0957327
     2.54558       5.176     5.68357   0.0913005
     2.73415       5.382     4.70892   0.0710411
     2.92271        2.45     3.60847   0.0559457
     3.11127       2.928     2.71426    0.054669
     3.29983       3.964     1.94207   0.0445504
     3.48839       2.022     1.30521   0.0360164
     3.67696       0.544    0.833059   0.0314461
     3.86552       0.176    0.544863   0.0248796
     4.05408           0    0.295477   0.0174314
     4.24264           0    0.244776   0.0182107
      4.4312           0     0.15183   0.0143119
     4.61976           0    0.116288   0.0130055
     4.80833           0   0.0418824  0.00687645
     4.99689           0   0.0249194  0.00524901
     5.18545           0  0.00756427  0.00231172
     5.37401           0  0.00464924  0.00227038
     5.56257           0 5.66449e-05 5.65831e-05
   0.0942809       0.218    0.102391   0.0087794
    0.282843       0.544    0.742826   0.0292107
    0.471405        1.91     2.04644   0.0507502
    0.659966       5.776     3.99092   0.0642553
    0.848528       9.024     6.28057   0.0835552
     1.03709       6.078     7.74543    0.084142
     1.22565         8.2     9.47077    0.101323
     1.41421       9.808       9.793    0.105194
     1.60278       8.202     10.1494    0.103271
     1.79134       6.642      10.009    0.106042
      1.9799      12.366     9.57316   0.0934526
     2.16846        9.24     8.56652   0.0924436
     2.35702       5.558     7.29694   0.0955995
     2.54558       4.266     5.68049    0.091154
     2.73415       4.494     4.70846   0.0708882
     2.92271       5.912     3.61347   0.0560478
     3.11127       4.808     2.71881   0.0547393
     3.29983        2.79     1.94391   0.0444917
     3.48839       1.128     1.30482   0.0359401
     3.67696       0.602    0.832557   0.0313818
     3.86552       0.434    0.544622   0.0248267
     4.05408           0    0.294835   0.0174054
     4.24264           0    0.244243   0.0181789
      4.4312           0      0.1515   0.0142846
     4.61976           0    0.116035   0.0129797
     4.80833           0   0.0417913   0.0068621
     4.99689           0   0.0248652  0.00523787
     5.18545           0  0.00754783  0.00230675
     5.37401           0  0.00463913  0.00226546
     5.56257           0 5.65217e-05 5.64603e-05
   0.0942809       0.048    0.102273  0.00876115
    0.282843       0.736    0.742811   0.0291474
    0.471405       2.054     2.04646   0.0506401
    0.659966       5.152     3.99344   0.0641653
    0.848528       6.812     6.28173   0.0833819
     1.03709       8.322     7.74669   0.0839687
     1.22565        7.78      9.4671     0.10117
     1.41421       9.354     9.79204     0.10497
     1.60278       8.362     10.1455     0.10312
     1.79134       9.544      10.008    0.105817
      1.9799      12.416     9.57932   0.0934531
     2.16846        5.16     8.55913   0.0925379
     2.35702       5.626     7.29332   0.0954609
     2.54558       6.858     5.68304    0.090992
     2.73415       5.852     4.71094   0.0707778
     2.92271       4.028     3.61437   0.0559334
     3.11127       4.848     2.72343   0.0548151
     3.29983       2.712     1.94557   0.0444263
     3.48839       0.768     1.30366    0.035881
     3.67696       0.336    0.831479   0.0313322
     3.86552       0.768    0.545106   0.0247775
     4.05408       0.464    0.295202   0.0173715
     4.24264           0    0.243714   0.0181472
      4.4312           0    0.151171   0.0142574
     4.61976           0    0.115783    0.012954
     4.80833           0   0.0417007  0.00684782
     4.99689           0   0.0248113  0.00522679
     5.18545           0  0.00753145  0.00230181
     5.37401           0  0.00462907  0.00226057
     5.56257           0 5.63991e-05 5.63379e-05
   0.0942809           0    0.102052  0.00874498
    0.282843       1.564    0.744589   0.0291384
    0.471405       2.976     2.04847   0.0505704
    0.659966       5.662     3.99705   0.0641279
    0.848528       7.106     6.28351   0.0832205
     1.03709       7.024     7.74512   0.0838016
     1.22565       6.452     9.46058    0.101161
     1.41421       7.832      9.7878    0.104829
     1.60278       10.45     10.1462    0.102899
     1.79134      10.082     10.0081    0.105588
      1.9799       8.642     9.57729   0.0932728
     2.16846       7.972     8.55786   0.0923464
     2.35702       7.282     7.29329   0.0952542
     2.54558       6.506     5.68482   0.0908125
     2.73415        5.34      4.7123   0.0706377
     2.92271       3.306     3.61371   0.0558163
     3.11127       3.928     2.72603   0.0547584
     3.29983       2.942     1.94773   0.0443825
     3.48839        1.14      1.3033   0.0358051
     3.67696       0.504    0.830771   0.0312724
     3.86552        0.29    0.544554   0.0247301
     4.05408       0.088    0.294753   0.0173397
     4.24264       0.766    0.244844   0.0181431
      4.4312       0.146     0.15116   0.0142265
     4.61976           0    0.115532   0.0129284
     4.80833           0   0.0416104  0.00683359
     4.99689           0   0.0247576  0.00521575
     5.18545           0  0.00751515  0.00229688
     5.37401           0  0.00461905   0.0022557
     5.56257           0 5.62771e-05 5.62161e-05
   0.0942809       0.104    0.102056   0.0087261
    0.282843       0.664    0.744415    0.029076
    0.471405       2.292     2.04899   0.0504639
    0.659966        3.37      3.9957   0.0640037
    0.848528       5.832     6.28254   0.0830465
     1.03709       9.682      7.7493   0.0837249
     1.22565       5.702     9.45246    0.101268
     1.41421        8.38     9.78476    0.104646
     1.60278       7.664     10.1408    0.102816
     1.79134      13.702     10.0161    0.105661
      1.9799       8.874     9.57578   0.0930838
     2.16846       10.36     8.56175   0.0922289
     2.35702       7.332     7.29338   0.0950485
     2.54558       6.346     5.68625   0.0906276
     2.73415        3.43     4.70953   0.0705394
     2.92271       3.148      3.6127   0.0557048
     3.11127       4.666     2.73022   0.0548002
     3.29983       4.426     1.95308   0.0446083
     3.48839       1.604     1.30395   0.0357337
     3.67696       0.422    0.829888   0.0312173
     3.86552           0    0.543378   0.0247046
     4.05408           0    0.294117   0.0173139
     4.24264           0    0.244315   0.0181116
      4.4312           0    0.150834   0.0141996
     4.61976           0    0.115283   0.0129029
     4.80833           0   0.0415205  0.00681942
     4.99689           0   0.0247041  0.00520476
     5.18545           0  0.00749892  0.00229198
     5.37401           0  0.00460907  0.00225085
     5.56257           0 5.61555e-05 5.60948e-05
   0.0942809           0    0.101836  0.00871006
    0.282843       0.892    0.744733   0.0290151
    0.471405       1.972     2.04883   0.0503555
    0.659966       4.228      3.9962   0.0638677
    0.848528       4.826      6.2794   0.0829268
     1.03709      10.442     7.75511   0.0837453
     1.22565       6.752     9.44664    0.101216
     1.41421       8.454     9.78189     0.10446
     1.60278       9.952     10.1404    0.102595
     1.79134      12.074     10.0206    0.105527
      1.9799        8.77     9.57404   0.0928993
     2.16846       6.562     8.55744   0.0921308
     2.35702       5.418     7.28934   0.0949296
     2.54558       7.056      5.6892   0.0904804
     2.73415       4.568     4.70922    0.070388
     2.92271       6.176     3.61822    0.055858
     3.11127       3.616     2.73213   0.0547154
     3.29983       2.882     1.95509    0.044557
     3.48839       1.522     1.30442   0.0356598
     3.67696       0.874    0.829983   0.0311502
     3.86552       0.736    0.543793   0.0246548
     4.05408       0.228    0.293974   0.0172772
     4.24264           0    0.243789   0.0180802
      4.4312           0    0.150509   0.0141727
     4.61976           0    0.115034   0.0128774
     4.80833           0    0.041431  0.00680531
     4.99689           0   0.0246509  0.00519382
     5.18545           0  0.00748276   0.0022871
     5.37401           0  0.00459914  0.00224602
     5.56257           0 5.60345e-05 5.59741e-05
   0.0942809           0    0.101617  0.00869408
    0.282843       0.144    0.743441   0.0289814
    0.471405       1.424     2.04748   0.0502651
    0.659966        3.93     3.99606   0.0637306
    0.848528        4.48     6.27553   0.0828387
     1.03709       9.394     7.75863   0.0836394
     1.22565      12.454     9.45311    0.101205
     1.41421       8.872     9.77994    0.104254
     1.60278      12.598     10.1457     0.10251
     1.79134       8.584     10.0175    0.105345
      1.9799       8.306     9.57131   0.0927396
     2.16846       6.768     8.55359    0.092013
     2.35702       4.218     7.28273   0.0949549
     2.54558       7.462     5.69302   0.0903661
     2.73415        5.18     4.71024   0.0702439
     2.92271       6.888     3.62526   0.0561788
     3.11127       3.044      2.7328   0.0546018
     3.29983       0.936     1.95289   0.0445151
     3.48839       1.128     1.30404   0.0355851
     3.67696       1.856    0.832189   0.0311612
     3.86552       0.334    0.543342   0.0246059
     4.05408           0    0.293342   0.0172516
     4.24264           0    0.243265   0.0180489
      4.4312           0    0.150185   0.0141459
     4.61976           0    0.114787   0.0128521
     4.80833           0   0.0413419  0.00679126
     4.99689           0   0.0245978  0.00518292
     5.18545           0  0.00746667  0.00228223
     5.37401           0  0.00458925  0.00224121
     5.56257           0  5.5914e-05 5.58538e-05
   0.0942809           0    0.101399  0.00867816
    0.282843        0.08    0.742017   0.0289542
    0.471405       2.122     2.04764   0.0501575
    0.659966       1.354     3.99039   0.0638455
    0.848528       4.476     6.27167   0.0827509
     1.03709       9.376      7.7621   0.0835319
     1.22565      15.124     9.46527    0.101717
     1.41421       12.54     9.78586    0.104198
     1.60278      10.038     10.1455    0.102291
     1.79134       5.014     10.0067    0.105665
      1.9799      10.302     9.57288   0.0925538
     2.16846       6.592     8.54938   0.0919118
     2.35702       4.722     7.27724   0.0949101
     2.54558       7.194     5.69624   0.0902295
     2.73415        5.57     4.71208   0.0701174
     2.92271        5.14     3.62851   0.0561522
     3.11127       2.462     2.73222   0.0544877
     3.29983        2.22     1.95347   0.0444232
     3.48839        1.24     1.30391    0.035509
     3.67696       1.154     0.83288    0.031102
     3.86552        1.28    0.544923   0.0246039
     4.05408           0    0.292712    0.017226
     4.24264           0    0.242742   0.0180177
      4.4312           0    0.149863   0.0141192
     4.61976           0    0.114541   0.0128269
     4.80833           0   0.0412532  0.00677726
     4.99689           0   0.0245451  0.00517206
     5.18545           0  0.00745064  0.00227739
     5.37401           0   0.0045794  0.00223643
     5.56257           0  5.5794e-05 5.57341e-05
   0.0942809           0    0.101182  0.00866229
    0.282843           0    0.740428   0.0289357
    0.471405       1.966     2.04747   0.0500504
    0.659966       1.754      3.9856   0.0638881
    0.848528       6.194      6.2715   0.0825739
     1.03709      10.562      7.7681   0.0835679
     1.22565      15.246     9.47765     0.10225
     1.41421       9.338      9.7849    0.103979
     1.60278       9.246     10.1435     0.10209
     1.79134       5.946     9.99803    0.105795
      1.9799        8.73     9.57107   0.0923732
     2.16846       8.482     8.54924   0.0917151
     2.35702       7.566     7.27785   0.0947088
     2.54558       4.312     5.69327    0.090085
     2.73415       3.614     4.70973   0.0700067
     2.92271       4.494     3.63036   0.0560625
     3.11127       4.176     2.73531   0.0544587
     3.29983        3.72     1.95725   0.0444889
     3.48839       0.982     1.30322   0.0354397
     3.67696       0.766    0.832737   0.0310357
     3.86552       0.148    0.544073   0.0245659
     4.05408       0.458    0.293066   0.0171928
     4.24264         0.3    0.242865   0.0179796
      4.4312           0    0.149542   0.0140926
     4.61976           0    0.114296   0.0128018
     4.80833           0   0.0411649  0.00676333
     4.99689           0   0.0244925  0.00516126
     5.18545           0  0.00743469  0.00227257
     5.37401           0  0.00456959  0.00223166
     5.56257           0 5.56745e-05 5.56149e-05
   0.0942809           0    0.100966  0.00864648
    0.282843           0    0.738846   0.0289171
    0.471405       1.686      2.0467   0.0499494
    0.659966       2.558     3.98255   0.0638244
    0.848528        4.68      6.2681   0.0824675
     1.03709       8.286     7.76921   0.0833967
     1.22565      13.024     9.48523    0.102312
     1.41421      12.828      9.7914     0.10396
     1.60278        8.39     10.1398     0.10194
     1.79134       9.276     9.99649    0.105581
      1.9799        8.53     9.56885   0.0922026
     2.16846         7.4     8.54678    0.091552
     2.35702       5.598     7.27426   0.0945745
     2.54558       5.292     5.69241   0.0898966
     2.73415        5.12     4.71061   0.0698626
     2.92271       5.272     3.63387   0.0560524
     3.11127       6.634     2.74365   0.0549758
     3.29983       3.002     1.95948   0.0444498
     3.48839       0.252     1.30097    0.035435
     3.67696       0.172    0.831325   0.0310015
     3.86552           0     0.54291   0.0245409
     4.05408           0     0.29244   0.0171674
     4.24264           0    0.242346   0.0179486
      4.4312           0    0.149222   0.0140661
     4.61976           0    0.114051   0.0127768
     4.80833           0   0.0410769  0.00674945
     4.99689           0   0.0244402  0.00515049
     5.18545           0   0.0074188  0.00226777
     5.37401           0  0.00455983  0.00222691
     5.56257           0 5.55556e-05 5.54962e-05
   0.0942809           0    0.100751  0.00863073
    0.282843       0.332    0.737979   0.0288685
    0.471405       2.622     2.04792    0.049858
    0.659966       6.042     3.98694   0.0638392
    0.848528       5.602     6.26668   0.0823038
     1.03709       8.072     7.76985   0.0832213
     1.22565       8.378     9.48287    0.102121
     1.41421      10.408     9.79272    0.103747
     1.60278       6.276     10.1315    0.102055
     1.79134       9.332     9.99507    0.105365
      1.9799      12.128     9.57431   0.0921674
     2.16846       9.252     8.54829   0.0913691
     2.35702       3.154     7.26548     0.09478
     2.54558       5.982     5.69303    0.089707
     2.73415       5.518     4.71233   0.0697349
     2.92271       8.204     3.64361   0.0567735
     3.11127       4.498     2.74739   0.0549857
     3.29983        1.27     1.95801   0.0443793
     3.48839       0.438     1.29913   0.0354072
     3.67696       0.492    0.830601   0.0309439
     3.86552           0    0.541753   0.0245158
     4.05408           0    0.291817   0.0171422
     4.24264           0    0.241829   0.0179178
      4.4312           0    0.148904   0.0140397
     4.61976           0    0.113808   0.0127518
     4.80833           0   0.0409893  0.00673563
     4.99689           0   0.0243881  0.00513978
     5.18545           0  0.00740299  0.00226299
     5.37401           0  0.00455011  0.00222218
     5.56257           0 5.54371e-05  5.5378e-05
   0.0942809       0.092    0.100732  0.00861238
    0.282843       0.418    0.737298   0.0288151
    0.471405       3.184     2.05034   0.0498104
    0.659966       4.254     3.98751   0.0637059
    0.848528       7.326     6.26893   0.0821596
     1.03709       6.494     7.76714   0.0830885
     1.22565      10.114     9.48421    0.101912
     1.41421        9.29     9.79165    0.103532
     1.60278        9.09     10.1293    0.101862
     1.79134       6.844     9.98837    0.105354
      1.9799      10.622     9.57654   0.0919982
     2.16846      10.504     8.55245   0.0912694
     2.35702         6.5     7.26385   0.0945923
     2.54558       5.322     5.69224   0.0895196
     2.73415        3.48     4.70971   0.0696358
     2.92271       7.836     3.65253   0.0573492
     3.11127       3.636     2.74928   0.0549012
     3.29983       1.952       1.958   0.0442849
     3.48839       0.062      1.2965   0.0354296
     3.67696       0.134    0.829119   0.0309135
     3.86552       0.248    0.541128   0.0244716
     4.05408       0.156    0.291528   0.0171081
     4.24264       0.076    0.241477   0.0178831
      4.4312       0.366    0.149366   0.0140175
     4.61976           0    0.113566    0.012727
     4.80833           0   0.0409021  0.00672186
     4.99689           0   0.0243362   0.0051291
     5.18545           0  0.00738723  0.00225823
     5.37401           0  0.00454043  0.00221748
     5.56257           0 5.53191e-05 5.52603e-05
   0.0942809       0.216    0.100977  0.00859757
    0.282843        1.85     0.73966   0.0288506
    0.471405       3.464     2.05334    0.049795
    0.659966        3.32     3.98609   0.0635864
    0.848528       5.032     6.26631   0.0820271
     1.03709       5.736     7.76282    0.083024
     1.22565       13.49     9.49272     0.10205
     1.41421       6.602     9.78487    0.103533
     1.60278        7.43     10.1236    0.101807
     1.79134      13.132     9.99504    0.105341
      1.9799       9.166     9.57566    0.091807
     2.16846       6.652     8.54841   0.0911648
     2.35702       10.72     7.27119   0.0946757
     2.54558        5.72      5.6923   0.0893296
     2.73415       4.268     4.70877   0.0694942
     2.92271       3.966      3.6532   0.0572313
     3.11127       4.268      2.7525   0.0548792
     3.29983       0.918     1.95579   0.0442459
     3.48839       0.606     1.29503   0.0353847
     3.67696       0.342    0.828085   0.0308652
     3.86552        0.11    0.540212   0.0244368
     4.05408        0.06    0.291036   0.0170789
     4.24264       0.132    0.241244   0.0178467
      4.4312       0.602    0.150327   0.0140206
     4.61976       0.198    0.113745   0.0127012
     4.80833           0   0.0408153  0.00670815
     4.99689           0   0.0242845  0.00511847
     5.18545           0  0.00737155  0.00225349
     5.37401           0  0.00453079  0.00221279
     5.56257           0 5.52017e-05 5.51431e-05
   0.0942809       0.352    0.101508  0.00859579
    0.282843       1.314    0.740877   0.0288151
    0.471405       4.166     2.05782   0.0498903
    0.659966       4.328     3.98681   0.0634558
    0.848528       5.254     6.26416   0.0818814
     1.03709       5.372     7.75776   0.0830024
     1.22565      11.304     9.49656    0.101906
     1.41421        7.26     9.77953    0.103452
     1.60278       8.776     10.1207    0.101632
     1.79134      10.756     9.99666    0.105131
      1.9799       9.748     9.57603   0.0916132
     2.16846       9.244     8.54989   0.0909835
     2.35702       8.078      7.2729   0.0944905
     2.54558       5.768     5.69246   0.0891405
     2.73415       6.362     4.71227   0.0694352
     2.92271       4.372     3.65472   0.0571303
     3.11127       2.726     2.75244    0.054763
     3.29983       1.144     1.95407   0.0441855
     3.48839        0.25     1.29282   0.0353789
     3.67696       0.206    0.826767   0.0308279
     3.86552       0.052    0.539178   0.0244069
     4.05408        0.12    0.290674   0.0170465
     4.24264       0.054    0.240847   0.0178133
      4.4312        0.75    0.151597   0.0140484
     4.61976       0.244    0.114021   0.0126773
     4.80833           0   0.0407288  0.00669449
     4.99689           0   0.0242331  0.00510789
     5.18545           0  0.00735593  0.00224877
     5.37401           0  0.00452119  0.00220812
     5.56257           0 5.50847e-05 5.50264e-05
   0.0942809           0    0.101294   0.0085803
    0.282843        1.46    0.742397   0.0287943
    0.471405        3.75      2.0614   0.0499129
    0.659966       3.226     3.98521    0.063342
    0.848528       6.896      6.2655   0.0817191
     1.03709       5.102     7.75214   0.0830166
     1.22565      10.022     9.49767    0.101697
     1.41421       8.422     9.77666    0.103273
     1.60278      11.678      10.124     0.10147
     1.79134        9.59      9.9958    0.104912
      1.9799       7.846     9.57237   0.0914925
     2.16846       7.494     8.54765   0.0908186
     2.35702        9.79     7.27822   0.0944405
     2.54558       6.924     5.69507     0.08899
     2.73415       4.286     4.71137   0.0692943
     2.92271        5.16      3.6579   0.0570981
     3.11127       2.416     2.75173   0.0546518
     3.29983       2.732     1.95572   0.0441227
     3.48839       0.764      1.2917   0.0353218
     3.67696       0.016    0.825053   0.0308103
     3.86552       0.014    0.538068   0.0243805
     4.05408       0.056    0.290178   0.0170177
     4.24264       0.052    0.240448   0.0177801
      4.4312       0.066    0.151416   0.0140198
     4.61976       0.238    0.114283   0.0126532
     4.80833           0   0.0406427  0.00668089
     4.99689           0   0.0241818  0.00509734
     5.18545           0  0.00734038  0.00224407
     5.37401           0  0.00451163  0.00220348
     5.56257           0 5.49683e-05 5.49102e-05
   0.0942809           0     0.10108  0.00856486
    0.282843       2.078    0.745215   0.0288711
    0.471405       2.026     2.06132   0.0498077
    0.659966       5.186     3.98774    0.063259
    0.848528        6.17      6.2653    0.081547
     1.03709       3.874     7.74396   0.0832437
     1.22565      12.576     9.50416    0.101689
     1.41421      11.602     9.78051    0.103127
     1.60278      10.668     10.1252    0.101262
     1.79134       11.14     9.99821    0.104718
      1.9799       6.722     9.56636   0.0914969
     2.16846       4.592     8.53931   0.0910096
     2.35702       3.676     7.27062   0.0945465
     2.54558       7.982     5.69989    0.088933
     2.73415       6.538     4.71522   0.0692551
     2.92271       4.104     3.65884   0.0569854
     3.11127        3.07     2.75241   0.0545406
     3.29983       4.034      1.9601    0.044247
     3.48839       1.662     1.29248   0.0352559
     3.67696         0.3    0.823945   0.0307652
     3.86552           0    0.536932   0.0243555
     4.05408           0    0.289565   0.0169928
     4.24264           0    0.239941   0.0177498
      4.4312           0    0.151097   0.0139939
     4.61976           0    0.114042   0.0126288
     4.80833           0    0.040557  0.00666735
     4.99689           0   0.0241308  0.00508685
     5.18545           0  0.00732489  0.00223939
     5.37401           0  0.00450211  0.00219885
     5.56257           0 5.48523e-05 5.47944e-05
   0.0942809       0.164    0.101213  0.00854785
    0.282843        1.27     0.74632   0.0288314
    0.471405       1.292      2.0597   0.0497291
    0.659966        2.47     3.98454   0.0632065
    0.848528       6.942     6.26672   0.0813878
     1.03709       5.452     7.73914   0.0832082
     1.22565      11.616     9.50861    0.101572
     1.41421      11.324     9.78376    0.102961
     1.60278      13.082     10.1314     0.10124
     1.79134      10.572     9.99942    0.104505
      1.9799       9.262     9.56572   0.0913065
     2.16846       7.496     8.53711   0.0908445
     2.35702       5.476     7.26684   0.0944229
     2.54558       2.238      5.6926   0.0890439
     2.73415       4.578     4.71493   0.0691099
     2.92271       4.426     3.66046   0.0568883
     3.11127       3.802     2.75461   0.0544706
     3.29983       2.472     1.96118   0.0441669
     3.48839       3.014     1.29611   0.0353675
     3.67696        0.52    0.823305   0.0307071
     3.86552       0.532    0.536922   0.0243042
     4.05408           0    0.288956    0.016968
     4.24264           0    0.239436   0.0177196
      4.4312           0    0.150779    0.013968
     4.61976           0    0.113802   0.0126045
     4.80833           0   0.0404716  0.00665386
     4.99689           0     0.02408  0.00507639
     5.18545           0  0.00730947  0.00223473
     5.37401           0  0.00449263  0.00219424
     5.56257           0 5.47368e-05 5.46792e-05
   0.0942809       0.118    0.101248  0.00852996
    0.282843       1.514    0.747933   0.0288159
    0.471405       1.078     2.05764   0.0496674
    0.659966       2.056     3.98049   0.0632034
    0.848528       5.848     6.26584   0.0812215
     1.03709       8.286     7.74029   0.0830413
     1.22565       13.58     9.51716    0.101718
     1.41421       8.762     9.78161    0.102767
     1.60278      13.288      10.138    0.101245
     1.79134       9.592     9.99856    0.104289
      1.9799      11.478     9.56974   0.0912031
     2.16846       6.212     8.53223   0.0907848
     2.35702       5.024     7.26213    0.094342
     2.54558       3.724     5.68847   0.0889528
     2.73415       2.866     4.71105   0.0690738
     2.92271        3.79     3.66073   0.0567694
     3.11127       4.828     2.75897     0.05453
     3.29983       1.346     1.95989    0.044093
     3.48839       2.548     1.29874   0.0353908
     3.67696        0.99    0.823655   0.0306446
     3.86552       0.292    0.536408   0.0242586
     4.05408        0.78    0.289987   0.0169636
     4.24264           0    0.238933   0.0176896
      4.4312           0    0.150462   0.0139423
     4.61976           0    0.113563   0.0125803
     4.80833           0   0.0403866  0.00664042
     4.99689           0   0.0240294  0.00506598
     5.18545           0  0.00729412  0.00223009
     5.37401           0  0.00448319  0.00218965
     5.56257           0 5.46218e-05 5.45644e-05
   0.0942809           0    0.101036  0.00851472
    0.282843       1.458    0.749421   0.0287939
    0.471405       3.346     2.06034   0.0496367
    0.659966       4.188     3.98093   0.0630724
    0.848528        5.11     6.26342   0.0810874
     1.03709       6.478     7.73764   0.0829094
     1.22565      11.302      9.5209    0.101574
     1.41421      12.246     9.78678    0.102681
     1.60278      10.812     10.1395    0.101042
     1.79134       8.822      9.9961    0.104099
      1.9799       9.852     9.57033   0.0910138
     2.16846       7.492     8.53005   0.0906207
     2.35702       6.366     7.26025    0.094163
     2.54558        3.25     5.68335   0.0889131
     2.73415       3.044     4.70756   0.0690174
     2.92271        3.46     3.66031    0.056652
     3.11127       3.378     2.76027   0.0544311
     3.29983       3.396      1.9629   0.0441033
     3.48839           2     1.30021   0.0353472
     3.67696       1.344    0.824746   0.0305998
     3.86552       0.656    0.536658   0.0242091
     4.05408           0    0.289379    0.016939
     4.24264           0    0.238432   0.0176596
      4.4312           0    0.150147   0.0139166
     4.61976           0    0.113325   0.0125562
     4.80833           0   0.0403019  0.00662704
     4.99689           0    0.023979  0.00505561
     5.18545           0  0.00727883  0.00222546
     5.37401           0  0.00447379  0.00218508
     5.56257           0 5.45073e-05 5.44502e-05
   0.0942809           0    0.100824  0.00849953
    0.282843        1.54    0.751075   0.0287812
    0.471405       3.344     2.06303   0.0496054
    0.659966       4.716     3.98246   0.0629592
    0.848528       5.236     6.26127   0.0809462
     1.03709       6.698     7.73546   0.0827644
     1.22565      10.164     9.52225     0.10137
     1.41421       8.266     9.78359    0.102516
     1.60278      14.306     10.1482    0.101206
     1.79134       7.398     9.99066    0.104023
      1.9799       10.16     9.57156   0.0908317
     2.16846       9.978     8.53308   0.0904817
     2.35702       5.036      7.2556   0.0940809
     2.54558       3.484     5.67875   0.0888461
     2.73415       2.376     4.70268   0.0690451
     2.92271       4.742     3.66257   0.0565786
     3.11127       3.012     2.76079   0.0543198
     3.29983       3.216     1.96552   0.0440888
     3.48839       3.224     1.30423   0.0355016
     3.67696       1.104    0.825331   0.0305413
     3.86552           0    0.535536   0.0241844
     4.05408           0    0.288774   0.0169143
     4.24264           0    0.237933   0.0176297
      4.4312           0    0.149833    0.013891
     4.61976           0    0.113088   0.0125322
     4.80833           0   0.0402176  0.00661371
     4.99689           0   0.0239289  0.00504528
     5.18545           0   0.0072636  0.00222086
     5.37401           0  0.00446444  0.00218053
     5.56257           0 5.43933e-05 5.43364e-05
   0.0942809       0.002    0.100618  0.00848429
    0.282843       1.794    0.753253   0.0288033
    0.471405        3.57     2.06617   0.0496015
    0.659966       2.024     3.97838   0.0629604
    0.848528       4.614     6.25783   0.0808503
     1.03709      10.208     7.74063   0.0827525
     1.22565       7.576     9.51818     0.10124
     1.41421       8.688     9.78131    0.102327
     1.60278      12.942      10.154    0.101163
     1.79134        9.41     9.98945    0.103813
      1.9799      14.032     9.58087   0.0911182
     2.16846         9.5     8.53509   0.0903154
     2.35702       4.098     7.24901   0.0941151
     2.54558       3.694     5.67461   0.0887572
     2.73415        2.83     4.69877   0.0690116
     2.92271       3.102      3.6614   0.0564726
     3.11127       2.366     2.75997   0.0542127
     3.29983       2.386      1.9664   0.0440055
     3.48839        3.22     1.30823   0.0356521
     3.67696       1.092    0.825887   0.0304826
     3.86552       0.746    0.535975   0.0241379
     4.05408       0.106    0.288392   0.0168833
     4.24264           0    0.237436   0.0175999
      4.4312           0     0.14952   0.0138656
     4.61976           0    0.112852   0.0125082
     4.80833           0   0.0401336  0.00660044
     4.99689           0   0.0238789  0.00503499
     5.18545           0  0.00724843  0.00221627
     5.37401           0  0.00445511    0.002176
     5.56257           0 5.42797e-05 5.42231e-05
   0.0942809       0.452     0.10135  0.00849814
    0.282843       1.914    0.755671   0.0288446
    0.471405       2.418      2.0669   0.0495036
    0.659966        1.47     3.97315   0.0630457
    0.848528       4.698     6.25458   0.0807471
     1.03709       7.784     7.74072   0.0825801
     1.22565      10.358     9.51993    0.101044
     1.41421        8.93     9.77953     0.10213
     1.60278      11.954     10.1578    0.101021
     1.79134       9.604     9.98865      0.1036
      1.9799      15.144     9.59246   0.0916625
     2.16846        9.25     8.53658   0.0901395
     2.35702       3.986     7.24221   0.0941642
     2.54558       2.856     5.66874   0.0887663
     2.73415       3.878     4.69706    0.068889
     2.92271       5.718     3.66569   0.0565173
     3.11127       2.172     2.75875   0.0541136
     3.29983       0.478      1.9633    0.044023
     3.48839        3.48     1.31275   0.0358637
     3.67696       0.494    0.825196    0.030427
     3.86552        0.24    0.535358   0.0240955
     4.05408       0.696    0.289242   0.0168695
     4.24264       0.026    0.236996   0.0175687
      4.4312           0    0.149208   0.0138402
     4.61976           0    0.112617   0.0124844
     4.80833           0     0.04005  0.00658722
     4.99689           0   0.0238292  0.00502475
     5.18545           0  0.00723333  0.00221171
     5.37401           0  0.00444583  0.00217148
     5.56257           0 5.41667e-05 5.41102e-05
   0.0942809           0    0.101139  0.00848308
    0.282843        1.65     0.75753   0.0288445
    0.471405        2.17     2.06712   0.0494012
    0.659966        3.52     3.97221   0.0629217
    0.848528       4.576     6.25109   0.0806546
     1.03709       9.618     7.74462   0.0825006
     1.22565           9     9.51885     0.10084
     1.41421         5.6     9.77084    0.102286
     1.60278      12.654     10.1629    0.100945
     1.79134       9.996     9.98866    0.103385
      1.9799      15.424     9.60459   0.0922702
     2.16846       8.306      8.5361   0.0899534
     2.35702        4.33     7.23615   0.0941629
     2.54558       3.862     5.66498   0.0886612
     2.73415       4.334      4.6963   0.0687499
     2.92271       6.198     3.67095   0.0566444
     3.11127       1.682     2.75651   0.0540473
     3.29983       0.804     1.96089   0.0439974
     3.48839       2.498     1.31522   0.0358737
     3.67696       0.778    0.825098   0.0303639
     3.86552           0    0.534245   0.0240711
     4.05408           0     0.28864   0.0168452
     4.24264       0.368    0.237268   0.0175343
      4.4312       0.202    0.149318   0.0138118
     4.61976       0.204    0.112807   0.0124599
     4.80833       0.146   0.0402703  0.00657721
     4.99689        0.08   0.0239459  0.00501566
     5.18545           0   0.0072183  0.00220716
     5.37401           0  0.00443659  0.00216699
     5.56257           0 5.40541e-05 5.39978e-05
   0.0942809       0.076    0.101087  0.00846564
    0.282843        1.18    0.758407    0.028798
    0.471405       2.128     2.06724   0.0492988
    0.659966       4.786      3.9739   0.0628138
    0.848528       4.424      6.2473   0.0805763
     1.03709       9.236     7.74771   0.0823874
     1.22565       7.578     9.51483    0.100711
     1.41421      10.634     9.77263     0.10209
     1.60278       9.974     10.1626    0.100736
     1.79134       9.168     9.98696    0.103184
      1.9799      12.388     9.61036   0.0922593
     2.16846       8.572     8.53618   0.0897668
     2.35702       5.268     7.23207    0.094056
     2.54558        5.96     5.66559   0.0884793
     2.73415       3.054      4.6929   0.0686917
     2.92271       4.494     3.67266   0.0565527
     3.11127       2.694     2.75638   0.0539354
     3.29983       1.454     1.95983   0.0439187
     3.48839       3.366     1.31947   0.0360507
     3.67696        0.53    0.824485   0.0303071
     3.86552       0.036    0.533212   0.0240434
     4.05408           0    0.288041   0.0168208
     4.24264           0    0.236776   0.0175048
      4.4312       0.774    0.150614   0.0138439
     4.61976       0.226    0.113041   0.0124362
     4.80833           0   0.0401867  0.00656409
     4.99689           0   0.0238963   0.0050055
     5.18545           0  0.00720332  0.00220263
     5.37401           0  0.00442739  0.00216251
     5.56257           0 5.39419e-05 5.38859e-05
   0.0942809       0.068    0.101019  0.00844839
    0.282843        1.98    0.760936   0.0288492
    0.471405       0.778     2.06458    0.049269
    0.659966        2.98     3.97184   0.0627175
    0.848528        3.26     6.24111   0.0806465
     1.03709       10.47     7.75335   0.0824094
     1.22565      10.376     9.51661    0.100518
     1.41421       8.492     9.76998    0.101913
     1.60278      12.058     10.1665    0.100604
     1.79134      10.978     9.98901    0.102991
      1.9799      12.132     9.61558   0.0922159
     2.16846       8.406     8.53591   0.0895813
     2.35702       5.146     7.22775   0.0939604
     2.54558       5.712     5.66569   0.0882962
     2.73415       2.346     4.68804   0.0687211
     2.92271       4.118     3.67358   0.0564431
     3.11127        2.77     2.75641   0.0538237
     3.29983       1.998     1.95991   0.0438278
     3.48839       2.458     1.32183   0.0360531
     3.67696       0.474     0.82376    0.030253
     3.86552           0    0.532108   0.0240189
     4.05408           0    0.287445   0.0167966
     4.24264        0.12    0.236534   0.0174702
      4.4312        0.88    0.152124   0.0138973
     4.61976           0    0.112807   0.0124127
     4.80833           0   0.0401035  0.00655103
     4.99689           0   0.0238468  0.00499538
     5.18545           0  0.00718841  0.00219812
     5.37401           0  0.00441822  0.00215805
     5.56257           0 5.38302e-05 5.37745e-05
   0.0942809           1    0.102876   0.0086327
    0.282843       1.746    0.762971   0.0288613
    0.471405       0.824     2.06201   0.0492338
    0.659966       2.606     3.96902   0.0626513
    0.848528       5.044     6.23864   0.0805178
     1.03709       5.594     7.74889   0.0823598
     1.22565      13.528      9.5249    0.100652
     1.41421        9.05      9.7685    0.101713
     1.60278      12.716     10.1717    0.100534
     1.79134       9.136     9.98725    0.102793
      1.9799      13.678     9.62398   0.0924065
     2.16846       7.282     8.53332   0.0894337
     2.35702       8.352     7.23007    0.093795
     2.54558        4.02     5.66229   0.0881792
     2.73415        2.75     4.68403   0.0686956
     2.92271       1.262      3.6686    0.056546
     3.11127       2.362     2.75559   0.0537187
     3.29983       2.374     1.96077   0.0437456
     3.48839       3.348     1.32602   0.0362208
     3.67696       0.266    0.822607   0.0302124
     3.86552       0.062    0.531136   0.0239889
     4.05408           0    0.286851   0.0167724
     4.24264           1    0.238112   0.0175052
      4.4312           0     0.15181   0.0138722
     4.61976           0    0.112574   0.0123892
     4.80833           0   0.0400207  0.00653802
     4.99689           0   0.0237975   0.0049853
     5.18545           0  0.00717355  0.00219363
     5.37401           0  0.00440909  0.00215361
     5.56257           0  5.3719e-05 5.36635e-05
   0.0942809           1    0.104726  0.00881085
    0.282843       1.056    0.763575   0.0288081
    0.471405       0.674     2.05915   0.0492154
    0.659966        4.54     3.97019   0.0625332
    0.848528        4.68     6.23543   0.0804159
     1.03709       2.962     7.73902   0.0827793
     1.22565      12.558     9.53115    0.100638
     1.41421      10.234     9.76946    0.101508
     1.60278      11.286      10.174    0.100353
     1.79134      13.186     9.99384    0.102793
      1.9799       9.716     9.62416   0.0922162
     2.16846       8.924     8.53412   0.0892529
     2.35702        8.32     7.23232   0.0936285
     2.54558       3.918     5.65869   0.0880707
     2.73415       5.626     4.68598   0.0685815
     2.92271       2.094     3.66535   0.0565225
     3.11127       1.794     2.75361   0.0536445
     3.29983        2.21     1.96128   0.0436584
     3.48839       1.254     1.32587   0.0361464
     3.67696       0.968    0.822907   0.0301516
     3.86552           0    0.530041   0.0239644
     4.05408           0     0.28626   0.0167482
     4.24264       0.442    0.238532   0.0174742
      4.4312       0.558    0.152647   0.0138688
     4.61976           0    0.112342   0.0123659
     4.80833           0   0.0399381  0.00652506
     4.99689           0   0.0237485  0.00497527
     5.18545           0  0.00715876  0.00218916
     5.37401           0      0.0044  0.00214919
     5.56257           0 5.36082e-05  5.3553e-05
   0.0942809       1.014    0.106597  0.00898916
    0.282843       0.346    0.762716   0.0287617
    0.471405       2.088     2.05921   0.0491142
    0.659966       4.656      3.9716   0.0624205
    0.848528       5.778     6.23449   0.0802559
     1.03709        7.79     7.73912   0.0826091
     1.22565       9.998     9.53211    0.100436
     1.41421       8.174     9.76617    0.101352
     1.60278      10.442     10.1746    0.100148
     1.79134       8.428     9.99062    0.102632
      1.9799       6.812     9.61838   0.0922078
     2.16846      11.956     8.54116   0.0893466
     2.35702      10.342     7.23872   0.0936542
     2.54558       5.186     5.65772   0.0878949
     2.73415        4.96     4.68654   0.0684427
     2.92271       3.752     3.66553   0.0564065
     3.11127       2.036     2.75213   0.0535544
     3.29983       1.242      1.9598   0.0435937
     3.48839       1.084     1.32537   0.0360755
     3.67696       0.646    0.822543   0.0300918
     3.86552        0.27    0.529506   0.0239211
     4.05408           0    0.285671   0.0167241
     4.24264           0    0.238041   0.0174451
      4.4312       0.366    0.153086   0.0138472
     4.61976       0.634    0.113416   0.0123869
     4.80833           0    0.039856  0.00651215
     4.99689           0   0.0236996  0.00496527
     5.18545           0  0.00714403   0.0021847
     5.37401           0  0.00439095  0.00214479
     5.56257           0 5.34979e-05 5.34429e-05
   0.0942809       1.304    0.109055  0.00930089
    0.282843       0.612    0.762407   0.0287043
    0.471405        0.89     2.05681    0.049072
    0.659966       4.086     3.97184   0.0622927
    0.848528        7.36      6.2368   0.0801244
     1.03709       7.864     7.73938   0.0824398
     1.22565       11.04     9.53521    0.100277
     1.41421       8.852      9.7643    0.101161
     1.60278        9.57     10.1734   0.0999498
     1.79134       9.358     9.98932    0.102429
      1.9799       9.636     9.61841   0.0920185
     2.16846        9.97      8.5441   0.0892112
     2.35702        6.15     7.23648   0.0934886
     2.54558       5.048     5.65647   0.0877233
     2.73415        3.13     4.68334   0.0683767
     2.92271        4.43      3.6671   0.0563125
     3.11127       3.318     2.75329   0.0534571
     3.29983       0.926     1.95768   0.0435558
     3.48839       1.754     1.32625   0.0360121
     3.67696       0.754    0.822402   0.0300303
     3.86552       0.478      0.5294   0.0238722
     4.05408       0.658    0.286435   0.0167072
     4.24264        0.03    0.237614   0.0174145
      4.4312        0.63    0.154066   0.0138534
     4.61976       0.152    0.113495   0.0123617
     4.80833           0   0.0397741  0.00649929
     4.99689           0   0.0236509  0.00495531
     5.18545           0  0.00712936  0.00218027
     5.37401           0  0.00438193   0.0021404
     5.56257           0 5.33881e-05 5.33332e-05
   0.0942809       0.044    0.108922  0.00928278
    0.282843       1.046    0.762988   0.0286513
    0.471405       2.134     2.05697   0.0489717
    0.659966        3.23     3.97032   0.0621836
    0.848528       6.948     6.23825   0.0799735
     1.03709       7.846      7.7396   0.0822712
     1.22565      12.126     9.54052    0.100212
     1.41421      10.294     9.76538     0.10096
     1.60278       8.936     10.1708   0.0997772
     1.79134       9.412     9.98814    0.102226
      1.9799       7.896     9.61489   0.0918976
     2.16846       9.364     8.54578   0.0890443
     2.35702       5.432     7.23279   0.0933701
     2.54558       5.698     5.65655   0.0875436
     2.73415        4.07     4.68209   0.0682481
     2.92271       3.658     3.66708   0.0561971
     3.11127        2.77     2.75333   0.0533475
     3.29983       2.086     1.95794   0.0434674
     3.48839        0.62      1.3248   0.0359674
     3.67696       1.548    0.823889   0.0300056
     3.86552        1.43    0.531246   0.0238945
     4.05408       1.412    0.288742   0.0168315
     4.24264           0    0.237127   0.0173856
      4.4312           0     0.15375   0.0138286
     4.61976           0    0.113262   0.0123386
     4.80833           0   0.0396926  0.00648648
     4.99689           0   0.0236025  0.00494539
     5.18545           0  0.00711475  0.00217585
     5.37401           0  0.00437295  0.00213604
     5.56257           0 5.32787e-05 5.32241e-05
   0.0942809           0    0.108699  0.00926647
    0.282843       0.338    0.762119   0.0286059
    0.471405       2.156     2.05717   0.0488719
    0.659966       3.536     3.96943   0.0620628
    0.848528      10.816     6.24762    0.080356
     1.03709       8.476      7.7411   0.0821167
     1.22565       8.836     9.53908    0.100018
     1.41421      11.062     9.76803    0.100788
     1.60278       8.594     10.1676   0.0996252
     1.79134       7.446     9.98294    0.102149
      1.9799       9.442     9.61453   0.0917104
     2.16846       9.152     8.54702   0.0888708
     2.35702       6.258     7.23079   0.0932005
     2.54558       4.024     5.65321   0.0874282
     2.73415        4.35     4.68141    0.068112
     2.92271       2.088     3.66385   0.0561749
     3.11127       3.958     2.75579   0.0532953
     3.29983       2.706     1.95947   0.0434054
     3.48839       1.168     1.32448   0.0358953
     3.67696        0.44    0.823104   0.0299545
     3.86552         1.3    0.532818   0.0238973
     4.05408       1.238    0.290683   0.0169086
     4.24264       0.408    0.237476   0.0173536
      4.4312       0.208    0.153861   0.0138007
     4.61976           0    0.113031   0.0123155
     4.80833           0   0.0396115  0.00647373
     4.99689           0   0.0235542  0.00493552
     5.18545           0   0.0071002  0.00217145
     5.37401           0  0.00436401  0.00213169
     5.56257           0 5.31697e-05 5.31153e-05
   0.0942809           0    0.108478  0.00925022
    0.282843       0.032    0.760629   0.0285863
    0.471405       1.874      2.0568   0.0487736
    0.659966       4.916     3.97136   0.0619662
    0.848528       10.57     6.25644   0.0806747
     1.03709       6.418      7.7384   0.0819935
     1.22565       9.626     9.53925   0.0998138
     1.41421       8.392     9.76522    0.100622
     1.60278       7.666     10.1625   0.0995526
     1.79134       12.33     9.98773    0.102053
      1.9799       9.488     9.61427   0.0915236
     2.16846       9.144     8.54824   0.0886978
     2.35702        7.27     7.23087   0.0930103
     2.54558       3.672     5.64917   0.0873432
     2.73415       5.296     4.68266   0.0679845
     2.92271        1.84     3.66013   0.0561834
     3.11127       2.124      2.7545   0.0532021
     3.29983        2.23     1.96002   0.0433203
     3.48839       1.096     1.32402   0.0358251
     3.67696       0.016    0.821457   0.0299386
     3.86552       1.834    0.535473   0.0239956
     4.05408       1.166    0.292469   0.0169682
     4.24264       0.922    0.238873   0.0173743
      4.4312       0.078    0.153706   0.0137735
     4.61976           0      0.1128   0.0122925
     4.80833           0   0.0395306  0.00646102
     4.99689           0   0.0235061  0.00492568
     5.18545           0  0.00708571  0.00216706
     5.37401           0   0.0043551  0.00212736
     5.56257           0 5.30612e-05 5.30071e-05
   0.0942809       0.016    0.108289  0.00923329
    0.282843        0.87    0.760851    0.028529
    0.471405       5.376     2.06356   0.0491405
    0.659966       3.794       3.971    0.061841
    0.848528       7.398     6.25876   0.0805439
     1.03709       7.664     7.73825   0.0818267
     1.22565        9.23     9.53862   0.0996125
     1.41421       8.568     9.76279    0.100446
     1.60278       7.338     10.1567   0.0995159
     1.79134      14.102     9.99611    0.102188
      1.9799       8.072     9.61113    0.091391
     2.16846       6.106     8.54326   0.0886565
     2.35702        7.06     7.23053   0.0928215
     2.54558       4.622     5.64708   0.0871904
     2.73415        5.13     4.68357   0.0678521
     2.92271       3.484     3.65977   0.0560701
     3.11127       1.572     2.75209   0.0531482
     3.29983       1.494     1.95908   0.0432425
     3.48839       1.416      1.3242   0.0357526
     3.67696       0.974    0.821768   0.0298792
     3.86552       1.384    0.537202   0.0240089
     4.05408       1.308    0.294538   0.0170592
     4.24264       0.022    0.238432   0.0173445
      4.4312       0.826    0.155075   0.0138133
     4.61976       0.174    0.112925   0.0122681
     4.80833           0   0.0394501  0.00644836
     4.99689           0   0.0234582  0.00491588
     5.18545           0  0.00707128   0.0021627
     5.37401           0  0.00434623  0.00212304
     5.56257           0 5.29532e-05 5.28992e-05
   0.0942809       0.056    0.108183  0.00921514
    0.282843       0.656    0.760638   0.0284718
    0.471405       3.402     2.06628   0.0491159
    0.659966       4.058     3.97118   0.0617156
    0.848528       8.594     6.26351   0.0805199
     1.03709       8.614     7.74003   0.0816797
     1.22565       11.26     9.54212   0.0994715
     1.41421       9.666     9.76259    0.100242
     1.60278        8.28     10.1529   0.0993868
     1.79134      11.926          10    0.102056
      1.9799       6.032     9.60386   0.0914944
     2.16846        6.87     8.53986   0.0885415
     2.35702       6.248     7.22853   0.0926543
     2.54558       3.742     5.64321   0.0870991
     2.73415       3.926     4.68203   0.0677317
     2.92271       3.486     3.65942   0.0559573
     3.11127       3.192     2.75299   0.0530477
     3.29983       1.438     1.95802   0.0431675
     3.48839       2.218     1.32602    0.035726
     3.67696       0.866    0.821858   0.0298186
     3.86552        1.45    0.539057   0.0240317
     4.05408        1.02    0.296012   0.0170882
     4.24264           0    0.237947   0.0173161
      4.4312           1    0.156793   0.0138916
     4.61976           0    0.112695   0.0122454
     4.80833           0   0.0393699  0.00643575
     4.99689           0   0.0234106  0.00490612
     5.18545           0  0.00705691  0.00215835
     5.37401           0   0.0043374  0.00211874
     5.56257           0 5.28455e-05 5.27918e-05
   0.0942809           0    0.107963  0.00919906
    0.282843       2.364     0.76389   0.0285992
    0.471405       3.172     2.06852   0.0490675
    0.659966       1.722     3.96662   0.0617588
    0.848528       8.318     6.26768   0.0804643
     1.03709      10.584      7.7458   0.0817175
     1.22565      10.076      9.5432   0.0992756
     1.41421      10.016      9.7631     0.10004
     1.60278      10.616     10.1539   0.0991896
     1.79134       8.468     9.99692    0.101896
      1.9799       6.204     9.59696   0.0915683
     2.16846       7.906     8.53858   0.0883712
     2.35702       5.794     7.22562   0.0925121
     2.54558       4.184     5.64025   0.0869727
     2.73415       5.288     4.68326   0.0676055
     2.92271        3.95     3.66001   0.0558469
     3.11127       2.304     2.75208   0.0529479
     3.29983       0.532     1.95512   0.0431768
     3.48839       0.126     1.32359   0.0357364
     3.67696        1.42    0.823071   0.0297828
     3.86552       2.276     0.54258   0.0242398
     4.05408       1.548    0.298552   0.0172412
     4.24264       0.812    0.239112     0.01732
      4.4312        0.32    0.157124   0.0138673
     4.61976           0    0.112467   0.0122227
     4.80833           0   0.0392901   0.0064232
     4.99689           0   0.0233631   0.0048964
     5.18545           0   0.0070426  0.00215402
     5.37401           0   0.0043286  0.00211446
     5.56257           0 5.27383e-05 5.26848e-05
   0.0942809       0.192    0.108134  0.00918201
    0.282843       1.914    0.766219   0.0286359
    0.471405       2.502      2.0694    0.048976
    0.659966        3.58     3.96583   0.0616388
    0.848528        7.48     6.27013   0.0803389
     1.03709       8.952     7.74824   0.0815885
     1.22565      11.616      9.5474   0.0991633
     1.41421      10.466     9.76453   0.0998479
     1.60278       8.658     10.1508    0.099035
     1.79134        7.04     9.99094    0.101866
      1.9799       7.558     9.59283   0.0914759
     2.16846       6.804     8.53506   0.0882621
     2.35702       8.096     7.22738   0.0923416
     2.54558       4.692     5.63833   0.0868178
     2.73415       4.696     4.68329   0.0674686
     2.92271       4.956     3.66263   0.0557954
     3.11127       1.516     2.74957   0.0528999
     3.29983        1.44     1.95408    0.043102
     3.48839       0.602     1.32213   0.0356939
     3.67696       1.606    0.824656   0.0297647
     3.86552       1.406    0.544328   0.0242537
     4.05408       1.216    0.300409    0.017306
     4.24264       0.386    0.239409   0.0172875
      4.4312       0.626    0.158073   0.0138717
     4.61976           0    0.112239      0.0122
     4.80833           0   0.0392105  0.00641069
     4.99689           0   0.0233158  0.00488671
     5.18545           0  0.00702834  0.00214971
     5.37401           0  0.00431984   0.0021102
     5.56257           0 5.26316e-05 5.25783e-05
   0.0942809         0.1    0.108117  0.00916348
    0.282843        0.73    0.766145   0.0285781
    0.471405       2.576     2.07042   0.0488877
    0.659966       4.362     3.96663   0.0615194
    0.848528         6.3     6.27019   0.0801766
     1.03709       8.416     7.74959   0.0814349
     1.22565       8.964     9.54622     0.09897
     1.41421      13.064     9.77119   0.0998684
     1.60278      11.742      10.154   0.0988871
     1.79134       9.012     9.98896    0.101679
      1.9799       7.118     9.58783   0.0914276
     2.16846        5.47     8.52887   0.0883007
     2.35702       5.866     7.22463    0.092196
     2.54558       5.236     5.63752   0.0866462
     2.73415       5.258     4.68445   0.0673423
     2.92271       6.188     3.66773   0.0559155
     3.11127       1.614     2.74728   0.0528427
     3.29983        0.98     1.95211   0.0430598
     3.48839       1.046     1.32157   0.0356261
     3.67696       1.144    0.825301   0.0297115
     3.86552       0.168    0.543568   0.0242166
     4.05408       0.888    0.301596   0.0173117
     4.24264       1.126      0.2412   0.0173451
      4.4312       0.278    0.158315   0.0138458
     4.61976       0.046    0.112105   0.0121761
     4.80833        0.14   0.0394141  0.00640097
     4.99689       0.168   0.0236081  0.00488558
     5.18545           0  0.00701414  0.00214541
     5.37401           0  0.00431111  0.00210596
     5.56257           0 5.25253e-05 5.24722e-05
   0.0942809       0.448    0.108802  0.00917059
    0.282843       2.402    0.769444   0.0287102
    0.471405       3.486     2.07327   0.0488724
    0.659966       4.268     3.96724   0.0613984
    0.848528       7.702     6.27308   0.0800669
     1.03709       4.872     7.74379   0.0814771
     1.22565       8.256     9.54362   0.0988046
     1.41421       9.794     9.77124   0.0996671
     1.60278      10.026     10.1538   0.0986881
     1.79134      11.164     9.99133    0.101502
      1.9799       9.376     9.58741   0.0912443
     2.16846       5.686     8.52314   0.0883085
     2.35702       5.718     7.22159   0.0920601
     2.54558       4.944     5.63612   0.0864828
     2.73415       5.974     4.68705   0.0672567
     2.92271       4.624     3.66966    0.055836
     3.11127         3.1     2.74799    0.052741
     3.29983       1.678     1.95156   0.0429765
     3.48839       0.682     1.32028   0.0355776
     3.67696       0.542     0.82473   0.0296571
     3.86552        0.83    0.544145   0.0241747
     4.05408        0.97    0.302944   0.0173292
     4.24264       0.458    0.241637   0.0173157
      4.4312       0.306    0.158613   0.0138211
     4.61976       0.634    0.113157   0.0121969
     4.80833        0.06   0.0394556   0.0063882
     4.99689           0   0.0235605  0.00487596
     5.18545           0       0.007  0.00214113
     5.37401           0  0.00430242  0.00210173
     5.56257           0 5.24194e-05 5.23665e-05
   0.0942809       0.104    0.108793  0.00915214
    0.282843       0.378    0.768656   0.0286632
    0.471405       1.618     2.07236   0.0487826
    0.659966       5.974     3.97128   0.0614075
    0.848528       9.058     6.27868   0.0801016
     1.03709       8.176     7.74466   0.0813178
     1.22565       7.774     9.54006   0.0986699
     1.41421       9.512     9.77072   0.0994679
     1.60278       9.396     10.1523   0.0985013
     1.79134       10.71     9.99278    0.101308
      1.9799       5.768     9.57972   0.0913838
     2.16846       8.484     8.52306   0.0881309
     2.35702       7.722      7.2226   0.0918804
     2.54558       5.468     5.63578   0.0863095
     2.73415       4.136     4.68594   0.0671305
     2.92271       5.506     3.67336   0.0558457
     3.11127       2.814     2.74812    0.052635
     3.29983       1.526      1.9507   0.0428986
     3.48839       0.146     1.31792   0.0355844
     3.67696       0.158    0.823388   0.0296278
     3.86552       0.526    0.544109   0.0241261
     4.05408        1.72    0.305795   0.0175273
     4.24264       0.428    0.242012   0.0172849
      4.4312        0.61    0.159521   0.0138231
     4.61976       0.288    0.113509   0.0121775
     4.80833           0   0.0393763  0.00637584
     4.99689           0   0.0235131  0.00486638
     5.18545           0  0.00698592  0.00213687
     5.37401           0  0.00429376  0.00209752
     5.56257           0 5.23139e-05 5.22612e-05
   0.0942809           0    0.108574  0.00913637
    0.282843       0.048    0.767209   0.0286422
    0.471405       2.166     2.07255    0.048685
    0.659966       5.392     3.97413   0.0613504
    0.848528        7.41     6.28095    0.079973
     1.03709      11.414     7.75203   0.0814876
     1.22565       7.768      9.5365    0.098536
     1.41421       9.376     9.76992   0.0992713
     1.60278      10.194     10.1523   0.0983035
     1.79134       8.838     9.99046    0.101131
      1.9799       8.562     9.57768   0.0912231
     2.16846        5.91     8.51782   0.0881099
     2.35702       5.856     7.21986   0.0917369
     2.54558       7.762     5.64005   0.0862417
     2.73415       6.258      4.6891   0.0670699
     2.92271       2.438     3.67088   0.0557886
     3.11127       3.052     2.74873   0.0525328
     3.29983       2.018     1.95084   0.0428127
     3.48839       0.322     1.31592   0.0355691
     3.67696        0.93    0.823602   0.0295691
     3.86552       0.286     0.54359   0.0240832
     4.05408           1    0.307189   0.0175475
     4.24264           0    0.241526    0.017257
      4.4312       0.786    0.160779   0.0138524
     4.61976       0.214    0.113711   0.0121547
     4.80833           0   0.0392972  0.00636352
     4.99689           0   0.0234659  0.00485683
     5.18545           0  0.00697189  0.00213263
     5.37401           0  0.00428514  0.00209332
     5.56257           0 5.22088e-05 5.21564e-05
   0.0942809           0    0.108357  0.00912065
    0.282843       0.188    0.766048   0.0286083
    0.471405        1.97     2.07234   0.0485879
    0.659966       6.216     3.97863   0.0613918
    0.848528      11.138     6.29069   0.0804029
     1.03709       8.956     7.75444     0.08136
     1.22565       7.114     9.53165    0.098458
     1.41421       7.038     9.76445   0.0992232
     1.60278       10.99      10.154   0.0981209
     1.79134       9.944     9.99036    0.100928
      1.9799        7.91     9.57434   0.0911015
     2.16846       7.166     8.51511    0.087975
     2.35702       4.168     7.21374   0.0917567
     2.54558        7.58     5.64394   0.0861565
     2.73415        6.86     4.69345   0.0670764
     2.92271       2.728     3.66899   0.0557088
     3.11127       0.852     2.74493   0.0525649
     3.29983       1.624     1.95018   0.0427319
     3.48839       2.518     1.31832   0.0355793
     3.67696       0.836    0.823627   0.0295098
     3.86552       0.948    0.544401   0.0240486
     4.05408       0.152    0.306878    0.017515
     4.24264       0.394    0.241832   0.0172251
      4.4312       0.068    0.160593   0.0138259
     4.61976        0.08    0.113643   0.0121305
     4.80833       0.018   0.0392545  0.00635091
     4.99689       0.236   0.0238918  0.00486574
     5.18545       0.168  0.00729459  0.00215263
     5.37401        0.14  0.00455711  0.00210672
     5.56257           0 5.21042e-05  5.2052e-05
   0.0942809       0.056    0.108252  0.00910301
    0.282843        1.27    0.767056   0.0285688
    0.471405       1.812     2.07182   0.0484935
    0.659966       5.028     3.98072   0.0613048
    0.848528        8.57     6.29524   0.0803712
     1.03709       8.648     7.75623   0.0812169
     1.22565       9.236     9.53106   0.0982629
     1.41421      11.272     9.76746   0.0990706
     1.60278       8.494     10.1507   0.0979808
     1.79134      11.846     9.99408    0.100795
      1.9799       5.984     9.56716   0.0912019
     2.16846        5.28     8.50864   0.0880367
     2.35702       4.974     7.20926   0.0916824
     2.54558        6.57     5.64579   0.0860041
     2.73415       6.104     4.69627   0.0670016
     2.92271       4.108     3.66986   0.0556043
     3.11127        2.23      2.7439   0.0524699
     3.29983       1.624     1.94953   0.0426514
     3.48839       2.754      1.3212   0.0356238
     3.67696        0.56      0.8231   0.0294555
     3.86552       0.414     0.54414   0.0240019
     4.05408       0.104    0.306472   0.0174847
     4.24264       0.062    0.241472   0.0171944
      4.4312           0    0.160272    0.013802
     4.61976           0    0.113416   0.0121084
     4.80833           0    0.039176   0.0063387
     4.99689       0.664    0.025172   0.0050216
     5.18545       0.336    0.007952  0.00224647
     5.37401           0    0.004548  0.00210253
     5.56257           0     5.2e-05  5.1948e-05
