0	447.132	481.025
1	445.024	469.015
2	433.247	455.445
3	425.98	442.737
4	412.477	436.079
5	412.477	427.399
6	409.563	427.608
7	409.563	421.217
8	395.225	415.957
9	390.195	409.247
10	379.015	402.008
11	378.913	393.071
12	372.514	387.821
13	366.397	380.794
14	366.397	377.043
15	366.397	377.309
16	363.427	373.944
17	361.029	370.705
18	358.066	366.662
19	354.648	363.488
20	350.82	361.689
21	346.186	360.035
22	344.658	356.268
23	332.536	352.482
24	328.223	350.288
25	327.245	343.581
26	327.245	336.919
27	325.101	333.994
28	325.033	332.649
29	322.485	331.253
30	322.485	329.539
31	318.15	325.382
32	317.309	323.232
33	315.414	320.729
34	315.317	319.322
35	314.986	317.482
36	311.36	317.55
37	310.663	315.415
38	306.772	315.061
39	304.026	313.049
40	302.821	310.275
41	302.717	309.516
42	301.426	308.554
43	299.808	305.884
44	295.946	304.658
45	295.946	302.579
46	295.579	300.878
47	291.491	301.008
48	291.491	298.693
49	290.573	298.052
50	290.292	294.449
51	290.292	293.314
52	283.839	292.918
53	283.839	292.395
54	282.277	290.909
55	281.191	288.786
56	281.191	288.96
57	279.252	287.892
58	279.252	285.108
59	275.977	283.401
60	266.808	279.871
61	266.808	277.715
62	261.677	273.619
63	260.392	273.498
64	259.13	270.399
65	258.409	266.7
66	258.409	265.921
67	258.072	260.682
68	252.845	261.071
69	252.845	260.59
70	252.066	257.538
71	251.43	256.531
72	246.211	254.505
73	246.211	252.674
74	244.246	251.17
75	240.603	249.146
76	240.603	246.775
77	240.603	244.741
78	240.603	243.899
79	240.603	242.309
80	240.019	240.962
81	235.758	241.007
82	235.758	240.072
83	235.019	239.311
84	233.045	239.201
85	232.306	236.493
86	232.306	237.42
87	232.306	236.394
88	228.393	233.452
89	228.393	234.274
90	228.393	233.817
91	228.393	232.094
92	228.393	231.568
93	228.393	231.353
94	226.492	229.708
95	225.378	228.478
96	225.378	227.392
97	221.475	227.106
98	219.725	226.568
99	217.93	226.852
100	217.93	224.19
101	217.93	221.751
102	215.001	221.273
103	215.001	220.8
104	215.001	219.157
105	213.206	218.94
106	210.909	216.816
107	210.6	215.09
108	208.087	213.829
109	207.344	212.912
110	207.344	212.638
111	206.26	211.986
112	206.26	211.727
113	206.26	209.348
114	203.876	206.827
115	203.876	205.814
116	196.416	205.483
117	196.416	204.973
118	196.416	203.896
119	196.416	201.004
120	196.416	200.107
121	195.971	198.35
122	194.078	197.075
123	193.498	196.04
124	193.498	194.913
125	192.594	194.314
126	192.015	194.352
127	192.015	194.572
128	192.015	193.33
129	191.206	192.798
130	190.143	192.251
131	190.143	192.423
132	190.143	191.407
133	187.774	191.744
134	187.774	191.25
135	187.109	189.943
136	187.109	189.789
137	187.09	188.907
138	184.24	188.313
139	184.24	187.611
140	184.24	187.375
141	184.175	187.588
142	183.17	185.821
143	183.17	186.541
144	182.803	186.989
145	182.631	185.779
146	179.364	184.282
147	179.29	182.637
148	178.87	181.865
149	178.87	181.135
150	178.648	180.798
151	178.173	179.821
152	178.173	180.459
153	178.172	180.534
154	177.697	179.157
155	177.697	179.324
156	177.697	179.002
157	176.721	178.56
158	176.721	178.375
159	176.721	178.48
160	176.043	177.912
161	175.76	177.577
162	175.76	176.554
163	175.76	176.312
164	175.204	175.825
165	175	175.643
166	174.443	175.484
167	174.443	176.107
168	174.136	175.109
169	174.136	174.999
170	174.078	174.514
171	173.518	174.303
172	171.823	174.131
173	170.68	173.744
174	170.68	175.155
175	168.226	174.446
176	168.226	175.141
177	168.226	173.914
178	168.226	174.798
179	166.458	175.732
180	166.458	174.832
181	166.458	169.919
182	166.458	169.408
183	166.458	169.211
184	166.407	166.953
185	166.407	166.5
186	165.13	166.435
187	165.13	166.448
188	165.13	166.706
189	165.13	167.54
190	164.875	166.358
191	164.875	165.69
192	163.051	165.895
193	162.796	165.811
194	162.796	165.232
195	162.796	163.73
196	161.81	163.475
197	161.81	163.544
198	161.65	162.69
199	161.146	162.064
200	161.146	162.108
201	161.146	162.302
202	161.146	161.998
203	160.852	163.395
204	160.852	161.747
205	160.454	161.274
206	159.807	161.166
207	159.408	161.271
208	159.408	160.397
209	158.546	160.598
210	158.546	160.695
211	158.147	160.329
212	157.79	160.071
213	157.156	159.442
214	157.156	159.13
215	157.156	158.645
216	157.001	157.61
217	156.556	157.637
218	156.556	157.243
219	155.33	156.927
220	155.33	156.873
221	154.381	156.485
222	154.381	157.173
223	153.81	157.308
224	153.81	155.479
225	153.81	155.833
226	153.81	155.849
227	153.726	155.142
228	153.458	153.929
229	152.593	154.573
230	151.547	153.772
231	151.547	153.35
232	149.728	154.959
233	149.728	152.92
234	149.69	151.424
235	149.69	153.107
236	148.778	152.621
237	147.649	151.861
238	147.649	150.484
239	147.649	150.28
240	146.611	149.172
241	146.611	148.792
242	146.559	148.159
243	146.087	149.553
244	146.087	149.663
245	146.087	148.023
246	146.087	148.437
247	146.087	148.244
248	146.087	147.78
249	146.087	148.867
250	146.087	149.149
251	146.087	148.331
252	146.087	146.73
253	146.045	146.086
254	143.206	146.073
255	143.206	146.212
256	142.746	147.458
257	139.145	145.997
258	139.145	143.802
259	139.145	143.121
260	139.145	143.491
261	137.664	143.585
262	137.664	142.689
263	137.664	141.567
264	137.664	140.038
265	137.664	138.584
266	137.664	138.857
267	137.664	138.938
268	137.664	139.272
269	137.664	138.434
270	137.664	138.588
271	137.664	137.735
272	137.496	137.66
273	137.496	137.653
274	137.392	139.105
275	137.392	140.448
276	136.786	138.243
277	135.971	139.759
278	135.971	138.384
279	135.971	138.245
280	135.041	139.24
281	135.041	140.159
282	135.041	138.742
283	135.041	136.576
284	134.955	136.584
285	134.955	137.056
286	134.955	135.599
287	134.609	134.975
288	134.609	135.034
289	134.609	136.089
290	134.609	136.487
291	134.609	137.115
292	134.462	138.131
293	134.462	137.698
294	133.672	138.031
295	133.672	137.711
296	133.672	136.438
297	133.672	137.49
298	133.672	136.594
299	133.672	136.798
300	133.672	136.342
301	133.672	135.215
302	133.672	134.205
303	133.672	133.856
304	133.293	133.662
305	132.815	133.838
306	132.815	135.583
307	132.815	135.121
308	132.435	133.96
309	132.435	134.56
310	132.402	134.788
311	132.402	134.872
312	131.102	134.375
313	130.783	133.534
314	130.783	133.283
315	130.783	133.689
316	130.783	132.107
317	130.783	131.719
318	130.783	132.116
319	130.783	131.378
320	130.783	130.79
321	130.783	130.812
322	130.783	131.418
323	129.774	130.763
324	129.774	130.719
325	129.774	130.568
326	129.774	130.847
327	129.774	131
328	128.987	130.553
329	128.686	131.301
330	128.686	131.146
331	128.686	130.937
332	127.899	130.313
333	127.899	130.747
334	127.899	129.282
335	127.899	128.197
336	127.899	128.731
337	127.899	129.765
338	126.427	128.704
339	126.427	128.109
340	126.427	127.89
341	126.427	127.592
342	126.427	126.71
343	126.427	128.501
344	126.427	127.334
345	126.427	128.49
346	126.427	126.65
347	126.427	126.432
348	126.427	126.427
349	126.427	126.427
350	126.427	127.469
351	126.427	126.906
352	125.898	126.416
353	125.898	126.347
354	125.898	126.516
355	125.898	126.645
356	125.898	126.959
357	125.225	126.762
358	124.839	127.585
359	124.839	125.975
360	124.08	126.039
361	124.08	125.673
362	124.08	125.109
363	123.766	124.661
364	122.223	124.653
365	121.15	124.156
366	121.15	123.272
367	121.15	123.08
368	120.954	123.257
369	120.954	123.084
370	120.954	122.183
371	118.885	121.657
372	118.885	122.358
373	118.885	122.694
374	118.885	121.794
375	118.885	120.88
376	118.643	119.432
377	118.643	120.916
378	118.643	120.077
379	117.735	121.007
380	117.735	119.906
381	117.735	119.249
382	117.735	119.14
383	117.735	118.099
384	117.735	118.664
385	117.102	118.082
386	117.102	119.091
387	115.945	119.086
388	115.945	119.186
389	115.945	117.692
390	115.93	116.6
391	115.93	117.412
392	115.93	119.858
393	115.93	120.238
394	115.93	117.248
395	115.93	116.793
396	115.914	115.949
397	115.914	116.715
398	115.462	116.54
399	115.462	117.797
400	115.462	118.129
401	115.462	117.605
402	115.462	116.953
403	115.462	118.378
404	115.462	118.084
405	115.462	115.839
406	115.462	115.673
407	114.973	116.675
408	114.973	116.819
409	114.973	116.513
410	114.973	116.853
411	114.973	115.551
412	114.973	115.989
413	114.973	115.555
414	114.973	115.104
415	114.25	115.134
416	114.021	115.11
417	113.49	115.036
418	113.49	114.813
419	113.481	114.745
420	112.641	114.827
421	112.641	115.486
422	112.641	113.81
423	112.641	114.081
424	112.641	113.794
425	112.641	113.605
426	112.589	113.289
427	112.589	114.631
428	112.589	116.335
429	112.589	116.574
430	112.589	115.072
431	112.589	114.233
432	112.589	114.93
433	112.589	115.09
434	112.589	113.909
435	112.589	113.378
436	112.589	112.639
437	110.822	112.992
438	110.822	113.206
439	110.822	112.856
440	110.659	112.251
441	110.659	111.545
442	110.659	112.251
443	110.659	110.947
444	110.659	110.97
445	110.533	110.876
446	110.533	110.959
447	110.045	111.265
448	109.814	110.986
449	109.688	111.852
450	109.483	113.183
451	109.357	111.2
452	109.357	113.714
453	109.357	113.548
454	108.839	111.217
455	108.839	111.076
456	107.856	110.25
457	107.856	109.222
458	107.856	109.182
459	107.856	109.562
460	107.856	108.093
461	107.856	108.129
462	107.759	108.189
463	107.759	108.186
464	107.759	108.58
465	107.759	108.713
466	107.759	108.436
467	107.466	108.49
468	107.466	108.474
469	107.337	108.121
470	107.337	108.167
471	107.337	108.012
472	107.092	107.9
473	106.746	107.307
474	105.982	108.03
475	105.982	109.605
476	105.982	107.703
477	105.982	106.702
478	105.982	106.349
479	105.982	106.561
480	105.982	106.839
481	105.982	107.359
482	105.336	108.212
483	105.336	107.802
484	105.336	106.864
485	105.336	105.739
486	105.336	105.471
487	104.99	105.461
488	104.99	106.435
489	104.99	107.454
490	104.99	107.636
491	104.99	105.98
492	104.99	106.613
493	104.99	108.339
494	104.99	107.35
495	104.99	108.733
496	104.99	107.623
497	104.99	106.629
498	104.99	106.679
499	104.99	107.011
500	104.99	106.223
501	104.99	105.912
502	104.99	105.414
503	104.99	105.218
504	104.99	107.239
505	104.99	105.791
506	104.99	105.74
507	104.76	105.379
508	104.76	105.945
509	104.76	105.451
510	104.76	104.934
511	104.58	105.061
512	104.351	104.847
513	104.351	104.784
514	104.153	105.923
515	104.153	105.335
516	104.153	105.976
517	103.537	104.939
518	103.537	105.609
519	103.537	105.544
520	103.537	106.282
521	103.511	105.74
522	103.511	103.724
523	102.626	103.742
524	102.626	104.636
525	102.626	104.709
526	102.626	104.085
527	102.626	103.278
528	102.626	103.074
529	102.626	103.152
530	102.626	102.796
531	102.626	102.626
532	102.626	103.496
533	102.626	103.541
534	102.626	103.562
535	102.626	104.415
536	102.626	103.556
537	102.626	103.406
538	102.626	103.346
539	102.626	103.804
540	102.626	105.629
541	102.626	103.991
542	102.626	103.531
543	102.626	102.819
544	102.626	103.102
545	102.587	103.14
546	102.587	103.113
547	102.587	103.49
548	102.587	104.345
549	102.377	103.665
550	102.377	103.023
551	102.377	103.05
552	102.377	102.562
553	102.051	103.305
554	101.902	102.486
555	101.902	102.242
556	101.902	102.084
557	101.902	102.066
558	101.902	102.15
559	101.902	101.937
560	101.902	102.031
561	101.902	101.905
562	101.902	102.298
563	101.902	103.375
564	101.406	103.092
565	101.406	102.527
566	101.11	102.164
567	101.11	102.263
568	101.11	103.244
569	101.11	102.224
570	101.11	102.58
571	101.11	101.836
572	101.11	101.822
573	100.5	101.666
574	100.5	101.277
575	100.5	101.457
576	100.5	101.757
577	100.5	101.613
578	100.5	102.384
579	100.5	101.04
580	100.5	101.652
581	100.413	100.92
582	100.413	100.807
583	100.413	100.93
584	100.413	100.51
585	100.413	101.83
586	100.413	102.708
587	100.413	102.045
588	100.413	101.945
589	100.413	102.118
590	100.413	100.649
591	100.413	100.568
592	100.413	100.76
593	100.413	100.413
594	100.413	100.797
595	100.413	101.074
596	100.413	101.351
597	100.413	100.817
598	100.413	100.705
599	100.413	101.6
600	100.413	101.147
601	98.4151	100.379
602	98.4151	100.29
603	98.4151	101.064
604	98.4151	99.911
605	98.4151	98.987
606	98.4151	99.4336
607	97.7093	98.9121
608	97.7093	98.5351
609	97.7093	98.348
610	97.7093	99.6637
611	97.5684	98.9875
612	97.5684	97.8734
613	97.5684	97.8635
614	97.5684	98.3408
615	97.5684	97.5769
616	97.5684	97.5684
617	97.4577	97.5719
618	97.4577	97.6325
619	97.4577	97.6021
620	97.4577	97.5292
621	97.4577	97.5282
622	97.0739	97.7015
623	97.0739	97.4911
624	97.0739	97.4743
625	97.0739	97.2578
626	97.0739	97.1353
627	96.9595	97.0716
628	96.9595	97.2812
629	96.9595	97.0327
630	96.9595	96.98
631	96.9595	96.9595
632	96.9595	96.9595
633	96.9595	96.9751
634	96.9595	97.0117
635	96.9595	96.9595
636	96.9595	97.0068
637	96.9595	97.1823
638	96.9595	96.9848
639	96.9595	96.9733
640	96.9595	97.3283
641	96.9595	97.2317
642	96.9595	97.2418
643	96.9595	98.0596
644	96.9595	97.1807
645	96.9595	97.6943
646	96.9595	96.9664
647	96.9595	96.9707
648	96.9595	97.2833
649	96.522	98.0232
650	96.522	98.6046
651	96.2602	100.471
652	96.2602	98.5275
653	96.2602	99.0756
654	96.2602	96.8213
655	96.2602	97.65
656	96.2602	97.5004
657	96.2602	97.1905
658	96.2602	98.4644
659	96.2602	97.5247
660	96.2602	96.8162
661	96.2602	97.9629
662	96.2602	96.987
663	96.2602	97.0234
664	96.2602	96.5018
665	96.2602	96.9623
666	96.2602	96.8295
667	96.2602	97.9766
668	96.2602	96.956
669	96.2602	96.9808
670	96.2602	96.6581
671	96.2602	96.2602
672	96.2602	96.4413
673	96.2602	96.4293
674	96.2602	96.4179
675	96.2602	96.7526
676	96.2602	96.72
677	96.2602	97.1007
678	96.2602	96.8894
679	96.2602	98.1883
680	96.2602	96.5513
681	96.2602	97.9072
682	96.2602	96.9901
683	96.2602	97.0274
684	96.2602	97.2619
685	96.2602	97.1241
686	96.2602	98.4045
687	96.2602	97.9149
688	96.2602	97.5937
689	96.2602	96.7812
690	96.2602	96.2602
691	96.2602	96.7983
692	96.2602	97.8544
693	96.2602	96.8443
694	96.2077	97.4824
695	96.2077	98.2996
696	96.2077	96.5832
697	96.2077	96.3665
698	96.2077	96.4379
699	96.2077	96.7939
700	96.2077	96.5755
701	96.2077	97.2943
702	96.2077	97.2382
703	96.2077	97.404
704	96.2077	97.2173
705	96.2077	96.2248
706	96.2077	96.927
707	96.2077	96.7251
708	96.2077	96.5963
709	96.2077	97.4656
710	96.2077	97.0431
711	96.2077	96.4215
712	96.2077	96.66
713	96.2077	96.4997
714	96.2077	96.2089
715	96.2077	96.258
716	96.2077	96.4835
717	96.2077	96.402
718	96.2077	96.751
719	96.2077	96.838
720	96.2077	96.4052
721	96.2077	97.6221
722	96.2077	98.4107
723	96.2077	97.7732
724	96.2077	98.1168
725	96.2077	97.2014
726	96.0261	96.2203
727	96.0261	96.3003
728	96.0261	96.7435
729	96.0261	96.38
730	96.0261	96.4656
731	96.0261	96.3535
732	96.0261	96.7076
733	96.0261	96.7593
734	96.0261	96.5894
735	96.0261	96.518
736	96.0261	96.9631
737	96.0261	97.3544
738	95.7999	96.9586
739	95.7999	97.9025
740	95.7999	100.757
741	95.7999	98.264
742	95.7999	96.6978
743	95.7999	96.3757
744	95.7999	96.3695
745	95.7999	95.8848
746	95.7999	96.3433
747	95.7999	96.601
748	95.6662	96.5152
749	94.6087	98.1593
750	95.5288	98.64
751	95.5288	99.8082
752	95.4554	98.8889
753	95.4554	99.7812
754	95.4554	101.184
755	95.4554	99.8114
756	95.4554	99.3439
757	95.4554	97.4758
758	95.4554	96.5821
759	95.4554	97.6309
760	95.4554	96.8319
761	95.4554	96.6445
762	95.4554	97.8857
763	95.4554	96.1764
764	94.3022	95.5138
765	94.3022	96.022
766	94.3022	94.861
767	94.3022	94.789
768	94.3022	95.0174
769	94.3022	95.0066
770	94.3022	94.534
771	94.3022	94.3022
772	94.1244	94.2987
773	94.1244	94.5256
774	94.1244	95.0188
775	94.1244	95.9463
776	94.1244	95.7478
777	94.1244	97.1874
778	94.1244	97.6136
779	94.1244	99.0024
780	94.1244	98.1333
781	94.1244	98.4557
782	94.1244	98.2233
783	94.1244	99.76
784	94.1244	99.3588
785	94.1244	96.1617
786	94.1244	95.2857
787	93.6944	95.2044
788	93.6944	94.2137
789	93.6944	94.1986
790	93.6944	94.6677
791	93.6944	94.0241
792	93.6944	94.1677
793	93.6944	94.4682
794	93.6944	93.9216
795	93.6944	94.5
796	93.6944	95.5927
797	93.6944	94.6952
798	93.6944	95.9888
799	93.6944	94.3743
800	93.3206	94.011
801	93.3206	93.7335
802	93.3206	93.6247
803	93.3206	93.4627
804	93.3206	93.4253
805	93.3206	94.0218
806	93.3206	93.7915
807	93.3206	93.8154
808	93.3206	93.6678
809	93.3206	93.5843
810	93.3206	93.5857
811	93.3206	93.3411
812	93.3206	93.3242
813	93.3206	93.3206
814	93.3206	93.3206
815	93.3206	93.5077
816	93.3206	94.4276
817	93.3206	94.7997
818	93.3206	93.6473
819	93.3206	94.4968
820	93.3206	93.8243
821	93.3206	93.3206
822	93.3206	93.3206
823	93.3206	93.3206
824	93.3206	93.3206
825	93.3206	93.5744
826	92.7653	93.4586
827	92.7653	94.8186
828	92.7653	94.2719
829	92.7653	94.4158
830	92.7653	94.5738
831	92.7653	95.2963
832	92.7653	95.1007
833	92.7653	94.4539
834	92.7653	94.1202
835	92.7653	94.7276
836	92.7653	95.3614
837	92.7653	94.1207
838	92.7653	94.6502
839	92.7653	94.2999
840	92.7653	93.6031
841	92.7653	92.7733
842	92.7653	92.7893
843	92.7653	92.7653
844	92.7653	92.8463
845	92.7653	93.4541
846	92.7653	94.7691
847	92.7653	95.9788
848	92.7653	95.0747
849	92.7653	94.1953
850	92.7653	93.5038
851	92.7653	93.588
852	92.7653	92.7653
853	92.7653	92.7653
854	92.7653	92.7653
855	92.7653	92.8225
856	92.7653	92.7653
857	92.7653	92.7653
858	92.7653	92.9918
859	92.7653	93.1106
860	92.7653	93.2483
861	92.7653	93.2234
862	92.7653	92.8186
863	92.7653	93.1086
864	92.7653	93.8048
865	92.7653	94.7233
866	92.7653	94.4307
867	92.7653	93.2432
868	92.7653	93.5692
869	92.7653	93.2229
870	92.7653	93.5699
871	92.7653	93.0117
872	92.7653	92.7653
873	92.7653	92.7653
874	92.7653	93.4646
875	92.7653	93.8293
876	92.7653	92.7653
877	92.6818	92.7637
878	92.6818	92.762
879	92.6818	94.1038
880	92.6818	94.2295
881	92.6818	92.8481
882	92.4186	92.9271
883	92.107	93.0298
884	92.107	92.8625
885	92.107	92.7882
886	92.107	92.6918
887	92.107	92.2784
888	92.107	93.4677
889	91.7488	93.0818
890	91.7488	92.5283
891	91.4856	94.6367
892	91.4856	94.7087
893	91.4856	93.5173
894	91.4856	94.3345
895	91.4856	95.1098
896	91.4856	95.2411
897	91.4856	96.0109
898	91.4856	93.8697
899	91.4856	92.0711
900	91.4856	91.5384
901	91.4856	91.4856
902	91.4856	91.4908
903	91.4856	91.555
904	91.4856	92.3461
905	91.4856	91.8875
906	91.4856	91.6998
907	91.4856	93.0264
908	91.4856	92.0492
909	91.4856	92.1787
910	90.8566	91.9222
911	90.8566	91.3975
912	90.8566	91.2904
913	90.8566	92.4873
914	90.8566	92.6085
915	90.8566	91.7722
916	90.8566	91.1345
917	90.8566	90.8982
918	90.8566	91.0578
919	90.8566	91.7999
920	90.8566	90.8566
921	90.8566	90.8566
922	90.8566	91.0386
923	90.8566	91.7686
924	90.8566	91.2976
925	90.8566	91.1546
926	90.8566	90.9808
927	90.8566	91.1288
928	90.8566	91.7281
929	90.8566	91.3155
930	90.8566	91.0107
931	90.8566	90.908
932	90.8566	91.2226
933	90.8566	91.5663
934	90.8566	92.353
935	90.8566	91.8935
936	90.8566	92.0065
937	90.8381	91.1684
938	90.8381	93.4159
939	90.8381	92.9645
940	90.8381	92.2989
941	90.8381	93.1238
942	90.8381	92.835
943	90.8381	91.8894
944	90.8381	91.3432
945	90.8381	91.0127
946	90.8381	90.8381
947	90.8381	90.9091
948	90.8381	90.8556
949	90.8381	91.0606
950	90.8381	90.8694
951	90.8381	90.8381
952	90.8381	90.8381
953	90.8381	90.8381
954	90.8381	90.8381
955	90.8381	91.5174
956	90.8381	92.1429
957	90.6285	91.4751
958	90.6285	93.4564
959	89.3551	92.5851
960	89.3551	93.017
961	89.3551	92.7831
962	89.3551	91.8582
963	89.3551	92.2337
964	89.3551	92.0355
965	89.3551	92.6371
966	89.3551	90.67
967	89.3551	89.8828
968	89.3551	89.8991
969	89.3551	89.697
970	89.3551	89.8284
971	89.3551	89.5199
972	89.3551	89.4944
973	89.3551	89.7528
974	89.3551	89.5818
975	89.3551	90.0252
976	89.3551	90.316
977	89.3551	89.4686
978	89.3551	89.6838
979	89.3551	89.8898
980	89.3551	90.0146
981	89.3551	89.3551
982	89.3551	89.3551
983	89.3551	89.3551
984	89.3551	89.3551
985	89.3551	89.5265
986	89.3551	89.7001
987	89.3551	89.3551
988	89.3551	89.4419
989	89.3551	90.19
990	89.3551	90.02
991	89.3551	90.2791
992	89.0204	89.4373
993	89.0204	89.4936
994	89.0204	89.4583
995	89.0204	90.3425
996	89.0204	89.5627
997	89.0204	89.6181
998	89.0204	89.0563
999	89.0204	89.2027
1000	89.0204	89.4318
1001	89.0204	90.2812
1002	89.0204	89.527
1003	89.0204	90.2852
1004	89.0204	90.3517
1005	89.0204	89.4347
1006	89.0204	90.6057
1007	89.0204	92.0455
1008	89.0204	91.7573
1009	89.0204	91.9865
1010	88.4791	90.7303
1011	88.4791	90.1019
1012	88.4791	90.1469
1013	88.4791	89.0362
1014	88.4791	89.997
1015	88.4791	90.1852
1016	88.4791	89.6174
1017	88.4791	90.2554
1018	88.4096	90.159
1019	88.4096	91.0297
1020	88.4096	90.3906
1021	88.4096	89.3501
1022	88.3523	89.9723
1023	88.3523	89.2004
1024	88.3523	89.441
1025	88.3358	90.0425
1026	88.3358	88.7839
1027	88.3358	89.1017
1028	88.0245	88.353
1029	88.0245	88.4853
1030	88.0245	88.5588
1031	88.0245	88.3732
1032	88.0245	88.7305
1033	88.0245	88.2622
1034	88.0245	88.395
1035	88.0245	88.211
1036	88.0245	88.1679
1037	88.0245	88.1432
1038	88.0245	88.6258
1039	88.0245	89.3592
1040	88.0245	88.4401
1041	88.0245	88.2794
1042	88.0245	89.0792
1043	88.0245	89.1484
1044	88.0245	89.2013
1045	87.3671	88.0114
1046	87.3671	87.9325
1047	87.3671	87.7747
1048	87.3671	87.569
1049	87.3671	87.6337
1050	87.3671	87.5485
1051	87.3671	87.6079
1052	87.3671	87.4692
1053	87.3671	87.4049
1054	87.3671	87.3737
1055	87.3671	88.3853
1056	87.3671	87.8178
1057	87.3671	87.7396
1058	87.3671	87.8994
1059	87.3671	87.7881
1060	87.3671	88.2273
1061	86.5081	87.7849
1062	86.4508	87.6325
1063	86.4508	87.9181
1064	86.4508	87.1751
1065	86.4508	88.1659
1066	86.4508	87.3156
1067	86.4508	86.6514
1068	86.4508	86.453
1069	86.4508	86.4508
1070	86.4508	86.9845
1071	86.4508	87.0268
1072	86.4508	86.4831
1073	86.4508	86.4508
1074	86.4508	86.7512
1075	86.4508	87.1666
1076	86.4508	87.4363
1077	86.4508	87.9354
1078	86.4508	88.3137
1079	86.4508	88.6173
1080	86.4508	88.3529
1081	86.4508	88.6536
1082	86.4508	87.338
1083	86.4508	87.7939
1084	85.8404	86.4385
1085	85.8404	86.5077
1086	85.8404	86.7597
1087	85.8404	87.5688
1088	85.8404	86.0467
1089	85.8404	86.3954
1090	85.8404	86.5243
1091	85.8404	88.66
1092	85.8404	86.3476
1093	85.8404	85.9932
1094	85.8404	86.1312
1095	85.8404	86.2574
1096	85.8404	86.2274
1097	85.8404	86.0636
1098	85.8404	86.505
1099	85.8404	86.6186
1100	85.8404	87.966
1101	85.8404	86.9111
1102	85.8404	85.8404
1103	85.8404	85.8998
1104	85.8404	85.8575
1105	85.8404	85.8404
1106	85.8404	85.8498
1107	85.8404	85.8404
1108	85.8404	85.8705
1109	85.5213	85.8341
1110	85.5213	86.8151
1111	85.5213	87.2197
1112	85.5213	86.0452
1113	85.5213	86.6867
1114	85.5213	86.2259
1115	85.5213	86.2648
1116	85.5213	85.6921
1117	85.5213	86.7221
1118	85.5213	86.0414
1119	85.5213	85.7458
1120	85.5213	85.9221
1121	85.5213	86.4093
1122	85.5213	86.1392
1123	85.5213	85.5835
1124	85.5213	85.6138
1125	85.5213	86.7102
1126	85.5213	86.346
1127	85.5213	86.855
1128	85.5213	85.5213
1129	85.5213	85.5933
1130	85.5213	86.3786
1131	84.5208	86.4481
1132	84.5208	86.0266
1133	84.5208	86.4868
1134	84.5208	85.7565
1135	84.5208	86.0268
1136	84.5208	85.3915
1137	84.5208	85.0824
1138	84.5208	85.1735
1139	84.5208	84.8008
1140	84.5208	84.7797
1141	84.5208	86.2384
1142	84.5208	86.6701
1143	84.5208	85.3858
1144	84.5208	85.6354
1145	84.5208	84.7069
1146	84.5208	84.5208
1147	84.5208	84.7816
1148	84.5208	84.8401
1149	84.5208	85.9988
1150	84.5208	85.4151
1151	84.5208	85.6774
1152	84.5208	85.3682
1153	84.5208	86.2968
1154	84.5208	85.233
1155	84.5208	85.1048
1156	84.5208	84.907
1157	84.5208	85.6695
1158	84.5208	84.8387
1159	84.5208	84.8097
1160	84.5208	84.7712
1161	84.5208	85.064
1162	84.5208	85.0725
1163	84.5208	85.0754
1164	84.5208	84.6533
1165	84.5208	84.54
1166	84.5208	85.2847
1167	84.5208	86.519
1168	84.5208	86.9044
1169	84.5208	87.4402
1170	84.5208	86.3974
1171	84.5208	84.8894
1172	84.5208	84.7381
1173	84.5208	85.2139
1174	84.5208	85.1414
1175	84.5208	84.9301
1176	84.5208	85.6892
1177	84.5208	84.5297
1178	84.5208	84.5208
1179	84.4915	84.6252
1180	84.4915	85.0959
1181	84.4915	85.2788
1182	84.4915	85.0456
1183	84.4915	86.1185
1184	84.4915	85.6334
1185	84.4915	85.1085
1186	84.4915	85.3613
1187	84.4915	85.1193
1188	84.4915	84.6833
1189	84.4915	85.6517
1190	84.4915	85.7241
1191	84.4915	85.5848
1192	84.4915	85.7122
1193	84.4915	86.5205
1194	84.4915	85.1133
1195	84.4915	84.5645
1196	84.4915	84.8923
1197	84.4915	86.0861
1198	84.4915	85.7578
1199	84.4915	85.3569
1200	84.4915	85.8852
1201	84.4915	87.026
1202	84.4915	86.1986
1203	84.4915	86.4737
1204	84.4915	85.0625
1205	84.4915	86.3168
1206	84.4915	84.5434
1207	84.4915	84.8147
1208	84.4915	86.183
1209	84.4915	86.0316
1210	84.4915	85.6443
1211	84.4915	85.2425
1212	84.4915	85.0601
1213	84.4915	84.6583
1214	84.4915	84.8343
1215	84.4915	85.5835
1216	84.4915	84.7201
1217	84.4915	84.715
1218	84.4915	85.1973
1219	84.4915	84.6943
1220	84.4915	85.7866
1221	84.4915	86.3085
1222	84.4915	85.9738
1223	84.1519	85.8076
1224	84.1519	84.9768
1225	84.1519	84.9157
1226	84.1519	85.5998
1227	84.1519	85.1025
1228	84.1519	85.3891
1229	84.1519	85.3411
1230	84.1519	85.4762
1231	84.1519	85.732
1232	84.1519	85.7602
1233	84.1519	85.0744
1234	84.1519	85.1665
1235	84.1519	84.6163
1236	84.1519	84.1519
1237	84.1519	84.1519
1238	84.1519	84.3531
1239	84.1519	85.244
1240	84.1519	84.5146
1241	84.1519	84.5791
1242	84.1519	84.7586
1243	84.1519	85.1453
1244	84.1519	85.2198
1245	84.1519	84.7954
1246	84.1519	86.936
1247	84.1519	86.7947
1248	84.1519	85.1701
1249	84.1519	84.6346
1250	84.1519	84.2632
1251	84.1519	84.2077
1252	84.1519	84.1632
1253	84.1519	84.1519
1254	84.1519	84.1519
1255	84.1519	84.3633
1256	84.1519	85.4305
1257	84.1519	86.0644
1258	84.1519	86.1896
1259	84.1519	85.5146
1260	84.1519	84.6858
1261	84.1519	85.5953
1262	84.1519	84.7617
1263	84.1519	84.8818
1264	84.1519	85.5817
1265	84.1519	84.3458
1266	84.1519	84.1519
1267	84.1519	84.6859
1268	84.1519	84.854
1269	84.1519	84.1519
1270	84.1519	84.2688
1271	84.1519	84.2182
1272	84.1519	84.7878
1273	84.1519	84.3009
1274	84.1519	84.7758
1275	84.1519	85.6005
1276	84.1519	84.9289
1277	84.1519	84.7606
1278	84.1519	84.7458
1279	84.1519	84.3453
1280	84.1519	85.6153
1281	84.1519	85.1097
1282	84.1519	84.4347
1283	84.1519	86.3706
1284	84.1519	85.4819
1285	84.1519	85.3083
1286	84.1519	84.2657
1287	84.1519	84.1519
1288	84.1519	84.2753
1289	84.1519	84.2492
1290	84.1519	84.666
1291	84.1519	84.732
1292	84.1519	84.1752
1293	84.1519	84.3805
1294	84.1519	84.6448
1295	84.1519	85.2223
1296	84.1519	84.7852
1297	84.1519	84.4646
1298	84.1519	84.9581
1299	84.1519	84.7205
1300	84.1519	84.1519
1301	84.1519	84.4856
1302	84.1519	84.342
1303	84.1519	84.4209
1304	84.1519	84.2599
1305	84.1519	84.2023
1306	83.8554	84.2291
1307	83.8554	84.5924
1308	83.8554	84.7628
1309	83.8554	84.1226
1310	83.8554	84.1091
1311	83.8554	85.9531
1312	83.8554	86.2687
1313	83.8554	84.8554
1314	83.8554	85.1726
1315	83.8554	85.4677
1316	83.8554	85.7041
1317	83.8554	85.6375
1318	83.8554	84.3632
1319	83.8554	84.3823
1320	83.8554	84.5493
1321	83.8554	85.3623
1322	83.8554	85.386
1323	83.8554	86.5476
1324	83.8554	85.6963
1325	83.8554	84.4747
1326	83.8554	84.7132
1327	83.7871	85.8733
1328	83.7871	84.4955
1329	83.7871	84.6964
1330	83.7871	83.9245
1331	83.7871	84.0912
1332	83.7871	83.8339
1333	83.7871	83.7871
1334	83.7871	83.7871
1335	83.7871	83.7871
1336	83.6927	83.7852
1337	83.6927	83.801
1338	83.6927	85.7376
1339	83.6927	87.1823
1340	83.6927	88.381
1341	83.6927	88.9907
1342	83.6927	88.8749
1343	83.6927	85.9982
1344	83.6927	86.1326
1345	83.6927	86.5079
1346	83.63	86.1727
1347	83.63	87.2421
1348	83.63	86.5219
1349	83.1468	87.4357
1350	83.1468	87.9088
1351	83.1468	86.4747
1352	83.1468	85.7926
1353	83.1468	84.7462
1354	83.1468	84.9969
1355	83.1468	84.9794
1356	83.1038	85.0398
1357	83.1038	84.3583
1358	83.1038	84.2099
1359	83.1038	83.7597
1360	83.1038	84.3276
1361	83.1038	84.1891
1362	83.0381	84.5053
1363	83.0381	85.1685
1364	82.9951	85.5754
1365	82.9951	84.5493
1366	82.9951	84.8061
1367	82.9951	84.9428
1368	82.9951	84.8729
1369	82.9747	84.1164
1370	82.9747	83.4048
1371	82.9747	82.9868
1372	82.9747	83.2531
1373	82.9747	83.2018
1374	82.9486	82.9935
1375	82.9486	83.2728
1376	82.9486	83.8846
1377	82.9486	84.5458
1378	82.9486	84.9639
1379	82.9486	83.3692
1380	82.9486	83.8138
1381	82.9486	84.2108
1382	82.9486	83.6171
1383	82.9486	83.7784
1384	82.9486	83.4245
1385	82.9486	85.0301
1386	82.9486	84.0047
1387	82.9486	83.0231
1388	82.9486	82.9486
1389	82.9486	82.9953
1390	82.9344	84.1244
1391	82.9344	82.9975
1392	82.9344	82.9426
1393	82.9344	83.2628
1394	82.9344	82.9378
1395	82.9344	83.7809
1396	82.9344	84.3942
1397	82.9344	84.0602
1398	82.9344	83.5019
1399	82.9344	84.3377
1400	82.9344	83.7515
1401	82.9344	83.1444
1402	82.9344	83.4808
1403	82.9344	84.5508
1404	82.9344	84.0128
1405	82.9344	82.9809
1406	82.9344	83.0381
1407	82.9344	83.0236
1408	82.9344	82.9344
1409	82.9344	82.9467
1410	82.9344	83.3436
1411	82.9344	82.9869
1412	82.9344	83.3727
1413	82.9344	83.0387
1414	82.9344	83.5779
1415	82.9344	83.9435
1416	82.9344	84.1565
1417	82.9344	83.3952
1418	82.9344	83.323
1419	82.9344	83.587
1420	82.9344	85.107
1421	82.9344	83.943
1422	82.9344	85.3832
1423	82.9344	83.8514
1424	82.9344	83.6714
1425	82.9344	83.4588
1426	82.9344	83.537
1427	82.9344	83.0835
1428	82.9344	82.9344
1429	82.9344	82.9476
1430	82.9344	82.9344
1431	82.9344	83.0232
1432	82.9344	82.9817
1433	82.9344	82.9344
1434	82.9344	83.1637
1435	82.9344	83.9368
1436	82.9344	85.0814
1437	82.9344	83.5515
1438	82.9344	83.3742
1439	82.9344	83.9822
1440	82.9344	83.3742
1441	82.9344	84.1714
1442	82.9344	83.0012
1443	82.9344	83.4697
1444	82.9344	83.2612
1445	82.9344	83.0427
1446	82.9344	84.0795
1447	82.9344	83.6472
1448	82.9344	83.6573
1449	82.9344	85.1305
1450	82.5303	83.3962
1451	82.5303	83.3666
1452	82.5303	83.2406
1453	82.2271	83.5971
1454	81.7596	82.8224
1455	81.7596	82.3585
1456	81.7596	82.324
1457	81.7596	83.2579
1458	81.7596	83.0781
1459	81.7596	82.2028
1460	81.7596	81.7596
1461	81.7596	81.7596
1462	81.7596	81.7596
1463	81.7596	82.2
1464	81.7596	82.0202
1465	81.7596	82.3784
1466	81.7596	82.3663
1467	81.7596	81.9041
1468	81.4134	81.8295
1469	81.4134	81.7136
1470	81.4134	81.8329
1471	81.4134	81.5989
1472	81.4134	82.7334
1473	81.4134	83.4005
1474	81.4134	83.0604
1475	81.4134	82.3668
1476	81.4134	83.2514
1477	81.4134	83.8306
1478	81.4134	83.6393
1479	81.4134	83.6385
1480	81.4134	84.464
1481	81.3313	84.8372
1482	81.3313	83.0328
1483	81.3313	83.4937
1484	81.3313	83.7452
1485	81.3313	85.2098
1486	81.3313	84.7363
1487	81.3313	83.6252
1488	81.3313	84.4549
1489	81.3313	81.7828
1490	81.3313	81.461
1491	81.3313	81.4159
1492	81.3313	83.1055
1493	81.3313	83.952
1494	81.3313	83.871
1495	80.4866	83.7923
1496	80.4866	83.2645
1497	80.4866	82.2263
1498	80.4866	81.0582
1499	80.4866	80.9694
1500	80.4866	81.1793
1501	80.1292	80.5358
1502	80.1292	80.4285
1503	80.1292	80.7053
1504	79.5864	80.5679
1505	79.229	80.1446
1506	79.229	79.9646
1507	79.229	79.5377
1508	79.1633	79.9557
1509	79.1633	81.3475
1510	79.1443	80.821
1511	79.1443	81.0086
1512	79.1443	79.6446
1513	79.1443	79.8026
1514	79.1443	79.6758
1515	79.1443	79.6342
1516	79.1443	79.5977
1517	79.1443	79.7821
1518	79.1443	81.9067
1519	79.1443	81.4385
1520	79.1443	80.9036
1521	79.1443	80.3249
1522	79.1443	81.5977
1523	79.1443	81.6455
1524	79.1443	80.7772
1525	79.1443	79.6973
1526	79.1443	82.4444
1527	79.1443	80.2372
1528	79.1443	79.6854
1529	79.1443	79.2182
1530	79.1443	79.656
1531	79.1443	79.7004
1532	79.1443	79.2063
1533	79.1443	79.356
1534	79.1443	81.0874
1535	79.1443	80.9751
1536	79.1443	80.3698
1537	79.1443	80.2666
1538	79.1443	79.4784
1539	79.1443	79.1443
1540	79.1443	79.3563
1541	79.1443	80.004
1542	79.1443	81.1061
1543	79.1443	80.6523
1544	79.1443	79.8353
1545	79.1443	79.6469
1546	79.1443	79.4028
1547	79.1443	80.4073
1548	79.1443	80.8442
1549	79.1443	81.1251
1550	79.1443	79.76
1551	79.1443	79.2612
1552	79.1443	79.7962
1553	79.1443	79.9805
1554	79.1443	79.8398
1555	79.1443	81.0889
1556	79.1443	80.3508
1557	79.1443	80.5248
1558	79.1443	80.521
1559	79.1443	79.9816
1560	79.1443	80.3071
1561	79.1443	79.9783
1562	79.1443	79.9006
1563	79.1443	80.522
1564	79.1443	79.5286
1565	79.1443	79.1937
1566	79.1443	79.154
1567	79.1443	79.1801
1568	79.1443	79.3513
1569	79.1443	79.2601
1570	79.1443	79.1598
1571	79.1443	79.2139
1572	79.1443	79.1732
1573	79.1443	79.2427
1574	79.1443	79.5514
1575	79.1443	79.236
1576	79.1443	79.1443
1577	79.1443	79.1443
1578	79.1443	80.6044
1579	79.1443	79.9435
1580	79.1443	79.2584
1581	79.1443	79.8421
1582	79.1443	79.7601
1583	79.1443	79.5299
1584	79.1443	79.6157
1585	79.1443	79.2268
1586	79.1443	79.6028
1587	79.1443	80.23
1588	79.1443	79.2236
1589	79.1443	79.2462
1590	79.1443	79.5084
1591	79.1443	79.9529
1592	79.1443	80.5174
1593	79.1443	79.7388
1594	79.1443	79.261
1595	79.1443	80.9121
1596	79.1443	81.7119
1597	78.8868	80.9984
1598	78.8868	79.7927
1599	78.8868	82.186
1600	78.8868	82.0715
1601	78.8868	80.6342
1602	78.8868	80.4065
1603	78.8868	79.8706
1604	78.8868	80.2426
1605	78.8868	79.6244
1606	78.8868	79.9578
1607	78.8868	79.8199
1608	78.4298	79.4896
1609	78.4298	79.0753
1610	78.4298	78.7884
1611	78.4298	78.8019
1612	78.4298	78.6538
1613	78.4298	78.5223
1614	78.4298	78.7451
1615	78.4298	78.4847
1616	78.4298	78.5849
1617	78.4298	78.477
1618	78.4298	78.4298
1619	78.4298	78.7915
1620	78.4298	78.9083
1621	78.4298	79.7975
1622	78.4298	80.597
1623	78.4298	79.254
1624	78.4298	78.6522
1625	78.4298	79.0996
1626	78.4298	79.0237
1627	78.4298	79.0195
1628	78.4298	79.4439
1629	78.4298	78.5261
1630	78.4298	79.1369
1631	78.4298	78.5992
1632	78.4298	78.4298
1633	78.4298	78.4298
1634	78.4298	79.4518
1635	78.4298	78.6416
1636	78.4298	78.4298
1637	78.4298	78.4298
1638	78.4298	79.2529
1639	78.4298	79.7215
1640	78.4298	80.6041
1641	78.4298	78.5834
1642	78.4298	79.2521
1643	78.4298	80.2838
1644	78.4298	80.7883
1645	78.4298	79.6915
1646	78.4298	82.1053
1647	78.4298	81.2582
1648	78.1594	81.229
1649	78.1594	81.6425
1650	78.1594	81.9417
1651	78.1594	80.2813
1652	78.1594	81.1999
1653	78.1594	80.8061
1654	78.1594	79.4111
1655	78.1594	79.9796
1656	78.1594	78.6432
1657	78.1594	78.7743
1658	78.1594	78.4945
1659	78.1594	79.0142
1660	78.1594	78.5503
1661	78.1594	78.1759
1662	78.1594	78.2906
1663	78.1594	78.1594
1664	78.1594	78.1594
1665	78.1594	78.2088
1666	78.1594	78.842
1667	78.1594	79.3305
1668	78.1594	78.2781
1669	78.1594	78.1594
1670	78.1594	78.4167
1671	78.1594	78.1594
1672	78.1594	78.1831
1673	78.1594	78.5586
1674	78.1594	79.3435
1675	78.1594	79.2734
1676	78.1594	78.6965
1677	78.1594	78.367
1678	78.1594	78.7375
1679	78.1594	78.37
1680	78.1594	78.6604
1681	78.1594	79.5926
1682	78.1594	78.1594
1683	78.1594	78.1716
1684	78.1594	78.8367
1685	78.1594	79.1141
1686	78.1594	78.6185
1687	78.1594	78.2956
1688	78.1594	78.4225
1689	78.1594	78.5222
1690	78.1594	78.6661
1691	78.1594	80.2911
1692	78.1594	78.82
1693	78.1594	79.0996
1694	78.1594	79.413
1695	78.1594	78.8542
1696	78.1594	79.17
1697	78.1594	78.2508
1698	78.1594	78.808
1699	78.1594	78.2958
1700	78.1594	78.1594
1701	78.1594	78.1594
1702	78.1594	78.1594
1703	78.1594	78.1594
1704	78.1594	78.1594
1705	78.1594	79.3289
1706	78.1594	78.4479
1707	78.1594	78.3219
1708	78.1594	78.1594
1709	78.1594	78.1594
1710	78.1594	79.4484
1711	78.1594	80.1885
1712	78.1594	79.5418
1713	78.1594	78.4887
1714	78.1594	78.946
1715	78.1594	78.5621
1716	78.1594	78.3262
1717	78.1594	78.3413
1718	78.1594	79.2208
1719	78.1594	78.5697
1720	78.1594	79.1979
1721	78.1594	79.448
1722	78.1594	78.7441
1723	78.1594	78.7467
1724	78.1594	78.6338
1725	78.1594	78.7922
1726	78.1594	80.0437
1727	78.1594	78.4861
1728	78.1594	78.1594
1729	78.1594	78.1594
1730	78.1594	78.667
1731	78.1594	78.4213
1732	78.1594	79.0163
1733	78.1594	78.5165
1734	78.1594	79.0121
1735	78.1594	79.5089
1736	78.1594	79.7696
1737	78.1594	78.5423
1738	78.1594	78.6189
1739	78.1594	78.5293
1740	78.1594	78.1764
1741	78.1594	78.22
1742	78.1594	78.9322
1743	78.1594	78.902
1744	78.1594	78.613
1745	78.1594	78.4011
1746	78.1594	78.1594
1747	78.1594	78.1594
1748	78.1594	78.3859
1749	78.1594	78.1594
1750	78.1594	78.1594
1751	78.1594	78.1594
1752	78.1594	78.1645
1753	78.1594	78.4024
1754	78.1594	78.6283
1755	78.1594	79.3169
1756	78.1594	79.843
1757	78.1594	78.3372
1758	78.1594	78.5084
1759	78.1594	79.3025
1760	78.0712	78.6994
1761	78.0712	78.8259
1762	78.0712	78.8517
1763	78.0712	79.2024
1764	77.8497	78.3299
1765	77.8497	79.0435
1766	77.8497	79.9759
1767	77.8497	80.9522
1768	77.8497	81.5719
1769	77.8497	80.8087
1770	77.8497	80.2729
1771	77.8497	79.2355
1772	77.8497	78.1581
1773	77.8497	79.7949
1774	77.8497	79.0938
1775	77.8497	78.7924
1776	77.8497	78.4674
1777	77.8497	78.178
1778	77.8497	78.1206
1779	77.8497	77.9169
1780	77.8497	78.5668
1781	77.8497	80.0938
1782	77.8497	78.9142
1783	77.8497	78.9567
1784	77.8497	78.5166
1785	77.739	78.2418
1786	77.739	78.2843
1787	77.739	78.974
1788	77.739	78.8504
1789	77.739	77.8365
1790	77.739	78.8873
1791	77.739	77.8675
1792	77.739	78.6028
1793	77.739	79.0911
1794	77.739	77.739
1795	77.739	77.739
1796	77.739	77.8944
1797	77.739	78.2458
1798	77.739	79.4325
1799	77.739	78.7557
1800	77.739	79.5808
1801	77.739	79.6443
1802	77.739	79.9895
1803	77.739	78.1871
1804	77.739	78.3528
1805	77.739	78.198
1806	77.739	78.1195
1807	77.739	78.2538
1808	77.739	77.739
1809	77.739	78.3308
1810	77.739	78.9016
1811	77.739	78.3105
1812	77.739	78.8838
1813	77.739	79.5998
1814	77.739	79.6711
1815	77.739	78.7827
1816	77.739	79.2776
1817	77.739	78.7289
1818	77.739	78.1804
1819	77.739	77.739
1820	77.739	77.739
1821	77.739	78.2791
1822	77.739	77.7457
1823	77.739	77.8475
1824	77.739	77.739
1825	77.739	77.8289
1826	77.739	79.0307
1827	77.739	80.5798
1828	77.739	80.5951
1829	77.739	79.9273
1830	77.739	78.2676
1831	77.739	78.1115
1832	77.739	77.78
1833	77.739	77.9897
1834	77.739	78.1431
1835	77.739	77.739
1836	77.739	77.739
1837	77.739	77.739
1838	77.739	77.8533
1839	77.739	78.807
1840	77.739	79.2289
1841	77.739	78.4716
1842	77.739	78.4722
1843	77.739	78.1149
1844	77.739	78.5472
1845	77.739	78.9997
1846	77.739	78.4047
1847	77.739	77.7955
1848	77.739	78.112
1849	77.739	77.8328
1850	77.739	77.9507
1851	77.739	78.7074
1852	77.739	78.9572
1853	77.739	78.8421
1854	77.739	78.4004
1855	77.739	78.4875
1856	77.739	77.962
1857	77.739	77.9797
1858	77.739	79.6158
1859	77.739	79.1001
1860	77.739	79.0765
1861	77.739	77.8784
1862	77.739	78.6049
1863	77.739	78.5772
1864	77.739	78.2978
1865	77.739	78.6341
1866	77.739	78.4482
1867	77.739	78.1134
1868	77.739	77.739
1869	77.739	77.7935
1870	77.739	77.9054
1871	77.739	77.9376
1872	77.739	78.214
1873	77.739	77.9966
1874	77.739	77.8089
1875	77.739	77.8204
1876	77.739	77.739
1877	77.739	77.7628
1878	77.739	78.0759
1879	77.739	78.2564
1880	77.739	78.2574
1881	77.739	78.4738
1882	77.739	78.0803
1883	77.739	77.7714
1884	77.739	77.7706
1885	77.739	78.2516
1886	77.739	78.7337
1887	77.739	78.0287
1888	77.739	78.2706
1889	77.739	78.3539
1890	77.739	79.8177
1891	77.739	79.3182
1892	77.739	77.8513
1893	77.739	78.214
1894	77.739	78.5147
1895	77.739	79.7963
1896	77.739	78.1179
1897	77.739	77.8853
1898	77.739	78.6267
1899	77.739	77.9364
1900	77.739	77.739
1901	77.739	77.739
1902	77.739	78.0247
1903	77.739	78.0056
1904	77.739	77.7508
1905	77.739	77.739
1906	77.739	77.739
1907	77.739	77.8461
1908	77.739	78.0506
1909	77.739	78.2568
1910	77.739	78.7755
1911	77.739	79.5556
1912	77.4987	80.5817
1913	77.4987	79.4255
1914	77.4446	78.8882
1915	77.0683	78.5423
1916	77.0683	78.7246
1917	77.0683	79.1135
1918	77.0683	79.237
1919	77.0683	78.4951
1920	77.0683	77.3453
1921	77.0683	78.4061
1922	77.0683	78.2874
1923	77.0683	78.4008
1924	77.0683	78.0166
1925	77.0683	77.2992
1926	77.0683	77.1737
1927	77.0683	77.2687
1928	77.0683	78.316
1929	77.0683	77.3071
1930	77.0683	77.0683
1931	77.0683	77.0683
1932	77.0683	77.167
1933	77.0683	77.4272
1934	77.0683	77.4562
1935	77.0683	77.9462
1936	77.0683	77.5148
1937	77.0683	77.2472
1938	77.0683	77.8758
1939	77.0683	77.9108
1940	77.0683	78.8859
1941	77.0683	79.6928
1942	77.0683	78.2584
1943	77.0683	80.2228
1944	77.0683	79.9338
1945	77.0683	77.9352
1946	77.0683	78.9421
1947	77.0683	77.2171
1948	77.0683	77.086
1949	77.0683	77.0683
1950	77.0683	77.0683
1951	77.0683	77.3047
1952	77.0683	77.5927
1953	77.0683	78.8119
1954	77.0683	80.0654
1955	77.0683	78.8898
1956	77.0683	78.5952
1957	77.0683	77.8061
1958	77.0683	77.1375
1959	77.0683	77.7711
1960	77.0683	77.1849
1961	77.0683	77.1305
1962	77.0683	77.0683
1963	77.0683	77.1026
1964	77.0683	77.2088
1965	77.0683	77.7675
1966	77.0683	77.3771
1967	77.0683	78.1469
1968	77.0253	77.9886
1969	77.0253	77.5279
1970	77.0253	77.5245
1971	77.0253	77.5579
1972	77.0253	77.4084
1973	77.0253	77.2712
1974	77.0253	77.5899
1975	77.0253	78.1267
1976	77.0253	77.949
1977	77.0253	77.234
1978	76.9038	77.6347
1979	76.9038	78.4515
1980	76.9038	79.4708
1981	76.9038	80.5805
1982	76.9038	82.6001
1983	76.9038	83.3063
1984	76.9038	81.3539
1985	76.9038	80.8541
1986	76.9038	79.297
1987	76.9038	79.1423
1988	76.9038	79.3496
1989	76.9038	78.3732
1990	76.9038	77.929
1991	76.9038	79.0611
1992	76.9038	78.7404
1993	76.9038	77.1895
1994	76.9038	77.695
1995	76.9038	77.6103
1996	76.9038	77.1087
1997	76.9038	79.9754
1998	76.9038	78.242
1999	76.9038	77.177
2000	76.9038	77.2007
2001	76.9038	76.9038
2002	76.9038	76.9038
2003	76.9038	76.9104
2004	76.9038	76.9038
2005	76.9038	76.9038
2006	76.9038	76.9038
2007	76.9038	76.9038
2008	76.9038	76.9113
2009	76.9038	77.2391
2010	76.9038	77.4833
2011	76.9038	77.2405
2012	76.9038	76.9038
2013	76.9038	76.9038
2014	76.9038	77.0678
2015	76.9038	76.9038
2016	76.9038	76.9038
2017	76.9038	76.9372
2018	76.9038	77.229
2019	76.9038	77.4543
2020	76.9038	77.2495
2021	76.9038	77.0855
2022	76.9038	77.2466
2023	76.9038	77.202
2024	76.9038	77.9775
2025	76.9038	77.9169
2026	76.9038	77.122
2027	76.9038	77.9695
2028	76.9038	78.0348
2029	76.9038	77.1923
2030	76.9038	77.7197
2031	76.9038	77.4721
2032	76.9038	77.3871
2033	76.9038	77.1912
2034	76.9038	77.262
2035	76.9038	77.5577
2036	76.9038	77.3802
2037	76.9038	77.152
2038	76.9038	77.2511
2039	76.9038	77.0291
2040	76.9038	77.0124
2041	76.9038	76.9038
2042	76.8584	77.7193
2043	76.8584	77.5515
2044	76.8584	77.213
2045	76.8584	76.9503
2046	76.8584	77.2156
2047	76.8584	77.0309
2048	76.8584	78.053
2049	76.8584	77.789
2050	76.8584	78.2973
2051	76.8584	78.5215
2052	76.8584	77.2873
2053	76.8584	78.699
2054	76.8584	77.7793
2055	76.8584	77.1949
2056	76.8584	77.2795
2057	76.8584	76.8584
2058	76.2801	77.0851
2059	76.2801	76.8736
2060	76.2801	76.6155
2061	76.2801	76.685
2062	76.2801	77.2154
2063	76.2801	77.8568
2064	76.2801	77.356
2065	76.2801	77.3068
2066	76.2801	76.2801
2067	76.2801	77.0703
2068	76.2801	78.1285
2069	76.2801	77.6482
2070	76.2801	77.5898
2071	76.2801	77.3868
2072	76.2801	77.3793
2073	76.2801	76.844
2074	76.2801	76.8455
2075	76.2801	77.0545
2076	76.2801	76.8205
2077	76.2801	77.1563
2078	76.2801	76.6324
2079	76.2801	77.3272
2080	76.2801	78.7646
2081	76.2801	78.4797
2082	76.2801	77.4166
2083	76.2801	76.73
2084	76.2801	78.3178
2085	76.2801	78.635
2086	76.2801	76.8249
2087	76.2801	77.062
2088	76.2801	77.9935
2089	76.2801	77.0399
2090	76.2801	76.4765
2091	76.2801	76.3081
2092	76.2801	76.7912
2093	76.2801	77.0306
2094	76.2801	76.4329
2095	76.2801	76.5103
2096	76.2801	78.9075
2097	76.2801	76.5436
2098	76.2801	76.5578
2099	76.2801	76.698
2100	76.2801	76.3055
2101	76.2801	76.4438
2102	76.2801	77.1113
2103	76.2801	76.4853
2104	76.2801	76.6298
2105	76.2801	78.1863
2106	76.2801	76.7711
2107	76.2801	77.4365
2108	76.2801	76.5048
2109	76.2801	76.9142
2110	76.2801	77.0644
2111	76.2801	76.4966
2112	76.2801	76.8484
2113	76.2801	76.4119
2114	76.2801	76.7767
2115	76.2801	76.7316
2116	76.2801	76.4587
2117	76.2801	76.4707
2118	76.2801	77.2855
2119	76.2801	76.6306
2120	76.2801	76.6725
2121	76.2801	76.4074
2122	76.2801	76.2801
2123	76.2801	76.2801
2124	76.2801	76.7093
2125	76.2801	76.7549
2126	76.2801	76.3116
2127	76.2801	76.3554
2128	76.2801	76.4455
2129	76.2801	76.4873
2130	76.2801	77.3314
2131	76.2801	76.8493
2132	76.2801	77.0636
2133	76.2801	77.2449
2134	76.2801	78.3512
2135	76.2801	79.638
2136	76.2801	79.3925
2137	76.2801	79.0178
2138	76.2801	78.0474
2139	76.2801	76.7376
2140	76.2801	76.605
2141	76.2801	77.0447
2142	76.2801	78.3148
2143	76.2801	78.0743
2144	76.2801	79.5409
2145	76.2801	77.8828
2146	76.2801	77.8898
2147	76.2801	77.1657
2148	76.2801	77.3605
2149	76.2801	76.9356
2150	76.2801	76.4576
2151	76.2801	77.1217
2152	76.2801	76.3184
2153	76.2801	76.2801
2154	76.2801	76.3245
2155	76.2801	76.5787
2156	76.2801	77.0192
2157	76.2801	76.3706
2158	76.2801	76.2801
2159	76.2801	76.3618
2160	76.2801	78.1262
2161	76.2801	78.9893
2162	76.1198	78.3408
2163	76.1198	79.7698
2164	76.1198	79.5226
2165	75.392	79.2562
2166	75.392	78.7621
2167	75.392	80.444
2168	75.392	81.5977
2169	75.392	82.3099
2170	75.392	82.5274
2171	75.392	81.1361
2172	75.392	79.4829
2173	75.392	77.2342
2174	75.392	76.9154
2175	75.392	76.3832
2176	75.392	76.9089
2177	75.392	78.35
2178	75.392	77.8905
2179	75.392	76.3079
2180	75.392	75.6555
2181	75.392	75.865
2182	75.392	76.0554
2183	75.392	76.1211
2184	75.392	77.0875
2185	75.392	75.9269
2186	75.392	75.7548
2187	75.392	76.143
2188	75.392	75.8576
2189	75.392	75.8327
2190	75.392	75.8203
2191	75.392	76.879
2192	75.392	77.8777
2193	75.392	78.0412
2194	75.392	75.6983
2195	75.392	75.392
2196	75.392	75.392
2197	75.392	75.4689
2198	75.392	75.392
2199	75.392	75.6221
2200	75.392	75.8748
2201	75.392	75.671
2202	75.392	76.6642
2203	75.392	76.2693
2204	75.392	77.5455
2205	75.392	76.8019
2206	75.392	77.031
2207	75.392	76.5416
2208	75.392	76.0129
2209	75.392	76.6178
2210	75.392	76.1313
2211	75.392	75.793
2212	75.392	76.0919
2213	75.392	75.6782
2214	75.392	75.5427
2215	75.392	75.6806
2216	75.392	75.6004
2217	75.392	75.466
2218	75.392	75.8725
2219	75.392	75.5454
2220	75.392	76.4632
2221	75.392	77.1622
2222	75.392	76.3202
2223	75.392	77.2036
2224	75.392	75.769
2225	75.392	78.2073
2226	75.392	76.8389
2227	75.392	76.6455
2228	75.392	75.392
2229	75.392	75.5026
2230	75.392	75.6993
2231	75.392	75.818
2232	75.392	76.3071
2233	75.392	75.5287
2234	75.392	75.5475
2235	75.392	76.6251
2236	75.392	76.9784
2237	75.392	76.5449
2238	75.392	77.4603
2239	75.392	76.9207
2240	75.392	76.2801
2241	75.392	75.4246
2242	75.392	76.089
2243	75.392	77.193
2244	75.392	76.7009
2245	75.392	77.9921
2246	75.392	77.7455
2247	75.392	78.8004
2248	75.392	78.3814
2249	75.392	78.0228
2250	75.392	77.7747
2251	75.392	77.4056
2252	75.392	77.0182
2253	75.392	76.7404
2254	75.392	75.56
2255	75.392	75.392
2256	75.392	75.5252
2257	75.392	75.4488
2258	75.392	75.4632
2259	75.392	76.0442
2260	75.392	77.7338
2261	75.392	78.1461
2262	75.392	77.0723
2263	75.392	76.3834
2264	75.392	76.2614
2265	75.392	76.1233
2266	75.392	76.5029
2267	75.392	75.6028
2268	75.392	76.2357
2269	75.392	75.9512
2270	75.392	75.4056
2271	75.392	75.392
2272	75.392	75.392
2273	75.392	75.392
2274	75.392	75.392
2275	75.392	75.5117
2276	75.392	75.7808
2277	75.392	75.7483
2278	75.392	76.0735
2279	75.392	75.6804
2280	75.392	76.5775
2281	75.392	75.8733
2282	75.392	77.8116
2283	75.392	77.0987
2284	75.392	77.5916
2285	75.392	76.382
2286	75.392	77.2512
2287	75.392	77.9072
2288	75.392	78.268
2289	75.392	77.7661
2290	75.392	77.3903
2291	75.392	76.9254
2292	75.392	76.6093
2293	75.392	75.5428
2294	75.392	75.392
2295	75.392	75.4378
2296	75.392	76.0477
2297	75.392	75.4126
2298	75.392	76.4776
2299	75.392	75.9922
2300	75.392	75.9408
2301	75.392	75.4673
2302	75.392	75.771
2303	75.392	75.6107
2304	75.392	75.7404
2305	75.392	75.4146
2306	75.392	75.392
2307	75.392	75.392
2308	75.392	75.9215
2309	75.392	75.7816
2310	75.392	75.5642
2311	75.392	75.8351
2312	75.392	75.4101
2313	75.392	75.392
2314	75.392	75.392
2315	75.392	75.392
2316	75.392	75.392
2317	75.392	75.4047
2318	75.392	75.392
2319	75.392	75.559
2320	75.392	75.6642
2321	75.392	75.7699
2322	75.392	78.1443
2323	75.392	75.9304
2324	75.392	76.2735
2325	75.392	76.1831
2326	75.392	75.5423
2327	75.392	75.5301
2328	75.392	76.306
2329	75.392	75.4864
2330	75.392	75.8554
2331	75.392	75.4704
2332	75.392	75.3978
2333	75.392	75.3978
2334	75.392	75.4803
2335	75.392	75.5218
2336	75.392	75.9502
2337	75.392	75.7828
2338	75.392	76.6735
2339	75.392	75.849
2340	75.392	76.4706
2341	75.392	77.3604
2342	75.392	75.8539
2343	75.392	75.392
2344	75.392	75.6239
2345	75.392	75.392
2346	75.392	75.392
2347	75.392	75.6651
2348	75.392	75.7649
2349	75.392	75.392
2350	75.392	77.4844
2351	75.392	77.4167
2352	75.392	76.0766
2353	75.392	75.9224
2354	75.392	75.392
2355	75.392	75.6067
2356	75.392	75.4443
2357	75.392	75.392
2358	75.392	75.4265
2359	75.392	75.8433
2360	75.392	75.4231
2361	75.392	75.702
2362	75.392	75.392
2363	75.392	75.4545
2364	75.392	75.8036
2365	75.392	76.3645
2366	75.392	76.8573
2367	75.392	76.6069
2368	75.392	75.7565
2369	75.392	76.3508
2370	75.392	77.0902
2371	75.392	76.6369
2372	75.392	76.1915
2373	75.392	76.2743
2374	75.392	75.517
2375	75.392	75.7607
2376	75.392	75.4693
2377	75.392	75.467
2378	75.392	75.392
2379	75.392	75.5679
2380	75.392	75.4993
2381	75.392	75.392
2382	75.392	75.392
2383	75.392	77.6266
2384	75.392	77.3219
2385	75.392	77.3187
2386	75.392	77.236
2387	75.392	76.0966
2388	75.392	75.5206
2389	75.392	76.2013
2390	75.392	75.8065
2391	75.392	75.8206
2392	75.392	75.392
2393	75.392	75.4043
2394	75.392	75.392
2395	75.392	76.7561
2396	75.392	77.101
2397	75.392	76.6618
2398	75.392	76.8501
2399	75.392	76.2233
2400	75.392	75.7259
2401	75.392	75.392
2402	75.392	75.392
2403	75.392	75.4234
2404	75.392	75.392
2405	75.392	75.392
2406	75.392	75.392
2407	75.392	75.4098
2408	75.392	75.8759
2409	75.392	76.7975
2410	75.392	75.5009
2411	75.392	75.924
2412	75.392	76.0927
2413	75.392	75.7309
2414	75.392	75.392
2415	75.392	75.4938
2416	75.392	75.6628
2417	75.392	75.469
2418	75.392	76.1529
2419	75.392	76.7657
2420	75.392	75.8577
2421	75.392	76.6746
2422	75.392	76.022
2423	75.392	76.8446
2424	75.392	76.6779
2425	75.392	76.6719
2426	75.392	76.4405
2427	75.392	76.2547
2428	75.392	76.8875
2429	75.392	77.7726
2430	75.392	77.9346
2431	75.392	77.0296
2432	75.392	75.8773
2433	75.392	76.9548
2434	75.392	76.498
2435	75.392	75.4639
2436	75.392	75.6474
2437	75.392	75.6766
2438	75.392	76.0761
2439	75.392	75.5241
2440	75.392	75.702
2441	75.392	75.8943
2442	75.392	75.7446
2443	75.392	75.4264
2444	75.392	75.8214
2445	75.392	75.4521
2446	75.392	76.0008
2447	75.392	75.4347
2448	75.392	75.392
2449	75.392	75.392
2450	75.392	75.6384
2451	75.392	75.5868
2452	75.392	75.5393
2453	75.392	75.4205
2454	75.392	75.645
2455	75.392	75.4068
2456	75.392	75.7293
2457	75.392	75.392
2458	75.392	75.7793
2459	75.392	75.4907
2460	75.392	75.8393
2461	75.392	75.5296
2462	75.392	75.4832
2463	75.392	76.4232
2464	75.392	76.4145
2465	75.392	75.8131
2466	75.392	76.1357
2467	75.392	75.7635
2468	75.392	75.6098
2469	75.392	75.7327
2470	75.392	75.7863
2471	75.392	76.9218
2472	75.392	77.3545
2473	75.392	76.5221
2474	75.392	75.7851
2475	75.392	75.4914
2476	75.392	75.392
2477	75.392	75.4056
2478	75.392	75.5323
2479	75.392	75.6035
2480	75.392	75.392
2481	75.392	75.5339
2482	75.392	75.6958
2483	75.392	76.4688
2484	75.392	76.4362
2485	75.392	78.1553
2486	75.392	77.3817
2487	75.392	75.6955
2488	75.392	75.4394
2489	75.392	76.094
2490	75.392	76.7276
2491	75.392	76.8462
2492	75.392	76.6696
2493	75.392	76.8405
2494	75.392	78.3046
2495	75.392	75.7485
2496	75.392	75.4472
2497	75.392	75.4228
2498	75.392	75.392
2499	75.392	75.392
2500	75.392	75.5027
2501	75.392	75.3996
2502	75.392	75.4162
2503	75.392	75.392
2504	75.392	76.1029
2505	75.392	76.4251
2506	75.392	76.5678
2507	75.392	77.0315
2508	75.392	77.0664
2509	75.392	76.1411
2510	75.392	75.4728
2511	75.392	75.9006
2512	75.392	75.7418
2513	75.392	75.4806
2514	75.392	75.5343
2515	75.392	75.4596
2516	75.392	75.5729
2517	75.392	75.6869
2518	75.392	78.0871
2519	75.392	77.7777
2520	75.392	76.0926
2521	75.392	75.4876
2522	75.392	75.392
2523	75.392	75.6792
2524	75.392	76.0426
2525	75.392	76.701
2526	75.392	75.7523
2527	75.392	77.5242
2528	75.392	78.0759
2529	75.392	75.7771
2530	75.392	76.4857
2531	75.392	76.8084
2532	75.392	76.2879
2533	75.392	77.959
2534	75.392	77.9689
2535	75.392	77.5516
2536	75.392	76.971
2537	75.392	75.392
2538	75.392	75.9347
2539	75.392	75.9058
2540	75.392	76.3545
2541	75.392	75.392
2542	75.392	75.392
2543	75.392	75.6654
2544	75.392	75.6698
2545	75.392	75.4518
2546	75.392	75.9745
2547	75.392	77.1223
2548	75.392	77.0426
2549	75.392	76.4157
2550	75.392	78.0708
2551	75.392	78.0809
2552	75.392	77.937
2553	75.392	76.3295
2554	75.392	76.3522
2555	75.392	77.6885
2556	75.392	75.8695
2557	75.392	76.3494
2558	75.392	76.9657
2559	75.392	76.9915
2560	75.392	76.1612
2561	75.392	75.6034
2562	75.392	75.8641
2563	75.392	75.7648
2564	75.392	75.499
2565	75.392	75.4796
2566	75.392	76.0489
2567	75.392	75.5421
2568	75.392	75.6366
2569	75.392	75.4119
2570	75.392	75.3935
2571	75.392	75.724
2572	75.392	75.9777
2573	75.392	76.2943
2574	75.392	76.2694
2575	75.392	75.7224
2576	75.392	75.392
2577	75.392	75.392
2578	75.392	75.392
2579	75.392	75.5874
2580	75.392	76.1321
2581	75.392	76.4898
2582	75.392	76.048
2583	75.3357	75.487
2584	75.3357	75.5128
2585	75.3357	75.365
2586	75.3357	75.3459
2587	75.3357	75.3436
2588	75.3357	75.3554
2589	75.3357	75.6364
2590	75.3357	75.6875
2591	75.3357	75.4958
2592	75.3357	76.3454
2593	75.3357	76.0387
2594	75.3357	76.566
2595	75.3357	76.9228
2596	75.3357	75.5212
2597	75.3357	76.0793
2598	75.3357	76.4739
2599	75.3357	78.6278
2600	75.3357	77.5809
2601	75.3357	77.4995
2602	75.3357	76.3078
2603	75.3357	75.4909
2604	75.3357	75.9846
2605	75.3357	75.7022
2606	75.3357	75.3646
2607	75.3357	75.3357
2608	75.3357	75.3357
2609	75.3357	75.544
2610	75.3357	75.5241
2611	75.3357	75.3433
2612	75.3357	76.2742
2613	75.3357	75.8385
2614	75.3357	75.3357
2615	75.3357	75.3357
2616	75.3357	75.3357
2617	75.3357	75.3357
2618	75.3357	75.3357
2619	75.3357	75.4375
2620	75.3357	75.4625
2621	75.3357	75.6186
2622	75.3357	77.3259
2623	75.3357	75.5909
2624	75.3357	75.7925
2625	75.3357	76.2747
2626	75.3357	77.0134
2627	75.3357	75.4608
2628	75.3357	75.3357
2629	75.3357	75.3357
2630	75.3357	76.2711
2631	75.3357	76.4021
2632	75.3357	75.9286
2633	75.3357	76.468
2634	75.3357	75.7038
2635	75.3357	75.369
2636	75.3357	75.7899
2637	75.3357	75.4295
2638	75.3357	75.3357
2639	75.3357	75.3357
2640	75.3357	75.3426
2641	75.3357	75.8465
2642	75.3357	75.9921
2643	75.3357	76.7755
2644	75.3357	77.4016
2645	75.3357	76.0544
2646	75.3357	77.7077
2647	75.3357	77.5179
2648	75.3357	77.5287
2649	75.3357	77.1585
2650	75.3357	76.0285
2651	75.3357	75.9145
2652	75.3357	75.9944
2653	75.3357	75.5971
2654	75.3357	75.4653
2655	75.3357	76.873
2656	75.3357	76.6202
2657	75.3357	75.4174
2658	75.3357	75.6702
2659	75.3357	76.3789
2660	75.3357	75.6583
2661	75.3357	75.6839
2662	75.3357	76.0498
2663	75.3357	75.446
2664	75.3357	75.4104
2665	74.9784	75.9352
2666	74.9784	75.2714
2667	74.9784	75.4476
2668	74.9784	77.6556
2669	74.9784	75.8952
2670	74.9784	75.1119
2671	74.9784	74.9927
2672	74.9784	75.078
2673	74.9784	75.1088
2674	74.9784	76.0377
2675	74.9784	75.2901
2676	74.9784	75.532
2677	74.9784	75.259
2678	74.9784	75.5456
2679	74.9784	75.4383
2680	74.9784	74.9784
2681	74.9784	75.2507
2682	74.9784	77.3529
2683	74.9784	77.0423
2684	74.9784	77.3621
2685	74.9784	76.4718
2686	74.9784	75.887
2687	74.9784	75.9815
2688	74.9784	75.6087
2689	74.9784	75.1301
2690	74.9784	75.5102
2691	74.9784	75.8111
2692	74.9784	74.9967
2693	74.9784	74.9784
2694	74.9784	75.0785
2695	74.9784	75.67
2696	74.9784	76.3253
2697	74.9784	75.4064
2698	74.9784	75.9152
2699	74.9784	75.2927
2700	74.9784	75.4562
2701	74.9784	75.8148
2702	74.9784	75.6084
2703	74.9784	77.476
2704	74.9784	77.1306
2705	74.9784	76.2224
2706	74.9784	75.79
2707	74.9784	74.9784
2708	74.9784	75.6674
2709	74.9784	76.6558
2710	74.9784	75.6035
2711	74.9784	76.4391
2712	74.9784	77.0473
2713	74.9784	75.9034
2714	74.9784	75.4879
2715	74.9784	75.1186
2716	74.9784	75.2369
2717	74.9784	75.0948
2718	74.9784	75.1062
2719	74.9784	76.0434
2720	74.9784	76.8971
2721	74.9784	76.3223
2722	74.9784	75.6049
2723	74.9784	75.4809
2724	74.9784	76.1868
2725	74.9784	75.9673
2726	74.9784	76.3748
2727	74.9784	76.417
2728	74.9784	77.9283
2729	74.9784	75.9773
2730	74.9784	75.1397
2731	74.9784	75.2645
2732	74.9784	74.9911
2733	74.9784	75.0738
2734	74.9784	75.075
2735	74.9784	75.1112
2736	74.9784	75.2764
2737	74.9784	75.0063
2738	74.9784	75.2158
2739	74.9784	75.1311
2740	74.9784	74.985
2741	74.9784	75.0948
2742	74.9784	75.4794
2743	74.9784	75.5609
2744	74.9784	75.5191
2745	74.9784	76.4406
2746	74.9784	76.1832
2747	74.9784	75.8584
2748	74.9784	76.0384
2749	74.9784	75.6486
2750	74.9784	77.4203
2751	74.9784	76.9022
2752	74.9784	77.469
2753	74.9784	75.9737
2754	74.9784	76.5552
2755	74.9784	75.4175
2756	74.9784	75.5224
2757	74.9784	75.8663
2758	74.9784	75.0075
2759	74.9784	75.2614
2760	74.9784	75.0983
2761	74.9784	75.9297
2762	74.9784	75.8624
2763	74.9784	75.7436
2764	74.9784	75.0046
2765	74.9784	75.1062
2766	74.9784	75.1624
2767	74.9784	75.4189
2768	74.9784	76.6392
2769	74.9784	76.0001
2770	74.9784	75.1183
2771	74.9784	75.1387
2772	74.9784	75.0886
2773	74.9784	75.3008
2774	74.9784	75.0082
2775	74.9784	75.7091
2776	74.9784	75.9981
2777	74.9784	76.943
2778	74.9784	76.2006
2779	74.9784	74.9784
2780	74.9784	74.9959
2781	74.9784	74.9784
2782	74.9784	75.0568
2783	74.9784	75.5944
2784	74.9784	75.1043
2785	74.9784	75.463
2786	74.9784	75.7629
2787	74.9784	76.5889
2788	74.9784	75.5539
2789	74.9784	75.4905
2790	74.9784	75.6067
2791	74.9784	76.0477
2792	74.9784	75.2358
2793	74.9784	75.3537
2794	74.9784	75.4474
2795	74.9784	75.2736
2796	74.9784	75.183
2797	74.9784	75.941
2798	74.9784	76.9095
2799	74.9784	75.7629
2800	74.9784	77.51
2801	74.9784	76.4534
2802	74.9784	77.0235
2803	74.9784	76.2841
2804	74.9784	78.638
2805	74.9784	78.4683
2806	74.9784	78.2104
2807	74.9784	76.0233
2808	74.9784	75.5058
2809	74.9784	76.0038
2810	74.9784	76.8613
2811	74.9784	75.9675
2812	74.9784	75.7094
2813	74.9784	74.9784
2814	74.9784	74.9784
2815	74.9784	75.34
2816	74.9784	76.0906
2817	74.9784	75.1156
2818	74.9784	75.3945
2819	74.9784	75.4594
2820	74.9784	74.9784
2821	74.9784	75.0931
2822	74.9784	75.5909
2823	74.9784	76.3884
2824	74.9784	75.8983
2825	74.9784	75.8352
2826	74.9784	75.978
2827	74.9784	75.9436
2828	74.9784	75.1896
2829	74.9784	76.948
2830	74.9784	75.437
2831	74.9784	76.1235
2832	74.9576	75.6806
2833	74.9576	75.0989
2834	74.9576	75.4793
2835	74.9576	75.5
2836	74.9576	75.0854
2837	74.9576	75.6014
2838	74.9576	76.0425
2839	74.9576	75.2181
2840	74.9576	74.9775
2841	74.9576	75.7785
2842	74.9576	74.965
2843	74.9576	74.9654
2844	74.9576	75.0707
2845	74.9576	75.2999
2846	74.4776	75.3957
2847	74.4776	76.0593
2848	74.4776	75.8272
2849	74.4776	75.632
2850	74.4776	76.4449
2851	74.4776	76.1085
2852	74.4776	74.7837
2853	74.4776	74.6931
2854	74.4776	74.5506
2855	74.4776	75.0639
2856	74.4776	75.5698
2857	74.4776	75.9853
2858	74.4776	75.2192
2859	74.4776	74.9354
2860	74.4776	75.3867
2861	74.4776	75.2177
2862	74.4776	74.8555
2863	74.4776	75.8647
2864	74.4776	75.1023
2865	74.4776	75.7463
2866	74.4776	74.8807
2867	74.4776	75.3727
2868	74.4776	75.5222
2869	74.4776	75.308
2870	74.4776	75.7842
2871	74.4776	75.3403
2872	74.4776	75.9513
2873	74.4776	75.4485
2874	74.4776	74.4776
2875	74.4776	74.4776
2876	74.4776	74.5092
2877	74.4776	75.5055
2878	74.4776	75.18
2879	74.4776	74.8535
2880	74.4776	74.6807
2881	74.4776	74.5806
2882	74.4776	74.7923
2883	74.4776	74.7173
2884	74.4776	74.4776
2885	74.4776	75.4912
2886	74.4776	76.8278
2887	74.4776	76.6546
2888	74.4776	75.0071
2889	74.4776	74.4776
2890	74.4776	74.4776
2891	74.4776	75.1767
2892	74.4776	74.7003
2893	74.4776	75.2014
2894	74.4776	75.3859
2895	74.4776	75.5914
2896	74.4776	76.2303
2897	74.4776	76.4953
2898	74.4776	76.0112
2899	74.4776	75.1797
2900	74.4776	74.5392
2901	74.4776	75.0751
2902	74.4776	76.1091
2903	74.4776	74.8838
2904	74.4776	75.0021
2905	74.4776	74.9169
2906	74.4776	74.72
2907	74.4776	74.4931
2908	74.4776	74.8111
2909	74.4776	75.7243
2910	74.4776	76.7879
2911	74.4776	74.9338
2912	74.4776	75.5544
2913	74.4776	76.2028
2914	74.4776	77.6686
2915	74.4776	75.4379
2916	74.4776	75.3799
2917	74.4776	76.6157
2918	74.4776	77.0009
2919	74.4776	75.4023
2920	74.4776	75.0251
2921	74.4776	74.5428
2922	74.4776	74.5715
2923	74.4776	75.5585
2924	74.4776	76.5118
2925	74.4776	75.3991
2926	74.4776	74.9616
2927	74.4776	74.652
2928	74.4776	74.4931
2929	74.4776	75.1223
2930	74.4776	75.3833
2931	74.4776	75.7103
2932	74.4776	75.5501
2933	74.4776	74.4802
2934	74.4776	74.498
2935	74.4776	74.4776
2936	74.4776	74.8285
2937	74.4776	74.9802
2938	74.4776	74.5676
2939	74.4776	74.758
2940	74.4776	74.7655
2941	74.4776	74.8643
2942	74.4776	76.3459
2943	74.4776	77.0118
2944	74.4776	74.841
2945	74.4776	74.4776
2946	74.4776	74.5404
2947	74.4776	74.6043
2948	74.4776	75.001
2949	74.4776	75.1947
2950	74.4776	75.2709
2951	74.4776	75.4891
2952	74.4776	75.0823
2953	74.4776	75.136
2954	74.4776	74.5749
2955	74.4776	75.0889
2956	74.4776	74.7639
2957	74.4776	74.8896
2958	74.4776	75.0145
2959	74.4776	75.0299
2960	74.4776	74.5797
2961	74.4776	74.6978
2962	74.4776	74.7905
2963	74.4776	74.4776
2964	74.4776	74.7594
2965	74.4776	74.4776
2966	74.4776	74.4776
2967	74.4776	74.4776
2968	74.4776	74.6032
2969	74.4776	74.7518
2970	74.4776	75.1543
2971	74.4776	74.8087
2972	74.4776	75.3821
2973	74.4776	75.5425
2974	74.4776	76.9717
2975	74.4776	75.7257
2976	74.4776	75.1136
2977	74.4776	76.5522
2978	74.4776	76.3363
2979	74.4776	75.7399
2980	74.4776	76.6398
2981	74.4776	76.0719
2982	74.4776	75.6576
2983	74.4776	76.9902
2984	74.4776	76.0389
2985	74.4776	75.8805
2986	74.4776	75.1516
2987	74.4776	74.951
2988	74.4776	74.7011
2989	74.4776	75.3164
2990	74.4776	74.7185
2991	74.4776	74.5255
2992	74.4776	74.8527
2993	74.4776	74.5099
2994	74.4776	74.4776
2995	74.4776	74.9191
2996	74.4776	74.9003
2997	74.4776	75.8951
2998	74.4776	76.1199
2999	74.4776	75.3741
3000	74.4776	76.088
3001	74.4776	75.0878
3002	74.4776	74.4776
3003	74.4776	74.5083
3004	74.4776	74.4776
3005	74.4776	74.4776
3006	74.4776	74.9857
3007	74.4776	74.6752
3008	74.4776	75.1135
3009	74.4776	75.0784
3010	74.4776	75.8729
3011	74.4776	74.6248
3012	74.4776	75.3693
3013	74.4776	75.0233
3014	74.4776	75.2121
3015	74.4776	75.3491
3016	74.4776	75.831
3017	74.4776	75.136
3018	74.4776	74.9018
3019	74.4776	74.5887
3020	74.4776	75.3387
3021	74.4776	75.9126
3022	74.4776	75.4265
3023	74.4776	74.6304
3024	74.4776	75.0092
3025	74.4776	75.4697
3026	74.4776	75.7967
3027	74.4776	76.4838
3028	74.4776	74.972
3029	74.4776	74.4776
3030	74.4776	74.4776
3031	74.4776	74.4776
3032	74.4776	74.5392
3033	74.4776	74.7938
3034	74.4776	75.1367
3035	74.4776	75.0115
3036	74.4776	75.011
3037	74.4776	75.697
3038	74.4776	74.6292
3039	74.4776	74.9364
3040	74.4776	74.8378
3041	74.4776	74.9408
3042	74.4776	75.9265
3043	74.4776	74.4776
3044	74.4776	74.4776
3045	74.4776	74.4776
3046	74.4776	74.8735
3047	74.4776	75.3845
3048	74.4776	75.2465
3049	74.4776	74.4959
3050	74.4776	74.4776
3051	74.4776	74.5771
3052	74.4776	74.5431
3053	74.4776	75.2428
3054	74.4776	75.3378
3055	74.4776	74.6719
3056	74.4776	75.0725
3057	74.4776	75.4455
3058	74.4776	75.544
3059	74.4776	74.9007
3060	74.4776	75.2416
3061	74.4776	75.2174
3062	74.4776	74.849
3063	74.4776	75.2305
3064	74.4776	74.9637
3065	74.4776	75.047
3066	74.4776	74.6907
3067	74.4776	74.4776
3068	74.4776	74.4776
3069	74.4776	75.1716
3070	74.4776	74.8031
3071	74.4776	74.5701
3072	74.4776	74.8323
3073	74.4776	74.9382
3074	74.4776	74.527
3075	74.4776	74.4776
3076	74.4776	74.4776
3077	74.4776	74.4938
3078	74.4776	74.5194
3079	74.4776	74.5334
3080	74.4776	74.4776
3081	74.4776	74.5663
3082	74.4776	74.5109
3083	74.4776	74.512
3084	74.4776	74.5996
3085	74.4776	75.2927
3086	74.4776	74.646
3087	74.4776	75.1892
3088	74.4776	74.9949
3089	74.4776	74.8427
3090	74.4776	74.585
3091	74.4776	74.4823
3092	74.4776	74.5853
3093	74.4776	74.482
3094	74.4776	75.0648
3095	74.4776	74.5438
3096	74.4776	74.5621
3097	74.4776	74.8747
3098	74.4776	75.9959
3099	74.4776	76.3771
3100	74.4776	75.4875
3101	74.4776	75.3157
3102	74.4776	75.2022
3103	74.4776	75.2576
3104	74.4776	74.8159
3105	74.4776	75.7103
3106	74.4776	77.8826
3107	74.4776	77.5446
3108	74.4776	75.4886
3109	74.4776	75.1778
3110	74.4776	75.2452
3111	74.4776	75.0217
3112	74.4776	75.102
3113	74.4776	75.2185
3114	74.4776	74.5468
3115	74.4776	74.5206
3116	74.4776	75.1769
3117	74.4776	75.5649
3118	74.4776	74.5106
3119	74.4776	74.7001
3120	74.4776	74.4776
3121	74.4776	75.5154
3122	74.4776	74.5755
3123	74.4776	75.0852
3124	74.4776	74.6158
3125	74.4776	74.4776
3126	74.4776	74.8506
3127	74.4776	75.0112
3128	74.4776	74.4776
3129	74.4776	74.7886
3130	74.4776	74.6199
3131	74.4776	75.0998
3132	74.4776	74.5168
3133	74.4776	74.7058
3134	74.4776	74.5269
3135	74.4776	74.4776
3136	74.4776	74.4776
3137	74.4776	74.7414
3138	74.4776	75.8568
3139	74.4776	75.5237
3140	74.4776	77.0821
3141	74.4776	74.7191
3142	74.4776	74.5953
3143	74.4776	75.5198
3144	74.4776	76.1721
3145	74.4776	75.2037
3146	74.4776	75.6907
3147	74.4776	75.5373
3148	74.4776	75.9614
3149	74.4776	74.586
3150	74.4776	74.6957
3151	74.4776	74.9249
3152	74.4776	74.6942
3153	74.4776	76.6159
3154	74.4776	75.6854
3155	74.4776	76.3347
3156	74.4776	75.7564
3157	74.4776	75.6157
3158	74.4776	75.6802
3159	74.4776	75.6183
3160	74.4776	75.106
3161	74.4776	74.6959
3162	74.4776	74.8968
3163	74.4776	75.3344
3164	74.4776	77.8725
3165	74.4776	75.8481
3166	74.4776	75.7288
3167	74.4776	75.1012
3168	74.4776	74.7627
3169	74.4776	74.9895
3170	74.4776	75.031
3171	74.4776	76.8862
3172	74.4776	77.3806
3173	74.4776	76.3813
3174	74.4776	74.9465
3175	74.4776	75.2338
3176	74.4776	74.6682
3177	74.4776	74.4776
3178	74.4776	74.4776
3179	74.4776	74.4776
3180	74.4776	74.8942
3181	74.4776	74.4776
3182	74.4776	74.7953
3183	74.4776	75.2926
3184	74.4776	76.2578
3185	74.4776	75.4621
3186	74.4776	74.7899
3187	74.4776	74.4776
3188	74.4776	74.8471
3189	74.4776	75.0649
3190	74.4776	74.61
3191	74.4776	75.5054
3192	74.4776	75.2965
3193	74.4776	74.8965
3194	74.4776	76.3959
3195	74.4776	75.9652
3196	74.4776	75.0855
3197	74.4776	74.8273
3198	74.4776	75.479
3199	74.4776	74.4946
3200	74.4776	74.5855
3201	74.4776	74.4776
3202	74.4776	74.4776
3203	74.4776	74.9726
3204	74.4776	74.9412
3205	74.4776	74.9252
3206	74.4776	76.4134
3207	74.4776	75.5679
3208	74.4776	74.8059
3209	74.4776	74.8252
3210	74.4776	74.4776
3211	74.4776	74.5166
3212	74.4776	74.5639
3213	74.4776	74.4776
3214	74.4776	74.6678
3215	74.4776	74.9555
3216	74.4776	75.6443
3217	74.4776	75.1207
3218	74.4776	74.4776
3219	74.4776	74.5334
3220	74.4776	74.4776
3221	74.4776	74.4776
3222	74.4776	74.6217
3223	74.4776	74.5129
3224	74.4776	74.5069
3225	74.4776	74.4776
3226	74.4776	74.5266
3227	74.4776	74.5085
3228	74.4776	74.5437
3229	74.4776	74.4776
3230	74.4776	74.4776
3231	74.4776	74.4776
3232	74.4776	74.4776
3233	74.4776	74.4776
3234	74.4776	74.5315
3235	74.4776	74.4776
3236	74.4776	74.5112
3237	74.4776	74.9776
3238	74.4776	74.4776
3239	74.4776	74.4776
3240	74.4776	74.4776
3241	74.4776	74.5259
3242	74.4776	74.5199
3243	74.4776	74.9022
3244	74.4776	75.271
3245	74.4776	75.325
3246	74.4776	75.3081
3247	74.4776	74.4776
3248	74.4776	74.4776
3249	74.4776	74.4776
3250	74.4776	74.4776
3251	74.4776	74.5948
3252	74.4776	74.4776
3253	74.4776	74.4776
3254	74.4776	74.6638
3255	74.4776	74.4776
3256	74.4776	74.5421
3257	74.4776	75.1274
3258	74.4776	76.0762
3259	74.4776	77.9587
3260	74.4776	76.5887
3261	74.4776	74.8066
3262	74.4776	74.4776
3263	74.4776	74.6663
3264	74.4776	74.977
3265	74.4776	74.8089
3266	74.4776	74.4776
3267	74.4776	74.4776
3268	74.4776	74.4776
3269	74.4776	75.031
3270	74.4776	75.4762
3271	74.4776	75.8055
3272	74.4776	74.782
3273	74.4776	75.1171
3274	74.4776	74.9894
3275	74.4776	75.0769
3276	74.4776	74.6655
3277	74.4776	74.6282
3278	74.4776	74.8154
3279	74.4776	74.8493
3280	74.4776	74.5976
3281	74.4776	74.4776
3282	74.4776	74.4776
3283	74.4776	74.5139
3284	74.4776	75.5662
3285	74.4776	75.56
3286	74.4776	76.2615
3287	74.4776	74.7094
3288	74.4776	74.4776
3289	74.4776	74.9392
3290	74.4776	76.3801
3291	74.4776	75.5858
3292	74.4776	74.7961
3293	74.4776	74.7655
3294	74.4776	74.574
3295	74.4776	74.5961
3296	74.4776	74.9405
3297	74.4776	74.6259
3298	74.4776	74.5016
3299	74.4776	74.5952
3300	74.4776	74.4776
3301	74.4776	74.4776
3302	74.4776	74.4961
3303	74.4776	74.4776
3304	74.4776	74.4776
3305	74.4776	74.5497
3306	74.4776	74.813
3307	74.4776	74.8232
3308	74.4776	75.03
3309	74.4776	76.6268
3310	74.4776	75.3694
3311	74.4776	75.1258
3312	74.4776	74.9171
3313	74.4776	75.0171
3314	74.4776	74.8848
3315	74.4776	75.339
3316	74.4776	75.7452
3317	74.4776	74.7353
3318	74.4776	74.7161
3319	74.4776	74.9534
3320	74.4776	74.4776
3321	74.4776	74.4776
3322	74.4776	74.5008
3323	74.4776	74.4776
3324	74.4776	74.8203
3325	74.4776	75.024
3326	74.4776	75.3701
3327	74.4776	75.2335
3328	74.4776	76.1308
3329	74.4776	75.8395
3330	74.4776	74.5374
3331	74.4776	75.6478
3332	74.4776	75.6276
3333	74.4776	75.3431
3334	74.4776	75.0063
3335	74.4776	75.3657
3336	74.4776	74.4776
3337	74.4776	74.4776
3338	74.4776	74.4776
3339	74.4776	74.4776
3340	74.4776	74.4776
3341	74.4776	74.6209
3342	74.4776	75.1285
3343	74.4776	75.5508
3344	74.4776	77.1393
3345	74.4776	75.5832
3346	74.4776	74.9536
3347	74.4776	76.3473
3348	74.4776	74.9724
3349	74.4776	75.0166
3350	74.4776	76.1848
3351	74.4776	75.7001
3352	74.4776	74.8599
3353	74.4776	74.5047
3354	74.4776	74.4776
3355	74.4776	74.955
3356	74.4776	74.4776
3357	74.4776	74.4776
3358	74.4776	74.4776
3359	74.4776	74.4776
3360	74.4776	74.4776
3361	74.4776	74.4923
3362	74.4776	74.6477
3363	74.4776	74.5411
3364	74.4776	74.5593
3365	74.4776	74.5582
3366	74.4776	74.6117
3367	74.4776	74.4776
3368	74.4776	75.4332
3369	74.4776	75.0761
3370	74.4776	74.61
3371	74.4776	74.4776
3372	74.4776	74.4776
3373	74.4776	74.4978
3374	74.4776	74.5538
3375	74.4776	74.8604
3376	74.4776	75.1705
3377	74.4776	75.3658
3378	74.4776	74.5074
3379	74.4776	75.6208
3380	74.4776	74.8642
3381	74.4776	74.7198
3382	74.4776	75.9906
3383	74.4776	76.2793
3384	74.4776	75.4255
3385	74.4776	75.0101
3386	74.4776	75.7659
3387	74.4776	75.255
3388	74.4776	74.7509
3389	74.4776	76.3306
3390	74.4776	76.8153
3391	74.4776	75.9192
3392	74.4776	75.8858
3393	74.4776	75.4067
3394	74.4776	74.6672
3395	74.4776	75.0757
3396	74.4776	75.0999
3397	74.4776	75.2765
3398	74.4776	74.8712
3399	74.4776	74.6055
3400	74.4776	74.6141
3401	74.4776	75.5003
3402	74.4776	75.6968
3403	74.4776	75.7757
3404	74.4776	75.9385
3405	74.4776	75.6345
3406	74.4776	75.16
3407	74.4776	75.6427
3408	74.4776	74.9192
3409	74.4776	76.0448
3410	74.4776	74.8781
3411	74.4776	75.3989
3412	74.4776	74.8695
3413	74.196	74.472
3414	74.196	74.7385
3415	74.196	75.3989
3416	74.196	76.259
3417	74.196	76.743
3418	74.196	76.1754
3419	74.196	76.6649
3420	74.196	76.92
3421	74.196	75.8135
3422	74.196	74.9087
3423	74.196	75.1721
3424	74.196	75.0218
3425	74.196	75.449
3426	74.196	74.5606
3427	74.196	74.3085
3428	74.196	74.4966
3429	74.196	74.6626
3430	74.196	74.9886
3431	74.196	75.7
3432	74.196	75.8622
3433	74.196	75.8188
3434	74.196	74.6943
3435	74.196	74.3516
3436	74.196	74.2643
3437	74.196	74.196
3438	74.196	74.8738
3439	74.196	74.9215
3440	74.196	75.303
3441	74.196	75.2134
3442	74.196	75.5132
3443	74.196	75.6689
3444	74.196	76.554
3445	74.196	77.8165
3446	74.196	75.7745
3447	74.196	74.7306
3448	74.196	74.5846
3449	74.196	74.433
3450	74.196	74.7136
3451	74.196	75.2134
3452	74.196	74.196
3453	74.196	74.7435
3454	74.196	74.2123
3455	74.196	74.3377
3456	74.196	74.196
3457	74.196	74.196
3458	74.196	74.3987
3459	74.196	74.7201
3460	74.196	74.7368
3461	74.196	74.8617
3462	74.196	74.4204
3463	74.196	74.2087
3464	74.196	74.3034
3465	74.196	74.88
3466	74.196	74.7131
3467	74.196	74.6015
3468	74.196	74.4369
3469	74.196	74.8215
3470	74.196	74.574
3471	74.196	74.3096
3472	74.196	74.196
3473	74.196	74.2746
3474	74.196	74.229
3475	74.196	75.5531
3476	74.196	75.1263
3477	74.196	75.5639
3478	74.196	74.2176
3479	74.196	74.679
3480	74.196	74.376
3481	74.196	74.196
3482	74.196	74.196
3483	74.196	74.196
3484	74.196	74.196
3485	74.196	75.3916
3486	74.196	75.3425
3487	74.196	76.5095
3488	74.196	75.4464
3489	74.196	76.8963
3490	74.196	75.5548
3491	74.196	75.9289
3492	74.196	76.5128
3493	74.196	75.6366
3494	74.196	77.0763
3495	74.196	77.1087
3496	74.196	76.737
3497	74.196	77.0861
3498	74.196	74.4843
3499	74.196	74.2304
3500	74.196	74.196
3501	74.196	74.2633
3502	74.196	74.196
3503	74.196	74.6189
3504	74.196	74.363
3505	74.196	74.9799
3506	74.196	74.7194
3507	74.196	74.9196
3508	74.196	74.3373
3509	74.196	74.2033
3510	74.196	74.3141
3511	74.196	75.8202
3512	74.196	74.722
3513	74.196	74.7312
3514	74.196	74.4393
3515	74.196	74.9946
3516	74.196	74.8281
3517	74.196	74.4159
3518	74.196	74.363
3519	74.196	74.2542
3520	74.196	74.3874
3521	74.196	74.196
3522	74.196	74.309
3523	74.196	74.3963
3524	74.196	74.855
3525	74.196	74.4757
3526	74.196	75.324
3527	74.196	75.7662
3528	74.196	74.7901
3529	74.196	74.6898
3530	74.196	74.251
3531	74.196	74.6891
3532	74.196	75.0557
3533	74.196	74.6179
3534	74.196	74.3896
3535	74.196	74.3153
3536	74.196	74.4955
3537	74.196	74.196
3538	74.196	74.6095
3539	74.196	75.1473
3540	74.196	74.9719
3541	74.196	75.3363
3542	74.196	74.3675
3543	74.196	74.196
3544	74.196	74.196
3545	74.196	74.196
3546	74.196	74.4536
3547	74.196	74.196
3548	74.196	74.6737
3549	74.196	75.2693
3550	74.196	75.163
3551	74.196	74.3317
3552	74.196	74.196
3553	74.196	74.9262
3554	74.196	74.6744
3555	74.196	74.4844
3556	74.196	74.196
3557	74.196	74.263
3558	74.196	74.8601
3559	74.196	74.5423
3560	74.196	74.2237
3561	74.196	74.2817
3562	74.196	74.3194
3563	74.196	75.0459
3564	74.196	74.6037
3565	74.196	74.5117
3566	74.196	74.2162
3567	74.196	74.196
3568	74.196	74.196
3569	74.196	74.273
3570	74.196	74.4502
3571	74.196	74.867
3572	74.196	74.9989
3573	74.196	74.3635
3574	74.196	74.392
3575	74.196	74.8833
3576	74.196	75.4273
3577	74.196	75.4527
3578	74.196	74.6712
3579	74.196	75.2858
3580	74.196	74.7587
3581	74.196	74.9594
3582	74.196	75.4138
3583	74.196	74.9156
3584	74.196	74.8831
3585	74.196	75.0449
3586	74.196	74.196
3587	74.196	74.196
3588	74.196	75.314
3589	74.196	74.8198
3590	74.196	75.1418
3591	74.196	75.0346
3592	74.196	75.4296
3593	74.196	74.6801
3594	74.196	74.196
3595	74.196	74.631
3596	74.196	75.2301
3597	74.196	74.4231
3598	74.196	74.5698
3599	74.196	74.6121
3600	74.196	74.2258
3601	74.196	74.7612
3602	74.196	75.0086
3603	74.196	75.309
3604	74.196	74.196
3605	74.196	74.744
3606	74.196	75.6316
3607	74.196	75.668
3608	74.196	74.3957
3609	74.196	75.4747
3610	74.196	75.3759
3611	74.196	76.1204
3612	74.196	75.4207
3613	74.196	74.5446
3614	74.196	74.4738
3615	74.196	75.0506
3616	74.196	74.8485
3617	74.196	74.642
3618	74.196	74.21
3619	74.196	74.196
3620	74.196	74.196
3621	74.196	74.7108
3622	74.196	74.97
3623	74.196	74.6476
3624	74.196	74.5034
3625	74.196	75.3878
3626	74.196	75.2733
3627	74.196	75.8779
3628	74.196	74.7653
3629	74.196	74.6104
3630	74.196	75.0237
3631	74.196	75.8633
3632	74.196	75.4205
3633	74.196	76.1481
3634	74.196	76.3758
3635	74.196	75.9574
3636	74.196	74.8411
3637	74.196	75.3242
3638	74.196	76.0813
3639	74.196	74.302
3640	74.196	75.0124
3641	74.196	74.7738
3642	74.196	74.2242
3643	74.196	74.2872
3644	74.196	74.7604
3645	74.196	74.7954
3646	74.196	74.6855
3647	74.196	75.2179
3648	74.196	75.1568
3649	74.196	74.6984
3650	74.196	74.3005
3651	74.196	74.3033
3652	74.196	74.5583
3653	74.196	76.3569
3654	74.196	74.389
3655	74.196	74.3961
3656	74.196	74.4955
3657	74.196	74.2712
3658	74.196	75.1756
3659	74.196	74.6043
3660	74.196	74.8222
3661	74.196	75.4399
3662	74.196	74.5966
3663	74.196	74.3148
3664	74.196	74.5607
3665	74.196	75.2131
3666	74.196	74.9736
3667	74.196	75.5312
3668	74.196	74.4731
3669	74.196	76.3397
3670	74.196	75.7915
3671	74.196	74.8686
3672	74.1383	74.5752
3673	74.1383	74.2237
3674	74.1383	74.3766
3675	74.1383	74.2443
3676	74.1383	74.385
3677	74.1383	74.305
3678	74.1383	75.2963
3679	74.1383	75.7811
3680	74.1383	75.4249
3681	74.1383	74.2783
3682	74.1383	74.6133
3683	74.1383	74.1383
3684	74.1383	74.1383
3685	74.1383	74.1383
3686	74.0219	74.329
3687	74.0219	74.2425
3688	74.0219	74.1057
3689	74.0219	74.0778
3690	74.0219	74.1086
3691	74.0219	74.4366
3692	74.0219	75.1368
3693	74.0219	74.8844
3694	74.0219	75.4381
3695	74.0219	74.8471
3696	74.0219	75.3236
3697	74.0219	75.9882
3698	74.0219	75.3595
3699	74.0219	74.3822
3700	74.0219	74.4367
3701	74.0219	74.8584
3702	74.0219	74.2553
3703	74.0219	74.0356
3704	74.0219	74.3721
3705	74.0219	74.9893
3706	74.0219	74.3159
3707	74.0219	74.4018
3708	74.0219	74.3281
3709	74.0219	74.0219
3710	74.0219	74.0219
3711	74.0219	74.0219
3712	74.0219	74.0219
3713	74.0219	74.1994
3714	74.0219	74.0839
3715	74.0219	74.0652
3716	74.0219	74.1089
3717	74.0219	74.0219
3718	74.0219	74.0219
3719	74.0219	74.6891
3720	74.0219	74.4936
3721	74.0219	74.1365
3722	74.0219	74.207
3723	74.0219	74.5779
3724	74.0219	74.6394
3725	74.0219	74.9166
3726	74.0219	74.2638
3727	74.0219	74.0357
3728	74.0219	74.287
3729	74.0219	74.1475
3730	74.0219	74.2472
3731	74.0219	74.1807
3732	74.0219	74.3101
3733	74.0219	74.1139
3734	74.0219	74.1027
3735	74.0219	74.0219
3736	74.0219	74.1415
3737	74.0219	74.0219
3738	74.0219	74.0656
3739	74.0219	74.0656
3740	74.0219	74.9713
3741	74.0219	76.5036
3742	74.0219	74.9445
3743	74.0219	74.8578
3744	74.0219	74.0219
3745	74.0219	74.0219
3746	74.0219	74.0219
3747	74.0219	74.0219
3748	74.0219	74.0219
3749	74.0219	74.0219
3750	74.0219	74.0219
3751	74.0219	74.133
3752	74.0219	74.0835
3753	74.0219	74.039
3754	74.0219	74.0219
3755	74.0219	74.0219
3756	74.0219	74.0685
3757	74.0219	74.0219
3758	74.0219	74.2143
3759	74.0219	74.5006
3760	74.0219	75.0868
3761	74.0219	75.74
3762	74.0219	74.7688
3763	74.0219	74.0355
3764	74.0219	75.4117
3765	74.0219	74.8953
3766	74.0219	74.3813
3767	74.0219	74.8282
3768	74.0219	74.8063
3769	74.0219	74.9358
3770	74.0219	75.4975
3771	74.0219	75.9515
3772	74.0219	75.9874
3773	74.0219	75.4884
3774	74.0219	74.1923
3775	74.0219	74.0754
3776	74.0219	75.0351
3777	74.0219	74.3008
3778	74.0219	74.479
3779	74.0219	74.4159
3780	74.0219	75.7202
3781	74.0219	74.3531
3782	74.0219	74.6124
3783	74.0219	75.0186
3784	74.0219	74.2797
3785	74.0219	74.5552
3786	74.0219	74.7204
3787	74.0219	74.1802
3788	74.0219	75.2554
3789	74.0219	74.7164
3790	74.0219	75.7642
3791	74.0219	74.0219
3792	74.0219	74.2007
3793	74.0219	74.3908
3794	74.0219	74.3661
3795	74.0219	74.4985
3796	74.0219	74.1179
3797	74.0219	74.4405
3798	74.0219	74.6402
3799	74.0219	74.2592
3800	74.0219	74.1899
3801	74.0219	74.3562
3802	74.0219	75.7823
3803	74.0219	76.8419
3804	74.0219	76.0038
3805	74.0219	74.2779
3806	74.0219	74.8503
3807	74.0219	74.1252
3808	74.0219	74.6288
3809	74.0219	74.2762
3810	74.0219	74.0546
3811	74.0219	74.6677
3812	74.0219	75.5683
3813	74.0219	75.2207
3814	74.0219	75.9107
3815	74.0219	75.7186
3816	74.0219	74.7441
3817	74.0219	74.3329
3818	74.0219	74.0525
3819	74.0219	74.0219
3820	74.0219	74.0219
3821	74.0219	74.0219
3822	74.0219	74.0341
3823	74.0219	75.6269
3824	74.0219	75.4602
3825	74.0219	74.5588
3826	74.0219	74.4991
3827	74.0219	74.2718
3828	74.0219	74.3572
3829	74.0219	74.0779
3830	74.0219	76.5017
3831	74.0219	76.1402
3832	74.0219	74.1677
3833	74.0219	74.6457
3834	74.0219	75.6823
3835	74.0219	74.0219
3836	74.0219	75.7006
3837	74.0219	75.7714
3838	74.0219	75.3821
3839	74.0219	74.7087
3840	74.0219	74.1379
3841	74.0219	74.224
3842	74.0219	74.1535
3843	74.0219	74.432
3844	74.0219	74.7487
3845	74.0219	75.3132
3846	74.0219	74.2364
3847	74.0219	74.2093
3848	74.0219	74.334
3849	74.0219	74.5941
3850	74.0219	75.1596
3851	74.0219	74.4294
3852	74.0219	74.8499
3853	74.0219	74.1038
3854	74.0219	74.2439
3855	74.0219	75.5448
3856	74.0219	75.7082
3857	74.0219	74.6836
3858	74.0219	75.8744
3859	74.0219	74.9783
3860	74.0219	75.2769
3861	74.0219	75.9759
3862	74.0219	75.1391
3863	74.0219	74.9353
3864	74.0219	75.2886
3865	74.0219	75.6764
3866	74.0219	75.8006
3867	74.0219	75.0131
3868	74.0219	74.3487
3869	74.0219	75.845
3870	74.0219	76.829
3871	74.0219	75.9375
3872	74.0219	74.4312
3873	74.0219	74.3587
3874	74.0219	74.0355
3875	74.0219	74.8417
3876	74.0219	74.08
3877	74.0219	74.0268
3878	74.0219	74.0219
3879	74.0219	76.6033
3880	74.0219	75.0454
3881	74.0219	74.0219
3882	74.0219	74.5965
3883	74.0219	74.0907
3884	74.0219	74.7356
3885	74.0219	74.0437
3886	74.0219	74.1912
3887	74.0219	74.5653
3888	74.0219	74.6848
3889	74.0219	74.2922
3890	74.0219	74.216
3891	74.0219	74.501
3892	74.0219	75.3606
3893	74.0219	74.5982
3894	74.0219	75.6899
3895	74.0219	74.4239
3896	74.0219	74.1532
3897	74.0219	74.2042
3898	74.0219	74.7216
3899	74.0219	74.7173
3900	74.0219	77.602
3901	74.0219	78.0688
3902	74.0219	78.6662
3903	74.0219	77.9987
3904	74.0219	79.2187
3905	74.0219	80.1745
3906	74.0219	77.3853
3907	74.0219	75.25
3908	74.0219	74.4918
3909	74.0219	76.4132
3910	74.0219	75.5009
3911	74.0219	74.3635
3912	74.0219	74.6901
3913	74.0219	74.1767
3914	74.0219	74.8075
3915	74.0219	74.9804
3916	74.0219	75.4854
3917	74.0219	74.7809
3918	74.0219	74.1775
3919	74.0219	74.0609
3920	74.0219	74.1282
3921	74.0219	74.2033
3922	74.0219	74.0219
3923	74.0219	74.764
3924	74.0219	75.4544
3925	74.0219	76.1834
3926	74.0219	74.0605
3927	74.0219	74.0826
3928	74.0219	74.7103
3929	74.0219	74.5146
3930	74.0219	75.681
3931	74.0219	76.5564
3932	74.0219	75.0622
3933	74.0219	75.114
3934	74.0219	74.0938
3935	74.0219	74.1032
3936	74.0219	74.0659
3937	74.0219	74.8521
3938	74.0219	74.0988
3939	74.0219	74.1874
3940	74.0219	74.0219
3941	74.0219	74.0219
3942	74.0219	74.7735
3943	74.0219	76.1754
3944	74.0219	75.3572
3945	74.0219	74.5648
3946	74.0219	74.8515
3947	74.0219	74.0219
3948	74.0219	74.0219
3949	74.0219	74.4689
3950	74.0219	75.0996
3951	74.0219	75.3041
3952	74.0219	74.4387
3953	74.0219	74.9051
3954	74.0219	74.0219
3955	74.0219	74.3785
3956	74.0219	75.6927
3957	74.0219	77.2287
3958	74.0219	74.6707
3959	74.0219	74.0219
3960	74.0219	74.0219
3961	74.0219	74.2644
3962	74.0219	74.6876
3963	74.0219	76.0434
3964	74.0219	76.5346
3965	74.0219	74.6415
3966	74.0219	74.7756
3967	74.0219	74.0219
3968	74.0219	74.0287
3969	74.0219	74.0219
3970	74.0219	74.0219
3971	74.0219	74.0219
3972	74.0219	74.0219
3973	74.0219	74.0219
3974	74.0219	74.1319
3975	74.0219	74.3
3976	74.0219	74.027
3977	74.0219	74.1187
3978	74.0219	74.2557
3979	74.0219	74.0743
3980	74.0219	74.0219
3981	74.0219	74.0219
3982	74.0219	74.0219
3983	74.0219	74.4201
3984	74.0219	74.11
3985	74.0219	74.0219
3986	74.0219	74.1037
3987	74.0219	74.269
3988	74.0219	74.7504
3989	74.0219	74.0355
3990	74.0219	74.4319
3991	74.0219	74.8281
3992	74.0219	75.1753
3993	74.0219	75.346
3994	74.0219	75.5754
3995	74.0219	75.1179
3996	74.0219	74.5237
3997	74.0219	75.4264
3998	74.0219	75.3278
3999	74.0219	74.5495
4000	74.0219	75.837
4001	74.0219	74.9678
4002	74.0219	74.0577
4003	74.0219	74.142
4004	74.0219	74.0219
4005	74.0219	74.0219
4006	74.0219	74.0219
4007	74.0219	74.0219
4008	74.0219	74.1823
4009	74.0219	75.1964
4010	74.0219	74.6381
4011	74.0219	75.6653
4012	74.0219	76.2058
4013	74.0219	75.5665
4014	74.0219	74.6789
4015	74.0219	74.4455
4016	74.0219	74.1669
4017	74.0219	74.2167
4018	74.0219	74.8826
4019	74.0219	74.1974
4020	74.0219	74.0834
4021	74.0219	74.4235
4022	74.0219	74.0219
4023	74.0219	74.0219
4024	74.0219	74.0219
4025	74.0219	74.026
4026	74.0219	74.4683
4027	74.0219	74.9582
4028	74.0219	74.0595
4029	74.0219	74.894
4030	74.0219	74.6208
4031	74.0219	75.887
4032	74.0219	75.3184
4033	74.0219	74.4693
4034	74.0219	74.3464
4035	74.0219	75.778
4036	74.0219	75.495
4037	74.0219	76.1572
4038	74.0219	74.9047
4039	74.0219	74.0305
4040	74.0219	74.1864
4041	74.0219	74.6826
4042	74.0219	74.5772
4043	74.0219	74.2548
4044	74.0219	74.6583
4045	74.0219	74.9739
4046	74.0219	74.7998
4047	74.0219	75.5083
4048	74.0219	74.8539
4049	74.0219	74.351
4050	74.0219	74.0219
4051	74.0219	74.0684
4052	74.0219	74.0219
4053	74.0219	74.0889
4054	74.0219	74.2948
4055	74.0219	74.7633
4056	74.0219	74.0682
4057	74.0219	75.4
4058	74.0219	75.1383
4059	74.0219	74.5126
4060	74.0219	74.0954
4061	74.0219	74.32
4062	74.0219	75.322
4063	74.0219	74.0219
4064	74.0219	74.0219
4065	74.0219	74.9417
4066	74.0219	74.0284
4067	74.0219	74.8718
4068	74.0219	74.2005
4069	74.0219	74.748
4070	74.0219	75.477
4071	74.0219	75.1239
4072	74.0219	74.3086
4073	74.0219	75.0186
4074	74.0219	75.2041
4075	74.0219	74.5345
4076	74.0219	74.8625
4077	74.0219	74.0219
4078	74.0219	74.0219
4079	74.0219	74.0219
4080	74.0219	74.0219
4081	74.0219	74.0219
4082	74.0219	74.0219
4083	74.0219	74.0219
4084	74.0219	74.0219
4085	74.0219	74.0219
4086	74.0219	74.0219
4087	74.0219	74.054
4088	74.0219	74.0385
4089	74.0219	74.0219
4090	74.0219	74.8662
4091	74.0219	76.2809
4092	74.0219	77.2478
4093	74.0219	74.6311
4094	74.0219	74.0219
4095	74.0219	74.1059
4096	74.0219	74.0396
4097	74.0219	74.0219
4098	74.0219	74.0341
4099	74.0219	74.0219
4100	74.0219	74.0219
4101	74.0219	74.4274
4102	74.0219	74.0219
4103	74.0219	74.0219
4104	74.0219	74.0219
4105	74.0219	74.4688
4106	74.0219	74.4149
4107	74.0219	74.3378
4108	74.0219	74.1932
4109	74.0219	75.4675
4110	74.0219	75.2693
4111	74.0219	75.6931
4112	74.0219	74.4872
4113	74.0219	74.8838
4114	74.0219	75.4552
4115	74.0219	74.6848
4116	74.0219	75.8456
4117	74.0219	77.5353
4118	74.0219	76.0858
4119	74.0219	74.4212
4120	74.0219	75.5261
4121	74.0219	74.961
4122	74.0219	74.6803
4123	74.0219	74.8249
4124	74.0219	76.0501
4125	74.0219	75.1572
4126	74.0219	74.2151
4127	74.0219	74.1861
4128	74.0219	75.1584
4129	74.0219	74.5572
4130	74.0219	74.6084
4131	74.0219	74.5578
4132	74.0219	74.6658
4133	74.0219	75.1148
4134	74.0219	74.5202
4135	74.0219	74.6052
4136	74.0219	76.6843
4137	74.0219	76.5305
4138	74.0219	75.8943
4139	74.0219	76.5056
4140	74.0219	76.2979
4141	74.0219	78.1076
4142	74.0219	75.5268
4143	74.0219	77.3571
4144	74.0219	74.4335
4145	74.0219	74.2902
4146	74.0219	74.0219
4147	74.0219	74.1248
4148	74.0219	75.5394
4149	74.0219	74.503
4150	74.0219	75.1174
4151	74.0219	75.2136
4152	74.0219	74.1896
4153	74.0219	74.567
4154	74.0219	74.2903
4155	74.0219	74.4031
4156	74.0219	74.7613
4157	74.0219	74.1893
4158	74.0219	74.1673
4159	74.0219	74.7911
4160	74.0219	75.7118
4161	74.0219	74.1563
4162	74.0219	74.0943
4163	74.0219	74.1009
4164	74.0219	74.226
4165	74.0219	76.2295
4166	74.0219	75.5098
4167	74.0219	75.0673
4168	74.0219	74.6586
4169	74.0219	75.931
4170	74.0219	75.6943
4171	74.0219	74.6205
4172	74.0219	74.5498
4173	74.0219	75.9367
4174	74.0219	74.4329
4175	74.0219	75.1417
4176	74.0219	75.2744
4177	74.0219	74.0351
4178	74.0219	74.7736
4179	74.0219	74.5179
4180	74.0219	75.908
4181	74.0219	74.7045
4182	74.0219	75.5773
4183	74.0219	76.0518
4184	74.0219	76.8249
4185	74.0219	76.3078
4186	74.0219	75.1945
4187	74.0219	74.0647
4188	74.0219	74.4204
4189	74.0219	74.2047
4190	74.0219	74.5059
4191	74.0219	74.9474
4192	74.0219	74.6876
4193	74.0219	75.2647
4194	74.0219	74.6146
4195	74.0219	75.8427
4196	74.0219	76.278
4197	74.0219	76.7143
4198	74.0219	76.1723
4199	74.0219	76.365
4200	74.0219	77.9188
4201	74.0219	76.2888
4202	74.0219	77.0844
4203	74.0219	78.2039
4204	74.0219	75.7037
4205	74.0219	74.2241
4206	74.0219	74.039
4207	74.0219	74.2512
4208	74.0219	74.0287
4209	74.0219	74.0219
4210	74.0219	74.0219
4211	74.0219	74.0219
4212	74.0219	75.1165
4213	74.0219	74.9395
4214	74.0219	74.0259
4215	74.0219	74.9721
4216	74.0219	75.5566
4217	74.0219	74.6649
4218	74.0219	74.0608
4219	74.0219	74.034
4220	74.0219	74.0259
4221	74.0219	74.0219
4222	74.0219	75.4382
4223	74.0219	75.3618
4224	74.0219	74.3389
4225	74.0219	74.0219
4226	74.0219	74.1564
4227	74.0219	74.5012
4228	74.0219	74.3575
4229	74.0219	74.3876
4230	74.0219	74.2303
4231	74.0219	74.0219
4232	74.0219	74.0219
4233	74.0219	74.0219
4234	74.0219	74.4222
4235	74.0219	74.2715
4236	74.0219	75.3869
4237	74.0219	75.8814
4238	74.0219	75.5324
4239	74.0219	76.464
4240	74.0219	74.1966
4241	74.0219	74.1913
4242	74.0219	74.2064
4243	74.0219	74.1454
4244	74.0219	74.1735
4245	74.0219	74.2612
4246	74.0219	74.3958
4247	74.0219	75.3522
4248	74.0219	75.1372
4249	74.0219	74.8735
4250	74.0219	75.7093
4251	74.0219	74.7024
4252	74.0219	74.3769
4253	74.0219	74.0921
4254	74.0219	74.0219
4255	74.0219	74.0703
4256	74.0219	74.7764
4257	74.0219	74.8972
4258	74.0219	75.1821
4259	74.0219	74.1967
4260	74.0219	76.1983
4261	74.0219	75.4681
4262	74.0219	75.3084
4263	74.0219	75.9627
4264	74.0219	75.1109
4265	74.0219	74.551
4266	74.0219	75.0608
4267	74.0219	74.3599
4268	74.0219	74.0219
4269	74.0219	74.1616
4270	74.0219	74.0219
4271	74.0219	74.6682
4272	74.0219	75.2456
4273	74.0219	74.1703
4274	74.0219	74.0219
4275	74.0219	74.5651
4276	74.0219	75.8559
4277	74.0219	76.0089
4278	74.0219	74.9827
4279	74.0219	75.5513
4280	74.0219	75.3233
4281	74.0219	74.6492
4282	74.0219	74.674
4283	74.0219	74.3717
4284	74.0219	74.0463
4285	73.5396	74.1145
4286	73.5396	74.0061
4287	73.5396	74.0355
4288	73.5396	74.2021
4289	73.5396	73.7494
4290	73.5396	74.5196
4291	73.5396	73.7039
4292	73.5396	73.5686
4293	73.5396	73.6856
4294	73.5396	74.0418
4295	73.5396	73.7977
4296	73.5396	73.7338
4297	73.5396	74.8511
4298	73.5396	74.4318
4299	73.5396	74.4543
4300	73.5396	74.0817
4301	73.5396	73.7336
4302	73.5396	73.5396
4303	73.5396	74.4313
4304	73.5396	75.4292
4305	73.5396	75.7659
4306	73.5396	74.5938
4307	73.5396	73.9118
4308	73.5396	74.9487
4309	73.5396	73.6091
4310	73.5396	73.9912
4311	73.5396	73.762
4312	73.5396	73.5396
4313	73.5396	73.6848
4314	73.5396	73.9309
4315	73.5396	74.3758
4316	73.5396	74.5261
4317	73.5396	73.5396
4318	73.5396	73.5396
4319	73.5396	73.5719
4320	73.5396	73.6028
4321	73.5396	73.5396
4322	73.5396	73.5396
4323	73.5396	73.5396
4324	73.5396	73.5396
4325	73.5396	73.5597
4326	73.5396	74.1307
4327	73.5396	74.12
4328	73.5396	74.425
4329	73.5396	74.179
4330	73.5396	73.5492
4331	73.5396	73.6056
4332	73.5396	73.5651
4333	73.5396	73.5396
4334	73.5396	73.5396
4335	73.5396	73.627
4336	73.5396	73.5396
4337	73.5396	73.5729
4338	73.5396	74.0195
4339	73.5396	73.5396
4340	73.5396	73.9517
4341	73.5396	73.9672
4342	73.5396	73.884
4343	73.5396	75.2514
4344	73.5396	74.7465
4345	73.5396	73.6546
4346	73.5396	73.7383
4347	73.5396	73.6102
4348	73.5396	73.7982
4349	73.5396	73.6884
4350	73.5396	74.0172
4351	73.5396	76.5613
4352	73.5396	77.434
4353	73.5396	75.06
4354	73.5396	74.9169
4355	73.5396	75.7652
4356	73.5396	75.3404
4357	73.5396	74.3718
4358	73.5396	73.9239
4359	73.5396	73.7233
4360	73.5396	74.8421
4361	73.5396	76.0821
4362	73.5396	74.326
4363	73.5396	73.9718
4364	73.5396	75.8401
4365	73.5396	73.9179
4366	73.5396	73.6722
4367	73.5396	74.4498
4368	73.5396	75.2438
4369	73.5396	74.9919
4370	73.5396	73.9609
4371	73.5396	73.5396
4372	73.5396	73.5396
4373	73.5396	73.5396
4374	73.5396	73.5396
4375	73.5396	73.5396
4376	73.5396	73.5396
4377	73.5396	73.5396
4378	73.5396	73.6483
4379	73.5396	74.7058
4380	73.5396	73.8865
4381	73.5396	73.7911
4382	73.5396	73.621
4383	73.5396	76.3183
4384	73.5396	76.7283
4385	73.5396	74.6008
4386	73.5396	74.6757
4387	73.5396	74.1334
4388	73.5396	74.4061
4389	73.5396	73.9412
4390	73.5396	73.9975
4391	73.5396	73.7786
4392	73.5396	74.6326
4393	73.5396	74.1896
4394	73.5396	74.6186
4395	73.5396	75.0546
4396	73.5396	76.5323
4397	73.5396	74.859
4398	73.5396	74.7312
4399	73.5396	74.8676
4400	73.5396	74.3433
4401	73.5396	76.3149
4402	73.5396	73.8874
4403	73.5396	73.5396
4404	73.5396	74.0688
4405	73.5396	74.828
4406	73.5396	75.9958
4407	73.5396	75.0798
4408	73.5396	75.0228
4409	73.5396	73.9509
4410	73.5396	73.7218
4411	73.5396	73.6145
4412	73.5396	73.8296
4413	73.5396	73.7194
4414	73.5396	74.4922
4415	73.5396	74.9429
4416	73.5396	76.8256
4417	73.5396	75.2269
4418	73.5396	74.4408
4419	73.5396	75.4765
4420	73.5396	74.2902
4421	73.5396	74.7963
4422	73.5396	74.4759
4423	73.5396	73.9139
4424	73.5396	73.5523
4425	73.5396	73.6671
4426	73.5396	73.5841
4427	73.5396	74.2025
4428	73.5396	75.5394
4429	73.5396	75.1266
4430	73.5396	74.0368
4431	73.5396	74.3657
4432	73.5396	74.0838
4433	73.5396	73.8501
4434	73.5396	73.964
4435	73.5396	73.5934
4436	73.5396	73.5522
4437	73.5396	73.5396
4438	73.5396	73.5396
4439	73.5396	74.2545
4440	73.5396	74.5285
4441	73.5396	73.9389
4442	73.5396	74.2519
4443	73.5396	73.87
4444	73.5396	73.5396
4445	73.5396	73.5529
4446	73.5396	73.566
4447	73.5396	73.5423
4448	73.5396	73.5529
4449	73.5396	73.6311
4450	73.5396	74.1215
4451	73.5396	74.0513
4452	73.5396	74.4362
4453	73.5396	74.0346
4454	73.5396	74.1176
4455	73.5396	74.3531
4456	73.5396	73.5494
4457	73.5396	73.5396
4458	73.5396	75.2758
4459	73.5396	74.5469
4460	73.5396	74.4606
4461	73.5396	73.8599
4462	73.5396	73.7093
4463	73.5396	74.1255
4464	73.5396	73.6484
4465	73.5396	73.5396
4466	73.5396	73.5633
4467	73.5396	73.7491
4468	73.5396	73.5783
4469	73.5396	74.016
4470	73.5396	73.8047
4471	73.5396	74.6538
4472	73.5396	73.8533
4473	73.5396	73.8401
4474	73.5396	73.568
4475	73.5396	73.7678
4476	73.5396	74.3719
4477	73.5396	73.8756
4478	73.5396	73.7385
4479	73.5396	74.6842
4480	73.5396	74.2967
4481	73.5396	73.5396
4482	73.5396	73.5396
4483	73.5396	73.7972
4484	73.5396	73.5396
4485	73.5396	73.5552
4486	73.5396	74.6052
4487	73.5396	74.0582
4488	73.5396	73.7669
4489	73.5396	74.6152
4490	73.5396	73.6324
4491	73.5396	74.9031
4492	73.5396	73.8612
4493	73.5396	73.9643
4494	73.5396	73.9092
4495	73.5396	74.4396
4496	73.5396	74.3211
4497	73.5396	73.6854
4498	73.5396	75.717
4499	73.5396	74.8666
4500	73.5396	74.4664
4501	73.5396	73.7371
4502	73.5396	73.5396
4503	73.5396	73.5396
4504	73.5396	73.6209
4505	73.5396	73.6945
4506	73.5396	74.1092
4507	73.5396	74.4097
4508	73.5396	73.8248
4509	73.5396	75.4956
4510	73.5396	73.7326
4511	73.5396	74.5126
4512	73.5396	74.902
4513	73.5396	73.6309
4514	73.5396	74.8632
4515	73.5396	76.0297
4516	73.5396	75.2228
4517	73.5396	75.1776
4518	73.5396	73.8456
4519	73.5396	73.8711
4520	73.5396	74.2463
4521	73.5396	73.9446
4522	73.5396	73.7986
4523	73.5396	73.6899
4524	73.5396	73.6073
4525	73.5396	73.746
4526	73.5396	73.6232
4527	73.5396	74.4349
4528	73.5396	74.7646
4529	73.5396	73.6356
4530	73.5396	73.6045
4531	73.5396	73.75
4532	73.5396	74.1104
4533	73.5396	74.6407
4534	73.5396	74.0333
4535	73.5396	73.5396
4536	73.5396	73.9045
4537	73.5396	74.0312
4538	73.5396	75.2799
4539	73.5396	75.7125
4540	73.5396	74.5805
4541	73.5396	73.5396
4542	73.5396	73.6215
4543	73.5396	74.6273
4544	73.5396	75.0373
4545	73.5396	74.4828
4546	73.5396	74.3124
4547	73.5396	73.5714
4548	73.5396	73.5396
4549	73.5396	73.5396
4550	73.5396	73.5396
4551	73.5396	73.5396
4552	73.5396	73.5396
4553	73.5396	73.5396
4554	73.5396	73.5396
4555	73.5396	73.5396
4556	73.5396	73.609
4557	73.5396	73.5396
4558	73.5396	73.9888
4559	73.5396	74.359
4560	73.5396	74.0633
4561	73.5396	74.0579
4562	73.5396	74.1622
4563	73.5396	73.9534
4564	73.5396	73.9065
4565	73.5396	74.5302
4566	73.5396	75.4008
4567	73.5396	73.9979
4568	73.5396	74.7482
4569	73.5396	73.7243
4570	73.5396	74.0802
4571	73.5396	75.8315
4572	73.5396	74.2736
4573	73.5396	74.3725
4574	73.5396	74.6847
4575	73.5396	74.567
4576	73.5396	74.3771
4577	73.5396	76.8386
4578	73.5396	76.9468
4579	73.5396	76.2736
4580	73.5396	75.0627
4581	73.5396	74.3288
4582	73.5396	73.8507
4583	73.5396	74.2228
4584	73.5396	74.6723
4585	73.5396	74.732
4586	73.5396	76.3012
4587	73.5396	75.3875
4588	73.5396	74.5391
4589	73.5396	74.6872
4590	73.5396	73.9895
4591	73.5396	75.2318
4592	73.5396	75.59
4593	73.5396	75.717
4594	73.5396	74.8201
4595	73.5396	74.9415
4596	73.5396	75.1784
4597	73.5396	74.9143
4598	73.5396	73.5746
4599	73.5396	73.6687
4600	73.5396	76.0622
4601	73.5396	75.7342
4602	73.5396	75.7239
4603	73.5396	75.9731
4604	73.5396	74.7382
4605	73.5396	74.8084
4606	73.5396	75.7373
4607	73.5396	75.2209
4608	73.5396	74.6722
4609	73.5396	73.9215
4610	73.5396	74.8598
4611	73.5396	73.7407
4612	73.5396	73.6121
4613	73.5396	73.6492
4614	73.5396	73.5912
4615	73.5396	73.7692
4616	73.5396	73.6357
4617	73.5396	73.5396
4618	73.5396	73.5408
4619	73.5396	73.5408
4620	73.5396	73.5396
4621	73.5396	73.8333
4622	73.5396	73.5567
4623	73.5396	73.9047
4624	73.5396	74.4932
4625	73.5396	73.8276
4626	73.5396	73.5396
4627	73.5396	74.0813
4628	73.5396	74.5213
4629	73.5396	74.5854
4630	73.5396	75.5413
4631	73.5396	75.6241
4632	73.5396	75.1847
4633	73.5396	74.143
4634	73.5396	75.3967
4635	73.5396	74.3801
4636	73.5396	73.658
4637	73.5396	74.9329
4638	73.5396	74.7438
4639	73.5396	74.2583
4640	73.5396	73.8753
4641	73.5396	73.9371
4642	73.5396	73.6841
4643	73.5396	73.6791
4644	73.5396	73.7993
4645	73.5396	73.5396
4646	73.5396	73.7576
4647	73.5396	74.1878
4648	73.5396	73.8814
4649	73.5396	73.969
4650	73.5396	73.5396
4651	73.5396	73.5396
4652	73.5396	74.7565
4653	73.5396	74.618
4654	73.5396	73.5396
4655	73.5396	73.7102
4656	73.5396	73.8774
4657	73.5396	73.5552
4658	73.5396	73.7123
4659	73.5396	73.9153
4660	73.5396	74.4741
4661	73.5396	74.6962
4662	73.5396	75.3435
4663	73.5396	74.9904
4664	73.5396	74.1452
4665	73.5396	73.9296
4666	73.5396	74.8783
4667	73.5396	74.4265
4668	73.5396	73.5396
4669	73.5396	73.7102
4670	73.5396	73.9961
4671	73.5396	73.6803
4672	73.5396	75.0061
4673	73.5396	73.5396
4674	73.5396	73.5396
4675	73.5396	74.0263
4676	73.5396	73.5396
4677	73.5396	73.5396
4678	73.5396	73.7811
4679	73.5396	73.7309
4680	73.5396	73.7368
4681	73.5396	73.6933
4682	73.5396	74.0116
4683	73.5396	74.797
4684	73.5396	73.7393
4685	73.5396	73.6715
4686	73.5396	73.7796
4687	73.5396	74.4322
4688	73.5396	73.84
4689	73.5396	74.2772
4690	73.5396	75.101
4691	73.5396	73.6596
4692	73.5396	73.5396
4693	73.5396	73.5396
4694	73.5396	73.6597
4695	73.5396	74.2318
4696	73.5396	74.321
4697	73.5396	73.7282
4698	73.5396	73.5396
4699	73.5396	73.6635
4700	73.5396	74.1369
4701	73.5396	73.8812
4702	73.5396	74.0317
4703	73.5396	74.0752
4704	73.5396	74.5359
4705	73.5396	73.9258
4706	73.5396	73.8544
4707	73.5396	73.8401
4708	73.5396	74.346
4709	73.5396	74.0105
4710	73.5396	74.9107
4711	73.5396	75.8856
4712	73.5396	76.152
4713	73.5396	75.2498
4714	73.5396	75.6451
4715	73.5396	74.9025
4716	73.5396	74.3509
4717	73.5396	74.7045
4718	73.5396	76.4978
4719	73.5396	74.6261
4720	73.5396	73.5396
4721	73.5396	74.2438
4722	73.5396	74.617
4723	73.5396	74.6725
4724	73.5396	76.4242
4725	73.5396	76.0593
4726	73.5396	76.8302
4727	73.5396	77.4162
4728	73.5396	76.5872
4729	73.5396	74.5643
4730	73.5396	74.073
4731	73.5396	73.8726
4732	73.5396	73.6322
4733	73.5396	73.5396
4734	73.5396	73.8131
4735	73.5396	73.9658
4736	73.5396	74.8987
4737	73.5396	75.6072
4738	73.5396	74.3158
4739	73.5396	75.1035
4740	73.5396	76.3116
4741	73.5396	74.7808
4742	73.5396	74.5348
4743	73.5396	74.8195
4744	73.5396	75.5992
4745	73.5396	75.5118
4746	73.5396	73.9464
4747	73.5396	73.5396
4748	73.5396	74.1362
4749	73.5396	74.6013
4750	73.5396	74.9977
4751	73.5396	75.068
4752	73.5396	74.8254
4753	73.5396	74.3856
4754	73.5396	74.5612
4755	73.5396	74.1721
4756	73.5396	74.0315
4757	73.5396	74.6693
4758	73.5396	74.3251
4759	73.5396	73.6192
4760	73.5396	73.5396
4761	73.5396	73.8513
4762	73.5396	74.0697
4763	73.5396	74.0404
4764	73.5396	74.52
4765	73.5396	73.9284
4766	73.5396	73.7091
4767	73.5396	74.1441
4768	73.5396	73.5396
4769	73.5396	73.7686
4770	73.5396	73.6509
4771	73.5396	73.6452
4772	73.5396	73.8954
4773	73.5396	73.6151
4774	73.5396	74.428
4775	73.5396	73.7099
4776	73.5396	74.3116
4777	73.5396	73.57
4778	73.5396	73.5396
4779	73.5396	73.5396
4780	73.5396	74.0042
4781	73.5396	73.9552
4782	73.5396	73.6943
4783	73.5396	73.553
4784	73.5396	74.0287
4785	73.5396	74.1098
4786	73.5396	73.9942
4787	73.5396	75.7941
4788	73.5396	74.9064
4789	73.5396	74.2349
4790	73.5396	75.6635
4791	73.5396	74.1905
4792	73.5396	73.9843
4793	73.5396	73.7441
4794	73.5396	75.2985
4795	73.5396	75.1591
4796	73.5396	74.9898
4797	73.5396	75.9967
4798	73.5396	75.5177
4799	73.5396	74.2773
4800	73.5396	73.9289
4801	73.5396	73.5396
4802	73.5396	73.7388
4803	73.5396	73.5538
4804	73.5396	74.017
4805	73.5396	74.8443
4806	73.5396	74.4287
4807	73.5396	74.4876
4808	73.5396	73.8941
4809	73.5396	74.6054
4810	73.5396	73.621
4811	73.5396	74.1346
4812	73.5396	74.2631
4813	73.5396	73.5396
4814	73.5396	73.7205
4815	73.5396	74.5891
4816	73.5396	73.809
4817	73.5396	73.7783
4818	73.5396	73.606
4819	73.5396	73.5396
4820	73.5396	73.8312
4821	73.5396	73.6281
4822	73.5396	74.0615
4823	73.5396	74.0139
4824	73.5396	73.8536
4825	73.5396	74.5422
4826	73.5396	75.0559
4827	73.5396	74.3664
4828	73.5396	73.553
4829	73.5396	73.6615
4830	73.5396	73.6187
4831	73.5396	73.9568
4832	73.5396	73.6198
4833	73.5396	73.701
4834	73.5396	73.8595
4835	73.5396	73.8461
4836	73.5396	74.1472
4837	73.5396	74.3298
4838	73.5396	73.97
4839	73.5396	74.2958
4840	73.5396	74.5243
4841	73.5396	73.9591
4842	73.5396	73.6177
4843	73.5396	74.4462
4844	73.5396	74.7392
4845	73.5396	73.9424
4846	73.5396	74.0541
4847	73.5396	74.643
4848	73.5396	74.5607
4849	73.5396	75.7481
4850	73.5396	74.0718
4851	73.5396	74.0937
4852	73.5396	75.4089
4853	73.5396	75.6446
4854	73.5396	75.4226
4855	73.5396	75.1942
4856	73.5396	74.472
4857	73.5396	73.9418
4858	73.5396	73.5883
4859	73.5396	73.8902
4860	73.5396	76.2419
4861	73.5396	74.6247
4862	73.5396	74.3127
4863	73.5396	74.4199
4864	73.5396	73.5396
4865	73.5396	73.5396
4866	73.5396	73.5987
4867	73.5396	73.6928
4868	73.5396	74.7238
4869	73.5396	74.5123
4870	73.5396	75.0207
4871	73.5396	74.4775
4872	73.5396	74.2248
4873	73.5396	75.1414
4874	73.5396	75.1811
4875	73.5396	74.8047
4876	73.5396	73.6219
4877	73.5396	73.5396
4878	73.5396	73.7635
4879	73.5396	73.5396
4880	73.5396	74.0765
4881	73.5396	75.5121
4882	73.5396	73.8758
4883	73.5396	74.1507
4884	73.5396	74.0529
4885	73.5396	74.0805
4886	73.5396	73.6718
4887	73.5396	74.2207
4888	73.5396	74.3935
4889	73.5396	74.3063
4890	73.5396	74.0905
4891	73.5396	75.2312
4892	73.5396	73.6142
4893	73.5396	74.0264
4894	73.5396	74.097
4895	73.5396	75.2736
4896	73.5396	75.4563
4897	73.5396	75.6772
4898	73.5396	77.0917
4899	73.5396	75.8087
4900	73.5396	75.4681
4901	73.5396	74.1838
4902	73.5396	74.3976
4903	73.5396	74.556
4904	73.5396	73.9319
4905	73.5396	74.0638
4906	73.5396	73.828
4907	73.5396	75.0842
4908	73.5396	74.1905
4909	73.5396	73.5962
4910	73.5396	73.5396
4911	73.5396	73.7061
4912	73.5396	73.8831
4913	73.5396	73.8888
4914	73.5396	73.8536
4915	73.5396	73.8947
4916	73.5396	73.5396
4917	73.5396	74.4524
4918	73.5396	73.7724
4919	73.5396	73.9395
4920	73.5396	73.5396
4921	73.5396	73.5396
4922	73.5396	73.9049
4923	73.5396	74.2654
4924	73.5396	74.0927
4925	73.5396	73.7889
4926	73.5396	73.7889
4927	73.5396	74.2451
4928	73.5396	75.1638
4929	73.5396	75.4142
4930	73.5396	75.8538
4931	73.5396	75.7625
4932	73.5396	77.7481
4933	73.5396	77.5846
4934	73.5396	75.2437
4935	73.5396	76.4729
4936	73.5396	74.2188
4937	73.5396	73.5396
4938	73.5396	73.7723
4939	73.5396	73.5674
4940	73.5396	73.7496
4941	73.5396	74.0365
4942	73.5396	73.755
4943	73.5396	74.0021
4944	73.5396	74.827
4945	73.5396	74.965
4946	73.5396	75.1635
4947	73.5396	73.5727
4948	73.5396	73.7646
4949	73.5396	74.1726
4950	73.5396	74.2725
4951	73.5396	73.6578
4952	73.5396	74.0895
4953	73.5396	74.851
4954	73.5396	75.0276
4955	73.5396	73.946
4956	73.5396	74.2327
4957	73.5396	74.6085
4958	73.5396	74.767
4959	73.5396	73.5396
4960	73.5396	73.5715
4961	73.5396	73.7677
4962	73.5396	73.9153
4963	73.5396	75.7739
4964	73.5396	74.097
4965	73.5396	73.6237
4966	73.5396	73.5396
4967	73.5396	73.989
4968	73.5396	73.6366
4969	73.5396	73.5396
4970	73.5396	74.1504
4971	73.5396	73.5396
4972	73.5396	73.5396
4973	73.5396	73.6955
4974	73.5396	73.7166
4975	73.5396	74.3676
4976	73.5396	74.6267
4977	73.5396	76.6097
4978	73.5396	74.3328
4979	73.5396	74.6211
4980	73.5396	75.3304
4981	73.5396	74.7081
4982	73.5396	74.565
4983	73.5396	74.1885
4984	73.5396	74.4756
4985	73.5396	74.3335
4986	73.5396	73.6042
4987	73.5396	73.5396
4988	73.5396	73.5396
4989	73.5396	73.8596
4990	73.5396	74.5167
4991	73.5396	74.3774
4992	73.5396	74.0451
4993	73.5396	74.5381
4994	73.5396	74.4515
4995	73.5396	75.4863
4996	73.5396	76.1621
4997	73.5396	75.0892
4998	73.5396	75.3394
4999	73.5396	74.7999
5000	73.5396	74.3904
5001	73.5396	74.1182
5002	73.5396	74.2616
5003	73.5396	74.8704
5004	73.5396	76.082
5005	73.5396	74.5755
5006	73.5396	74.281
5007	73.5396	73.5751
5008	73.5396	73.661
5009	73.5396	74.3522
5010	73.5396	73.6407
5011	73.5396	73.6433
5012	73.5396	73.5919
5013	73.5396	73.5567
5014	73.5396	73.9323
5015	73.5396	74.0458
5016	73.5396	74.1846
5017	73.5396	74.4877
5018	73.5396	74.8508
5019	73.5396	76.1281
5020	73.5396	77.1598
5021	73.5396	74.9308
5022	73.5396	74.2134
5023	73.5396	74.2718
5024	73.5396	73.9929
5025	73.5396	74.6924
5026	73.5396	74.3512
5027	73.5396	75.3876
5028	73.5396	77.0011
5029	73.5396	75.7586
5030	73.5396	75.5608
5031	73.5396	74.7329
5032	73.5396	73.7977
5033	73.5396	74.0484
5034	73.5396	73.5396
5035	73.5396	73.6279
5036	73.5396	75.3772
5037	73.5396	75.1572
5038	73.5396	75.7601
5039	73.5396	75.0368
5040	73.5396	75.5064
5041	73.5396	74.2598
5042	73.5396	74.5445
5043	73.5396	73.9959
5044	73.5396	74.1497
5045	73.5396	73.6159
5046	73.5396	73.5396
5047	73.5396	73.5396
5048	73.5396	74.3095
5049	73.5396	73.7665
5050	73.5396	73.6699
5051	73.5396	73.5396
5052	73.5396	73.5396
5053	73.5396	73.5396
5054	73.5396	74.0546
5055	73.5396	73.9709
5056	73.5396	73.6784
5057	73.5396	73.7767
5058	73.5396	73.5774
5059	73.5396	73.5474
5060	73.5396	73.7901
5061	73.5396	74.0237
5062	73.5396	73.9532
5063	73.5396	74.124
5064	73.5396	74.177
5065	73.5396	73.772
5066	73.5396	75.1493
5067	73.5396	75.6864
5068	73.5396	73.8855
5069	73.5396	74.0114
5070	73.5396	73.8852
5071	73.5396	74.4439
5072	73.5396	75.3192
5073	73.5396	76.4667
5074	73.5396	76.372
5075	73.5396	75.6471
5076	73.5396	77.1187
5077	73.5396	76.2305
5078	73.5396	73.6962
5079	73.5396	75.0088
5080	73.5396	75.6542
5081	73.5396	74.8536
5082	73.5396	74.3935
5083	73.5396	74.8041
5084	73.5396	74.6437
5085	73.5396	74.0743
5086	73.5396	75.2387
5087	73.5396	74.5737
5088	73.5396	74.2339
5089	73.5396	75.4118
5090	73.5396	74.1704
5091	73.5396	74.0106
5092	73.5396	73.8287
5093	73.5396	74.1135
5094	73.5396	74.2062
5095	73.5396	73.9228
5096	73.5396	74.9155
5097	73.5396	74.1302
5098	73.5396	74.3232
5099	73.5396	73.7679
5100	73.5396	73.5483
5101	73.5396	73.5693
5102	73.5396	75.1342
5103	73.5396	75.0543
5104	73.5396	74.3823
5105	73.5396	74.0128
5106	73.5396	74.0226
5107	73.5396	73.5396
5108	73.5396	73.5396
5109	73.5396	73.5396
5110	73.5396	73.5396
5111	73.5396	73.5396
5112	73.5396	73.6942
5113	73.5396	73.5621
5114	73.5396	74.6882
5115	73.5396	73.9036
5116	73.5396	74.5539
5117	73.5396	74.2777
5118	73.5396	74.049
5119	73.5396	73.791
5120	73.5396	74.81
5121	73.5396	74.7326
5122	73.5396	73.5883
5123	73.5396	74.0686
5124	73.5396	74.2328
5125	73.5396	74.7638
5126	73.5396	74.5293
5127	73.5396	74.2068
5128	73.5396	74.8311
5129	73.5396	73.8883
5130	73.5396	74.0366
5131	73.5396	73.7749
5132	73.5396	76.213
5133	73.5396	76.9574
5134	73.5396	75.8402
5135	73.5396	74.0828
5136	73.5396	75.422
5137	73.5396	75.5903
5138	73.5396	75.1217
5139	73.5396	74.7216
5140	73.5396	74.05
5141	73.5396	74.677
5142	73.5396	75.1169
5143	73.5396	75.2167
5144	73.5396	74.73
5145	73.5396	75.793
5146	73.5396	74.3306
5147	73.5396	74.2973
5148	73.5396	75.0375
5149	73.5396	75.0256
5150	73.5396	74.0818
5151	73.5396	73.5917
5152	73.5396	73.8493
5153	73.5396	74.2191
5154	73.5396	74.6439
5155	73.5396	73.7652
5156	73.5396	73.5648
5157	73.5396	74.1833
5158	73.5396	74.0157
5159	73.5396	73.6501
5160	73.5396	74.9834
5161	73.5396	74.2036
5162	73.5396	74.1835
5163	73.5396	74.5008
5164	73.5396	73.5513
5165	73.5396	73.6153
5166	73.5396	73.5523
5167	73.5396	73.9642
5168	73.5396	74.5904
5169	73.5396	74.5131
5170	73.5396	74.0803
5171	73.5396	75.2859
5172	73.5396	74.4959
5173	73.5396	74.7798
5174	73.5396	74.001
5175	73.5396	74.1998
5176	73.5396	73.6076
5177	73.5396	73.5396
5178	73.5396	74.001
5179	73.5396	74.8378
5180	73.5396	74.1603
5181	73.5396	74.317
5182	73.5396	75.1111
5183	73.5396	73.5396
5184	73.5396	73.99
5185	73.5396	73.927
5186	73.5396	74.2551
5187	73.5396	73.759
5188	73.5396	73.6117
5189	73.5396	74.0751
5190	73.5396	73.8094
5191	73.5396	73.5396
5192	73.5396	73.5845
5193	73.5396	73.5396
5194	73.5396	73.5396
5195	73.5396	73.814
5196	73.5396	74.8343
5197	73.5396	74.1504
5198	73.5396	73.9434
5199	73.5396	75.4287
5200	73.5396	73.7197
5201	73.5396	73.7759
5202	73.5396	73.6275
5203	73.5396	73.843
5204	73.5396	73.6006
5205	73.5396	73.8681
5206	73.5396	73.5652
5207	73.5396	76.0405
5208	73.5396	77.3143
5209	73.5396	75.2789
5210	73.5396	75.1886
5211	73.5396	74.024
5212	73.5396	74.3012
5213	73.5396	73.9728
5214	73.5396	73.9882
5215	73.5396	73.6408
5216	73.5396	74.4246
5217	73.5396	77.4544
5218	73.5396	78.2522
5219	73.5396	76.5503
5220	73.5396	74.6933
5221	73.5396	74.0621
5222	73.5396	73.5396
5223	73.5396	73.5396
5224	73.5396	73.5396
5225	73.5396	73.6331
5226	73.5396	73.6505
5227	73.5396	73.6883
5228	73.5396	74.0376
5229	73.5396	73.5396
5230	73.5396	73.5396
5231	73.5396	73.5396
5232	73.5396	73.6143
5233	73.5396	73.5396
5234	73.5396	73.5396
5235	73.5396	73.8123
5236	73.5396	75.0423
5237	73.5396	74.9673
5238	73.5396	74.1873
5239	73.5396	74.6784
5240	73.5396	75.4833
5241	73.5396	77.6131
5242	73.5396	75.4185
5243	73.5396	75.1602
5244	73.5396	75.1028
5245	73.5396	75.5487
5246	73.5396	75.7787
5247	73.5396	73.8126
5248	73.5396	74.3986
5249	73.5396	74.0006
5250	73.5396	75.0106
5251	73.5396	74.5614
5252	73.5396	74.0953
5253	73.5396	73.7836
5254	73.5396	73.8533
5255	73.5396	73.7538
5256	73.5396	73.5396
5257	73.5396	73.5943
5258	73.5396	73.7909
5259	73.5396	73.7962
5260	73.5396	74.3635
5261	73.5396	74.5347
5262	73.5396	73.7421
5263	73.5396	74.0012
5264	73.5396	73.89
5265	73.5396	74.0063
5266	73.5396	73.9511
5267	73.5396	73.5396
5268	73.5396	73.5676
5269	73.5396	73.5396
5270	73.5396	73.5396
5271	73.5396	73.5396
5272	73.5396	73.7741
5273	73.5396	74.9091
5274	73.5396	74.3007
5275	73.5396	73.9346
5276	73.5396	74.09
5277	73.5396	73.8471
5278	73.5396	74.8136
5279	73.5396	75.8312
5280	73.5396	74.0459
5281	73.5396	73.569
5282	73.5396	73.5601
5283	73.5396	73.8523
5284	73.5396	74.0393
5285	73.5396	73.7976
5286	73.5396	73.7968
5287	73.5396	73.5749
5288	73.5396	73.8143
5289	73.5396	74.3729
5290	73.5396	74.6266
5291	73.5396	73.9111
5292	73.5396	73.7898
5293	73.5396	73.6614
5294	73.5396	73.7523
5295	73.5396	74.7033
5296	73.5396	76.4919
5297	73.5396	75.5236
5298	73.5396	74.7139
5299	73.5396	73.9267
5300	73.5396	73.6212
5301	73.5396	74.273
5302	73.5396	73.5396
5303	73.5396	73.5396
5304	73.5396	73.5916
5305	73.5396	73.6713
5306	73.5396	73.5396
5307	73.5396	74.0952
5308	73.5396	73.9759
5309	73.5396	73.5574
5310	73.5396	73.6286
5311	73.5396	74.053
5312	73.5396	74.1786
5313	73.5396	75.1425
5314	73.5396	74.5112
5315	73.5396	75.4203
5316	73.5396	74.4616
5317	73.5396	73.9902
5318	73.5396	74.8762
5319	73.5396	73.7751
5320	73.5396	74.1009
5321	73.5396	73.9622
5322	73.5396	73.6195
5323	73.5396	73.6448
5324	73.5396	73.6916
5325	73.5396	73.9995
5326	73.5396	73.9637
5327	73.5396	73.6467
5328	73.5396	73.7061
5329	73.5396	74.3496
5330	73.5396	75.5133
5331	73.5396	75.6637
5332	73.5396	76.2739
5333	73.5396	75.9166
5334	73.5396	74.3206
5335	73.5396	75.7352
5336	73.5396	74.8755
5337	73.5396	74.641
5338	73.5396	74.1474
5339	73.5396	74.0663
5340	73.5396	73.6383
5341	73.5396	74.6317
5342	73.5396	74.1302
5343	73.5396	73.8568
5344	73.5396	73.588
5345	73.5396	73.8153
5346	73.5396	73.8113
5347	73.5396	74.1403
5348	73.5396	73.7336
5349	73.5396	74.1681
5350	73.5396	73.5396
5351	73.5396	75.2989
5352	73.5396	75.2875
5353	73.5396	75.6131
5354	73.5396	75.0227
5355	73.5396	73.8167
5356	73.5396	73.5396
5357	73.5396	73.6083
5358	73.5396	73.5396
5359	73.5396	73.7223
5360	73.5396	73.5396
5361	73.5396	73.5396
5362	73.5396	73.5598
5363	73.5396	73.5396
5364	73.5396	74.4199
5365	73.5396	74.8076
5366	73.5396	74.9244
5367	73.5396	73.914
5368	73.5396	73.5396
5369	73.5396	73.5534
5370	73.5396	73.5665
5371	73.5396	73.8607
5372	73.5396	73.5396
5373	73.5396	74.3583
5374	73.5396	74.1634
5375	73.5396	73.6752
5376	73.5396	73.709
5377	73.5396	73.7428
5378	73.5396	74.0185
5379	73.5396	73.5651
5380	73.5396	73.9331
5381	73.5396	75.2195
5382	73.5396	74.7226
5383	73.5396	74.0774
5384	73.5396	74.2831
5385	73.5396	73.8485
5386	73.5396	74.9073
5387	73.5396	74.3249
5388	73.5396	74.6329
5389	73.5396	74.1907
5390	73.5396	74.0959
5391	73.5396	73.8224
5392	73.5396	73.9994
5393	73.5396	74.009
5394	73.5396	75.1666
5395	73.5396	73.9037
5396	73.5396	73.6276
5397	73.5396	73.8653
5398	73.5396	73.6732
5399	73.5396	74.185
5400	73.5396	74.633
5401	73.5396	75.3899
5402	73.5396	76.6159
5403	73.5396	75.4318
5404	73.5396	77.1655
5405	73.5396	78.2896
5406	73.5396	76.3846
5407	73.5396	76.2897
5408	73.5396	75.1047
5409	73.5396	74.5865
5410	73.5396	74.8745
5411	73.5396	74.2408
5412	73.5396	73.7744
5413	73.5396	73.6889
5414	73.5396	73.8545
5415	73.5396	73.7693
5416	73.5396	74.24
5417	73.5396	74.1201
5418	73.5396	73.6488
5419	73.5396	73.6389
5420	73.5396	73.8841
5421	73.5396	74.9527
5422	73.5396	74.1483
5423	73.5396	75.8394
5424	73.5396	76.7598
5425	73.5396	76.6481
5426	73.5396	76.7885
5427	73.5396	74.4195
5428	73.5396	73.9945
5429	73.5396	73.9981
5430	73.5396	74.3179
5431	73.5396	75.0082
5432	73.5396	74.8109
5433	73.5396	75.4186
5434	73.5396	75.1405
5435	73.5396	75.1718
5436	73.5396	74.6611
5437	73.5396	73.9362
5438	73.5396	74.9738
5439	73.5396	74.8757
5440	73.5396	74.9776
5441	73.5396	73.6326
5442	73.5396	74.8171
5443	73.5396	75.3712
5444	73.5396	75.6465
5445	73.5396	77.261
5446	73.5396	76.1357
5447	73.5396	75.7003
5448	73.5396	73.9683
5449	73.5396	73.9824
5450	73.5396	73.5396
5451	73.5396	73.6554
5452	73.5396	74.7106
5453	73.5396	74.1563
5454	73.5396	75.4141
5455	73.5396	74.9469
5456	73.5396	75.3334
5457	73.5396	73.9904
5458	73.5396	73.7636
5459	73.5396	73.5396
5460	73.5396	74.054
5461	73.5396	73.7988
5462	73.5396	73.8855
5463	73.5396	75.3669
5464	73.5396	74.3783
5465	73.5396	74.1258
5466	73.5396	74.6223
5467	73.5396	73.7696
5468	73.5396	73.577
5469	73.5396	74.1744
5470	73.5396	74.297
5471	73.5396	73.8568
5472	73.5396	73.7775
5473	73.5396	73.6065
5474	73.5396	73.5686
5475	73.5396	73.787
5476	73.5396	74.1636
5477	73.5396	73.8341
5478	73.5396	73.9753
5479	73.5396	74.3214
5480	73.5396	74.3922
5481	73.5396	75.8971
5482	73.5396	74.1947
5483	73.5396	73.9403
5484	73.5396	74.0013
5485	73.5396	74.2606
5486	73.5396	74.5056
5487	73.5396	73.6997
5488	73.5396	74.362
5489	73.5396	73.5396
5490	73.5396	73.7002
5491	73.5396	74.1159
5492	73.5396	73.5396
5493	73.5396	74.4025
5494	73.5396	75.4809
5495	73.5396	76.6052
5496	73.5396	76.1017
5497	73.5396	74.3334
5498	73.5396	73.8569
5499	73.5396	73.8577
5500	73.5396	73.9392
5501	73.5396	73.6482
5502	73.5396	73.599
5503	73.5396	74.1112
5504	73.5396	73.8404
5505	73.5396	74.3412
5506	73.5396	73.8642
5507	73.5396	73.5396
5508	73.5396	73.664
5509	73.5396	73.923
5510	73.5396	74.0333
5511	73.5396	73.588
5512	73.5396	73.5866
5513	73.5396	73.5396
5514	73.5396	74.4001
5515	73.5396	73.9544
5516	73.5396	73.8311
5517	73.5396	76.4967
5518	73.5396	74.2343
5519	73.5396	74.0102
5520	73.5396	73.7388
5521	73.5396	73.8419
5522	73.5396	73.5396
5523	73.5396	73.5396
5524	73.5396	73.5396
5525	73.5396	73.5396
5526	73.5396	73.5463
5527	73.5396	73.8425
5528	73.5396	74.7297
5529	73.5396	75.1678
5530	73.5396	73.5501
5531	73.5396	73.6005
5532	73.5396	73.9292
5533	73.5396	74.0086
5534	73.5396	74.4331
5535	73.5396	73.8447
5536	73.5396	74.2647
5537	73.5396	73.5978
5538	73.5396	73.7898
5539	73.5396	74.0995
5540	73.5396	74.339
5541	73.5396	74.2658
5542	73.5396	73.5396
5543	73.5396	73.7462
5544	73.5396	74.0338
5545	73.5396	74.0603
5546	73.5396	73.6841
5547	73.5396	73.5668
5548	73.5396	73.5789
5549	73.5396	73.6704
5550	73.5396	73.67
5551	73.5396	73.7586
5552	73.5396	73.705
5553	73.5396	73.5396
5554	73.5396	74.9136
5555	73.5396	73.734
5556	73.5396	74.5291
5557	73.5396	73.5396
5558	73.5396	73.8192
5559	73.5396	73.7222
5560	73.5396	73.8749
5561	73.5396	73.7741
5562	73.5396	74.0497
5563	73.5396	74.7242
5564	73.5396	73.9169
5565	73.5396	73.6318
5566	73.5396	73.5778
5567	73.5396	73.6204
5568	73.5396	73.6701
5569	73.5396	73.6766
5570	73.5396	74.1951
5571	73.5396	75.3078
5572	73.5396	74.4695
5573	73.5396	74.083
5574	73.5396	73.7309
5575	73.5396	73.5396
5576	73.5396	73.7345
5577	73.5396	73.6377
5578	73.5396	74.213
5579	73.5396	74.3223
5580	73.5396	73.5396
5581	73.5396	75.0595
5582	73.5396	74.4193
5583	73.5396	74.4537
5584	73.5396	73.5396
5585	73.5396	73.8852
5586	73.5396	73.9743
5587	73.5396	75.4693
5588	73.5396	74.9242
5589	73.5396	75.212
5590	73.5396	74.9331
5591	73.5396	75.3172
5592	73.5396	75.9726
5593	73.5396	76.0718
5594	73.5396	75.7891
5595	73.5396	75.7416
5596	73.5396	76.2324
5597	73.5396	78.0126
5598	73.5396	75.7767
5599	73.5396	76.3747
5600	73.5396	73.7361
5601	73.5396	74.0008
5602	73.5396	73.9316
5603	73.5396	74.8268
5604	73.5396	75.5848
5605	73.5396	75.5013
5606	73.5396	73.5396
5607	73.5396	73.9016
5608	73.5396	74.1008
5609	73.5396	74.8586
5610	73.5396	74.8047
5611	73.5396	75.09
5612	73.5396	73.6702
5613	73.5396	74.6466
5614	73.5396	73.6369
5615	73.5396	74.3429
5616	73.5396	74.2501
5617	73.5396	73.7544
5618	73.5396	73.9877
5619	73.5396	74.1392
5620	73.5396	73.9848
5621	73.5396	73.6384
5622	73.5396	73.5513
5623	73.5396	75.2537
5624	73.5396	75.0413
5625	73.5396	75.205
5626	73.5396	75.0452
5627	73.5396	74.6175
5628	73.5396	73.8319
5629	73.5396	74.1003
5630	73.5396	73.664
5631	73.5396	73.5396
5632	73.5396	74.4353
5633	73.5396	74.3255
5634	73.5396	75.3227
5635	73.5396	74.991
5636	73.5396	75.4178
5637	73.5396	77.7104
5638	73.5396	78.9516
5639	73.5396	75.8488
5640	73.5396	75.1949
5641	73.5396	74.5782
5642	73.5396	73.5396
5643	73.5396	74.3858
5644	73.5396	74.803
5645	73.5396	75.1087
5646	73.5396	74.6637
5647	73.5396	74.5638
5648	73.5396	75.527
5649	73.5396	75.4107
5650	73.5396	74.0327
5651	73.5396	73.9438
5652	73.5396	74.113
5653	73.5396	73.5706
5654	73.5396	73.6189
5655	73.5396	73.5396
5656	73.5396	73.5396
5657	73.5396	73.5396
5658	73.5396	73.5555
5659	73.5396	73.5886
5660	73.5396	74.1491
5661	73.5396	74.035
5662	73.5396	74.3306
5663	73.5396	73.9414
5664	73.5396	73.5993
5665	73.5396	73.7236
5666	73.5396	74.4355
5667	73.5396	74.041
5668	73.5396	73.5656
5669	73.5396	73.5396
5670	73.5396	73.5396
5671	73.5396	73.5797
5672	73.5396	74.0987
5673	73.5396	73.5591
5674	73.5396	73.6247
5675	73.5396	74.4857
5676	73.5396	73.6026
5677	73.5396	75.0805
5678	73.5396	73.882
5679	73.5396	73.6089
5680	73.5396	73.5931
5681	73.5396	73.5496
5682	73.5396	73.5988
5683	73.5396	73.5396
5684	73.5396	73.5832
5685	73.5396	74.209
5686	73.5396	74.5796
5687	73.5396	74.3119
5688	73.5396	73.7965
5689	73.5396	73.5396
5690	73.5396	73.9007
5691	73.5396	73.6323
5692	73.5396	74.8617
5693	73.5396	73.8203
5694	73.5396	74.6872
5695	73.5396	74.3541
5696	73.5396	74.3621
5697	73.5396	74.0937
5698	73.5396	73.8543
5699	73.5396	73.5984
5700	73.5396	74.0396
5701	73.5396	76.1722
5702	73.5396	76.493
5703	73.5396	76.5558
5704	73.5396	75.4256
5705	73.5396	74.9945
5706	73.5396	74.2124
5707	73.5396	76.128
5708	73.5396	76.1323
5709	73.5396	76.4498
5710	73.5396	75.6824
5711	73.5396	74.8311
5712	73.5396	75.0875
5713	73.5396	74.3386
5714	73.5396	75.0689
5715	73.5396	74.2394
5716	73.5396	74.2689
5717	73.5396	73.7944
5718	73.5396	73.7177
5719	73.5396	73.6405
5720	73.5396	73.5907
5721	73.5396	74.041
5722	73.5396	73.8782
5723	73.5396	74.312
5724	73.5396	75.4391
5725	73.5396	74.789
5726	73.5396	75.1787
5727	73.5396	74.6362
5728	73.5396	73.8765
5729	73.5396	74.8786
5730	73.5396	74.5141
5731	73.5396	73.5396
5732	73.5396	73.6117
5733	73.5396	73.5552
5734	73.5396	73.5396
5735	73.5396	73.5396
5736	73.5396	73.8504
5737	73.5396	73.8168
5738	73.5396	73.9907
5739	73.5396	74.8494
5740	73.5396	75.5115
5741	73.5396	74.6412
5742	73.5396	73.935
5743	73.5396	73.5396
5744	73.5396	73.6375
5745	73.5396	73.7198
5746	73.5396	74.7676
5747	73.5396	75.2874
5748	73.5396	74.7308
5749	73.5396	74.274
5750	73.5396	73.9192
5751	73.5396	73.5396
5752	73.5396	73.8624
5753	73.5396	75.2447
5754	73.5396	78.6517
5755	73.5396	78.4491
5756	73.5396	76.3803
5757	73.5396	74.9302
5758	73.5396	73.667
5759	73.5396	74.2819
5760	73.5396	74.3496
5761	73.5396	73.763
5762	73.5396	73.5436
5763	73.5396	73.8127
5764	73.5396	73.5681
5765	73.5396	74.391
5766	73.5396	73.8069
5767	73.5396	73.7698
5768	73.5396	75.2129
5769	73.5396	74.7635
5770	73.5396	74.6408
5771	73.5396	75.0517
5772	73.5396	74.5624
5773	73.5396	75.0002
5774	73.5396	74.3664
5775	73.5396	74.3904
5776	73.5396	74.4584
5777	73.5396	73.5869
5778	73.5396	73.5396
5779	73.5396	73.5548
5780	73.5396	74.3252
5781	73.5396	75.2776
5782	73.5396	74.9745
5783	73.5396	74.0771
5784	73.5396	73.5562
5785	73.5396	74.0779
5786	73.5396	74.3242
5787	73.5396	73.6693
5788	73.5396	73.9096
5789	73.5396	74.4513
5790	73.5396	74.3687
5791	73.5396	73.8694
5792	73.5396	73.8825
5793	73.5396	74.4341
5794	73.5396	73.5518
5795	73.5396	73.6386
5796	73.5396	73.5396
5797	73.5396	73.5396
5798	73.5396	73.5396
5799	73.5396	73.8033
5800	73.5396	73.6289
5801	73.5396	74.2745
5802	73.5396	73.9038
5803	73.5396	73.5396
5804	73.5396	73.5396
5805	73.5396	73.6682
5806	73.5396	73.8021
5807	73.5396	73.5789
5808	73.5396	74.0995
5809	73.5396	73.5396
5810	73.5396	73.5396
5811	73.5396	73.6763
5812	73.5396	73.666
5813	73.5396	73.8161
5814	73.5396	73.6414
5815	73.5396	73.5983
5816	73.5396	73.5396
5817	73.5396	73.6622
5818	73.5396	74.9272
5819	73.5396	74.8552
5820	73.5396	74.3722
5821	73.5396	73.9969
5822	73.5396	74.6876
5823	73.5396	76.1422
5824	73.5396	76.5922
5825	73.5396	78.6877
5826	73.5396	74.4392
5827	73.5396	73.8735
5828	73.5396	75.6937
5829	73.5396	74.4659
5830	73.5396	73.8281
5831	73.5396	73.9084
5832	73.5396	73.5396
5833	73.5396	73.5396
5834	73.5396	74.9157
5835	73.5396	74.7489
5836	73.5396	74.4805
5837	73.5396	75.7042
5838	73.5396	75.7951
5839	73.5396	76.5889
5840	73.5396	74.8057
5841	73.5396	75.5501
5842	73.5396	75.5285
5843	73.5396	74.5096
5844	73.5396	73.8813
5845	73.5396	73.9218
5846	73.5396	73.7297
5847	73.5396	73.7541
5848	73.5396	74.33
5849	73.5396	73.6317
5850	73.5396	74.1289
5851	73.5396	73.6453
5852	73.5396	73.5396
5853	73.5396	73.6195
5854	73.5396	73.8474
5855	73.5396	74.6085
5856	73.5396	75.0249
5857	73.5396	76.2862
5858	73.5396	76.7406
5859	73.5396	75.3963
5860	73.5396	74.9174
5861	73.5396	75.7181
5862	73.5396	74.2006
5863	73.5396	74.5004
5864	73.5396	74.6536
5865	73.5396	73.7307
5866	73.5396	74.1964
5867	73.5396	74.931
5868	73.5396	75.1867
5869	73.5396	74.0457
5870	73.5396	74.4206
5871	73.5396	73.6273
5872	73.5396	73.5396
5873	73.5396	74.006
5874	73.5396	73.7866
5875	73.5396	75.4593
5876	73.5396	74.7233
5877	73.5396	74.4238
5878	73.5396	73.6133
5879	73.5396	73.5396
5880	73.5396	73.5396
5881	73.5396	73.8766
5882	73.5396	73.6997
5883	73.5396	74.1037
5884	73.5396	73.8331
5885	73.5396	75.3045
5886	73.5396	75.1764
5887	73.5396	74.1727
5888	73.5396	74.1307
5889	73.5396	74.2612
5890	73.5396	74.973
5891	73.5396	75.1318
5892	73.5396	74.9775
5893	73.5396	74.1517
5894	73.5396	74.5237
5895	73.5396	73.8969
5896	73.5396	73.9503
5897	73.5396	73.5396
5898	73.5396	73.5396
5899	73.5396	73.7864
5900	73.5396	73.8719
5901	73.5396	73.5396
5902	73.5396	73.5777
5903	73.5396	74.1572
5904	73.5396	74.7607
5905	73.5396	75.2188
5906	73.5396	74.1691
5907	73.5396	75.9147
5908	73.5396	73.8453
5909	73.5396	73.5396
5910	73.5396	73.5396
5911	73.5396	73.8492
5912	73.5396	75.5031
5913	73.5396	75.2762
5914	73.5396	74.669
5915	73.5396	74.0995
5916	73.5396	73.8285
5917	73.5396	73.6572
5918	73.5396	73.6073
5919	73.5396	73.5396
5920	73.5396	73.5396
5921	73.5396	73.8082
5922	73.5396	74.2895
5923	73.5396	73.5752
5924	73.5396	74.0422
5925	73.5396	73.5396
5926	73.5396	75.1348
5927	73.5396	75.0087
5928	73.5396	75.8517
5929	73.5396	75.5358
5930	73.5396	75.1355
5931	73.5396	75.8493
5932	73.5396	75.1716
5933	73.5396	74.052
5934	73.5396	74.2736
5935	73.5396	74.2884
5936	73.5396	74.492
5937	73.5396	76.7837
5938	73.5396	75.507
5939	73.5396	74.6049
5940	73.5396	75.3423
5941	73.5396	75.5814
5942	73.5396	74.3278
5943	73.5396	73.6624
5944	73.5396	74.171
5945	73.5396	74.6635
5946	73.5396	74.1818
5947	73.5396	73.7681
5948	73.5396	73.6515
5949	73.5396	74.6858
5950	73.5396	74.5648
5951	73.5396	74.7867
5952	73.5396	74.2295
5953	73.5396	75.1973
5954	73.5396	74.2969
5955	73.5396	73.8742
5956	73.5396	74.2424
5957	73.5396	73.5512
5958	73.5396	73.5396
5959	73.5396	73.799
5960	73.5396	75.3677
5961	73.5396	74.0666
5962	73.5396	74.365
5963	73.5396	73.6548
5964	73.5396	74.8961
5965	73.5396	74.3515
5966	73.5396	75.3413
5967	73.5396	74.3373
5968	73.5396	73.7346
5969	73.5396	73.6932
5970	73.5396	74.0163
5971	73.5396	73.6334
5972	73.5396	73.6544
5973	73.5396	73.9248
5974	73.5396	73.7019
5975	73.5396	73.8045
5976	73.5396	74.2251
5977	73.5396	75.2685
5978	73.5396	74.7947
5979	73.5396	73.555
5980	73.5396	73.6871
5981	73.5396	74.1075
5982	73.5396	75.0849
5983	73.5396	77.0929
5984	73.5396	74.8226
5985	73.5396	74.0705
5986	73.5396	74.3706
5987	73.5396	73.9469
5988	73.5396	73.7748
5989	73.5396	73.8378
5990	73.5396	73.5396
5991	73.5396	73.5746
5992	73.5396	73.604
5993	73.5396	73.629
5994	73.5396	74.6638
5995	73.5396	74.4165
5996	73.5396	74.4267
5997	73.5396	74.2984
5998	73.5396	74.5651
5999	73.5396	74.561
6000	73.5396	75.6594
6001	73.5396	76.4824
6002	73.5396	74.3035
6003	73.5396	74.3137
6004	73.5396	73.6589
6005	73.5396	73.7233
6006	73.5396	73.6609
6007	73.5396	73.8269
6008	73.5396	74.405
6009	73.5396	74.4039
6010	73.5396	74.4551
6011	73.5396	74.4356
6012	73.5396	75.3832
6013	73.5396	75.7815
6014	73.5396	75.1967
6015	73.5396	73.8675
6016	73.5396	74.8733
6017	73.5396	75.3652
6018	73.5396	74.977
6019	73.5396	75.5472
6020	73.5396	74.0389
6021	73.5396	73.6409
6022	73.5396	73.7933
6023	73.5396	73.5396
6024	73.5396	73.5396
6025	73.5396	73.6054
6026	73.5396	74.2554
6027	73.5396	73.8469
6028	73.5396	74.1401
6029	73.5396	74.0978
6030	73.5396	75.6148
6031	73.5396	74.2471
6032	73.5396	74.0376
6033	73.5396	74.042
6034	73.5396	73.5396
6035	73.5396	73.5396
6036	73.5396	73.5396
6037	73.5396	73.5396
6038	73.5396	73.605
6039	73.5396	73.5638
6040	73.5396	73.6674
6041	73.5396	73.5638
6042	73.5396	74.1656
6043	73.5396	75.2812
6044	73.5396	75.108
6045	73.5396	74.8752
6046	73.5396	73.5396
6047	73.5396	73.5774
6048	73.5396	73.594
6049	73.5396	73.5846
6050	73.5396	73.8817
6051	73.5396	73.558
6052	73.5396	73.7128
6053	73.5396	74.3675
6054	73.5396	73.9335
6055	73.5396	74.7592
6056	73.5396	74.8547
6057	73.5396	75.1537
6058	73.5396	75.5916
6059	73.5396	75.4065
6060	73.5396	75.7487
6061	73.5396	74.0397
6062	73.5396	74.4998
6063	73.5396	74.5625
6064	73.5396	73.5396
6065	73.5396	73.6796
6066	73.5396	73.5396
6067	73.5396	73.5881
6068	73.5396	74.1009
6069	73.5396	73.9592
6070	73.5396	73.6074
6071	73.5396	73.5865
6072	73.5396	73.6554
6073	73.5396	73.5897
6074	73.5396	73.676
6075	73.5396	73.7301
6076	73.5396	74.2151
6077	73.5396	73.9803
6078	73.5396	75.2798
6079	73.5396	75.1237
6080	73.5396	74.9748
6081	73.5396	74.3554
6082	73.5396	74.4802
6083	73.5396	74.3901
6084	73.5396	74.1313
6085	73.5396	74.1462
6086	73.5396	73.5396
6087	73.5396	73.5396
6088	73.5396	73.6373
6089	73.5396	74.1752
6090	73.5396	74.0802
6091	73.5396	74.3605
6092	73.5396	74.1973
6093	73.5396	74.076
6094	73.5396	73.888
6095	73.5396	74.6295
6096	73.5396	75.5962
6097	73.5396	74.0813
6098	73.5396	74.7207
6099	73.5396	75.2199
6100	73.5396	75.8907
6101	73.5396	73.9389
6102	73.5396	73.5618
6103	73.5396	73.9159
6104	73.5396	73.8355
6105	73.5396	74.3394
6106	73.5396	74.0923
6107	73.5396	74.2155
6108	73.5396	74.0151
6109	73.5396	74.3501
6110	73.5396	74.669
6111	73.5396	73.5396
6112	73.5396	73.8983
6113	73.5396	74.0646
6114	73.5396	74.1049
6115	73.5396	73.7498
6116	73.5396	74.476
6117	73.5396	74.0459
6118	73.5396	75.1551
6119	73.5396	74.7739
6120	73.5396	75.4225
6121	73.5396	74.289
6122	73.5396	73.9721
6123	73.5396	75.0986
6124	73.5396	75.071
6125	73.5396	75.3568
6126	73.5396	75.7162
6127	73.5396	75.9071
6128	73.5396	75.7926
6129	73.5396	74.1879
6130	73.5396	74.5873
6131	73.5396	73.582
6132	73.5396	73.6569
6133	73.5396	73.9977
6134	73.5396	75.2735
6135	73.5396	74.5964
6136	73.5396	75.6749
6137	73.5396	74.1359
6138	73.5396	73.891
6139	73.5396	74.4737
6140	73.5396	75.0123
6141	73.5396	73.7877
6142	73.5396	73.5567
6143	73.5396	73.5396
6144	73.5396	73.564
6145	73.5396	73.6625
6146	73.5396	74.2642
6147	73.5396	73.5396
6148	73.5396	73.9163
6149	73.5396	73.5775
6150	73.5396	73.8994
6151	73.5396	73.9209
6152	73.5396	74.8985
6153	73.5396	74.1418
6154	73.5396	74.7205
6155	73.5396	74.5888
6156	73.5396	73.5396
6157	73.5396	73.5567
6158	73.5396	73.8815
6159	73.5396	73.7051
6160	73.5396	73.8607
6161	73.5396	73.9034
6162	73.5396	74.6009
6163	73.5396	74.4555
6164	73.5396	74.3555
6165	73.5396	75.3738
6166	73.5396	74.228
6167	73.5396	74.4047
6168	73.5396	74.0688
6169	73.5396	73.8825
6170	73.5396	73.5396
6171	73.5396	73.5396
6172	73.5396	73.5396
6173	73.5396	73.5396
6174	73.5396	73.5396
6175	73.5396	74.4635
6176	73.5396	73.7461
6177	73.5396	73.6452
6178	73.5396	73.5934
6179	73.5396	73.7055
6180	73.5396	74.072
6181	73.5396	73.6088
6182	73.5396	75.4435
6183	73.5396	74.1928
6184	73.5396	73.698
6185	73.5396	74.4746
6186	73.5396	73.5396
6187	73.5396	74.842
6188	73.5396	73.8747
6189	73.5396	73.5396
6190	73.5396	73.5935
6191	73.5396	73.6298
6192	73.5396	74.8724
6193	73.5396	75.5658
6194	73.5396	73.8355
6195	73.5396	74.5
6196	73.5396	76.9766
6197	73.5396	74.7461
6198	73.5396	74.5599
6199	73.5396	73.8433
6200	73.5396	73.8783
6201	73.5396	74.0392
6202	73.5396	73.9111
6203	73.5396	73.5628
6204	73.5396	73.8057
6205	73.5396	74.6352
6206	73.5396	74.9509
6207	73.5396	74.6522
6208	73.5396	74.7947
6209	73.5396	74.3728
6210	73.5396	74.1071
6211	73.5396	73.727
6212	73.5396	73.889
6213	73.5396	73.7003
6214	73.5396	73.6987
6215	73.5396	74.8331
6216	73.5396	74.1649
6217	73.5396	74.1256
6218	73.5396	73.5785
6219	73.5396	74.5391
6220	73.5396	74.5035
6221	73.5396	74.7607
6222	73.5396	74.4464
6223	73.5396	73.6409
6224	73.5396	73.5396
6225	73.5396	73.5396
6226	73.5396	73.6253
6227	73.5396	73.5396
6228	73.5396	73.7607
6229	73.5396	73.892
6230	73.5396	73.5628
6231	73.5396	73.5396
6232	73.5396	73.8546
6233	73.5396	73.5396
6234	73.5396	74.0138
6235	73.5396	73.7451
6236	73.5396	75.6931
6237	73.5396	74.3679
6238	73.5396	74.5214
6239	73.5396	74.1521
6240	73.5396	74.1604
6241	73.5396	73.5396
6242	73.5396	73.5483
6243	73.5396	74.3049
6244	73.5396	74.2741
6245	73.5396	73.9332
6246	73.5396	75.4215
6247	73.5396	74.0689
6248	73.5396	74.8578
6249	73.5396	74.2679
6250	73.5396	73.5483
6251	73.5396	73.5507
6252	73.5396	74.4447
6253	73.5396	74.119
6254	73.5396	74.8656
6255	73.5396	73.601
6256	73.5396	73.6161
6257	73.5396	73.5396
6258	73.5396	74.4471
6259	73.5396	74.4986
6260	73.5396	73.6736
6261	73.5396	73.9719
6262	73.5396	73.9642
6263	73.5396	74.5866
6264	73.5396	73.8852
6265	73.5396	73.6994
6266	73.5396	73.7989
6267	73.5396	73.6751
6268	73.5396	74.3132
6269	73.5396	75.0888
6270	73.5396	75.2759
6271	73.5396	74.6169
6272	73.5396	74.7561
6273	73.5396	74.0004
6274	73.5396	73.6073
6275	73.5396	74.9768
6276	73.5396	74.9643
6277	73.5396	73.7019
6278	73.5396	74.6907
6279	73.5396	74.5612
6280	73.5396	73.8447
6281	73.5396	73.9346
6282	73.5396	74.092
6283	73.5396	73.7709
6284	73.5396	73.8447
6285	73.5396	73.9093
6286	73.5396	75.1928
6287	73.5396	74.8274
6288	73.5396	73.5612
6289	73.5396	74.7511
6290	73.5396	73.6994
6291	73.5396	73.6968
6292	73.5396	73.5591
6293	73.5396	73.8453
6294	73.5396	73.7909
6295	73.5396	73.9789
6296	73.5396	76.0423
6297	73.5396	75.8229
6298	73.5396	74.6132
6299	73.5396	73.5537
6300	73.5396	73.5396
6301	73.5396	73.5396
6302	73.5396	73.5396
6303	73.5396	74.0054
6304	73.5396	74.1381
6305	73.5396	73.7146
6306	73.5396	74.1162
6307	73.5396	74.3595
6308	73.5396	75.4017
6309	73.5396	75.3453
6310	73.5396	74.9829
6311	73.5396	74.1917
6312	73.5396	74.2012
6313	73.5396	73.8177
6314	73.5396	74.5284
6315	73.5396	75.8336
6316	73.5396	74.3505
6317	73.5396	74.0549
6318	73.5396	74.7177
6319	73.5396	75.4827
6320	73.5396	75.2277
6321	73.5396	73.6599
6322	73.5396	73.7041
6323	73.5396	73.8584
6324	73.5396	74.8554
6325	73.5396	74.4196
6326	73.5396	73.9602
6327	73.5396	73.923
6328	73.5396	74.5121
6329	73.5396	73.9452
6330	73.5396	74.0551
6331	73.5396	73.9902
6332	73.5396	73.7265
6333	73.5396	73.9247
6334	73.5396	74.3291
6335	73.5396	75.1992
6336	73.5396	75.8867
6337	73.5396	75.5801
6338	73.5396	74.8003
6339	73.5396	75.3623
6340	73.5396	73.8607
6341	73.5396	73.556
6342	73.5396	73.723
6343	73.5396	73.9152
6344	73.5396	73.584
6345	73.5396	73.7232
6346	73.5396	73.6175
6347	73.5396	73.5913
6348	73.5396	73.5396
6349	73.5396	73.5396
6350	73.5396	73.5967
6351	73.5396	73.8858
6352	73.5396	73.7845
6353	73.5396	73.5396
6354	73.5396	73.5396
6355	73.5396	74.3268
6356	73.5396	75.1477
6357	73.5396	74.9434
6358	73.5396	75.3965
6359	73.5396	73.9692
6360	73.5396	74.6252
6361	73.5396	76.0217
6362	73.5396	76.4608
6363	73.5396	77.5742
6364	73.5396	76.5501
6365	73.5396	74.9032
6366	73.5396	74.4855
6367	73.5396	74.342
6368	73.5396	74.0883
6369	73.5396	74.2217
6370	73.5396	73.977
6371	73.5396	73.5915
6372	73.5396	73.6077
6373	73.5396	73.5819
6374	73.5396	74.2073
6375	73.5396	73.9421
6376	73.5396	75.2831
6377	73.5396	74.4456
6378	73.5396	73.8057
6379	73.5396	73.7508
6380	73.5396	73.5396
6381	73.5396	73.5396
6382	73.5396	73.9983
6383	73.5396	73.7693
6384	73.5396	73.7776
6385	73.5396	73.5396
6386	73.5396	73.5396
6387	73.5396	73.9178
6388	73.5396	73.5396
6389	73.5396	74.4058
6390	73.5396	74.1601
6391	73.5396	75.3724
6392	73.5396	74.3383
6393	73.5396	73.9927
6394	73.5396	74.0051
6395	73.5396	73.5396
6396	73.5396	73.5692
6397	73.5396	74.8664
6398	73.5396	75.1405
6399	73.5396	74.5831
6400	73.5396	75.2298
6401	73.5396	75.3976
6402	73.5396	75.785
6403	73.5396	76.4732
6404	73.5396	75.2342
6405	73.5396	74.5567
6406	73.5396	73.6445
6407	73.5396	73.9406
6408	73.5396	75.3079
6409	73.5396	74.8767
6410	73.5396	74.5457
6411	73.5396	73.9575
6412	73.5396	75.2575
6413	73.5396	73.8877
6414	73.5396	74.3462
6415	73.5396	73.5396
6416	73.5396	73.5711
6417	73.5396	74.4631
6418	73.5396	73.876
6419	73.5396	74.499
6420	73.5396	74.453
6421	73.5396	74.3965
6422	73.5396	73.7394
6423	73.5396	73.5396
6424	73.5396	73.6706
6425	73.5396	74.3597
6426	73.5396	73.9775
6427	73.5396	73.8937
6428	73.5396	74.6964
6429	73.5396	74.0043
6430	73.5396	74.1671
6431	73.5396	74.6128
6432	73.5396	74.0621
6433	73.5396	73.6503
6434	73.5396	75.029
6435	73.5396	76.9481
6436	73.5396	75.8832
6437	73.5396	75.5574
6438	73.5396	74.7607
6439	73.5396	73.7029
6440	73.5396	73.6981
6441	73.5396	74.0826
6442	73.5396	73.6227
6443	73.5396	74.1884
6444	73.5396	74.7716
6445	73.5396	74.2602
6446	73.5396	73.8496
6447	73.5396	73.5647
6448	73.5396	73.5523
6449	73.5396	73.8918
6450	73.5396	73.7471
6451	73.5396	73.731
6452	73.5396	73.8479
6453	73.5396	73.892
6454	73.5396	73.7983
6455	73.5396	74.3669
6456	73.5396	75.5817
6457	73.5396	74.9999
6458	73.5396	74.5007
6459	73.5396	73.5891
6460	73.5396	73.5396
6461	73.5396	73.5396
6462	73.5396	74.0532
6463	73.5396	74.3818
6464	73.5396	74.6483
6465	73.5396	75.346
6466	73.5396	74.7052
6467	73.5396	74.0245
6468	73.5396	74.4648
6469	73.5396	73.6928
6470	73.5396	73.5587
6471	73.5396	74.251
6472	73.5396	73.6799
6473	73.5396	74.7781
6474	73.5396	73.5396
6475	73.5396	73.637
6476	73.5396	73.6316
6477	73.5396	73.593
6478	73.5396	73.8206
6479	73.5396	73.9266
6480	73.5396	74.5673
6481	73.5396	75.4715
6482	73.5396	75.5901
6483	73.5396	75.8413
6484	73.5396	76.3749
6485	73.5396	76.3055
6486	73.5396	75.016
6487	73.5396	74.3785
6488	73.5396	74.8343
6489	73.5396	74.7193
6490	73.5396	74.1121
6491	73.5396	73.8825
6492	73.5396	74.4478
6493	73.5396	73.5396
6494	73.5396	73.6729
6495	73.5396	74.2045
6496	73.5396	74.1304
6497	73.5396	75.2437
6498	73.5396	74.7128
6499	73.5396	74.3551
6500	73.5396	73.5817
6501	73.5396	73.584
6502	73.5396	74.381
6503	73.5396	74.4361
6504	73.5396	73.9276
6505	73.5396	73.904
6506	73.5396	74.7789
6507	73.5396	73.5664
6508	73.5396	74.1087
6509	73.5396	73.8481
6510	73.5396	73.5396
6511	73.5396	73.6515
6512	73.5396	73.8523
6513	73.5396	73.5396
6514	73.5396	73.6062
6515	73.5396	73.5396
6516	73.5396	73.5396
6517	73.5396	73.5618
6518	73.5396	75.3492
6519	73.5396	74.4667
6520	73.5396	73.588
6521	73.5396	73.6619
6522	73.5396	74.4365
6523	73.5396	75.9896
6524	73.5396	74.5302
6525	73.5396	74.9865
6526	73.5396	75.2925
6527	73.5396	74.9275
6528	73.5396	73.59
6529	73.5396	73.7375
6530	73.5396	73.5396
6531	73.5396	73.5862
6532	73.5396	73.5396
6533	73.5396	73.556
6534	73.5396	73.5523
6535	73.5396	73.5396
6536	73.5396	74.3171
6537	73.5396	75.2413
6538	73.5396	74.1718
6539	73.5396	74.3392
6540	73.5396	74.1289
6541	73.5396	74.1582
6542	73.5396	73.9347
6543	73.5396	73.777
6544	73.5396	73.5396
6545	73.5396	73.5396
6546	73.5396	74.5297
6547	73.5396	76.2932
6548	73.5396	76.729
6549	73.5396	74.2181
6550	73.5396	74.2596
6551	73.5396	73.5499
6552	73.5396	73.8066
6553	73.5396	73.5396
6554	73.5396	73.7205
6555	73.5396	73.7439
6556	73.5396	73.892
6557	73.5396	74.0685
6558	73.5396	73.5634
6559	73.5396	73.9814
6560	73.5396	74.7221
6561	73.5396	74.8614
6562	73.5396	75.171
6563	73.5396	76.3941
6564	73.5396	75.8258
6565	73.5396	74.5847
6566	73.5396	73.5396
6567	73.5396	73.8327
6568	73.5396	73.5396
6569	73.5396	73.5396
6570	73.5396	73.5396
6571	73.5396	73.7107
6572	73.5396	73.5396
6573	73.5396	73.7681
6574	73.5396	73.6499
6575	73.5396	74.3059
6576	73.5396	73.8091
6577	73.5396	73.7748
6578	73.5396	73.6128
6579	73.5396	73.5523
6580	73.5396	73.5396
6581	73.5396	73.5396
6582	73.5396	73.7348
6583	73.5396	74.1678
6584	73.5396	74.2285
6585	73.5396	75.1563
6586	73.5396	75.1835
6587	73.5396	73.5574
6588	73.5396	73.8727
6589	73.5396	73.5396
6590	73.5396	73.5715
6591	73.5396	73.83
6592	73.5396	74.8255
6593	73.5396	74.7156
6594	73.5396	74.3446
6595	73.5396	74.5354
6596	73.5396	74.2361
6597	73.5396	74.1893
6598	73.5396	73.6998
6599	73.5396	73.5396
6600	73.5396	73.5745
6601	73.5396	74.0876
6602	73.5396	73.6977
6603	73.5396	73.9678
6604	73.5396	73.7063
6605	73.5396	73.9012
6606	73.5396	76.1819
6607	73.5396	75.9239
6608	73.5396	75.293
6609	73.5396	74.4666
6610	73.5396	73.6114
6611	73.5396	73.5706
6612	73.5396	74.1005
6613	73.5396	73.5462
6614	73.5396	73.5686
6615	73.5396	73.582
6616	73.5396	73.5396
6617	73.5396	73.5688
6618	73.5396	73.5813
6619	73.5396	73.5933
6620	73.5396	73.5446
6621	73.5396	74.0097
6622	73.5396	73.9969
6623	73.5396	73.6876
6624	73.5396	74.1877
6625	73.5396	73.557
6626	73.5396	74.1554
6627	73.5396	73.5396
6628	73.5396	73.5396
6629	73.5396	73.5396
6630	73.5396	73.5396
6631	73.5396	73.5874
6632	73.5396	74.4154
6633	73.5396	74.2383
6634	73.5396	74.4418
6635	73.5396	74.1256
6636	73.5396	73.5759
6637	73.5396	73.5762
6638	73.5396	73.6418
6639	73.5396	74.291
6640	73.5396	73.6637
6641	73.5396	73.5396
6642	73.5396	73.5396
6643	73.5396	73.5396
6644	73.5396	73.5396
6645	73.5396	73.5396
6646	73.5396	73.5396
6647	73.5396	73.5396
6648	73.5396	73.5396
6649	73.5396	73.5635
6650	73.5396	73.7376
6651	73.5396	74.5541
6652	73.5396	73.6382
6653	73.5396	73.5657
6654	73.5396	74.8797
6655	73.5396	74.1042
6656	73.5396	73.7304
6657	73.5396	73.5653
6658	73.5396	74.0726
6659	73.5396	73.7058
6660	73.5396	73.5396
6661	73.5396	74.4731
6662	73.5396	74.5577
6663	73.5396	74.2928
6664	73.5396	75.1945
6665	73.5396	75.7263
6666	73.5396	74.5682
6667	73.5396	74.6644
6668	73.5396	73.651
6669	73.5396	73.7666
6670	73.5396	74.0268
6671	73.5396	74.0712
6672	73.5396	75.9097
6673	73.5396	74.9116
6674	73.5396	74.7356
6675	73.5396	74.0771
6676	73.5396	74.1882
6677	73.5396	74.1255
6678	73.5396	74.7657
6679	73.5396	74.3951
6680	73.5396	73.9375
6681	73.5396	74.2748
6682	73.5396	73.6385
6683	73.5396	73.5396
6684	73.5396	73.5396
6685	73.5396	74.1098
6686	73.5396	73.9804
6687	73.5396	74.3892
6688	73.5396	73.6154
6689	73.5396	73.597
6690	73.5396	73.9054
6691	73.5396	74.8382
6692	73.5396	74.7134
6693	73.5396	73.981
6694	73.5396	73.5524
6695	73.5396	73.5709
6696	73.5396	73.6024
6697	73.5396	73.677
6698	73.5396	73.6258
6699	73.5396	73.7498
6700	73.5396	73.5396
6701	73.5396	73.5727
6702	73.5396	73.5691
6703	73.5396	73.6345
6704	73.5396	73.7892
6705	73.5396	73.5396
6706	73.5396	74.2437
6707	73.5396	74.1124
6708	73.5396	73.5599
6709	73.5396	73.5599
6710	73.5396	73.5567
6711	73.5396	73.6491
6712	73.5396	73.6856
6713	73.5396	73.7851
6714	73.5396	74.1122
6715	73.5396	74.9016
6716	73.5396	74.8508
6717	73.5396	74.2576
6718	73.5396	73.5396
6719	73.5396	75.0913
6720	73.5396	73.9952
6721	73.5396	74.9419
6722	73.5396	74.7177
6723	73.5396	73.7549
6724	73.5396	74.0207
6725	73.5396	74.1259
6726	73.5396	74.8085
6727	73.5396	75.7461
6728	73.5396	74.1072
6729	73.5396	74.7004
6730	73.5396	73.5855
6731	73.5396	73.615
6732	73.5396	73.727
6733	73.5396	74.3097
6734	73.5396	74.2301
6735	73.5396	74.3554
6736	73.5396	75.4975
6737	73.5396	75.0843
6738	73.5396	74.3657
6739	73.5396	75.076
6740	73.5396	75.1034
6741	73.5396	74.6887
6742	73.5396	74.1723
6743	73.5396	73.9757
6744	73.5396	74.2534
6745	73.5396	73.7055
6746	73.5396	73.741
6747	73.5396	74.4846
6748	73.5396	75.0495
6749	73.5396	74.3323
6750	73.5396	74.5577
6751	73.5396	73.9163
6752	73.5396	73.8219
6753	73.5396	74.33
6754	73.5396	73.8882
6755	73.5396	74.8748
6756	73.5396	74.997
6757	73.5396	73.6553
6758	73.5396	74.3358
6759	73.5396	73.8521
6760	73.5396	73.5396
6761	73.5396	74.0119
6762	73.5396	73.9367
6763	73.5396	73.9921
6764	73.5396	73.5396
6765	73.5396	73.5513
6766	73.5396	73.8739
6767	73.5396	73.8042
6768	73.5396	75.736
6769	73.5396	74.7362
6770	73.5396	74.5751
6771	73.5396	73.5904
6772	73.5396	73.5396
6773	73.5396	73.5507
6774	73.5396	73.6862
6775	73.5396	73.5396
6776	73.5396	73.922
6777	73.5396	74.6531
6778	73.5396	74.7889
6779	73.5396	74.259
6780	73.5396	73.5396
6781	73.5396	73.6849
6782	73.5396	73.9132
6783	73.5396	75.1691
6784	73.5396	75.559
6785	73.5396	74.3342
6786	73.5396	74.48
6787	73.5396	74.8461
6788	73.5396	73.6337
6789	73.5396	73.5736
6790	73.5396	73.592
6791	73.5396	73.5396
6792	73.5396	73.5396
6793	73.5396	73.6536
6794	73.5396	73.8439
6795	73.5396	74.8412
6796	73.5396	75.738
6797	73.5396	73.7836
6798	73.5396	73.6613
6799	73.5396	73.9057
6800	73.5396	73.5656
6801	73.5396	73.5635
6802	73.5396	73.5842
6803	73.5396	73.5396
6804	73.5396	73.5396
6805	73.5396	73.5396
6806	73.5396	73.6685
6807	73.5396	73.5396
6808	73.5396	73.5869
6809	73.5396	74.0561
6810	73.5396	73.9435
6811	73.5396	73.6358
6812	73.5396	74.3326
6813	73.5396	73.5396
6814	73.5396	73.5396
6815	73.5396	73.6012
6816	73.5396	73.6525
6817	73.5396	73.5748
6818	73.5396	73.5396
6819	73.5396	73.63
6820	73.5396	73.6176
6821	73.5396	73.5602
6822	73.5396	73.6158
6823	73.5396	74.3829
6824	73.5396	74.2538
6825	73.5396	76.8081
6826	73.5396	76.1597
6827	73.5396	76.5555
6828	73.5396	75.7533
6829	73.5396	74.7239
6830	73.5396	74.1507
6831	73.5396	73.8814
6832	73.5396	73.59
6833	73.5396	73.5973
6834	73.5396	73.7142
6835	73.5396	73.6673
6836	73.5396	74.2285
6837	73.5396	74.9624
6838	73.5396	75.2274
6839	73.5396	74.2709
6840	73.5396	73.5717
6841	73.5396	74.1655
6842	73.5396	74.8092
6843	73.5396	73.8035
6844	73.5396	74.1457
6845	73.5396	74.0289
6846	73.5396	73.6709
6847	73.5396	73.7301
6848	73.5396	74.3673
6849	73.5396	74.4377
6850	73.5396	74.8423
6851	73.5396	73.6536
6852	73.5396	73.8704
6853	73.5396	74.1831
6854	73.5396	73.5613
6855	73.5396	73.5396
6856	73.5396	73.5859
6857	73.5396	73.5396
6858	73.5396	73.9729
6859	73.5396	73.5396
6860	73.5396	73.7179
6861	73.5396	73.9218
6862	73.5396	73.5705
6863	73.5396	73.7499
6864	73.5396	75.157
6865	73.5396	75.1181
6866	73.5396	75.7257
6867	73.5396	75.2186
6868	73.5396	73.8203
6869	73.5396	74.5095
6870	73.5396	73.7018
6871	73.5396	73.6012
6872	73.5396	73.7545
6873	73.5396	73.5396
6874	73.5396	73.5396
6875	73.5396	73.5575
6876	73.5396	73.5746
6877	73.5396	73.6768
6878	73.5396	73.741
6879	73.5396	73.5539
6880	73.5396	74.1517
6881	73.5396	74.0763
6882	73.5396	73.5589
6883	73.5396	74.361
6884	73.5396	73.8282
6885	73.5396	73.8921
6886	73.5396	75.1988
6887	73.5396	74.3242
6888	73.5396	74.2988
6889	73.5396	73.8974
6890	73.5396	74.0856
6891	73.5396	75.303
6892	73.5396	73.9826
6893	73.5396	73.7663
6894	73.5396	73.7419
6895	73.5396	73.6471
6896	73.5396	73.7215
6897	73.5396	73.5556
6898	73.5396	73.7722
6899	73.5396	73.7162
6900	73.5396	73.6249
6901	73.5396	74.2837
6902	73.5396	74.2541
6903	73.5396	75.6719
6904	73.5396	73.8915
6905	73.5396	73.7944
6906	73.5396	74.1786
6907	73.5396	74.3118
6908	73.5396	75.5644
6909	73.5396	74.9715
6910	73.5396	73.638
6911	72.3901	74.4238
6912	72.3901	73.8479
6913	72.3901	74.8997
6914	72.3901	73.3877
6915	72.3901	73.7497
6916	72.3901	73.297
6917	72.3901	72.54
6918	72.3901	72.7983
6919	72.3901	72.9702
6920	72.3901	72.3935
6921	72.3901	72.8309
6922	72.3901	72.768
6923	72.3901	72.8053
6924	72.3901	73.0245
6925	72.3901	74.4027
6926	72.3901	73.1302
6927	72.3901	73.1887
6928	72.3901	74.2909
6929	72.3901	72.6812
6930	72.3901	73.7771
6931	72.3901	73.1538
6932	72.3901	73.361
6933	72.3901	72.774
6934	72.3901	74.6116
6935	72.3901	75.7818
6936	72.3901	72.4014
6937	72.3901	72.4103
6938	72.3901	72.9907
6939	72.3901	72.3972
6940	72.3901	74.3908
6941	72.3901	73.5452
6942	72.3901	74.9921
6943	72.3901	75.4056
6944	72.3901	73.6345
6945	72.3901	75.5508
6946	72.3901	73.9728
6947	72.3901	72.5068
6948	72.3901	72.3901
6949	72.3901	72.9287
6950	72.3901	73.5908
6951	72.3901	72.8853
6952	72.3901	72.9523
6953	72.3901	73.2494
6954	72.3901	72.4916
6955	72.3901	72.6352
6956	72.3901	73.1795
6957	72.3901	72.4329
6958	72.3901	72.9112
6959	72.3901	73.1855
6960	72.3901	72.5442
6961	72.3901	73.735
6962	72.3901	73.5603
6963	72.3901	72.3901
6964	72.3901	72.8896
6965	72.3901	72.7572
6966	72.3901	73.836
6967	72.3901	72.4077
6968	72.3901	72.3901
6969	72.3901	72.4385
6970	72.3901	72.5979
6971	72.3901	72.3901
6972	72.3901	72.3901
6973	72.3901	72.762
6974	72.3901	72.753
6975	72.3901	72.457
6976	72.3901	72.3901
6977	72.3901	72.6721
6978	72.3901	72.5877
6979	72.3901	72.4364
6980	72.3901	72.5709
6981	72.3901	72.6181
6982	72.3901	73.0023
6983	72.3901	72.5353
6984	72.3901	72.6595
6985	72.3901	72.5226
6986	72.3901	72.3901
6987	72.3901	72.3901
6988	72.3901	72.4055
6989	72.3901	72.3929
6990	72.3901	73.0123
6991	72.3901	72.4477
6992	72.3901	72.3901
6993	72.3901	72.4617
6994	72.3901	72.64
6995	72.3901	72.5799
6996	72.3901	72.5388
6997	72.3901	74.3076
6998	72.3901	74.5085
6999	72.3901	74.0826
7000	72.3901	74.4717
7001	72.2954	74.5715
7002	72.2954	73.6408
7003	72.2954	73.0895
7004	72.2954	72.473
7005	72.2954	72.4134
7006	72.2954	74.7129
7007	72.2954	74.9877
7008	72.2954	74.6452
7009	72.2954	74.5414
7010	72.2954	73.7165
7011	72.2954	72.5436
7012	72.2954	72.3396
7013	72.2954	72.2954
7014	72.2954	72.7084
7015	72.2954	73.7786
7016	72.2954	72.5058
7017	72.2954	72.6492
7018	72.2954	72.5616
7019	72.2954	73.6119
7020	72.2954	73.9316
7021	72.2954	73.0975
7022	72.2954	72.3992
7023	72.2954	72.3096
7024	72.2954	72.2954
7025	72.2954	72.2954
7026	72.2954	72.2954
7027	72.2954	72.395
7028	72.2954	72.4327
7029	72.2954	72.3212
7030	72.2954	72.3093
7031	72.2954	72.3291
7032	72.2954	72.3132
7033	72.2954	73.8888
7034	72.2954	73.4665
7035	72.2954	73.9863
7036	72.2954	73.3648
7037	72.2954	72.8354
7038	72.2954	72.7155
7039	72.2899	74.3502
7040	72.2899	74.8353
7041	72.2899	73.5155
7042	72.2899	73.0046
7043	72.2899	72.9871
7044	71.7728	72.8474
7045	71.7728	72.6627
7046	71.7728	72.4609
7047	71.7728	72.1775
7048	71.7728	72.3321
7049	71.7728	73.338
7050	71.7728	72.3841
7051	71.7728	72.5471
7052	71.7728	72.0242
7053	71.7728	72.8701
7054	71.7728	72.0315
7055	71.7728	72.1082
7056	71.7728	71.8957
7057	71.7728	72.0929
7058	71.7728	72.3133
7059	71.7728	71.937
7060	71.7728	72.5885
7061	71.7728	71.8957
7062	71.7728	73.6178
7063	71.7728	73.3466
7064	71.7728	73.7217
7065	71.7728	72.7402
7066	71.7728	72.2708
7067	71.7728	73.6524
7068	71.7728	74.8353
7069	71.7728	71.9998
7070	71.7728	73.1071
7071	71.7728	72.0584
7072	71.7728	71.9005
7073	71.7728	71.7821
7074	71.7728	71.7915
7075	71.7728	71.7728
7076	71.7728	71.7728
7077	71.7728	72.0105
7078	71.7728	71.7728
7079	71.7728	71.7728
7080	71.7728	71.7728
7081	71.7728	72.0705
7082	71.7728	71.9711
7083	71.7728	71.8587
7084	71.7728	72.824
7085	71.7728	73.4164
7086	71.7728	72.9883
7087	71.7728	73.2004
7088	71.7728	74.1065
7089	71.7728	74.3955
7090	71.7728	72.7996
7091	71.7728	72.5966
7092	71.7728	72.2651
7093	71.7728	72.4955
7094	71.7728	72.5634
7095	71.7728	71.8923
7096	71.7728	72.9548
7097	71.7728	72.2058
7098	71.7728	72.1482
7099	71.7728	73.6527
7100	71.7728	73.4382
7101	71.7728	74.2883
7102	71.7728	72.4224
7103	71.7728	71.7728
7104	71.7728	71.9421
7105	71.7728	72.4745
7106	71.7728	72.8549
7107	71.7728	72.4008
7108	71.7728	72.5384
7109	71.7728	72.0928
7110	71.7728	72.472
7111	71.7728	72.973
7112	71.7728	72.6117
7113	71.7728	72.4632
7114	71.7728	71.974
7115	71.7728	72.2195
7116	71.7728	73.049
7117	71.7728	73.8339
7118	71.7728	73.7829
7119	71.7728	72.1696
7120	71.7728	71.8918
7121	71.7728	71.8481
7122	71.7728	71.7728
7123	71.7728	71.7728
7124	71.7728	71.7728
7125	71.7728	71.8321
7126	71.7728	72.5073
7127	71.7728	72.3223
7128	71.7728	72.9232
7129	71.7728	73.0599
7130	71.7728	74.0398
7131	71.7728	73.2291
7132	71.7728	73.751
7133	71.7728	74.5784
7134	71.7728	73.4859
7135	71.7728	73.2979
7136	71.7728	74.9593
7137	71.7728	73.7974
7138	71.7728	72.4095
7139	71.7728	72.0225
7140	71.7728	71.7728
7141	71.7728	71.7728
7142	71.7728	72.07
7143	71.7728	72.593
7144	71.7728	72.7642
7145	71.7728	73.6921
7146	71.7728	72.811
7147	71.7728	71.9599
7148	71.7728	73.7061
7149	71.7728	72.3334
7150	71.7728	72.2112
7151	71.7728	72.1827
7152	71.7728	71.8073
7153	71.7728	72.2072
7154	71.7728	72.1666
7155	71.7728	72.6441
7156	71.7728	72.8273
7157	71.7728	73.4536
7158	71.7728	72.4792
7159	71.7728	72.054
7160	71.7728	71.7728
7161	71.7728	72.3918
7162	71.7728	72.1849
7163	71.7728	72.8419
7164	71.7728	72.1936
7165	71.7728	72.3942
7166	71.7728	71.9527
7167	71.7728	71.9606
7168	71.7728	71.8611
7169	71.7728	72.2242
7170	71.7728	71.8096
7171	71.7728	73.0749
7172	71.7728	73.3631
7173	71.7728	73.1229
7174	71.7728	74.0963
7175	71.7728	74.68
7176	71.7728	73.1978
7177	71.7728	72.9126
7178	71.7728	72.5133
7179	71.7728	71.8424
7180	71.7728	72.1466
7181	71.7728	73.0266
7182	71.7728	72.0241
7183	71.7728	72.6402
7184	71.7728	72.7881
7185	71.7728	73.0622
7186	71.7728	73.2889
7187	71.7728	74.2739
7188	71.7728	72.6166
7189	71.7728	71.8506
7190	71.7728	72.0785
7191	71.7728	72.0451
7192	71.7728	71.9006
7193	71.7728	72.7665
7194	71.7728	72.8324
7195	71.7728	72.0845
7196	71.7728	72.1332
7197	71.7728	72.3581
7198	71.7728	71.9997
7199	71.7728	71.792
7200	71.7728	73.3384
7201	71.7728	73.2902
7202	71.7728	72.012
7203	71.7728	72.6288
7204	71.7728	72.6259
7205	71.7728	72.0082
7206	71.7728	74.1654
7207	71.7728	73.9298
7208	71.7728	74.0407
7209	71.7728	72.2492
7210	71.7728	72.0748
7211	71.7728	71.8124
7212	71.7728	71.7728
7213	71.7728	71.7728
7214	71.7728	72.1413
7215	71.7728	73.2025
7216	71.7728	74.1179
7217	71.7728	72.0219
7218	71.7728	72.1605
7219	71.7728	72.4407
7220	71.7728	72.233
7221	71.7728	72.0278
7222	71.7728	72.2283
7223	71.7728	72.0552
7224	71.7728	72.0642
7225	71.7728	73.3424
7226	71.7728	72.4857
7227	71.7728	73.7574
7228	71.7728	73.3419
7229	71.7728	72.7333
7230	71.7728	72.8573
7231	71.7728	73.4403
7232	71.7728	72.8826
7233	71.7728	73.4016
7234	71.7728	72.4369
7235	71.7728	72.0111
7236	71.7728	72.0385
7237	71.7728	71.7865
7238	71.7728	72.2972
7239	71.7728	73.032
7240	71.7728	72.8529
7241	71.7728	72.7403
7242	71.7728	72.2649
7243	71.7728	71.7728
7244	71.7728	72.9912
7245	71.7728	72.1507
7246	71.7728	73.2755
7247	71.7728	71.93
7248	71.7728	71.789
7249	71.7728	72.181
7250	71.7728	73.0721
7251	71.7728	72.8637
7252	71.7728	72.1303
7253	71.7728	72.4218
7254	71.7728	71.9738
7255	71.7728	72.3819
7256	71.7728	72.9523
7257	71.7728	71.8264
7258	71.7728	74.1904
7259	71.7728	75.091
7260	71.7728	73.3465
7261	71.7728	74.354
7262	71.7728	73.801
7263	71.7728	73.5573
7264	71.7728	73.2537
7265	71.7728	73.6716
7266	71.7728	72.1502
7267	71.7728	72.0259
7268	71.7728	71.7728
7269	71.7728	71.7728
7270	71.7728	71.7728
7271	71.7728	71.9116
7272	71.7728	71.974
7273	71.7728	72.3351
7274	71.7728	72.2899
7275	71.7728	71.7977
7276	71.7728	72.1091
7277	71.7728	71.9458
7278	71.7728	71.7728
7279	71.7728	71.8882
7280	71.7728	71.8201
7281	71.7728	72.4706
7282	71.7728	72.047
7283	71.7728	72.0003
7284	71.7728	72.0873
7285	71.7728	71.7728
7286	71.7728	71.7728
7287	71.7728	71.8259
7288	71.7728	71.8048
7289	71.7728	72.7033
7290	71.7728	72.0307
7291	71.7728	72.2238
7292	71.7728	72.5016
7293	71.7728	72.5561
7294	71.7728	72.3988
7295	71.7728	71.9211
7296	71.7728	72.5209
7297	71.7728	73.7003
7298	71.7728	72.1826
7299	71.7728	72.2214
7300	71.7728	72.2367
7301	71.7728	71.8095
7302	71.7728	71.7728
7303	71.7728	71.7728
7304	71.7728	71.8874
7305	71.7728	71.7873
7306	71.7728	72.2057
7307	71.7728	72.6745
7308	71.7728	73.7882
7309	71.7728	74.0235
7310	71.7728	74.0017
7311	71.7728	74.9828
7312	71.7728	72.9598
7313	71.7728	74.5085
7314	71.7728	73.62
7315	71.7728	73.3944
7316	71.7728	73.8957
7317	71.7728	72.7874
7318	71.7728	72.4821
7319	71.7728	71.7728
7320	71.7728	72.0371
7321	71.7728	71.9249
7322	71.7728	73.2641
7323	71.7728	72.092
7324	71.7728	72.4395
7325	71.7728	72.6569
7326	71.7728	71.9271
7327	71.7728	71.7728
7328	71.7728	71.7728
7329	71.7728	71.7728
7330	71.7728	71.7728
7331	71.7728	71.7728
7332	71.7728	71.7855
7333	71.7728	71.7728
7334	71.7728	71.7984
7335	71.7728	71.7899
7336	71.7728	71.7728
7337	71.7728	72.218
7338	71.7728	72.6774
7339	71.7728	72.7689
7340	71.7728	73.0594
7341	71.7728	74.3375
7342	71.7728	74.6288
7343	71.7728	72.7222
7344	71.7728	72.3178
7345	71.7728	72.3423
7346	71.7728	72.1275
7347	71.7728	71.7948
7348	71.7728	71.9265
7349	71.7728	71.8001
7350	71.7728	71.7888
7351	71.7728	71.7728
7352	71.7728	71.7728
7353	71.7728	71.7728
7354	71.7728	71.7728
7355	71.7728	72.4127
7356	71.7728	72.6607
7357	71.7728	72.1952
7358	71.7728	72.1196
7359	71.7728	71.9756
7360	71.7728	72.7669
7361	71.7728	72.4281
7362	71.7728	71.9482
7363	71.7728	72.8665
7364	71.7728	73.8476
7365	71.7728	72.1719
7366	71.7728	74.1464
7367	71.7728	72.9943
7368	71.7728	73.1463
7369	71.7728	72.2893
7370	71.7728	73.2488
7371	71.7728	72.4479
7372	71.7728	72.8579
7373	71.7728	71.8029
7374	71.7728	71.9115
7375	71.7728	71.7728
7376	71.7728	71.7728
7377	71.7728	71.8366
7378	71.7728	72.518
7379	71.7728	71.8567
7380	71.7728	71.8357
7381	71.7728	71.9652
7382	71.7728	72.1462
7383	71.7728	71.9026
7384	71.7728	71.7728
7385	71.7728	72.3656
7386	71.7728	72.0031
7387	71.7728	72.4135
7388	71.7728	71.7886
7389	71.7728	71.8927
7390	71.7728	72.4863
7391	71.7728	72.7139
7392	71.7728	73.3122
7393	71.7728	72.4182
7394	71.7728	71.7728
7395	71.7728	71.7728
7396	71.7728	71.8708
7397	71.7728	72.0573
7398	71.7728	72.0393
7399	71.7728	72.0101
7400	71.7728	72.5367
7401	71.7728	73.1984
7402	71.7728	74.6784
7403	71.7728	72.5944
7404	71.7728	72.6824
7405	71.7728	73.6844
7406	71.7728	73.7095
7407	71.7728	72.6385
7408	71.7728	72.4325
7409	71.7728	72.7923
7410	71.7728	73.8459
7411	71.7728	73.6866
7412	71.7728	72.9537
7413	71.7728	72.4895
7414	71.7728	71.8229
7415	71.7728	71.8603
7416	71.7728	71.8048
7417	71.7728	71.969
7418	71.7728	72.0776
7419	71.7728	72.6139
7420	71.7728	72.0203
7421	71.7728	71.7728
7422	71.7728	71.7728
7423	71.7728	71.7728
7424	71.7728	71.7728
7425	71.7728	72.6084
7426	71.7728	72.8172
7427	71.7728	73.0776
7428	71.7728	73.8976
7429	71.7728	73.7929
7430	71.7728	73.0517
7431	71.7728	72.6358
7432	71.7728	72.2863
7433	71.7728	72.3517
7434	71.7728	72.2199
7435	71.7728	71.7728
7436	71.7728	71.9548
7437	71.7728	71.8103
7438	71.7728	72.1417
7439	71.7728	72.4326
7440	71.7728	72.5651
7441	71.7728	73.0603
7442	71.7728	72.0374
7443	71.7728	71.7728
7444	71.7728	73.471
7445	71.7728	73.8385
7446	71.7728	73.5567
7447	71.7728	71.8397
7448	71.7728	71.7728
7449	71.7728	71.9616
7450	71.7728	72.1305
7451	71.7728	71.8555
7452	71.7728	71.9642
7453	71.7728	73.4341
7454	71.7728	73.141
7455	71.7728	72.7025
7456	71.7728	71.7824
7457	71.7728	71.7728
7458	71.7728	71.943
7459	71.7728	71.9127
7460	71.7728	71.807
7461	71.7728	71.7728
7462	71.7728	71.7728
7463	71.7728	72.755
7464	71.7728	72.415
7465	71.7728	72.2008
7466	71.7728	71.8377
7467	71.7728	71.8622
7468	71.7728	71.837
7469	71.7728	71.8709
7470	71.7728	71.7859
7471	71.7728	71.9935
7472	71.7728	72.2982
7473	71.7728	73.0426
7474	71.7728	73.7934
7475	71.7728	72.111
7476	71.7728	72.0725
7477	71.7728	72.6192
7478	71.7728	71.9625
7479	71.7728	71.9073
7480	71.7728	72.5466
7481	71.7728	72.7794
7482	71.7728	72.1444
7483	71.7728	72.4757
7484	71.7728	72.5161
7485	71.7728	72.3766
7486	71.7728	72.7967
7487	71.7728	73.0033
7488	71.7728	71.8359
7489	71.7728	72.0377
7490	71.7728	72.1605
7491	71.7728	71.9366
7492	71.7728	73.7713
7493	71.7728	71.8873
7494	71.7728	73.4145
7495	71.7728	72.6394
7496	71.7728	72.0685
7497	71.7728	71.8074
7498	71.7728	71.8329
7499	71.7728	71.7728
7500	71.7728	71.8129
7501	71.7728	72.0407
7502	71.7728	73.0938
7503	71.7728	73.9728
7504	71.7728	73.7283
7505	71.7728	72.973
7506	71.7728	73.3419
7507	71.7728	74.3264
7508	71.7728	72.7154
7509	71.7728	72.4247
7510	71.7728	72.328
7511	71.7728	72.8848
7512	71.7728	72.7706
7513	71.7728	73.2386
7514	71.7728	73.0758
7515	71.7728	72.8936
7516	71.7728	72.1971
7517	71.7728	72.1053
7518	71.7728	72.2468
7519	71.7728	72.4183
7520	71.7728	72.657
7521	71.7728	72.8592
7522	71.7728	72.3761
7523	71.7728	73.7875
7524	71.7728	71.8777
7525	71.7728	72.4749
7526	71.7728	71.8739
7527	71.7728	72.1763
7528	71.7728	73.2117
7529	71.7728	72.5519
7530	71.7728	73.2492
7531	71.7728	73.049
7532	71.7728	72.9065
7533	71.7728	72.1735
7534	71.7728	72.234
7535	71.7728	72.1501
7536	71.7728	72.2936
7537	71.7728	71.9572
7538	71.7728	71.7728
7539	71.7728	72.0016
7540	71.7728	72.1626
7541	71.7728	71.8468
7542	71.7728	71.9057
7543	71.7728	72.0226
7544	71.7728	71.7728
7545	71.7728	71.796
7546	71.7728	72.5547
7547	71.7728	72.3107
7548	71.7728	72.8421
7549	71.7728	71.814
7550	71.7728	71.7728
7551	71.7728	72.7885
7552	71.7728	72.2644
7553	71.7728	71.9332
7554	71.7728	71.7728
7555	71.7728	71.7728
7556	71.7728	71.7728
7557	71.7728	72.65
7558	71.7728	72.0158
7559	71.7728	73.0533
7560	71.7728	72.8518
7561	71.7728	72.0486
7562	71.7728	74.1022
7563	71.7728	72.5564
7564	71.7728	72.7337
7565	71.7728	72.2878
7566	71.7728	72.0759
7567	71.7728	72.7356
7568	71.7728	71.8575
7569	71.7728	71.8256
7570	71.7728	71.9887
7571	71.7728	72.4236
7572	71.7728	72.8758
7573	71.7728	72.3998
7574	71.7728	71.8077
7575	71.7728	72.0224
7576	71.7728	71.927
7577	71.7728	72.0479
7578	71.7728	71.9292
7579	71.7728	71.7729
7580	71.7728	72.5732
7581	71.7728	71.7728
7582	71.7728	71.9749
7583	71.7728	71.907
7584	71.7728	71.8229
7585	71.7728	71.9886
7586	71.7728	72.0394
7587	71.7728	72.8265
7588	71.7728	72.1777
7589	71.7728	72.0771
7590	71.7728	72.0809
7591	71.7728	72.5997
7592	71.7728	72.1609
7593	71.7728	71.7728
7594	71.7728	72.1215
7595	71.7728	71.7728
7596	71.7728	72.6211
7597	71.7728	71.8442
7598	71.7728	72.3766
7599	71.7728	72.16
7600	71.7728	72.0287
7601	71.7728	71.8227
7602	71.7728	72.1545
7603	71.7728	72.0354
7604	71.7728	71.8942
7605	71.7728	72.595
7606	71.7728	71.9007
7607	71.7728	71.8978
7608	71.7728	71.7728
7609	71.7728	71.7728
7610	71.7728	71.7812
7611	71.7728	72.074
7612	71.7728	71.9321
7613	71.7728	71.7959
7614	71.7728	71.7728
7615	71.7728	71.7794
7616	71.7728	71.81
7617	71.7728	71.7728
7618	71.7728	72.2639
7619	71.7728	72.2487
7620	71.7728	71.8897
7621	71.7728	72.107
7622	71.7728	72.5279
7623	71.7728	73.0771
7624	71.7728	73.2563
7625	71.7728	73.6519
7626	71.7728	73.1087
7627	71.7728	73.2891
7628	71.7728	73.0652
7629	71.7728	73.958
7630	71.7728	72.3163
7631	71.7728	72.1197
7632	71.7728	71.9906
7633	71.7728	73.4157
7634	71.7728	73.053
7635	71.7728	74.2515
7636	71.7728	74.6201
7637	71.7728	73.6172
7638	71.7728	73.089
7639	71.7728	73.8222
7640	71.7728	73.6043
7641	71.7728	72.8955
7642	71.7728	72.1209
7643	71.7728	71.8395
7644	71.7728	71.7728
7645	71.7728	72.8365
7646	71.7728	73.4218
7647	71.7728	72.6235
7648	71.7728	71.9409
7649	71.7728	71.7789
7650	71.7728	71.7728
7651	71.7728	71.7728
7652	71.7728	72.1926
7653	71.7728	72.2037
7654	71.7728	71.7728
7655	71.7728	71.9109
7656	71.7728	72.2995
7657	71.7728	72.3624
7658	71.7728	72.3465
7659	71.7728	72.1717
7660	71.7728	72.9326
7661	71.7728	72.5349
7662	71.7728	72.0553
7663	71.7728	72.2538
7664	71.7728	72.3563
7665	71.7728	72.3404
7666	71.7728	72.2854
7667	71.7728	71.7729
7668	71.7728	71.7728
7669	71.7728	71.7728
7670	71.7728	71.8619
7671	71.7728	72.1159
7672	71.7728	72.1018
7673	71.7728	73.5074
7674	71.7728	72.9001
7675	71.7728	73.6288
7676	71.7728	71.9787
7677	71.7728	75.9518
7678	71.7728	74.602
7679	71.7728	74.6209
7680	71.7728	74.5175
7681	71.7728	73.8447
7682	71.7728	75.6944
7683	71.7728	74.8809
7684	71.7728	74.1607
7685	71.7728	74.4134
7686	71.7728	73.4367
7687	71.7728	72.6197
7688	71.7728	71.9967
7689	71.7728	71.8804
7690	71.7728	71.9356
7691	71.7728	72.5382
7692	71.7728	73.4453
7693	71.7728	72.1563
7694	71.7728	71.7728
7695	71.7728	71.7728
7696	71.7728	72.2991
7697	71.7728	71.7751
7698	71.7728	72.0081
7699	71.7728	73.0285
7700	71.7728	72.9874
7701	71.7728	72.8319
7702	71.7728	71.7728
7703	71.7728	71.7728
7704	71.7728	71.8901
7705	71.7728	71.9398
7706	71.7728	71.8442
7707	71.7728	71.8276
7708	71.7728	71.9622
7709	71.7728	71.8929
7710	71.7728	72.0657
7711	71.7728	71.7898
7712	71.7728	71.7728
7713	71.7728	71.7728
7714	71.7728	71.8901
7715	71.7728	71.8706
7716	71.7728	72.1957
7717	71.7728	71.7778
7718	71.7728	71.9153
7719	71.7728	71.8498
7720	71.7728	71.7728
7721	71.7728	71.83
7722	71.7728	71.8653
7723	71.7728	71.7728
7724	71.7728	71.7728
7725	71.7728	72.043
7726	71.7728	71.7728
7727	71.7728	71.7728
7728	71.7728	71.7728
7729	71.7728	71.7728
7730	71.7728	71.7728
7731	71.7728	73.2998
7732	71.7728	74.7482
7733	71.7728	72.5379
7734	71.7728	72.1291
7735	71.7728	73.1383
7736	71.7728	72.5932
7737	71.7728	72.6411
7738	71.7728	72.1321
7739	71.7728	72.0516
7740	71.7728	71.7728
7741	71.7728	71.8428
7742	71.7728	72.1609
7743	71.7728	71.9496
7744	71.7728	73.191
7745	71.7728	72.7994
7746	71.7728	72.8781
7747	71.7728	74.1655
7748	71.7728	72.4209
7749	71.7728	72.5579
7750	71.7728	72.4904
7751	71.7728	72.2706
7752	71.7728	71.9816
7753	71.7728	71.8401
7754	71.7728	71.7728
7755	71.7728	72.3126
7756	71.7728	71.7899
7757	71.7728	71.8311
7758	71.7728	73.9426
7759	71.7728	72.8811
7760	71.7728	73.6931
7761	71.7728	73.5692
7762	71.7728	72.5878
7763	71.7728	72.8186
7764	71.7728	72.9085
7765	71.7728	71.8809
7766	71.7728	72.2246
7767	71.7728	73.0718
7768	71.7728	73.3122
7769	71.7728	73.9122
7770	71.7728	75.6478
7771	71.7728	74.734
7772	71.7728	72.5315
7773	71.7728	73.3098
7774	71.7728	73.1174
7775	71.7728	71.7915
7776	71.7728	72.4912
7777	71.7728	71.8984
7778	71.7728	72.2751
7779	71.7728	73.2917
7780	71.7728	71.8138
7781	71.7728	71.7728
7782	71.7728	71.7973
7783	71.7728	71.7728
7784	71.7728	72.5762
7785	71.7728	72.4661
7786	71.7728	72.99
7787	71.7728	72.7099
7788	71.7728	72.9311
7789	71.7728	72.7538
7790	71.7728	72.1032
7791	71.7728	71.885
7792	71.7728	71.794
7793	71.7728	71.7728
7794	71.7728	71.9424
7795	71.7728	71.8309
7796	71.7728	71.7728
7797	71.7728	71.7728
7798	71.7728	71.7728
7799	71.7728	72.3892
7800	71.7728	71.9102
7801	71.7728	71.8785
7802	71.7728	71.7728
7803	71.7728	72.7809
7804	71.7728	72.3757
7805	71.7728	73.5063
7806	71.7728	72.2942
7807	71.7728	71.8585
7808	71.7728	71.826
7809	71.7728	71.7728
7810	71.7728	72.3155
7811	71.7728	72.2362
7812	71.7728	72.9222
7813	71.7728	71.8302
7814	71.7728	71.8358
7815	71.7728	71.8426
7816	71.7728	72.1747
7817	71.7728	72.1521
7818	71.7728	72.1705
7819	71.7728	73.0669
7820	71.7728	72.6115
7821	71.7728	73.4509
7822	71.7728	71.8155
7823	71.7728	71.795
7824	71.7728	71.8004
7825	71.7728	71.7728
7826	71.7728	71.7728
7827	71.7728	71.7839
7828	71.7728	71.7728
7829	71.7728	72.3318
7830	71.7728	71.7728
7831	71.7728	71.7728
7832	71.7728	71.7777
7833	71.7728	71.7777
7834	71.7728	72.3598
7835	71.7728	71.7728
7836	71.7728	71.7728
7837	71.7728	71.7873
7838	71.7728	72.1682
7839	71.7728	72.6857
7840	71.7728	71.7728
7841	71.7728	72.0301
7842	71.7728	71.8111
7843	71.7728	71.9651
7844	71.7728	71.8406
7845	71.7728	71.7998
7846	71.7728	71.7728
7847	71.7728	71.7728
7848	71.7728	71.7728
7849	71.7728	71.7728
7850	71.7728	71.8931
7851	71.7728	71.7728
7852	71.7728	71.7728
7853	71.7728	71.7728
7854	71.7728	71.7728
7855	71.7728	71.7728
7856	71.7728	71.7728
7857	71.7728	71.9089
7858	71.7728	71.7762
7859	71.7728	71.7728
7860	71.7728	72.7428
7861	71.7728	72.4512
7862	71.7728	72.9816
7863	71.7728	71.8019
7864	71.7728	72.2176
7865	71.7728	72.9621
7866	71.7728	72.7343
7867	71.7728	72.0362
7868	71.7728	71.7945
7869	71.7728	73.0029
7870	71.7728	73.1254
7871	71.7728	71.9894
7872	71.7728	72.1848
7873	71.7728	72.0237
7874	71.7728	71.8853
7875	71.7728	71.7728
7876	71.7728	71.7728
7877	71.7728	71.7728
7878	71.7728	71.7728
7879	71.7728	72.6352
7880	71.7728	73.2204
7881	71.7728	72.6556
7882	71.7728	73.2774
7883	71.7728	73.6976
7884	71.7728	74.3666
7885	71.7728	72.745
7886	71.7728	72.2344
7887	71.7728	71.8056
7888	71.7728	73.1489
7889	71.7728	72.4713
7890	71.7728	72.8762
7891	71.7728	73.1594
7892	71.7728	72.9938
7893	71.7728	72.2206
7894	71.7728	72.028
7895	71.7728	74.4304
7896	71.7728	72.3091
7897	71.7728	72.8397
7898	71.7728	71.9004
7899	71.7728	71.8589
7900	71.7728	71.8398
7901	71.7728	71.7728
7902	71.7728	71.7728
7903	71.7728	71.7728
7904	71.7728	72.2948
7905	71.7728	72.9611
7906	71.7728	72.0474
7907	71.7728	71.8561
7908	71.7728	71.8784
7909	71.7728	73.312
7910	71.7728	72.2384
7911	71.7728	72.5577
7912	71.7728	72.6974
7913	71.7728	71.9134
7914	71.7728	71.887
7915	71.7728	72.0199
7916	71.7728	73.1684
7917	71.7728	72.2025
7918	71.7728	71.7984
7919	71.7728	72.0881
7920	71.7728	72.3616
7921	71.7728	72.3025
7922	71.7728	71.8326
7923	71.7728	72.3589
7924	71.7728	72.1535
7925	71.7728	73.3842
7926	71.7728	74.4869
7927	71.7728	74.4866
7928	71.7728	73.9465
7929	71.7728	72.7814
7930	71.7728	73.3341
7931	71.7728	72.148
7932	71.7728	72.2787
7933	71.7728	73.5916
7934	71.7728	72.2238
7935	71.7728	72.3926
7936	71.7728	71.9286
7937	71.7728	73.2616
7938	71.7728	73.2315
7939	71.7728	73.2274
7940	71.7728	75.0525
7941	71.7728	73.5111
7942	71.7728	72.5842
7943	71.7728	71.7728
7944	71.7728	73.8124
7945	71.7728	72.3934
7946	71.7728	72.0286
7947	71.7728	71.9343
7948	71.7728	71.8584
7949	71.7728	71.7728
7950	71.7728	72.1512
7951	71.7728	72.1947
7952	71.7728	71.7728
7953	71.7728	71.7728
7954	71.7728	71.7728
7955	71.7728	71.8231
7956	71.7728	72.0487
7957	71.7728	72.1825
7958	71.7728	71.9126
7959	71.7728	72.8826
7960	71.7728	72.3411
7961	71.7728	72.7104
7962	71.7728	74.9988
7963	71.7728	76.6508
7964	71.7728	74.6994
7965	71.7728	74.8091
7966	71.7728	73.7797
7967	71.7728	72.4325
7968	71.7728	72.246
7969	71.7728	72.4994
7970	71.7728	72.8748
7971	71.7728	72.017
7972	71.7728	71.8535
7973	71.7728	72.2049
7974	71.7728	72.7265
7975	71.7728	72.0039
7976	71.7728	71.7728
7977	71.7728	71.7728
7978	71.7728	72.1501
7979	71.7728	71.8975
7980	71.7728	72.3429
7981	71.7728	72.4854
7982	71.7728	72.616
7983	71.7728	72.2781
7984	71.7728	72.7224
7985	71.7728	73.0367
7986	71.7728	72.9933
7987	71.7728	73.1868
7988	71.7728	72.8794
7989	71.7728	72.2192
7990	71.7728	71.8115
7991	71.7728	72.7576
7992	71.7728	72.5747
7993	71.7728	73.6438
7994	71.7728	72.5171
7995	71.7728	71.7863
7996	71.7728	71.8051
7997	71.7728	72.116
7998	71.7728	72.3867
7999	71.7728	72.405
8000	71.7728	71.895
8001	71.7728	72.0292
8002	71.7728	71.7728
8003	71.7728	71.7728
8004	71.7728	71.7728
8005	71.7728	71.9091
8006	71.7728	72.3107
8007	71.7728	71.8942
8008	71.7728	71.7728
8009	71.7728	71.7728
8010	71.7728	71.7728
8011	71.7728	71.9161
8012	71.7728	73.0856
8013	71.7728	73.2275
8014	71.7728	73.2433
8015	71.7728	71.7859
8016	71.7728	71.8599
8017	71.7728	71.8616
8018	71.7728	72.3472
8019	71.7728	71.9452
8020	71.7728	72.7188
8021	71.7728	71.7823
8022	71.7728	71.7823
8023	71.7728	71.7728
8024	71.7728	71.7728
8025	71.7728	71.7728
8026	71.7728	71.7728
8027	71.7728	71.9392
8028	71.7728	72.9515
8029	71.7728	72.6371
8030	71.7728	72.8364
8031	71.7728	73.0726
8032	71.7728	73.3655
8033	71.7728	72.7847
8034	71.7728	72.2561
8035	71.7728	71.9737
8036	71.7728	72.225
8037	71.7728	73.2468
8038	71.7728	73.9192
8039	71.7728	73.5918
8040	71.7728	74.0014
8041	71.7728	72.2241
8042	71.7728	72.5698
8043	71.7728	73.729
8044	71.7728	72.5816
8045	71.7728	72.146
8046	71.7728	72.8995
8047	71.7728	73.8264
8048	71.7728	75.0403
8049	71.7728	73.4925
8050	71.7728	73.0991
8051	71.7728	73.4841
8052	71.7728	72.145
8053	71.7728	71.7866
8054	71.7728	72.2712
8055	71.7728	71.9016
8056	71.7728	71.7728
8057	71.7728	71.7728
8058	71.7728	72.1151
8059	71.7728	71.9145
8060	71.7728	72.4762
8061	71.7728	72.5363
8062	71.7728	73.3342
8063	71.7728	72.725
8064	71.7728	72.5923
8065	71.7728	73.9069
8066	71.7728	71.8092
8067	71.7728	72.0554
8068	71.7728	71.8131
8069	71.7728	71.7728
8070	71.7728	71.7728
8071	71.7728	71.9287
8072	71.7728	71.8755
8073	71.7728	72.2691
8074	71.7728	71.814
8075	71.7728	71.7728
8076	71.7728	71.7728
8077	71.7728	71.7728
8078	71.7728	72.1101
8079	71.7728	72.1508
8080	71.7728	71.7728
8081	71.7728	71.7728
8082	71.7728	71.7728
8083	71.7728	71.7728
8084	71.7728	71.7728
8085	71.7728	71.7728
8086	71.7728	71.7728
8087	71.7728	71.7728
8088	71.7728	71.9155
8089	71.7728	72.8756
8090	71.7728	72.6066
8091	71.7728	72.6097
8092	71.7728	72.655
8093	71.7728	72.6104
8094	71.7728	72.6144
8095	71.7728	72.6877
8096	71.7728	72.0727
8097	71.7728	71.886
8098	71.7728	71.7728
8099	71.7728	71.8024
8100	71.7728	71.7803
8101	71.7728	72.1048
8102	71.7728	72.0728
8103	71.7728	71.8688
8104	71.7728	71.7728
8105	71.7728	71.7891
8106	71.7728	72.5562
8107	71.7728	72.005
8108	71.7728	72.2165
8109	71.7728	72.5773
8110	71.6875	72.7234
8111	71.6875	72.6994
8112	71.6875	72.4132
8113	71.6875	72.5368
8114	71.6875	72.2187
8115	71.6875	72.3128
8116	71.6875	71.9724
8117	71.6875	71.8716
8118	71.6875	72.1762
8119	71.6875	71.7632
8120	71.6875	71.8452
8121	71.6875	71.8697
8122	71.6875	71.7268
8123	71.6875	71.8611
8124	71.6875	71.7529
8125	71.6875	71.7445
8126	71.6875	72.3067
8127	71.6875	72.3469
8128	71.6875	72.1874
8129	71.6875	73.4685
8130	71.6875	73.4163
8131	71.6875	72.89
8132	71.6875	72.0954
8133	71.6875	72.0605
8134	71.6875	74.2473
8135	71.6875	74.0214
8136	71.6875	72.6718
8137	71.6875	72.7643
8138	71.6875	73.4778
8139	71.6875	72.2276
8140	71.6875	72.0611
8141	71.6875	71.7914
8142	71.6875	71.8096
8143	71.6875	71.8635
8144	71.6875	71.6875
8145	71.6875	71.6875
8146	71.6875	72.6693
8147	71.6875	74.2314
8148	71.6875	72.2309
8149	71.6875	72.6686
8150	71.6875	72.1631
8151	71.6875	72.0018
8152	71.6875	72.3233
8153	71.6875	73.0053
8154	71.6875	73.0426
8155	71.6875	73.1721
8156	71.6875	74.0156
8157	71.6875	73.9026
8158	71.6875	72.0025
8159	71.6875	72.0703
8160	71.6875	73.1453
8161	71.6875	73.2396
8162	71.6875	72.0782
8163	71.6875	72.8166
8164	71.6875	75.731
8165	71.6875	73.7271
8166	71.6875	74.1498
8167	71.6875	72.9459
8168	71.6875	72.0468
8169	71.6875	72.5478
8170	71.6875	72.1815
8171	71.6875	74.2225
8172	71.6875	73.9827
8173	71.6875	73.3924
8174	71.6875	72.8944
8175	71.6875	74.1637
8176	71.6875	72.1893
8177	71.6875	71.6875
8178	71.6875	72.0005
8179	71.6875	72.1693
8180	71.6875	72.3259
8181	71.6875	72.2116
8182	71.6875	71.6875
8183	71.6875	72.124
8184	71.6875	72.2817
8185	71.6875	72.3474
8186	71.6875	71.7786
8187	71.6875	73.3355
8188	71.6875	72.1383
8189	71.6875	73.0617
8190	71.6875	72.3117
8191	71.6875	71.7976
8192	71.6875	71.9964
8193	71.6875	71.928
8194	71.6875	71.6875
8195	71.6875	73.2782
8196	71.6875	72.6737
8197	71.6875	72.7961
8198	71.6875	73.3956
8199	71.6875	73.3257
8200	71.6875	72.7258
8201	71.6875	72.4942
8202	71.6875	72.8548
8203	71.6875	71.7581
8204	71.6875	71.7428
8205	71.6875	71.6875
8206	71.6875	71.6875
8207	71.6875	71.7991
8208	71.6875	71.6875
8209	71.6875	72.8944
8210	71.6875	72.4671
8211	71.6875	71.948
8212	71.6875	72.0604
8213	71.6875	73.216
8214	71.6875	72.1833
8215	71.6875	72.2216
8216	71.6875	71.6875
8217	71.6875	71.7004
8218	71.6875	72.0721
8219	71.6875	73.1994
8220	71.6875	73.4116
8221	71.6875	72.2169
8222	71.6875	71.6876
8223	71.6875	71.6875
8224	71.6875	72.2792
8225	71.6875	71.6875
8226	71.6875	71.6875
8227	71.6875	71.6875
8228	71.6875	71.8817
8229	71.6875	71.8766
8230	71.6875	72.415
8231	71.6875	72.0679
8232	71.6875	71.7221
8233	71.6875	71.6875
8234	71.6875	71.6942
8235	71.6875	72.1861
8236	71.6875	72.1306
8237	71.6875	72.2681
8238	71.6875	71.7318
8239	71.6875	71.6875
8240	71.6875	71.6875
8241	71.6875	71.6875
8242	71.6875	72.472
8243	71.6875	72.0759
8244	71.6875	71.7636
8245	71.6875	71.8164
8246	71.6875	71.7873
8247	71.6875	71.6917
8248	71.6875	71.9605
8249	71.6875	72.1838
8250	71.6875	72.8224
8251	71.6875	72.3669
8252	71.6875	72.0766
8253	71.6875	71.9855
8254	71.6875	71.7672
8255	71.6875	72.6589
8256	71.6875	72.7466
8257	71.6875	72.5126
8258	71.6875	71.812
8259	71.6875	72.8978
8260	71.6875	73.1289
8261	71.6875	72.7061
8262	71.6875	72.624
8263	71.6875	71.9986
8264	71.6875	71.6875
8265	71.6875	71.7337
8266	71.6875	71.6875
8267	71.6875	71.6875
8268	71.6875	71.6875
8269	71.6875	71.6875
8270	71.6875	73.1386
8271	71.6875	72.7162
8272	71.6875	71.6875
8273	71.6875	71.6875
8274	71.6875	71.6875
8275	71.6875	71.6875
8276	71.6875	72.1166
8277	71.6875	71.6875
8278	71.6875	71.6875
8279	71.6875	71.6875
8280	71.6875	71.8158
8281	71.6875	72.3198
8282	71.6875	71.6875
8283	71.6875	71.7298
8284	71.6875	71.7112
8285	71.6875	71.9221
8286	71.6875	72.3753
8287	71.6875	71.888
8288	71.6875	71.6875
8289	71.6875	72.0507
8290	71.6875	71.6875
8291	71.6875	71.7384
8292	71.6875	71.9073
8293	71.6875	71.9323
8294	71.6875	71.961
8295	71.6875	71.6942
8296	71.6875	71.8368
8297	71.6875	71.6875
8298	71.6875	71.6875
8299	71.6875	71.6875
8300	71.6875	71.7741
8301	71.6875	72.3996
8302	71.6875	72.3383
8303	71.6875	72.1539
8304	71.6875	72.4783
8305	71.6875	72.5231
8306	71.6875	71.6875
8307	71.6875	72.9079
8308	71.6875	72.775
8309	71.6875	71.7074
8310	71.6875	71.8913
8311	71.6875	71.8377
8312	71.6875	71.6875
8313	71.6875	71.6875
8314	71.6875	71.6875
8315	71.6875	71.6875
8316	71.6875	71.6898
8317	71.6875	71.6875
8318	71.6875	71.7295
8319	71.6875	71.6887
8320	71.6875	71.9562
8321	71.6875	72.1075
8322	71.6875	74.3658
8323	71.6875	75.6618
8324	71.6875	72.9083
8325	71.6875	72.2547
8326	71.6875	71.8923
8327	71.6875	71.6875
8328	71.6875	71.6875
8329	71.6875	71.7163
8330	71.6875	71.6875
8331	71.6875	73.2679
8332	71.6875	72.2424
8333	71.6875	73.396
8334	71.6875	73.3526
8335	71.6875	72.7333
8336	71.6875	72.4034
8337	71.6875	73.0511
8338	71.6875	73.25
8339	71.6875	72.3153
8340	71.6875	71.9688
8341	71.6875	72.2102
8342	71.6875	72.1491
8343	71.6875	73.4118
8344	71.6875	72.1127
8345	71.6875	71.8217
8346	71.6875	71.6875
8347	71.6875	71.7227
8348	71.6875	71.7493
8349	71.6875	71.6875
8350	71.6875	71.6875
8351	71.6875	71.6989
8352	71.6875	71.8132
8353	71.6875	71.7292
8354	71.6875	71.7046
8355	71.6875	72.7241
8356	71.6875	71.896
8357	71.6875	72.0079
8358	71.6875	71.7058
8359	71.6875	72.2195
8360	71.6875	72.0307
8361	71.6875	71.8081
8362	71.6875	71.8305
8363	71.6875	71.6875
8364	71.6875	71.6875
8365	71.6875	71.6875
8366	71.6875	71.8981
8367	71.6875	71.7001
8368	71.6875	72.1366
8369	71.6875	71.6875
8370	71.6875	71.6875
8371	71.6875	71.6875
8372	71.6875	72.6865
8373	71.6875	71.6875
8374	71.6875	72.1267
8375	71.6875	71.7182
8376	71.6875	71.9574
8377	71.6875	72.2725
8378	71.6875	72.2706
8379	71.6875	71.7547
8380	71.6875	72.3276
8381	71.6875	72.7484
8382	71.6875	72.1448
8383	71.6875	72.927
8384	71.6875	72.9966
8385	71.6875	73.4372
8386	71.6875	72.3413
8387	71.6875	72.45
8388	71.6875	72.4856
8389	71.6875	72.57
8390	71.6875	72.1245
8391	71.6875	71.8215
8392	71.6875	72.4537
8393	71.6875	73.116
8394	71.6875	73.2224
8395	71.6875	73.5334
8396	71.6875	73.143
8397	71.6875	71.7538
8398	71.6875	71.8863
8399	71.6875	71.9219
8400	71.6875	71.7303
8401	71.6875	71.8577
8402	71.6875	72.2242
8403	71.6875	71.7855
8404	71.6875	72.0002
8405	71.6875	72.1671
8406	71.6875	71.6875
8407	71.6875	71.6978
8408	71.6875	71.7358
8409	71.6875	71.805
8410	71.6875	71.7295
8411	71.6875	71.6875
8412	71.6875	71.6875
8413	71.6875	71.6875
8414	71.6875	71.7206
8415	71.6875	72.0494
8416	71.6875	71.7555
8417	71.6875	71.8976
8418	71.6875	72.2297
8419	71.6875	73.064
8420	71.6875	72.7931
8421	71.6875	72.3278
8422	71.6875	72.5028
8423	71.6875	72.3602
8424	71.6875	72.5266
8425	71.6875	73.0753
8426	71.6875	74.133
8427	71.6875	74.5387
8428	71.6875	73.5403
8429	71.6875	72.9505
8430	71.6875	73.7777
8431	71.6875	72.427
8432	71.6875	74.2557
8433	71.6875	75.5717
8434	71.6875	73.5935
8435	71.6875	72.6267
8436	71.6875	72.1912
8437	71.6875	72.7872
8438	71.6875	72.2997
8439	71.6875	72.3473
8440	71.6875	72.0882
8441	71.6875	72.1254
8442	71.6875	72.8137
8443	71.6875	73.1108
8444	71.6875	72.6113
8445	71.6875	71.9273
8446	71.6875	71.9261
8447	71.6875	71.7239
8448	71.6875	71.8272
8449	71.6875	71.91
8450	71.6875	72.1433
8451	71.6875	71.6875
8452	71.6875	71.7476
8453	71.6875	71.7979
8454	71.6875	71.775
8455	71.6875	71.6875
8456	71.6875	72.0418
8457	71.6875	71.7011
8458	71.6875	71.7963
8459	71.6875	71.9957
8460	71.6875	71.8355
8461	71.6875	71.7625
8462	71.6875	72.5118
8463	71.6875	72.5916
8464	71.6875	72.6925
8465	71.6875	71.8867
8466	71.6875	72.9472
8467	71.6875	71.7621
8468	71.6875	72.7362
8469	71.6875	72.5682
8470	71.6875	72.6541
8471	71.6875	71.9611
8472	71.6875	71.6875
8473	71.6875	72.3193
8474	71.6875	71.8922
8475	71.6875	71.9971
8476	71.6875	71.6875
8477	71.6875	72.0632
8478	71.6875	73.3819
8479	71.6875	72.2024
8480	71.6875	72.9554
8481	71.6875	73.4661
8482	71.6875	72.8566
8483	71.6875	73.6119
8484	71.6875	74.1856
8485	71.6875	74.863
8486	71.6875	73.1472
8487	71.6875	74.3554
8488	71.6875	73.7322
8489	71.6875	72.7411
8490	71.6875	72.3546
8491	71.6875	72.3225
8492	71.6875	72.1332
8493	71.6875	71.6875
8494	71.6875	72.411
8495	71.6875	73.0875
8496	71.6875	72.7357
8497	71.6875	72.8898
8498	71.6875	72.3839
8499	71.6875	71.7135
8500	71.6875	71.8439
8501	71.6875	71.8404
8502	71.6875	71.9787
8503	71.6875	71.6875
8504	71.6875	72.0596
8505	71.6875	72.133
8506	71.6875	72.6064
8507	71.6875	71.9115
8508	71.6875	72.7354
8509	71.6875	71.9676
8510	71.6875	72.5301
8511	71.6875	72.792
8512	71.5627	72.3121
8513	71.5627	71.9129
8514	71.5627	72.5348
8515	71.5627	71.8147
8516	71.5627	71.5977
8517	71.5627	71.7022
8518	71.5627	72.6945
8519	71.5627	72.6576
8520	71.5627	71.5652
8521	71.5627	71.5627
8522	71.5627	71.675
8523	71.5627	71.6435
8524	71.5627	72.5942
8525	71.5627	72.5249
8526	71.5627	72.7636
8527	71.5627	72.7556
8528	71.5627	71.7716
8529	71.5627	71.978
8530	71.5627	71.884
8531	71.5627	71.8157
8532	71.5627	72.0458
8533	71.5627	72.5495
8534	71.5627	71.8291
8535	71.5627	72.6685
8536	71.5627	72.4936
8537	71.5627	72.6858
8538	71.5627	72.6404
8539	71.5627	72.1392
8540	71.5627	71.879
8541	71.5627	72.4368
8542	71.5627	73.2351
8543	71.5627	72.6248
8544	71.5627	72.7287
8545	71.5627	71.9827
8546	71.5627	72.7455
8547	71.5627	71.9286
8548	71.5627	72.5436
8549	71.5627	72.763
8550	71.5627	72.2479
8551	71.5627	72.3922
8552	71.5627	72.1527
8553	71.5627	72.0311
8554	71.5627	72.0882
8555	71.5627	72.4434
8556	71.5627	72.5368
8557	71.5627	71.7521
8558	71.5627	71.9838
8559	71.5627	73.0901
8560	71.5627	72.5315
8561	71.5627	73.4168
8562	71.5627	72.4723
8563	71.5627	71.7767
8564	71.5627	71.5627
8565	71.5627	71.5627
8566	71.5627	71.9296
8567	71.5627	71.9243
8568	71.5627	72.0986
8569	71.5627	72.2435
8570	71.5627	72.0333
8571	71.5627	72.0789
8572	71.5627	73.9283
8573	71.5627	72.7619
8574	71.5627	73.5502
8575	71.5627	73.7174
8576	71.5627	74.3191
8577	71.5627	74.4589
8578	71.5627	72.9166
8579	71.5627	73.2588
8580	71.5627	72.1063
8581	71.5627	71.7762
8582	71.5627	71.7301
8583	71.5627	72.1269
8584	71.5627	71.5772
8585	71.5627	72.3414
8586	71.5627	73.275
8587	71.5627	72.1228
8588	71.5627	71.8987
8589	71.5627	72.0778
8590	71.5627	71.7334
8591	71.5627	71.7274
8592	71.5627	72.1169
8593	71.5627	72.4452
8594	71.5627	72.5435
8595	71.5627	72.5355
8596	71.5627	73.2622
8597	71.5627	72.6726
8598	71.5627	72.4966
8599	71.5627	72.7511
8600	71.5627	72.1549
8601	71.5627	71.6656
8602	71.5627	71.5627
8603	71.5627	71.5627
8604	71.5627	71.9864
8605	71.5627	71.6207
8606	71.5627	71.5627
8607	71.5627	72.0941
8608	71.5627	71.8377
8609	71.5627	71.8996
8610	71.5627	71.6091
8611	71.5627	71.6143
8612	71.5627	71.8313
8613	71.5627	72.241
8614	71.5627	73.0347
8615	71.5627	73.7234
8616	71.5627	72.4848
8617	71.5627	73.851
8618	71.5627	74.2093
8619	71.5627	72.5485
8620	71.5627	73.2921
8621	71.5627	73.1763
8622	71.5627	72.5203
8623	71.5627	72.0501
8624	71.5627	72.379
8625	71.5627	72.4272
8626	71.5627	73.1181
8627	71.5627	73.055
8628	71.5627	72.0315
8629	71.5627	71.5728
8630	71.5627	71.6032
8631	71.5627	71.5627
8632	71.5627	71.575
8633	71.5627	71.5627
8634	71.5627	71.5627
8635	71.5627	72.6786
8636	71.5627	71.8868
8637	71.5627	72.0959
8638	71.5627	72.875
8639	71.5627	72.6379
8640	71.5627	72.6138
8641	71.5627	73.8751
8642	71.5627	72.5533
8643	71.5627	72.6588
8644	71.5627	71.9716
8645	71.5627	72.3773
8646	71.5627	72.0246
8647	71.5627	71.8428
8648	71.5627	72.4984
8649	71.5627	73.24
8650	71.5627	72.1301
8651	71.5627	72.7755
8652	71.5627	73.1457
8653	71.5627	73.2884
8654	71.5627	73.0881
8655	71.5627	73.1278
8656	71.5627	72.7959
8657	71.5627	72.1517
8658	71.5627	72.2537
8659	71.5627	71.613
8660	71.5627	71.5627
8661	71.5627	71.5627
8662	71.5627	71.5992
8663	71.5627	71.5627
8664	71.5627	71.5627
8665	71.5627	71.5651
8666	71.5627	71.5627
8667	71.5627	71.5627
8668	71.5627	71.5627
8669	71.5627	71.745
8670	71.5627	71.6385
8671	71.5627	71.9194
8672	71.5627	72.6468
8673	71.5627	72.6512
8674	71.5627	73.8074
8675	71.5627	73.7884
8676	71.5627	72.4894
8677	71.5627	72.0008
8678	71.5627	71.5627
8679	71.5627	71.7688
8680	71.5627	71.9016
8681	71.5627	72.1861
8682	71.5627	71.5865
8683	71.5627	71.9658
8684	71.5627	71.6786
8685	71.5627	71.5774
8686	71.5627	71.5627
8687	71.5627	71.5627
8688	71.5627	71.6906
8689	71.5627	71.5627
8690	71.5627	71.6088
8691	71.5627	72.1593
8692	71.5627	73.1457
8693	71.5627	73.5163
8694	71.5627	73.2476
8695	71.5627	73.5392
8696	71.5627	73.4074
8697	71.5627	74.585
8698	71.5627	73.6688
8699	71.5627	73.7562
8700	71.5627	73.1324
8701	71.5627	72.271
8702	71.5627	73.0315
8703	71.5627	72.5739
8704	71.5627	72.2738
8705	71.5627	72.5291
8706	71.5627	74.6471
8707	71.5627	74.4143
8708	71.5627	73.4769
8709	71.5627	72.2463
8710	71.5627	72.5728
8711	71.3194	73.5275
8712	71.3194	73.188
8713	71.3194	72.1206
8714	71.3194	72.0755
8715	71.3194	72.5528
8716	71.3194	72.6701
8717	71.3194	72.9323
8718	71.3194	71.7189
8719	71.3194	72.9575
8720	71.3194	71.9228
8721	71.3194	73.0535
8722	71.3194	73.2085
8723	71.3194	72.9288
8724	71.3194	71.9926
8725	71.3194	72.2747
8726	71.3194	73.1892
8727	71.3194	72.0539
8728	71.3194	72.8899
8729	71.3194	75.1063
8730	71.3194	75.141
8731	71.3194	74.9319
8732	71.3194	74.7379
8733	71.3194	72.7433
8734	71.3194	72.3647
8735	71.3194	72.3929
8736	71.3194	72.9212
8737	71.3194	72.4937
8738	71.3194	74.2252
8739	71.3194	72.2772
8740	71.3194	73.7924
8741	71.3194	72.9804
8742	71.3194	72.6005
8743	71.3194	71.655
8744	71.3194	71.4945
8745	71.3194	72.3414
8746	71.3194	72.1425
8747	71.3194	71.3875
8748	71.3194	71.3575
8749	71.3194	72.1434
8750	71.3194	72.2599
8751	71.3194	71.6292
8752	71.3194	71.3424
8753	71.3194	71.5318
8754	71.3194	72.0869
8755	71.3194	71.8312
8756	71.3194	71.3982
8757	71.3194	71.5566
8758	71.3194	72.071
8759	71.3194	73.2405
8760	71.3194	72.0784
8761	71.3194	71.5909
8762	71.3194	72.2658
8763	71.3194	73.7322
8764	71.3194	71.3194
8765	71.3194	71.4194
8766	71.3194	71.6527
8767	71.3194	71.461
8768	71.3194	71.4819
8769	71.3194	71.3422
8770	71.3194	71.3369
8771	71.3194	72.3185
8772	71.3194	72.0663
8773	71.3194	71.4165
8774	71.3194	71.4148
8775	71.3194	71.6422
8776	71.3194	71.4558
8777	71.3194	72.7318
8778	71.3194	72.1446
8779	71.3194	71.3562
8780	71.3194	71.7845
8781	71.3194	72.3655
8782	71.3194	73.3147
8783	71.3194	72.6219
8784	71.3194	71.9205
8785	71.3194	73.2532
8786	71.3194	72.0375
8787	71.3194	71.5543
8788	71.3194	71.629
8789	71.3194	71.5521
8790	71.3194	71.4778
8791	71.3194	72.1723
8792	71.3194	71.3793
8793	71.3194	71.3194
8794	71.3194	71.3478
8795	71.3194	71.3194
8796	71.3194	71.3194
8797	71.3194	71.6614
8798	71.3194	72.5823
8799	71.3194	72.2075
8800	71.3194	72.6209
8801	71.3194	73.9867
8802	71.3194	74.8426
8803	71.3194	73.0958
8804	71.3194	73.5656
8805	71.3194	75.7701
8806	71.3194	76.0996
8807	71.3194	73.5633
8808	71.3194	71.7456
8809	71.3194	71.6215
8810	71.3194	71.5352
8811	71.3194	72.3909
8812	71.3194	73.134
8813	71.3194	71.3483
8814	71.3194	71.3339
8815	71.3194	71.654
8816	71.3194	71.5034
8817	71.3194	71.3339
8818	71.3194	71.3194
8819	71.3194	71.3194
8820	71.3194	71.3734
8821	71.3194	71.5043
8822	71.3194	71.3194
8823	71.3194	71.3592
8824	71.3194	72.7002
8825	71.3194	71.5071
8826	71.3194	71.3194
8827	71.3194	71.5089
8828	71.3194	71.4397
8829	71.3194	71.9319
8830	71.3194	71.6028
8831	71.3194	71.3194
8832	71.3194	71.3194
8833	71.3194	71.3194
8834	71.3194	71.8632
8835	71.3194	71.5728
8836	71.3194	71.3707
8837	71.3194	71.3373
8838	71.3194	71.3194
8839	71.3194	71.3265
8840	71.3194	71.3194
8841	71.3194	71.3194
8842	71.3194	71.3194
8843	71.3194	71.4647
8844	71.3194	71.6103
8845	71.3194	71.6413
8846	71.3194	71.3984
8847	71.3194	71.3194
8848	71.3194	71.8688
8849	71.3194	72.3257
8850	71.3194	71.621
8851	71.3194	71.9124
8852	71.3194	73.3281
8853	71.3194	71.3775
8854	71.3194	71.8606
8855	71.3194	72.0109
8856	71.3194	71.4038
8857	71.3194	71.5534
8858	71.3194	71.3194
8859	71.3194	71.3194
8860	71.3194	71.3194
8861	71.3194	71.457
8862	71.3194	72.4292
8863	71.3194	71.6516
8864	71.3194	71.4348
8865	71.3194	71.3992
8866	71.3194	71.7942
8867	71.3194	71.9954
8868	71.3194	71.3194
8869	71.3194	72.4228
8870	71.3194	72.6708
8871	71.3194	73.9383
8872	71.3194	72.5261
8873	71.3194	71.8563
8874	71.3194	72.2189
8875	71.3194	71.5607
8876	71.3194	71.8531
8877	71.3194	71.9005
8878	71.3194	71.4334
8879	71.3194	72.1199
8880	71.3194	71.5446
8881	71.3194	71.576
8882	71.3194	72.3694
8883	71.3194	72.3324
8884	71.3194	72.3821
8885	71.3194	71.7861
8886	71.3194	72.0551
8887	71.3194	71.5801
8888	71.3194	71.3194
8889	71.3194	71.3227
8890	71.3194	71.3194
8891	71.3194	71.3316
8892	71.3194	71.4321
8893	71.3194	72.0737
8894	71.3194	73.2202
8895	71.3194	72.8172
8896	71.3194	71.4372
8897	71.3194	71.3194
8898	71.3194	71.4317
8899	71.3194	72.2338
8900	71.3194	71.7249
8901	71.3194	72.8942
8902	71.3194	73.3406
8903	71.3194	73.2258
8904	71.3194	72.196
8905	71.3194	71.815
8906	71.3194	71.8236
8907	71.3194	71.4619
8908	71.3194	71.3309
8909	71.3194	71.391
8910	71.3194	71.4263
8911	71.3194	71.3263
8912	71.3194	71.5299
8913	71.3194	71.3194
8914	71.3194	71.3194
8915	71.3194	71.8347
8916	71.3194	72.2444
8917	71.3194	73.3658
8918	71.3194	76.0669
8919	71.3194	73.993
8920	71.3194	71.4976
8921	71.3194	71.4476
8922	71.3194	71.6362
8923	71.3194	71.9718
8924	71.3194	71.3349
8925	71.3194	71.6013
8926	71.3194	71.7366
8927	71.3194	72.6505
8928	71.3194	72.5634
8929	71.3194	71.6589
8930	71.3194	73.51
8931	71.3194	71.5195
8932	71.3194	71.4585
8933	71.3194	72.2191
8934	71.3194	72.2924
8935	71.3194	73.0115
8936	71.3194	71.9439
8937	71.3194	72.5373
8938	71.3194	73.3954
8939	71.3194	72.0136
8940	71.3194	71.655
8941	71.3194	72.6327
8942	71.3194	71.7681
8943	71.3194	72.6526
8944	71.3194	75.263
8945	71.3194	73.9468
8946	71.3194	71.9697
8947	71.3194	71.571
8948	71.3194	72.142
8949	71.3194	73.4368
8950	71.3194	74.1263
8951	71.3194	74.0543
8952	71.3194	74.1251
8953	71.3194	73.269
8954	71.3194	72.8131
8955	71.3194	71.7346
8956	71.3194	71.5563
8957	71.3194	71.3194
8958	71.3194	71.3194
8959	71.3194	71.3609
8960	71.3194	72.4385
8961	71.3194	71.5416
8962	71.3194	71.3347
8963	71.3194	72.3555
8964	71.3194	72.2398
8965	71.3194	71.5929
8966	71.3194	71.4187
8967	71.3194	71.7725
8968	71.3194	72.3038
8969	71.3194	71.3194
8970	71.3194	71.6357
8971	71.3194	71.4193
8972	71.3194	71.9724
8973	71.3194	72.5082
8974	71.3194	71.5282
8975	71.3194	71.5687
8976	71.3194	71.6954
8977	71.3194	71.6406
8978	71.3194	72.2712
8979	71.3194	72.0366
8980	71.3194	71.6919
8981	71.3194	71.8488
8982	71.3194	71.3194
8983	71.3194	71.5871
8984	71.3194	71.6446
8985	71.3194	72.3129
8986	71.3194	72.0459
8987	71.3194	71.3194
8988	71.3194	71.3194
8989	71.3194	71.5579
8990	71.3194	71.6858
8991	71.3194	71.5102
8992	71.3194	71.4523
8993	71.3194	71.3194
8994	71.3194	71.6968
8995	71.3194	71.3765
8996	71.3194	71.3194
8997	71.3194	71.3194
8998	71.3194	71.3194
8999	71.3194	71.5826
9000	71.3194	72.6767
9001	71.3194	71.5041
9002	71.3194	72.2461
9003	71.3194	71.4191
9004	71.3194	71.3194
9005	71.3194	71.3194
9006	71.3194	71.8067
9007	71.3194	73.0307
9008	71.3194	72.5845
9009	71.3194	72.2982
9010	71.3194	73.5264
9011	71.3194	71.9007
9012	71.3194	71.3194
9013	71.3194	71.5932
9014	71.3194	72.3842
9015	71.3194	71.7898
9016	71.3194	71.3194
9017	71.3194	71.3194
9018	71.3194	71.3456
9019	71.3194	71.3194
9020	71.3194	71.3883
9021	71.3194	71.3492
9022	71.3194	71.4062
9023	71.3194	72.2897
9024	71.3194	72.0521
9025	71.3194	72.3921
9026	71.3194	72.5085
9027	71.3194	72.8403
9028	71.3194	72.5085
9029	71.3194	71.7029
9030	71.3194	72.2117
9031	71.3194	71.3194
9032	71.3194	71.584
9033	71.3194	71.3674
9034	71.3194	71.6196
9035	71.3194	71.3375
9036	71.3194	71.3911
9037	71.3194	71.7471
9038	71.3194	72.9214
9039	71.3194	72.1694
9040	71.3194	72.7512
9041	71.3194	71.4533
9042	71.3194	71.752
9043	71.3194	72.2285
9044	71.3194	71.5833
9045	71.3194	71.399
9046	71.3194	71.7746
9047	71.3194	71.3443
9048	71.3194	71.3837
9049	71.3194	71.6757
9050	71.3194	71.7607
9051	71.3194	72.4869
9052	71.3194	71.4491
9053	71.3194	72.7835
9054	71.3194	72.3687
9055	71.3194	72.6249
9056	71.3194	71.3194
9057	71.3194	71.3369
9058	71.3194	71.3396
9059	71.3194	71.3194
9060	71.3194	71.3194
9061	71.3194	71.3194
9062	71.3194	71.4466
9063	71.3194	71.3447
9064	71.3194	71.5058
9065	71.3194	71.3349
9066	71.3194	71.3194
9067	71.3194	71.8284
9068	71.3194	71.3194
9069	71.3194	71.3753
9070	71.3194	72.2345
9071	71.3194	72.7908
9072	71.3194	73.9848
9073	71.3194	73.297
9074	71.3194	72.3543
9075	71.3194	72.9731
9076	71.3194	73.4955
9077	71.3194	72.4879
9078	71.3194	73.0979
9079	71.3194	72.8566
9080	71.3194	73.7378
9081	71.3194	75.1642
9082	71.3194	72.7218
9083	71.3194	71.9736
9084	71.3194	71.5459
9085	71.3194	71.7577
9086	71.3194	71.6678
9087	71.3194	71.5337
9088	71.3194	71.8479
9089	71.3194	72.3616
9090	71.3194	71.6
9091	71.3194	71.6114
9092	71.3194	72.011
9093	71.3194	71.902
9094	71.3194	71.7244
9095	71.3194	72.4322
9096	71.3194	71.4822
9097	71.3194	72.978
9098	71.3194	72.0251
9099	71.3194	71.4788
9100	71.3194	72.4882
9101	71.3194	71.8842
9102	71.3194	71.7197
9103	71.3194	71.5107
9104	71.3194	72.8037
9105	71.3194	72.0508
9106	71.3194	71.8272
9107	71.3194	71.3967
9108	71.3194	72.1908
9109	71.3194	72.0255
9110	71.3194	71.5773
9111	71.3194	72.1407
9112	71.3194	71.4999
9113	71.3194	71.3194
9114	71.3194	71.3194
9115	71.3194	71.5712
9116	71.3194	71.716
9117	71.3194	71.6395
9118	71.3194	71.3321
9119	71.3194	71.3194
9120	71.3194	71.389
9121	71.3194	71.3258
9122	71.3194	71.3396
9123	71.3194	71.3194
9124	71.3194	71.6973
9125	71.3194	71.9097
9126	71.3194	71.5752
9127	71.3194	71.3487
9128	71.3194	72.8751
9129	71.3194	73.1315
9130	71.3194	71.5802
9131	71.3194	71.6711
9132	71.3194	72.5651
9133	71.3194	71.3743
9134	71.3194	71.58
9135	71.3194	71.889
9136	71.3194	72.0336
9137	71.3194	71.7596
9138	71.3194	73.5468
9139	71.3194	72.2575
9140	71.3194	72.5061
9141	71.3194	72.8588
9142	71.3194	72.9642
9143	71.3194	72.8753
9144	71.3194	73.3058
9145	71.3194	71.6899
9146	71.3194	71.858
9147	71.3194	71.3772
9148	71.3194	71.3194
9149	71.3194	71.6387
9150	71.3194	71.8604
9151	71.3194	71.526
9152	71.3194	71.9092
9153	71.3194	72.767
9154	71.3194	72.7073
9155	71.3194	73.4661
9156	71.3194	73.2309
9157	71.3194	74.4192
9158	71.3194	74.0596
9159	71.3194	71.6136
9160	71.3194	71.831
9161	71.3194	71.421
9162	71.3194	71.4827
9163	71.3194	72.1101
9164	71.3194	72.5913
9165	71.3194	73.4832
9166	71.3194	71.5891
9167	71.3194	72.2085
9168	71.3194	71.3206
9169	71.3194	71.3194
9170	71.3194	71.3194
9171	71.3194	72.0017
9172	71.3194	72.7148
9173	71.3194	72.0281
9174	71.3194	72.5332
9175	71.3194	71.8696
9176	71.3194	72.4839
9177	71.3194	72.3564
9178	71.3194	72.6884
9179	71.3194	72.9372
9180	71.3194	71.5811
9181	71.3194	71.3875
9182	71.3194	71.7253
9183	71.3194	71.7654
9184	71.3194	73.7205
9185	71.3194	72.3928
9186	71.3194	72.4643
9187	71.3194	71.4349
9188	71.3194	71.5918
9189	71.3194	71.3194
9190	71.3194	71.4532
9191	71.3194	71.3194
9192	71.3194	71.9929
9193	71.3194	71.5052
9194	71.3194	71.6169
9195	71.3194	73.0261
9196	71.3194	73.4439
9197	71.3194	72.3533
9198	71.3194	71.8735
9199	71.3194	71.3194
9200	71.3194	71.3194
9201	71.3194	71.3194
9202	71.3194	71.6575
9203	71.3194	71.7497
9204	71.3194	72.0555
9205	71.3194	71.3194
9206	71.3194	71.4437
9207	71.3194	72.432
9208	71.3194	71.4901
9209	71.3194	71.4792
9210	71.3194	71.5951
9211	71.3194	71.3291
9212	71.3194	71.7252
9213	71.3194	72.915
9214	71.3194	71.3194
9215	71.3194	71.4023
9216	71.3194	71.7531
9217	71.3194	71.3218
9218	71.3194	71.3194
9219	71.3194	71.4837
9220	71.3194	71.6429
9221	71.3194	71.3194
9222	71.3194	71.4837
9223	71.3194	71.5275
9224	71.3194	71.3598
9225	71.3194	72.4242
9226	71.3194	76.5965
9227	71.3194	72.9871
9228	71.3194	71.8524
9229	71.3194	71.5383
9230	71.3194	71.3597
9231	71.3194	71.7781
9232	71.3194	73.4555
9233	71.3194	74.0162
9234	71.3194	75.1492
9235	71.3194	73.811
9236	71.3194	72.153
9237	71.3194	71.9516
9238	71.3194	71.4466
9239	71.3194	71.3194
9240	71.3194	71.9211
9241	71.3194	71.5744
9242	71.3194	71.5166
9243	71.3194	72.3127
9244	71.3194	72.1937
9245	71.3194	72.8422
9246	71.3194	72.0112
9247	71.3194	72.9544
9248	71.3194	72.3193
9249	71.3194	72.7602
9250	71.3194	72.1946
9251	71.3194	71.7248
9252	71.3194	72.3886
9253	71.3194	72.0352
9254	71.3194	71.4088
9255	71.3194	71.3194
9256	71.3194	71.3797
9257	71.3194	71.8661
9258	71.3194	71.3446
9259	71.3194	71.6171
9260	71.3194	71.8248
9261	71.3194	71.5801
9262	71.3194	72.0686
9263	71.3194	72.894
9264	71.3194	72.4109
9265	71.3194	72.9041
9266	71.3194	71.5772
9267	71.3194	72.6877
9268	71.3194	71.6718
9269	71.3194	71.7204
9270	71.3194	71.6778
9271	71.3194	72.7919
9272	71.3194	72.5465
9273	71.3194	72.6867
9274	71.3194	71.3194
9275	71.3194	71.5018
9276	71.3194	71.6699
9277	71.3194	71.4583
9278	71.3194	71.48
9279	71.3194	71.9469
9280	71.3194	71.7532
9281	71.3194	73.2571
9282	71.3194	71.8836
9283	71.3194	72.5875
9284	71.3194	72.6172
9285	71.3194	71.4299
9286	71.3194	71.408
9287	71.3194	72.0223
9288	71.3194	72.6413
9289	71.3194	71.3996
9290	71.3194	71.3663
9291	71.3194	71.6214
9292	71.3194	72.4247
9293	71.3194	72.7557
9294	71.3194	72.3685
9295	71.3194	73.2392
9296	71.3194	72.9862
9297	71.3194	72.3167
9298	71.3194	71.7811
9299	71.3194	71.565
9300	71.3194	71.3194
9301	71.3194	71.6323
9302	71.3194	71.4369
9303	71.3194	71.4291
9304	71.3194	71.603
9305	71.3194	71.6042
9306	71.3194	71.3194
9307	71.3194	71.3194
9308	71.3194	71.3194
9309	71.3194	72.6318
9310	71.3194	71.887
9311	71.3194	72.2996
9312	71.3194	71.4614
9313	71.3194	71.8224
9314	71.3194	71.4058
9315	71.3194	71.5625
9316	71.3194	71.3194
9317	71.3194	71.3194
9318	71.3194	72.0077
9319	71.3194	72.0978
9320	71.3194	71.4391
9321	71.3194	71.7528
9322	71.3194	71.3194
9323	71.3194	71.6394
9324	71.3194	71.3489
9325	71.3194	72.4491
9326	71.3194	71.7216
9327	71.3194	71.411
9328	71.3194	71.3599
9329	71.3194	71.3784
9330	71.3194	71.447
9331	71.3194	72.6329
9332	71.3194	71.6621
9333	71.3194	71.9441
9334	71.3194	72.2228
9335	71.3194	71.6082
9336	71.3194	72.4986
9337	71.3194	71.6643
9338	71.3194	71.8347
9339	71.3194	72.4775
9340	71.3194	72.4621
9341	71.3194	74.8831
9342	71.3194	73.9785
9343	71.3194	71.5523
9344	71.3194	71.4166
9345	71.3194	71.3312
9346	71.3194	72.2423
9347	71.3194	72.3676
9348	71.3194	72.2338
9349	71.3194	71.3806
9350	71.3194	71.3194
9351	71.3194	71.3194
9352	71.3194	71.3194
9353	71.3194	71.6729
9354	71.3194	71.3478
9355	71.3194	71.4826
9356	71.3194	74.2202
9357	71.3194	74.8971
9358	71.3194	73.8143
9359	71.3194	73.0831
9360	71.3194	73.2427
9361	71.3194	72.4038
9362	71.3194	72.1786
9363	71.3194	71.3194
9364	71.3194	72.6638
9365	71.3194	71.3546
9366	71.3194	72.4388
9367	71.3194	72.1573
9368	71.3194	72.9237
9369	71.3194	71.5598
9370	71.3194	71.4364
9371	71.3194	71.3194
9372	71.3194	71.5329
9373	71.3194	71.3611
9374	71.3194	71.3194
9375	71.3194	71.5927
9376	71.3194	71.3352
9377	71.3194	71.3677
9378	71.3194	71.6035
9379	71.3194	72.1847
9380	71.3194	72.9875
9381	71.3194	73.2285
9382	71.3194	72.5316
9383	71.3194	72.3243
9384	71.3194	72.6968
9385	71.3194	73.1122
9386	71.3194	73.1841
9387	71.3194	72.4676
9388	71.3194	71.6525
9389	71.3194	71.3194
9390	71.3194	71.3194
9391	71.3194	71.3194
9392	71.3194	71.4928
9393	71.3194	71.8203
9394	71.3194	71.8928
9395	71.3194	72.7105
9396	71.3194	73.0486
9397	71.3194	71.512
9398	71.3194	71.5106
9399	71.3194	71.3625
9400	71.3194	72.2725
9401	71.3194	73.4899
9402	71.3194	72.6112
9403	71.3194	72.3454
9404	71.3194	71.3194
9405	71.3194	71.3194
9406	71.3194	71.3194
9407	71.3194	71.4922
9408	71.3194	71.5116
9409	71.3194	72.6916
9410	71.3194	73.0675
9411	71.3194	74.0752
9412	71.3194	75.7137
9413	71.3194	75.4513
9414	71.3194	74.0093
9415	71.3194	73.7442
9416	71.3194	72.1278
9417	71.3194	73.1802
9418	71.3194	73.079
9419	71.3194	72.6842
9420	71.3194	72.4316
9421	71.3194	73.2699
9422	71.3194	72.0343
9423	71.3194	72.7448
9424	71.3194	71.3661
9425	71.3194	71.3194
9426	71.3194	71.6583
9427	71.3194	71.7056
9428	71.3194	71.7933
9429	71.3194	71.5114
9430	71.3194	73.108
9431	71.3194	72.4829
9432	71.3194	72.5699
9433	71.3194	72.7335
9434	71.3194	71.7778
9435	71.3194	72.0332
9436	71.3194	71.3879
9437	71.3194	71.4711
9438	71.3194	72.439
9439	71.3194	72.6845
9440	71.3194	73.2585
9441	71.3194	73.5563
9442	71.3194	71.528
9443	71.3194	71.3194
9444	71.3194	71.3623
9445	71.3194	73.0697
9446	71.3194	72.1075
9447	71.3194	72.547
9448	71.3194	72.3335
9449	71.3194	71.7347
9450	71.3194	71.3194
9451	71.3194	72.1512
9452	71.3194	71.3739
9453	71.3194	71.3912
9454	71.3194	71.8666
9455	71.3194	71.9576
9456	71.3194	71.327
9457	71.3194	71.3194
9458	71.3194	71.3194
9459	71.3194	71.3194
9460	71.3194	71.3194
9461	71.3194	71.8609
9462	71.3194	71.8574
9463	71.3194	71.4197
9464	71.3194	71.4189
9465	71.3194	71.4137
9466	71.3194	71.6397
9467	71.3194	71.5308
9468	71.3194	71.4009
9469	71.3194	71.3194
9470	71.3194	71.4892
9471	71.3194	71.3565
9472	71.3194	71.6613
9473	71.3194	72.2257
9474	71.3194	71.5619
9475	71.3194	72.4672
9476	71.3194	71.7248
9477	71.3194	72.4066
9478	71.3194	72.2938
9479	71.3194	71.7189
9480	71.3194	72.4964
9481	71.3194	71.4707
9482	71.3194	71.3322
9483	71.3194	71.6822
9484	71.3194	72.8863
9485	71.3194	73.8325
9486	71.3194	73.6608
9487	71.3194	73.1226
9488	71.3194	72.312
9489	71.3194	72.4871
9490	71.3194	71.7744
9491	71.3194	71.3879
9492	71.3194	71.3194
9493	71.3194	71.4239
9494	71.3194	71.3715
9495	71.3194	71.556
9496	71.3194	73.3057
9497	71.3194	71.732
9498	71.3194	72.176
9499	71.3194	71.3194
9500	71.3194	71.7986
9501	71.3194	72.0052
9502	71.3194	71.9783
9503	71.3194	72.0693
9504	71.3194	72.3001
9505	71.3194	71.9822
9506	71.3194	72.6847
9507	71.3194	73.5128
9508	71.3194	71.9451
9509	71.3194	71.3632
9510	71.3194	71.7209
9511	71.3194	73.3625
9512	71.3194	72.8289
9513	71.3194	72.5974
9514	71.3194	72.237
9515	71.3194	71.3277
9516	71.3194	71.7957
9517	71.3194	71.7789
9518	71.3194	71.9126
9519	71.3194	71.3194
9520	71.3194	71.3194
9521	71.3194	71.6102
9522	71.3194	71.8678
9523	71.3194	71.5515
9524	71.3194	71.6498
9525	71.3194	72.4861
9526	71.3194	71.704
9527	71.3194	71.4388
9528	71.3194	73.164
9529	71.3194	74.3099
9530	71.3194	73.35
9531	71.3194	72.2674
9532	71.3194	73.8517
9533	71.3194	74.2176
9534	71.3194	75.225
9535	71.3194	73.9821
9536	71.3194	74.0779
9537	71.3194	73.4387
9538	71.3194	72.5505
9539	71.3194	72.1108
9540	71.3194	72.2965
9541	71.3194	72.8425
9542	71.3194	71.7871
9543	71.3194	71.4767
9544	71.3194	71.4936
9545	71.3194	71.3376
9546	71.3194	71.4791
9547	71.3194	71.3194
9548	71.3194	71.3194
9549	71.3194	73.6388
9550	71.3194	71.5159
9551	71.3194	71.3194
9552	71.3194	71.3194
9553	71.3194	71.3194
9554	71.3194	71.3194
9555	71.3194	71.3194
9556	71.3194	71.3574
9557	71.3194	72.1561
9558	71.3194	72.1532
9559	71.3194	71.3194
9560	71.3194	71.6164
9561	71.3194	71.3928
9562	71.3194	71.3601
9563	71.3194	71.9613
9564	71.3194	71.3194
9565	71.3194	71.3194
9566	71.3194	71.3194
9567	71.3194	71.48
9568	71.3194	71.3194
9569	71.3194	71.3194
9570	71.3194	72.1425
9571	71.3194	71.7855
9572	71.3194	71.7655
9573	71.3194	72.2775
9574	71.3194	73.1051
9575	71.3194	72.069
9576	71.3194	72.3907
9577	71.3194	71.7944
9578	71.3194	72.0139
9579	71.3194	72.5477
9580	71.3194	72.8738
9581	71.3194	72.3093
9582	71.3194	72.2878
9583	71.3194	72.588
9584	71.3194	72.1108
9585	71.3194	71.8448
9586	71.3194	71.9198
9587	71.3194	71.5247
9588	71.3194	72.5357
9589	71.3194	71.613
9590	71.3194	71.9411
9591	71.3194	72.4316
9592	71.3194	71.5256
9593	71.3194	71.8629
9594	71.3194	71.9153
9595	71.3194	72.7242
9596	71.3194	74.7396
9597	71.3194	74.8633
9598	71.3194	73.9958
9599	71.3194	72.046
9600	71.3194	74.5586
9601	71.3194	71.9419
9602	71.3194	72.0942
9603	71.3194	71.4297
9604	71.3194	71.5995
9605	71.3194	71.9265
9606	71.3194	72.3171
9607	71.3194	71.495
9608	71.3194	71.7342
9609	71.3194	71.8687
9610	71.3194	72.2996
9611	71.3194	72.8022
9612	71.3194	72.4013
9613	71.3194	74.3017
9614	71.3194	72.2654
9615	71.3194	71.7404
9616	71.3194	71.8477
9617	71.3194	71.3878
9618	71.3194	71.3692
9619	71.3194	71.3959
9620	71.3194	71.3194
9621	71.3194	72.4022
9622	71.3194	71.3307
9623	71.3194	71.3718
9624	71.3194	71.3194
9625	71.3194	71.3194
9626	71.3194	71.3194
9627	71.3194	71.3194
9628	71.3194	71.3301
9629	71.3194	71.3194
9630	71.3194	71.3194
9631	71.3194	71.3194
9632	71.3194	71.3194
9633	71.3194	71.3194
9634	71.3194	71.7892
9635	71.3194	72.0902
9636	71.3194	72.7667
9637	71.3194	75.231
9638	71.3194	72.6122
9639	71.3194	72.513
9640	71.3194	71.3231
9641	71.3194	71.671
9642	71.3194	72.5215
9643	71.3194	71.6352
9644	71.3194	71.585
9645	71.3194	71.3194
9646	71.3194	71.4623
9647	71.3194	71.4554
9648	71.3194	71.9098
9649	71.3194	71.8252
9650	71.3194	71.3873
9651	71.3194	71.3872
9652	71.3194	71.5012
9653	71.3194	71.6108
9654	71.3194	71.5026
9655	71.3194	71.3194
9656	71.3194	71.3194
9657	71.3194	71.6146
9658	71.3194	72.235
9659	71.3194	71.3738
9660	71.3194	71.3582
9661	71.3194	71.4567
9662	71.3194	71.9939
9663	71.3194	73.0592
9664	71.3194	72.0675
9665	71.3194	73.9811
9666	71.3194	72.7458
9667	71.3194	72.0223
9668	71.3194	72.3529
9669	71.3194	72.166
9670	71.3194	72.0692
9671	71.3194	72.2166
9672	71.3194	71.7285
9673	71.3194	71.657
9674	71.3194	71.5405
9675	71.3194	72.3435
9676	71.3194	72.4755
9677	71.3194	74.1827
9678	71.3194	72.442
9679	71.3194	71.8906
9680	71.3194	72.8966
9681	71.3194	72.2045
9682	71.3194	72.057
9683	71.3194	71.3194
9684	71.3194	71.4319
9685	71.3194	71.3967
9686	71.3194	71.3345
9687	71.3194	71.3194
9688	71.3194	71.3194
9689	71.3194	71.8896
9690	71.3194	72.8927
9691	71.3194	72.3907
9692	71.3194	71.558
9693	71.3194	72.2131
9694	71.3194	71.9824
9695	71.3194	71.3194
9696	71.3194	71.3194
9697	71.3194	71.5185
9698	71.3194	72.0658
9699	71.3194	71.7359
9700	71.3194	71.4199
9701	71.3194	71.6441
9702	71.3194	71.7442
9703	71.3194	71.9838
9704	71.3194	71.895
9705	71.3194	71.8835
9706	71.3194	72.8156
9707	71.3194	72.6827
9708	71.3194	71.7432
9709	71.3194	71.396
9710	71.3194	71.3247
9711	71.3194	71.3194
9712	71.3194	71.5483
9713	71.3194	71.4693
9714	71.3194	71.4989
9715	71.3194	71.3194
9716	71.3194	71.3194
9717	71.3194	71.3194
9718	71.3194	71.3194
9719	71.3194	71.469
9720	71.3194	72.1227
9721	71.3194	71.3704
9722	71.3194	71.3194
9723	71.3194	72.1281
9724	71.3194	73.1943
9725	71.3194	73.3546
9726	71.3194	72.7652
9727	71.3194	72.7574
9728	71.3194	72.5322
9729	71.3194	72.7309
9730	71.3194	73.8466
9731	71.3194	71.9812
9732	71.3194	71.9955
9733	71.3194	71.7327
9734	71.3194	71.5577
9735	71.3194	71.6602
9736	71.3194	72.2246
9737	71.3194	72.2974
9738	71.3194	73.3758
9739	71.3194	71.8735
9740	71.3194	71.6153
9741	71.3194	72.752
9742	71.3194	72.0904
9743	71.3194	72.3861
9744	71.3194	73.8926
9745	71.3194	73.6415
9746	71.3194	72.3649
9747	71.3194	71.3984
9748	71.3194	71.3709
9749	71.3194	71.8631
9750	71.3194	72.903
9751	71.3194	73.0287
9752	71.3194	71.9934
9753	71.3194	72.4456
9754	71.3194	71.3358
9755	71.3194	71.3194
9756	71.3194	71.3194
9757	71.3194	71.7345
9758	71.3194	71.3352
9759	71.3194	71.3194
9760	71.3194	71.3536
9761	71.3194	71.3194
9762	71.3194	71.3194
9763	71.3194	71.3663
9764	71.3194	71.3194
9765	71.3194	71.3194
9766	71.3194	71.5782
9767	71.3194	72.3043
9768	71.3194	72.1595
9769	71.3194	71.8188
9770	71.3194	72.9466
9771	71.3194	74.343
9772	71.3194	74.7627
9773	71.3194	74.2172
9774	71.3194	73.1534
9775	71.3194	71.7074
9776	71.3194	71.3194
9777	71.3194	71.4167
9778	71.3194	72.2614
9779	71.3194	72.0354
9780	71.3194	71.507
9781	71.3194	72.7473
9782	71.3194	72.4716
9783	71.3194	71.8144
9784	71.3194	71.804
9785	71.3194	71.3194
9786	71.3194	71.3194
9787	71.3194	71.766
9788	71.3194	71.8501
9789	71.3194	72.1435
9790	71.3194	72.108
9791	71.3194	71.5341
9792	71.3194	71.7354
9793	71.3194	71.3515
9794	71.3194	71.6444
9795	71.3194	72.8994
9796	71.3194	72.2258
9797	71.3194	72.7826
9798	71.3194	71.8887
9799	71.3194	71.4474
9800	71.3194	71.5532
9801	71.3194	71.7838
9802	71.3194	71.4794
9803	71.3194	72.4975
9804	71.3194	73.4213
9805	71.3194	71.4906
9806	71.3194	71.832
9807	71.3194	71.3194
9808	71.3194	71.3194
9809	71.3194	71.5394
9810	71.3194	72.3455
9811	71.3194	73.2289
9812	71.3194	73.6901
9813	71.3194	73.6754
9814	71.3194	72.5193
9815	71.3194	71.5799
9816	71.3194	71.3469
9817	71.3194	71.3194
9818	71.3194	71.4405
9819	71.3194	71.4821
9820	71.3194	71.8013
9821	71.3194	71.8386
9822	71.3194	72.0631
9823	71.3194	71.7075
9824	71.3194	72.1747
9825	71.3194	72.5742
9826	71.3194	72.4905
9827	71.3194	72.8677
9828	71.3194	73.1221
9829	71.3194	74.2441
9830	71.3194	72.1921
9831	71.3194	72.3345
9832	71.3194	73.0228
9833	71.3194	73.2231
9834	71.3194	72.0917
9835	71.3194	72.2219
9836	71.3194	71.3194
9837	71.3194	71.3194
9838	71.3194	71.5673
9839	71.3194	71.9744
9840	71.3194	72.69
9841	71.3194	71.5793
9842	71.3194	72.0464
9843	71.3194	71.8183
9844	71.3194	71.3629
9845	71.3194	71.4354
9846	71.3194	71.3194
9847	71.3194	71.3858
9848	71.3194	71.7351
9849	71.3194	71.8581
9850	71.3194	71.3194
9851	71.3194	71.4001
9852	71.3194	72.8205
9853	71.3194	71.5882
9854	71.3194	71.8232
9855	71.3194	71.5169
9856	71.3194	71.374
9857	71.3194	71.3993
9858	71.3194	72.062
9859	71.3194	72.83
9860	71.3194	71.7481
9861	71.3194	71.3194
9862	71.3194	71.3761
9863	71.3194	71.3672
9864	71.3194	71.5613
9865	71.3194	72.4826
9866	71.3194	71.6246
9867	71.3194	72.2998
9868	71.3194	72.156
9869	71.3194	71.5115
9870	71.3194	71.3194
9871	71.3194	71.8401
9872	71.3194	71.9604
9873	71.3194	71.3417
9874	71.3194	71.8551
9875	71.3194	71.6901
9876	71.3194	71.7028
9877	71.3194	72.2786
9878	71.3194	73.0718
9879	71.3194	72.9774
9880	71.3194	72.2331
9881	71.3194	72.1737
9882	71.3194	73.0088
9883	71.3194	72.2513
9884	71.3194	72.0356
9885	71.3194	71.3689
9886	71.3194	71.5808
9887	71.3194	71.9917
9888	71.3194	71.7307
9889	71.3194	71.3597
9890	71.3194	71.3194
9891	71.3194	71.4057
9892	71.3194	71.8544
9893	71.3194	72.5148
9894	71.3194	72.0425
9895	71.3194	71.3424
9896	71.3194	71.6888
9897	71.3194	73.4439
9898	71.3194	73.0689
9899	71.3194	72.1806
9900	71.3194	71.8732
9901	71.3194	71.3717
9902	71.3194	71.3194
9903	71.3194	71.3194
9904	71.3194	71.9523
9905	71.3194	73.0252
9906	71.3194	75.092
9907	71.3194	73.2459
9908	71.3194	71.9455
9909	71.3194	71.6246
9910	71.3194	72.3162
9911	71.3194	72.4436
9912	71.3194	73.242
9913	71.3194	71.453
9914	71.3194	71.6352
9915	71.3194	71.3194
9916	71.3194	71.4287
9917	71.3194	71.4257
9918	71.3194	71.6451
9919	71.3194	71.3506
9920	71.3194	71.3775
9921	71.3194	71.3194
9922	71.3194	71.3194
9923	71.3194	71.8911
9924	71.3194	71.3705
9925	71.3194	72.2502
9926	71.3194	71.5629
9927	71.3194	71.3665
9928	71.3194	72.9847
9929	71.3194	73.1327
9930	71.3194	74.0651
9931	71.3194	72.0583
9932	71.3194	72.2246
9933	71.3194	72.3419
9934	71.3194	72.3116
9935	71.3194	71.3944
9936	71.3194	71.4432
9937	71.3194	72.2576
9938	71.3194	72.526
9939	71.3194	72.52
9940	71.3194	72.5342
9941	71.3194	73.0817
9942	71.3194	72.8084
9943	71.3194	73.0526
9944	71.3194	73.1303
9945	71.3194	71.5128
9946	71.3194	72.1588
9947	71.3194	72.4985
9948	71.3194	71.8376
9949	71.3194	71.4031
9950	71.3194	71.4449
9951	71.3194	71.3923
9952	71.3194	71.4682
9953	71.3194	71.5989
9954	71.3194	71.7417
9955	71.3194	71.3689
9956	71.3194	72.26
9957	71.3194	72.1185
9958	71.3194	71.7152
9959	71.3194	71.47
9960	71.3194	71.3194
9961	71.3194	71.4557
9962	71.3194	71.4628
9963	71.3194	71.3355
9964	71.3194	71.5184
9965	71.3194	71.4731
9966	71.3194	71.8376
9967	71.3194	72.8574
9968	71.3194	73.6962
9969	71.3194	73.4946
9970	71.3194	73.5484
9971	71.3194	73.4826
9972	71.3194	72.5081
9973	71.3194	72.9776
9974	71.3194	72.2899
9975	71.3194	72.8133
9976	71.3194	71.5041
9977	71.3194	71.4781
9978	71.3194	71.435
9979	71.3194	71.4554
9980	71.3194	71.3936
9981	71.3194	71.8324
9982	71.3194	72.4631
9983	71.3194	72.839
9984	71.3194	73.2815
9985	71.3194	72.3314
9986	71.3194	72.5612
9987	71.3194	72.2592
9988	71.3194	71.811
9989	71.3194	73.1833
9990	71.3194	72.7804
9991	71.3194	72.7296
9992	71.3194	72.0869
9993	71.3194	72.3778
9994	71.3194	71.439
9995	71.3194	71.5006
9996	71.3194	71.4183
9997	71.3194	71.4714
9998	71.3194	71.5627
9999	71.3194	71.3194
