0	434.403	476.415
1	418.865	459.648
2	399.109	442.875
3	398.138	427.763
4	383.86	411.616
5	383.86	399.939
6	382.008	394.518
7	376.003	390.77
8	375.307	383.855
9	371.101	380.035
10	371.101	377.899
11	366.021	373.942
12	356.497	372.429
13	345.415	369.288
14	345.415	367.327
15	343.54	362.347
16	341.998	353.807
17	341.998	348.534
18	337.773	346.328
19	337.773	344.166
20	335.967	341.925
21	333.841	339.399
22	333.841	338.659
23	332.044	338.835
24	330.424	335.447
25	326.195	333.154
26	322.815	333.031
27	321.244	329.489
28	319.487	327.051
29	317.865	324.042
30	315.405	323.153
31	315.53	322.255
32	313.873	319.603
33	304.907	318.63
34	304.907	316.782
35	304.907	312.384
36	304.707	310.729
37	301.287	307.992
38	300.923	305.583
39	298.654	303.988
40	298.654	304.288
41	298.32	302.783
42	295.777	301.351
43	293.841	299.541
44	282.238	299.43
45	282.238	295.636
46	273.122	291.577
47	272.623	285.863
48	271.198	278.291
49	271.198	277.241
50	271.002	276.015
51	266.248	274.252
52	266.053	273.929
53	266.053	271.233
54	265.275	269.949
55	264.631	270.16
56	263.647	268.721
57	258.986	269.437
58	258.223	265.686
59	258.223	265.6
60	256.244	262.238
61	256.244	262.094
62	253.385	259.642
63	253.349	259.393
64	253.349	257.761
65	253.349	255.18
66	252.858	254.335
67	247.1	254.437
68	247.088	253.237
69	245.468	251.411
70	245.468	249.763
71	243.083	247.873
72	235.456	248.262
73	233.848	243.43
74	232.31	241.582
75	230.164	238.424
76	230.164	236.09
77	229.659	236.08
78	229.659	234.525
79	229.253	233.076
80	226.462	233.603
81	226.462	233.976
82	224.782	230.515
83	223.902	229.073
84	218.075	228.804
85	217.129	226.299
86	217.129	226.138
87	210.797	225.498
88	210.797	222.124
89	210.07	218.521
90	209.079	214.056
91	208.701	212.126
92	204.614	211.141
93	204.614	211.573
94	202.321	209.969
95	199.053	207.735
96	199.053	206.417
97	199.053	205.93
98	191.916	203.682
99	191.916	201.157
100	191.916	200.963
101	190.973	199.016
102	190.973	197.92
103	189.661	197.471
104	189.661	195.12
105	189.661	194.528
106	189.661	192.317
107	189.619	192.151
108	188.774	190.789
109	188.519	190.779
110	188.231	191.53
111	186.576	190.401
112	186.576	190.448
113	186.405	190.133
114	182.767	188.749
115	182.767	188.935
116	182.337	187.726
117	182.337	186.896
118	178.297	185.741
119	178.297	186.971
120	178.297	184.203
121	177.927	181.021
122	177.597	179.733
123	177.227	178.183
124	177.182	178.195
125	175.853	178.093
126	175.853	177.219
127	175.153	177.372
128	175.153	176.99
129	175.153	176.207
130	174.341	177.028
131	174.341	176.805
132	174.341	176.319
133	174.341	176.274
134	174.341	176.153
135	174.341	176.654
136	174.341	175.649
137	173.496	175.627
138	173.496	175.562
139	173.496	176.613
140	173.496	175.849
141	172.886	177.03
142	172.342	176.226
143	172.243	176.015
144	171.883	176.535
145	171.883	176.576
146	169.629	174.321
147	167.877	173.438
148	167.877	174.413
149	167.877	173.82
150	167.048	171.21
151	167.048	169.358
152	167.048	170.564
153	166.887	170.459
154	166.887	171.832
155	165.968	171.755
156	165.968	171.812
157	165.968	167.903
158	165.968	166.834
159	165.968	166.383
160	165.287	166.644
161	165.287	167.53
162	165.287	167.361
163	165.287	166.959
164	164.475	165.727
165	164.475	165.375
166	163.684	165.38
167	163.684	165.878
168	163.684	166.05
169	163.684	165.795
170	163.638	166.012
171	163.246	164.481
172	163.246	164.053
173	163.2	164.806
174	163.2	163.445
175	163.2	163.288
176	162.986	163.214
177	162.986	163.2
178	162.966	163.143
179	162.966	163.055
180	162.966	163.224
181	162.966	163.311
182	162.966	163.327
183	162.004	163.256
184	160.164	163.475
185	160.164	163.028
186	160.164	161.768
187	159.993	162.322
188	159.993	160.831
189	159.993	160.85
190	159.993	160.887
191	159.993	161.029
192	159.272	160.991
193	154.98	160.815
194	154.766	160.575
195	153.246	160.166
196	152.79	160.052
197	152.79	157.457
198	152.79	156.984
199	152.371	156.159
200	152.371	155.079
201	151.348	155.442
202	151.348	153.048
203	150.91	152.593
204	150.91	152.942
205	150.91	153.826
206	150.91	154.631
207	150.91	153.248
208	150.081	153.84
209	150.081	153.821
210	150.081	153.108
211	149.878	150.892
212	149.878	151.173
213	149.878	152.023
214	149.878	151.281
215	149.878	153.162
216	149.878	150.963
217	149.878	150.135
218	149.878	150.133
219	149.878	149.915
220	149.878	149.878
221	149.351	150.326
222	149.351	150.857
223	149.351	152.596
224	148.291	152.68
225	148.217	153.823
226	148.217	153.411
227	148.217	152.532
228	148.217	151.342
229	148.217	150.903
230	148.217	150.343
231	148.217	150.134
232	147.571	148.204
233	147.571	148.555
234	146.804	148.075
235	146.804	147.779
236	146.804	147.586
237	146.515	147.796
238	146.515	147.158
239	146.515	146.801
240	146.316	147.073
241	145.825	146.511
242	145.825	146.629
243	145.825	147.578
244	145.825	148.044
245	145.825	147.874
246	145.802	146.719
247	145.802	146.292
248	145.311	146.299
249	145.311	146.488
250	145.311	146.632
251	144.842	146.178
252	143.837	146.364
253	143.837	144.918
254	143.837	145.381
255	143.837	145.683
256	143.837	144.888
257	143.491	144.124
258	142.831	143.887
259	141.31	143.546
260	141.31	143.107
261	141.31	142.371
262	140.462	142.137
263	140.462	141.588
264	139.583	141.12
265	139.583	141.612
266	139.342	141.705
267	139.093	141.376
268	139.093	142.227
269	139.093	140.233
270	138.925	140.387
271	138.925	139.937
272	138.925	139.978
273	138.925	140.25
274	138.925	139.596
275	137.308	139.311
276	136.744	138.927
277	136.076	138.334
278	131.415	137.87
279	131.415	136.829
280	130.11	135.297
281	130.11	134.402
282	130.11	133.021
283	130.11	132.065
284	130.11	133.134
285	130.11	132.454
286	130.11	133.468
287	130.11	131.269
288	130.11	130.881
289	130.11	131.651
290	130.11	130.64
291	130.11	130.37
292	129.623	131.612
293	129.43	130.815
294	129.43	131.086
295	129.43	131.827
296	129.166	130.85
297	129.166	131.46
298	129.166	130.543
299	129.166	130.324
300	129.166	129.664
301	129.166	129.335
302	129.166	129.177
303	129.166	129.24
304	129.166	129.277
305	129.166	129.279
306	129.166	129.5
307	129.166	129.256
308	129.166	129.166
309	128.493	129.153
310	128.493	129.861
311	128.493	130.935
312	128.441	131.386
313	128.441	130.862
314	128.275	130.928
315	127.302	129.152
316	127.302	129.024
317	127.184	128.907
318	127.184	129.329
319	126.965	128.54
320	126.847	128.038
321	126.115	128.795
322	126.115	128.258
323	125.778	129.791
324	125.778	129.062
325	125.707	127.264
326	125.707	127.374
327	124.516	126.921
328	124.516	126.165
329	124.516	125.878
330	124.516	124.975
331	124.426	125.911
332	124.426	125.904
333	123.403	126.526
334	123.403	128.75
335	123.403	129.162
336	123.403	126.491
337	123.403	128.041
338	122.478	127.816
339	122.478	125.925
340	122.478	125.614
341	122.478	126.706
342	122.478	125.493
343	122.478	125.196
344	122.478	123.56
345	122.478	122.714
346	122.078	122.896
347	122.078	122.512
348	122.078	124.56
349	120.847	123.348
350	120.847	123.155
351	120.452	122.373
352	120.452	123.318
353	120.452	122.25
354	120.452	121.917
355	119.963	122.685
356	119.963	122.293
357	119.388	121.746
358	118.899	121.34
359	119.388	121.607
360	119.388	122.884
361	118.899	121.766
362	118.899	122.135
363	118.899	120.83
364	118.899	119.261
365	118.899	119.985
366	118.827	120.013
367	118.827	120.133
368	118.827	119.707
369	118.827	119.011
370	118.827	118.884
371	118.827	118.834
372	118.827	118.827
373	118.827	118.828
374	118.827	118.904
375	118.827	118.832
376	118.522	119.126
377	117.813	119.449
378	117.813	119.525
379	117.813	120.084
380	117.813	120.28
381	117.616	119.305
382	117.616	119.375
383	117.231	118.964
384	117.231	118.314
385	117.231	119.923
386	117.231	120.001
387	117.231	121.311
388	116.609	121.709
389	116.609	120.726
390	116.609	119.506
391	116.609	118.576
392	116.609	117.333
393	116.525	118.963
394	116.525	118.613
395	116.525	117.006
396	116.141	116.941
397	115.72	117.079
398	115.72	116.92
399	115.65	116.695
400	115.65	116.595
401	115.65	117.044
402	115.65	119.689
403	115.65	118.969
404	115.65	119
405	115.65	118.828
406	115.65	117.092
407	115.65	119.291
408	114.561	118.587
409	114.561	116.637
410	114.561	115.793
411	114.561	114.896
412	114.561	114.787
413	114.561	115.178
414	114.394	114.558
415	114.394	114.556
416	112.909	114.8
417	112.909	114.243
418	112.909	114.004
419	111.98	113.722
420	111.98	113.345
421	111.98	113.961
422	111.98	113.022
423	111.98	113.045
424	111.98	113.878
425	111.98	112.738
426	111.661	112.443
427	111.661	112.026
428	111.661	111.964
429	111.535	112.069
430	111.35	112.48
431	111.031	113.756
432	111.031	113.216
433	110.904	113.749
434	110.904	113.801
435	110.904	113.077
436	110.904	112.502
437	110.904	112.03
438	110.585	111.929
439	110.585	111.453
440	110.239	112.209
441	110.239	112.922
442	110.239	111.953
443	110.042	112.09
444	110.042	111.861
445	108.591	111.17
446	108.591	110.067
447	108.591	111.004
448	107.994	109.306
449	107.994	108.562
450	107.994	109.136
451	107.994	109.976
452	107.994	108.953
453	107.994	108.118
454	107.994	109.267
455	107.994	109.255
456	107.994	108.495
457	107.886	108.952
458	107.886	110.56
459	107.886	109.751
460	107.886	110.947
461	107.886	108.957
462	107.886	107.886
463	107.886	107.886
464	107.886	107.97
465	107.886	108.993
466	106.881	109.63
467	106.881	109.875
468	106.651	110.459
469	106.651	108.782
470	106.651	108.45
471	106.651	108.786
472	106.651	109.267
473	106.651	109.227
474	106.651	107.685
475	106.651	107.33
476	105.481	106.628
477	105.481	106.604
478	105.481	106.37
479	105.481	106.112
480	105.481	105.653
481	105.481	105.893
482	103.684	105.814
483	103.684	105.71
484	103.684	105.976
485	103.684	106.374
486	102.735	106.692
487	102.735	107.01
488	102.735	106.234
489	102.735	105.359
490	102.735	104.696
491	101.462	105.419
492	100.513	104.481
493	100.513	102.943
494	100.278	102.159
495	100.278	102.017
496	100.278	101.736
497	100.256	101.098
498	100.256	100.54
499	100.256	100.916
500	100.256	100.968
501	100.256	100.802
502	100.166	100.972
503	100.166	101.907
504	100.166	103.081
505	100.166	102.969
506	100.166	102.921
507	100.166	101.745
508	100.166	101.078
509	100.166	100.675
510	100.166	100.568
511	100.166	100.728
512	100.166	100.509
513	100.166	100.322
514	100.166	100.424
515	100.166	100.847
516	100.166	101.174
517	100.166	101.155
518	100.166	100.394
519	100.166	101.041
520	100.166	101.623
521	100.166	100.798
522	100.166	100.229
523	100.166	101.087
524	100.166	100.192
525	100.166	100.166
526	99.9846	100.162
527	99.9846	100.814
528	99.9846	100.629
529	99.9375	100.178
530	99.7237	100.482
531	99.7237	100.094
532	99.7237	100.434
533	99.7237	100.264
534	99.145	100.224
535	99.145	99.8933
536	99.0641	100.254
537	99.0641	100.618
538	99.0641	99.5493
539	99.0641	99.7873
540	99.0641	99.5369
541	99.0641	99.919
542	99.0641	100.003
543	99.0641	99.9046
544	99.0641	99.7033
545	99.0641	100.75
546	99.0641	100.596
547	99.0641	99.0641
548	99.0641	99.0929
549	99.0641	99.2118
550	99.0641	99.1149
551	99.0641	99.563
552	99.0641	99.1574
553	99.0641	99.6051
554	99.0641	99.9949
555	99.0641	99.7582
556	99.0641	99.1467
557	98.8892	99.0659
558	98.8892	99.1454
559	98.8892	99.0303
560	98.8892	100.31
561	98.2879	99.2996
562	98.2879	99.5661
563	98.2879	99.7109
564	98.2879	98.8797
565	98.2879	99.3478
566	98.2879	100.187
567	98.2879	98.2999
568	98.2879	98.2879
569	98.2879	98.2879
570	98.2879	98.2879
571	97.802	98.6954
572	97.802	99.3686
573	97.802	98.3769
574	97.802	98.2256
575	97.802	98.2339
576	97.802	98.3162
577	97.802	98.4959
578	97.802	97.9574
579	97.802	97.8268
580	97.802	97.802
581	97.802	97.802
582	97.802	97.802
583	97.802	97.8071
584	97.802	97.8752
585	97.802	98.9248
586	97.802	97.9643
587	97.802	97.9147
588	97.802	97.802
589	97.802	97.802
590	97.802	97.9385
591	97.802	98.6919
592	97.802	97.9323
593	97.802	98.1774
594	97.3853	97.9171
595	97.3853	98.2402
596	97.3853	98.3952
597	97.3853	98.5516
598	97.3853	97.8069
599	97.3853	97.7545
600	97.3853	97.9014
601	97.0678	98.1336
602	97.0678	98.8087
603	97.0678	98.8441
604	97.0678	99.0323
605	97.0678	98.9676
606	97.0678	100.196
607	97.0678	97.6395
608	97.0678	97.7276
609	97.0678	98.7913
610	97.0678	100.226
611	97.0678	99.5965
612	97.0678	97.5603
613	97.0678	97.5666
614	97.0678	97.1952
615	97.0678	97.8647
616	97.0678	97.4017
617	97.0678	97.0678
618	97.0678	97.464
619	97.0678	97.2965
620	97.0678	97.5146
621	95.5265	97.9429
622	95.5265	96.8124
623	95.5265	96.3588
624	95.5265	96.6005
625	95.5265	96.61
626	95.5265	95.7167
627	95.5265	95.5333
628	95.5265	95.5265
629	95.5265	96.7844
630	95.5265	96.4581
631	95.5265	95.9736
632	95.5265	96.2877
633	95.5265	95.5711
634	95.5265	96.065
635	95.5265	95.5265
636	95.5265	95.5895
637	95.5265	96.931
638	95.5265	97.3257
639	95.5265	97.1738
640	95.5265	96.4386
641	95.4626	95.7299
642	94.3146	95.4801
643	94.3146	95.2293
644	94.3146	95.6864
645	94.3146	96.7712
646	94.3146	95.856
647	94.2621	95.0081
648	94.2621	95.2709
649	94.2017	95.755
650	94.2017	96.0978
651	94.0477	94.2671
652	94.0477	94.5881
653	94.0369	95.9863
654	93.8829	95.5395
655	93.7642	94.2772
656	93.7642	95.4778
657	93.3204	96.9447
658	93.1664	96.7456
659	93.1664	95.1689
660	93.1664	95.8461
661	93.1664	97.8938
662	93.1395	97.3447
663	93.1395	96.9894
664	93.1395	95.0803
665	93.1395	94.3846
666	93.1395	93.5441
667	93.1395	93.6307
668	93.1395	93.2356
669	93.1395	93.5552
670	93.1395	93.5176
671	92.756	93.1632
672	92.756	93.1241
673	92.756	93.1653
674	92.756	93.6243
675	92.756	93.854
676	92.756	93.4159
677	92.756	94.8147
678	92.756	96.0541
679	92.756	93.7476
680	92.756	94.3184
681	92.756	94.7457
682	92.756	93.6643
683	92.756	92.8074
684	91.9033	93.3156
685	91.9033	93.0672
686	91.9033	93.7129
687	91.9033	93.4389
688	91.9033	92.1202
689	91.7151	92.1074
690	91.5338	91.9225
691	91.5338	92.3404
692	91.5338	91.9846
693	91.5338	92.0895
694	91.5338	92.2696
695	91.5338	91.5702
696	91.5338	91.5338
697	91.5338	91.5486
698	91.5338	91.5338
699	91.5338	91.5338
700	91.5264	91.5337
701	91.5264	91.6909
702	91.5264	92.3789
703	91.5264	93.2289
704	91.1849	94.1492
705	91.1849	92.0416
706	91.1849	91.9966
707	91.1849	92.1185
708	91.1849	92.2237
709	91.1849	91.3845
710	91.1849	92.7025
711	91.1849	93.6611
712	91.1849	91.4748
713	91.1849	92.1906
714	91.1849	92.1399
715	91.1849	92.2005
716	91.1849	91.7298
717	91.1849	91.3553
718	91.1849	91.3226
719	91.1849	91.1849
720	91.1849	91.4495
721	91.1849	91.5325
722	91.1849	91.848
723	91.1849	93.0603
724	91.1849	92.7383
725	91.1849	91.9137
726	91.1849	92.3334
727	91.1849	91.1849
728	91.1849	91.2941
729	91.1849	91.3848
730	91.1849	91.5914
731	91.1849	91.1849
732	91.1849	91.1849
733	91.1849	91.4083
734	91.1849	91.2418
735	91.1849	91.1849
736	91.1849	91.1849
737	91.1849	91.1849
738	91.1849	91.1849
739	90.7484	91.1762
740	90.7484	91.1326
741	90.7484	91.0278
742	90.6278	90.9007
743	90.6278	90.9491
744	90.6278	91.2518
745	90.6278	91.3213
746	90.6278	92.4029
747	90.6278	92.5668
748	90.6278	92.4367
749	90.6278	90.9398
750	90.6278	90.7433
751	90.6278	90.7455
752	90.571	90.8439
753	90.571	91.6873
754	90.571	91.8847
755	90.571	92.5863
756	90.571	91.5056
757	90.571	92.4778
758	90.5467	92.1021
759	90.5467	91.9511
760	90.5467	91.3266
761	90.5467	90.6592
762	90.5467	90.6968
763	90.5467	90.8383
764	90.5467	92.1633
765	90.5467	90.9026
766	90.5467	90.5521
767	89.8712	90.5759
768	89.8712	90.4396
769	89.8712	90.2684
770	89.8712	90.1723
771	89.8712	90.1295
772	89.8712	90.1737
773	89.8712	90.2737
774	89.8712	90.0972
775	89.6159	89.9267
776	89.6159	90.3201
777	89.6159	90.2906
778	89.6159	89.7522
779	89.6159	90.4896
780	89.549	90.5938
781	89.549	90.878
782	89.549	89.6809
783	89.549	90.9028
784	89.549	90.7159
785	89.549	89.7328
786	89.549	89.5503
787	89.549	90.3146
788	89.549	90.0096
789	89.549	90.9558
790	86.9577	91.5783
791	86.9577	91.0052
792	86.9577	90.0074
793	86.9577	88.5918
794	86.9577	87.8712
795	86.9577	87.6057
796	86.9577	87.4002
797	86.9577	87.2184
798	86.9577	87.2898
799	86.9577	88.188
800	86.9577	87.033
801	86.9577	87.1829
802	86.9577	89.7137
803	86.9577	87.84
804	86.9577	87.0846
805	86.9577	87.2725
806	86.9577	87.0608
807	86.9577	87.1321
808	86.9577	87.5002
809	86.9577	87.7545
810	86.9577	87.4187
811	86.9577	87.9999
812	86.9451	87.0164
813	86.9451	88.7114
814	86.9451	86.9961
815	86.9451	87.0429
816	86.9451	87.4272
817	86.9451	87.1633
818	86.9451	86.9468
819	86.3276	86.9327
820	86.315	86.8526
821	86.251	86.7464
822	86.251	86.4993
823	86.251	86.5983
824	86.251	86.6519
825	85.4731	86.6111
826	85.4731	86.3758
827	85.4731	86.7642
828	85.4731	86.3339
829	85.3966	86.941
830	85.2935	86.2564
831	85.2935	88.0842
832	85.2935	87.3392
833	85.2935	87.7477
834	85.2935	86.8169
835	85.2935	87.7477
836	85.2935	87.7184
837	85.2935	86.7293
838	85.2935	85.9092
839	85.2935	86.409
840	85.2935	85.9305
841	85.2935	85.6832
842	85.2935	85.3679
843	85.2935	85.6492
844	85.2935	85.4069
845	85.2935	86.1968
846	85.2935	85.3738
847	85.2935	85.432
848	85.2935	85.3422
849	85.2935	86.0084
850	85.2935	85.4442
851	85.2935	85.6796
852	84.8125	85.3589
853	84.8125	85.2685
854	84.8125	85.8005
855	84.8125	85.3495
856	84.8125	86.3446
857	84.8125	86.4904
858	84.8125	84.8792
859	84.8125	84.8317
860	84.8125	84.9739
861	84.5925	85.2864
862	84.5925	85.0725
863	84.5925	85.016
864	84.5925	85.5667
865	84.5925	87.1078
866	84.5925	86.1304
867	84.5925	86.4568
868	84.5925	87.7992
869	84.5925	87.7045
870	84.5925	87.2839
871	84.223	86.735
872	84.223	85.3617
873	84.223	84.6737
874	84.223	84.5064
875	84.223	85.4421
876	84.223	84.5779
877	84.223	84.8549
878	84.223	85.2297
879	83.5884	86.0093
880	83.5884	84.547
881	83.5884	85.6164
882	83.5884	86.1578
883	83.5884	85.0723
884	83.5884	84.47
885	83.5884	85.4039
886	83.5884	84.4755
887	83.5884	84.8231
888	83.493	84.152
889	83.493	85.4844
890	83.493	84.5062
891	83.493	84.6724
892	83.493	84.806
893	83.493	83.8822
894	83.493	84.2117
895	83.493	84.3061
896	83.493	84.4387
897	83.493	83.87
898	83.493	84.2419
899	83.493	83.85
900	83.493	83.7955
901	83.493	83.5538
902	83.493	83.493
903	83.493	83.5614
904	83.493	83.5739
905	82.5274	83.4737
906	82.5274	83.6226
907	82.5274	83.8023
908	82.5274	84.0103
909	82.5274	83.8713
910	82.5274	82.6682
911	82.5274	82.5336
912	82.5274	82.5274
913	82.5274	82.5274
914	82.5274	82.5274
915	82.4478	82.5259
916	82.4478	82.6718
917	82.4478	82.5216
918	82.4478	82.6598
919	82.4478	82.8978
920	82.4478	82.6328
921	82.4478	82.9511
922	82.4478	83.4063
923	82.4478	82.8638
924	82.4478	83.1091
925	82.4478	83.0457
926	82.4478	83.8359
927	82.4478	82.9057
928	82.4478	82.7065
929	82.4478	82.5231
930	82.4478	82.5459
931	82.4478	82.6329
932	82.4478	82.6949
933	82.4478	82.898
934	82.4478	82.6897
935	82.4478	82.7343
936	82.4478	83.7939
937	82.4478	83.3382
938	81.2055	82.4229
939	81.2055	82.2163
940	80.8102	81.8607
941	80.8102	81.6264
942	80.8102	82.5244
943	80.8102	81.3976
944	80.8102	81.2426
945	80.8102	81.1574
946	80.8102	81.3667
947	80.8102	80.8456
948	80.8102	80.8216
949	80.8102	81.4337
950	80.8102	81.1663
951	80.8102	81.5478
952	80.8102	81.7175
953	80.8102	81.7213
954	80.8102	81.0151
955	80.8102	81.0883
956	80.8102	81.797
957	80.8102	82.4544
958	80.8102	82.0149
959	80.8102	81.5997
960	80.8102	82.5864
961	80.8102	81.3556
962	80.8102	81.4076
963	80.8102	81.3521
964	80.8102	80.8102
965	80.8102	81.2159
966	80.8102	81.1609
967	80.8102	81.0642
968	80.7008	80.8644
969	80.7008	81.7539
970	80.7008	81.0468
971	80.7008	81.2799
972	80.7008	81.0936
973	80.7008	81.4507
974	80.7008	80.9763
975	80.7008	81.6919
976	80.7008	81.0724
977	80.7008	80.7008
978	80.7008	80.9776
979	80.7008	80.9527
980	80.7008	81.4937
981	80.7008	80.9541
982	80.7008	80.931
983	80.7008	81.0123
984	80.7008	82.7292
985	80.7008	81.2135
986	80.7008	81.2616
987	80.7008	80.8985
988	80.7008	81.0416
989	80.7008	80.7008
990	80.6732	80.7003
991	80.6732	80.7082
992	80.6637	81.0009
993	80.6637	80.7026
994	80.6637	80.7053
995	80.6637	80.7343
996	80.6637	82.3482
997	80.6637	81.788
998	80.6637	81.2613
999	80.6637	81.1088
1000	80.6637	80.8483
1001	80.6637	80.9677
1002	80.6637	80.8177
1003	80.6637	80.6749
1004	80.6194	80.7554
1005	80.6194	80.8634
1006	80.6194	80.8438
1007	80.6194	81.1339
1008	80.6194	81.9857
1009	80.6194	81.5992
1010	80.6194	81.6079
1011	80.6194	80.6619
1012	80.6194	80.6852
1013	80.6194	81.4265
1014	80.6194	81.3098
1015	80.6194	80.6194
1016	80.6194	81.0189
1017	80.6194	80.9101
1018	80.6194	80.6194
1019	80.6194	81.3139
1020	80.6194	81.3142
1021	80.6194	81.6912
1022	80.6194	82.0562
1023	80.6194	80.827
1024	80.6194	80.6307
1025	80.6194	80.6194
1026	80.6194	80.6194
1027	80.6194	81.3632
1028	80.6194	80.8286
1029	80.6194	81.0801
1030	80.6194	80.669
1031	80.6194	81.6425
1032	80.6194	80.6194
1033	80.6194	80.8008
1034	80.6194	80.7529
1035	80.6194	80.6194
1036	80.6194	80.874
1037	80.6194	80.9892
1038	80.6194	80.6709
1039	80.6194	81.1717
1040	80.6194	83.3611
1041	80.6194	83.9449
1042	80.6194	84.7852
1043	80.6194	82.8244
1044	80.6194	82.3332
1045	80.5343	84.1917
1046	80.5343	82.3802
1047	80.5343	82.2244
1048	80.5343	81.3678
1049	80.5343	80.9488
1050	80.5343	80.5755
1051	80.5343	80.5343
1052	80.2639	80.5289
1053	80.2639	80.6043
1054	80.2639	81.192
1055	80.2639	80.6385
1056	80.2639	81.615
1057	80.2639	80.9323
1058	80.2639	80.4901
1059	80.2639	81.5668
1060	80.2639	80.9768
1061	80.2639	80.8566
1062	80.1375	81.6244
1063	80.1375	82.1838
1064	80.1375	80.8747
1065	80.1375	80.522
1066	80.1375	80.7418
1067	80.1375	82.5424
1068	80.1375	81.904
1069	80.1375	81.2934
1070	80.1375	80.3509
1071	80.1375	80.1375
1072	80.1375	80.2336
1073	80.1375	80.1375
1074	80.1375	80.273
1075	80.1375	80.358
1076	80.1375	80.1375
1077	80.1375	80.2495
1078	80.1375	80.1491
1079	80.1375	80.1375
1080	80.1375	80.3766
1081	79.972	80.8915
1082	79.972	81.9151
1083	79.972	80.8356
1084	79.972	80.3994
1085	79.6794	80.0301
1086	79.6794	79.9377
1087	79.6794	80.2186
1088	79.6794	80.3836
1089	79.6794	80.5731
1090	78.9929	80.32
1091	78.9929	80.9113
1092	78.9929	79.7634
1093	78.9929	79.2468
1094	78.9929	79.1168
1095	78.9929	79.2174
1096	78.9929	81.3771
1097	78.9929	80.2268
1098	78.9929	79.0156
1099	78.9929	79.2432
1100	78.9929	81.3138
1101	78.9929	80.4451
1102	78.9929	79.6228
1103	78.9929	79.4209
1104	78.9929	79.5423
1105	78.9929	79.7989
1106	78.9929	79.2647
1107	78.9929	79.0457
1108	78.9929	78.9929
1109	78.9929	79.3145
1110	78.9929	79.3891
1111	78.9929	78.9929
1112	78.9929	79.6762
1113	78.9929	79.3602
1114	78.9929	79.4252
1115	78.9929	79.0828
1116	78.9929	79.0291
1117	78.9929	79.8443
1118	78.9929	79.8124
1119	78.9929	79.1008
1120	78.9929	78.9929
1121	78.9929	79.3245
1122	78.9929	78.9968
1123	78.9929	79.0008
1124	78.9929	78.9929
1125	78.9929	79.0549
1126	78.9929	79.5955
1127	78.9831	79.0387
1128	78.9831	79.4126
1129	78.9831	79.2249
1130	78.9831	79.0952
1131	78.7516	79.467
1132	78.7509	79.2339
1133	78.7509	80.5766
1134	78.7509	80.0924
1135	78.7509	79.6492
1136	78.7509	78.9715
1137	78.5868	78.7755
1138	78.5868	78.7545
1139	78.5868	78.682
1140	78.5868	78.6328
1141	78.5868	78.7731
1142	78.5868	78.8723
1143	78.5868	79.0306
1144	78.5868	78.9342
1145	78.5868	79.4749
1146	78.5868	80.0294
1147	78.5868	79.2032
1148	78.5868	79.6285
1149	78.5868	78.7221
1150	78.5868	78.698
1151	78.5868	78.6156
1152	78.5868	78.588
1153	78.5868	79.0735
1154	78.5868	78.9849
1155	78.5868	79.8003
1156	78.5868	79.1694
1157	78.5868	80.0869
1158	78.5868	79.602
1159	78.5868	78.9187
1160	78.5868	80.2849
1161	78.5868	80.4018
1162	78.5868	80.1562
1163	78.5868	79.9552
1164	78.0077	79.263
1165	78.0077	79.0903
1166	78.0077	79.5319
1167	78.0077	79.3607
1168	78.0077	78.4218
1169	78.0077	78.4754
1170	78.0077	78.2005
1171	78.0077	78.0792
1172	78.0077	78.0889
1173	78.0077	78.0498
1174	78.0077	78.105
1175	78.0077	78.0077
1176	78.0077	78.0077
1177	78.0077	78.4714
1178	78.0077	79.3767
1179	78.0077	79.6952
1180	78.0077	79.0878
1181	78.0077	80.8031
1182	78.0077	80.1871
1183	78.0077	78.1729
1184	78.0077	78.2633
1185	78.0077	78.9376
1186	78.0077	79.8259
1187	78.0077	79.0639
1188	78.0077	79.5718
1189	78.0077	79.7903
1190	77.9897	78.779
1191	77.9897	79.7514
1192	77.9897	79.2929
1193	77.9897	78.148
1194	77.9897	78.1791
1195	77.9897	78.2416
1196	77.9897	77.9897
1197	77.9897	78.0138
1198	77.9897	77.9897
1199	77.9897	78.0191
1200	77.9897	78.557
1201	77.9897	78.2327
1202	77.9897	79.4866
1203	77.9897	78.8336
1204	77.9897	79.0471
1205	77.9897	78.903
1206	77.9897	78.6818
1207	77.9897	78.4927
1208	77.9897	78.0037
1209	77.9897	77.9897
1210	77.9897	78.3786
1211	77.9897	78.0468
1212	77.9897	77.9897
1213	77.9897	78.0661
1214	77.9897	80.1986
1215	77.9897	78.0893
1216	77.9897	78.4477
1217	77.9897	78.1058
1218	77.9897	79.1398
1219	77.9897	78.0436
1220	77.9897	78.716
1221	77.9897	80.342
1222	77.9897	79.7421
1223	77.9897	79.2856
1224	77.9897	79.6894
1225	77.9897	80.3929
1226	77.9897	81.4088
1227	77.9897	80.2568
1228	77.9897	78.517
1229	77.9897	78.2268
1230	77.9897	78.1506
1231	77.9897	78.5982
1232	77.9897	78.8358
1233	77.9897	78.3155
1234	77.9897	78.6433
1235	77.6026	78.474
1236	77.6026	78.2137
1237	77.6026	78.5258
1238	77.6026	77.7882
1239	77.6026	77.6568
1240	77.6026	77.6026
1241	77.6026	77.6089
1242	77.6026	77.6103
1243	77.6026	77.6115
1244	77.6026	78.3369
1245	77.6026	77.6886
1246	77.6026	77.8912
1247	77.6026	77.7715
1248	77.6026	78.5475
1249	77.6026	78.1409
1250	77.6026	79.6828
1251	77.6026	79.4254
1252	77.6026	79.5205
1253	77.6026	77.638
1254	77.6026	77.7419
1255	77.6026	77.6026
1256	77.6026	77.7831
1257	77.6026	78.1325
1258	77.6026	78.8037
1259	77.6026	79.0664
1260	77.6026	78.8656
1261	77.3754	77.8805
1262	77.1291	77.8811
1263	77.1291	77.5592
1264	77.1291	77.3772
1265	76.7173	77.2694
1266	76.7173	77.3845
1267	76.7173	78.8357
1268	76.4701	78.2071
1269	76.4701	76.7815
1270	76.4701	77.3982
1271	76.4701	77.2652
1272	76.4701	77.2891
1273	76.4701	76.9368
1274	76.4701	76.5536
1275	76.4701	77.1638
1276	76.4701	77.307
1277	76.4701	76.7089
1278	76.4701	76.6436
1279	76.4701	76.8343
1280	76.4701	76.5354
1281	76.4701	76.5753
1282	76.4701	77.2229
1283	76.4701	76.4952
1284	76.4701	76.6611
1285	76.4701	77.3093
1286	76.4701	76.7499
1287	76.4701	76.4922
1288	76.4701	76.6406
1289	76.4701	76.587
1290	76.4701	76.7938
1291	76.4701	76.7659
1292	76.4701	76.4701
1293	76.4701	76.4701
1294	76.4701	76.5034
1295	76.4701	76.8429
1296	76.4701	77.5035
1297	76.4701	76.9015
1298	76.4701	76.4828
1299	76.4701	76.4701
1300	76.4701	77.2504
1301	76.4701	77.5124
1302	76.4701	76.7638
1303	76.4701	76.8345
1304	76.4701	76.8266
1305	76.4701	76.5653
1306	76.4701	76.4701
1307	76.4701	76.4701
1308	76.4701	76.4701
1309	76.4701	76.4701
1310	76.4701	76.5025
1311	76.4701	77.024
1312	76.4701	76.4985
1313	76.4701	76.4791
1314	76.4701	76.7761
1315	76.4701	76.4916
1316	76.4701	76.8501
1317	76.4701	77.3141
1318	76.4701	77.427
1319	76.4701	76.4906
1320	76.4701	76.6742
1321	76.4701	76.5929
1322	76.4701	76.7749
1323	76.4701	76.5096
1324	76.4701	76.758
1325	76.4701	77.3749
1326	76.4701	77.0892
1327	76.4701	76.4701
1328	76.4701	76.7745
1329	76.4701	77.4005
1330	76.4701	76.7936
1331	76.4701	76.7548
1332	76.4701	76.5179
1333	76.4701	76.4978
1334	76.4701	76.4701
1335	76.4701	76.4701
1336	76.4701	76.4752
1337	76.4701	76.9871
1338	76.3983	76.4686
1339	76.3983	76.5927
1340	76.3983	76.5865
1341	76.3983	76.4213
1342	76.3983	76.6205
1343	76.3983	76.5283
1344	76.3983	76.4307
1345	76.3983	76.3983
1346	76.3983	76.3983
1347	76.3983	76.5067
1348	76.3983	77.5873
1349	76.3983	78.9617
1350	76.3983	78.7163
1351	75.7803	77.8234
1352	75.7803	77.5994
1353	75.7803	77.2022
1354	75.7803	76.043
1355	75.7803	75.887
1356	75.7803	75.9126
1357	75.7803	75.8173
1358	75.7803	76.0554
1359	75.7803	75.9071
1360	75.7803	76.6511
1361	75.7803	75.99
1362	75.5619	75.8168
1363	75.5619	76.2335
1364	75.5619	76.9002
1365	75.5619	77.4228
1366	75.5619	76.2201
1367	75.5619	76.2072
1368	75.5619	76.0531
1369	75.5619	76.2314
1370	75.5619	76.0577
1371	75.5619	76.1517
1372	75.5619	75.6815
1373	75.5619	75.5733
1374	75.5619	76.7381
1375	75.5619	75.9664
1376	75.5619	76.1108
1377	75.5619	76.2579
1378	75.5619	75.8574
1379	75.5619	75.7076
1380	75.5619	76.0562
1381	75.5619	75.969
1382	75.5619	75.5619
1383	75.5619	75.5619
1384	75.5619	75.6589
1385	75.5619	75.7837
1386	75.5619	75.6615
1387	75.5619	76.7488
1388	75.5619	75.6626
1389	75.5619	76.1937
1390	75.5619	76.81
1391	75.5619	75.8813
1392	75.5619	75.6655
1393	75.5619	75.6661
1394	75.5619	76.3262
1395	75.5619	75.6301
1396	75.5619	75.5736
1397	75.5619	75.681
1398	75.5619	76.0836
1399	75.5619	75.6623
1400	75.5619	75.579
1401	75.5619	75.6721
1402	75.5619	76.3109
1403	75.5619	76.0612
1404	75.5619	75.7319
1405	75.5619	75.6066
1406	75.5619	75.8262
1407	75.5619	75.6127
1408	75.5619	75.9725
1409	75.5619	75.7234
1410	75.5619	76.1343
1411	75.5619	76.0536
1412	75.5619	77.5701
1413	75.5619	79.0633
1414	75.5619	78.1704
1415	75.5619	77.2477
1416	75.5619	77.1627
1417	75.5619	76.5654
1418	75.5619	75.7471
1419	75.5619	75.999
1420	75.5619	75.5767
1421	75.5619	76.2899
1422	75.5619	75.627
1423	75.5619	75.5969
1424	75.5619	75.7725
1425	75.5619	75.7657
1426	75.5619	76.0904
1427	75.5619	75.5644
1428	75.5619	75.5935
1429	75.5619	75.5619
1430	75.5619	76.0172
1431	75.5619	75.8526
1432	75.5619	76.2888
1433	75.5619	77.2768
1434	75.5619	75.7973
1435	75.5619	75.5723
1436	75.5619	76.1724
1437	75.5619	76.3632
1438	75.5619	76.0026
1439	75.5619	75.7484
1440	75.5619	76.0315
1441	75.5619	75.6925
1442	75.5619	75.703
1443	75.5619	76.3417
1444	74.9424	77.1962
1445	74.9424	76.9471
1446	74.9424	77.3878
1447	74.9424	77.3772
1448	74.9424	76.9397
1449	74.9424	75.2961
1450	74.9424	75.315
1451	74.9424	75.855
1452	74.9424	76.2389
1453	74.9424	75.5657
1454	74.9424	75.9295
1455	74.9424	75.025
1456	74.9424	75.0525
1457	74.9424	74.9424
1458	74.9424	74.9424
1459	74.882	74.9602
1460	74.882	75.5346
1461	74.882	75.7653
1462	74.882	76.2039
1463	74.882	75.0196
1464	74.882	75.0373
1465	74.882	74.9987
1466	74.5247	75.0677
1467	74.5247	75.9978
1468	74.5247	76.1195
1469	74.5247	74.7328
1470	74.5247	75.857
1471	74.5247	75.0254
1472	74.5247	76.101
1473	74.5247	77.5187
1474	74.5247	76.327
1475	74.5247	76.1114
1476	74.5247	76.3577
1477	74.5247	76.6092
1478	74.5247	78.1496
1479	74.5247	77.1645
1480	74.5247	77.1676
1481	74.5247	75.5821
1482	74.5247	75.8612
1483	74.5247	75.8966
1484	74.5247	75.2165
1485	74.5247	74.8592
1486	74.5247	74.8922
1487	74.5247	74.8357
1488	74.5247	74.5247
1489	74.5247	75.1387
1490	74.5247	74.9073
1491	74.5247	76.276
1492	74.5247	75.8066
1493	74.5247	75.1851
1494	73.9244	75.6476
1495	73.9244	75.2532
1496	73.9244	75.2842
1497	73.9244	75.0461
1498	73.9244	74.8527
1499	73.9244	74.665
1500	73.9244	74.3538
1501	73.9244	75.3714
1502	73.9244	74.4612
1503	73.9244	74.6622
1504	73.9244	75.6488
1505	73.9244	75.4842
1506	73.9244	75.1847
1507	73.9244	75.98
1508	73.252	74.3566
1509	73.252	74.3951
1510	73.252	75.0227
1511	73.252	74.1348
1512	73.252	73.7933
1513	73.252	74.0139
1514	73.252	73.5399
1515	73.252	73.3473
1516	73.252	73.252
1517	73.252	73.8662
1518	73.252	74.0762
1519	73.252	74.7226
1520	73.252	73.9617
1521	73.252	73.551
1522	73.252	73.252
1523	73.252	74.1659
1524	73.252	75.2829
1525	73.252	75.0258
1526	73.252	75.811
1527	73.252	75.5741
1528	73.252	76.5996
1529	73.252	75.2824
1530	73.252	74.0012
1531	73.252	74.6994
1532	73.252	73.9126
1533	73.252	74.151
1534	73.252	73.252
1535	73.252	73.252
1536	73.252	73.6802
1537	73.252	75.0612
1538	73.252	74.7468
1539	73.252	75.2237
1540	73.252	73.8962
1541	73.252	73.9532
1542	73.252	73.9533
1543	73.252	74.2183
1544	73.252	74.6362
1545	73.252	73.2757
1546	73.252	73.3186
1547	73.252	73.6791
1548	72.7956	74.9631
1549	72.7956	74.2531
1550	72.7956	74.1293
1551	72.7956	73.7418
1552	72.7956	73.0444
1553	72.7956	72.9348
1554	72.7956	72.8054
1555	72.7956	72.7956
1556	72.7956	72.8145
1557	72.7956	72.7956
1558	72.7956	72.8278
1559	72.7956	72.8499
1560	72.7956	73.6646
1561	72.7956	74.8848
1562	72.7956	75.3869
1563	72.7956	74.9476
1564	72.7956	75.4201
1565	72.7956	73.7873
1566	72.7956	73.4334
1567	72.7956	73.4824
1568	72.7956	73.8268
1569	72.7956	72.7956
1570	72.7956	73.0917
1571	72.7956	72.9866
1572	72.7956	73.4987
1573	72.7956	73.1247
1574	72.7956	73.5902
1575	72.7956	73.7066
1576	72.7956	72.8986
1577	72.7956	74.2737
1578	72.7956	73.0864
1579	72.7956	72.7956
1580	72.7956	72.7956
1581	72.7956	72.7956
1582	72.7956	72.7956
1583	72.7956	73.117
1584	72.7956	72.7956
1585	72.7956	73.3006
1586	72.7956	73.1446
1587	72.7956	72.9233
1588	72.7956	72.8866
1589	72.7956	72.8224
1590	72.7956	73.0472
1591	72.7956	73.2328
1592	72.7956	72.7956
1593	72.7956	73.7449
1594	72.7956	73.0806
1595	72.7956	72.7956
1596	72.7956	72.7956
1597	72.7956	72.9637
1598	72.7956	72.8743
1599	72.7956	73.4287
1600	72.7956	72.9614
1601	72.7956	73.3316
1602	72.7956	74.0838
1603	72.7956	74.3655
1604	72.7956	73.0376
1605	72.7956	72.7956
1606	72.7956	73.9157
1607	72.7956	72.7956
1608	72.7956	73.6747
1609	72.7956	73.3213
1610	72.4132	73.1167
1611	72.4132	73.9569
1612	72.4132	73.2422
1613	72.4132	73.0557
1614	72.4132	73.0118
1615	72.4132	74.3479
1616	72.4132	72.4599
1617	72.4132	73.7488
1618	72.4132	72.4132
1619	72.4132	72.4132
1620	72.4132	72.4557
1621	72.4132	72.5271
1622	72.4132	72.7634
1623	72.4132	74.5029
1624	72.4132	74.4942
1625	72.4132	73.2973
1626	72.4132	73.959
1627	72.4132	72.6555
1628	72.4132	73.7509
1629	72.4132	72.4515
1630	72.4132	72.7065
1631	72.4132	72.4132
1632	72.4132	73.3084
1633	72.4132	72.7638
1634	72.4132	72.7367
1635	72.4132	72.6115
1636	72.4132	74.7914
1637	72.4132	75.0186
1638	72.4132	76.1828
1639	72.4132	73.7532
1640	72.4132	73.5025
1641	72.4132	72.6466
1642	72.4132	73.6687
1643	72.4132	74.1055
1644	72.4132	73.204
1645	72.4132	72.729
1646	72.4132	72.5431
1647	72.4132	72.9298
1648	72.4132	72.6293
1649	72.4132	72.4132
1650	72.361	72.4121
1651	72.361	72.6029
1652	72.361	72.3975
1653	72.361	72.4021
1654	72.361	73.1797
1655	72.361	72.3911
1656	72.361	72.362
1657	72.361	73.295
1658	72.361	72.3651
1659	72.361	72.361
1660	72.361	72.361
1661	72.361	72.361
1662	72.361	72.361
1663	72.361	72.6481
1664	72.361	72.6632
1665	72.361	72.7156
1666	72.361	72.5949
1667	72.361	72.8477
1668	72.361	72.9311
1669	72.361	73.7946
1670	72.361	73.3078
1671	72.361	73.3606
1672	72.361	73.0771
1673	72.361	74.9603
1674	72.361	73.2232
1675	72.361	73.2586
1676	72.361	73.8365
1677	72.361	72.3933
1678	72.361	72.361
1679	72.361	72.361
1680	72.361	72.361
1681	72.361	72.361
1682	72.361	72.4254
1683	72.361	73.0327
1684	72.361	73.3548
1685	72.361	73.4384
1686	72.361	73.3001
1687	72.361	73.7923
1688	72.361	72.4717
1689	72.361	72.361
1690	72.361	72.361
1691	72.361	72.361
1692	72.361	72.361
1693	72.361	72.9885
1694	72.361	73.3076
1695	72.361	72.6223
1696	72.361	73.4041
1697	72.361	72.4542
1698	72.361	72.5009
1699	72.361	72.544
1700	72.361	72.8691
1701	72.361	72.4939
1702	72.361	72.8819
1703	72.361	74.0009
1704	72.361	72.6237
1705	72.361	72.4093
1706	72.361	72.9756
1707	72.361	72.7567
1708	72.361	72.5276
1709	72.361	72.361
1710	72.361	72.361
1711	72.361	72.361
1712	72.361	72.535
1713	72.361	73.198
1714	72.361	72.6059
1715	72.361	72.9135
1716	72.361	72.3691
1717	72.361	72.3838
1718	72.361	72.4122
1719	72.361	73.3907
1720	72.361	72.9254
1721	72.361	73.3474
1722	72.361	73.1278
1723	72.361	73.9922
1724	72.361	73.3132
1725	72.361	72.6904
1726	72.361	72.361
1727	72.361	72.361
1728	72.361	72.3767
1729	72.361	73.3142
1730	72.361	76.1629
1731	72.361	75.6417
1732	72.361	73.9399
1733	72.361	73.5792
1734	72.361	73.5149
1735	72.361	73.3013
1736	72.361	73.0586
1737	72.361	72.7111
1738	72.361	72.5729
1739	72.2284	73.5746
1740	72.2284	73.9732
1741	72.2284	72.7545
1742	72.2284	73.4527
1743	72.2284	72.6219
1744	72.2284	72.2549
1745	72.2284	72.239
1746	72.1395	72.7113
1747	72.1395	72.3637
1748	72.1395	72.8587
1749	72.1395	73.5857
1750	71.9885	73.0426
1751	71.9885	73.0127
1752	71.9885	72.984
1753	71.9885	73.4028
1754	71.9885	73.2034
1755	71.9885	72.3242
1756	71.9885	73.1458
1757	71.9885	74.0331
1758	71.9885	74.6143
1759	71.9885	73.0509
1760	71.9885	71.9885
1761	71.9885	72.3831
1762	71.9885	72.4932
1763	71.9885	73.4161
1764	71.9885	72.967
1765	71.9885	73.4268
1766	71.9885	72.3734
1767	71.9885	72.5478
1768	71.9885	71.9885
1769	71.9885	73.3765
1770	71.9885	73.7297
1771	71.9885	73.6154
1772	71.9885	73.2359
1773	71.9885	73.0489
1774	71.9885	72.0237
1775	71.9885	71.9885
1776	71.9885	71.9885
1777	71.9885	72.1396
1778	71.9885	72.1789
1779	71.9885	72.3465
1780	71.9885	72.7052
1781	71.9885	73.2509
1782	71.9885	73.3622
1783	71.9885	72.0702
1784	71.9885	71.9885
1785	71.9885	72.1557
1786	71.9885	72.1886
1787	71.9885	71.9921
1788	71.9885	71.9885
1789	71.9885	71.9885
1790	71.9885	72.9077
1791	71.9885	72.6036
1792	71.9885	71.9885
1793	71.9885	72.5827
1794	71.9885	73.0283
1795	71.9885	72.2302
1796	71.9885	71.9885
1797	71.9885	71.9885
1798	71.9885	71.9885
1799	71.9885	72.1405
1800	71.9885	72.898
1801	71.9885	73.1053
1802	71.9885	72.865
1803	71.9885	73.1245
1804	71.9885	72.4246
1805	71.9885	72.7139
1806	71.9885	72.4533
1807	71.9885	72.5269
1808	71.9885	73.0518
1809	71.9885	73.1476
1810	71.9885	71.9885
1811	71.9885	72.2233
1812	71.9885	72.4644
1813	71.9885	71.9885
1814	71.9885	72.028
1815	71.9885	72.3626
1816	71.9885	72.7139
1817	71.9885	74.0001
1818	71.9885	75.6547
1819	71.9885	73.9988
1820	71.9885	74.3403
1821	71.9885	72.2668
1822	71.9885	71.9885
1823	71.9885	71.9885
1824	71.9885	71.9885
1825	71.9885	72.1982
1826	71.9885	72.421
1827	71.9885	72.1555
1828	71.9885	72.2453
1829	71.9885	73.8997
1830	71.9885	73.1584
1831	71.9885	72.3734
1832	71.9885	72.7864
1833	71.9885	72.0745
1834	71.9885	72.2341
1835	71.9885	72.6063
1836	71.9885	72.543
1837	71.9885	72.8139
1838	71.9885	73.46
1839	71.9885	73.7636
1840	71.9885	72.1587
1841	71.9885	72.1061
1842	71.9885	73.6161
1843	71.9885	74.6132
1844	71.9885	74.0782
1845	71.9885	73.7858
1846	71.9885	73.26
1847	71.9885	73.3856
1848	71.9885	72.2471
1849	71.9885	72.9058
1850	71.9885	72.666
1851	71.9885	72.7173
1852	71.9885	72.8032
1853	71.9885	72.3672
1854	71.9885	72.4936
1855	71.9885	72.4059
1856	71.9885	72.3665
1857	71.9885	73.4117
1858	71.9885	72.4572
1859	71.9885	72.8116
1860	71.9885	74.0717
1861	71.9885	72.4759
1862	71.9885	72.3655
1863	71.9885	72.3727
1864	71.9885	72.0348
1865	71.9885	71.9885
1866	71.9885	71.9885
1867	71.9885	72.0113
1868	71.9885	72.7399
1869	71.9885	73.07
1870	71.9885	72.365
1871	71.9885	73.0203
1872	71.9885	74.495
1873	71.9885	73.0175
1874	71.9885	74.5474
1875	71.9885	74.2737
1876	71.9885	73.6337
1877	71.9885	72.6598
1878	71.9885	72.1437
1879	71.9885	72.2334
1880	71.9885	72.9545
1881	71.9885	72.7252
1882	71.9885	71.9885
1883	71.9885	72.0944
1884	71.9885	72.1507
1885	71.9885	72.3223
1886	71.9885	72.4549
1887	71.9885	74.7727
1888	71.9885	74.4041
1889	71.9885	73.6723
1890	71.9885	72.8621
1891	71.9885	74.3659
1892	71.9885	74.1322
1893	71.9885	73.6498
1894	71.9885	72.7198
1895	71.9885	71.9885
1896	71.9885	72.4284
1897	71.9885	72.7576
1898	71.9885	73.6281
1899	71.9885	74.4896
1900	71.9885	74.3816
1901	71.9885	75.2201
1902	71.9885	72.2826
1903	71.9885	72.2623
1904	71.9885	72.3973
1905	71.9885	72.2315
1906	71.9885	72.0748
1907	71.9885	71.9885
1908	71.9885	71.9885
1909	71.9885	72.0672
1910	71.9885	72.3827
1911	71.9885	72.2392
1912	71.9885	71.9885
1913	71.9885	71.9885
1914	71.9885	71.9885
1915	71.9885	71.9885
1916	71.9885	71.9885
1917	71.9885	71.9885
1918	71.9885	71.9885
1919	71.9885	73.393
1920	71.9885	74.3428
1921	71.9885	73.8632
1922	71.9885	72.404
1923	71.9885	73.0431
1924	71.9885	73.5773
1925	71.9885	73.0088
1926	71.9885	73.8521
1927	71.9737	74.9316
1928	71.9737	76.719
1929	71.9737	75.4272
1930	71.9737	72.8955
1931	71.9737	72.6561
1932	71.9737	73.1659
1933	71.9737	72.3207
1934	71.9737	72.0938
1935	71.9737	72.8085
1936	71.9737	73.7504
1937	71.9737	73.9501
1938	71.9737	72.0208
1939	71.9737	71.9737
1940	71.9737	72.1459
1941	71.9737	72.4869
1942	71.9737	74.2927
1943	71.9737	73.9658
1944	71.9737	73.5568
1945	71.9737	73.3348
1946	71.9737	75.1386
1947	71.9737	72.5027
1948	71.9737	72.3411
1949	71.9737	74.1642
1950	71.9737	73.4261
1951	71.9737	73.278
1952	71.9737	72.1433
1953	71.9737	72.1041
1954	71.9737	71.9737
1955	71.9737	72.3046
1956	71.9737	72.7925
1957	71.9737	73.1733
1958	71.9737	72.9107
1959	71.9737	72.3837
1960	71.9737	72.35
1961	71.9737	71.9985
1962	71.9737	72.1325
1963	71.9737	72.2161
1964	71.9737	73.3518
1965	71.9737	72.8761
1966	71.9737	73.5523
1967	71.9737	73.3482
1968	71.9737	72.6732
1969	71.9737	72.2614
1970	71.9737	73.1599
1971	71.9737	73.2671
1972	71.9737	74.2816
1973	71.9737	72.2478
1974	71.9737	74.125
1975	71.9737	72.6532
1976	71.9737	72.0704
1977	71.9737	72.3216
1978	71.9737	72.4753
1979	71.9737	72.4273
1980	71.9737	72.2954
1981	71.9737	72.0839
1982	71.9737	72.3091
1983	71.9737	72.4118
1984	71.9737	72.1709
1985	71.9737	72.4801
1986	71.9737	72.3933
1987	71.9737	72.2566
1988	71.9737	72.5136
1989	71.9737	72.1023
1990	71.9737	72.0505
1991	71.9737	73.6905
1992	71.9737	74.5286
1993	71.9737	72.9486
1994	71.9737	73.4442
1995	71.9737	72.8514
1996	71.9737	72.5568
1997	71.9737	72.1488
1998	71.9737	72.9784
1999	71.9737	73.1552
2000	71.9737	72.5285
2001	71.9737	73.4873
2002	71.9737	73.0484
2003	71.9737	73.5158
2004	71.9737	72.2798
2005	71.9737	71.9737
2006	71.9737	72.2665
2007	71.9737	72.056
2008	71.9737	72.9219
2009	71.9737	72.0122
2010	71.9737	72.0159
2011	71.9737	72.0389
2012	71.9737	71.9737
2013	71.9737	72.0777
2014	71.9737	72.4196
2015	71.9737	72.534
2016	71.9737	72.4651
2017	71.9737	72.6004
2018	71.9737	73.2322
2019	71.9737	72.5942
2020	71.9737	72.0526
2021	71.9737	72.1607
2022	71.9737	73.2804
2023	71.9737	74.1461
2024	71.9737	73.2853
2025	71.9737	73.5286
2026	71.9737	73.8178
2027	71.9737	72.9885
2028	71.9737	72.874
2029	71.9737	72.9763
2030	71.9737	72.7685
2031	71.9737	72.8311
2032	71.9737	73.5597
2033	71.9737	73.699
2034	71.9737	74.3981
2035	71.9737	74.3936
2036	71.9737	74.1915
2037	71.9737	73.1966
2038	71.9737	74.2267
2039	71.9737	74.7023
2040	71.9737	72.9314
2041	71.9737	72.7512
2042	71.9737	73.8005
2043	71.9737	72.4311
2044	71.9737	72.8359
2045	71.9737	72.3463
2046	71.9737	73.0453
2047	71.9737	75.4664
2048	71.9737	73.733
2049	71.9737	73.5203
2050	71.9737	72.8662
2051	71.9737	72.9333
2052	71.9737	73.7563
2053	71.9737	73.9112
2054	71.9737	72.5249
2055	71.9737	72.2118
2056	71.9737	73.0235
2057	71.9737	72.5419
2058	71.9737	72.0637
2059	71.9737	72.4836
2060	71.5949	72.6273
2061	71.5949	74.577
2062	71.5949	73.2109
2063	71.5949	72.1985
2064	71.5949	71.8121
2065	71.5949	71.6606
2066	71.5949	72.0277
2067	71.5949	72.012
2068	71.5949	71.7091
2069	71.5949	71.5949
2070	71.5949	71.9761
2071	71.5949	73.9176
2072	71.5949	73.7724
2073	71.5949	72.2476
2074	71.5949	73.6897
2075	71.5949	73.9909
2076	71.5949	73.0364
2077	71.5949	72.7337
2078	71.5949	72.1198
2079	71.5949	72.409
2080	71.5949	72.0328
2081	71.5949	72.164
2082	71.5949	72.229
2083	71.5949	71.82
2084	71.5949	71.9515
2085	71.5949	72.3028
2086	71.5949	71.6929
2087	71.5949	72.3677
2088	71.5949	73.0648
2089	71.5949	73.0021
2090	71.5949	73.9399
2091	71.5949	73.635
2092	71.5949	72.1768
2093	71.5949	71.6538
2094	71.5949	71.6068
2095	71.5949	72.0218
2096	71.5949	71.8679
2097	71.5949	71.8413
2098	71.5949	72.3668
2099	71.5949	71.6617
2100	71.5949	71.9256
2101	71.5949	71.694
2102	71.5949	71.9763
2103	71.5949	72.0009
2104	71.5949	72.2846
2105	71.5949	73.0919
2106	71.5949	71.889
2107	71.5949	72.0701
2108	71.5949	72.4554
2109	71.5949	72.899
2110	71.5949	73.2916
2111	71.5949	73.0269
2112	71.5949	73.0517
2113	71.5949	72.4724
2114	71.5949	72.717
2115	71.5949	72.5765
2116	71.5949	72.3916
2117	71.5949	72.3791
2118	71.5949	71.9143
2119	71.5949	72.1512
2120	71.5949	71.9159
2121	71.5949	72.3735
2122	71.5949	71.634
2123	71.5949	72.1704
2124	71.5949	72.1916
2125	71.5949	71.7148
2126	71.5949	72.1365
2127	71.5949	72.5417
2128	71.5949	73.6565
2129	71.5949	71.8342
2130	71.5949	71.718
2131	71.5949	73.4205
2132	71.5949	72.6626
2133	71.5949	73.545
2134	71.5949	73.33
2135	71.5949	72.4655
2136	71.5949	73.7723
2137	71.5949	72.5416
2138	71.5949	72.7857
2139	71.5949	71.7051
2140	71.5949	71.61
2141	71.5949	71.7446
2142	71.5949	72.4107
2143	71.5949	73.4769
2144	71.5949	73.978
2145	71.5949	73.2283
2146	71.5949	72.4775
2147	71.5949	73.1905
2148	71.5949	71.8861
2149	71.5949	72.0247
2150	71.5949	71.749
2151	71.5949	73.1198
2152	71.5949	71.9522
2153	71.5949	71.9476
2154	71.5949	71.8774
2155	71.5949	71.63
2156	71.5949	71.6068
2157	71.5949	71.5997
2158	71.5949	71.5949
2159	71.5949	71.5949
2160	71.5949	71.5949
2161	71.5949	71.6323
2162	71.5949	71.6067
2163	71.5949	72.25
2164	71.5949	71.6528
2165	71.5949	71.6597
2166	71.5949	72.8672
2167	71.5949	72.9226
2168	71.5949	72.9015
2169	71.5949	71.6437
2170	71.5949	71.656
2171	71.5949	71.5949
2172	71.5949	71.7801
2173	71.5949	71.8967
2174	71.5949	72.0385
2175	71.5949	73.0066
2176	71.5949	72.2697
2177	71.5949	72.3797
2178	71.5949	72.366
2179	71.5949	72.1764
2180	71.5949	72.5442
2181	71.5949	71.7904
2182	71.5949	72.4359
2183	71.5949	71.8124
2184	71.5949	72.3407
2185	71.5949	72.634
2186	71.5949	73.3318
2187	71.5949	71.612
2188	71.5949	72.2252
2189	71.5949	71.914
2190	71.5949	72.8636
2191	71.5949	71.8981
2192	71.5949	71.6663
2193	71.5949	72.1018
2194	71.5949	72.302
2195	71.5949	71.8153
2196	71.5949	71.9856
2197	71.5949	72.1662
2198	71.5949	71.8894
2199	71.5949	71.7381
2200	71.5949	71.6586
2201	71.5949	72.3579
2202	71.5949	72.0767
2203	71.5949	72.4281
2204	71.5949	72.1792
2205	71.5949	71.9382
2206	71.5949	71.8292
2207	71.5949	72.0126
2208	71.5949	71.9013
2209	71.5949	71.8936
2210	71.5949	71.7451
2211	71.5949	71.8853
2212	71.5949	72.1987
2213	71.5949	71.9676
2214	71.5949	71.6709
2215	71.5949	72.0495
2216	71.5949	72.0857
2217	71.5949	73.0358
2218	71.5949	71.9696
2219	71.5949	73.3563
2220	71.5949	72.7239
2221	71.5949	72.4405
2222	71.5949	71.6431
2223	71.5949	71.9051
2224	71.5949	71.7716
2225	71.5949	72.1174
2226	71.5949	71.9899
2227	71.5949	72.664
2228	71.5949	71.7515
2229	71.5949	71.6094
2230	71.5949	71.5949
2231	71.5949	71.7332
2232	71.5949	71.8104
2233	71.5949	71.919
2234	71.5949	71.6737
2235	71.5949	73.699
2236	71.5949	72.9386
2237	71.5949	72.0796
2238	71.5949	72.9228
2239	71.5949	72.7181
2240	71.5949	71.9928
2241	71.5949	71.5949
2242	71.5949	73.0342
2243	71.5949	71.8428
2244	71.5949	71.8873
2245	71.5949	71.6761
2246	71.5949	71.7138
2247	71.5949	71.7405
2248	71.5949	71.6276
2249	71.5949	71.8809
2250	71.5949	71.8947
2251	71.5949	72.4219
2252	71.5949	72.4229
2253	71.5949	71.7194
2254	71.5949	72.4345
2255	71.5949	72.4904
2256	71.5949	72.0059
2257	71.5949	71.5949
2258	71.5949	71.5949
2259	71.5949	71.5949
2260	71.5949	71.5949
2261	71.5949	71.5949
2262	71.5949	71.661
2263	71.5949	71.5949
2264	71.5949	71.5949
2265	71.5949	71.9051
2266	71.5949	73.3374
2267	71.5949	72.8592
2268	71.5949	71.7339
2269	71.5949	71.8499
2270	71.5949	72.5666
2271	71.5949	73.2319
2272	71.5949	73.0327
2273	71.5949	73.5617
2274	71.5949	72.5666
2275	71.5949	71.8365
2276	71.5949	71.6308
2277	71.5949	72.6652
2278	71.5949	72.5567
2279	71.5949	72.0728
2280	71.5949	72.2253
2281	71.5949	71.716
2282	71.5949	72.369
2283	71.5949	71.7407
2284	71.5949	71.5949
2285	71.5949	71.7298
2286	71.5949	71.7008
2287	71.5949	71.5949
2288	71.5949	71.5949
2289	71.5949	71.6965
2290	71.5949	71.7685
2291	71.5949	72.9597
2292	71.5949	72.5616
2293	71.5949	72.0533
2294	71.5949	72.1508
2295	71.5949	72.1078
2296	71.5949	72.6995
2297	71.5949	73.0071
2298	71.5949	72.7416
2299	71.5949	73.521
2300	71.5949	72.2586
2301	71.5949	72.6313
2302	71.5949	71.8154
2303	71.5949	71.6958
2304	71.5949	71.6877
2305	71.5949	71.7416
2306	71.5949	72.0195
2307	71.5949	71.5949
2308	71.5949	72.1948
2309	71.5949	72.5892
2310	71.5949	73.6453
2311	71.5949	71.5949
2312	71.5949	71.7913
2313	71.5949	71.599
2314	71.5949	71.6414
2315	71.5949	72.9115
2316	71.5949	71.8225
2317	71.5949	71.5952
2318	71.5949	71.9733
2319	71.5949	73.5193
2320	71.5949	72.0034
2321	71.5949	72.4298
2322	71.5949	73.0933
2323	71.5949	73.5229
2324	71.5949	73.1873
2325	71.5949	72.3423
2326	71.5949	71.6815
2327	71.5949	71.5949
2328	71.5949	71.6107
2329	71.5949	71.6714
2330	71.5949	71.7132
2331	70.9914	71.5984
2332	70.9914	71.6589
2333	70.9914	71.3924
2334	70.9914	71.8863
2335	70.9914	72.4026
2336	70.9914	71.9022
2337	70.9914	71.8363
2338	70.9914	72.1762
2339	70.9914	73.389
2340	70.9914	72.3125
2341	70.9914	71.0629
2342	70.9914	71.4072
2343	70.9914	71.3338
2344	70.9914	71.7689
2345	70.9914	71.3015
2346	70.9914	71.1206
2347	70.9914	71.3736
2348	70.9914	70.9914
2349	70.9914	71.3542
2350	70.9914	71.6753
2351	70.9914	71.0261
2352	70.9914	70.9914
2353	70.9914	70.9914
2354	70.9914	71.2869
2355	70.9914	71.3682
2356	70.9914	71.3383
2357	70.9914	72.208
2358	70.9914	72.3403
2359	70.9914	72.3767
2360	70.9914	71.5607
2361	70.9914	72.0947
2362	70.9761	71.8649
2363	70.9761	71.302
2364	70.9761	71.6977
2365	70.9761	71.2865
2366	70.9761	71.2709
2367	70.9761	70.9776
2368	70.9761	71.4569
2369	70.9761	71.6551
2370	70.9761	71.9569
2371	70.9761	72.6533
2372	70.9761	71.6328
2373	70.9761	73.4916
2374	70.9761	72.5681
2375	70.9761	73.5763
2376	70.9761	72.5722
2377	70.9761	71.7847
2378	70.9761	71.5052
2379	70.9761	71.4909
2380	70.9761	70.9761
2381	70.9761	71.8439
2382	70.9761	71.7199
2383	70.9761	72.2215
2384	70.9761	73.1286
2385	70.9761	72.3261
2386	70.9761	72.9087
2387	70.9761	74.6677
2388	70.9761	72.533
2389	70.9761	72.5435
2390	70.9761	72.507
2391	70.9761	72.4194
2392	70.9761	71.7077
2393	70.9761	71.3488
2394	70.9761	71.53
2395	70.9761	70.9761
2396	70.9761	71.2969
2397	70.9761	74.8234
2398	70.9761	74.0326
2399	70.6847	73.4434
2400	70.6847	71.7173
2401	70.6847	70.8246
2402	70.6847	71.5954
2403	70.6847	71.2933
2404	70.6847	70.8777
2405	70.6847	70.9988
2406	70.6847	71.6736
2407	70.6847	70.7691
2408	70.6847	71.1693
2409	70.6847	72.1083
2410	70.6847	71.3591
2411	70.6847	71.9323
2412	70.6847	70.8083
2413	70.6847	71.3539
2414	70.6847	70.6847
2415	70.6847	70.7001
2416	70.6847	71.0067
2417	70.6847	72.2475
2418	70.6847	71.7021
2419	70.6847	70.735
2420	70.6847	70.6847
2421	70.6847	71.2274
2422	70.6847	71.0556
2423	70.6847	71.2941
2424	70.6847	71.2
2425	70.6847	72.789
2426	70.6847	71.53
2427	70.6847	70.8431
2428	70.6847	70.8733
2429	70.6847	70.8417
2430	70.6847	72.2906
2431	70.6847	70.862
2432	70.6847	71.3729
2433	70.6847	70.9362
2434	70.6847	70.7788
2435	70.6847	70.9804
2436	70.6847	71.1177
2437	70.6847	71.073
2438	70.6847	71.0666
2439	70.6847	71.4014
2440	70.6847	70.693
2441	70.6847	71.0046
2442	70.6847	71.5088
2443	70.6847	71.546
2444	70.6847	71.6108
2445	70.6847	71.144
2446	70.6847	70.709
2447	70.6847	70.6847
2448	70.6847	70.805
2449	70.6847	70.6847
2450	70.6847	71.0498
2451	70.6847	70.9938
2452	70.6847	71.1815
2453	70.6847	70.7783
2454	70.6847	70.7842
2455	70.6847	71.8935
2456	70.6847	70.946
2457	70.6847	71.4646
2458	70.6847	72.6464
2459	70.6847	71.7444
2460	70.6847	72.7291
2461	70.6847	70.8168
2462	70.6847	70.7342
2463	70.6847	71.3848
2464	70.6847	72.017
2465	70.6847	72.0791
2466	70.6847	71.2716
2467	70.6847	71.7307
2468	70.6847	70.7193
2469	70.6847	71.5404
2470	70.6847	72.3796
2471	70.6847	70.8748
2472	70.6847	70.6847
2473	70.6847	70.6847
2474	70.6847	70.8321
2475	70.6847	70.6949
2476	70.6847	70.7852
2477	70.6847	70.9345
2478	70.6847	70.827
2479	70.6847	72.0892
2480	70.6847	71.6625
2481	70.6847	72.6127
2482	70.6847	71.521
2483	70.6847	72.6872
2484	70.6847	71.0779
2485	70.6847	70.7108
2486	70.6847	70.6859
2487	70.6847	70.7913
2488	70.6847	71.3358
2489	70.6847	70.9717
2490	70.6847	71.3384
2491	70.6847	71.56
2492	70.6847	70.8989
2493	70.6847	71.6193
2494	70.6847	70.7062
2495	70.6847	70.7211
2496	70.6847	70.6992
2497	70.6847	71.1401
2498	70.6847	71.1795
2499	70.6847	70.6847
2500	70.6847	70.6847
2501	70.6847	70.6847
2502	70.6847	70.6847
2503	70.6847	70.7122
2504	70.6847	70.7987
2505	70.6847	71.2393
2506	70.6847	71.3542
2507	70.6847	71.0129
2508	70.6847	71.9808
2509	70.6847	73.2772
2510	70.6847	72.0974
2511	70.6847	73.9961
2512	70.6847	73.8729
2513	70.6847	71.7085
2514	70.6847	70.6988
2515	70.6847	70.6974
2516	70.6847	70.6847
2517	70.6847	70.736
2518	70.6847	70.9473
2519	70.6847	71.4713
2520	70.6847	70.7113
2521	70.6847	71.0292
2522	70.6847	70.6847
2523	70.6847	71.3322
2524	70.6847	73.0135
2525	70.6847	73.218
2526	70.6847	72.3064
2527	70.6847	71.7337
2528	70.6847	71.2063
2529	70.6847	70.9478
2530	70.6847	70.8454
2531	70.6847	71.7403
2532	70.6847	71.4268
2533	70.6847	71.126
2534	70.6847	70.6847
2535	70.6847	70.7288
2536	70.6847	70.8058
2537	70.6847	70.7037
2538	70.6847	71.1948
2539	70.6847	70.7495
2540	70.6847	70.8461
2541	70.6847	70.9125
2542	70.6847	70.9072
2543	70.6847	70.6847
2544	70.6847	71.543
2545	70.6847	71.6655
2546	70.6847	71.9768
2547	70.6847	72.8809
2548	70.6847	71.656
2549	70.6847	71.1758
2550	70.6847	70.6847
2551	70.6847	70.9411
2552	70.6847	71.1108
2553	70.6847	70.6992
2554	70.6847	70.7288
2555	70.6847	70.8189
2556	70.6847	70.8042
2557	70.6847	70.6847
2558	70.6847	70.6847
2559	70.6847	70.715
2560	70.6847	71.0177
2561	70.6847	71.7645
2562	70.6847	70.8077
2563	70.6847	70.6937
2564	70.6847	70.7832
2565	70.6847	70.7034
2566	70.6847	70.6847
2567	70.6847	70.6847
2568	70.6847	70.8644
2569	70.6847	70.7225
2570	70.6847	71.6037
2571	70.6847	71.7723
2572	70.6847	70.9047
2573	70.6847	70.8312
2574	70.6847	70.7365
2575	70.6847	70.7866
2576	70.6847	71.1206
2577	70.6847	72.7304
2578	70.6847	72.931
2579	70.6847	71.1969
2580	70.6847	71.4168
2581	70.6847	71.9574
2582	70.6847	71.7886
2583	70.6847	71.7927
2584	70.6847	71.6977
2585	70.6847	70.7213
2586	70.6847	70.6892
2587	70.6847	70.6847
2588	70.6847	70.6847
2589	70.6847	70.6847
2590	70.6847	70.6847
2591	70.6847	70.6847
2592	69.9343	70.7978
2593	69.9343	70.6914
2594	69.9343	70.6966
2595	69.9343	70.2803
2596	69.9343	70.3482
2597	69.9343	70.3794
2598	69.9343	71.4508
2599	69.9343	71
2600	69.9343	70.1401
2601	69.9343	70.9472
2602	69.9343	70.6444
2603	69.9343	70.0757
2604	69.9343	70.3911
2605	69.9343	69.9343
2606	69.9343	70.1026
2607	69.9343	70.3991
2608	69.9343	70.7937
2609	69.9343	70.0574
2610	69.9343	70.0929
2611	69.9343	70.2112
2612	69.9343	70.6524
2613	69.9343	70.0853
2614	69.9343	69.9343
2615	69.9343	70.0831
2616	69.9343	70.0899
2617	69.9343	70.2916
2618	69.9343	70.0926
2619	69.9343	70.1967
2620	69.9343	69.9343
2621	69.9343	70.0835
2622	69.9343	70.2239
2623	69.9343	70.0598
2624	69.9343	70.1306
2625	69.9343	70.6811
2626	69.9343	72.145
2627	69.9343	71.0133
2628	69.9343	70.3111
2629	69.9343	70.0373
2630	69.9343	71.1285
2631	69.9343	70.4007
2632	69.9343	70.9871
2633	69.9343	70.2892
2634	69.9343	69.9536
2635	69.9343	70.8944
2636	69.9343	71.3102
2637	69.9343	71.148
2638	69.9343	71.8065
2639	69.9343	72.6053
2640	69.9343	72.4472
2641	69.9343	71.434
2642	69.9343	70.2936
2643	69.9343	71.6191
2644	69.9343	69.9996
2645	69.9343	69.9343
2646	69.9343	70.7615
2647	69.9343	72.4874
2648	69.9343	72.5076
2649	69.9343	72.819
2650	69.9343	71.8413
2651	69.9343	70.8567
2652	69.9343	70.6434
2653	69.9343	71.332
2654	69.9343	71.099
2655	69.9343	72.257
2656	69.9343	73.1036
2657	69.9343	71.3404
2658	69.9343	71.0876
2659	69.9343	70.1892
2660	69.9343	70.1431
2661	69.9343	70.07
2662	69.9343	69.9971
2663	69.9343	69.9723
2664	69.9343	69.9518
2665	69.9343	70.2326
2666	69.9343	70.2357
2667	69.9343	70.1499
2668	69.9343	70.5477
2669	69.9343	71.6536
2670	69.9343	72.0306
2671	69.9343	71.4857
2672	69.9343	71.64
2673	69.9343	70.5538
2674	69.9343	70.4346
2675	69.9343	70.016
2676	69.9343	69.9343
2677	69.9343	69.9417
2678	69.9343	69.9343
2679	69.9343	70.0095
2680	69.9343	69.9343
2681	69.9343	70.0978
2682	69.9343	69.9765
2683	69.9343	69.962
2684	69.9343	70.3969
2685	69.9343	70.0413
2686	69.9343	70.1703
2687	69.9343	70.626
2688	69.9343	70.332
2689	69.9343	70.0069
2690	69.9343	69.9343
2691	69.9343	69.947
2692	69.9343	70.4462
2693	69.9343	70.7427
2694	69.9343	70.153
2695	69.9343	70.3336
2696	69.9343	69.9376
2697	69.9343	70.3654
2698	69.9343	69.983
2699	69.9343	69.9343
2700	69.9343	69.9343
2701	69.9343	69.9343
2702	69.9343	70.1792
2703	69.9343	70.1356
2704	69.9343	70.7577
2705	69.9343	72.8604
2706	69.9343	72.6577
2707	69.9343	71.204
2708	69.9343	72.8612
2709	69.9343	70.8094
2710	69.9343	70.0748
2711	69.9343	70.0065
2712	69.9343	70.3863
2713	69.9343	71.8858
2714	69.9343	70.5351
2715	69.9343	71.1486
2716	69.9343	71.202
2717	69.9343	70.5682
2718	69.9343	70.975
2719	69.9343	70.7383
2720	69.9343	70.0735
2721	69.9343	71.5638
2722	69.9343	72.2529
2723	69.9343	70.627
2724	69.9343	70.2196
2725	69.9343	70.224
2726	69.9343	71.0949
2727	69.9343	70.9746
2728	69.9343	71.5267
2729	69.9343	71.8378
2730	69.9343	70.6719
2731	69.9343	70.5589
2732	69.9343	70.5613
2733	69.9343	70.4803
2734	69.9343	70.0311
2735	69.9343	70.6615
2736	69.9343	69.9425
2737	69.9343	71.2075
2738	69.9343	71.2815
2739	69.9343	70.4181
2740	69.9343	70.1985
2741	69.9343	69.9963
2742	69.9343	72.3028
2743	69.9343	73.6548
2744	69.9343	74.5045
2745	69.9343	71.8813
2746	69.9343	71.6483
2747	69.9343	71.7035
2748	69.9343	72.5062
2749	69.9343	71.7437
2750	69.9343	70.6779
2751	69.9343	71.3018
2752	69.9343	71.0826
2753	69.9343	70.5904
2754	69.9343	70.3314
2755	69.9343	69.9343
2756	69.9343	69.9343
2757	69.9343	69.9366
2758	69.9343	70.5792
2759	69.9343	70.0127
2760	69.9343	70.1551
2761	69.9343	70.4812
2762	69.9343	70.5286
2763	69.9343	70.3904
2764	69.9343	70.9808
2765	69.9343	71.0257
2766	69.9343	71.083
2767	69.9343	71.0662
2768	69.9343	70.9045
2769	69.9343	70.3788
2770	69.9343	69.9479
2771	69.9343	69.9343
2772	69.9343	71.3431
2773	69.9343	71.1579
2774	69.9343	70.7297
2775	69.9343	70.2645
2776	69.9343	70.1618
2777	69.9343	70.228
2778	69.9343	70.7844
2779	69.9343	70.0859
2780	69.9343	69.947
2781	69.9343	69.9343
2782	69.9343	70.3088
2783	69.9343	71.2965
2784	69.9343	70.7065
2785	69.9343	70.2375
2786	69.9343	70.1963
2787	69.9343	70.1241
2788	69.9343	70.9123
2789	69.9343	71.2699
2790	69.9343	70.3749
2791	69.9343	70.2757
2792	69.9343	70.0698
2793	69.9343	70.6865
2794	69.9343	71.3824
2795	69.9343	72.4276
2796	69.9343	70.3971
2797	69.9343	70.0153
2798	69.9343	70.3252
2799	69.9343	70.7708
2800	69.9343	70.3152
2801	69.9343	71.3243
2802	69.9343	70.6163
2803	69.9343	70.2736
2804	69.9343	69.957
2805	69.9343	70.7441
2806	69.9343	70.3456
2807	69.9343	70.0368
2808	69.9343	70.3443
2809	69.9343	69.993
2810	69.9343	70.2227
2811	69.9343	70.6087
2812	69.8904	70.0445
2813	69.8904	70.4623
2814	69.8904	71.518
2815	69.8904	71.6699
2816	69.8904	71.391
2817	69.8904	70.2891
2818	69.8904	69.8939
2819	69.8904	70.1788
2820	69.8904	70.0374
2821	69.8904	71.1639
2822	69.8904	70.8598
2823	69.8904	71.33
2824	69.8904	70.5518
2825	69.8904	70.2574
2826	69.8904	69.8904
2827	69.8904	69.8904
2828	69.8904	69.8904
2829	69.8904	69.8916
2830	69.8904	71.3158
2831	69.8904	71.3477
2832	69.8904	71.6141
2833	69.8904	71.597
2834	69.8904	71.3086
2835	69.8904	70.4652
2836	69.8904	70.7214
2837	69.8904	71.5428
2838	69.8904	71.68
2839	69.8904	71.1693
2840	69.8904	70.5094
2841	69.8904	70.6154
2842	69.8904	71.0548
2843	69.8904	71.6188
2844	69.8904	71.3996
2845	69.8904	72.5852
2846	69.8904	72.3333
2847	69.8904	71.8355
2848	69.8904	71.6798
2849	69.8904	71.7355
2850	69.8904	70.7267
2851	69.8904	70.2099
2852	69.8904	70.2652
2853	69.8904	69.8904
2854	69.8904	69.8904
2855	69.8904	69.9315
2856	69.8904	69.9489
2857	69.8904	70.5703
2858	69.8904	70.2991
2859	69.8904	70.5864
2860	69.8904	70.4566
2861	69.8904	70.5647
2862	69.8904	70.5392
2863	69.8904	69.9379
2864	69.8904	69.9155
2865	69.8904	69.9149
2866	69.8904	69.9128
2867	69.8904	69.9065
2868	69.8904	69.9031
2869	69.8904	69.9457
2870	69.8904	69.8904
2871	69.8904	70.0509
2872	69.8904	69.9869
2873	69.8904	70.8541
2874	69.8904	69.8904
2875	69.8904	69.9574
2876	69.8904	69.9453
2877	69.8904	70.3505
2878	69.8904	70.7231
2879	69.8904	70.7288
2880	69.8904	70.3411
2881	69.8904	70.1119
2882	69.8904	71.478
2883	69.8904	71.9341
2884	69.8904	70.4919
2885	69.8904	71.4428
2886	69.8904	71.0291
2887	69.8904	70.4033
2888	69.8904	69.8904
2889	69.8904	69.9084
2890	69.8904	70.4085
2891	69.8904	70.3936
2892	69.8904	69.9954
2893	69.8904	69.8904
2894	69.8904	70.8129
2895	69.8904	69.8904
2896	69.8904	69.8904
2897	69.8904	69.8904
2898	69.8904	69.8904
2899	69.8904	71.2269
2900	69.8904	70.5779
2901	69.8904	72.5514
2902	69.8904	71.5784
2903	69.8904	71.9286
2904	69.8904	70.5786
2905	69.8904	70.4482
2906	69.8904	70.5559
2907	69.8904	70.8127
2908	69.8904	70.7129
2909	69.8904	72.1233
2910	69.8904	71.4715
2911	69.8904	71.992
2912	69.8904	70.71
2913	69.8904	70.5133
2914	69.8904	71.869
2915	69.8904	71.8803
2916	69.8904	72.245
2917	69.8904	71.7117
2918	69.8904	71.5633
2919	69.8904	71.2455
2920	69.8904	71.4616
2921	69.8904	73.1232
2922	69.8904	72.331
2923	69.8904	71.3663
2924	69.8904	71.1527
2925	69.8904	72.5864
2926	69.8904	71.966
2927	69.8904	71.474
2928	69.8904	70.3618
2929	69.8904	70.0925
2930	69.8904	71.2722
2931	69.8904	71.0407
2932	69.8904	71.2725
2933	69.8904	70.4596
2934	69.8904	70.0131
2935	69.8904	69.9098
2936	69.8904	70.7972
2937	69.8904	70.7193
2938	69.8904	71.9533
2939	69.8904	71.3391
2940	69.8904	70.6044
2941	69.8904	70.1862
2942	69.8904	69.9948
2943	69.8904	69.8904
2944	69.8904	69.8904
2945	69.8904	69.8904
2946	69.8904	69.8904
2947	69.8904	69.8904
2948	69.8904	70.1543
2949	69.8904	70.6385
2950	69.8904	70.6905
2951	69.8904	70.6564
2952	69.8904	70.3791
2953	69.8904	69.9954
2954	69.8904	70.5805
2955	69.8904	69.966
2956	69.8904	70.3409
2957	69.8904	70.1043
2958	69.8904	69.9467
2959	69.8904	70.339
2960	69.8904	70.0515
2961	69.8904	70.5178
2962	69.8904	70.1227
2963	69.8904	69.976
2964	69.8904	71.4063
2965	69.8904	71.1613
2966	69.8904	70.2792
2967	69.8904	70.3642
2968	69.8904	69.9344
2969	69.8904	70.2544
2970	69.8904	70.0506
2971	69.8904	69.8904
2972	69.8904	69.9142
2973	69.8904	70.4547
2974	69.8904	70.1287
2975	69.8904	70.7939
2976	69.8904	70.8645
2977	69.8904	70.756
2978	69.8904	70.5404
2979	69.8904	70.873
2980	69.8904	70.7953
2981	69.8904	70.1835
2982	69.8904	70.7395
2983	69.8904	69.9084
2984	69.8904	71.0242
2985	69.8904	70.6529
2986	69.8904	70.1893
2987	69.8904	69.898
2988	69.8904	70.1337
2989	69.8904	70.0809
2990	69.8904	70.294
2991	69.8904	69.9483
2992	69.8904	70.0681
2993	69.8904	70.4653
2994	69.8904	69.8995
2995	69.8904	69.9863
2996	69.8904	69.8904
2997	69.8904	70.465
2998	69.8904	71.2167
2999	69.8904	71.7062
3000	69.8904	72.3254
3001	69.8904	71.4315
3002	69.8904	71.0934
3003	69.8904	70.4353
3004	69.8904	70.2383
3005	69.8904	71.2644
3006	69.8904	72.259
3007	69.8904	71.6654
3008	69.8904	70.8458
3009	69.8904	70.2562
3010	69.8904	70.2029
3011	69.8904	69.995
3012	69.8904	70.2559
3013	69.8904	69.8904
3014	69.8904	69.9277
3015	69.8904	70.2829
3016	69.8904	69.8904
3017	69.8904	70.0181
3018	69.8904	70.1721
3019	69.8904	70.6031
3020	69.8904	70.0851
3021	69.8904	69.8904
3022	69.8904	70.8493
3023	69.8904	69.8904
3024	69.8904	71.0611
3025	69.8904	70.9597
3026	69.8904	70.0961
3027	69.8904	71.4223
3028	69.8904	70.5075
3029	69.8904	71.1013
3030	69.8904	71.1929
3031	69.8904	70.4915
3032	69.8904	70.5388
3033	69.8904	70.0939
3034	69.8904	70.1512
3035	69.8904	70.3903
3036	69.8904	70.1738
3037	69.8904	70.0134
3038	69.8904	70.8095
3039	69.8904	70.0481
3040	69.8904	70.1121
3041	69.8904	71.1841
3042	69.8904	70.9344
3043	69.8904	70.0358
3044	69.8904	70.5498
3045	69.8904	70.2454
3046	69.8904	72.2231
3047	69.8904	70.5514
3048	69.8904	70.3715
3049	69.8904	70.832
3050	69.8904	71.0256
3051	69.8904	71.5884
3052	69.8904	70.6042
3053	69.8904	70.0214
3054	69.8904	69.8904
3055	69.8904	69.8904
3056	69.8904	69.9712
3057	69.8904	71.0113
3058	69.8904	70.0109
3059	69.8904	69.8904
3060	69.8904	70.086
3061	69.8904	70.8476
3062	69.8904	70.2597
3063	69.8904	69.9587
3064	69.8904	70.7349
3065	69.8904	69.8904
3066	69.8904	69.8904
3067	69.8904	69.8904
3068	69.8904	69.8904
3069	69.8904	70.0388
3070	69.8904	69.9284
3071	69.8904	70.1221
3072	69.8904	70.7764
3073	69.8904	71.4532
3074	69.8904	71.087
3075	69.8904	71.1299
3076	69.8904	71.3047
3077	69.8904	70.3566
3078	69.8904	70.1327
3079	69.8904	70.2652
3080	69.8904	70.2355
3081	69.8904	69.8904
3082	69.8904	69.8904
3083	69.8904	69.8904
3084	69.8904	69.8904
3085	69.8904	69.9559
3086	69.8904	70.2196
3087	69.8904	70.3415
3088	69.8904	70.8897
3089	69.8904	70.72
3090	69.8904	71.1705
3091	69.8904	70.0564
3092	69.8904	70.0336
3093	69.8904	70.0862
3094	69.8904	70.1553
3095	69.8904	69.9035
3096	69.8904	70.7117
3097	69.8904	69.96
3098	69.8904	70.1029
3099	69.8904	70.4879
3100	69.8904	70.0684
3101	69.8904	70.8303
3102	69.8904	70.8294
3103	69.8904	70.7957
3104	69.8904	70.4426
3105	69.8904	70.8231
3106	69.8904	70.3838
3107	69.8904	70.7855
3108	69.8904	70.2127
3109	69.8904	70.3655
3110	69.8904	70.4906
3111	69.8904	71.3485
3112	69.8904	70.0413
3113	69.8904	70.0061
3114	69.8904	70.4562
3115	69.8904	70.2153
3116	69.8904	71.001
3117	69.8904	70.3714
3118	69.8904	71.6014
3119	69.8904	70.1171
3120	69.8904	70.2374
3121	69.8904	70.3338
3122	69.8904	69.9408
3123	69.8904	69.9636
3124	69.8904	70.1239
3125	69.8904	69.9682
3126	69.8904	70.3066
3127	69.8904	70.5029
3128	69.8904	70.2146
3129	69.8904	69.8904
3130	69.8904	70.8006
3131	69.8904	72.0491
3132	69.8904	72.0398
3133	69.8904	72.7565
3134	69.8904	70.6798
3135	69.8904	70.2145
3136	69.8904	70.3024
3137	69.8904	70.4363
3138	69.8904	70.5447
3139	69.8904	72.9011
3140	69.8799	71.4471
3141	69.8799	71.9566
3142	69.8799	72.8237
3143	69.8799	70.8527
3144	69.8799	70.3313
3145	69.8799	70.9815
3146	69.8799	70.6877
3147	69.8799	70.172
3148	69.8799	70.3071
3149	69.8799	70.0723
3150	69.8799	70.0612
3151	69.8799	70.1127
3152	69.8799	69.8801
3153	69.8799	69.8799
3154	69.8799	69.8799
3155	69.8799	69.8799
3156	69.8799	69.8799
3157	69.8799	69.9133
3158	69.8799	70.0709
3159	69.8799	70.0131
3160	69.8799	70.0121
3161	69.8799	69.9376
3162	69.8799	70.529
3163	69.8799	71.3399
3164	69.8799	71.599
3165	69.8799	70.8067
3166	69.8799	71.3803
3167	69.8799	71.0503
3168	69.8799	70.1575
3169	69.8799	70.0748
3170	69.8799	70.298
3171	69.8799	70.8159
3172	69.8799	70.4267
3173	69.8799	70.6813
3174	69.8799	71.266
3175	69.8799	71.4074
3176	69.8799	71.6958
3177	69.8799	71.7999
3178	69.8799	72.521
3179	69.8799	71.3283
3180	69.8799	70.0225
3181	69.8799	70.3507
3182	69.8799	70.7398
3183	69.8799	71.409
3184	69.8799	70.0651
3185	69.8799	73.2028
3186	69.8799	74.5449
3187	69.8799	72.4486
3188	69.8799	72.3215
3189	69.8799	72.1383
3190	69.8799	69.9605
3191	69.8799	69.8799
3192	69.8799	70.287
3193	69.8799	70.3308
3194	69.8799	70.4846
3195	69.8799	72.0575
3196	69.8799	70.7697
3197	69.8799	70.1357
3198	69.8799	70.8693
3199	69.8799	71.0847
3200	69.8799	70.6258
3201	69.8799	69.8799
3202	69.8799	69.8799
3203	69.8799	70.2723
3204	69.8799	70.8993
3205	69.8799	70.3865
3206	69.8799	70.3597
3207	69.8799	71.3387
3208	69.8799	69.8799
3209	69.8799	70.1832
3210	69.8799	69.9294
3211	69.8799	69.8799
3212	69.8799	69.8799
3213	69.8799	70.0243
3214	69.8799	70.4325
3215	69.8799	69.8799
3216	69.8799	70.152
3217	69.8799	70.2466
3218	69.8799	70.9919
3219	69.8799	70.9746
3220	69.8799	69.9144
3221	69.8799	69.8799
3222	69.8799	70.3535
3223	69.8799	69.9369
3224	69.8799	70.2625
3225	69.8799	70.2114
3226	69.8799	70.3904
3227	69.8799	70.7508
3228	69.8799	69.9324
3229	69.8799	70.4115
3230	69.8799	69.8799
3231	69.8799	69.8799
3232	69.8799	69.8977
3233	69.8799	69.9544
3234	69.8799	70.1996
3235	69.8799	70.3214
3236	69.8799	69.936
3237	69.8799	72.5236
3238	69.8799	71.9586
3239	69.8799	71.6458
3240	69.8799	72.0533
3241	69.8799	70.6095
3242	69.8799	70.6785
3243	69.8799	71.8752
3244	69.8799	70.4905
3245	69.8799	69.8799
3246	69.8799	69.9217
3247	69.8799	69.9378
3248	69.8799	69.8799
3249	69.8799	70.3487
3250	69.8799	70.167
3251	69.8799	70.0152
3252	69.8799	70.3662
3253	69.8799	70.9049
3254	69.8799	70.1349
3255	69.8799	70.9441
3256	69.8513	71.8046
3257	69.8513	70.757
3258	69.8513	69.8662
3259	69.8513	69.861
3260	69.8513	69.8535
3261	69.8513	69.8524
3262	69.8513	69.9465
3263	69.8513	69.9426
3264	69.8513	70.1805
3265	69.8513	70.3398
3266	69.8513	70.1595
3267	69.8513	70.0149
3268	69.8513	70.1877
3269	69.8513	71.4395
3270	69.8513	70.725
3271	69.8513	71.3376
3272	69.8513	70.4924
3273	69.8513	70.6483
3274	69.8513	70.1178
3275	69.8513	70.3202
3276	69.8513	70.7943
3277	69.8513	71.0447
3278	69.8513	70.0174
3279	69.8513	69.9816
3280	69.8513	69.969
3281	69.8513	70.4331
3282	69.8513	69.8542
3283	69.8513	69.8513
3284	69.8513	69.8513
3285	69.8513	69.8513
3286	69.8513	69.8513
3287	69.8513	70.1743
3288	69.8513	69.8513
3289	69.8513	69.876
3290	69.8513	70.0478
3291	69.8513	69.866
3292	69.8513	70.1146
3293	69.8513	70.2652
3294	69.8513	70.238
3295	69.8513	70.6292
3296	69.8513	70.814
3297	69.8513	70.7425
3298	69.8513	70.7018
3299	69.8513	71.014
3300	69.8513	70.4328
3301	69.8513	69.8513
3302	69.8513	69.8513
3303	69.8513	69.8513
3304	69.8513	69.8513
3305	69.8513	69.863
3306	69.8513	69.8965
3307	69.8513	70.6844
3308	69.8513	70.2458
3309	69.8513	70.2539
3310	69.8513	70.4807
3311	69.8513	70.152
3312	69.8513	69.9528
3313	69.8513	70.7366
3314	69.8513	70.8787
3315	69.8513	70.2498
3316	69.8513	69.8957
3317	69.8513	70.1297
3318	69.8513	69.8513
3319	69.8513	69.8513
3320	69.8513	69.8513
3321	69.8513	69.8513
3322	69.8513	69.8513
3323	69.8513	69.8513
3324	69.8513	69.9783
3325	69.8513	69.9731
3326	69.8513	70.507
3327	69.8513	70.2817
3328	69.8513	70.7443
3329	69.8513	70.6658
3330	69.8513	72.1493
3331	69.8513	71.8403
3332	69.8513	72.744
3333	69.8513	72.9625
3334	69.8513	70.9236
3335	69.8513	71.1142
3336	69.8513	71.3797
3337	69.8513	70.5794
3338	69.8513	71.0127
3339	69.8513	69.8513
3340	69.8513	69.8513
3341	69.8513	70.2301
3342	69.8513	70.222
3343	69.8513	70.4467
3344	69.8513	69.9208
3345	69.8513	69.8513
3346	69.8513	69.9059
3347	69.8513	69.8513
3348	69.8513	69.8513
3349	69.8513	69.877
3350	69.8513	70.473
3351	69.8513	69.9284
3352	69.8513	69.8974
3353	69.8513	69.8513
3354	69.8513	69.9836
3355	69.8513	70.0998
3356	69.8513	69.8513
3357	69.8513	69.9197
3358	69.8513	69.9018
3359	69.8513	69.8513
3360	69.8513	70.5331
3361	69.8513	70.0626
3362	69.8513	70.5182
3363	69.8513	71.2171
3364	69.8513	70.2465
3365	69.8513	71.7489
3366	69.8513	72.6738
3367	69.8513	70.2434
3368	69.8513	71.8841
3369	69.8513	70.5005
3370	69.8513	70.4207
3371	69.8513	70.0015
3372	69.8513	70.6604
3373	69.8513	70.6628
3374	69.8513	71.6813
3375	69.8513	72.1899
3376	69.8513	70.1632
3377	69.8513	70.9065
3378	69.8513	70.9548
3379	69.8513	70.6546
3380	69.8513	70.4748
3381	69.8513	69.8916
3382	69.8513	70.5031
3383	69.8513	71.1359
3384	69.8513	70.4273
3385	69.8513	70.6476
3386	69.8513	71.5433
3387	69.8513	70.6899
3388	69.8513	70.9576
3389	69.8513	70.2116
3390	69.8513	70.5836
3391	69.8513	70.56
3392	69.8513	70.6384
3393	69.8513	70.7218
3394	69.8513	70.81
3395	69.8513	70.228
3396	69.8513	69.8513
3397	69.8513	69.9623
3398	69.8513	69.9808
3399	69.8513	69.9127
3400	69.8513	69.8513
3401	69.8513	69.9514
3402	69.8513	70.2139
3403	69.8513	69.8764
3404	69.8513	69.88
3405	69.8513	69.899
3406	69.8513	70.7309
3407	69.8513	70.0041
3408	69.8513	70.0638
3409	69.8513	70.6685
3410	69.8513	69.8828
3411	69.8513	69.8513
3412	69.8513	70.3116
3413	69.8513	70.1816
3414	69.8513	70.0488
3415	69.8513	69.9744
3416	69.8513	70.2881
3417	69.8513	69.9743
3418	69.8513	70.0899
3419	69.8513	70.9926
3420	69.8513	71.0346
3421	69.8513	70.2799
3422	69.8513	70.1496
3423	69.8513	70.5117
3424	69.8513	69.8513
3425	69.8513	69.881
3426	69.8513	70.069
3427	69.8513	69.8637
3428	69.8513	71.7729
3429	69.8513	71.1706
3430	69.8513	70.6527
3431	69.8513	70.5657
3432	69.8513	71.2298
3433	69.8513	70.8574
3434	69.8513	71.8725
3435	69.8513	70.4939
3436	69.8513	70.2509
3437	69.8513	70.2444
3438	69.8513	69.8513
3439	69.8513	70.0664
3440	69.8513	70.1775
3441	69.8513	69.8513
3442	69.8513	69.8513
3443	69.8513	69.8513
3444	69.8513	70.7763
3445	69.8513	70.2557
3446	69.8513	70.0088
3447	69.8513	70.0045
3448	69.8513	70.2451
3449	69.8513	69.8513
3450	69.8513	69.8985
3451	69.8513	70.888
3452	69.8513	70.7969
3453	69.8513	70.3722
3454	69.8513	69.9438
3455	69.8513	70.2006
3456	69.8513	70.1378
3457	69.8513	69.8711
3458	69.8513	70.5854
3459	69.8513	71.4881
3460	69.8513	70.5706
3461	69.8513	70.0545
3462	69.8513	70.4667
3463	69.8513	70.779
3464	69.8513	69.863
3465	69.8513	69.9163
3466	69.8513	71.1376
3467	69.8513	72.1599
3468	69.8513	72.0001
3469	69.8513	71.2762
3470	69.8513	70.2742
3471	69.8513	69.8513
3472	69.8513	70.2904
3473	69.8513	70.7691
3474	69.8513	70.18
3475	69.8513	71.6575
3476	69.8513	71.419
3477	69.8513	72.0679
3478	69.8513	71.8643
3479	69.8513	70.8611
3480	69.8513	69.8659
3481	69.8513	70.1748
3482	69.8513	69.9939
3483	69.8513	70.5423
3484	69.8513	70.9264
3485	69.8513	70.7725
3486	69.8513	71.0239
3487	69.8513	70.5731
3488	69.8513	70.3861
3489	69.8513	70.4681
3490	69.8513	70.6714
3491	69.8513	70.6783
3492	69.8513	70.9488
3493	69.8513	70.1657
3494	69.8513	70.1573
3495	69.8513	70.6108
3496	69.8513	70.5548
3497	69.8513	70.8075
3498	69.8513	69.9489
3499	69.8513	70.0683
3500	69.8513	70.6257
3501	69.8513	72.5928
3502	69.8513	72.1223
3503	69.8513	71.1073
3504	69.8513	70.7847
3505	69.8513	70.6128
3506	69.8513	69.8513
3507	69.8513	69.8513
3508	69.8513	69.8513
3509	69.8513	69.8691
3510	69.8513	69.9113
3511	69.8513	70.2361
3512	69.8513	72.0319
3513	69.8513	71.5373
3514	69.8513	70.9682
3515	69.8513	69.8788
3516	69.8513	71.1439
3517	69.8513	70.6504
3518	69.8513	69.8513
3519	69.8513	69.8513
3520	69.8513	69.9191
3521	69.8513	70.7697
3522	69.8513	70.5595
3523	69.8513	69.8513
3524	69.8513	70.0046
3525	69.8513	70.0991
3526	69.8513	70.1473
3527	69.8513	70.0027
3528	69.8513	70.2343
3529	69.8513	70.3334
3530	69.8513	69.9436
3531	69.8513	70.3233
3532	69.8513	70.6155
3533	69.8513	69.9212
3534	69.8513	69.8995
3535	69.8513	69.8513
3536	69.8513	69.8513
3537	69.8513	70.9282
3538	69.8513	71.0909
3539	69.8513	69.971
3540	69.8513	70.8769
3541	69.8513	72.0794
3542	69.8513	71.8034
3543	69.8513	71.9236
3544	69.7987	72.3225
3545	69.7987	71.7732
3546	69.7987	70.5741
3547	69.7987	70.5452
3548	69.7987	69.8967
3549	69.7987	70.3781
3550	69.7987	69.9918
3551	69.7987	69.7997
3552	69.7987	70.3636
3553	69.7987	70.4546
3554	69.7987	71.0095
3555	69.7987	69.7987
3556	69.7987	69.7987
3557	69.7987	69.86
3558	69.7987	69.7987
3559	69.7987	69.7987
3560	69.7987	69.8275
3561	69.7987	70.8795
3562	69.7987	69.8248
3563	69.7987	69.8655
3564	69.7987	70.3617
3565	69.7987	71.1357
3566	69.7987	72.5802
3567	69.7987	72.0642
3568	69.7987	70.793
3569	69.7987	72.6326
3570	69.7987	71.7469
3571	69.7987	73.9916
3572	69.7987	71.6151
3573	69.7987	71.2013
3574	69.7987	71.045
3575	69.7987	71.6246
3576	69.7987	71.2423
3577	69.7987	72.2727
3578	69.7987	70.7671
3579	69.7987	70.4717
3580	69.7987	69.7998
3581	69.7987	70.3815
3582	69.7987	72.0643
3583	69.7987	71.9245
3584	69.7987	71.3347
3585	69.7987	72.4781
3586	69.7987	70.6841
3587	69.7987	72.4228
3588	69.7987	71.1332
3589	69.7987	70.939
3590	69.7987	71.5012
3591	69.7987	72.0113
3592	69.7987	70.2943
3593	69.7987	70.832
3594	69.7987	70.0024
3595	69.7987	69.9048
3596	69.7987	69.8336
3597	69.7987	69.8221
3598	69.7987	70.5703
3599	69.7987	70.2924
3600	69.7987	70.3905
3601	69.7987	70.8821
3602	69.7987	70.5904
3603	69.7987	70.4136
3604	69.7987	69.7987
3605	69.7987	69.7987
3606	69.7987	69.7987
3607	69.7987	69.8363
3608	69.7987	70.2195
3609	69.7987	70.1645
3610	69.7987	70.8331
3611	69.7987	71.2862
3612	69.7987	70.8814
3613	69.7987	70.5366
3614	69.7987	70.3178
3615	69.7987	69.7987
3616	69.7987	69.911
3617	69.7987	70.0276
3618	69.7987	69.907
3619	69.7987	70.0471
3620	69.7987	70.0272
3621	69.7987	69.7987
3622	69.7987	70.6765
3623	69.7987	69.8651
3624	69.7987	70.049
3625	69.7987	70.8031
3626	69.7987	70.4285
3627	69.7987	70.4111
3628	69.7987	69.989
3629	69.7987	70.0661
3630	69.7987	70.2945
3631	69.7987	70.4806
3632	69.7987	70.2198
3633	69.7987	71.3625
3634	69.7987	70.8972
3635	69.7987	71.2653
3636	69.7987	73.161
3637	69.7987	73.9453
3638	69.7987	71.5049
3639	69.7987	71.8236
3640	69.7987	71.9542
3641	69.7987	71.2694
3642	69.7987	70.2035
3643	69.7987	70.5479
3644	69.7987	70.7388
3645	69.7987	71.4729
3646	69.7987	70.9905
3647	69.7987	72.8305
3648	69.7987	72.2452
3649	69.7987	70.6913
3650	69.7987	70.0893
3651	69.7987	69.7987
3652	69.7987	69.8571
3653	69.7987	70.4517
3654	69.7987	70.5221
3655	69.7987	70.7907
3656	69.7987	69.8882
3657	69.7987	70.4526
3658	69.7987	69.8185
3659	69.7987	69.8906
3660	69.7987	70.3058
3661	69.7987	70.2861
3662	69.7987	70.8286
3663	69.7987	70.455
3664	69.7987	70.3207
3665	69.7987	70.0993
3666	69.7987	70.1684
3667	69.7987	70.1339
3668	69.7987	69.7987
3669	69.7987	69.7987
3670	69.7987	69.8221
3671	69.7987	69.8593
3672	69.7987	70.2117
3673	69.7987	69.7987
3674	69.7987	69.8887
3675	69.7987	69.922
3676	69.7987	70.7481
3677	69.7987	70.926
3678	69.7987	71.8466
3679	69.7987	71.7399
3680	69.7987	71.4202
3681	69.7987	71.2717
3682	69.7987	72.968
3683	69.7987	72.4385
3684	69.7987	73.7227
3685	69.7987	71.561
3686	69.7987	72.0681
3687	69.7987	69.7987
3688	69.7987	69.8955
3689	69.7987	72.2296
3690	69.7987	70.5151
3691	69.7987	71.1466
3692	69.7987	70.3543
3693	69.7987	70.8904
3694	69.7987	70.6191
3695	69.7987	71.0807
3696	69.7987	71.0365
3697	69.7987	70.5994
3698	69.7987	70.5177
3699	69.7987	70.5266
3700	69.7987	70.5499
3701	69.7987	69.9139
3702	69.7987	69.8669
3703	69.7987	70.077
3704	69.7987	69.7987
3705	69.7987	69.7987
3706	69.7987	69.9939
3707	69.7987	71.5242
3708	69.7987	70.2323
3709	69.7987	70.5908
3710	69.7987	69.8425
3711	69.7987	70.6496
3712	69.7987	69.8912
3713	69.7987	69.7987
3714	69.7987	69.7987
3715	69.7987	70.0783
3716	69.7987	72.8579
3717	69.7987	71.3562
3718	69.7987	70.8538
3719	69.7987	70.0533
3720	69.7987	69.8912
3721	69.7987	69.7987
3722	69.7987	69.7987
3723	69.7987	69.7987
3724	69.7987	69.8374
3725	69.7987	69.8986
3726	69.7987	70.5385
3727	69.7987	71.3144
3728	69.7987	70.1376
3729	69.7987	70.1037
3730	69.7987	70.1457
3731	69.7987	70.8674
3732	69.7987	70.2784
3733	69.7987	70.6614
3734	69.7987	70.5346
3735	69.7987	72.0102
3736	69.7987	70.9361
3737	69.7987	72.4855
3738	69.7987	71.5046
3739	69.7987	71.8538
3740	69.7987	71.3644
3741	69.7987	70.7416
3742	69.7987	70.4158
3743	69.7987	70.0321
3744	69.7987	70.0272
3745	69.7987	70.0355
3746	69.7987	71.5193
3747	69.7987	71.3412
3748	69.7987	70.5504
3749	69.7987	69.881
3750	69.7987	70.0598
3751	69.7987	70.9883
3752	69.7987	70.5225
3753	69.7987	69.7987
3754	69.7987	69.7987
3755	69.7987	69.9593
3756	69.7987	71.3831
3757	69.7987	70.6372
3758	69.7987	71.1371
3759	69.7987	72.7338
3760	69.7987	70.1766
3761	69.7987	69.9892
3762	69.7987	69.7987
3763	69.7987	69.7987
3764	69.7987	70.1291
3765	69.7987	71.452
3766	69.7987	71.2082
3767	69.7987	71.1738
3768	69.7987	70.601
3769	69.7987	70.4936
3770	69.7987	70.8509
3771	69.7987	71.0178
3772	69.7987	70.7293
3773	69.7987	70.1573
3774	69.7987	70.4769
3775	69.7987	71.7679
3776	69.7987	70.6923
3777	69.7987	71.7308
3778	69.7987	70.2047
3779	69.7987	70.8403
3780	69.7987	71.4971
3781	69.7987	71.2249
3782	69.7987	70.8794
3783	69.7987	71.0521
3784	69.7987	70.579
3785	69.7987	71.2326
3786	69.7987	71.9137
3787	69.7987	71.66
3788	69.7987	69.9382
3789	69.7987	69.7987
3790	69.7987	70.3354
3791	69.7987	69.8941
3792	69.7987	69.8189
3793	69.7987	70.7155
3794	69.7987	71.201
3795	69.7987	71.1279
3796	69.7987	72.9513
3797	69.7987	73.906
3798	69.7987	73.6461
3799	69.7987	74.6177
3800	69.7987	70.8517
3801	69.7987	70.7775
3802	69.7987	69.7987
3803	69.7987	70.2023
3804	69.7987	70.5703
3805	69.7987	69.7987
3806	69.7987	69.7987
3807	69.7987	70.0296
3808	69.7987	71.3121
3809	69.7987	70.541
3810	69.7987	71.3198
3811	69.7987	69.9909
3812	69.7987	70.0663
3813	69.7987	70.1955
3814	69.7987	70.5393
3815	69.7987	71.0773
3816	69.7987	72.1503
3817	69.7987	70.562
3818	69.7987	69.9762
3819	69.7987	70.284
3820	69.7987	70.1834
3821	69.7987	69.9304
3822	69.7987	70.3982
3823	69.7987	69.9721
3824	69.7987	70.2759
3825	69.7987	70.1022
3826	69.7987	70.5875
3827	69.7987	70.5759
3828	69.7987	70.88
3829	69.7987	70.219
3830	69.7987	70.1024
3831	69.7987	69.8004
3832	69.7987	69.7987
3833	69.7987	69.857
3834	69.7987	69.9132
3835	69.7987	69.9231
3836	69.7987	69.8512
3837	69.7987	70.2214
3838	69.7987	70.2896
3839	69.7987	70.3584
3840	69.7987	70.9407
3841	69.7987	72.1304
3842	69.7987	71.3606
3843	69.7987	70.5147
3844	69.7987	70.2184
3845	69.7987	70.6268
3846	69.7987	70.6002
3847	69.7987	70.2796
3848	69.7987	70.016
3849	69.7987	69.8686
3850	69.7987	69.7987
3851	69.7987	70.4644
3852	69.7987	71.1302
3853	69.7987	71.0214
3854	69.7987	69.8477
3855	69.7987	69.8446
3856	69.7987	70.9322
3857	69.7987	71.0596
3858	69.7987	71.9381
3859	69.7987	71.2882
3860	69.7987	71.6619
3861	69.7987	70.2824
3862	69.7987	70.0598
3863	69.7987	70.5647
3864	69.7987	70.0168
3865	69.7987	70.5871
3866	69.7987	69.9669
3867	69.7987	70.8751
3868	69.7987	70.238
3869	69.7987	70.2429
3870	69.7987	69.7987
3871	69.7987	70.0486
3872	69.7987	69.9978
3873	69.7987	69.81
3874	69.7987	69.9043
3875	69.7987	69.7987
3876	69.7987	69.9844
3877	69.7987	70.8445
3878	69.7987	70.1081
3879	69.7987	70.1056
3880	69.7987	69.8265
3881	69.7987	69.8199
3882	69.7987	69.9006
3883	69.7987	69.9616
3884	69.7987	69.969
3885	69.7987	69.9537
3886	69.7987	70.2556
3887	69.7987	70.3978
3888	69.7987	71.6948
3889	69.7987	71.0231
3890	69.7987	72.0988
3891	69.7987	70.5609
3892	69.7987	70.4316
3893	69.7987	70.7541
3894	69.7987	70.2044
3895	69.7987	69.7987
3896	69.7987	70.1804
3897	69.7987	71.083
3898	69.7987	71.4089
3899	69.7987	70.8008
3900	69.7987	70.6883
3901	69.7987	69.7987
3902	69.7987	69.7987
3903	69.7987	70.8883
3904	69.7987	70.627
3905	69.7987	70.387
3906	69.7987	69.7987
3907	69.7987	69.9136
3908	69.7987	70.0615
3909	69.7987	71.5814
3910	69.7987	71.5382
3911	69.7987	71.2374
3912	69.7987	69.9765
3913	69.7987	69.8267
3914	69.7987	69.8351
3915	69.7987	70.0109
3916	69.7987	70.8166
3917	69.7987	70.1772
3918	69.7987	69.7987
3919	69.7987	69.7987
3920	69.7987	69.81
3921	69.7987	70.0118
3922	69.7987	70.0787
3923	69.7987	69.7987
3924	69.7987	70.1433
3925	69.7987	69.9014
3926	69.7987	70.0734
3927	69.7987	69.7987
3928	69.7987	69.7987
3929	69.7987	69.7987
3930	69.7987	69.9544
3931	69.7987	70.0148
3932	69.7987	69.941
3933	69.7987	70.2652
3934	69.7987	70.7381
3935	69.7987	70.9253
3936	69.7987	69.9789
3937	69.7987	69.9492
3938	69.7987	69.8628
3939	69.7987	70.0249
3940	69.7987	69.7987
3941	69.7987	70.2321
3942	69.7987	69.7987
3943	69.7987	70.4328
3944	69.7987	70.0175
3945	69.7987	69.9174
3946	69.7987	69.7987
3947	69.7987	70.0735
3948	69.7987	69.8442
3949	69.7987	69.7987
3950	69.7987	70.1727
3951	69.7987	70.5924
3952	69.7987	70.2055
3953	69.7987	70.0835
3954	69.7987	69.8339
3955	69.7987	71.5411
3956	69.7987	72.3415
3957	69.7987	73.2238
3958	69.7987	73.491
3959	69.7987	72.3283
3960	69.7987	75.0115
3961	69.7987	72.7545
3962	69.7987	70.6388
3963	69.7987	71.3892
3964	69.7987	71.9961
3965	69.7987	73.163
3966	69.7987	72.4625
3967	69.7987	70.1693
3968	69.7987	71.2831
3969	69.7987	70.4933
3970	69.7987	70.1548
3971	69.7987	70.2797
3972	69.7987	69.8758
3973	69.7987	69.9825
3974	69.7987	70.7176
3975	69.7987	70.0257
3976	69.7987	69.7987
3977	69.7987	70.2163
3978	69.7987	69.7987
3979	69.7987	70.255
3980	69.7987	69.9949
3981	69.7987	70.3355
3982	69.7987	70.0503
3983	69.7987	70.0877
3984	69.7987	70.9445
3985	69.7987	71.6768
3986	69.7987	70.9265
3987	69.7987	70.2861
3988	69.7987	71.9266
3989	69.7987	70.436
3990	69.7987	70.4377
3991	69.7987	69.9299
3992	69.7987	69.8933
3993	69.7987	70.1304
3994	69.7987	70.0586
3995	69.7987	70.8732
3996	69.7987	71.0379
3997	69.7987	70.9694
3998	69.7987	72.8136
3999	69.7987	72.6516
4000	69.7987	70.5938
4001	69.7987	73.3801
4002	69.7987	71.3481
4003	69.7987	70.5431
4004	69.7987	69.9203
4005	69.7987	69.812
4006	69.7987	69.7987
4007	69.7987	70.21
4008	69.7987	70.2112
4009	69.7987	69.9967
4010	69.7987	69.8382
4011	69.7987	69.7987
4012	69.7987	70.0794
4013	69.7987	69.7987
4014	69.7987	69.7987
4015	69.7987	69.8523
4016	69.7987	70.2854
4017	69.7987	69.8481
4018	69.7987	70.8543
4019	69.7987	71.5997
4020	69.7987	71.4671
4021	69.7987	72.6148
4022	69.7987	72.0209
4023	69.7987	71.2234
4024	69.7987	70.8482
4025	69.7987	70.4971
4026	69.7987	69.9797
4027	69.7987	70.5021
4028	69.7987	69.868
4029	69.7987	70.4939
4030	69.7987	71.0205
4031	69.7987	70.9051
4032	69.7987	71.4666
4033	69.7987	69.8046
4034	69.7987	69.8378
4035	69.7987	70.2898
4036	69.7987	69.7987
4037	69.7987	69.7987
4038	69.7987	69.9942
4039	69.7987	70.5475
4040	69.7987	71.0364
4041	69.7987	70.2362
4042	69.7987	73.1002
4043	69.7987	72.4957
4044	69.7987	73.1818
4045	69.7987	72.8136
4046	69.7987	72.2784
4047	69.7987	72.1588
4048	69.7987	71.8821
4049	69.7987	72.4283
4050	69.7987	70.6031
4051	69.7987	71.2875
4052	69.7987	71.7
4053	69.7987	70.6682
4054	69.7987	69.9437
4055	69.7987	69.7987
4056	69.7987	70.1654
4057	69.7987	69.7987
4058	69.7987	69.9672
4059	69.7987	70.6202
4060	69.7987	70.2794
4061	69.7987	70.5952
4062	69.7987	69.7987
4063	69.7987	69.7987
4064	69.7987	70.9292
4065	69.7987	71.6493
4066	69.7987	71.4996
4067	69.7987	72.6197
4068	69.7987	71.8461
4069	69.7987	71.4436
4070	69.7987	71.2813
4071	69.7987	71.0037
4072	69.7987	70.7434
4073	69.7987	70.9659
4074	69.7987	70.1038
4075	69.7987	70.525
4076	69.7987	70.433
4077	69.7987	69.8703
4078	69.7987	69.7987
4079	69.7987	69.8743
4080	69.7987	69.9932
4081	69.7987	70.3538
4082	69.7987	69.8838
4083	69.7987	70.0457
4084	69.7987	70.9675
4085	69.7987	73.1843
4086	69.7987	73.8509
4087	69.7987	72.7511
4088	69.7987	72.0021
4089	69.7987	72.2179
4090	69.7987	71.426
4091	69.7987	72.0668
4092	69.7987	70.1535
4093	69.7987	70.0329
4094	69.7987	69.8287
4095	69.7987	70.0012
4096	69.7987	70.0548
4097	69.7987	69.8353
4098	69.7987	69.949
4099	69.7987	69.9112
4100	69.7987	69.8399
4101	69.7987	69.7987
4102	69.7987	69.7987
4103	69.7987	69.7987
4104	69.7987	70.9757
4105	69.7987	70.4249
4106	69.7987	70.4813
4107	69.7987	69.8903
4108	69.7987	69.9184
4109	69.7987	69.7987
4110	69.7987	69.7987
4111	69.7987	69.7987
4112	69.7987	70.2557
4113	69.7987	70.9112
4114	69.7987	70.4264
4115	69.7987	70.9238
4116	69.7987	73.0509
4117	69.7987	72.8174
4118	69.7987	70.7997
4119	69.7987	70.0377
4120	69.7987	69.8968
4121	69.7987	70.261
4122	69.7987	70.2325
4123	69.7987	70.0539
4124	69.7987	69.8466
4125	69.7987	70.2114
4126	69.7987	70.581
4127	69.7987	69.9583
4128	69.7987	69.7987
4129	69.7987	69.8209
4130	69.7987	69.7987
4131	69.7987	71.4104
4132	69.7987	70.298
4133	69.7987	69.9923
4134	69.7987	71.0633
4135	69.7987	70.031
4136	69.7987	69.8114
4137	69.7987	69.7987
4138	69.7987	70.6713
4139	69.7987	70.6764
4140	69.7987	70.8341
4141	69.7987	70.4278
4142	69.7987	69.9269
4143	69.7987	70.093
4144	69.7987	70.2939
4145	69.7987	70.5676
4146	69.7987	71.3541
4147	69.7987	71.0396
4148	69.7987	70.1493
4149	69.7987	70.0261
4150	69.7987	69.8351
4151	69.7987	70.0347
4152	69.7987	70.9657
4153	69.7987	71.4994
4154	69.7987	71.3628
4155	69.7987	71.0215
4156	69.7987	70.884
4157	69.7987	69.7987
4158	69.7987	70.1111
4159	69.7987	71.7067
4160	69.7987	72.1795
4161	69.7987	69.7987
4162	69.7987	69.7987
4163	69.7987	69.7987
4164	69.7987	70.1078
4165	69.7987	69.9356
4166	69.7987	70.141
4167	69.7987	72.2861
4168	69.7987	73.1951
4169	69.7987	73.9845
4170	69.7987	71.439
4171	69.7987	70.4421
4172	69.7987	70.3871
4173	69.7987	70.8436
4174	69.7987	71.2956
4175	69.7987	70.2799
4176	69.7987	70.1416
4177	69.7987	70.2216
4178	69.7987	71.0713
4179	69.7987	70.8057
4180	69.7987	70.6748
4181	69.7987	70.3507
4182	69.7987	70.239
4183	69.7987	72.0628
4184	69.7987	70.1035
4185	69.7987	70.2118
4186	69.7987	70.3349
4187	69.7987	70.6226
4188	69.7987	69.8941
4189	69.7987	70.0805
4190	69.7987	71.6663
4191	69.7987	70.5325
4192	69.7987	69.9377
4193	69.7987	69.9203
4194	69.7987	70.9792
4195	69.7987	69.7987
4196	69.7987	69.9232
4197	69.7987	70.5248
4198	69.7987	69.9007
4199	69.7987	69.7987
4200	69.7987	69.847
4201	69.7987	69.8788
4202	69.7987	70.062
4203	69.7987	70.9083
4204	69.7987	70.0981
4205	69.7987	70.2956
4206	69.7987	70.1905
4207	69.7987	69.93
4208	69.7987	70.1083
4209	69.7987	69.8887
4210	69.7987	70.258
4211	69.7987	71.6919
4212	69.7987	70.6037
4213	69.7987	69.8406
4214	69.7987	69.8238
4215	69.7987	70.0721
4216	69.7987	71.4018
4217	69.7987	70.7758
4218	69.7987	71.1886
4219	69.7987	72.6082
4220	69.7987	71.3071
4221	69.7987	70.7977
4222	69.7987	71.7479
4223	69.7987	72.403
4224	69.7987	70.4645
4225	69.7987	70.4881
4226	69.7987	71.3321
4227	69.7987	71.4971
4228	69.7987	71.2498
4229	69.7987	71.1191
4230	69.7987	70.7793
4231	69.7987	70.5173
4232	69.7987	70.0872
4233	69.7987	69.7987
4234	69.7987	70.0088
4235	69.7987	70.084
4236	69.7987	70.1014
4237	69.7987	69.7987
4238	69.7987	70.1425
4239	69.7987	70.6401
4240	69.7987	71.8382
4241	69.7987	72.1769
4242	69.7987	72.1138
4243	69.7987	72.2498
4244	69.7987	71.3609
4245	69.7987	71.0334
4246	69.7987	69.9613
4247	69.7987	73.1328
4248	69.7987	73.0261
4249	69.7987	70.3291
4250	69.7987	69.8141
4251	69.7987	69.9533
4252	69.7987	69.7987
4253	69.7987	71.1575
4254	69.7987	70.7847
4255	69.7987	70.0697
4256	69.7987	71.4809
4257	69.7987	71.1606
4258	69.7987	70.9883
4259	69.7987	70.5979
4260	69.7987	70.1419
4261	69.7987	70.3291
4262	69.7987	69.8525
4263	69.7987	70.2173
4264	69.7987	71.0922
4265	69.7987	70.43
4266	69.7987	70.1919
4267	69.7987	70.9519
4268	69.7987	70.037
4269	69.7987	69.8206
4270	69.7987	70.2857
4271	69.7987	70.6687
4272	69.7987	70.8958
4273	69.7987	71.4785
4274	69.7987	71.0714
4275	69.7987	69.8447
4276	69.7987	69.7987
4277	69.7987	69.7987
4278	69.7987	69.9094
4279	69.7987	69.8167
4280	69.7987	70.2106
4281	69.7987	69.8879
4282	69.7987	70.132
4283	69.7987	70.1439
4284	69.7987	70.4752
4285	69.7987	70.912
4286	69.7987	69.9249
4287	69.7987	69.924
4288	69.7987	69.8863
4289	69.7987	70.3347
4290	69.7987	69.7987
4291	69.7987	70.0245
4292	69.7987	70.8288
4293	69.7987	69.8266
4294	69.7987	69.7987
4295	69.7987	69.7987
4296	69.7987	69.7987
4297	69.7987	69.7987
4298	69.7987	69.8111
4299	69.7987	69.9196
4300	69.7987	69.9551
4301	69.7987	70.9208
4302	69.7987	71.9957
4303	69.7987	72.4243
4304	69.7987	73.7372
4305	69.7987	73.9437
4306	69.7987	71.6668
4307	69.7987	71.3984
4308	69.7987	70.8886
4309	69.7987	70.8908
4310	69.7987	70.2463
4311	69.7987	70.9043
4312	69.7987	70.0676
4313	69.7987	71.95
4314	69.7987	70.9129
4315	69.7987	72.0627
4316	69.7987	73.1279
4317	69.7987	72.0562
4318	69.7987	73.3564
4319	69.7987	73.4757
4320	69.7987	71.8556
4321	69.7987	73.2604
4322	69.7987	71.009
4323	69.7987	70.1159
4324	69.7987	69.8211
4325	69.7987	70.1517
4326	69.7987	70.2167
4327	69.7987	70.2358
4328	69.7987	70.6038
4329	69.7987	70.2517
4330	69.7987	70.2288
4331	69.7987	69.7987
4332	69.7987	69.7987
4333	69.7987	69.8185
4334	69.7987	69.7987
4335	69.7987	70.0774
4336	69.7987	70.4446
4337	69.7987	70.5391
4338	69.7987	71.6529
4339	69.7987	70.8157
4340	69.7987	69.9549
4341	69.7987	69.8129
4342	69.7987	69.9698
4343	69.7987	69.7987
4344	69.7987	69.7987
4345	69.7987	69.9588
4346	69.7987	70.1758
4347	69.7987	69.9899
4348	69.7987	69.8515
4349	69.7987	69.812
4350	69.7987	70.2443
4351	69.7987	69.7987
4352	69.7987	69.9501
4353	69.7987	69.9286
4354	69.7987	70.9597
4355	69.7987	69.8665
4356	69.7987	70.0076
4357	69.7987	70.3715
4358	69.7987	70.2785
4359	69.7987	70.6182
4360	69.7987	70.129
4361	69.7987	69.7987
4362	69.7987	69.8525
4363	69.7987	69.9674
4364	69.7987	70.1683
4365	69.7987	71.6607
4366	69.7987	72.427
4367	69.7987	70.4379
4368	69.7987	70.1549
4369	69.7987	69.987
4370	69.7987	69.8336
4371	69.7987	70.373
4372	69.7987	70.5621
4373	69.7987	69.7987
4374	69.7987	69.7987
4375	69.7987	69.8336
4376	69.7987	70.8109
4377	69.7987	71.6774
4378	69.7987	71.7736
4379	69.7987	70.9487
4380	69.7987	70.1081
4381	69.7987	71.2051
4382	69.7987	72.7692
4383	69.7987	74.1293
4384	69.7987	72.1874
4385	69.7987	71.2873
4386	69.7987	71.1567
4387	69.7987	70.3514
4388	69.7987	70.9036
4389	69.7987	69.7987
4390	69.7987	70.3579
4391	69.7987	70.0154
4392	69.7987	70.3373
4393	69.7987	70.9298
4394	69.7987	70.6955
4395	69.7987	69.9486
4396	69.7987	70.7359
4397	69.7987	70.2855
4398	69.7987	70.0919
4399	69.7987	70.6159
4400	69.7987	73.1885
4401	69.7987	72.6557
4402	69.7987	71.6074
4403	69.7987	70.1744
4404	69.7987	70.0506
4405	69.7987	70.2581
4406	69.7987	69.9047
4407	69.7987	69.8158
4408	69.7987	69.7987
4409	69.7987	70.1602
4410	69.7987	69.8528
4411	69.7987	69.7987
4412	69.7987	69.7987
4413	69.7987	69.7987
4414	69.7987	70.1357
4415	69.7987	70.5886
4416	69.7987	70.3856
4417	69.7987	70.2036
4418	69.7987	70.7634
4419	69.7987	70.1359
4420	69.7987	70.0543
4421	69.7987	70.0351
4422	69.7987	70.4343
4423	69.7987	70.1848
4424	69.7987	70.2109
4425	69.7987	70.9341
4426	69.7987	69.909
4427	69.7987	70.3582
4428	69.7987	71.8752
4429	69.7987	70.4117
4430	69.7987	71.629
4431	69.7987	70.7144
4432	69.7987	70.2701
4433	69.7987	70.3609
4434	69.7987	69.7987
4435	69.7987	69.7987
4436	69.7987	70.0636
4437	69.7987	69.981
4438	69.7987	69.9653
4439	69.7987	70.8201
4440	69.7987	70.3738
4441	69.7987	70.0173
4442	69.7987	70.0689
4443	69.7987	69.8526
4444	69.7987	70.6495
4445	69.7987	70.1615
4446	69.7987	69.8616
4447	69.7987	70.0416
4448	69.7987	69.9839
4449	69.7987	69.8812
4450	69.7987	69.7987
4451	69.7987	69.7987
4452	69.7987	69.9128
4453	69.7987	70.1418
4454	69.7987	69.9367
4455	69.7987	70.1655
4456	69.7987	70.0232
4457	69.7987	70.6994
4458	69.7987	70.3528
4459	69.7987	70.1144
4460	69.7987	70.4679
4461	69.7987	69.7987
4462	69.7987	70.0061
4463	69.7987	70.74
4464	69.7987	70.3969
4465	69.7987	69.8959
4466	69.7987	69.7987
4467	69.7987	71.2939
4468	69.7987	69.9477
4469	69.7987	70.6119
4470	69.7987	70.1085
4471	69.7987	69.7987
4472	69.7987	70.9863
4473	69.7987	71.1976
4474	69.7987	70.1293
4475	69.7987	69.933
4476	69.7987	69.853
4477	69.7987	69.7987
4478	69.7987	70.0447
4479	69.7987	69.7987
4480	69.7987	69.9985
4481	69.7987	70.9132
4482	69.7987	71.2268
4483	69.7987	70.9249
4484	69.7987	71.3063
4485	69.7987	70.623
4486	69.7987	71.0558
4487	69.7987	70.6762
4488	69.7987	70.9569
4489	69.7987	70.3944
4490	69.7987	70.4428
4491	69.7987	70.4948
4492	69.7987	70.4237
4493	69.7987	69.7987
4494	69.7987	70.1522
4495	69.7987	70.0045
4496	69.7987	69.7987
4497	69.7987	69.7987
4498	69.7987	69.7987
4499	69.7987	69.7987
4500	69.7987	69.7987
4501	69.7987	69.7987
4502	69.7987	70.206
4503	69.7987	70.3032
4504	69.7987	70.9758
4505	69.7987	72.7468
4506	69.7987	73.3054
4507	69.7987	70.1342
4508	69.7987	69.7987
4509	69.7987	69.7987
4510	69.5378	70.4441
4511	69.5378	70.7899
4512	69.5378	70.6675
4513	69.5378	70.1305
4514	69.5378	70.1838
4515	69.5378	70.3096
4516	69.5378	69.5942
4517	69.5378	69.7912
4518	69.5378	70.1684
4519	69.5378	69.735
4520	69.5378	69.5378
4521	69.5378	69.5378
4522	69.5378	70.1052
4523	69.5378	70.667
4524	69.5378	70.7921
4525	69.5378	69.581
4526	69.5378	69.7954
4527	69.5378	69.5378
4528	69.5378	70.001
4529	69.5378	69.5456
4530	69.5378	70.0733
4531	69.5378	70.0778
4532	69.5378	70.0493
4533	69.5378	71.2548
4534	69.5378	71.7624
4535	69.5378	73.8204
4536	69.5378	71.7995
4537	69.5378	72.9083
4538	69.5378	72.1111
4539	69.5378	72.0246
4540	69.5378	69.6715
4541	69.5378	69.5804
4542	69.5378	71.4305
4543	69.5378	70.2463
4544	69.5378	70.7562
4545	69.5378	70.9724
4546	69.5378	70.5436
4547	69.5378	69.5378
4548	69.5378	69.684
4549	69.5378	69.9148
4550	69.5378	69.5424
4551	69.5378	69.7873
4552	69.5378	69.6786
4553	69.5378	71.2292
4554	69.5378	70.014
4555	69.5378	69.5378
4556	69.5378	69.5378
4557	69.5378	69.6642
4558	69.5378	70.7131
4559	69.5378	69.908
4560	69.5378	70.6032
4561	69.5378	69.8325
4562	69.5378	71.3262
4563	69.5378	69.8438
4564	69.5378	69.7927
4565	69.5378	70.0975
4566	69.5378	69.5885
4567	69.5378	69.7257
4568	69.5378	70.257
4569	69.5378	69.6763
4570	69.5378	69.6027
4571	69.5378	70.4893
4572	69.5378	71.9727
4573	69.5378	72.2304
4574	69.5378	71.4322
4575	69.5378	71.4734
4576	69.5378	70.8216
4577	69.5378	71.1668
4578	69.5378	72.5453
4579	69.5378	70.5778
4580	69.5378	70.4029
4581	69.5378	69.609
4582	69.5378	70.74
4583	69.5378	70.3866
4584	69.5378	69.7378
4585	69.5378	69.6129
4586	69.5378	69.9852
4587	69.5378	69.6002
4588	69.5378	70.0654
4589	69.5378	69.5378
4590	69.5378	69.7154
4591	69.5378	69.9204
4592	69.5378	69.8592
4593	69.5378	70.2985
4594	69.5378	70.4148
4595	69.5378	70.6158
4596	69.5378	69.7819
4597	69.5378	70.6046
4598	69.5378	71.9327
4599	69.5378	69.7821
4600	69.5378	70.6137
4601	69.5378	69.585
4602	69.5378	69.9205
4603	69.5378	70.3739
4604	69.5378	70.2779
4605	69.5378	69.5378
4606	69.5378	69.5852
4607	69.5378	70.0772
4608	69.5378	70.071
4609	69.5378	69.5378
4610	69.5378	69.5378
4611	69.5378	69.7506
4612	69.5378	70.5748
4613	69.5378	71.5622
4614	69.5378	71.689
4615	69.5378	71.1196
4616	69.5378	70.4528
4617	69.5378	71.062
4618	69.5378	69.7084
4619	69.5378	69.5737
4620	69.5378	69.5378
4621	69.5378	69.5378
4622	69.5378	69.5378
4623	69.5378	70.119
4624	69.5378	70.7738
4625	69.5378	72.1924
4626	69.5378	70.928
4627	69.5378	69.5747
4628	69.5378	70.3763
4629	69.5378	70.4005
4630	69.5378	69.5921
4631	69.5378	69.5378
4632	69.5378	69.7519
4633	69.5378	69.5378
4634	69.5378	69.9028
4635	69.5378	69.9918
4636	69.5378	69.8172
4637	69.5378	69.9721
4638	69.5378	69.5378
4639	69.5378	69.5378
4640	69.5378	69.5378
4641	69.5378	69.5378
4642	69.5378	69.6161
4643	69.5378	69.5378
4644	69.5378	69.5865
4645	69.5378	70.1059
4646	69.5378	70.8672
4647	69.5378	70.0561
4648	69.5378	71.0654
4649	69.5378	70.5552
4650	69.5378	69.9479
4651	69.5378	70.9918
4652	69.5378	71.1906
4653	69.5378	70.2976
4654	69.5378	70.9029
4655	69.5378	71.3564
4656	69.5378	72.3739
4657	69.5378	72.3122
4658	69.5378	72.3015
4659	69.5378	70.5225
4660	69.5378	69.5378
4661	69.5378	70.2588
4662	69.5378	69.7772
4663	69.5378	70.971
4664	69.5378	69.8983
4665	69.5378	70.3944
4666	69.5378	70.8462
4667	69.5378	70.8832
4668	69.5378	69.6851
4669	69.5378	69.9282
4670	69.5378	70.4773
4671	69.5378	69.935
4672	69.5378	69.6104
4673	69.5378	70.3313
4674	69.5378	70.6768
4675	69.5378	70.5226
4676	69.5378	71.6536
4677	69.5378	70.2408
4678	69.5378	70.3566
4679	69.5378	69.5719
4680	69.5378	69.5672
4681	69.5378	70.4429
4682	69.5378	71.8733
4683	69.5378	70.8625
4684	69.5378	70.1642
4685	69.5378	71.6291
4686	69.5378	70.8476
4687	69.5378	70.8225
4688	69.5378	69.7401
4689	69.5378	69.7371
4690	69.5378	70.158
4691	69.5378	70.2119
4692	69.5378	70.2887
4693	69.5378	71.6262
4694	69.5378	70.8772
4695	69.5378	69.8272
4696	69.5378	69.9968
4697	69.5378	71.872
4698	69.5378	71.3274
4699	69.5378	70.0198
4700	69.5378	70.1516
4701	69.5378	69.5378
4702	69.5378	71.3117
4703	69.5378	70.5284
4704	69.5378	69.5378
4705	69.5378	69.5694
4706	69.5378	69.5585
4707	69.5378	70.6995
4708	69.5378	70.8707
4709	69.5378	72.0583
4710	69.5378	70.6476
4711	69.5378	70.8091
4712	69.5378	69.9586
4713	69.5378	70.0491
4714	69.5378	69.983
4715	69.5378	69.7186
4716	69.5378	69.6024
4717	69.5378	69.57
4718	69.5378	70.2581
4719	69.5378	69.6623
4720	69.5378	69.6857
4721	69.5378	69.7969
4722	69.5378	70.4183
4723	69.5378	69.7304
4724	69.4921	69.783
4725	69.4921	70.2678
4726	69.4921	69.7027
4727	69.4921	70.5939
4728	69.4921	70.1286
4729	69.4921	69.7716
4730	69.4921	69.5087
4731	69.4921	70.0234
4732	69.4921	70.1016
4733	69.4921	69.9143
4734	69.4921	70.1572
4735	69.4921	70.5751
4736	69.4921	70.8186
4737	69.4921	70.0397
4738	69.4921	70.2744
4739	69.4921	69.986
4740	69.4921	69.6378
4741	69.4921	69.6442
4742	69.4921	71.1788
4743	69.4921	69.684
4744	69.4921	69.9434
4745	69.4921	69.9503
4746	69.4921	69.4921
4747	69.4921	69.6911
4748	69.4921	71.6
4749	69.4921	70.6496
4750	69.4921	71.5643
4751	69.4921	70.0998
4752	69.4921	72.689
4753	69.4921	72.4878
4754	69.4921	72.7452
4755	69.4921	72.3446
4756	69.4921	71.4931
4757	69.4921	71.5387
4758	69.4921	71.4752
4759	69.4921	70.7054
4760	69.4921	70.9728
4761	69.4921	71.1668
4762	69.4921	70.2635
4763	69.4921	69.5354
4764	69.4921	70.1656
4765	69.4921	70.0923
4766	69.4921	69.5627
4767	69.4921	69.8394
4768	69.4921	69.6049
4769	69.4921	69.5493
4770	69.4921	69.5744
4771	69.4921	69.5206
4772	69.4921	69.4921
4773	69.4921	69.6581
4774	69.4921	70.062
4775	69.4921	69.4921
4776	69.4921	69.716
4777	69.4921	69.8421
4778	69.4921	69.6588
4779	69.4921	70.0748
4780	69.4921	71.2257
4781	69.4921	70.1052
4782	69.4921	69.4921
4783	69.4921	70.1429
4784	69.4921	70.7211
4785	69.4921	70.7372
4786	69.4921	69.9305
4787	69.4921	69.9309
4788	69.4921	69.5718
4789	69.4921	69.5671
4790	69.4921	69.7513
4791	69.4921	70.7217
4792	69.4921	70.6387
4793	69.4921	69.7532
4794	69.4921	69.7207
4795	69.4921	70.5629
4796	69.4921	70.8098
4797	69.4921	70.9623
4798	69.4921	69.8931
4799	69.4921	69.5651
4800	69.4921	69.9506
4801	69.4921	70.1232
4802	69.4921	70.1641
4803	69.4921	70.466
4804	69.4921	69.7837
4805	69.4921	69.9605
4806	69.4921	70.1505
4807	69.4921	70.0543
4808	69.4921	70.5058
4809	69.4921	70.1451
4810	69.4921	69.7456
4811	69.4921	70.1568
4812	69.4921	69.6051
4813	69.4921	70.463
4814	69.4921	70.7905
4815	69.4921	70.9935
4816	69.4921	70.2072
4817	69.4921	70.6256
4818	69.4921	70.1028
4819	69.4921	69.5301
4820	69.4921	69.5438
4821	69.4921	69.4921
4822	69.4921	69.6909
4823	69.4921	70.8022
4824	69.4921	70.4663
4825	69.4921	70.5506
4826	69.4921	71.3923
4827	69.4921	71.4718
4828	69.4921	70.8189
4829	69.4921	70.4879
4830	69.4921	70.8513
4831	69.4921	71.7335
4832	69.4921	70.9723
4833	69.4921	70.7081
4834	69.4921	70.1601
4835	69.4921	69.7129
4836	69.4921	69.557
4837	69.4921	70.216
4838	69.4921	71.73
4839	69.4921	71.5846
4840	69.4921	71.0574
4841	69.4921	70.8052
4842	69.4921	70.7504
4843	69.4921	70.3053
4844	69.4921	69.9814
4845	69.4921	69.7328
4846	69.4921	69.8284
4847	69.4921	70.0582
4848	69.4921	70.6771
4849	69.4921	70.0039
4850	69.4921	69.5533
4851	69.4921	69.4921
4852	69.4921	69.5063
4853	69.4921	69.4921
4854	69.4921	69.9787
4855	69.4921	70.8639
4856	69.4921	73.084
4857	69.4921	74.5469
4858	69.4921	74.3785
4859	69.4921	74.2599
4860	69.4921	75.0269
4861	69.4921	73.8429
4862	69.4921	72.3617
4863	69.4921	70.5041
4864	69.4921	69.8187
4865	69.4921	69.7992
4866	69.4921	70.3026
4867	69.4921	70.377
4868	69.4921	70.5451
4869	69.4921	70.495
4870	69.4921	71.2295
4871	69.4921	70.0156
4872	69.4921	69.666
4873	69.4921	69.8748
4874	69.4921	69.9184
4875	69.4921	69.7964
4876	69.4921	70.4189
4877	69.4921	70.1123
4878	69.4921	70.1016
4879	69.4921	69.4921
4880	69.4921	69.4921
4881	69.4921	69.585
4882	69.4921	69.4921
4883	69.4921	69.4921
4884	69.4921	69.6475
4885	69.4921	69.5519
4886	69.4921	69.5603
4887	69.4921	69.8087
4888	69.4921	70.5461
4889	69.4921	70.4032
4890	69.4921	70.7271
4891	69.4921	69.8674
4892	69.4921	70.062
4893	69.4921	70.5607
4894	69.4921	69.9657
4895	69.4921	69.4921
4896	69.4921	69.4921
4897	69.4921	69.834
4898	69.4921	70.197
4899	69.4921	70.9696
4900	69.4921	71.3985
4901	69.4921	70.7096
4902	69.4921	71.7082
4903	69.4921	70.4475
4904	69.4921	69.5502
4905	69.4921	69.4968
4906	69.4921	69.4921
4907	69.4921	69.8792
4908	69.4921	69.9548
4909	69.4921	69.4968
4910	69.4921	69.6109
4911	69.4921	69.5967
4912	69.4921	69.6237
4913	69.4921	69.6396
4914	69.4921	70.4497
4915	69.4921	70.8657
4916	69.4921	70.6543
4917	69.4921	69.8863
4918	69.4921	69.4921
4919	69.4921	69.8382
4920	69.4921	69.9626
4921	69.4921	69.5225
4922	69.4921	69.5816
4923	69.4921	69.9353
4924	69.4921	69.6224
4925	69.4921	69.5121
4926	69.4921	69.4921
4927	69.4921	69.6141
4928	69.4921	69.7308
4929	69.4921	70.6782
4930	69.4921	69.6464
4931	69.4921	69.9077
4932	69.4921	69.8775
4933	69.4921	70.3841
4934	69.4921	69.7129
4935	69.4921	69.7551
4936	69.4921	69.5704
4937	69.4921	69.4921
4938	69.4921	70.2284
4939	69.4921	70.0866
4940	69.4921	69.5333
4941	69.4921	69.5225
4942	69.4921	70.3887
4943	69.4921	69.6968
4944	69.4921	69.5874
4945	69.4921	69.4921
4946	69.4921	69.4921
4947	69.4921	70.3659
4948	69.4921	70.2361
4949	69.4921	69.8433
4950	69.4921	69.8812
4951	69.4921	69.5704
4952	69.4921	69.4923
4953	69.4921	69.4921
4954	69.4921	69.5191
4955	69.4921	69.7485
4956	69.4921	70.0278
4957	69.4921	69.9306
4958	69.4921	69.5863
4959	69.4921	70.4204
4960	69.4921	70.3001
4961	69.4921	70.3889
4962	69.4921	70.7128
4963	69.4921	69.6272
4964	69.4921	70.8227
4965	69.4921	72.1554
4966	69.4921	72.3029
4967	69.4921	72.2377
4968	69.4921	72.9151
4969	69.4921	71.7826
4970	69.4921	71.2912
4971	69.4921	70.819
4972	69.4921	72.1834
4973	69.4921	70.8396
4974	69.4921	70.5482
4975	69.4921	70.1662
4976	69.4921	69.6276
4977	69.4921	69.5039
4978	69.4921	69.4921
4979	69.4921	69.4921
4980	69.4921	69.6012
4981	69.4921	69.9618
4982	69.4921	69.5963
4983	69.4921	69.7481
4984	69.4921	70.5838
4985	69.4921	71.4342
4986	69.4921	70.8435
4987	69.4921	69.8301
4988	69.4921	69.5958
4989	69.4921	69.4921
4990	69.4921	69.4921
4991	69.4921	70.0314
4992	69.4921	70.3851
4993	69.4921	70.3944
4994	69.4921	72.6566
4995	69.4921	72.0131
4996	69.4921	71.7297
4997	69.4921	70.6676
4998	69.4921	69.5234
4999	69.4921	71.5664
5000	69.4921	73.4338
5001	69.4921	72.0259
5002	69.4921	69.8558
5003	69.4921	70.4549
5004	69.4921	70.4666
5005	69.4921	70.2866
5006	69.4921	69.8449
5007	69.4921	69.4921
5008	69.4921	69.5852
5009	69.4921	69.8877
5010	69.4921	70.1275
5011	69.4921	70.0213
5012	69.4921	69.5306
5013	69.4921	69.6262
5014	69.4921	69.5057
5015	69.4921	69.4921
5016	69.4921	69.5179
5017	69.4921	69.4921
5018	69.4921	69.4921
5019	69.4921	69.4921
5020	69.4921	69.617
5021	69.4921	69.4921
5022	69.4921	69.8456
5023	69.4921	70.058
5024	69.4921	70.1733
5025	69.4921	70.0484
5026	69.4921	70.3447
5027	69.4921	69.6548
5028	69.4921	70.2065
5029	69.4921	70.0541
5030	69.4921	69.7181
5031	69.4921	69.9194
5032	69.4921	69.8779
5033	69.4921	70.1044
5034	69.4921	70.2349
5035	69.4921	72.3627
5036	69.4921	69.8929
5037	69.4921	70.7896
5038	69.4921	72.3252
5039	69.4921	72.0866
5040	69.4921	71.3603
5041	69.4921	69.6699
5042	69.4921	69.504
5043	69.4921	70.0034
5044	69.4921	69.6617
5045	69.4921	70.1184
5046	69.4921	71.7385
5047	69.4921	72.0787
5048	69.4921	71.1812
5049	69.4921	71.059
5050	69.4921	70.6975
5051	69.4921	69.4921
5052	69.4921	69.6178
5053	69.4921	69.5271
5054	69.4921	69.6136
5055	69.4921	69.7047
5056	69.4921	69.7163
5057	69.4921	70.6747
5058	69.4921	69.562
5059	69.4921	69.8808
5060	69.4921	70.0829
5061	69.4921	69.507
5062	69.4921	69.4921
5063	69.4921	69.5709
5064	69.4921	69.6204
5065	69.4921	69.4921
5066	69.4921	69.4921
5067	69.4921	69.5816
5068	69.4921	70.4934
5069	69.4921	69.4996
5070	69.4921	69.4921
5071	69.4921	69.729
5072	69.4921	69.4921
5073	69.4921	70.3922
5074	69.4921	70.3573
5075	69.4921	69.6336
5076	69.4921	70.1296
5077	69.4921	71.4554
5078	69.4921	75.3769
5079	69.4921	72.7003
5080	69.4921	69.9813
5081	69.4921	69.6696
5082	69.4921	69.5386
5083	69.4921	69.7755
5084	69.4921	71.2972
5085	69.4921	69.5267
5086	69.4921	69.6211
5087	69.4921	69.5362
5088	69.4921	69.8211
5089	69.4921	69.6
5090	69.4921	69.6243
5091	69.4921	69.5851
5092	69.4921	70.1006
5093	69.4921	71.8422
5094	69.4921	71.5389
5095	69.4921	71.387
5096	69.4921	71.4142
5097	69.4921	70.2913
5098	69.4921	70.5525
5099	69.4921	69.53
5100	69.4921	69.9789
5101	69.4921	69.8552
5102	69.4921	70.5844
5103	69.4921	70.5493
5104	69.4921	69.5512
5105	69.4921	70.5736
5106	69.4921	71.0845
5107	69.4921	70.9409
5108	69.4921	70.4368
5109	69.4921	69.9175
5110	69.4921	69.4921
5111	69.4921	69.4921
5112	69.4921	69.8553
5113	69.4921	69.6967
5114	69.4921	69.7202
5115	69.4921	70.9144
5116	69.4921	70.6666
5117	69.4921	71.5995
5118	69.4921	70.8165
5119	69.4921	69.8855
5120	69.4921	70.6612
5121	69.4921	69.5916
5122	69.4921	69.8255
5123	69.4921	69.4921
5124	69.4921	69.6237
5125	69.4921	69.4921
5126	69.4921	69.5227
5127	69.4921	69.5486
5128	69.4921	69.8325
5129	69.4921	70.3917
5130	69.4921	69.707
5131	69.4921	69.7572
5132	69.4921	70.4031
5133	69.4921	69.8421
5134	69.4921	70.4192
5135	69.4921	70.9856
5136	69.4921	70.0716
5137	69.4921	69.779
5138	69.4921	70.1551
5139	69.4921	71.1727
5140	69.4921	69.9331
5141	69.4921	69.9005
5142	69.4921	69.6488
5143	69.4921	69.7513
5144	69.4921	69.4921
5145	69.4921	69.6266
5146	69.4921	69.7878
5147	69.4921	69.4921
5148	69.4921	69.4921
5149	69.4921	69.4921
5150	69.4921	69.4921
5151	69.4921	69.9705
5152	69.4921	69.6977
5153	69.4921	70.7604
5154	69.4921	70.5265
5155	69.4921	69.6843
5156	69.4921	69.4921
5157	69.4921	69.5746
5158	69.4921	69.9042
5159	69.4921	69.8632
5160	69.4921	70.8306
5161	69.4921	71.0972
5162	69.4921	70.5211
5163	69.4921	69.6168
5164	69.4921	69.4921
5165	69.4921	69.6313
5166	69.4921	69.605
5167	69.4921	69.4921
5168	69.4921	70.3273
5169	69.4921	70.2834
5170	69.4921	69.4921
5171	69.4921	69.7659
5172	69.4921	70.0375
5173	69.4921	69.8407
5174	69.4921	70.5392
5175	69.4921	69.878
5176	69.4921	71.1741
5177	69.4921	70.5607
5178	69.4921	70.9032
5179	69.4921	69.904
5180	69.4921	69.7772
5181	69.4921	69.867
5182	69.4921	70.0001
5183	69.4921	71.1881
5184	69.4921	70.3166
5185	69.4921	70.2108
5186	69.4921	70.0911
5187	69.4921	70.0655
5188	69.4921	70.508
5189	69.4921	69.5264
5190	69.4921	70.1018
5191	69.4921	69.9165
5192	69.4921	70.6548
5193	69.4921	69.5243
5194	69.4921	69.7838
5195	69.4921	69.8209
5196	69.4921	69.6932
5197	69.4921	69.7445
5198	69.4921	69.6723
5199	69.4921	69.6055
5200	69.4921	70.2464
5201	69.4921	70.3624
5202	69.4921	70.2539
5203	69.4921	72.1581
5204	69.4921	70.7819
5205	69.4921	71.1207
5206	69.4921	70.7854
5207	69.4921	71.0998
5208	69.4921	73.1082
5209	69.4921	72.5929
5210	69.4921	72.8097
5211	69.4921	72.2919
5212	69.4921	72.2271
5213	69.4921	72.7721
5214	69.4921	74.2044
5215	69.4921	72.0168
5216	69.4921	71.0832
5217	69.4921	70.6717
5218	69.4921	70.2977
5219	69.4921	70.4884
5220	69.4921	71.1026
5221	69.4921	70.7425
5222	69.4921	72.296
5223	69.4921	71.8572
5224	69.4921	71.6644
5225	69.4921	70.3277
5226	69.4921	70.1378
5227	69.4921	70.2981
5228	69.4921	70.3838
5229	69.4921	70.9449
5230	69.4921	70.7402
5231	69.4921	70.6059
5232	69.4921	71.331
5233	69.4921	69.9487
5234	68.2269	70.9172
5235	68.2269	69.5993
5236	68.2269	69.0012
5237	68.2269	69.3146
5238	68.2269	68.9622
5239	68.2269	68.6314
5240	68.2269	68.5711
5241	68.2269	68.4301
5242	68.2269	68.4769
5243	68.2269	68.7739
5244	68.2269	68.4146
5245	68.2269	68.5662
5246	68.2269	68.2269
5247	68.2269	68.2941
5248	68.2269	69.0878
5249	68.2269	68.2599
5250	68.2269	68.2269
5251	68.2269	69.0821
5252	68.2269	68.9192
5253	68.2269	68.8647
5254	68.2269	68.9107
5255	68.2269	69.3386
5256	68.2269	68.4928
5257	68.2269	68.9573
5258	68.2269	68.4733
5259	68.2269	68.2269
5260	68.2269	68.2269
5261	68.2269	68.2269
5262	68.2269	68.2807
5263	68.2269	68.8724
5264	68.2269	68.6648
5265	68.2269	68.561
5266	68.2269	69.4924
5267	68.2269	69.18
5268	68.2269	68.2269
5269	68.2269	68.2269
5270	68.2269	68.3767
5271	68.2269	69.513
5272	68.2269	68.639
5273	68.2269	69.5774
5274	68.2269	69.7335
5275	68.2269	68.7061
5276	68.2269	68.2974
5277	68.2269	68.9645
5278	68.2269	70.1067
5279	68.2269	70.3383
5280	68.2269	68.8425
5281	68.2269	70.3341
5282	68.2269	68.9428
5283	68.2269	68.5751
5284	68.2269	68.6528
5285	68.2269	68.3268
5286	68.2269	68.4761
5287	68.2269	68.6913
5288	68.2269	68.2286
5289	68.2269	68.2269
5290	68.2269	69.3455
5291	68.2269	69.9577
5292	68.2269	72.2304
5293	68.2269	71.8038
5294	68.2269	72.7719
5295	68.2269	72.2696
5296	68.2269	71.9054
5297	68.2269	68.821
5298	68.2269	68.2269
5299	68.2269	68.4101
5300	68.2269	70.2202
5301	68.2269	70.545
5302	68.2269	70.8981
5303	68.2269	68.8127
5304	68.2269	68.2269
5305	68.2269	68.9094
5306	68.2269	70.2876
5307	68.2269	69.802
5308	68.2269	68.749
5309	68.2269	69.0831
5310	68.2269	68.2269
5311	68.2269	69.5693
5312	68.2269	68.921
5313	68.2269	68.6638
5314	68.2269	68.2602
5315	68.2269	68.2269
5316	68.2269	68.664
5317	68.2269	68.7379
5318	68.2269	68.497
5319	68.2269	68.4245
5320	68.2269	68.5601
5321	68.2269	68.2793
5322	68.2269	69.1075
5323	68.2269	68.2269
5324	68.2269	68.2607
5325	68.2269	68.2278
5326	68.2269	68.3166
5327	68.2269	68.2572
5328	68.2269	68.3949
5329	68.2269	68.9378
5330	68.2269	68.3032
5331	68.2269	68.4809
5332	68.2269	69.2604
5333	68.2269	68.6307
5334	68.2269	69.8487
5335	68.2269	69.6156
5336	68.2269	68.9484
5337	68.2269	68.2467
5338	68.2269	68.2269
5339	68.2269	68.4424
5340	68.2269	68.2269
5341	68.2269	68.4067
5342	68.2269	68.2863
5343	68.2269	68.4493
5344	68.2269	68.4404
5345	68.2269	68.574
5346	68.2269	69.5383
5347	68.2269	68.6507
5348	68.2269	68.2962
5349	68.2269	68.4224
5350	68.2269	68.4453
5351	68.2269	68.3395
5352	68.2269	68.5061
5353	68.2269	68.7514
5354	68.2269	68.9472
5355	68.2269	69.1898
5356	68.2269	68.7985
5357	68.2269	68.835
5358	68.2269	68.6498
5359	68.2269	68.2269
5360	68.2269	68.4173
5361	68.2269	68.2269
5362	68.2269	68.2269
5363	68.2269	68.2409
5364	68.2269	68.4341
5365	68.2269	68.9873
5366	68.2269	68.4413
5367	68.2269	68.285
5368	68.2269	68.5453
5369	68.2269	68.5953
5370	68.2269	69.3979
5371	68.2269	69.4714
5372	68.2269	68.5327
5373	68.2269	68.8934
5374	68.2269	68.5361
5375	68.2269	68.3437
5376	68.2269	69.4877
5377	68.2269	68.7606
5378	68.2269	68.7198
5379	68.2269	68.7084
5380	68.2269	68.9943
5381	68.2269	69.2625
5382	68.2269	68.7133
5383	68.2269	68.6096
5384	68.2269	68.4435
5385	68.2269	68.761
5386	68.2269	68.9597
5387	68.2269	69.3639
5388	68.2269	68.9104
5389	68.2269	68.8718
5390	68.2269	69.2108
5391	68.2269	69.4047
5392	68.2269	69.6608
5393	68.2269	68.937
5394	68.2269	68.9458
5395	68.2269	68.3525
5396	68.2269	68.2269
5397	68.2269	68.2474
5398	68.2269	68.2269
5399	68.2269	68.2269
5400	68.2269	68.4236
5401	68.2269	68.2728
5402	68.2269	68.2944
5403	68.2269	68.2496
5404	68.2269	69.8926
5405	68.2269	70.0637
5406	68.2269	68.5275
5407	68.2269	69.6934
5408	68.2269	70.8677
5409	68.2269	70.0754
5410	68.2269	70.214
5411	68.2269	68.9322
5412	68.2269	68.4348
5413	68.2269	68.259
5414	68.2269	69.0161
5415	68.2269	68.3084
5416	68.2269	68.2269
5417	68.2269	68.2269
5418	68.2269	68.2269
5419	68.2269	68.8783
5420	68.2269	68.8253
5421	68.2269	68.8131
5422	68.2269	68.3057
5423	68.2269	68.3966
5424	68.2269	70.369
5425	68.2269	69.7727
5426	68.2269	69.4324
5427	68.2269	70.9009
5428	68.2269	70.9675
5429	68.2269	70.7029
5430	68.2269	69.7911
5431	68.2269	70.4637
5432	68.2269	70.8924
5433	68.2269	71.6803
5434	68.2269	70.2405
5435	68.2269	70.3733
5436	68.2269	71.4355
5437	68.2269	71.6751
5438	68.2269	69.3628
5439	68.2269	70.1007
5440	68.2269	68.877
5441	68.2269	69.5927
5442	68.2269	69.506
5443	68.2269	69.2508
5444	68.2269	69.1977
5445	68.2269	70.0042
5446	68.2269	68.579
5447	68.2269	69.9326
5448	68.2269	69.9297
5449	68.2269	71.5164
5450	68.2269	71.6117
5451	68.2269	68.4851
5452	68.2269	68.2285
5453	68.2269	68.2537
5454	68.2269	68.2269
5455	68.2269	68.2269
5456	68.2269	68.2269
5457	68.2269	68.416
5458	68.2269	69.0876
5459	68.2269	69.4184
5460	68.2269	69.0438
5461	68.2269	68.9735
5462	68.2269	68.2307
5463	68.2269	68.7699
5464	68.2269	68.3035
5465	68.2269	68.2307
5466	68.2269	68.9521
5467	68.2269	68.8399
5468	68.2269	69.4898
5469	68.2269	69.2381
5470	68.2269	68.8934
5471	68.2269	69.9053
5472	68.2269	68.5008
5473	68.2269	68.5954
5474	68.2269	69.2551
5475	68.2269	70.3852
5476	68.2269	69.2565
5477	68.2269	68.7095
5478	68.2269	68.8004
5479	68.2269	68.5833
5480	68.2269	68.3337
5481	68.2269	68.2269
5482	68.2269	68.3552
5483	68.2269	68.3483
5484	68.2269	68.2269
5485	68.2269	68.2269
5486	68.2269	68.513
5487	68.2269	68.7922
5488	68.2269	68.6839
5489	68.2269	69.3339
5490	68.2269	69.0441
5491	68.2269	69.073
5492	68.2269	68.3516
5493	68.2269	68.5331
5494	68.2269	69.1946
5495	68.2269	68.9823
5496	68.2269	68.8504
5497	68.2269	68.2806
5498	68.2269	68.331
5499	68.2269	68.2269
5500	68.2269	68.2398
5501	68.2269	68.2759
5502	68.2269	68.6256
5503	68.2269	68.2269
5504	68.2269	68.2269
5505	68.2269	68.2269
5506	68.2269	68.2603
5507	68.2269	68.621
5508	68.2269	68.6309
5509	68.2269	68.778
5510	68.2269	68.248
5511	68.2269	68.2269
5512	68.2269	68.2269
5513	68.2269	68.2564
5514	68.2269	68.2269
5515	68.2269	68.2269
5516	68.2269	68.255
5517	68.2269	68.2269
5518	68.2269	69.116
5519	68.2269	68.4655
5520	68.2269	68.4488
5521	68.2269	70.1067
5522	68.2269	69.0503
5523	68.2269	69.2441
5524	68.2269	69.8376
5525	68.2269	70.1046
5526	68.2269	69.9427
5527	68.2269	69.6039
5528	68.2269	69.046
5529	68.2269	68.6199
5530	68.2269	69.7464
5531	68.2269	70.42
5532	68.2269	70.0036
5533	68.2269	71.1036
5534	68.2269	69.7052
5535	68.2269	71.1296
5536	68.2269	71.9469
5537	68.2269	70.254
5538	68.2269	69.6649
5539	68.2269	70.2224
5540	68.2269	68.9284
5541	68.2269	69.1006
5542	68.2269	69.5351
5543	68.2269	68.5006
5544	68.2269	68.4655
5545	68.2269	68.4958
5546	68.2269	68.2269
5547	68.2269	68.2269
5548	68.2269	68.4166
5549	68.2269	69.2734
5550	68.2269	69.5246
5551	68.2269	68.6465
5552	68.2269	68.5994
5553	68.2269	68.4439
5554	68.2269	68.2846
5555	68.2269	68.3335
5556	68.2269	68.292
5557	68.2269	68.6822
5558	68.2269	68.325
5559	68.2269	68.2529
5560	68.2269	68.2269
5561	68.2269	68.2269
5562	68.2269	68.2851
5563	68.2269	68.5236
5564	68.2269	68.8193
5565	68.2269	68.7565
5566	68.2269	69.6831
5567	68.2269	69.6794
5568	68.2269	71.4471
5569	68.2269	71.6196
5570	68.2269	71.7141
5571	68.2269	68.9251
5572	68.2269	70.4842
5573	68.2269	69.612
5574	68.2269	69.2878
5575	68.2269	69.5917
5576	68.2269	69.7811
5577	68.2269	68.5947
5578	68.2269	68.2269
5579	68.2269	68.2269
5580	68.2269	68.2269
5581	68.2269	68.2269
5582	68.2269	68.4372
5583	68.2269	68.511
5584	68.2269	68.9451
5585	68.2269	68.5549
5586	68.2269	68.2269
5587	68.2269	68.2269
5588	68.2269	68.2314
5589	68.2269	68.4959
5590	68.2269	68.246
5591	68.2269	69.056
5592	68.2269	68.5583
5593	68.2269	68.316
5594	68.2269	68.419
5595	68.2269	68.2269
5596	68.2269	68.2513
5597	68.2269	68.6679
5598	68.2269	68.6628
5599	68.2269	69.6779
5600	68.2269	70.022
5601	68.2269	68.9261
5602	68.2269	69.8704
5603	68.2269	69.4584
5604	68.2269	69.9906
5605	68.2269	68.2269
5606	68.2269	68.2999
5607	68.2269	68.2395
5608	68.2269	68.2591
5609	68.2269	70.4596
5610	68.2269	69.0533
5611	68.2269	68.6645
5612	68.2269	68.4764
5613	68.2269	68.3294
5614	68.2269	69.5929
5615	68.2269	69.4371
5616	68.2269	68.4839
5617	68.2269	68.8875
5618	68.2269	69.3788
5619	68.2269	68.5578
5620	68.2269	68.2269
5621	68.2269	68.2269
5622	68.2269	68.2269
5623	68.2269	68.4822
5624	68.2269	68.4461
5625	68.2269	68.4052
5626	68.2269	68.2269
5627	68.2269	68.2269
5628	68.2269	68.2351
5629	68.2269	68.2825
5630	68.2269	68.4594
5631	68.2269	68.7251
5632	68.2269	68.355
5633	68.2269	68.2269
5634	68.2269	68.9018
5635	68.2269	69.922
5636	68.2269	68.9467
5637	68.2269	69.0183
5638	68.2269	69.1374
5639	68.2269	70.0431
5640	68.2269	68.4765
5641	68.2269	68.6102
5642	68.2269	68.2269
5643	68.2269	68.2269
5644	68.2269	68.2269
5645	68.2269	68.2269
5646	68.2269	68.2515
5647	68.2269	68.3922
5648	68.2269	69.5842
5649	68.2269	68.3767
5650	68.2269	68.3764
5651	68.2269	68.3018
5652	68.2269	69.0442
5653	68.2269	69.0895
5654	68.2269	68.7699
5655	68.2269	68.4198
5656	68.2269	68.7069
5657	68.2269	68.2269
5658	68.2269	68.8976
5659	68.2269	69.0176
5660	68.2269	69.5809
5661	68.2269	69.6921
5662	68.2269	69.492
5663	68.2269	69.2464
5664	68.2269	68.7875
5665	68.2269	68.2269
5666	68.2269	68.2839
5667	68.2269	68.3237
5668	68.2269	69.0248
5669	68.2269	68.2944
5670	68.2269	68.5222
5671	68.2269	68.621
5672	68.2269	69.0362
5673	68.2269	69.5785
5674	68.2269	68.523
5675	68.2269	69.3037
5676	68.2269	70.1467
5677	68.2269	68.253
5678	68.2269	70.109
5679	68.2269	70.2592
5680	68.2269	70.1609
5681	68.2269	69.7222
5682	68.2269	69.684
5683	68.2269	68.6911
5684	68.2269	68.2745
5685	68.2269	68.2269
5686	68.2269	68.2269
5687	68.2269	68.2269
5688	68.2269	68.8849
5689	68.2269	69.726
5690	68.2269	70.43
5691	68.2269	71.2269
5692	68.2269	70.0278
5693	68.2269	69.9111
5694	68.2269	70.3534
5695	68.2269	69.2566
5696	68.2269	68.9927
5697	68.2269	68.2269
5698	68.2269	69.4612
5699	68.2269	70.2182
5700	68.2269	69.9154
5701	68.2269	68.6185
5702	68.2269	68.4767
5703	68.2269	68.2427
5704	68.2269	68.3468
5705	68.2269	68.4321
5706	68.2269	69.2872
5707	68.2269	69.0374
5708	68.2269	68.9157
5709	68.2269	68.4951
5710	68.2269	69.0281
5711	68.2269	68.9488
5712	68.2269	69.0405
5713	68.2269	69.3161
5714	68.2269	68.8146
5715	68.2269	68.2583
5716	68.2269	68.2269
5717	68.2269	69.345
5718	68.2269	69.0972
5719	68.2269	69.1058
5720	68.2269	68.2269
5721	68.2269	68.6053
5722	68.2269	69.4523
5723	68.2269	70.0002
5724	68.2269	69.0747
5725	68.2269	69.0715
5726	68.2269	70.8673
5727	68.2269	71.1207
5728	68.2269	69.3398
5729	68.2269	68.9283
5730	68.2269	68.4955
5731	68.2269	68.2269
5732	68.2269	68.7577
5733	68.2269	69.0117
5734	68.2269	69.0707
5735	68.2269	69.9712
5736	68.2269	70.2974
5737	68.2269	69.6254
5738	68.2269	69.2548
5739	68.2269	69.9579
5740	68.2269	69.7405
5741	68.2269	68.5912
5742	68.2269	70.1462
5743	68.2269	70.4367
5744	68.2269	69.3481
5745	68.2269	69.2834
5746	68.2269	68.6432
5747	68.2269	68.6172
5748	68.2269	68.2269
5749	68.2269	68.3575
5750	68.2269	68.3224
5751	68.2269	68.2424
5752	68.2269	68.5571
5753	68.2269	69.6121
5754	68.2269	69.7966
5755	68.2269	68.4898
5756	68.2269	68.3653
5757	68.2269	68.3201
5758	68.2269	68.2689
5759	68.2269	68.5928
5760	68.2269	68.2395
5761	68.2269	68.3439
5762	68.2269	68.2873
5763	68.2269	68.2419
5764	68.2269	68.254
5765	68.2269	68.2999
5766	68.2269	68.5853
5767	68.2269	68.2269
5768	68.2269	68.2269
5769	68.2269	68.2269
5770	68.2269	68.2269
5771	68.2269	68.2269
5772	68.2269	68.3539
5773	68.2269	68.643
5774	68.2269	68.276
5775	68.2269	68.2376
5776	68.2269	69.2312
5777	68.2269	69.3624
5778	68.2269	68.3493
5779	68.2269	70.3891
5780	68.2269	69.6195
5781	68.2269	69.7414
5782	68.2269	68.5489
5783	68.2269	68.4445
5784	68.2269	68.4144
5785	68.2269	69.1019
5786	68.2269	68.8894
5787	68.2269	70.1929
5788	68.2269	68.4261
5789	68.2269	69.3761
5790	68.2269	70.9165
5791	68.2269	71.364
5792	68.2269	71.4104
5793	68.2269	69.1192
5794	68.2269	70.0828
5795	68.2269	69.1076
5796	68.2269	68.8916
5797	68.2269	69.0248
5798	68.2269	69.9109
5799	68.2269	69.4414
5800	68.2269	69.2652
5801	68.2269	68.8245
5802	68.2269	69.6495
5803	68.2269	68.5496
5804	68.2269	68.648
5805	68.2269	70.2499
5806	68.2269	69.6256
5807	68.2269	69.8137
5808	68.2269	68.9524
5809	68.2269	68.6908
5810	68.2269	69.8733
5811	68.2269	69.7412
5812	68.2269	72.7629
5813	68.2269	71.5378
5814	68.2269	69.7077
5815	68.2269	68.8329
5816	68.2269	69.369
5817	68.2269	71.6401
5818	68.2269	70.1155
5819	68.2269	69.8275
5820	68.2269	69.0584
5821	68.2269	69.4614
5822	68.2269	69.1387
5823	68.2269	68.884
5824	68.2269	69.8699
5825	68.2269	69.3252
5826	68.2269	70.4534
5827	68.2269	70.9545
5828	68.2269	69.8916
5829	68.2269	69.1991
5830	68.2269	68.2485
5831	68.2269	68.2572
5832	68.2269	68.2713
5833	68.2269	68.6247
5834	68.2269	68.2949
5835	68.2269	68.2269
5836	68.2269	68.25
5837	68.2269	69.7609
5838	68.2269	68.5339
5839	68.2269	69.2253
5840	68.2269	68.7266
5841	68.2269	68.778
5842	68.2269	69.6244
5843	68.2269	69.4336
5844	68.2269	69.0234
5845	68.2269	68.2269
5846	68.2269	68.3127
5847	68.2269	68.3901
5848	68.2269	69.0577
5849	68.2269	68.9425
5850	68.2269	68.812
5851	68.2269	68.8209
5852	68.2269	69.7685
5853	68.2269	68.7391
5854	68.2269	68.7128
5855	68.2269	68.2567
5856	68.2269	69.1244
5857	68.2269	69.0592
5858	68.2269	68.3848
5859	68.2269	68.6188
5860	68.2269	68.4695
5861	68.2269	69.1101
5862	68.2269	69.2166
5863	68.2269	68.451
5864	68.2269	68.8298
5865	68.2269	68.9438
5866	68.2269	68.9223
5867	68.2269	69.1003
5868	68.2269	69.8594
5869	68.2269	69.0663
5870	68.2269	68.7434
5871	68.2269	69.333
5872	68.2269	68.2269
5873	68.2269	68.2404
5874	68.2269	68.4896
5875	68.2269	69.4673
5876	68.2269	69.3797
5877	68.2269	68.3667
5878	68.2269	68.2556
5879	68.2269	68.3286
5880	68.2269	68.5245
5881	68.2269	68.8573
5882	68.2269	70.5587
5883	68.2269	69.501
5884	68.2269	68.556
5885	68.2269	68.3514
5886	68.2269	68.7174
5887	68.2269	69.0516
5888	68.2269	69.5474
5889	68.2269	69.3186
5890	68.2269	68.4759
5891	68.2269	68.2269
5892	68.2269	68.2415
5893	68.2269	68.6095
5894	68.2269	69.6887
5895	68.2269	69.3671
5896	68.2269	68.6644
5897	68.2269	68.3704
5898	68.2269	68.3603
5899	68.2269	68.3677
5900	68.2269	68.8426
5901	68.2269	69.0063
5902	68.2269	70.1351
5903	68.2269	69.4321
5904	68.2269	68.445
5905	68.2269	69.0825
5906	68.2269	68.3399
5907	68.2269	68.8582
5908	68.2269	68.2604
5909	68.2269	68.8992
5910	68.2269	68.4205
5911	68.2269	68.2269
5912	68.2269	68.5199
5913	68.2269	68.2269
5914	68.2269	68.3303
5915	68.2269	69.0724
5916	68.2269	70.8543
5917	68.2269	70.4902
5918	68.2269	69.8471
5919	68.2269	68.8711
5920	68.2269	68.8798
5921	68.2269	68.5538
5922	68.2269	68.8398
5923	68.2269	68.8681
5924	68.2269	69.1525
5925	68.2269	70.6422
5926	68.2269	69.3031
5927	68.2269	70.9573
5928	68.2269	69.8109
5929	68.2269	69.8128
5930	68.2269	68.5625
5931	68.2269	69.4123
5932	68.2269	68.4552
5933	68.2269	68.5373
5934	68.2269	69.2786
5935	68.2269	68.5778
5936	68.2269	69.1573
5937	68.2269	69.585
5938	68.2269	69.841
5939	68.2269	69.351
5940	68.2269	68.3575
5941	68.2269	69.2682
5942	68.2269	68.8008
5943	68.2269	68.3861
5944	68.2269	68.3419
5945	68.2269	68.7726
5946	68.2269	69.5793
5947	68.2269	68.2385
5948	68.2269	68.2269
5949	68.2269	68.2576
5950	68.2269	68.3713
5951	68.2269	68.3977
5952	68.2269	69.0092
5953	68.2269	68.5898
5954	68.2269	68.2646
5955	68.2269	68.2269
5956	68.2269	68.2269
5957	68.2269	68.2269
5958	68.2269	69.0723
5959	68.2269	68.5184
5960	68.2269	68.4238
5961	68.2269	68.4375
5962	68.2269	68.3934
5963	68.2269	68.5459
5964	68.2269	68.7925
5965	68.2269	69.1607
5966	68.2269	69.0475
5967	68.2269	68.9676
5968	68.2269	69.5496
5969	68.2269	68.5744
5970	68.2269	68.5465
5971	68.2269	68.416
5972	68.2269	69.34
5973	68.2269	69.3711
5974	68.2269	70.3342
5975	68.2269	69.9438
5976	68.2269	69.3962
5977	68.2269	68.9047
5978	68.2269	69.4336
5979	68.2269	70.4135
5980	68.2269	70.659
5981	68.2269	70.4875
5982	68.2269	70.1285
5983	68.2269	69.3731
5984	68.2269	68.5628
5985	68.2269	69.4266
5986	68.2269	68.6724
5987	68.2269	68.6286
5988	68.2269	68.7205
5989	68.2269	68.5102
5990	68.2269	68.4281
5991	68.2269	68.3289
5992	68.2269	68.3545
5993	68.2269	68.2269
5994	68.2269	68.4168
5995	68.2269	68.2269
5996	68.2269	68.6036
5997	68.2269	68.3402
5998	68.2269	69.373
5999	68.2269	68.8544
6000	68.2269	68.8983
6001	68.2269	69.9053
6002	68.2269	69.5935
6003	68.2269	70.3183
6004	68.2269	68.5852
6005	68.2269	69.035
6006	68.2269	69.5774
6007	68.2269	69.2178
6008	68.2269	68.4766
6009	68.2269	68.2269
6010	68.2269	68.3788
6011	68.2269	68.2478
6012	68.2269	68.3092
6013	68.2269	68.2499
6014	68.2269	68.299
6015	68.2269	69.1458
6016	68.2269	68.4863
6017	68.2269	68.2269
6018	68.2269	68.3266
6019	68.2269	68.2448
6020	68.2269	69.1306
6021	68.2269	70.4649
6022	68.2269	71.5234
6023	68.2269	73.21
6024	68.2269	72.4655
6025	68.2269	70.2974
6026	68.2269	68.4617
6027	68.2269	68.2875
6028	68.2269	68.4113
6029	68.2269	68.704
6030	68.2269	69.0016
6031	68.2269	68.6967
6032	68.2269	68.7874
6033	68.2269	68.5635
6034	68.2269	68.2946
6035	68.2269	68.8809
6036	68.2269	68.8087
6037	68.2269	68.7423
6038	68.2269	68.2348
6039	68.2269	68.2269
6040	68.2269	68.2269
6041	68.2269	68.2269
6042	68.2269	68.4818
6043	68.2269	68.8749
6044	68.2269	68.2269
6045	68.2269	68.2878
6046	68.2269	68.262
6047	68.2269	68.2956
6048	68.2269	68.3489
6049	68.2269	68.707
6050	68.2269	68.8868
6051	68.2269	68.5469
6052	68.2269	72.0619
6053	68.2269	70.644
6054	68.2269	72.0205
6055	68.2269	71.7727
6056	68.2269	69.4376
6057	68.2269	68.7053
6058	68.2269	68.3028
6059	68.2269	69.8041
6060	68.2269	70.0719
6061	68.2269	69.4516
6062	68.2269	68.5308
6063	68.2269	68.2269
6064	68.2269	68.2269
6065	68.2269	68.9717
6066	68.2269	68.2918
6067	68.2269	68.3982
6068	68.2269	68.5122
6069	68.2269	70.3535
6070	68.2269	71.2461
6071	68.2269	69.847
6072	68.2269	69.3831
6073	68.2269	68.3457
6074	68.2269	68.2269
6075	68.2269	68.4203
6076	68.2269	68.2986
6077	68.2269	68.52
6078	68.2269	68.5551
6079	68.2269	68.8688
6080	68.2269	68.8891
6081	68.2269	69.2168
6082	68.2269	68.4534
6083	68.2269	68.2872
6084	68.2269	68.327
6085	68.2269	68.9076
6086	68.2269	68.3306
6087	68.2269	68.2269
6088	68.2269	68.2269
6089	68.2269	68.8079
6090	68.2269	68.6871
6091	68.2269	68.7665
6092	68.2269	68.7937
6093	68.2269	68.4806
6094	68.2269	68.4993
6095	68.2269	68.2544
6096	68.2269	68.6474
6097	68.2269	69.3934
6098	68.2269	68.9553
6099	68.2269	68.8754
6100	68.2269	68.7772
6101	68.2269	70.1102
6102	68.2269	70.5263
6103	68.2269	70.7483
6104	68.2269	70.3072
6105	68.2269	69.0457
6106	68.2269	69.2829
6107	68.2269	68.383
6108	68.2269	68.4305
6109	68.2269	69.1127
6110	68.2269	68.9747
6111	68.2269	68.9408
6112	68.2269	70.466
6113	68.2269	68.7118
6114	68.2269	68.9229
6115	68.2269	68.4707
6116	68.2269	69.1996
6117	68.2269	69.0844
6118	68.2269	69.516
6119	68.2269	68.365
6120	68.2269	68.8069
6121	68.2269	68.6329
6122	68.2269	68.2269
6123	68.2269	68.2269
6124	68.2269	68.2269
6125	68.2269	68.6872
6126	68.2269	68.3556
6127	68.2269	69.2874
6128	68.2269	68.6134
6129	68.2269	68.2269
6130	68.2269	68.7625
6131	68.2269	68.7934
6132	68.2269	69.0891
6133	68.2269	68.9347
6134	68.2269	68.7551
6135	68.2269	68.8871
6136	68.2269	69.0477
6137	68.2269	68.5945
6138	68.2269	68.2952
6139	68.2269	68.2435
6140	68.2269	68.5628
6141	68.2269	69.276
6142	68.2269	69.5537
6143	68.2269	71.5871
6144	68.2269	70.647
6145	68.2269	71.0513
6146	68.2269	70.874
6147	68.2269	72.6899
6148	68.2269	70.9539
6149	68.2269	69.7442
6150	68.2269	69.1111
6151	68.2269	68.6237
6152	68.2269	68.2269
6153	68.2269	68.2269
6154	68.2269	68.2269
6155	68.2269	68.7411
6156	68.2269	68.5204
6157	68.2269	69.1429
6158	68.2269	68.6842
6159	68.2269	68.9127
6160	68.2269	69.3755
6161	68.2269	69.0766
6162	68.2269	69.4884
6163	68.2269	69.235
6164	68.2269	69.9499
6165	68.2269	68.9729
6166	68.2269	68.567
6167	68.2269	68.2269
6168	68.2269	68.4903
6169	68.2269	68.639
6170	68.2269	68.4174
6171	68.2269	68.8976
6172	68.2269	68.829
6173	68.2269	68.342
6174	68.2269	68.5356
6175	68.2269	69.275
6176	68.2269	68.9311
6177	68.2269	69.4834
6178	68.2269	68.2336
6179	68.2269	68.2269
6180	68.2269	68.2403
6181	68.2269	68.5243
6182	68.2269	69.2167
6183	68.2269	71.5886
6184	68.2269	70.6243
6185	68.2269	68.8969
6186	68.2269	68.3424
6187	68.2269	68.5238
6188	68.2269	68.5527
6189	68.2269	68.4031
6190	68.2269	68.3054
6191	68.2269	68.2413
6192	68.2269	68.2269
6193	68.2269	68.4316
6194	68.2269	68.2269
6195	68.2269	68.4097
6196	68.2269	68.9113
6197	68.2269	68.3813
6198	68.2269	68.4435
6199	68.2269	69.8771
6200	68.2269	69.9235
6201	68.2269	69.9779
6202	68.2269	69.1019
6203	68.2269	69.499
6204	68.2269	70.4316
6205	68.2269	69.1973
6206	68.2269	68.8125
6207	68.2269	68.2269
6208	68.2269	68.2269
6209	68.2269	68.5187
6210	68.2269	68.4523
6211	68.2269	68.5563
6212	68.2269	68.4932
6213	68.2269	68.6039
6214	68.2269	68.2815
6215	68.2269	68.2761
6216	68.2269	68.4788
6217	68.2269	68.5261
6218	68.2269	69.9209
6219	68.2269	69.8
6220	68.2269	69.6355
6221	68.2269	68.2611
6222	68.2269	68.2269
6223	68.2269	68.2424
6224	68.2269	68.5497
6225	68.2269	68.6746
6226	68.2269	68.9377
6227	68.2269	68.4338
6228	68.2269	71.6753
6229	68.2269	68.9218
6230	68.2269	69.3649
6231	68.2269	70.2453
6232	68.2269	69.5084
6233	68.2269	68.8746
6234	68.2269	69.0834
6235	68.2269	68.6649
6236	68.2269	68.6494
6237	68.2269	69.7225
6238	68.2269	69.5932
6239	68.2269	68.8771
6240	68.2269	68.8146
6241	68.2269	68.9735
6242	68.2269	69.9371
6243	68.2269	69.0448
6244	68.2269	68.2269
6245	68.2269	69.3677
6246	68.2269	68.2269
6247	68.2269	68.4056
6248	68.2269	68.3723
6249	68.2269	68.3283
6250	68.2269	68.9723
6251	68.2269	68.7101
6252	68.2269	68.4096
6253	68.2269	68.2921
6254	68.2269	68.6074
6255	68.2269	68.3723
6256	68.2269	68.448
6257	68.2269	69.1034
6258	68.2269	68.4168
6259	68.2269	68.2269
6260	68.2269	68.2269
6261	68.2269	68.2269
6262	68.2269	68.2269
6263	68.2269	68.2269
6264	68.2269	68.4358
6265	68.2269	68.717
6266	68.2269	68.24
6267	68.2269	68.2269
6268	68.2269	68.2269
6269	68.2269	68.4974
6270	68.2269	68.3068
6271	68.2269	68.4707
6272	68.2269	68.6592
6273	68.2269	68.2319
6274	68.2269	68.7026
6275	68.2269	68.3601
6276	68.2269	68.2901
6277	68.2269	68.3211
6278	68.2269	68.7049
6279	68.2269	68.5406
6280	68.2269	69.5978
6281	68.2269	69.7926
6282	68.2269	70.8322
6283	68.2269	70.9896
6284	68.2269	72.4703
6285	68.2269	71.3654
6286	68.2269	72.411
6287	68.2269	71.3936
6288	68.2269	71.393
6289	68.2269	72.4162
6290	68.2269	70.7069
6291	68.2269	70.1361
6292	68.2269	69.8695
6293	68.2269	69.3126
6294	68.2269	68.8389
6295	68.2269	68.6791
6296	68.2269	68.4002
6297	68.2269	68.2558
6298	68.2269	68.2372
6299	68.2269	69.0208
6300	68.2269	68.2269
6301	68.2269	68.2269
6302	68.2269	68.8247
6303	68.2269	68.2269
6304	68.2269	68.4563
6305	68.2269	68.8802
6306	68.2269	68.2269
6307	68.2269	68.561
6308	68.2269	68.2269
6309	68.2269	68.4261
6310	68.2269	68.4541
6311	68.2269	69.6081
6312	68.2269	70.0351
6313	68.2269	70.0639
6314	68.2269	69.483
6315	68.2269	69.5939
6316	68.2269	71.2129
6317	68.2269	71.5571
6318	68.2269	70.783
6319	68.2269	70.5051
6320	68.2269	69.5315
6321	68.2269	68.9783
6322	68.2269	69.0454
6323	68.2269	68.7534
6324	68.2269	69.3064
6325	68.2269	69.9395
6326	68.2269	69.5477
6327	68.2269	69.3739
6328	68.2269	68.9579
6329	68.2269	71.4933
6330	68.2269	69.1052
6331	68.2269	69.5745
6332	68.2269	68.7371
6333	68.2269	68.2357
6334	68.2269	68.8485
6335	68.2269	68.6807
6336	68.2269	68.6767
6337	68.2269	68.2638
6338	68.2269	68.3545
6339	68.2269	68.7861
6340	68.2269	69.3628
6341	68.2269	68.8814
6342	68.2269	68.7149
6343	68.2269	68.2269
6344	68.2269	68.345
6345	68.2269	68.7979
6346	68.2269	68.2269
6347	68.2269	68.2325
6348	68.2269	68.3037
6349	68.2269	69.3504
6350	68.2269	68.6056
6351	68.2269	69.4223
6352	68.2269	70.2337
6353	68.2269	68.8355
6354	68.2269	68.8168
6355	68.2269	68.2692
6356	68.2269	68.2269
6357	68.2269	68.2269
6358	68.2269	68.3007
6359	68.2269	68.2269
6360	68.2269	68.7991
6361	68.2269	68.7641
6362	68.2269	68.8246
6363	68.2269	69.7071
6364	68.2269	68.9695
6365	68.2269	68.2369
6366	68.2269	68.6789
6367	68.2269	69.3713
6368	68.2269	70.1345
6369	68.2269	68.8902
6370	68.2269	69.4934
6371	68.2269	68.8265
6372	68.2269	68.9527
6373	68.2269	69.7141
6374	68.2269	71.5224
6375	68.2269	71.495
6376	68.2269	71.3674
6377	68.2269	70.0059
6378	68.2269	71.4148
6379	68.2269	70.5496
6380	68.2269	69.595
6381	68.2269	69.7975
6382	68.2269	69.2314
6383	68.2269	68.5335
6384	68.2269	68.4222
6385	68.2269	69.7851
6386	68.2269	69.5651
6387	68.2269	70.1073
6388	68.2269	69.6392
6389	68.2269	69.2695
6390	68.2269	70.6336
6391	68.2269	71.5153
6392	68.2269	70.1105
6393	68.2269	68.4068
6394	68.2269	69.8123
6395	68.2269	69.1276
6396	68.2269	68.6518
6397	68.2269	68.4725
6398	68.2269	68.6575
6399	68.2269	68.2269
6400	68.2269	68.2457
6401	68.2269	70.4932
6402	68.2269	71.0852
6403	68.2269	70.9188
6404	68.2269	69.9924
6405	68.2269	68.3856
6406	68.2269	70.5205
6407	68.2269	69.7441
6408	68.2269	69.1795
6409	68.2269	70.474
6410	68.2269	69.34
6411	68.2269	69.1577
6412	68.2269	68.554
6413	68.2269	68.4716
6414	68.2269	68.2269
6415	68.2269	68.3539
6416	68.2269	69.3335
6417	68.2269	68.2753
6418	68.2269	68.2269
6419	68.2269	69.2143
6420	68.2269	69.2308
6421	68.2269	68.5256
6422	68.2269	68.7258
6423	68.2269	68.5636
6424	68.2269	68.775
6425	68.2269	68.3028
6426	68.2269	68.2705
6427	68.2269	68.2269
6428	68.2269	68.2269
6429	68.2269	68.2269
6430	68.2269	68.2269
6431	68.2269	68.2269
6432	68.2269	69.2082
6433	68.2269	68.2595
6434	68.2269	68.2812
6435	68.2269	68.2269
6436	68.2269	68.2269
6437	68.2269	68.2586
6438	68.2269	68.2269
6439	68.2269	68.361
6440	68.2269	68.8136
6441	68.2269	68.3333
6442	68.2269	68.6712
6443	68.2269	68.9151
6444	68.2269	70.3867
6445	68.2269	69.2579
6446	68.2269	68.8972
6447	68.2269	68.7527
6448	68.2269	68.9925
6449	68.2269	69.0632
6450	68.2269	68.3167
6451	68.2269	69.0219
6452	68.2269	68.2269
6453	68.2269	68.4183
6454	68.2269	68.7165
6455	68.2269	68.7073
6456	68.2269	68.6166
6457	68.2269	68.6182
6458	68.2269	68.4554
6459	68.2269	68.6644
6460	68.2269	69.0647
6461	68.2269	68.2269
6462	68.2269	68.2269
6463	68.2269	68.2476
6464	68.2269	68.7275
6465	68.2269	69.503
6466	68.2269	69.5404
6467	68.2269	69.1817
6468	68.2269	68.4724
6469	68.2269	68.5682
6470	68.2269	68.505
6471	68.2269	68.5763
6472	68.2269	68.8241
6473	68.2269	68.8767
6474	68.2269	68.5944
6475	68.2269	68.2269
6476	68.2269	68.2269
6477	68.2269	68.2269
6478	68.2269	68.4612
6479	68.2269	68.3777
6480	68.2269	68.294
6481	68.2269	68.7384
6482	68.2269	68.2269
6483	68.2269	68.2269
6484	68.2269	68.2269
6485	68.2269	68.2269
6486	68.2269	68.7832
6487	68.2269	69.6157
6488	68.2269	69.1998
6489	68.2269	69.4411
6490	68.2269	68.2904
6491	68.2269	68.4762
6492	68.2269	68.9957
6493	68.2269	68.5613
6494	68.2269	68.2663
6495	68.2269	68.2269
6496	68.2269	68.5157
6497	68.2269	68.6051
6498	68.2269	68.2269
6499	68.2269	68.2568
6500	68.2269	68.2269
6501	68.2269	68.2499
6502	68.2269	69.0147
6503	68.2269	69.5278
6504	68.2269	69.8747
6505	68.2269	71.0568
6506	68.2269	69.1219
6507	68.2269	69.8612
6508	68.2269	68.8749
6509	68.2269	69.6211
6510	68.2269	69.2584
6511	68.2269	69.8467
6512	68.2269	70.3522
6513	68.2269	69.5963
6514	68.2269	68.2269
6515	68.2269	68.2269
6516	68.2269	68.4842
6517	68.2269	69.3059
6518	68.2269	69.6613
6519	68.2269	68.4895
6520	68.2269	68.6265
6521	68.2269	68.5404
6522	68.2269	68.7796
6523	68.2269	69.1567
6524	68.2269	69.4352
6525	68.2269	69.7091
6526	68.2269	70.6456
6527	68.2269	70.0815
6528	68.2269	70.1533
6529	68.2269	69.6873
6530	68.2269	68.9559
6531	68.2269	68.3591
6532	68.2269	68.8315
6533	68.2269	69.1742
6534	68.2269	69.7668
6535	68.2269	69.909
6536	68.2269	68.9166
6537	68.2269	68.231
6538	68.2269	69.6726
6539	68.2269	68.6114
6540	68.2269	69.0864
6541	68.2269	68.8693
6542	68.2269	68.2269
6543	68.2269	68.816
6544	68.2269	68.9737
6545	68.2269	68.9963
6546	68.2269	68.3211
6547	68.2269	68.2816
6548	68.2269	68.3492
6549	68.2269	68.2883
6550	68.2269	68.4552
6551	68.2269	68.7393
6552	68.2269	68.6457
6553	68.2269	68.6544
6554	68.2269	68.378
6555	68.2269	68.6379
6556	68.2269	68.582
6557	68.2269	68.2269
6558	68.2269	68.2269
6559	68.2269	68.5708
6560	68.2269	69.2675
6561	68.2269	69.1345
6562	68.2269	68.6184
6563	68.2269	68.6059
6564	68.2269	68.3586
6565	68.2269	68.2269
6566	68.2269	68.7526
6567	68.2269	68.5346
6568	68.2269	68.6008
6569	68.2269	68.2269
6570	68.2269	68.2269
6571	68.2269	68.4314
6572	68.2269	68.4485
6573	68.2269	68.3145
6574	68.2269	68.8533
6575	68.2269	68.2814
6576	68.2269	68.3208
6577	68.2269	68.6898
6578	68.2269	68.5717
6579	68.2269	68.5769
6580	68.2269	68.4454
6581	68.2269	69.0701
6582	68.2269	69.6467
6583	68.2269	69.8685
6584	68.2269	69.1079
6585	68.2269	68.9103
6586	68.2269	69.1451
6587	68.2269	69.8917
6588	68.2269	69.4898
6589	68.2269	68.6147
6590	68.2269	68.7963
6591	68.2269	68.819
6592	68.2269	68.9135
6593	68.2269	68.5958
6594	68.2269	68.2269
6595	68.2269	68.4832
6596	68.2269	68.3251
6597	68.2269	68.4037
6598	68.2269	68.791
6599	68.2269	68.8613
6600	68.2269	68.2841
6601	68.2269	69.6521
6602	68.2269	70.4535
6603	68.2269	70.0014
6604	68.2269	68.8178
6605	68.2269	69.815
6606	68.2269	68.526
6607	68.2269	68.5284
6608	68.2269	68.47
6609	68.2269	69.9696
6610	68.2269	68.8859
6611	68.2269	69.1813
6612	68.2269	68.2269
6613	68.2269	68.2269
6614	68.2269	68.5557
6615	68.2269	68.9708
6616	68.2269	68.506
6617	68.2269	69.66
6618	68.2269	70.3019
6619	68.2269	69.5789
6620	68.2269	68.7746
6621	68.2269	69.4716
6622	68.2269	69.1501
6623	68.2269	70.0956
6624	68.2269	70.1076
6625	68.2269	69.1893
6626	68.2269	68.9987
6627	68.2269	69.3643
6628	68.2269	68.9036
6629	68.2269	68.5861
6630	68.2269	68.9807
6631	68.2269	68.7382
6632	68.2269	69.5372
6633	68.2269	68.4563
6634	68.2269	68.3381
6635	68.2269	68.2993
6636	68.2269	68.5125
6637	68.2269	68.9732
6638	68.2269	68.9299
6639	68.2269	68.7526
6640	68.2269	68.305
6641	68.2269	68.2269
6642	68.2269	68.2269
6643	68.2269	68.2269
6644	68.2269	68.2544
6645	68.2269	68.5825
6646	68.2269	68.7026
6647	68.2269	70.2226
6648	68.2269	70.3549
6649	68.2269	70.4888
6650	68.2269	69.8317
6651	68.2269	69.0003
6652	68.2269	68.2879
6653	68.2269	68.2269
6654	68.2269	68.2269
6655	68.2269	68.261
6656	68.2269	68.2269
6657	68.2269	69.5235
6658	68.2269	68.5867
6659	68.2269	69.3638
6660	68.2269	68.8278
6661	68.2269	68.6593
6662	68.2269	68.507
6663	68.2269	68.7672
6664	68.2269	68.8784
6665	68.2269	69.0707
6666	68.2269	68.3458
6667	68.2269	68.2269
6668	68.2269	68.3191
6669	68.2269	68.2628
6670	68.2269	68.2439
6671	68.2269	68.3032
6672	68.2269	68.7253
6673	68.2269	69.1227
6674	68.2269	68.7893
6675	68.2269	68.6159
6676	68.2269	68.2269
6677	68.2269	68.3708
6678	68.2269	68.3932
6679	68.2269	68.2301
6680	68.2269	69.9499
6681	68.2269	69.6086
6682	68.2269	68.7256
6683	68.2269	69.097
6684	68.2269	68.3201
6685	68.2269	68.2269
6686	68.2269	68.2269
6687	68.2269	68.2269
6688	68.2269	68.4441
6689	68.2269	68.2629
6690	68.2269	68.2269
6691	68.2269	68.2599
6692	68.2269	69.6162
6693	68.2269	70.5646
6694	68.2269	70.4598
6695	68.2269	68.6932
6696	68.2269	68.5872
6697	68.2269	68.2314
6698	68.2269	68.2269
6699	68.2269	68.2269
6700	68.2269	68.5067
6701	68.2269	69.2485
6702	68.2269	68.5427
6703	68.2269	68.9254
6704	68.2269	68.5466
6705	68.2269	68.4331
6706	68.2269	68.2951
6707	68.2269	68.4761
6708	68.2269	68.5251
6709	68.2269	68.4018
6710	68.2269	68.3123
6711	68.2269	68.2269
6712	68.2269	68.2269
6713	68.2269	68.3741
6714	68.2269	68.4045
6715	68.2269	68.2314
6716	68.2269	68.2269
6717	68.2269	69.0645
6718	68.2269	68.6228
6719	68.2269	68.2269
6720	68.2269	69.0685
6721	68.2269	69.0179
6722	68.2269	68.6111
6723	68.2269	69.416
6724	68.2269	68.8506
6725	68.2269	68.2668
6726	68.2269	69.2238
6727	68.2269	69.0434
6728	68.2269	68.6609
6729	68.2269	69.3618
6730	68.2269	68.8933
6731	68.2269	68.8715
6732	68.2269	69.193
6733	68.2269	68.7467
6734	68.2269	68.6691
6735	68.2269	68.9138
6736	68.2269	69.8332
6737	68.2269	69.0431
6738	68.2269	68.6782
6739	68.2269	68.6645
6740	68.2269	69.1561
6741	68.2269	69.4708
6742	68.2269	68.799
6743	68.2269	69.3221
6744	68.2269	68.6394
6745	68.2269	68.4116
6746	68.2269	68.3604
6747	68.2269	69.2948
6748	68.2269	68.3857
6749	68.2269	68.4661
6750	68.2269	68.2269
6751	68.2269	68.8296
6752	68.2269	68.6332
6753	68.2269	68.3067
6754	68.2269	68.8109
6755	68.2269	69.1381
6756	68.2269	68.6821
6757	68.2269	68.8297
6758	68.2269	68.7861
6759	68.2269	68.6104
6760	68.2269	68.337
6761	68.2269	68.9029
6762	68.2269	68.4453
6763	68.2269	68.4375
6764	68.2269	69.5377
6765	68.2269	69.3378
6766	68.2269	71.029
6767	68.2269	69.2167
6768	68.2269	69.4269
6769	68.2269	69.2539
6770	68.2269	68.4
6771	68.2269	70.357
6772	68.2269	69.7578
6773	68.2269	68.8884
6774	68.2269	69.5452
6775	68.2269	68.4388
6776	68.2269	69.5938
6777	68.2269	70.148
6778	68.2269	69.5693
6779	68.2269	70.2736
6780	68.2269	69.8694
6781	68.2269	68.7555
6782	68.2269	69.3471
6783	68.2269	69.0815
6784	68.2269	68.4356
6785	68.2269	70.0361
6786	68.2269	68.7433
6787	68.2269	68.4857
6788	68.2269	69.4959
6789	68.2269	69.0543
6790	68.2269	69.1218
6791	68.2269	68.8901
6792	68.2269	69.3644
6793	68.2269	70.5501
6794	68.2269	70.5987
6795	68.2269	73.3434
6796	68.2269	71.0434
6797	68.2269	72.5532
6798	68.2269	70.9741
6799	68.2269	69.4862
6800	68.2269	70.126
6801	68.2269	68.9922
6802	68.2269	68.6352
6803	68.2269	68.3928
6804	68.2269	68.3329
6805	68.2269	68.2372
6806	68.2269	68.443
6807	68.2269	68.5035
6808	68.2269	69.3726
6809	68.2269	69.2273
6810	68.2269	69.2463
6811	68.2269	68.9295
6812	68.2269	69.1833
6813	68.2269	68.5236
6814	68.2269	68.431
6815	68.2269	68.6692
6816	68.2269	68.8983
6817	68.2269	68.2917
6818	68.2269	68.2269
6819	68.2269	68.2269
6820	68.2269	68.2269
6821	68.2269	68.6624
6822	68.2269	68.4187
6823	68.2269	68.2565
6824	68.2269	68.5223
6825	68.2269	69.0982
6826	68.2269	69.434
6827	68.2269	69.5329
6828	68.2269	69.5982
6829	68.2269	68.6085
6830	68.2269	68.4249
6831	68.2269	68.265
6832	68.2269	68.4981
6833	68.2269	68.2269
6834	68.2269	69.1575
6835	68.2269	68.765
6836	68.2269	68.4088
6837	68.2269	69.1691
6838	68.2269	68.7432
6839	68.2269	68.91
6840	68.2269	68.4387
6841	68.2269	68.2269
6842	68.2269	68.3908
6843	68.2269	68.4317
6844	68.2269	68.385
6845	68.2269	68.3244
6846	68.2269	68.2269
6847	68.2269	68.2749
6848	68.2269	68.9656
6849	68.2269	70.4185
6850	68.2269	69.3086
6851	68.2269	68.404
6852	68.2269	68.2269
6853	68.2269	68.2269
6854	68.2269	68.2269
6855	68.2269	68.2269
6856	68.2269	68.3049
6857	68.2269	68.3933
6858	68.2269	68.3303
6859	68.2269	69.45
6860	68.2269	70.2452
6861	68.2269	69.4186
6862	68.2269	69.9082
6863	68.2269	70.1093
6864	68.2269	68.6234
6865	68.2269	68.2269
6866	68.2269	68.2269
6867	68.2269	68.236
6868	68.2269	68.2963
6869	68.2269	68.2269
6870	68.2269	68.242
6871	68.2269	68.4343
6872	68.2269	68.4809
6873	68.2269	68.3763
6874	68.2269	68.2578
6875	68.2269	68.4172
6876	68.2269	69.1017
6877	68.2269	70.7457
6878	68.2269	69.3857
6879	68.2269	70.7718
6880	68.2269	70.0118
6881	68.2269	72.1759
6882	68.2269	69.6302
6883	68.2269	70.7493
6884	68.2269	70.3698
6885	68.2269	69.1069
6886	68.2269	69.9428
6887	68.2269	68.666
6888	68.2269	68.5884
6889	68.2269	69.3643
6890	68.2269	69.737
6891	68.2269	68.4193
6892	68.2269	68.7966
6893	68.2269	68.5829
6894	68.2269	69.323
6895	68.2269	68.3542
6896	68.2269	69.3037
6897	68.2269	69.1528
6898	68.2269	68.3678
6899	68.2269	69.3791
6900	68.2269	71.7794
6901	68.2269	71.1894
6902	68.2269	69.9603
6903	68.2269	69.5452
6904	68.2269	68.5022
6905	68.2269	68.3027
6906	68.2269	68.3943
6907	68.2269	68.2269
6908	68.2269	68.8896
6909	68.2269	69.7646
6910	68.2269	69.5305
6911	68.2269	69.8987
6912	68.2269	69.1426
6913	68.2269	68.4091
6914	68.2269	72.1266
6915	68.2269	69.6814
6916	68.2269	69.7928
6917	68.2269	68.7911
6918	68.2269	68.6558
6919	68.2269	68.4819
6920	68.2269	68.3703
6921	68.2269	68.2935
6922	68.2269	68.5784
6923	68.2269	68.3293
6924	68.2269	68.6016
6925	68.2269	68.7385
6926	68.2269	69.1278
6927	68.2269	68.2517
6928	68.2269	68.2269
6929	68.2269	68.2481
6930	68.2269	69.602
6931	68.2269	69.5248
6932	68.2269	69.2681
6933	68.2269	69.6333
6934	68.2269	68.7405
6935	68.2269	68.2907
6936	68.2269	68.2269
6937	68.2269	68.2269
6938	68.2269	68.3293
6939	68.2269	68.342
6940	68.2269	68.2269
6941	68.2269	68.4761
6942	68.2269	69.2319
6943	68.2269	69.2716
6944	68.2269	69.188
6945	68.2269	70.6525
6946	68.2269	69.3545
6947	68.2269	68.5065
6948	68.2269	68.3916
6949	68.2269	69.2992
6950	68.2269	68.8827
6951	68.2269	69.5278
6952	68.2269	68.3676
6953	68.2269	70.0891
6954	68.2269	71.7986
6955	68.2269	73.2317
6956	68.2269	71.2526
6957	68.2269	69.4973
6958	68.2269	69.8018
6959	68.2269	69.1681
6960	68.2269	70.6435
6961	68.2269	70.0401
6962	68.2269	69.7967
6963	68.2269	70.0896
6964	68.2269	70.002
6965	68.2269	69.1275
6966	68.2269	69.4149
6967	68.2269	69.1291
6968	68.2269	69.1951
6969	68.2269	68.4919
6970	68.2269	68.2561
6971	68.2269	68.3222
6972	68.2269	68.3992
6973	68.2269	68.4744
6974	68.2269	68.4571
6975	68.2269	68.439
6976	68.2269	68.2269
6977	68.2269	68.3918
6978	68.2269	69.2319
6979	68.2269	69.099
6980	68.2269	68.81
6981	68.2269	69.2735
6982	68.2269	70.495
6983	68.2269	69.4382
6984	68.2269	68.3213
6985	68.2269	69.1076
6986	68.2269	69.1389
6987	68.2269	68.9468
6988	68.2269	68.9923
6989	68.2269	68.7555
6990	68.2269	68.4354
6991	68.2269	68.2799
6992	68.2269	68.2394
6993	68.2269	68.2269
6994	68.2269	68.3133
6995	68.2269	68.3356
6996	68.2269	68.286
6997	68.2269	68.2513
6998	68.2269	68.3421
6999	68.2269	68.79
7000	68.2269	68.6003
7001	68.2269	68.6617
7002	68.2269	68.3325
7003	68.2269	69.0614
7004	68.2269	69.6492
7005	68.2269	70.2523
7006	68.2269	68.4114
7007	68.2269	68.9007
7008	68.2269	69.2452
7009	68.2269	69.1625
7010	68.2269	68.6639
7011	68.2269	68.2269
7012	68.2269	68.2269
7013	68.2269	68.631
7014	68.2269	68.5045
7015	68.2269	68.6908
7016	68.2269	69.0589
7017	68.2269	69.2099
7018	68.2269	69.6176
7019	68.2269	69.2141
7020	68.2269	69.882
7021	68.2269	69.6562
7022	68.2269	70.8489
7023	68.2269	68.6831
7024	68.2269	69.262
7025	68.2269	69.9825
7026	68.2269	69.9446
7027	68.2269	69.3776
7028	68.2269	68.2269
7029	68.2269	68.2269
7030	68.2269	68.3673
7031	68.2269	69.5513
7032	68.2269	70.5023
7033	68.2269	71.5634
7034	68.2269	69.163
7035	68.2269	68.9878
7036	68.2269	68.7967
7037	68.2269	69.0822
7038	68.2269	69.5083
7039	68.2269	69.7887
7040	68.2269	69.173
7041	68.2269	68.6749
7042	68.2269	68.4786
7043	68.2269	69.0196
7044	68.2269	71.0604
7045	68.2269	70.367
7046	68.2269	69.2244
7047	68.2269	68.8841
7048	68.2269	68.3125
7049	68.2269	68.9091
7050	68.2269	68.6716
7051	68.2269	70.5249
7052	68.2269	71.696
7053	68.2269	71.4918
7054	68.2269	69.2323
7055	68.2269	68.2269
7056	68.2269	68.3165
7057	68.2269	68.2392
7058	68.2269	68.233
7059	68.2269	68.3275
7060	68.2269	68.2269
7061	68.2269	68.3264
7062	68.2269	69.0915
7063	68.2269	69.4375
7064	68.2269	68.7518
7065	68.2269	68.4936
7066	68.2269	68.9941
7067	68.2269	68.3784
7068	68.2269	68.4358
7069	68.2269	69.0821
7070	68.2269	69.1222
7071	68.2269	68.6926
7072	68.2269	68.668
7073	68.2269	68.7051
7074	68.2269	68.5973
7075	68.2269	68.2439
7076	68.2269	68.2514
7077	68.2269	68.2783
7078	68.2269	68.2439
7079	68.2269	68.2269
7080	68.2269	68.2269
7081	68.2269	68.2269
7082	68.2269	68.241
7083	68.2269	68.2269
7084	68.2269	68.2269
7085	68.2269	68.2269
7086	68.2269	68.2269
7087	68.2269	68.2269
7088	68.2269	68.6424
7089	68.2269	68.6037
7090	68.2269	68.3779
7091	68.2269	68.2269
7092	68.2269	68.5207
7093	68.2269	69.0739
7094	68.2269	68.5422
7095	68.2269	68.4514
7096	68.2269	68.2351
7097	68.2269	68.2296
7098	68.2269	68.2269
7099	68.2269	69.5868
7100	68.2269	68.8218
7101	68.2269	68.2534
7102	68.2269	68.5822
7103	68.2269	70.5748
7104	68.2269	69.3338
7105	68.2269	70.1577
7106	68.2269	69.4755
7107	68.2269	69.1158
7108	68.2269	68.6855
7109	68.2269	68.2269
7110	68.2269	68.2434
7111	68.2269	69.43
7112	68.2269	68.7592
7113	68.2269	69.5412
7114	68.2269	69.0331
7115	68.2269	68.3708
7116	68.2269	68.4783
7117	68.2269	68.4925
7118	68.2269	68.7782
7119	68.2269	69.2768
7120	68.2269	70.6374
7121	68.2269	69.7436
7122	68.2269	69.2039
7123	68.2269	69.2981
7124	68.2269	69.805
7125	68.2269	68.8852
7126	68.2269	69.9304
7127	68.2269	69.0854
7128	68.2269	68.6549
7129	68.2269	69.2243
7130	68.2269	68.5843
7131	68.2269	69.0432
7132	68.2269	68.7728
7133	68.2269	69.0476
7134	68.2269	69.5126
7135	68.2269	69.4044
7136	68.2269	69.502
7137	68.2269	69.917
7138	68.2269	69.5292
7139	68.2269	69.1601
7140	68.2269	68.7385
7141	68.2269	68.6523
7142	68.2269	69.3361
7143	68.2269	68.5061
7144	68.2269	69.5721
7145	68.2269	70.2931
7146	68.2269	68.3797
7147	68.2269	68.2512
7148	68.2269	68.2269
7149	68.2269	68.7587
7150	68.2269	68.3583
7151	68.2269	69.0175
7152	68.2269	69.5518
7153	68.2269	69.9428
7154	68.2269	69.2329
7155	68.2269	68.8555
7156	68.2269	68.544
7157	68.2269	68.9366
7158	68.2269	68.2269
7159	68.2269	68.5583
7160	68.2269	69.3996
7161	68.2269	68.8077
7162	68.2269	68.4115
7163	68.2269	69.5897
7164	68.2269	68.9192
7165	68.2269	68.2269
7166	68.2269	68.2269
7167	68.2269	68.2679
7168	68.2269	68.4482
7169	68.2269	68.8225
7170	68.2269	69.2114
7171	68.2269	68.9949
7172	68.2269	68.346
7173	68.2269	68.4862
7174	68.2269	69.3474
7175	68.2269	68.7898
7176	68.2269	68.8008
7177	68.2269	69.6359
7178	68.2269	69.0417
7179	68.2269	68.2269
7180	68.2269	68.2269
7181	68.2269	68.2511
7182	68.2269	68.9351
7183	68.2269	69.6563
7184	68.2269	69.9993
7185	68.2269	68.9897
7186	68.2269	69.5961
7187	68.2269	68.6933
7188	68.2269	69.6747
7189	68.2269	69.2203
7190	68.2269	68.4825
7191	68.2269	68.2269
7192	68.2269	68.2269
7193	68.2269	68.2269
7194	68.2269	68.2739
7195	68.2269	68.2343
7196	68.2269	69.7285
7197	68.2269	70.4394
7198	68.2269	70.0499
7199	68.2269	71.1912
7200	68.2269	70.1557
7201	68.2269	69.7428
7202	68.2269	70.4256
7203	68.2269	69.9283
7204	68.2269	68.919
7205	68.2269	70.2322
7206	68.2269	69.9956
7207	68.2269	72.0131
7208	68.2269	69.8415
7209	68.2269	70.0322
7210	68.2269	69.5047
7211	68.2269	70.3975
7212	68.2269	68.4081
7213	68.2269	68.8289
7214	68.2269	68.8322
7215	68.2269	68.842
7216	68.2269	69.2769
7217	68.2269	68.5041
7218	68.2269	69.8985
7219	68.2269	69.5664
7220	68.2269	70.8492
7221	68.2269	69.9835
7222	68.2269	68.2269
7223	68.2269	68.8246
7224	68.2269	68.6315
7225	68.2269	68.3645
7226	68.2269	68.6186
7227	68.2269	68.2269
7228	68.2269	68.3945
7229	68.2269	68.6795
7230	68.2269	68.7935
7231	68.2269	69.6005
7232	68.2269	70.268
7233	68.2269	69.0355
7234	68.2269	69.5478
7235	68.2269	69.8844
7236	68.2269	71.1499
7237	68.2269	70.169
7238	68.2269	68.2695
7239	68.2269	69.0275
7240	68.2269	68.9375
7241	68.2269	68.9882
7242	68.2269	68.8979
7243	68.2269	69.362
7244	68.2269	68.763
7245	68.2269	68.5753
7246	68.2269	68.8757
7247	68.2269	69.1786
7248	68.2269	68.3878
7249	68.2269	68.5108
7250	68.2269	68.2269
7251	68.037	68.2779
7252	68.037	68.2125
7253	68.037	68.2422
7254	68.037	68.3209
7255	68.037	68.2074
7256	68.037	68.037
7257	68.037	68.0713
7258	68.037	68.1844
7259	68.037	69.2598
7260	68.037	68.037
7261	68.037	68.037
7262	68.037	68.3379
7263	68.037	68.37
7264	68.037	68.0388
7265	68.037	68.2706
7266	68.037	68.0543
7267	68.037	68.6718
7268	68.037	68.7668
7269	68.037	68.8114
7270	68.037	68.9275
7271	68.037	68.63
7272	68.037	68.5782
7273	68.037	68.5975
7274	68.037	68.3321
7275	68.037	68.3962
7276	68.037	68.633
7277	68.037	69.0791
7278	68.037	68.4523
7279	68.037	68.5129
7280	68.037	69.3342
7281	68.037	71.8575
7282	68.037	72.6389
7283	68.037	70.6615
7284	68.037	68.2132
7285	68.037	68.0875
7286	68.037	69.2051
7287	68.037	69.1802
7288	68.037	68.1747
7289	68.037	69.31
7290	68.037	68.9409
7291	68.037	68.6871
7292	68.037	68.5279
7293	68.037	69.379
7294	68.037	69.8828
7295	68.037	69.3172
7296	68.037	68.6016
7297	68.037	70.4461
7298	68.037	69.7577
7299	68.037	70.1741
7300	68.037	71.4319
7301	68.037	70.181
7302	68.037	68.8024
7303	68.037	68.7244
7304	68.037	68.4933
7305	68.037	68.1614
7306	68.037	68.445
7307	68.037	69.2085
7308	68.037	69.6278
7309	68.037	68.1662
7310	68.037	68.3732
7311	68.037	69.4017
7312	68.037	68.1757
7313	68.037	68.4126
7314	68.037	68.6085
7315	68.037	69.3318
7316	68.037	68.7921
7317	68.037	68.0454
7318	68.037	68.0371
7319	68.037	69.6295
7320	68.037	69.4893
7321	68.037	69.7205
7322	68.037	69.4439
7323	68.037	68.81
7324	68.037	68.0487
7325	68.037	68.1014
7326	68.037	69.0217
7327	68.037	68.037
7328	68.037	69.0659
7329	68.037	68.0803
7330	68.037	69.4068
7331	68.037	68.0644
7332	68.037	68.1228
7333	68.037	68.8744
7334	68.037	69.1028
7335	68.037	68.714
7336	68.037	68.1473
7337	68.037	68.6631
7338	68.037	68.7029
7339	68.037	69.5067
7340	68.037	69.0498
7341	68.037	68.2256
7342	68.037	68.3887
7343	68.037	69.6057
7344	68.037	68.687
7345	68.037	68.124
7346	68.037	68.2699
7347	68.037	69.4602
7348	68.037	69.1218
7349	68.037	68.3345
7350	68.037	68.044
7351	68.037	68.1386
7352	68.037	68.0995
7353	68.037	68.5679
7354	68.037	68.5838
7355	68.037	68.7331
7356	68.037	68.6396
7357	68.037	69.4992
7358	68.037	68.217
7359	68.037	68.4315
7360	68.037	68.7757
7361	68.037	68.7101
7362	68.037	68.1105
7363	68.037	68.1792
7364	68.037	68.037
7365	68.037	68.037
7366	68.037	68.8956
7367	68.037	71.9974
7368	68.037	70.3921
7369	68.037	68.5925
7370	68.037	68.2245
7371	68.037	68.037
7372	68.037	68.037
7373	68.037	68.378
7374	68.037	68.791
7375	68.037	69.6106
7376	68.037	70.0071
7377	68.037	68.4053
7378	68.037	68.0757
7379	68.037	68.037
7380	68.037	68.6479
7381	68.037	68.355
7382	68.037	69.491
7383	68.037	68.1373
7384	68.037	69.2002
7385	68.037	70.0706
7386	68.037	69.5035
7387	68.037	68.037
7388	68.037	68.1912
7389	68.037	68.0484
7390	68.037	68.4625
7391	68.037	68.037
7392	68.037	68.037
7393	68.037	68.037
7394	68.037	68.037
7395	68.037	68.5099
7396	68.037	68.2108
7397	68.037	69.0286
7398	68.037	68.6326
7399	68.037	70.0893
7400	68.037	70.4395
7401	68.037	71.1279
7402	68.037	71.1357
7403	68.037	69.9448
7404	68.037	69.0784
7405	68.037	68.6187
7406	68.037	68.7867
7407	68.037	68.1979
7408	68.037	68.5075
7409	68.037	68.4028
7410	68.037	68.517
7411	68.037	68.3884
7412	68.037	69.153
7413	68.037	68.805
7414	68.037	68.5369
7415	68.037	68.173
7416	68.037	69.0593
7417	68.037	68.7389
7418	68.037	68.7006
7419	68.037	68.8177
7420	68.037	68.1227
7421	68.037	68.5416
7422	68.037	68.037
7423	68.037	68.6741
7424	68.037	68.5497
7425	68.037	69.5172
7426	68.037	69.3525
7427	68.037	70.7201
7428	68.037	69.219
7429	68.037	68.6718
7430	68.037	68.2385
7431	68.037	69.5641
7432	68.037	69.1207
7433	68.037	68.2643
7434	68.037	68.0632
7435	68.037	68.037
7436	68.037	68.037
7437	68.037	68.3285
7438	68.037	68.09
7439	68.037	68.9798
7440	68.037	69.1269
7441	68.037	69.0035
7442	68.037	68.6337
7443	68.037	68.1514
7444	68.037	68.4534
7445	68.037	68.6362
7446	68.037	70.5144
7447	68.037	69.081
7448	68.037	68.283
7449	68.037	68.0707
7450	68.037	68.0524
7451	68.037	68.6335
7452	68.037	69.2362
7453	68.037	69.7697
7454	68.037	69.0603
7455	68.037	70.4379
7456	68.037	69.244
7457	68.037	69.2413
7458	68.037	68.0657
7459	68.037	68.9032
7460	68.037	69.3959
7461	68.037	68.8881
7462	68.037	69.6064
7463	68.037	68.4002
7464	68.037	68.7678
7465	68.037	68.7098
7466	68.037	68.9241
7467	68.037	71.3963
7468	68.037	70.1185
7469	68.037	71.7139
7470	68.037	70.2062
7471	68.037	68.9145
7472	68.037	69.0908
7473	68.037	69.0901
7474	68.037	70.5715
7475	68.037	69.6661
7476	68.037	69.0999
7477	68.037	68.5777
7478	68.037	68.9723
7479	68.037	68.2818
7480	68.037	68.8674
7481	68.037	70.2784
7482	68.037	68.4175
7483	68.037	68.2159
7484	68.037	68.293
7485	68.037	68.8378
7486	68.037	69.1588
7487	68.037	68.0816
7488	68.037	68.0555
7489	68.037	68.0591
7490	68.037	68.6194
7491	68.037	68.2779
7492	68.037	68.3098
7493	68.037	68.0923
7494	68.037	68.0448
7495	68.037	68.2568
7496	68.037	68.0628
7497	68.037	68.3627
7498	68.037	68.0689
7499	68.037	68.0477
7500	68.037	68.2505
7501	68.037	68.6038
7502	68.037	68.596
7503	68.037	68.2647
7504	68.037	68.5533
7505	68.037	68.5778
7506	68.037	68.3885
7507	68.037	68.037
7508	68.037	68.3925
7509	68.037	68.6358
7510	68.037	68.9573
7511	68.037	69.1059
7512	68.037	69.269
7513	68.037	68.4935
7514	68.037	68.3757
7515	68.037	68.6506
7516	68.037	70.1342
7517	68.037	69.8983
7518	68.037	69.3911
7519	68.037	68.037
7520	68.037	68.037
7521	68.037	68.0849
7522	68.037	68.0685
7523	68.037	68.037
7524	68.037	68.037
7525	68.037	68.5878
7526	68.037	68.5206
7527	68.037	68.6261
7528	68.037	68.3696
7529	68.037	68.3756
7530	68.037	69.1681
7531	68.037	68.3653
7532	68.037	68.6888
7533	68.037	68.3724
7534	68.037	70.0854
7535	68.037	68.8611
7536	68.037	69.3521
7537	68.037	68.2416
7538	68.037	68.1934
7539	68.037	68.1674
7540	68.037	68.05
7541	68.037	68.037
7542	68.037	68.1907
7543	68.037	68.037
7544	68.037	68.037
7545	68.037	68.1862
7546	68.037	68.4695
7547	68.037	68.4139
7548	68.037	68.7427
7549	68.037	69.556
7550	68.037	68.4477
7551	68.037	69.497
7552	68.037	69.7701
7553	68.037	70.7062
7554	68.037	70.3732
7555	68.037	70.1034
7556	68.037	68.8364
7557	68.037	69.463
7558	68.037	69.7869
7559	68.037	69.7883
7560	68.037	69.8993
7561	68.037	68.2171
7562	68.037	69.348
7563	68.037	69.0643
7564	68.037	69.8499
7565	68.037	69.883
7566	68.037	68.8138
7567	68.037	68.6094
7568	68.037	68.5211
7569	68.037	68.0917
7570	68.037	68.7279
7571	68.037	69.4798
7572	68.037	69.6769
7573	68.037	68.5543
7574	68.037	68.5547
7575	68.037	69.0912
7576	68.037	70.334
7577	68.037	70.1006
7578	68.037	70.0348
7579	68.037	68.2653
7580	68.037	68.2177
7581	68.037	68.0797
7582	68.037	70.6898
7583	68.037	68.9865
7584	68.037	70.0691
7585	68.037	70.2822
7586	68.037	70.2438
7587	68.037	70.8693
7588	68.037	69.2126
7589	68.037	68.806
7590	68.037	68.5585
7591	68.037	69.2151
7592	68.037	69.8819
7593	68.037	68.1847
7594	68.037	68.037
7595	68.037	68.037
7596	68.037	68.037
7597	68.037	68.5531
7598	68.037	68.1308
7599	68.037	68.037
7600	68.037	68.037
7601	68.037	68.037
7602	68.037	68.037
7603	68.037	68.037
7604	68.037	68.037
7605	68.037	68.037
7606	68.037	68.037
7607	68.037	68.3782
7608	68.037	68.1336
7609	68.037	68.0651
7610	68.037	68.1773
7611	68.037	68.037
7612	68.037	68.037
7613	68.037	68.6687
7614	68.037	68.6379
7615	68.037	68.037
7616	68.037	68.2832
7617	68.037	68.037
7618	68.037	68.1409
7619	68.037	68.0573
7620	68.037	68.037
7621	68.037	68.037
7622	68.037	68.1038
7623	68.037	68.037
7624	68.037	68.037
7625	68.037	68.098
7626	68.037	68.037
7627	68.037	68.037
7628	68.037	68.0716
7629	68.037	68.0864
7630	68.037	68.0526
7631	68.037	68.0658
7632	68.037	68.037
7633	68.037	68.037
7634	68.037	68.1533
7635	68.037	68.9822
7636	68.037	68.5991
7637	68.037	68.0388
7638	68.037	68.0776
7639	68.037	68.037
7640	68.037	68.2889
7641	68.037	68.2842
7642	68.037	68.3037
7643	68.037	68.3966
7644	68.037	69.3218
7645	68.037	69.8061
7646	68.037	69.4774
7647	68.037	68.2812
7648	68.037	68.9092
7649	68.037	69.4385
7650	68.037	69.5148
7651	68.037	68.0974
7652	68.037	68.1194
7653	68.037	68.037
7654	68.037	68.3404
7655	68.037	68.8518
7656	68.037	69.6666
7657	68.037	69.4707
7658	68.037	69.0251
7659	68.037	69.4627
7660	68.037	68.6314
7661	68.037	68.8192
7662	68.037	70.4633
7663	68.037	68.037
7664	68.037	68.071
7665	68.037	68.1771
7666	68.037	68.4442
7667	68.037	68.7785
7668	68.037	68.7343
7669	68.037	68.9718
7670	68.037	70.5358
7671	68.037	72.2186
7672	68.037	68.6537
7673	68.037	68.2289
7674	68.037	68.8835
7675	68.037	69.8036
7676	68.037	69.0094
7677	68.037	68.7289
7678	68.037	71.0476
7679	68.037	70.3491
7680	68.037	70.2127
7681	68.037	70.203
7682	68.037	69.8721
7683	68.037	70.4061
7684	68.037	71.4171
7685	68.037	71.2568
7686	68.037	70.7524
7687	68.037	69.6471
7688	68.037	69.2085
7689	68.037	69.1919
7690	68.037	69.5327
7691	68.037	69.6395
7692	68.037	70.4053
7693	68.037	70.8574
7694	68.037	68.5771
7695	68.037	69.7178
7696	68.037	68.6189
7697	68.037	68.2486
7698	68.037	68.7084
7699	68.037	68.0968
7700	68.037	68.1261
7701	68.037	68.0635
7702	68.037	68.037
7703	68.037	68.0722
7704	68.037	69.4588
7705	68.037	69.3739
7706	68.037	71.1287
7707	68.037	69.9822
7708	68.037	70.0872
7709	68.037	68.5669
7710	68.037	68.5
7711	68.037	68.1651
7712	68.037	68.7101
7713	68.037	68.037
7714	68.037	68.8549
7715	68.037	69.1652
7716	68.037	69.1044
7717	68.037	68.8966
7718	68.037	69.1987
7719	68.037	70.4041
7720	68.037	70.1696
7721	68.037	72.1094
7722	68.037	71.4996
7723	68.037	70.2828
7724	68.037	70.3888
7725	68.037	71.0516
7726	68.037	69.2145
7727	68.037	68.6188
7728	68.037	68.339
7729	68.037	68.4914
7730	68.037	68.5697
7731	68.037	69.3239
7732	68.037	69.4852
7733	68.037	69.1472
7734	68.037	68.7658
7735	68.037	68.5569
7736	68.037	68.1309
7737	68.037	68.1255
7738	68.037	69.6047
7739	68.037	68.673
7740	68.037	68.0658
7741	68.037	68.7115
7742	68.037	68.4729
7743	68.037	68.4678
7744	68.037	68.2758
7745	68.037	68.6485
7746	68.037	68.3458
7747	68.037	68.5855
7748	68.037	68.2493
7749	68.037	68.037
7750	68.037	68.037
7751	68.037	68.7133
7752	68.037	68.17
7753	68.037	70.4821
7754	68.037	70.2016
7755	68.037	70.6497
7756	68.037	70.3745
7757	68.037	68.9548
7758	68.037	68.1958
7759	68.037	69.3999
7760	68.037	69.0655
7761	68.037	68.5396
7762	68.037	68.0747
7763	68.037	68.0679
7764	68.037	68.4152
7765	68.037	69.1868
7766	68.037	70.7153
7767	68.037	71.5785
7768	68.037	70.7451
7769	68.037	71.5658
7770	68.037	70.3918
7771	68.037	69.3546
7772	68.037	69.7435
7773	68.037	69.2727
7774	68.037	69.1536
7775	68.037	69.6035
7776	68.037	70.367
7777	68.037	71.095
7778	68.037	69.6755
7779	68.037	70.081
7780	68.037	68.746
7781	68.037	68.9771
7782	68.037	69.3131
7783	68.037	68.3206
7784	68.037	69.0476
7785	68.037	68.5144
7786	68.037	68.1202
7787	68.037	68.6216
7788	68.037	68.2688
7789	68.037	68.7834
7790	68.037	70.5523
7791	68.037	70.1451
7792	68.037	69.3774
7793	68.037	71.0016
7794	68.037	71.8773
7795	68.037	69.9951
7796	68.037	69.8626
7797	68.037	70.5422
7798	68.037	71.2217
7799	68.037	69.8712
7800	68.037	69.4139
7801	68.037	69.2668
7802	68.037	69.7829
7803	68.037	68.6576
7804	68.037	68.0659
7805	68.037	71.1614
7806	68.037	72.4874
7807	68.037	70.9169
7808	68.037	70.3009
7809	68.037	70.7583
7810	68.037	68.8792
7811	68.037	68.6393
7812	68.037	68.3742
7813	68.037	68.1558
7814	68.037	68.4571
7815	68.037	68.8796
7816	68.037	69.2267
7817	68.037	68.8917
7818	68.037	68.1348
7819	68.037	68.2722
7820	68.037	68.037
7821	68.037	68.0497
7822	68.037	68.037
7823	68.037	68.037
7824	68.037	68.4194
7825	68.037	68.037
7826	68.037	68.037
7827	68.037	68.037
7828	68.037	68.037
7829	68.037	68.7537
7830	68.037	68.0455
7831	68.037	68.037
7832	68.037	68.1461
7833	68.037	68.0796
7834	68.037	68.0787
7835	68.037	68.037
7836	68.037	68.0859
7837	68.037	68.1693
7838	68.037	68.0681
7839	68.037	68.037
7840	68.037	68.5354
7841	68.037	68.4841
7842	68.037	68.1547
7843	68.037	68.7505
7844	68.037	68.2348
7845	68.037	68.0713
7846	68.037	68.8898
7847	68.037	68.037
7848	68.037	68.0792
7849	68.037	68.037
7850	68.037	68.0494
7851	68.037	68.1616
7852	68.037	68.2111
7853	68.037	68.037
7854	68.037	68.037
7855	68.037	68.037
7856	68.037	68.037
7857	68.037	68.037
7858	68.037	68.1565
7859	68.037	68.1745
7860	68.037	68.319
7861	68.037	68.555
7862	68.037	68.7708
7863	68.037	68.6043
7864	68.037	68.2577
7865	68.037	68.9802
7866	68.037	68.3844
7867	68.037	68.5545
7868	68.037	68.0621
7869	68.037	68.037
7870	68.037	68.3393
7871	68.037	69.5028
7872	68.037	70.923
7873	68.037	70.5961
7874	68.037	68.0708
7875	68.037	69.1119
7876	68.037	69.2977
7877	68.037	70.238
7878	68.037	70.3481
7879	68.037	70.0348
7880	68.037	68.5658
7881	68.037	68.6307
7882	68.037	70.2559
7883	68.037	69.723
7884	68.037	69.5942
7885	68.037	68.037
7886	68.037	68.1552
7887	68.037	68.4509
7888	68.037	68.2092
7889	68.037	68.0455
7890	68.037	68.5783
7891	68.037	68.037
7892	68.037	68.037
7893	68.037	68.6505
7894	68.037	68.0884
7895	68.037	68.037
7896	68.037	68.298
7897	68.037	68.4836
7898	68.037	68.0563
7899	68.037	68.3193
7900	68.037	68.7356
7901	68.037	68.7819
7902	68.037	68.7187
7903	68.037	70.1217
7904	68.037	69.3522
7905	68.037	69.5254
7906	68.037	68.7937
7907	68.037	68.037
7908	68.037	68.037
7909	68.037	68.059
7910	68.037	68.1896
7911	68.037	68.1872
7912	68.037	68.5265
7913	68.037	68.2902
7914	68.037	68.6054
7915	68.037	69.3506
7916	68.037	69.0329
7917	68.037	68.8127
7918	68.037	68.6966
7919	68.037	68.6946
7920	68.037	68.6298
7921	68.037	68.3454
7922	68.037	68.3721
7923	68.037	68.0611
7924	68.037	68.037
7925	68.037	68.2387
7926	68.037	68.7753
7927	68.037	68.1922
7928	68.037	68.0532
7929	68.037	68.4995
7930	68.037	68.8102
7931	68.037	68.0861
7932	68.037	68.0706
7933	68.037	68.9943
7934	68.037	68.0636
7935	68.037	68.037
7936	68.037	68.037
7937	68.037	69.3402
7938	68.037	68.2968
7939	68.037	68.0873
7940	68.037	68.037
7941	68.037	68.037
7942	68.037	68.6845
7943	68.037	70.9954
7944	68.037	69.5903
7945	68.037	69.7933
7946	68.037	70.5176
7947	68.037	70.61
7948	68.037	68.2376
7949	68.037	68.298
7950	68.037	69.048
7951	68.037	69.1135
7952	68.037	68.5683
7953	68.037	68.9729
7954	68.037	68.7621
7955	68.037	69.7889
7956	68.037	70.0236
7957	68.037	68.4774
7958	68.037	68.0516
7959	68.037	68.037
7960	68.037	68.037
7961	68.037	68.0826
7962	68.037	68.037
7963	68.037	68.6606
7964	68.037	68.418
7965	68.037	69.6238
7966	68.037	68.789
7967	68.037	70.7998
7968	68.037	68.3833
7969	68.037	68.3891
7970	68.037	68.1419
7971	68.037	68.2939
7972	68.037	68.037
7973	68.037	68.037
7974	68.037	68.037
7975	68.037	68.6891
7976	68.037	68.3833
7977	68.037	68.4166
7978	68.037	68.7336
7979	68.037	69.2715
7980	68.037	68.4047
7981	68.037	68.3679
7982	68.037	68.037
7983	68.037	68.037
7984	68.037	68.3436
7985	68.037	68.103
7986	68.037	68.037
7987	68.037	68.5357
7988	68.037	69.3078
7989	68.037	70.5657
7990	68.037	69.5913
7991	68.037	71.4369
7992	68.037	70.258
7993	68.037	70.9541
7994	68.037	70.1537
7995	68.037	69.0213
7996	68.037	68.2236
7997	68.037	68.2235
7998	68.037	68.2457
7999	68.037	68.5102
8000	68.037	68.2705
8001	68.037	68.0531
8002	68.037	68.037
8003	68.037	68.037
8004	68.037	68.037
8005	68.037	68.0634
8006	68.037	68.237
8007	68.037	68.1874
8008	68.037	68.5707
8009	68.037	68.1387
8010	68.037	68.0767
8011	68.037	68.0512
8012	68.037	68.0474
8013	68.037	68.0471
8014	68.037	69.2451
8015	68.037	68.3351
8016	68.037	68.0597
8017	68.037	68.267
8018	68.037	68.8562
8019	68.037	68.927
8020	68.037	68.4548
8021	68.037	68.1509
8022	68.037	68.037
8023	68.037	68.037
8024	68.037	68.037
8025	68.037	68.037
8026	68.037	68.1974
8027	68.037	68.5555
8028	68.037	69.4533
8029	68.037	69.674
8030	68.037	70.2982
8031	68.037	69.6803
8032	68.037	69.0976
8033	68.037	70.5896
8034	68.037	69.58
8035	68.037	68.2366
8036	68.037	68.0926
8037	68.037	68.037
8038	68.037	68.2794
8039	68.037	68.4255
8040	68.037	68.3328
8041	68.037	69.2072
8042	68.037	69.7629
8043	68.037	69.1557
8044	68.037	69.8382
8045	68.037	68.1838
8046	68.037	69.292
8047	68.037	68.7581
8048	68.037	68.5147
8049	68.037	68.5786
8050	68.037	68.633
8051	68.037	68.6201
8052	68.037	68.037
8053	68.037	68.2665
8054	68.037	68.037
8055	68.037	68.037
8056	68.037	68.037
8057	68.037	68.037
8058	68.037	68.4525
8059	68.037	68.7053
8060	68.037	68.7744
8061	68.037	69.9745
8062	68.037	69.0467
8063	68.037	68.325
8064	68.037	70.093
8065	68.037	69.788
8066	68.037	68.2016
8067	68.037	69.0571
8068	68.037	68.7128
8069	68.037	70.4613
8070	68.037	68.2795
8071	68.037	68.3037
8072	68.037	68.3392
8073	68.037	68.0654
8074	68.037	68.0888
8075	68.037	68.5712
8076	68.037	69.7653
8077	68.037	68.9965
8078	68.037	68.2756
8079	68.037	68.037
8080	68.037	68.2431
8081	68.037	68.5233
8082	68.037	68.2592
8083	68.037	68.037
8084	68.037	68.037
8085	68.037	68.037
8086	68.037	68.0525
8087	68.037	68.037
8088	68.037	68.037
8089	68.037	68.037
8090	68.037	68.0886
8091	68.037	68.47
8092	68.037	68.8255
8093	68.037	68.093
8094	68.037	68.037
8095	68.037	68.0567
8096	68.037	68.5447
8097	68.037	68.037
8098	68.037	68.0615
8099	68.037	68.1579
8100	68.037	68.2361
8101	68.037	68.7001
8102	68.037	68.4239
8103	68.037	68.0635
8104	68.037	68.485
8105	68.037	68.3981
8106	68.037	68.5997
8107	68.037	69.404
8108	68.037	68.3385
8109	68.037	68.066
8110	68.037	68.7545
8111	68.037	68.2861
8112	68.037	68.3613
8113	68.037	68.6508
8114	68.037	70.5789
8115	68.037	69.0998
8116	68.037	69.2349
8117	68.037	68.9241
8118	68.037	69.1059
8119	68.037	69.3732
8120	68.037	69.2608
8121	68.037	68.4351
8122	68.037	69.0021
8123	68.037	68.1839
8124	68.037	69.0073
8125	68.037	68.7055
8126	68.037	69.5809
8127	68.037	69.1931
8128	68.037	68.1609
8129	68.037	68.0875
8130	68.037	68.2007
8131	68.037	68.0643
8132	68.037	68.1537
8133	68.037	68.4009
8134	68.037	68.8365
8135	68.037	68.956
8136	68.037	68.8922
8137	68.037	68.6695
8138	68.037	69.7886
8139	68.037	69.6489
8140	68.037	69.2054
8141	68.037	69.489
8142	68.037	68.6375
8143	68.037	68.4527
8144	68.037	68.5193
8145	68.037	68.1339
8146	68.037	68.1045
8147	68.037	68.0383
8148	68.037	68.037
8149	68.037	68.037
8150	68.037	68.037
8151	68.037	68.1559
8152	68.037	68.3554
8153	68.037	68.7252
8154	68.037	68.1451
8155	68.037	68.037
8156	68.037	68.0564
8157	68.037	68.0952
8158	68.037	68.9066
8159	68.037	68.5706
8160	68.037	68.5469
8161	68.037	68.2614
8162	68.037	68.037
8163	68.037	68.8574
8164	68.037	68.8517
8165	68.037	68.3002
8166	68.037	68.5462
8167	68.037	69.6006
8168	68.037	69.401
8169	68.037	68.0385
8170	68.037	68.5855
8171	68.037	68.5774
8172	68.037	68.2226
8173	68.037	68.7159
8174	68.037	68.3681
8175	68.037	68.0892
8176	68.037	68.7438
8177	68.037	68.037
8178	68.037	68.037
8179	68.037	68.037
8180	68.037	68.4402
8181	68.037	68.7112
8182	68.037	69.948
8183	68.037	70.2188
8184	68.037	70.3683
8185	68.037	69.7337
8186	68.037	69.3509
8187	68.037	69.182
8188	68.037	69.6625
8189	68.037	70.4414
8190	68.037	70.1943
8191	68.037	69.2392
8192	68.037	68.3514
8193	68.037	68.5967
8194	68.037	68.2197
8195	68.037	68.2148
8196	68.037	68.6541
8197	68.037	68.4857
8198	68.037	68.8118
8199	68.037	68.1747
8200	68.037	68.3832
8201	68.037	68.037
8202	68.037	68.2389
8203	68.037	68.4002
8204	68.037	69.6601
8205	68.037	68.1758
8206	68.037	68.1102
8207	68.037	68.0785
8208	68.037	69.2606
8209	68.037	68.2695
8210	68.037	69.0036
8211	68.037	68.0681
8212	68.037	68.7628
8213	68.037	68.037
8214	68.037	68.2857
8215	68.037	68.0506
8216	68.037	68.037
8217	68.037	68.037
8218	68.037	68.2121
8219	68.037	68.311
8220	68.037	68.4517
8221	68.037	68.1532
8222	68.037	68.037
8223	68.037	69.4849
8224	68.037	68.7783
8225	68.037	68.3959
8226	68.037	69.6824
8227	68.037	68.5236
8228	68.037	68.2981
8229	68.037	68.6018
8230	68.037	69.9649
8231	68.037	68.2259
8232	68.037	68.037
8233	68.037	68.1196
8234	68.037	69.188
8235	68.037	69.6947
8236	68.037	68.4655
8237	68.037	68.0926
8238	68.037	68.0538
8239	68.037	68.037
8240	68.037	68.0974
8241	68.037	68.1125
8242	68.037	68.2779
8243	68.037	69.0855
8244	68.037	69.696
8245	68.037	69.1614
8246	68.037	68.1297
8247	68.037	68.037
8248	68.037	68.7817
8249	68.037	68.7041
8250	68.037	68.3196
8251	68.037	68.0497
8252	68.037	68.1154
8253	68.037	68.2589
8254	68.037	68.0388
8255	68.037	68.4569
8256	68.037	68.6158
8257	68.037	68.4856
8258	68.037	68.342
8259	68.037	68.7362
8260	68.037	68.9924
8261	68.037	68.955
8262	68.037	69.0822
8263	68.037	68.8229
8264	68.037	68.2283
8265	68.037	68.1565
8266	68.037	68.1524
8267	68.037	69.5023
8268	68.037	69.1428
8269	68.037	69.4635
8270	68.037	70.0029
8271	68.037	70.392
8272	68.037	69.8264
8273	68.037	70.117
8274	68.037	70.531
8275	68.037	70.7556
8276	68.037	71.8536
8277	68.037	69.1507
8278	68.037	69.4095
8279	68.037	70.1454
8280	68.037	70.1402
8281	68.037	71.0777
8282	68.037	70.257
8283	68.037	68.0937
8284	68.037	68.4408
8285	68.037	68.0822
8286	68.037	68.037
8287	68.037	68.037
8288	68.037	68.0596
8289	68.037	68.1539
8290	68.037	68.1554
8291	68.037	69.3233
8292	68.037	68.954
8293	68.037	69.5155
8294	68.037	68.8813
8295	68.037	69.5675
8296	68.037	70.234
8297	68.037	69.7498
8298	68.037	70.2578
8299	68.037	69.1361
8300	68.037	69.2845
8301	68.037	71.3546
8302	68.037	69.76
8303	68.037	70.6208
8304	68.037	71.4699
8305	68.037	71.1462
8306	68.037	68.9639
8307	68.037	68.4024
8308	68.037	68.0568
8309	68.037	68.053
8310	68.037	68.037
8311	68.037	68.253
8312	68.037	68.2065
8313	68.037	68.037
8314	68.037	68.0689
8315	68.037	68.6209
8316	68.037	68.2733
8317	68.037	68.0554
8318	68.037	68.037
8319	68.037	68.7383
8320	68.037	68.6486
8321	68.037	68.9467
8322	68.037	68.4869
8323	68.037	69.5053
8324	68.037	70.5324
8325	68.037	69.9624
8326	68.037	70.8254
8327	68.037	68.5435
8328	68.037	68.037
8329	68.037	68.4319
8330	68.037	68.3488
8331	68.037	68.8442
8332	68.037	68.5098
8333	68.037	68.3595
8334	68.037	68.0889
8335	68.037	68.5487
8336	68.037	68.2928
8337	68.037	68.037
8338	68.037	68.8873
8339	68.037	69.6086
8340	68.037	69.2525
8341	68.037	68.589
8342	68.037	70.4732
8343	68.037	71.1571
8344	68.037	69.8607
8345	68.037	70.5237
8346	68.037	68.3616
8347	68.037	68.145
8348	68.037	68.7456
8349	68.037	68.2984
8350	68.037	68.1344
8351	68.037	68.037
8352	68.037	68.082
8353	68.037	68.2869
8354	68.037	68.0532
8355	68.037	68.037
8356	68.037	68.037
8357	68.037	68.1051
8358	68.037	68.037
8359	68.037	68.037
8360	68.037	68.037
8361	68.037	68.889
8362	68.037	68.6464
8363	68.037	69.8815
8364	68.037	69.5898
8365	68.037	68.9237
8366	68.037	69.5005
8367	68.037	68.8055
8368	68.037	68.2259
8369	68.037	68.2433
8370	68.037	68.037
8371	68.037	68.2808
8372	68.037	68.7512
8373	68.037	69.1882
8374	68.037	68.9729
8375	68.037	68.2571
8376	68.037	68.0948
8377	68.037	68.0654
8378	68.037	68.0873
8379	68.037	69.214
8380	68.037	68.4113
8381	68.037	68.037
8382	68.037	68.0444
8383	68.037	68.7781
8384	68.037	68.2637
8385	68.037	68.6686
8386	68.037	68.2462
8387	68.037	69.0673
8388	68.037	69.8671
8389	68.037	69.8655
8390	68.037	69.109
8391	68.037	68.1499
8392	68.037	68.037
8393	68.037	68.037
8394	68.037	68.0602
8395	68.037	68.8061
8396	68.037	69.3552
8397	68.037	68.1711
8398	68.037	68.0476
8399	68.037	68.037
8400	68.037	68.037
8401	68.037	68.037
8402	68.037	68.155
8403	68.037	68.8721
8404	68.037	68.303
8405	68.037	68.6981
8406	68.037	69.7331
8407	68.037	69.5232
8408	68.037	69.0276
8409	68.037	69.538
8410	68.037	69.7824
8411	68.037	70.7133
8412	68.037	70.34
8413	68.037	70.6086
8414	68.037	70.1474
8415	68.037	70.5624
8416	68.037	69.2225
8417	68.037	69.2533
8418	68.037	68.8886
8419	68.037	69.0673
8420	68.037	68.6627
8421	68.037	68.4447
8422	68.037	69.2382
8423	68.037	68.2056
8424	68.037	68.8434
8425	68.037	68.3008
8426	68.037	68.2999
8427	68.037	68.4721
8428	68.037	68.976
8429	68.037	71.3711
8430	68.037	69.5655
8431	68.037	69.8247
8432	68.037	69.9012
8433	68.037	68.554
8434	68.037	68.1748
8435	68.037	68.2911
8436	68.037	68.0497
8437	68.037	68.178
8438	68.037	68.7806
8439	68.037	68.5361
8440	68.037	68.164
8441	68.037	68.0984
8442	68.037	68.4915
8443	68.037	68.642
8444	68.037	69.3525
8445	68.037	69.2266
8446	68.037	68.3276
8447	68.037	68.9361
8448	68.037	69.2702
8449	68.037	69.3135
8450	68.037	69.1909
8451	68.037	68.0513
8452	68.037	68.0577
8453	68.037	68.2652
8454	68.037	69.0455
8455	68.037	69.6207
8456	68.037	70.131
8457	68.037	70.4152
8458	68.037	69.5094
8459	68.037	68.9296
8460	68.037	69.8541
8461	68.037	68.6958
8462	68.037	69.9493
8463	68.037	68.4694
8464	68.037	68.4752
8465	68.037	68.628
8466	68.037	68.1827
8467	68.037	68.8311
8468	68.037	69.4339
8469	68.037	68.8833
8470	68.037	69.3006
8471	68.037	68.978
8472	68.037	68.1994
8473	68.037	68.5241
8474	68.037	70.3501
8475	68.037	68.874
8476	68.037	69.2282
8477	68.037	68.4941
8478	68.037	68.3799
8479	68.037	68.037
8480	68.037	68.4339
8481	68.037	68.4277
8482	68.037	68.037
8483	68.037	68.207
8484	68.037	68.1034
8485	68.037	68.1044
8486	68.037	68.0911
8487	68.037	68.5386
8488	68.037	68.2066
8489	68.037	69.0663
8490	68.037	68.0382
8491	68.037	68.384
8492	68.037	68.3568
8493	68.037	68.2483
8494	68.037	68.5709
8495	68.037	68.037
8496	68.037	68.037
8497	68.037	68.037
8498	68.037	68.037
8499	68.037	68.037
8500	68.037	68.2734
8501	68.037	68.4594
8502	68.037	68.6867
8503	68.037	69.4179
8504	68.037	69.7449
8505	68.037	69.4175
8506	68.037	68.4514
8507	68.037	68.0382
8508	68.037	68.3082
8509	68.037	68.1307
8510	68.037	68.7394
8511	68.037	69.2406
8512	68.037	69.8768
8513	68.037	70.9455
8514	68.037	70.2212
8515	68.037	68.7799
8516	68.037	68.5863
8517	68.037	69.4286
8518	68.037	69.564
8519	68.037	69.8907
8520	68.037	69.208
8521	68.037	68.8232
8522	68.037	68.565
8523	68.037	68.1502
8524	68.037	68.5893
8525	68.037	68.4459
8526	68.037	68.0497
8527	68.037	68.037
8528	68.037	68.1875
8529	68.037	68.1925
8530	68.037	68.037
8531	68.037	68.107
8532	68.037	68.1721
8533	68.037	68.3825
8534	68.037	68.1326
8535	68.037	69.155
8536	68.037	68.707
8537	68.037	68.5298
8538	68.037	68.3209
8539	68.037	68.7675
8540	68.037	68.0845
8541	68.037	68.2345
8542	68.037	69.488
8543	68.037	69.1236
8544	68.037	68.4978
8545	68.037	68.711
8546	68.037	68.6026
8547	68.037	68.7999
8548	68.037	68.7466
8549	68.037	69.3137
8550	68.037	68.9062
8551	68.037	68.4498
8552	68.037	68.037
8553	68.037	68.037
8554	68.037	68.6585
8555	68.037	68.7698
8556	68.037	69.0736
8557	68.037	68.6415
8558	68.037	68.3093
8559	68.037	68.037
8560	68.037	68.2167
8561	68.037	68.037
8562	68.037	68.037
8563	68.037	68.0746
8564	68.037	68.037
8565	68.037	68.1047
8566	68.037	68.1038
8567	68.037	68.2885
8568	68.037	68.2039
8569	68.037	68.1237
8570	68.037	68.037
8571	68.037	68.9539
8572	68.037	69.1965
8573	68.037	69.9361
8574	68.037	69.885
8575	68.037	71.5068
8576	68.037	70.782
8577	68.037	68.895
8578	68.037	68.261
8579	68.037	68.2922
8580	68.037	69.0249
8581	68.037	68.8179
8582	68.037	68.037
8583	68.037	68.362
8584	68.037	69.02
8585	68.037	68.3793
8586	68.037	68.2935
8587	68.037	68.5643
8588	68.037	68.7033
8589	68.037	68.4727
8590	68.037	68.2472
8591	68.037	68.037
8592	68.037	69.4164
8593	68.037	69.371
8594	68.037	68.6703
8595	68.037	68.7461
8596	68.037	68.5898
8597	68.037	68.037
8598	68.037	68.1007
8599	68.037	68.0609
8600	68.037	68.037
8601	68.037	68.3832
8602	68.037	68.7845
8603	68.037	68.6102
8604	68.037	68.9167
8605	68.037	68.5609
8606	68.037	68.3816
8607	68.037	68.037
8608	68.037	68.1852
8609	68.037	68.3478
8610	68.037	68.3491
8611	68.037	68.1285
8612	68.037	68.0854
8613	68.037	68.2012
8614	68.037	69.5986
8615	68.037	69.0925
8616	68.037	68.919
8617	68.037	69.1983
8618	68.037	69.9823
8619	68.037	68.1704
8620	68.037	68.037
8621	68.037	68.037
8622	68.037	68.5171
8623	68.037	68.1312
8624	68.037	68.78
8625	68.037	68.3305
8626	68.037	69.2224
8627	68.037	68.7856
8628	68.037	68.5276
8629	68.037	68.4753
8630	68.037	68.037
8631	68.037	68.037
8632	68.037	68.243
8633	68.037	68.066
8634	68.037	68.037
8635	68.037	68.2095
8636	68.037	69.7157
8637	68.037	69.2172
8638	68.037	68.6314
8639	68.037	69.5629
8640	68.037	68.515
8641	68.037	68.6728
8642	68.037	69.726
8643	68.037	69.2348
8644	68.037	69.6254
8645	68.037	70.2159
8646	68.037	69.6681
8647	68.037	69.3396
8648	68.037	68.2027
8649	68.037	68.8013
8650	68.037	68.0436
8651	68.037	68.1545
8652	68.037	68.037
8653	68.037	68.04
8654	68.037	68.037
8655	68.037	68.037
8656	68.037	68.037
8657	68.037	68.0998
8658	68.037	68.2489
8659	68.037	68.037
8660	68.037	68.4941
8661	68.037	68.1965
8662	68.037	68.8501
8663	68.037	68.7299
8664	68.037	68.1751
8665	68.037	68.6999
8666	68.037	68.3983
8667	68.037	70.1397
8668	68.037	69.1175
8669	68.037	70.1675
8670	68.037	69.6533
8671	68.037	69.5575
8672	68.037	68.0589
8673	68.037	68.2292
8674	68.037	68.7529
8675	68.037	69.5368
8676	68.037	69.2957
8677	68.037	68.8621
8678	68.037	68.1837
8679	68.037	69.5579
8680	68.037	70.9588
8681	68.037	70.8062
8682	68.037	69.3098
8683	68.037	68.7231
8684	68.037	69.8518
8685	68.037	68.884
8686	68.037	68.7706
8687	68.037	69.3296
8688	68.037	68.1309
8689	68.037	69.1043
8690	68.037	68.037
8691	68.037	68.037
8692	68.037	68.037
8693	68.037	68.1474
8694	68.037	68.037
8695	68.037	68.037
8696	68.037	68.1229
8697	68.037	68.1261
8698	68.037	68.8011
8699	68.037	68.4435
8700	68.037	68.5023
8701	68.037	68.037
8702	68.037	68.037
8703	68.037	68.8422
8704	68.037	68.7901
8705	68.037	69.4103
8706	68.037	69.37
8707	68.037	69.8442
8708	68.037	69.3723
8709	68.037	68.4185
8710	68.037	68.4539
8711	68.037	70.5166
8712	68.037	70.6346
8713	68.037	69.229
8714	68.037	68.3081
8715	68.037	68.0855
8716	68.037	68.9794
8717	68.037	68.3861
8718	68.037	68.3428
8719	68.037	68.9421
8720	68.037	69.5246
8721	68.037	69.2792
8722	68.037	69.6425
8723	68.037	68.8124
8724	68.037	69.1465
8725	68.037	68.8161
8726	68.037	69.2371
8727	68.037	70.6715
8728	68.037	69.4144
8729	68.037	68.6171
8730	68.037	68.8493
8731	68.037	68.9337
8732	68.037	68.1114
8733	68.037	68.417
8734	68.037	68.1268
8735	68.037	68.2099
8736	68.037	68.3787
8737	68.037	68.1913
8738	68.037	68.8369
8739	68.037	70.201
8740	68.037	68.0713
8741	68.037	68.1058
8742	68.037	68.8195
8743	68.037	68.241
8744	68.037	69.0287
8745	68.037	68.0946
8746	68.037	68.702
8747	68.037	68.037
8748	68.037	68.1704
8749	68.037	68.1539
8750	68.037	68.777
8751	68.037	68.079
8752	68.037	68.1114
8753	68.037	68.1257
8754	68.037	68.1934
8755	68.037	68.0521
8756	68.037	68.037
8757	68.037	68.13
8758	68.037	68.3654
8759	68.037	68.8357
8760	68.037	68.1182
8761	68.037	68.7468
8762	68.037	70.4318
8763	68.037	69.0079
8764	68.037	68.8293
8765	68.037	68.2834
8766	68.037	68.7747
8767	68.037	69.4261
8768	68.037	68.9857
8769	68.037	68.5574
8770	68.037	69.0711
8771	68.037	69.6694
8772	68.037	68.9494
8773	68.037	69.9911
8774	68.037	68.6023
8775	68.037	69.1539
8776	68.037	69.9972
8777	68.037	70.0786
8778	68.037	69.171
8779	68.037	68.6609
8780	68.037	68.2549
8781	68.037	68.0774
8782	68.037	68.2069
8783	68.037	68.0541
8784	68.037	68.037
8785	68.037	68.037
8786	68.037	68.1009
8787	68.037	68.0436
8788	68.037	68.037
8789	68.037	68.037
8790	68.037	68.0436
8791	68.037	68.0436
8792	68.037	68.6015
8793	68.037	68.0899
8794	68.037	68.0998
8795	68.037	68.4506
8796	68.037	68.0689
8797	68.037	68.258
8798	68.037	68.2273
8799	68.037	68.2167
8800	68.037	68.0374
8801	68.037	68.1891
8802	68.037	68.6882
8803	68.037	68.0541
8804	68.037	68.8663
8805	68.037	68.7446
8806	68.037	68.2424
8807	68.037	68.037
8808	68.037	68.3192
8809	68.037	68.037
8810	68.037	69.1828
8811	68.037	68.8617
8812	68.037	69.6657
8813	68.037	68.1538
8814	68.037	68.3989
8815	68.037	68.1529
8816	68.037	68.5729
8817	68.037	68.4589
8818	68.037	68.8542
8819	68.037	68.4425
8820	68.037	68.2415
8821	68.037	68.4497
8822	68.037	68.1133
8823	68.037	68.1584
8824	68.037	69.1163
8825	68.037	68.5627
8826	68.037	69.7547
8827	68.037	69.4841
8828	68.037	69.3192
8829	68.037	68.4867
8830	68.037	69.8425
8831	68.037	68.484
8832	68.037	68.392
8833	68.037	68.5271
8834	68.037	68.0496
8835	68.037	68.037
8836	68.037	68.15
8837	68.037	69.5882
8838	68.037	69.3604
8839	68.037	69.0178
8840	68.037	68.7087
8841	68.037	68.8335
8842	68.037	69.4869
8843	68.037	69.703
8844	68.037	71.0238
8845	68.037	69.7896
8846	68.037	68.7498
8847	68.037	69.1011
8848	68.037	68.037
8849	68.037	68.6442
8850	68.037	68.037
8851	68.037	68.037
8852	68.037	68.0789
8853	68.037	68.3008
8854	68.037	68.3287
8855	68.037	68.5712
8856	68.037	68.5827
8857	68.037	68.2396
8858	68.037	68.2095
8859	68.037	68.0461
8860	68.037	68.52
8861	68.037	68.037
8862	68.037	68.037
8863	68.037	68.037
8864	68.037	69.2934
8865	68.037	68.7031
8866	68.037	69.8184
8867	68.037	69.0671
8868	68.037	68.3567
8869	68.037	68.6682
8870	68.037	68.2206
8871	68.037	68.231
8872	68.037	68.7794
8873	68.037	69.0225
8874	68.037	68.397
8875	68.037	68.0459
8876	68.037	68.2634
8877	68.037	68.3237
8878	68.037	68.1096
8879	68.037	68.1033
8880	68.037	68.1269
8881	68.037	68.0984
8882	68.037	68.6864
8883	68.037	69.4915
8884	68.037	69.2681
8885	68.037	68.52
8886	68.037	68.9667
8887	68.037	68.1268
8888	68.037	68.164
8889	68.037	68.5853
8890	68.037	68.3378
8891	68.037	68.2733
8892	68.037	69.5554
8893	68.037	69.1483
8894	68.037	68.2549
8895	68.037	70.266
8896	68.037	68.5066
8897	68.037	68.8106
8898	68.037	68.9288
8899	68.037	69.9606
8900	68.037	68.6094
8901	68.037	68.0749
8902	68.037	68.0521
8903	68.037	68.037
8904	68.037	68.037
8905	68.037	68.037
8906	68.037	68.037
8907	68.037	68.4006
8908	68.037	68.6577
8909	68.037	69.9709
8910	68.037	69.3873
8911	68.037	68.9991
8912	68.037	68.7824
8913	68.037	68.1184
8914	68.037	69.4667
8915	68.037	69.0615
8916	68.037	68.7795
8917	68.037	68.2716
8918	68.037	68.54
8919	68.037	68.9508
8920	68.037	68.4324
8921	68.037	68.1755
8922	68.037	69.1204
8923	68.037	68.5648
8924	68.037	70.2195
8925	68.037	68.7477
8926	68.037	68.8349
8927	68.037	69.0013
8928	68.037	68.662
8929	68.037	68.0829
8930	68.037	68.5061
8931	68.037	68.7183
8932	68.037	68.5269
8933	68.037	68.8952
8934	68.037	68.037
8935	68.037	68.0497
8936	68.037	68.1541
8937	68.037	68.1111
8938	68.037	68.7741
8939	68.037	69.913
8940	68.037	70.3998
8941	68.037	69.0429
8942	68.037	68.0714
8943	68.037	68.2194
8944	68.037	68.1228
8945	68.037	68.0865
8946	68.037	68.0557
8947	68.037	68.037
8948	68.037	68.037
8949	68.037	68.0403
8950	68.037	68.9204
8951	68.037	69.4225
8952	68.037	69.1904
8953	68.037	68.1743
8954	68.037	68.3894
8955	68.037	69.0469
8956	68.037	68.0932
8957	68.037	68.1135
8958	68.037	68.6586
8959	68.037	68.9817
8960	68.037	69.5981
8961	68.037	68.7408
8962	68.037	68.2051
8963	68.037	68.037
8964	68.037	68.037
8965	68.037	68.037
8966	68.037	68.4696
8967	68.037	69.8791
8968	68.037	69.1775
8969	68.037	68.664
8970	68.037	68.9382
8971	68.037	69.5672
8972	68.037	68.6048
8973	68.037	68.1464
8974	68.037	68.037
8975	68.037	68.037
8976	68.037	68.037
8977	68.037	68.037
8978	68.037	68.037
8979	68.037	68.0416
8980	68.037	68.037
8981	68.037	68.3264
8982	68.037	68.037
8983	68.037	68.037
8984	68.037	68.037
8985	68.037	68.037
8986	68.037	68.037
8987	68.037	68.0558
8988	68.037	68.1415
8989	68.037	68.037
8990	68.037	68.1412
8991	68.037	68.037
8992	68.037	68.037
8993	68.037	69.2316
8994	68.037	69.4879
8995	68.037	69.7773
8996	68.037	68.9812
8997	68.037	70.7223
8998	68.037	70.3833
8999	68.037	68.7287
9000	68.037	69.0745
9001	68.037	68.8354
9002	68.037	69.0678
9003	68.037	69.62
9004	68.037	69.7969
9005	68.037	69.1525
9006	68.037	70.7484
9007	68.037	70.5337
9008	68.037	69.2302
9009	68.037	68.8269
9010	68.037	70.9863
9011	68.037	68.4272
9012	68.037	68.4795
9013	68.037	68.037
9014	68.037	68.037
9015	68.037	68.0874
9016	68.037	68.7442
9017	68.037	68.0546
9018	68.037	68.037
9019	68.037	69.469
9020	68.037	68.8113
9021	68.037	69.9179
9022	68.037	70.8059
9023	68.037	70.2388
9024	68.037	69.5976
9025	68.037	69.6788
9026	68.037	68.4921
9027	68.037	68.3289
9028	68.037	69.0213
9029	68.037	68.8804
9030	68.037	69.5146
9031	68.037	69.374
9032	68.037	69.0898
9033	68.037	68.2852
9034	68.037	68.7713
9035	68.037	68.6319
9036	68.037	69.5009
9037	68.037	70.7411
9038	68.037	71.0644
9039	68.037	68.6352
9040	68.037	68.6697
9041	68.037	68.1751
9042	68.037	68.175
9043	68.037	68.1754
9044	68.037	68.1215
9045	68.037	68.037
9046	68.037	68.037
9047	68.037	68.037
9048	68.037	68.037
9049	68.037	68.037
9050	68.037	68.1016
9051	68.037	69.3009
9052	68.037	69.9291
9053	68.037	70.0796
9054	68.037	70.7778
9055	68.037	70.1407
9056	68.037	70.4734
9057	68.037	72.8045
9058	68.037	71.4197
9059	68.037	70.9187
9060	68.037	69.3456
9061	68.037	69.4542
9062	68.037	68.7342
9063	68.037	68.0529
9064	68.037	68.037
9065	68.037	68.037
9066	68.037	68.037
9067	68.037	68.037
9068	68.037	68.391
9069	68.037	68.2495
9070	68.037	68.3303
9071	68.037	68.3255
9072	68.037	68.1525
9073	68.037	68.159
9074	68.037	68.2022
9075	68.037	68.2639
9076	68.037	68.037
9077	68.037	68.1996
9078	68.037	68.2783
9079	68.037	68.5686
9080	68.037	68.3876
9081	68.037	68.187
9082	68.037	68.452
9083	68.037	68.037
9084	68.037	69.0988
9085	68.037	69.4635
9086	68.037	70.2543
9087	68.037	69.6634
9088	68.037	70.6303
9089	68.037	69.7229
9090	68.037	69.8872
9091	68.037	69.5717
9092	68.037	68.9275
9093	68.037	69.4487
9094	68.037	68.4775
9095	68.037	68.4736
9096	68.037	69.6333
9097	68.037	68.5017
9098	68.037	68.3434
9099	68.037	68.0573
9100	68.037	69.3201
9101	68.037	70.916
9102	68.037	70.3034
9103	68.037	69.8439
9104	68.037	70.0687
9105	68.037	69.2512
9106	68.037	70.973
9107	68.037	69.6732
9108	68.037	68.2798
9109	68.037	69.0545
9110	68.037	71.6143
9111	68.037	72.1252
9112	68.037	70.0645
9113	68.037	69.1649
9114	68.037	69.3728
9115	68.037	69.7658
9116	68.037	70.1585
9117	68.037	69.7474
9118	68.037	70.9204
9119	68.037	71.9702
9120	68.037	69.3146
9121	68.037	68.764
9122	68.037	69.6473
9123	68.037	69.3726
9124	68.037	68.0816
9125	68.037	68.0919
9126	68.037	68.0711
9127	68.037	68.8287
9128	68.037	68.3658
9129	68.037	68.3795
9130	68.037	68.119
9131	68.037	69.0839
9132	68.037	68.0992
9133	68.037	68.037
9134	68.037	68.037
9135	68.037	68.037
9136	68.037	68.037
9137	68.037	68.1152
9138	68.037	68.0525
9139	68.037	68.1132
9140	68.037	68.037
9141	68.037	68.037
9142	68.037	68.037
9143	68.037	68.531
9144	68.037	70.0152
9145	68.037	69.1498
9146	68.037	69.7787
9147	68.037	68.8674
9148	68.037	69.8707
9149	68.037	69.4619
9150	68.037	69.6977
9151	68.037	68.3087
9152	68.037	68.1256
9153	68.037	68.5262
9154	68.037	69.1212
9155	68.037	70.8812
9156	68.037	70.2602
9157	68.037	70.2859
9158	68.037	68.867
9159	68.037	68.2852
9160	68.037	68.8285
9161	68.037	68.6632
9162	68.037	68.1217
9163	68.037	68.6181
9164	68.037	68.278
9165	68.037	68.8459
9166	68.037	68.037
9167	68.037	69.0443
9168	68.037	68.037
9169	68.037	68.1471
9170	68.037	68.3824
9171	68.037	69.0422
9172	68.037	71.3584
9173	68.037	71.2506
9174	68.037	69.9393
9175	68.037	68.5973
9176	68.037	68.0671
9177	68.037	68.4179
9178	68.037	68.7673
9179	68.037	68.037
9180	68.037	68.037
9181	68.037	68.037
9182	68.037	68.2446
9183	68.037	68.3478
9184	68.037	68.037
9185	68.037	68.0663
9186	68.037	68.161
9187	68.037	68.2255
9188	68.037	68.9754
9189	68.037	68.1553
9190	68.037	68.3373
9191	68.037	69.2458
9192	68.037	69.3211
9193	68.037	68.037
9194	68.037	68.5545
9195	68.037	68.6493
9196	68.037	68.0558
9197	68.037	68.308
9198	68.037	68.7826
9199	68.037	68.0939
9200	68.037	69.0841
9201	68.037	68.6511
9202	68.037	68.5518
9203	68.037	68.4176
9204	68.037	68.4352
9205	68.037	68.5206
9206	68.037	68.407
9207	68.037	68.0526
9208	68.037	68.1855
9209	68.037	70.2553
9210	68.037	68.1261
9211	68.037	68.4684
9212	68.037	70.1608
9213	68.037	69.118
9214	68.037	69.4425
9215	68.037	68.8644
9216	68.037	68.4183
9217	68.037	68.8761
9218	68.037	68.274
9219	68.037	68.0701
9220	68.037	68.7648
9221	68.037	69.0405
9222	68.037	69.0584
9223	68.037	68.3307
9224	68.037	68.4989
9225	68.037	68.0732
9226	68.037	68.1819
9227	68.037	68.037
9228	68.037	68.0861
9229	68.037	68.0521
9230	68.037	68.037
9231	68.037	68.037
9232	68.037	68.2145
9233	68.037	68.037
9234	68.037	68.037
9235	68.037	68.505
9236	68.037	68.5552
9237	68.037	68.703
9238	68.037	68.037
9239	68.037	68.1899
9240	68.037	68.2809
9241	68.037	69.4987
9242	68.037	69.0926
9243	68.037	69.0218
9244	68.037	68.6523
9245	68.037	69.2206
9246	68.037	68.4931
9247	68.037	69.8415
9248	68.037	71.2753
9249	68.037	70.0745
9250	68.037	68.8705
9251	68.037	69.4408
9252	68.037	69.2979
9253	68.037	68.5682
9254	68.037	70.0721
9255	68.037	68.8999
9256	68.037	69.0355
9257	68.037	69.065
9258	68.037	68.3306
9259	68.037	69.1961
9260	68.037	68.2039
9261	68.037	68.0619
9262	68.037	68.037
9263	68.037	68.037
9264	68.037	68.0517
9265	68.037	68.1038
9266	68.037	68.3579
9267	68.037	68.1976
9268	68.037	68.1831
9269	68.037	68.1717
9270	68.037	68.037
9271	68.037	68.1653
9272	68.037	69.5777
9273	68.037	70.6064
9274	68.037	70.6265
9275	68.037	71.3186
9276	68.037	70.1536
9277	68.037	69.5525
9278	68.037	69.2724
9279	68.037	69.8199
9280	68.037	69.6955
9281	68.037	68.037
9282	68.037	68.5278
9283	68.037	68.7325
9284	68.037	68.2319
9285	68.037	68.6437
9286	68.037	68.3619
9287	68.037	68.4943
9288	68.037	68.1556
9289	68.037	68.2759
9290	68.037	68.2081
9291	68.037	68.2743
9292	68.037	68.3177
9293	68.037	68.6083
9294	68.037	68.037
9295	68.037	68.3323
9296	68.037	68.1525
9297	68.037	68.0434
9298	68.037	68.175
9299	68.037	68.2777
9300	68.037	68.97
9301	68.037	68.6774
9302	68.037	68.0922
9303	68.037	68.9135
9304	68.037	70.3775
9305	68.037	71.9337
9306	68.037	70.0469
9307	68.037	69.5336
9308	68.037	69.1084
9309	68.037	69.1402
9310	68.037	68.7252
9311	68.037	68.037
9312	68.037	68.9043
9313	68.037	68.5624
9314	68.037	69.1237
9315	68.037	69.1871
9316	68.037	69.7483
9317	68.037	70.1755
9318	68.037	68.0696
9319	68.037	68.037
9320	68.037	68.962
9321	68.037	68.9756
9322	68.037	69.6282
9323	68.037	68.4916
9324	68.037	68.9361
9325	68.037	68.431
9326	68.037	68.5379
9327	68.037	68.2207
9328	68.037	68.7292
9329	68.037	68.3541
9330	68.037	69.4072
9331	68.037	68.0491
9332	68.037	68.3078
9333	68.037	68.4752
9334	68.037	69.4258
9335	68.037	68.2629
9336	68.037	68.075
9337	68.037	68.037
9338	68.037	68.4892
9339	68.037	68.6468
9340	68.037	68.9606
9341	68.037	69.5989
9342	68.037	68.1579
9343	68.037	68.6812
9344	68.037	68.2241
9345	68.037	68.0535
9346	68.037	68.1362
9347	68.037	68.037
9348	68.037	68.198
9349	68.037	69.0998
9350	68.037	70.0802
9351	68.037	69.9943
9352	68.037	68.7483
9353	68.037	69.2665
9354	68.037	68.065
9355	68.037	68.4479
9356	68.037	69.6291
9357	68.037	70.5188
9358	68.037	68.687
9359	68.037	68.3198
9360	68.037	69.2588
9361	68.037	68.1262
9362	68.037	68.037
9363	68.037	68.5353
9364	68.037	68.037
9365	68.037	68.037
9366	68.037	68.3829
9367	68.037	68.1772
9368	68.037	68.6575
9369	68.037	70.2449
9370	68.037	70.2055
9371	68.037	69.5715
9372	68.037	68.596
9373	68.037	69.5182
9374	68.037	70.8478
9375	68.037	70.9739
9376	68.037	69.2122
9377	68.037	68.1611
9378	68.037	68.414
9379	68.037	68.037
9380	68.037	68.0404
9381	68.037	68.037
9382	68.037	68.037
9383	68.037	68.037
9384	68.037	68.037
9385	68.037	68.4799
9386	68.037	68.7227
9387	68.037	68.4543
9388	68.037	68.037
9389	68.037	69.313
9390	68.037	68.1035
9391	68.037	68.037
9392	68.037	69.3985
9393	68.037	70.0644
9394	68.037	70.4689
9395	68.037	68.705
9396	68.037	69.7071
9397	68.037	70.5304
9398	68.037	69.9509
9399	68.037	70.1553
9400	68.037	70.5979
9401	68.037	70.7268
9402	68.037	68.7704
9403	68.037	68.633
9404	68.037	68.2686
9405	68.037	68.0473
9406	68.037	68.0761
9407	68.037	68.1711
9408	68.037	68.2772
9409	68.037	68.0799
9410	68.037	69.1141
9411	68.037	68.7812
9412	68.037	68.037
9413	68.037	68.0727
9414	68.037	68.498
9415	68.037	68.7968
9416	68.037	69.1676
9417	68.037	68.6666
9418	68.037	69.022
9419	68.037	68.1182
9420	68.037	68.5596
9421	68.037	68.2962
9422	68.037	68.2631
9423	68.037	68.1018
9424	68.037	68.6005
9425	68.037	69.2781
9426	68.037	69.4916
9427	68.037	68.3409
9428	68.037	68.0918
9429	68.037	68.037
9430	68.037	68.0534
9431	68.037	68.437
9432	68.037	68.1338
9433	68.037	68.25
9434	68.037	69.2063
9435	68.037	68.9777
9436	68.037	69.0436
9437	68.037	69.7972
9438	68.037	68.9145
9439	68.037	69.1874
9440	68.037	69.4554
9441	68.037	69.0033
9442	68.037	70.8083
9443	68.037	69.8946
9444	68.037	69.1537
9445	68.037	69.8092
9446	68.037	70.1013
9447	68.037	69.0254
9448	68.037	69.7975
9449	68.037	69.8096
9450	68.037	69.9778
9451	68.037	68.7349
9452	68.037	68.4499
9453	68.037	69.3715
9454	68.037	68.6039
9455	68.037	68.181
9456	68.037	68.2052
9457	68.037	68.037
9458	68.037	69.0572
9459	68.037	68.9865
9460	68.037	69.3101
9461	68.037	68.9546
9462	68.037	70.0048
9463	68.037	68.6176
9464	68.037	68.4873
9465	68.037	68.0497
9466	68.037	68.2692
9467	68.037	68.7779
9468	68.037	68.0858
9469	68.037	68.4256
9470	68.037	69.3107
9471	68.037	70.7025
9472	68.037	68.4808
9473	68.037	68.0554
9474	68.037	68.2142
9475	68.037	68.7779
9476	68.037	68.873
9477	68.037	68.4168
9478	68.037	68.4536
9479	68.037	68.7796
9480	68.037	70.1131
9481	68.037	69.5646
9482	68.037	68.9153
9483	68.037	68.97
9484	68.037	68.6091
9485	68.037	69.4353
9486	68.037	69.3283
9487	68.037	70.1664
9488	68.037	69.4784
9489	68.037	68.037
9490	68.037	68.1447
9491	68.037	68.037
9492	68.037	68.037
9493	68.037	68.7231
9494	68.037	68.1307
9495	68.037	69.173
9496	68.037	69.0199
9497	68.037	68.1973
9498	68.037	68.0628
9499	68.037	68.037
9500	68.037	68.037
9501	68.037	68.037
9502	68.037	69.3868
9503	68.037	68.9533
9504	68.037	68.9807
9505	68.037	68.9993
9506	68.037	68.4655
9507	68.037	68.958
9508	68.037	68.3683
9509	68.037	68.0787
9510	68.037	68.402
9511	68.037	68.037
9512	68.037	68.0781
9513	68.037	68.3552
9514	68.037	68.037
9515	68.037	68.9164
9516	68.037	69.1681
9517	68.037	71.0907
9518	68.037	71.8858
9519	68.037	70.5922
9520	68.037	68.9761
9521	68.037	68.399
9522	68.037	68.1717
9523	68.037	69.3802
9524	68.037	68.9306
9525	68.037	68.2335
9526	68.037	68.3064
9527	68.037	68.5238
9528	68.037	68.5676
9529	68.037	68.0872
9530	68.037	69.2643
9531	68.037	68.441
9532	68.037	68.4924
9533	68.037	68.5346
9534	68.037	69.0451
9535	68.037	68.5852
9536	68.037	69.635
9537	68.037	69.9357
9538	68.037	69.6798
9539	68.037	68.5515
9540	68.037	69.7281
9541	68.037	70.9918
9542	68.037	68.767
9543	68.037	68.8972
9544	68.037	68.037
9545	68.037	68.037
9546	68.037	68.037
9547	68.037	68.037
9548	68.037	68.1222
9549	68.037	69.1332
9550	68.037	68.2897
9551	68.037	68.037
9552	68.037	68.037
9553	68.037	68.3908
9554	68.037	68.037
9555	68.037	68.1593
9556	68.037	68.5554
9557	68.037	68.5027
9558	68.037	69.9776
9559	68.037	69.6889
9560	68.037	68.6163
9561	68.037	68.0985
9562	68.037	68.2557
9563	68.037	68.525
9564	68.037	68.1875
9565	68.037	68.1215
9566	68.037	68.045
9567	68.037	68.0929
9568	68.037	68.2559
9569	68.037	68.2046
9570	68.037	68.5517
9571	68.037	68.9283
9572	68.037	68.037
9573	68.037	70.5805
9574	68.037	70.0857
9575	68.037	69.6331
9576	68.037	70.2204
9577	68.037	69.1344
9578	68.037	68.169
9579	68.037	68.037
9580	68.037	68.2943
9581	68.037	68.571
9582	68.037	68.4698
9583	68.037	69.3024
9584	68.037	68.9214
9585	68.037	70.0451
9586	68.037	70.5057
9587	68.037	70.0268
9588	68.037	68.8333
9589	68.037	69.7985
9590	68.037	68.144
9591	68.037	68.706
9592	68.037	68.2678
9593	68.037	68.2885
9594	68.037	69.538
9595	68.037	68.5309
9596	68.037	68.9042
9597	68.037	70.0282
9598	68.037	69.3104
9599	68.037	69.0189
9600	68.037	68.6852
9601	68.037	68.7398
9602	68.037	69.2011
9603	68.037	68.999
9604	68.037	68.2491
9605	68.037	68.037
9606	68.037	68.037
9607	68.037	68.151
9608	68.037	69.8358
9609	68.037	68.2549
9610	68.037	68.6518
9611	68.037	68.0595
9612	68.037	68.037
9613	68.037	68.0416
9614	68.037	68.0457
9615	68.037	68.6904
9616	68.037	68.3018
9617	68.037	68.0542
9618	68.037	68.066
9619	68.037	68.1216
9620	68.037	68.1655
9621	68.037	68.7393
9622	68.037	68.3338
9623	68.037	68.8553
9624	68.037	68.3838
9625	68.037	68.0527
9626	68.037	68.3478
9627	68.037	69.5122
9628	68.037	69.0343
9629	68.037	68.1643
9630	68.037	68.0686
9631	68.037	68.8225
9632	68.037	68.2192
9633	68.037	68.0436
9634	68.037	68.3251
9635	68.037	69.101
9636	68.037	68.4779
9637	68.037	68.0639
9638	68.037	68.1966
9639	68.037	68.3176
9640	68.037	69.3459
9641	68.037	68.7209
9642	68.037	68.3901
9643	68.037	68.0847
9644	68.037	68.037
9645	68.037	68.0895
9646	68.037	69.394
9647	68.037	69.2752
9648	68.037	68.567
9649	68.037	68.4185
9650	68.037	69.2962
9651	68.037	68.7987
9652	68.037	69.2977
9653	68.037	68.2096
9654	68.037	69.3018
9655	68.037	68.5712
9656	68.037	68.037
9657	68.037	68.4288
9658	68.037	68.1278
9659	68.037	68.5625
9660	68.037	70.3462
9661	68.037	69.3442
9662	68.037	69.3504
9663	68.037	69.0203
9664	68.037	68.9718
9665	68.037	68.6111
9666	68.037	68.0461
9667	68.037	68.037
9668	68.037	68.6612
9669	68.037	68.2179
9670	68.037	68.0761
9671	68.037	68.3703
9672	68.037	68.037
9673	68.037	68.0755
9674	68.037	68.1198
9675	68.037	68.2567
9676	68.037	68.4873
9677	68.037	69.5583
9678	68.037	68.7571
9679	68.037	68.2605
9680	68.037	68.0822
9681	68.037	68.0466
9682	68.037	68.0513
9683	68.037	68.82
9684	68.037	68.8179
9685	68.037	69.3494
9686	68.037	68.5273
9687	68.037	68.7555
9688	68.037	69.1979
9689	68.037	71.0509
9690	68.037	69.791
9691	68.037	68.9375
9692	68.037	68.5738
9693	68.037	68.4547
9694	68.037	68.2719
9695	68.037	68.063
9696	68.037	68.037
9697	68.037	68.037
9698	68.037	68.0504
9699	68.037	68.6022
9700	68.037	68.5619
9701	68.037	68.6151
9702	68.037	68.7768
9703	68.037	68.2725
9704	68.037	68.1583
9705	68.037	68.6562
9706	68.037	68.037
9707	68.037	68.4811
9708	68.037	69.2257
9709	68.037	69.2049
9710	68.037	68.7857
9711	68.037	70.0092
9712	68.037	70.6916
9713	68.037	69.7595
9714	68.037	69.429
9715	68.037	68.5611
9716	68.037	68.8979
9717	68.037	68.3134
9718	68.037	68.9293
9719	68.037	70.5495
9720	68.037	69.3051
9721	68.037	68.5588
9722	68.037	68.7079
9723	68.037	68.5808
9724	68.037	68.4568
9725	68.037	68.3834
9726	68.037	68.8552
9727	68.037	68.0847
9728	68.037	68.0763
9729	68.037	68.1501
9730	68.037	68.6924
9731	68.037	68.6854
9732	68.037	69.0379
9733	68.037	68.5258
9734	68.037	70.0731
9735	68.037	70.9186
9736	68.037	69.9003
9737	68.037	71.3862
9738	68.037	70.595
9739	68.037	68.9857
9740	68.037	68.2928
9741	68.037	68.037
9742	68.037	68.037
9743	68.037	68.4869
9744	68.037	68.877
9745	68.037	68.6056
9746	68.037	69.89
9747	68.037	68.1017
9748	68.037	68.7853
9749	68.037	69.5793
9750	68.037	70.2493
9751	68.037	69.1005
9752	68.037	68.2136
9753	68.037	68.037
9754	68.037	68.0536
9755	68.037	68.3201
9756	68.037	68.9639
9757	68.037	69.2314
9758	68.037	68.6573
9759	68.037	68.087
9760	68.037	68.037
9761	68.037	68.2912
9762	68.037	69.0816
9763	68.037	68.087
9764	68.037	68.4522
9765	68.037	68.3255
9766	68.037	68.0603
9767	68.037	68.5212
9768	68.037	68.7769
9769	68.037	68.6217
9770	68.037	68.1253
9771	68.037	68.135
9772	68.037	68.6675
9773	68.037	68.2486
9774	68.037	68.053
9775	68.037	68.1632
9776	68.037	68.037
9777	68.037	68.037
9778	68.037	68.2608
9779	68.037	68.5103
9780	68.037	68.3555
9781	68.037	68.2007
9782	68.037	68.4675
9783	68.037	69.042
9784	68.037	68.9137
9785	68.037	68.7523
9786	68.037	68.5056
9787	68.037	68.0403
9788	68.037	69.2929
9789	68.037	69.1026
9790	68.037	68.6664
9791	68.037	68.652
9792	68.037	68.5519
9793	68.037	68.6975
9794	68.037	68.037
9795	68.037	68.0735
9796	68.037	68.0735
9797	68.037	68.124
9798	68.037	69.0765
9799	68.037	68.6047
9800	68.037	68.1018
9801	68.037	68.074
9802	68.037	68.1565
9803	68.037	68.7978
9804	68.037	68.6728
9805	68.037	68.0673
9806	68.037	68.037
9807	68.037	68.2371
9808	68.037	68.7065
9809	68.037	69.5117
9810	68.037	68.5331
9811	68.037	68.4242
9812	68.037	68.3332
9813	68.037	68.3057
9814	68.037	68.0535
9815	68.037	69.0444
9816	68.037	69.523
9817	68.037	68.639
9818	68.037	68.4739
9819	68.037	69.4432
9820	68.037	68.037
9821	68.037	68.037
9822	68.037	68.037
9823	68.037	68.037
9824	68.037	69.3967
9825	68.037	68.3059
9826	68.037	68.5742
9827	68.037	68.5404
9828	68.037	68.6194
9829	68.037	69.1532
9830	68.037	68.6821
9831	68.037	69.295
9832	68.037	69.6278
9833	68.037	70.0079
9834	68.037	71.0532
9835	68.037	70.7862
9836	68.037	71.8929
9837	68.037	71.1574
9838	68.037	69.1862
9839	68.037	69.2739
9840	68.037	68.831
9841	68.037	68.6495
9842	68.037	69.9904
9843	68.037	69.1643
9844	68.037	69.2136
9845	68.037	69.5364
9846	68.037	69.7374
9847	68.037	70.3979
9848	68.037	69.7431
9849	68.037	69.4239
9850	68.037	69.0774
9851	68.037	69.0504
9852	68.037	68.6316
9853	68.037	69.0374
9854	68.037	69.4843
9855	68.037	68.9216
9856	68.037	68.1813
9857	68.037	68.3379
9858	68.037	68.5803
9859	68.037	68.7855
9860	68.037	68.51
9861	68.037	68.037
9862	68.037	68.4202
9863	68.037	68.12
9864	68.037	68.081
9865	68.037	68.037
9866	68.037	68.037
9867	68.037	68.3575
9868	68.037	68.3578
9869	68.037	68.037
9870	68.037	68.1297
9871	68.037	68.3792
9872	68.037	68.037
9873	68.037	69.674
9874	68.037	68.8532
9875	68.037	70.3544
9876	68.037	69.4133
9877	68.037	68.1576
9878	68.037	68.7256
9879	68.037	68.4417
9880	68.037	68.5725
9881	68.037	68.5496
9882	68.037	68.4974
9883	68.037	69.3225
9884	68.037	68.4849
9885	68.037	68.5495
9886	68.037	68.0658
9887	68.037	68.037
9888	68.037	68.037
9889	68.037	68.1331
9890	68.037	68.7831
9891	68.037	68.1327
9892	68.037	69.08
9893	68.037	68.6961
9894	68.037	68.5569
9895	68.037	68.2235
9896	68.037	68.0891
9897	68.037	68.1634
9898	68.037	68.5816
9899	68.037	68.5287
9900	68.037	68.625
9901	68.037	68.18
9902	68.037	68.037
9903	68.037	68.037
9904	68.037	68.037
9905	68.037	68.2727
9906	68.037	68.0432
9907	68.037	68.4154
9908	68.037	68.1814
9909	68.037	68.3437
9910	68.037	70.4758
9911	68.037	68.7892
9912	68.037	69.3329
9913	68.037	68.5127
9914	68.037	68.0374
9915	68.037	68.037
9916	68.037	68.037
9917	68.037	69.7237
9918	68.037	69.3777
9919	68.037	70.3167
9920	68.037	68.7542
9921	68.037	68.037
9922	68.037	68.4351
9923	68.037	68.4562
9924	68.037	68.6741
9925	68.037	69.0371
9926	68.037	69.0676
9927	68.037	69.4797
9928	68.037	69.1962
9929	68.037	68.0598
9930	68.037	68.4545
9931	68.037	68.0761
9932	68.037	68.3545
9933	68.037	68.3824
9934	68.037	69.348
9935	68.037	68.8866
9936	68.037	68.1374
9937	68.037	69.1052
9938	68.037	68.7477
9939	68.037	69.192
9940	68.037	68.4987
9941	68.037	68.4785
9942	68.037	68.8323
9943	68.037	68.3122
9944	68.037	68.5864
9945	68.037	69.1316
9946	68.037	70.1776
9947	68.037	69.2144
9948	68.037	68.9773
9949	68.037	68.2182
9950	68.037	69.5403
9951	68.037	68.7925
9952	68.037	69.8064
9953	68.037	68.9215
9954	68.037	69.4968
9955	68.037	69.2779
9956	68.037	69.3563
9957	68.037	70.6394
9958	68.037	68.644
9959	68.037	68.1365
9960	68.037	68.1089
9961	68.037	68.037
9962	68.037	68.037
9963	68.037	68.1054
9964	68.037	68.3351
9965	68.037	68.8659
9966	68.037	68.7748
9967	68.037	68.3661
9968	68.037	68.4448
9969	68.037	68.3862
9970	68.037	68.5422
9971	68.037	68.406
9972	68.037	68.0525
9973	68.037	68.5067
9974	68.037	68.037
9975	68.037	68.037
9976	68.037	68.037
9977	68.037	68.1824
9978	68.037	68.8109
9979	68.037	69.7941
9980	68.037	69.9279
9981	68.037	69.0431
9982	68.037	69.0155
9983	68.037	69.5347
9984	68.037	69.018
9985	68.037	68.7442
9986	68.037	68.2407
9987	68.037	68.563
9988	68.037	68.6452
9989	68.037	68.4914
9990	68.037	68.1542
9991	68.037	68.064
9992	68.037	68.0471
9993	68.037	68.3984
9994	68.037	68.2438
9995	68.037	68.8522
9996	68.037	69.4113
9997	68.037	69.0424
9998	68.037	68.9056
9999	68.037	70.0313
